# vtk DataFile Version 3.0
SHAPE_sfm_50k_v20200323
ASCII
DATASET POLYDATA
POINTS 5265 float
0.3096 0.30467 -0.16772
0.30663 0.30581 -0.16951
0.30776 0.3068 -0.16755
0.30857 0.30374 -0.16963
0.30532 0.30444 -0.17092
0.30756 0.30283 -0.17152
0.30421 0.30323 -0.17255
0.30655 0.30183 -0.1734
0.30318 0.30211 -0.1743
0.3055 0.30066 -0.17514
0.30211 0.30106 -0.17607
0.30439 0.29949 -0.1768
0.30095 0.30011 -0.17789
0.30319 0.29839 -0.17849
0.29971 0.29893 -0.17954
0.30191 0.29714 -0.18003
0.2984 0.2976 -0.18095
0.30057 0.29581 -0.18142
0.29713 0.29627 -0.18239
0.29922 0.29439 -0.18268
0.29581 0.2949 -0.18376
0.29788 0.29304 -0.18399
0.2945 0.29351 -0.18509
0.29669 0.29186 -0.1856
0.29326 0.2922 -0.18655
0.29542 0.2905 -0.18701
0.29203 0.29099 -0.18809
0.29422 0.28937 -0.18862
0.29075 0.28989 -0.1897
0.29297 0.28842 -0.19035
0.28945 0.28861 -0.1912
0.29166 0.28723 -0.19192
0.28811 0.28712 -0.19241
0.29031 0.28579 -0.19317
0.28681 0.28568 -0.19369
0.28899 0.28437 -0.19446
0.28549 0.28426 -0.19499
0.28767 0.28302 -0.19584
0.28424 0.28286 -0.19636
0.28638 0.28149 -0.19703
0.28301 0.2815 -0.19779
0.28511 0.28005 -0.19832
0.28183 0.28027 -0.19933
0.28387 0.27874 -0.19976
0.28064 0.27927 -0.20109
0.28265 0.27766 -0.20139
0.27935 0.27795 -0.20254
0.28146 0.27668 -0.20317
0.27809 0.27668 -0.20404
0.28017 0.2754 -0.20465
0.27683 0.27537 -0.20549
0.27889 0.27406 -0.20605
0.27562 0.2742 -0.20709
0.27765 0.27284 -0.20758
0.2745 0.27311 -0.20882
0.2765 0.27174 -0.20927
0.27336 0.27197 -0.2105
0.27538 0.27071 -0.21105
0.2722 0.27077 -0.21214
0.2742 0.26948 -0.21264
0.27103 0.2696 -0.21376
0.27298 0.26822 -0.21416
0.26991 0.26849 -0.21546
0.27187 0.26718 -0.21592
0.26889 0.26758 -0.21734
0.27073 0.26606 -0.2176
0.26794 0.26672 -0.21927
0.26971 0.26513 -0.21946
0.26877 0.26436 -0.22147
0.26708 0.26599 -0.2214
0.26583 0.26458 -0.2229
0.26765 0.26316 -0.22316
0.26462 0.26309 -0.22422
0.26652 0.26184 -0.22469
0.26362 0.26195 -0.22593
0.26563 0.26099 -0.22663
0.26282 0.26131 -0.22801
0.26483 0.26037 -0.22879
0.26192 0.2604 -0.23004
0.26381 0.25912 -0.23053
0.26088 0.25906 -0.23164
0.26283 0.25792 -0.23222
0.26003 0.2581 -0.23356
0.26198 0.25694 -0.23413
0.25925 0.25726 -0.23559
0.26122 0.25614 -0.23618
0.25845 0.25626 -0.23755
0.26035 0.25508 -0.23808
0.25772 0.25534 -0.23954
0.25952 0.25401 -0.23997
0.25701 0.25447 -0.24156
0.25884 0.25321 -0.24201
0.25836 0.25295 -0.24425
0.25646 0.25408 -0.24377
0.25814 0.25317 -0.24654
0.25602 0.25372 -0.24602
0.258 0.254 -0.24874
0.25579 0.25323 -0.24831
0.25783 0.25431 -0.25107
0.25583 0.25314 -0.25065
0.25765 0.25451 -0.25339
0.25569 0.25339 -0.25299
0.25758 0.25472 -0.25572
0.25556 0.25377 -0.25528
0.25736 0.25495 -0.2581
0.25524 0.25423 -0.25756
0.25739 0.25517 -0.26071
0.25508 0.25471 -0.25998
0.30536 0.30857 -0.16751
0.3041 0.30726 -0.16919
0.30285 0.30586 -0.17061
0.30171 0.30449 -0.17208
0.30066 0.30333 -0.17379
0.29953 0.30214 -0.17545
0.29834 0.30109 -0.17717
0.29713 0.30005 -0.17889
0.29591 0.29904 -0.18061
0.29472 0.2979 -0.18229
0.29347 0.2966 -0.18384
0.29218 0.29516 -0.18521
0.29083 0.2936 -0.18633
0.28954 0.29218 -0.18764
0.28827 0.29104 -0.18922
0.28706 0.28994 -0.19093
0.28575 0.28848 -0.19228
0.28441 0.28684 -0.1933
0.28311 0.28537 -0.19455
0.28189 0.28408 -0.19606
0.28068 0.28272 -0.19752
0.27946 0.28138 -0.19899
0.27825 0.28026 -0.20063
0.27706 0.27909 -0.20228
0.27581 0.27779 -0.20377
0.27461 0.27658 -0.20537
0.27348 0.27554 -0.20712
0.27237 0.27441 -0.20884
0.27127 0.27327 -0.21057
0.27015 0.27212 -0.21227
0.26899 0.27095 -0.21393
0.2679 0.26985 -0.21567
0.26681 0.26883 -0.21743
0.26598 0.26814 -0.21951
0.26497 0.26715 -0.22145
0.26379 0.26577 -0.223
0.26264 0.26433 -0.22442
0.26154 0.263 -0.22594
0.26069 0.26219 -0.22795
0.2598 0.26133 -0.22997
0.25883 0.26017 -0.23177
0.2579 0.25905 -0.23356
0.25709 0.25813 -0.23554
0.25632 0.25717 -0.23753
0.25556 0.25618 -0.2395
0.25492 0.25543 -0.2416
0.25436 0.25499 -0.24382
0.25385 0.25441 -0.24603
0.2535 0.25351 -0.24817
0.25355 0.25235 -0.25033
0.25362 0.25228 -0.25282
0.25351 0.25276 -0.25518
0.25314 0.25342 -0.2574
0.25293 0.25383 -0.25971
0.30156 0.30832 -0.16833
0.30275 0.30961 -0.16667
0.3004 0.30721 -0.17006
0.29928 0.3059 -0.17165
0.29817 0.30459 -0.17325
0.29706 0.30345 -0.17496
0.29588 0.30244 -0.17672
0.29465 0.30135 -0.17842
0.29332 0.3001 -0.17992
0.29211 0.29894 -0.18155
0.29091 0.29784 -0.18326
0.28967 0.29648 -0.18477
0.28837 0.29494 -0.18602
0.28708 0.29345 -0.18728
0.28579 0.29218 -0.18876
0.28455 0.29095 -0.19033
0.28327 0.28951 -0.19171
0.28197 0.28787 -0.19279
0.28067 0.2863 -0.19395
0.27946 0.285 -0.19548
0.27827 0.2837 -0.19702
0.27709 0.28244 -0.19861
0.27594 0.28141 -0.20037
0.27484 0.28045 -0.20224
0.27362 0.27916 -0.2038
0.27242 0.27789 -0.20535
0.27137 0.27693 -0.2072
0.27033 0.27588 -0.20902
0.26928 0.27477 -0.21082
0.26818 0.2736 -0.21255
0.26702 0.2724 -0.21419
0.26593 0.27129 -0.21595
0.26477 0.27014 -0.21762
0.26382 0.26926 -0.21957
0.26289 0.26836 -0.22156
0.26184 0.26712 -0.22332
0.26068 0.26562 -0.22471
0.25974 0.26444 -0.22647
0.25887 0.26358 -0.2285
0.25774 0.26241 -0.23021
0.25677 0.26125 -0.23201
0.25585 0.26012 -0.23383
0.25492 0.25897 -0.23563
0.25424 0.25817 -0.23773
0.25346 0.25713 -0.23968
0.25277 0.25624 -0.24173
0.25222 0.25582 -0.24398
0.25172 0.25524 -0.2462
0.25129 0.25417 -0.24826
0.25117 0.25286 -0.2503
0.25115 0.25208 -0.25268
0.25115 0.25211 -0.25518
0.2509 0.25285 -0.25743
0.25077 0.25314 -0.25972
0.29905 0.30952 -0.16795
0.30019 0.3106 -0.16617
0.29789 0.30847 -0.16974
0.29675 0.30718 -0.17137
0.29565 0.30589 -0.17301
0.29453 0.30475 -0.17472
0.29334 0.30372 -0.17647
0.29208 0.30256 -0.17811
0.29073 0.30119 -0.17952
0.28945 0.29975 -0.18088
0.28824 0.29849 -0.18246
0.28702 0.29727 -0.18408
0.28581 0.29605 -0.1857
0.28456 0.29465 -0.18712
0.28325 0.29328 -0.18852
0.282 0.29189 -0.18996
0.28073 0.29034 -0.19121
0.27945 0.28873 -0.19237
0.27819 0.28725 -0.19369
0.27699 0.28591 -0.19519
0.27583 0.28469 -0.19683
0.27472 0.28358 -0.19857
0.27358 0.28252 -0.20034
0.27246 0.28142 -0.20212
0.27125 0.28011 -0.20366
0.27014 0.27902 -0.20541
0.26909 0.27805 -0.20728
0.26808 0.27703 -0.20915
0.26705 0.27594 -0.21098
0.26601 0.27483 -0.21277
0.26496 0.27372 -0.21457
0.26389 0.27261 -0.21636
0.26279 0.27151 -0.21811
0.26179 0.27052 -0.21998
0.26086 0.2696 -0.22197
0.25977 0.26828 -0.22365
0.25874 0.26693 -0.22526
0.25787 0.26582 -0.22712
0.25678 0.26469 -0.2289
0.25566 0.26348 -0.2306
0.25466 0.26227 -0.23234
0.25366 0.26098 -0.23403
0.25283 0.25994 -0.23595
0.25207 0.25897 -0.23794
0.2514 0.2581 -0.24002
0.25081 0.25736 -0.24216
0.25025 0.25689 -0.24441
0.24956 0.25593 -0.24647
0.24904 0.25471 -0.24844
0.24894 0.2536 -0.25058
0.24893 0.25308 -0.25296
0.24877 0.25281 -0.25536
0.2486 0.25324 -0.25768
0.24851 0.25304 -0.25999
0.29774 0.31197 -0.16606
0.29658 0.31086 -0.16782
0.2954 0.30979 -0.16959
0.29422 0.30846 -0.17119
0.29308 0.30709 -0.17273
0.29193 0.30587 -0.17438
0.2907 0.30475 -0.17605
0.28946 0.3037 -0.17778
0.28817 0.30249 -0.17937
0.28692 0.30109 -0.18082
0.2857 0.29974 -0.18232
0.28447 0.29846 -0.18388
0.28327 0.29726 -0.18553
0.28204 0.29585 -0.18699
0.28074 0.29443 -0.18836
0.2795 0.29301 -0.1898
0.27825 0.29145 -0.19107
0.27703 0.28993 -0.1924
0.27581 0.28844 -0.19376
0.27458 0.28699 -0.19515
0.27339 0.28566 -0.19668
0.27228 0.28454 -0.19843
0.27125 0.28369 -0.20041
0.27008 0.2824 -0.20204
0.26901 0.28129 -0.20382
0.26793 0.28027 -0.20563
0.26686 0.27926 -0.20747
0.26583 0.27816 -0.2093
0.26481 0.27702 -0.21109
0.26383 0.27601 -0.21298
0.26286 0.27502 -0.21491
0.26178 0.27385 -0.21668
0.26073 0.27279 -0.2185
0.25971 0.27176 -0.22034
0.25874 0.27075 -0.22226
0.25772 0.26948 -0.22402
0.2567 0.26812 -0.22566
0.25572 0.26684 -0.22736
0.2547 0.26578 -0.22921
0.25356 0.26452 -0.23088
0.2525 0.26317 -0.2325
0.25157 0.26198 -0.2343
0.25077 0.26098 -0.23627
0.24995 0.2599 -0.23821
0.2494 0.25916 -0.24038
0.2488 0.25842 -0.24254
0.24812 0.25774 -0.24469
0.2475 0.25693 -0.24682
0.247 0.25587 -0.2489
0.24688 0.25481 -0.25108
0.24693 0.25431 -0.25345
0.24684 0.25418 -0.2558
0.24653 0.25417 -0.2581
0.24629 0.25351 -0.26033
0.29525 0.31336 -0.16597
0.29409 0.31228 -0.1678
0.2929 0.31119 -0.16956
0.29173 0.30985 -0.17118
0.29056 0.3084 -0.17267
0.28936 0.30707 -0.17419
0.28811 0.30591 -0.17582
0.2868 0.30466 -0.17737
0.28548 0.30337 -0.17886
0.28427 0.30209 -0.18045
0.28307 0.30076 -0.18199
0.28186 0.29949 -0.18358
0.28063 0.29816 -0.18511
0.27945 0.29688 -0.18672
0.27822 0.29556 -0.18826
0.27696 0.29402 -0.18956
0.27579 0.29257 -0.19102
0.27465 0.29112 -0.19251
0.27343 0.28961 -0.19386
0.27225 0.28823 -0.19537
0.27114 0.287 -0.19704
0.26998 0.28576 -0.19868
0.26882 0.2846 -0.20038
0.26775 0.2835 -0.20218
0.26678 0.28254 -0.20413
0.26564 0.28137 -0.20586
0.26452 0.28023 -0.2076
0.26355 0.2792 -0.20948
0.26265 0.27823 -0.21145
0.26167 0.27717 -0.21334
0.26063 0.27606 -0.21516
0.25963 0.27501 -0.21705
0.25852 0.27383 -0.21878
0.25752 0.27278 -0.22063
0.25655 0.27174 -0.22255
0.25552 0.27045 -0.22428
0.25453 0.26907 -0.22592
0.25369 0.26794 -0.22783
0.25264 0.26681 -0.22963
0.25154 0.26558 -0.23134
0.25061 0.26435 -0.23313
0.24958 0.26306 -0.23483
0.24868 0.26194 -0.23671
0.24824 0.26127 -0.23895
0.24762 0.26042 -0.24107
0.24703 0.25969 -0.24324
0.24648 0.25915 -0.24548
0.24616 0.25858 -0.24775
0.24583 0.2577 -0.24993
0.24581 0.25675 -0.25211
0.24595 0.25627 -0.25443
0.2455 0.25586 -0.25669
0.24471 0.25531 -0.25883
0.24415 0.25409 -0.26083
0.29263 0.3146 -0.1659
0.29145 0.31348 -0.16771
0.29022 0.31234 -0.16943
0.28911 0.31115 -0.17119
0.28797 0.30966 -0.17272
0.28675 0.30823 -0.17417
0.28545 0.30693 -0.17567
0.28417 0.30569 -0.17724
0.28284 0.30438 -0.17873
0.28162 0.30307 -0.1803
0.28042 0.30173 -0.18185
0.27919 0.30039 -0.18339
0.27802 0.29921 -0.18509
0.27691 0.29806 -0.18685
0.27581 0.29687 -0.18857
0.27479 0.29551 -0.19025
0.27367 0.29404 -0.19175
0.27255 0.29253 -0.19324
0.27127 0.29099 -0.19453
0.26994 0.28947 -0.19575
0.26877 0.28816 -0.1973
0.26771 0.28708 -0.19913
0.26656 0.2859 -0.20086
0.2654 0.28457 -0.20245
0.26437 0.28346 -0.20427
0.26332 0.28239 -0.20612
0.26223 0.28127 -0.20791
0.26124 0.2802 -0.20975
0.26038 0.27928 -0.21177
0.2594 0.27817 -0.21365
0.25842 0.27712 -0.21555
0.25739 0.27597 -0.21737
0.25631 0.2748 -0.21915
0.25528 0.27368 -0.22097
0.2543 0.27257 -0.22283
0.25331 0.27127 -0.22457
0.25249 0.27014 -0.22648
0.25164 0.26898 -0.22836
0.25066 0.26788 -0.23023
0.24969 0.26679 -0.23211
0.2489 0.26569 -0.23408
0.24781 0.26431 -0.23571
0.24721 0.2634 -0.2378
0.2467 0.26263 -0.23998
0.24624 0.26188 -0.24218
0.24603 0.26134 -0.24448
0.2458 0.26091 -0.2468
0.24565 0.26036 -0.24911
0.24548 0.25954 -0.25132
0.24549 0.25858 -0.2535
0.24513 0.25792 -0.25576
0.24432 0.25734 -0.25793
0.24296 0.25642 -0.25969
0.24237 0.25525 -0.26171
0.28977 0.31504 -0.16599
0.2886 0.31395 -0.16778
0.28736 0.3127 -0.16942
0.28623 0.31141 -0.17108
0.28516 0.31017 -0.17283
0.28399 0.30886 -0.17445
0.28271 0.30758 -0.176
0.28152 0.3065 -0.17777
0.28033 0.30537 -0.17954
0.279 0.30392 -0.18093
0.27772 0.30245 -0.18232
0.27654 0.30118 -0.18397
0.27565 0.3004 -0.18606
0.27495 0.29963 -0.18827
0.27413 0.29849 -0.19031
0.27306 0.29695 -0.19195
0.27182 0.29535 -0.19335
0.27048 0.29371 -0.19458
0.269 0.29204 -0.19553
0.26756 0.29041 -0.19644
0.26626 0.28891 -0.19768
0.26513 0.28764 -0.19934
0.264 0.28645 -0.20107
0.26296 0.28528 -0.20287
0.26199 0.28422 -0.20477
0.26101 0.28326 -0.20676
0.2599 0.28205 -0.20851
0.25882 0.28075 -0.21018
0.25799 0.27988 -0.21224
0.25708 0.27888 -0.21423
0.25613 0.27784 -0.21617
0.25513 0.27669 -0.21803
0.2541 0.27555 -0.21986
0.25309 0.27438 -0.22168
0.2521 0.2732 -0.2235
0.25129 0.27213 -0.22548
0.25038 0.27086 -0.22728
0.2496 0.26979 -0.22924
0.2489 0.26902 -0.23143
0.24786 0.26783 -0.2333
0.24686 0.26649 -0.23498
0.24614 0.26541 -0.23694
0.24592 0.26475 -0.23921
0.24542 0.26392 -0.24139
0.24543 0.26339 -0.2437
0.24552 0.26294 -0.24605
0.24545 0.26254 -0.24842
0.24523 0.26195 -0.25073
0.2451 0.26112 -0.25297
0.24474 0.26006 -0.25509
0.24411 0.2593 -0.25732
0.2426 0.25831 -0.25898
0.24128 0.25742 -0.26077
0.24064 0.2562 -0.26273
0.28806 0.3166 -0.16454
0.28698 0.31537 -0.16634
0.28577 0.31408 -0.16799
0.28455 0.31292 -0.16968
0.28346 0.31178 -0.17147
0.2824 0.31059 -0.17327
0.28125 0.30937 -0.17499
0.28015 0.30841 -0.17688
0.27927 0.30763 -0.17902
0.27796 0.30637 -0.18068
0.27656 0.30488 -0.18199
0.27519 0.30334 -0.18322
0.27419 0.30228 -0.1851
0.27325 0.30147 -0.18713
0.27251 0.30079 -0.18936
0.27175 0.29983 -0.19159
0.27065 0.29814 -0.19324
0.26936 0.29638 -0.1945
0.26796 0.29458 -0.19546
0.2665 0.29281 -0.19622
0.2651 0.29113 -0.19711
0.26378 0.28956 -0.19829
0.26265 0.28822 -0.1999
0.26164 0.28719 -0.20181
0.26064 0.28604 -0.20366
0.25973 0.28503 -0.20565
0.25861 0.28381 -0.20742
0.2575 0.28256 -0.20914
0.25654 0.28144 -0.211
0.25565 0.28039 -0.21296
0.25471 0.27929 -0.21488
0.25381 0.2783 -0.21687
0.2529 0.2773 -0.21887
0.25191 0.27618 -0.22075
0.25096 0.27501 -0.22262
0.25003 0.27386 -0.22451
0.24918 0.2727 -0.22643
0.2483 0.27145 -0.22826
0.24756 0.27044 -0.23029
0.24671 0.26951 -0.23237
0.24562 0.26818 -0.23408
0.24484 0.26708 -0.23603
0.24445 0.26634 -0.23826
0.24432 0.26578 -0.24058
0.2446 0.26544 -0.24293
0.24489 0.26499 -0.24528
0.24485 0.26449 -0.24765
0.2447 0.26406 -0.25002
0.24447 0.26345 -0.25235
0.24423 0.26257 -0.25461
0.2436 0.26141 -0.25671
0.24226 0.26024 -0.2584
0.24066 0.25908 -0.25981
0.23933 0.25815 -0.26161
0.23884 0.25709 -0.26372
0.28526 0.317 -0.1648
0.28418 0.31578 -0.16661
0.283 0.31455 -0.16829
0.2818 0.31342 -0.17
0.28075 0.3124 -0.1719
0.27974 0.31139 -0.17383
0.27885 0.31057 -0.17591
0.2782 0.30999 -0.17819
0.27732 0.30916 -0.18038
0.2759 0.30784 -0.18199
0.27435 0.30627 -0.18307
0.27299 0.30474 -0.1843
0.27173 0.30342 -0.18584
0.27058 0.30229 -0.18761
0.26969 0.30151 -0.18973
0.26877 0.30042 -0.19175
0.26776 0.2988 -0.19342
0.26657 0.29703 -0.1947
0.26528 0.29523 -0.19573
0.26395 0.29349 -0.19672
0.26265 0.29184 -0.19784
0.26141 0.29029 -0.19915
0.26038 0.28905 -0.2009
0.2594 0.288 -0.20283
0.25842 0.28684 -0.20471
0.25741 0.28565 -0.20655
0.25628 0.28439 -0.20828
0.25519 0.28314 -0.21002
0.25421 0.28192 -0.21183
0.25332 0.2808 -0.21375
0.25241 0.27973 -0.2157
0.25153 0.27875 -0.2177
0.25063 0.27775 -0.21971
0.24968 0.27664 -0.22162
0.24885 0.27561 -0.22363
0.248 0.27451 -0.2256
0.24721 0.27338 -0.22758
0.24641 0.27217 -0.22952
0.24544 0.27085 -0.23127
0.24456 0.26985 -0.23327
0.24367 0.2688 -0.23523
0.24315 0.26796 -0.2374
0.24312 0.26754 -0.23974
0.24336 0.26726 -0.2421
0.24395 0.2671 -0.24446
0.24413 0.26658 -0.24686
0.24379 0.26592 -0.24918
0.24355 0.26544 -0.25153
0.24339 0.26487 -0.25396
0.24264 0.26372 -0.25606
0.24157 0.26221 -0.25771
0.24011 0.26077 -0.259
0.23862 0.25966 -0.26058
0.23761 0.25908 -0.26272
0.23727 0.25812 -0.26491
0.28246 0.31727 -0.1652
0.28137 0.31601 -0.16693
0.28024 0.31493 -0.16871
0.27915 0.31411 -0.17064
0.27842 0.31365 -0.17288
0.27784 0.31316 -0.17516
0.27735 0.31267 -0.1775
0.27655 0.31194 -0.17983
0.27517 0.3107 -0.1816
0.27379 0.30935 -0.18319
0.27234 0.30776 -0.18439
0.27093 0.3062 -0.18558
0.26943 0.30474 -0.18678
0.26798 0.30326 -0.18799
0.26687 0.30172 -0.18944
0.26599 0.30052 -0.19134
0.26505 0.29913 -0.19312
0.2639 0.2975 -0.19453
0.26267 0.29585 -0.19581
0.26144 0.29427 -0.19714
0.26026 0.29272 -0.19853
0.25914 0.29126 -0.20006
0.2581 0.28998 -0.20181
0.25711 0.2889 -0.20372
0.25609 0.28763 -0.20551
0.25503 0.28632 -0.20724
0.25387 0.28497 -0.20889
0.25277 0.28366 -0.21057
0.25188 0.28253 -0.21249
0.25107 0.28147 -0.2145
0.25012 0.28031 -0.21639
0.24927 0.27937 -0.21844
0.24832 0.27824 -0.22034
0.24751 0.27736 -0.22242
0.24681 0.27648 -0.22457
0.24604 0.27544 -0.22662
0.24521 0.27423 -0.22856
0.24434 0.27292 -0.23039
0.24347 0.27168 -0.23225
0.24273 0.2708 -0.23435
0.24197 0.26989 -0.23642
0.24169 0.26926 -0.23869
0.24198 0.26913 -0.24104
0.24245 0.26902 -0.24341
0.2428 0.2687 -0.24583
0.24276 0.26801 -0.2482
0.24239 0.26728 -0.25049
0.24214 0.26684 -0.25291
0.24147 0.2659 -0.25519
0.2404 0.26426 -0.25678
0.23929 0.26253 -0.25808
0.23793 0.26118 -0.25957
0.23691 0.26061 -0.26171
0.23619 0.26027 -0.26399
0.23578 0.25922 -0.26613
0.28079 0.31878 -0.1639
0.27968 0.31746 -0.16559
0.2786 0.31628 -0.16732
0.27759 0.31565 -0.16931
0.27677 0.31552 -0.17153
0.27609 0.31528 -0.17386
0.27549 0.31484 -0.17618
0.27484 0.31419 -0.1785
0.27388 0.31327 -0.18069
0.27277 0.31227 -0.18271
0.27152 0.31094 -0.18447
0.27027 0.30929 -0.18595
0.26877 0.30754 -0.18698
0.2671 0.30596 -0.18784
0.26555 0.30438 -0.18878
0.26427 0.30263 -0.18979
0.26339 0.30128 -0.19156
0.26258 0.30009 -0.19355
0.26146 0.29847 -0.19504
0.26028 0.29687 -0.19643
0.25909 0.29531 -0.19782
0.25808 0.29391 -0.19951
0.25697 0.29244 -0.20107
0.25579 0.29099 -0.20258
0.2547 0.28973 -0.20432
0.25374 0.2885 -0.20617
0.25265 0.28705 -0.20779
0.2515 0.2857 -0.20943
0.25047 0.28447 -0.21121
0.24967 0.28347 -0.21325
0.24892 0.28245 -0.21533
0.24792 0.28117 -0.21714
0.24701 0.28008 -0.21907
0.24615 0.27907 -0.22107
0.24549 0.27837 -0.22328
0.24483 0.27753 -0.22547
0.24409 0.27648 -0.22756
0.24323 0.27523 -0.22946
0.24249 0.274 -0.2314
0.24168 0.2728 -0.23331
0.24094 0.27192 -0.23541
0.24026 0.27109 -0.23755
0.23992 0.27036 -0.2398
0.24047 0.27068 -0.24216
0.24098 0.27062 -0.24458
0.2412 0.2701 -0.24703
0.24109 0.26931 -0.24938
0.24065 0.26846 -0.25165
0.23994 0.26744 -0.25379
0.2391 0.2661 -0.2557
0.23811 0.26436 -0.25711
0.23709 0.26279 -0.25864
0.23611 0.26199 -0.26069
0.23539 0.2617 -0.26298
0.2346 0.26126 -0.26523
0.23434 0.2603 -0.26744
0.27811 0.3196 -0.16388
0.27698 0.31827 -0.16555
0.2759 0.31714 -0.16726
0.27491 0.31674 -0.16933
0.27396 0.31642 -0.17152
0.27316 0.31598 -0.17377
0.27248 0.31542 -0.17604
0.27182 0.31483 -0.17832
0.2709 0.31409 -0.1805
0.26978 0.31325 -0.18257
0.26861 0.31215 -0.1845
0.26752 0.31077 -0.18634
0.26624 0.30903 -0.1877
0.26469 0.30735 -0.18869
0.26311 0.30566 -0.18951
0.26176 0.30379 -0.19023
0.26077 0.3022 -0.19171
0.26 0.30107 -0.19373
0.25903 0.29965 -0.19551
0.25783 0.29796 -0.19682
0.25672 0.29647 -0.19836
0.25563 0.29497 -0.1999
0.25449 0.29342 -0.20138
0.25338 0.29198 -0.20297
0.2523 0.29068 -0.20469
0.25133 0.2894 -0.20651
0.25045 0.2882 -0.20844
0.24926 0.28675 -0.20999
0.24819 0.28544 -0.21171
0.24735 0.28433 -0.21368
0.24662 0.28334 -0.21578
0.2457 0.28212 -0.21767
0.24482 0.28104 -0.21962
0.24414 0.28027 -0.2218
0.2435 0.27957 -0.22403
0.24285 0.27872 -0.22623
0.24216 0.2777 -0.22835
0.24134 0.27646 -0.23028
0.24062 0.27522 -0.23222
0.23993 0.2741 -0.23423
0.23915 0.27319 -0.23632
0.2384 0.27228 -0.23841
0.23791 0.27131 -0.24058
0.23836 0.2716 -0.24297
0.23885 0.27157 -0.2454
0.23906 0.27097 -0.24782
0.23898 0.27013 -0.25017
0.23846 0.26905 -0.25234
0.23772 0.26779 -0.25432
0.23686 0.2663 -0.25605
0.23593 0.26471 -0.25762
0.23509 0.26347 -0.25952
0.23435 0.26292 -0.26175
0.23365 0.26264 -0.26405
0.23296 0.26229 -0.26634
0.23293 0.26151 -0.26865
0.27438 0.31926 -0.16508
0.27556 0.32067 -0.1635
0.27324 0.31796 -0.16669
0.27215 0.31732 -0.16867
0.27116 0.3169 -0.17081
0.27034 0.3164 -0.17305
0.26965 0.31578 -0.17529
0.26897 0.31507 -0.17753
0.26805 0.31434 -0.17968
0.26691 0.31351 -0.18168
0.26573 0.31255 -0.18362
0.26465 0.31141 -0.18554
0.26347 0.31009 -0.1873
0.26204 0.30859 -0.18873
0.26049 0.30684 -0.18961
0.25921 0.30494 -0.1904
0.25822 0.30329 -0.19184
0.25739 0.30199 -0.19369
0.25649 0.30068 -0.19556
0.25543 0.29914 -0.19713
0.25427 0.29754 -0.19854
0.25316 0.29596 -0.20002
0.2521 0.2945 -0.20163
0.25107 0.29316 -0.20337
0.25003 0.29188 -0.20514
0.24906 0.29055 -0.20692
0.24816 0.2893 -0.2088
0.24707 0.28794 -0.21049
0.24604 0.28665 -0.21227
0.24524 0.28552 -0.21425
0.24446 0.28442 -0.21627
0.24359 0.28328 -0.21821
0.24281 0.2823 -0.22027
0.24214 0.28153 -0.22246
0.2415 0.2808 -0.22468
0.24087 0.27994 -0.22689
0.24014 0.27887 -0.22898
0.23934 0.27762 -0.23089
0.23875 0.27648 -0.23294
0.23814 0.27542 -0.23504
0.23726 0.2744 -0.23706
0.23645 0.27341 -0.23912
0.23597 0.27245 -0.24128
0.23613 0.27203 -0.24364
0.23658 0.27197 -0.24603
0.23684 0.27153 -0.24846
0.23684 0.27078 -0.25084
0.23633 0.2696 -0.25297
0.23561 0.26831 -0.25494
0.2348 0.26687 -0.25672
0.234 0.26551 -0.25857
0.23343 0.26453 -0.2607
0.23281 0.26403 -0.26298
0.23222 0.26378 -0.26533
0.2318 0.26361 -0.26771
0.23156 0.26268 -0.26995
0.27199 0.32058 -0.1647
0.2732 0.32207 -0.16317
0.27077 0.31907 -0.16611
0.26958 0.31795 -0.16783
0.26854 0.31731 -0.1699
0.26767 0.3166 -0.17205
0.26697 0.3158 -0.17423
0.26629 0.31513 -0.17646
0.26537 0.3144 -0.17859
0.26423 0.31364 -0.18062
0.26304 0.31278 -0.18258
0.26196 0.31183 -0.18456
0.26078 0.3109 -0.18654
0.25939 0.30968 -0.18825
0.25792 0.30797 -0.18936
0.2567 0.30616 -0.19044
0.25573 0.30449 -0.19191
0.2549 0.30313 -0.19373
0.25402 0.30181 -0.19559
0.25304 0.30037 -0.19732
0.25189 0.29873 -0.19871
0.25089 0.29728 -0.20039
0.24985 0.29581 -0.20202
0.24882 0.29446 -0.20376
0.24775 0.2931 -0.20547
0.24678 0.29172 -0.20722
0.24591 0.29047 -0.20912
0.24497 0.28927 -0.21101
0.24409 0.28809 -0.21296
0.2433 0.28694 -0.21496
0.24245 0.28573 -0.21689
0.24156 0.28456 -0.21882
0.24084 0.28361 -0.22092
0.24012 0.28275 -0.22307
0.23956 0.28209 -0.22536
0.23892 0.2812 -0.22757
0.23812 0.28006 -0.22958
0.23746 0.27892 -0.2316
0.23696 0.27786 -0.23374
0.23643 0.27685 -0.23591
0.23557 0.27583 -0.23795
0.23479 0.27486 -0.24003
0.23413 0.27368 -0.24205
0.23401 0.27278 -0.24428
0.23441 0.27242 -0.24665
0.23463 0.27186 -0.24903
0.23468 0.27126 -0.25142
0.23423 0.27021 -0.25361
0.23377 0.26924 -0.2558
0.23335 0.2681 -0.25791
0.23276 0.26689 -0.25993
0.2322 0.2659 -0.26207
0.23187 0.26548 -0.26443
0.23156 0.26529 -0.26684
0.23128 0.26513 -0.26926
0.23078 0.26414 -0.27144
0.27078 0.32338 -0.1632
0.26957 0.32186 -0.16471
0.2684 0.3204 -0.16626
0.26712 0.31912 -0.16787
0.26592 0.31799 -0.16965
0.26495 0.31678 -0.17152
0.26424 0.31574 -0.17359
0.26355 0.31499 -0.17578
0.26261 0.31429 -0.1779
0.26146 0.31361 -0.17995
0.26027 0.31286 -0.18196
0.25918 0.31211 -0.18403
0.25802 0.31126 -0.18604
0.25666 0.31028 -0.18791
0.25525 0.30883 -0.18938
0.25413 0.30717 -0.19079
0.25321 0.30554 -0.19235
0.25238 0.30411 -0.19416
0.25165 0.30295 -0.19621
0.25062 0.30139 -0.19782
0.24952 0.29978 -0.19931
0.24854 0.29832 -0.201
0.24748 0.29681 -0.20261
0.24649 0.29546 -0.20439
0.24542 0.29406 -0.20609
0.24459 0.2928 -0.20801
0.24386 0.29166 -0.21005
0.24293 0.29044 -0.21197
0.24214 0.28933 -0.214
0.24134 0.28811 -0.21597
0.24045 0.28682 -0.21785
0.23967 0.28574 -0.21988
0.23893 0.28475 -0.22197
0.23833 0.28397 -0.2242
0.23772 0.28322 -0.22648
0.23694 0.28216 -0.22859
0.23598 0.2808 -0.2304
0.23553 0.27988 -0.2326
0.23509 0.27887 -0.2348
0.23445 0.27774 -0.23689
0.23359 0.27669 -0.23894
0.23281 0.27568 -0.24102
0.23235 0.2747 -0.24318
0.23239 0.27397 -0.24547
0.23264 0.2733 -0.24779
0.23281 0.2726 -0.25014
0.23277 0.27184 -0.25247
0.2324 0.271 -0.25476
0.23252 0.27052 -0.25716
0.23273 0.26961 -0.25944
0.23226 0.26841 -0.26154
0.23191 0.26746 -0.26372
0.23166 0.26699 -0.26609
0.23143 0.26676 -0.26852
0.23117 0.26655 -0.27097
0.23046 0.26556 -0.27311
0.26837 0.32463 -0.1636
0.26722 0.3232 -0.16524
0.26617 0.3219 -0.16704
0.26486 0.32058 -0.16868
0.26349 0.31923 -0.17022
0.26236 0.31776 -0.1718
0.26148 0.31623 -0.17348
0.26077 0.31507 -0.17549
0.25983 0.31423 -0.17756
0.25866 0.31361 -0.17962
0.25745 0.31296 -0.18167
0.25636 0.31231 -0.18377
0.25521 0.31164 -0.18587
0.25388 0.31078 -0.1878
0.25255 0.30954 -0.1895
0.25164 0.30826 -0.19138
0.25091 0.3068 -0.19322
0.25011 0.30537 -0.19504
0.24928 0.30402 -0.19694
0.24819 0.30237 -0.19842
0.24718 0.30083 -0.20005
0.2462 0.29934 -0.20174
0.24509 0.29774 -0.20325
0.24411 0.29637 -0.20504
0.2432 0.29512 -0.20695
0.24254 0.29397 -0.20902
0.24176 0.29275 -0.21101
0.24093 0.29161 -0.21302
0.24014 0.29047 -0.21505
0.23954 0.2894 -0.2172
0.2386 0.28802 -0.21903
0.23775 0.28684 -0.221
0.23704 0.28586 -0.22311
0.23658 0.28519 -0.22544
0.23582 0.28424 -0.22763
0.23493 0.28302 -0.2296
0.23417 0.28181 -0.23157
0.23377 0.28088 -0.2338
0.23321 0.27973 -0.23592
0.23258 0.27861 -0.23802
0.23179 0.27761 -0.24012
0.23114 0.2767 -0.24228
0.23091 0.27591 -0.24455
0.23096 0.27515 -0.24685
0.23118 0.27443 -0.24918
0.23135 0.27368 -0.2515
0.2314 0.27298 -0.25384
0.23145 0.2725 -0.25626
0.23222 0.27223 -0.25861
0.23263 0.27133 -0.26094
0.23225 0.2701 -0.26309
0.2319 0.2691 -0.2653
0.2316 0.26861 -0.26766
0.23141 0.26837 -0.2701
0.23116 0.26815 -0.27257
0.23026 0.26715 -0.27468
0.26724 0.32729 -0.16257
0.26612 0.32605 -0.1644
0.26503 0.3247 -0.16619
0.26381 0.32327 -0.16782
0.26251 0.32197 -0.16949
0.26117 0.3206 -0.17107
0.25994 0.31899 -0.17248
0.259 0.31738 -0.17407
0.25811 0.31587 -0.17577
0.25706 0.31472 -0.17765
0.25587 0.31391 -0.17964
0.25464 0.3132 -0.18167
0.25353 0.31251 -0.18377
0.25237 0.31169 -0.18579
0.25104 0.31086 -0.18772
0.25001 0.31053 -0.18996
0.24933 0.3096 -0.19217
0.24874 0.30828 -0.1942
0.24799 0.30682 -0.19609
0.24702 0.30526 -0.19777
0.24598 0.30362 -0.19931
0.245 0.30207 -0.20097
0.24397 0.3005 -0.20258
0.2428 0.29884 -0.20401
0.24182 0.29742 -0.2058
0.24115 0.29638 -0.20795
0.24056 0.29525 -0.21008
0.23971 0.29392 -0.21199
0.23892 0.29278 -0.21403
0.23807 0.29157 -0.21601
0.23745 0.29046 -0.21813
0.23667 0.28919 -0.22012
0.2358 0.28795 -0.22206
0.2352 0.28703 -0.22426
0.23469 0.28628 -0.22657
0.23399 0.28534 -0.22877
0.2333 0.28423 -0.23087
0.23267 0.28308 -0.23295
0.23223 0.28208 -0.23515
0.23167 0.28089 -0.23727
0.231 0.27971 -0.23936
0.23015 0.27868 -0.24141
0.22966 0.27788 -0.24364
0.22959 0.27719 -0.24598
0.22975 0.27648 -0.24833
0.22973 0.27554 -0.2506
0.2299 0.27477 -0.25292
0.23065 0.27456 -0.25527
0.23134 0.27441 -0.25766
0.23204 0.27415 -0.26009
0.23233 0.27318 -0.26248
0.23206 0.27186 -0.26465
0.23176 0.27081 -0.26685
0.23155 0.27031 -0.26925
0.23132 0.27007 -0.27173
0.2307 0.26984 -0.27419
0.22973 0.26871 -0.27627
0.26498 0.32877 -0.16334
0.26382 0.32749 -0.16513
0.26266 0.32608 -0.16685
0.2615 0.32468 -0.16856
0.2602 0.32338 -0.17023
0.2589 0.32205 -0.17186
0.25789 0.32058 -0.17357
0.25688 0.3189 -0.17511
0.25578 0.31723 -0.17656
0.25457 0.3159 -0.17824
0.2532 0.31476 -0.17995
0.25186 0.31373 -0.18177
0.25069 0.31277 -0.18376
0.24943 0.31187 -0.18577
0.24848 0.31196 -0.18813
0.24778 0.31204 -0.19058
0.24692 0.31092 -0.19267
0.24622 0.30944 -0.19455
0.24548 0.30798 -0.19641
0.24475 0.30664 -0.19837
0.2439 0.30511 -0.20014
0.24292 0.30353 -0.20179
0.24184 0.30189 -0.20331
0.24071 0.30025 -0.20481
0.23978 0.29885 -0.20666
0.23918 0.29783 -0.20885
0.23854 0.29661 -0.21091
0.23766 0.29524 -0.21279
0.23705 0.29419 -0.21498
0.23624 0.293 -0.217
0.23551 0.29178 -0.21902
0.23487 0.2906 -0.22112
0.23409 0.2894 -0.22314
0.23343 0.28841 -0.22528
0.23281 0.28754 -0.2275
0.23223 0.28669 -0.22977
0.23177 0.28572 -0.23203
0.23121 0.28457 -0.23417
0.2306 0.28344 -0.23627
0.2302 0.28236 -0.23849
0.22935 0.28101 -0.24043
0.22866 0.28006 -0.24257
0.22827 0.27933 -0.24486
0.2285 0.27884 -0.24728
0.22845 0.27795 -0.2496
0.22829 0.27688 -0.25183
0.22921 0.27662 -0.25412
0.23016 0.27653 -0.25648
0.23047 0.27627 -0.25902
0.23064 0.27575 -0.26148
0.23104 0.27489 -0.26383
0.23135 0.27375 -0.26608
0.23116 0.27262 -0.26831
0.23093 0.2721 -0.27075
0.23024 0.27174 -0.27315
0.22915 0.27124 -0.27538
0.22847 0.27018 -0.27759
0.26265 0.33024 -0.16389
0.26162 0.32908 -0.16583
0.26063 0.32777 -0.16775
0.25943 0.32633 -0.16943
0.25814 0.32505 -0.17114
0.25689 0.32379 -0.17285
0.25583 0.32231 -0.17454
0.25491 0.32066 -0.17621
0.25375 0.31893 -0.17759
0.25231 0.31744 -0.17896
0.25087 0.31623 -0.18057
0.24941 0.31513 -0.18229
0.24825 0.31422 -0.18435
0.24759 0.31394 -0.18675
0.24684 0.31402 -0.18915
0.24573 0.31369 -0.1914
0.24476 0.31249 -0.19336
0.244 0.31095 -0.19516
0.24329 0.3095 -0.19705
0.24271 0.30822 -0.19911
0.24181 0.30666 -0.20083
0.24087 0.30508 -0.2025
0.23985 0.30347 -0.2041
0.23885 0.30189 -0.20574
0.23797 0.30052 -0.20763
0.23732 0.29942 -0.20977
0.23682 0.29825 -0.21191
0.23635 0.29704 -0.21406
0.23538 0.2958 -0.216
0.23451 0.29456 -0.21797
0.23376 0.29332 -0.21999
0.23296 0.29202 -0.22194
0.23217 0.29078 -0.22393
0.23157 0.28979 -0.22613
0.23098 0.28893 -0.22836
0.2305 0.28816 -0.23067
0.23002 0.28715 -0.23292
0.22962 0.28607 -0.23517
0.2289 0.28484 -0.23721
0.22837 0.28366 -0.23931
0.2278 0.2825 -0.24142
0.22731 0.28166 -0.24367
0.227 0.28098 -0.246
0.22697 0.28032 -0.24838
0.22687 0.27938 -0.25065
0.22729 0.27869 -0.25293
0.22847 0.27863 -0.25518
0.22901 0.27829 -0.25773
0.22884 0.27758 -0.26022
0.22879 0.27677 -0.26256
0.22914 0.27592 -0.26485
0.22963 0.27509 -0.26717
0.2298 0.2742 -0.26953
0.22929 0.27346 -0.27189
0.22842 0.27286 -0.27417
0.22732 0.27227 -0.27633
0.22654 0.27114 -0.27845
0.26156 0.33313 -0.16252
0.26052 0.33198 -0.16445
0.25953 0.33089 -0.16645
0.25861 0.32966 -0.16846
0.25762 0.32834 -0.17039
0.25622 0.32695 -0.17199
0.25481 0.32558 -0.17353
0.25383 0.32414 -0.17531
0.2528 0.32245 -0.17686
0.25169 0.32075 -0.17831
0.25043 0.31933 -0.17991
0.24913 0.31818 -0.18168
0.24782 0.31716 -0.18354
0.24712 0.31643 -0.18582
0.24632 0.31604 -0.18814
0.24524 0.31592 -0.19041
0.24422 0.31562 -0.19273
0.24309 0.31436 -0.19458
0.24213 0.31271 -0.1962
0.2416 0.31134 -0.19821
0.24138 0.31016 -0.2005
0.24025 0.30846 -0.20207
0.23929 0.30685 -0.20374
0.23819 0.30519 -0.20525
0.23702 0.30352 -0.20671
0.23628 0.30221 -0.20871
0.23614 0.30136 -0.21109
0.23581 0.30024 -0.21336
0.23514 0.29892 -0.21548
0.23383 0.2975 -0.21715
0.2327 0.29611 -0.21886
0.23184 0.29475 -0.22077
0.2309 0.29329 -0.22255
0.23042 0.29234 -0.22477
0.22995 0.29145 -0.22705
0.22919 0.29039 -0.22916
0.22876 0.28965 -0.23147
0.22868 0.28891 -0.23392
0.22806 0.28767 -0.2361
0.22723 0.28634 -0.23805
0.22674 0.28517 -0.24015
0.22632 0.28413 -0.24234
0.22585 0.2833 -0.24461
0.22556 0.28261 -0.24697
0.22527 0.2817 -0.24926
0.22527 0.28083 -0.25155
0.22628 0.28062 -0.25382
0.22722 0.28044 -0.25622
0.22739 0.27974 -0.25874
0.2273 0.27898 -0.26119
0.22711 0.27799 -0.26347
0.22745 0.27717 -0.26577
0.22788 0.27633 -0.26809
0.22795 0.27536 -0.27044
0.22737 0.2745 -0.27274
0.22647 0.27379 -0.27498
0.22529 0.27302 -0.27703
0.2245 0.27182 -0.27909
0.25943 0.33487 -0.16293
0.25829 0.33367 -0.16479
0.25725 0.33257 -0.16676
0.25642 0.33146 -0.16884
0.25545 0.33017 -0.17078
0.25439 0.32897 -0.17274
0.25321 0.32767 -0.17454
0.25203 0.32614 -0.17614
0.25105 0.32448 -0.17773
0.24998 0.3228 -0.17923
0.24882 0.32141 -0.18095
0.24757 0.32028 -0.18279
0.24671 0.31936 -0.18497
0.24609 0.3186 -0.18729
0.24515 0.31816 -0.18957
0.24403 0.31802 -0.19185
0.24246 0.31755 -0.19378
0.24124 0.31624 -0.19551
0.24039 0.31461 -0.19721
0.23973 0.31313 -0.19912
0.23952 0.31201 -0.20143
0.23871 0.31038 -0.20323
0.23753 0.30865 -0.20465
0.23643 0.30698 -0.20614
0.2354 0.30534 -0.20773
0.23464 0.304 -0.2097
0.23435 0.30307 -0.21203
0.23398 0.30193 -0.21428
0.23321 0.30056 -0.21631
0.23194 0.29909 -0.21794
0.2309 0.2977 -0.21971
0.23002 0.2963 -0.22157
0.22905 0.29477 -0.22329
0.22846 0.29368 -0.22542
0.22794 0.29274 -0.22767
0.22741 0.29188 -0.22994
0.22715 0.29133 -0.23235
0.22712 0.29071 -0.23488
0.22636 0.28924 -0.23694
0.2256 0.28789 -0.2389
0.22503 0.28665 -0.24093
0.22462 0.2856 -0.24312
0.22428 0.28488 -0.24546
0.22396 0.28412 -0.24781
0.22367 0.28318 -0.25009
0.22405 0.28261 -0.25244
0.22516 0.28249 -0.25475
0.22565 0.28194 -0.25724
0.22568 0.28109 -0.25966
0.22565 0.28039 -0.26211
0.22556 0.27945 -0.26443
0.2257 0.2784 -0.26667
0.226 0.27741 -0.26896
0.22598 0.2763 -0.27124
0.22537 0.27535 -0.27349
0.22437 0.27443 -0.27559
0.2232 0.27362 -0.27762
0.22251 0.27254 -0.27979
0.25735 0.33666 -0.16336
0.2562 0.33543 -0.16522
0.25506 0.33426 -0.1671
0.25427 0.3332 -0.16921
0.25362 0.33221 -0.17143
0.25271 0.33112 -0.17354
0.2516 0.32986 -0.17544
0.25053 0.32834 -0.17713
0.24955 0.32667 -0.17872
0.24873 0.32505 -0.18043
0.2477 0.32367 -0.18224
0.24696 0.32258 -0.18436
0.24638 0.32165 -0.18663
0.24561 0.32085 -0.18892
0.2444 0.32041 -0.19111
0.24283 0.32024 -0.19313
0.2411 0.31974 -0.19487
0.23992 0.31842 -0.19662
0.23897 0.31676 -0.19823
0.23806 0.31517 -0.19995
0.23737 0.3137 -0.20186
0.23685 0.31224 -0.20387
0.23583 0.31056 -0.20545
0.23466 0.30883 -0.20683
0.2339 0.30732 -0.20866
0.23313 0.30597 -0.2106
0.23227 0.30459 -0.21252
0.23196 0.30356 -0.21484
0.23115 0.30211 -0.21679
0.22995 0.30064 -0.21845
0.22896 0.29926 -0.22027
0.22809 0.29783 -0.22211
0.22742 0.2965 -0.22409
0.22685 0.2954 -0.22623
0.22635 0.29448 -0.22849
0.22583 0.29363 -0.2308
0.22508 0.29259 -0.23294
0.2249 0.29181 -0.23532
0.22454 0.2907 -0.2376
0.22385 0.28933 -0.23962
0.22333 0.28809 -0.24169
0.22306 0.28713 -0.24395
0.22264 0.28634 -0.24627
0.22252 0.28573 -0.24866
0.22265 0.28507 -0.25102
0.2233 0.28467 -0.25339
0.22377 0.28412 -0.25584
0.22399 0.28329 -0.25826
0.22393 0.28232 -0.2606
0.22378 0.2815 -0.26299
0.22364 0.28049 -0.26529
0.22378 0.27939 -0.26752
0.22398 0.27822 -0.26973
0.22395 0.27708 -0.27199
0.22325 0.27592 -0.27412
0.22228 0.27499 -0.27621
0.22118 0.27427 -0.27831
0.2205 0.2732 -0.28051
0.25538 0.33852 -0.164
0.25425 0.33729 -0.16591
0.25333 0.33624 -0.16798
0.25247 0.33516 -0.17006
0.25175 0.33414 -0.17225
0.2509 0.33311 -0.17441
0.24986 0.3319 -0.17637
0.24892 0.33044 -0.17819
0.24819 0.32882 -0.17997
0.24763 0.32726 -0.18183
0.24757 0.32598 -0.18401
0.24731 0.32484 -0.18628
0.24651 0.32389 -0.1886
0.24518 0.32313 -0.19076
0.24349 0.32271 -0.19269
0.2414 0.32246 -0.19417
0.23972 0.32194 -0.19596
0.23874 0.32064 -0.19786
0.23788 0.31896 -0.19952
0.23698 0.31736 -0.20124
0.23604 0.31581 -0.20298
0.23511 0.31415 -0.20462
0.23406 0.31244 -0.20614
0.23294 0.31072 -0.2076
0.23213 0.30915 -0.20939
0.23125 0.3077 -0.21125
0.2302 0.30612 -0.21292
0.22961 0.30472 -0.21493
0.22898 0.30349 -0.21707
0.22786 0.30206 -0.21881
0.22703 0.30079 -0.22082
0.2262 0.29937 -0.22271
0.22554 0.29805 -0.22472
0.22499 0.29696 -0.2269
0.22438 0.29591 -0.22909
0.22377 0.29495 -0.23133
0.22314 0.2939 -0.23351
0.22292 0.29304 -0.23583
0.22272 0.29212 -0.23818
0.22232 0.29094 -0.24039
0.22199 0.28976 -0.24257
0.22168 0.28876 -0.24483
0.22147 0.28806 -0.24723
0.2214 0.28752 -0.24964
0.22158 0.28697 -0.25204
0.22205 0.28646 -0.25448
0.22218 0.28554 -0.25688
0.22223 0.2845 -0.2592
0.22217 0.28349 -0.26151
0.22196 0.28257 -0.26386
0.22175 0.28148 -0.26613
0.22189 0.28038 -0.26838
0.22199 0.27903 -0.27051
0.22188 0.27773 -0.27268
0.22119 0.27655 -0.27479
0.22023 0.27561 -0.2769
0.21918 0.27495 -0.27907
0.21838 0.27362 -0.28111
0.25333 0.34027 -0.1647
0.25246 0.33921 -0.16683
0.25173 0.33825 -0.16905
0.25088 0.33716 -0.17118
0.25009 0.33612 -0.17333
0.24923 0.33509 -0.1755
0.24824 0.3339 -0.1775
0.24761 0.33257 -0.17954
0.24707 0.33101 -0.18143
0.24676 0.32951 -0.1834
0.24677 0.32839 -0.18566
0.24632 0.32727 -0.18796
0.2453 0.32628 -0.19023
0.2436 0.32536 -0.19206
0.24153 0.32474 -0.19347
0.23965 0.32447 -0.19518
0.23839 0.32399 -0.19733
0.2375 0.32269 -0.19929
0.23678 0.32101 -0.20103
0.2359 0.31939 -0.20275
0.23488 0.31781 -0.20444
0.23364 0.31608 -0.2058
0.23241 0.31431 -0.20716
0.23168 0.31265 -0.20894
0.23092 0.31104 -0.21078
0.22952 0.30943 -0.21216
0.22837 0.30781 -0.21371
0.22747 0.3061 -0.21533
0.22673 0.30469 -0.21729
0.22595 0.3036 -0.21942
0.22517 0.30235 -0.2215
0.22442 0.30096 -0.22347
0.22369 0.29956 -0.22542
0.22309 0.29837 -0.22754
0.2224 0.29723 -0.22967
0.22184 0.29629 -0.23194
0.22138 0.29539 -0.23424
0.22118 0.29449 -0.23657
0.22108 0.2937 -0.23894
0.22114 0.29282 -0.24133
0.22114 0.29174 -0.24364
0.22077 0.29067 -0.24589
0.22084 0.29009 -0.24839
0.22031 0.28939 -0.2508
0.21986 0.2884 -0.25303
0.22045 0.28802 -0.25546
0.22063 0.28699 -0.25786
0.22061 0.28583 -0.26014
0.22058 0.28482 -0.26246
0.22042 0.28393 -0.26487
0.21994 0.28258 -0.267
0.2199 0.28124 -0.26912
0.21999 0.27987 -0.27125
0.21985 0.27848 -0.27337
0.21916 0.27726 -0.27546
0.21826 0.27638 -0.27765
0.21711 0.27555 -0.27975
0.21621 0.27393 -0.28153
0.25163 0.34222 -0.16565
0.25091 0.34126 -0.16789
0.2503 0.34037 -0.17021
0.24941 0.33926 -0.17234
0.24859 0.33819 -0.1745
0.24785 0.33721 -0.17674
0.24688 0.33603 -0.17878
0.24616 0.33466 -0.18077
0.24573 0.33315 -0.18275
0.2454 0.33165 -0.18477
0.24465 0.3302 -0.18672
0.244 0.32898 -0.18886
0.24287 0.32794 -0.19091
0.24127 0.32704 -0.19269
0.23957 0.32654 -0.19452
0.23835 0.3264 -0.19679
0.23713 0.3259 -0.19897
0.23632 0.32458 -0.20097
0.23564 0.32288 -0.20273
0.2347 0.32122 -0.20441
0.23361 0.3196 -0.20603
0.23232 0.31784 -0.20735
0.23159 0.31607 -0.20903
0.23099 0.31439 -0.21093
0.22943 0.31272 -0.21223
0.22774 0.31106 -0.2132
0.22635 0.30931 -0.21441
0.22546 0.30756 -0.21604
0.22472 0.3061 -0.21799
0.22412 0.30511 -0.22026
0.22349 0.30394 -0.22246
0.22266 0.30248 -0.22439
0.22183 0.30098 -0.22624
0.22137 0.29985 -0.22846
0.22072 0.29872 -0.23063
0.22014 0.29776 -0.23289
0.21975 0.29692 -0.23522
0.2196 0.29602 -0.23758
0.21943 0.29515 -0.23993
0.21955 0.29439 -0.24234
0.21983 0.29354 -0.24476
0.21983 0.29266 -0.24716
0.21948 0.29187 -0.24966
0.21842 0.29069 -0.25175
0.21797 0.28956 -0.2539
0.21857 0.28932 -0.25633
0.21921 0.28869 -0.25884
0.21914 0.28734 -0.26114
0.21896 0.28619 -0.26342
0.21861 0.28512 -0.26575
0.21811 0.28369 -0.26782
0.21801 0.28224 -0.26989
0.21799 0.28073 -0.27193
0.21782 0.27928 -0.274
0.21719 0.27811 -0.27616
0.21624 0.27717 -0.27835
0.21491 0.27591 -0.2801
0.21408 0.27435 -0.28195
0.2506 0.34528 -0.16432
0.25019 0.34438 -0.16669
0.24948 0.34342 -0.16898
0.2488 0.3425 -0.17128
0.24805 0.34143 -0.17349
0.24731 0.34039 -0.17572
0.24641 0.33936 -0.17788
0.24557 0.33823 -0.18
0.24499 0.33689 -0.18209
0.24445 0.33533 -0.18404
0.24394 0.33376 -0.18598
0.24321 0.3323 -0.18795
0.24229 0.33097 -0.18994
0.24112 0.32992 -0.19195
0.23972 0.32909 -0.19396
0.23853 0.32865 -0.19617
0.23744 0.32849 -0.19847
0.2362 0.32798 -0.20064
0.23521 0.32661 -0.20254
0.23441 0.32486 -0.20422
0.2334 0.32317 -0.20584
0.23238 0.32152 -0.20751
0.2314 0.31974 -0.20904
0.23076 0.31796 -0.21082
0.22943 0.31621 -0.21225
0.2277 0.3145 -0.21317
0.22603 0.31283 -0.21412
0.22461 0.31105 -0.2153
0.22373 0.30927 -0.21692
0.22316 0.30787 -0.21897
0.22272 0.30693 -0.22134
0.22187 0.30563 -0.22341
0.22099 0.30407 -0.22525
0.2204 0.30267 -0.22728
0.21979 0.30146 -0.22944
0.21906 0.30028 -0.23158
0.21839 0.29923 -0.23377
0.21799 0.29837 -0.23611
0.21791 0.29751 -0.23849
0.21775 0.29659 -0.24086
0.21778 0.29575 -0.24327
0.21807 0.29501 -0.24572
0.21785 0.2939 -0.24806
0.21733 0.29288 -0.25041
0.21647 0.29177 -0.25256
0.21599 0.29055 -0.25472
0.21646 0.29013 -0.25717
0.21721 0.28989 -0.25968
0.21748 0.2888 -0.26215
0.21722 0.28745 -0.26438
0.21679 0.28625 -0.26664
0.21629 0.28481 -0.26872
0.21606 0.28319 -0.27067
0.21597 0.28156 -0.27262
0.21581 0.2801 -0.2747
0.21517 0.27892 -0.27689
0.21403 0.27754 -0.27873
0.21278 0.27635 -0.28056
0.21204 0.27495 -0.28258
0.24898 0.34734 -0.1653
0.24862 0.34648 -0.16772
0.24803 0.34555 -0.17008
0.24744 0.34465 -0.17242
0.24685 0.34365 -0.17474
0.24616 0.34263 -0.17703
0.24523 0.3416 -0.1792
0.24428 0.34045 -0.18126
0.24375 0.33913 -0.1834
0.24316 0.33753 -0.18533
0.24257 0.33593 -0.18724
0.24185 0.33445 -0.18922
0.24085 0.33309 -0.19117
0.23997 0.3321 -0.19337
0.23901 0.33131 -0.19563
0.23813 0.33082 -0.19797
0.23711 0.33062 -0.2003
0.2359 0.3301 -0.20249
0.23443 0.32879 -0.20412
0.23318 0.32701 -0.20551
0.23217 0.32527 -0.20711
0.23115 0.32359 -0.20877
0.23024 0.32179 -0.21036
0.22915 0.31993 -0.21177
0.22772 0.31814 -0.21295
0.22612 0.31644 -0.21401
0.22455 0.31474 -0.21513
0.22312 0.31295 -0.21631
0.22235 0.31116 -0.21799
0.22176 0.30972 -0.22002
0.2211 0.30865 -0.22227
0.22029 0.30734 -0.22433
0.22 0.30604 -0.22651
0.21951 0.30464 -0.22866
0.21834 0.30318 -0.23051
0.2174 0.30187 -0.23248
0.21664 0.30074 -0.23461
0.21633 0.29991 -0.23698
0.21623 0.29902 -0.23936
0.2162 0.29818 -0.2418
0.21615 0.29721 -0.24418
0.21615 0.29613 -0.2465
0.21601 0.29513 -0.24887
0.21556 0.29416 -0.25126
0.21479 0.29312 -0.25349
0.21425 0.29184 -0.25562
0.2144 0.29091 -0.25797
0.21507 0.29061 -0.26046
0.21538 0.28971 -0.26295
0.21527 0.28848 -0.26526
0.21485 0.28722 -0.26752
0.21433 0.2857 -0.26955
0.21403 0.28398 -0.27143
0.21394 0.2823 -0.27336
0.21373 0.28074 -0.27538
0.21297 0.27928 -0.27735
0.21188 0.27795 -0.27925
0.21083 0.27707 -0.28138
0.2101 0.27564 -0.28341
0.24724 0.3494 -0.16619
0.24702 0.34862 -0.16865
0.2467 0.34782 -0.1711
0.24662 0.34715 -0.17369
0.24597 0.34614 -0.17612
0.24474 0.34492 -0.17814
0.24374 0.34384 -0.18025
0.24277 0.34264 -0.18231
0.24219 0.3413 -0.18443
0.24169 0.33973 -0.18642
0.24114 0.33812 -0.18836
0.24055 0.33669 -0.19042
0.23994 0.33541 -0.19259
0.23917 0.33445 -0.19488
0.23889 0.3336 -0.19733
0.23813 0.33307 -0.19971
0.23745 0.33271 -0.20217
0.23632 0.3321 -0.20444
0.23439 0.33103 -0.20581
0.23265 0.32939 -0.20683
0.2313 0.32764 -0.20818
0.23032 0.32593 -0.20987
0.2292 0.32408 -0.2113
0.22798 0.32219 -0.21258
0.22657 0.32038 -0.21376
0.22501 0.31865 -0.2149
0.22355 0.31693 -0.21616
0.22226 0.31512 -0.2175
0.22141 0.31327 -0.2191
0.22066 0.31176 -0.22104
0.21982 0.31057 -0.22318
0.21889 0.30924 -0.22518
0.21831 0.30786 -0.22727
0.21775 0.30643 -0.22937
0.21683 0.305 -0.23135
0.21573 0.30355 -0.23317
0.21511 0.30246 -0.23538
0.21484 0.3016 -0.23778
0.21472 0.30071 -0.24018
0.21458 0.29979 -0.24259
0.21459 0.29882 -0.24499
0.21474 0.2978 -0.24737
0.21442 0.29664 -0.2497
0.21383 0.29557 -0.25202
0.21315 0.29459 -0.25431
0.21274 0.29339 -0.25654
0.21269 0.29224 -0.25881
0.21308 0.29148 -0.26124
0.2133 0.29048 -0.26365
0.21319 0.28926 -0.26596
0.21285 0.28808 -0.26828
0.21234 0.28655 -0.27033
0.21204 0.28479 -0.2722
0.21193 0.28306 -0.27411
0.21162 0.28132 -0.27599
0.21086 0.27982 -0.27794
0.20995 0.27873 -0.2801
0.20887 0.27777 -0.28219
0.20827 0.27646 -0.28436
0.24532 0.35114 -0.16735
0.24524 0.35049 -0.16987
0.2452 0.34995 -0.1725
0.24461 0.34898 -0.17499
0.24363 0.3477 -0.17715
0.24271 0.34657 -0.1793
0.24187 0.34557 -0.18153
0.2412 0.34449 -0.18379
0.24073 0.34317 -0.18598
0.24023 0.34159 -0.18799
0.23967 0.33999 -0.18998
0.23964 0.33869 -0.19225
0.23963 0.33747 -0.19456
0.23992 0.33637 -0.19694
0.23942 0.3355 -0.19938
0.23886 0.33483 -0.20184
0.23813 0.33443 -0.20439
0.23641 0.33411 -0.20648
0.23422 0.33319 -0.20761
0.23221 0.33169 -0.20832
0.23068 0.32997 -0.20952
0.22933 0.32824 -0.21093
0.22801 0.32636 -0.21214
0.22672 0.32443 -0.21332
0.22542 0.32261 -0.21464
0.22424 0.32085 -0.21615
0.22329 0.31903 -0.21774
0.22223 0.31714 -0.2192
0.22098 0.31533 -0.22059
0.21973 0.3138 -0.22225
0.21885 0.31261 -0.22439
0.21781 0.31122 -0.22636
0.21652 0.30952 -0.2279
0.21592 0.30805 -0.22994
0.21521 0.30674 -0.23207
0.21423 0.3053 -0.23401
0.21401 0.30435 -0.23641
0.21383 0.30351 -0.23888
0.21327 0.30236 -0.24116
0.21291 0.30129 -0.24347
0.21287 0.30026 -0.24584
0.21306 0.29926 -0.24826
0.21281 0.29812 -0.25063
0.21223 0.29704 -0.25295
0.21154 0.29604 -0.25524
0.21123 0.29489 -0.25754
0.21109 0.29364 -0.25979
0.21128 0.29259 -0.26215
0.2115 0.29153 -0.26454
0.21134 0.29027 -0.26683
0.21094 0.28902 -0.26912
0.21046 0.2875 -0.27119
0.21014 0.28572 -0.27307
0.21 0.28393 -0.27494
0.20966 0.28213 -0.27679
0.20898 0.28069 -0.27884
0.20807 0.27957 -0.281
0.20702 0.27861 -0.28313
0.20646 0.2773 -0.28534
0.24353 0.35345 -0.16654
0.24349 0.35255 -0.16897
0.24327 0.35178 -0.1715
0.24289 0.35092 -0.17403
0.24237 0.34995 -0.17648
0.24154 0.34876 -0.17872
0.24079 0.34775 -0.18101
0.24016 0.34687 -0.18339
0.23968 0.34587 -0.18575
0.23923 0.34456 -0.18797
0.23895 0.34304 -0.19013
0.23944 0.34166 -0.19232
0.24032 0.3404 -0.19449
0.24067 0.33908 -0.19676
0.24072 0.33793 -0.1992
0.24012 0.33701 -0.20171
0.23939 0.33638 -0.20427
0.23783 0.3364 -0.20657
0.23566 0.3363 -0.20822
0.23346 0.33534 -0.20927
0.23144 0.33381 -0.20994
0.22981 0.3321 -0.21104
0.22819 0.33038 -0.21218
0.2267 0.32847 -0.21318
0.22535 0.32652 -0.21426
0.2242 0.32469 -0.21575
0.22342 0.32297 -0.21754
0.22316 0.32115 -0.21953
0.22195 0.31916 -0.22097
0.22046 0.31732 -0.22222
0.2188 0.31581 -0.22356
0.21745 0.31455 -0.22538
0.21638 0.31312 -0.2273
0.21523 0.3114 -0.22892
0.21427 0.30973 -0.23067
0.21357 0.30842 -0.23281
0.21336 0.30732 -0.23517
0.21308 0.30634 -0.23759
0.21261 0.30536 -0.24002
0.21194 0.3041 -0.24222
0.21137 0.30286 -0.24442
0.21135 0.30183 -0.24679
0.21161 0.30085 -0.24925
0.2112 0.29956 -0.25157
0.21052 0.29841 -0.25384
0.20994 0.29747 -0.2562
0.20968 0.29632 -0.25854
0.2095 0.29501 -0.26079
0.20963 0.29387 -0.26314
0.20977 0.2927 -0.26551
0.2096 0.29139 -0.26779
0.20909 0.29003 -0.27
0.20873 0.2886 -0.27218
0.20842 0.28681 -0.27408
0.20821 0.28495 -0.27591
0.20786 0.28313 -0.27776
0.20718 0.28166 -0.27982
0.20624 0.28047 -0.28195
0.20523 0.27952 -0.28413
0.20457 0.27807 -0.28624
0.24185 0.35565 -0.166
0.24173 0.35462 -0.16839
0.24165 0.35363 -0.17082
0.2413 0.35266 -0.1733
0.24092 0.35173 -0.17582
0.24035 0.35072 -0.17824
0.23968 0.34969 -0.1806
0.23912 0.34881 -0.18303
0.23857 0.34796 -0.18547
0.23805 0.34693 -0.18784
0.2378 0.34569 -0.19024
0.23899 0.3447 -0.19249
0.24002 0.3434 -0.19457
0.24065 0.34209 -0.1968
0.24123 0.34076 -0.19907
0.2414 0.33953 -0.2016
0.24077 0.33855 -0.20431
0.23906 0.33832 -0.20658
0.23691 0.33854 -0.20833
0.23468 0.33842 -0.20987
0.23242 0.33744 -0.21089
0.23038 0.3359 -0.2115
0.22852 0.33422 -0.21227
0.2267 0.33248 -0.2131
0.22512 0.33053 -0.21391
0.22377 0.32853 -0.21503
0.22279 0.32673 -0.21671
0.22198 0.325 -0.21852
0.22183 0.32337 -0.22071
0.22103 0.32134 -0.22247
0.21952 0.31938 -0.2237
0.21762 0.3178 -0.22472
0.21603 0.31644 -0.2263
0.21512 0.31502 -0.22831
0.2143 0.31333 -0.23022
0.21318 0.31162 -0.23186
0.21252 0.31032 -0.234
0.21203 0.30913 -0.23627
0.21176 0.30813 -0.23873
0.21101 0.30694 -0.24102
0.21035 0.30566 -0.24323
0.20987 0.30443 -0.24547
0.20985 0.30338 -0.24785
0.2101 0.30236 -0.25033
0.20959 0.30097 -0.2526
0.20906 0.29987 -0.25495
0.20852 0.29893 -0.25734
0.20845 0.29787 -0.25976
0.2083 0.29657 -0.26205
0.20824 0.29528 -0.26437
0.20808 0.29386 -0.26659
0.20791 0.29251 -0.26886
0.20748 0.2912 -0.27113
0.20715 0.28976 -0.27332
0.20692 0.28802 -0.27529
0.20673 0.28614 -0.27715
0.20627 0.28425 -0.27894
0.20547 0.28267 -0.2809
0.20438 0.28132 -0.28289
0.20325 0.28018 -0.28495
0.2025 0.27857 -0.28693
0.2398 0.35667 -0.16772
0.23984 0.35571 -0.17017
0.23983 0.3547 -0.17264
0.23952 0.35374 -0.17515
0.23916 0.35281 -0.17768
0.23874 0.35189 -0.18018
0.23816 0.35092 -0.18261
0.23744 0.34995 -0.18499
0.23685 0.34908 -0.18744
0.2365 0.34812 -0.18994
0.23736 0.34752 -0.19243
0.2391 0.34684 -0.19452
0.23976 0.34533 -0.19672
0.24054 0.34407 -0.19892
0.24197 0.34296 -0.20119
0.24203 0.34156 -0.20415
0.24008 0.34068 -0.20648
0.23799 0.34045 -0.20836
0.2358 0.34063 -0.21007
0.23334 0.34054 -0.21139
0.23091 0.33957 -0.21209
0.2288 0.33801 -0.21247
0.22689 0.33629 -0.21312
0.22512 0.33451 -0.21399
0.2235 0.33252 -0.21473
0.22209 0.33048 -0.21575
0.22119 0.32868 -0.21754
0.2203 0.32689 -0.2193
0.21978 0.32512 -0.22122
0.21928 0.32334 -0.22327
0.21792 0.32131 -0.2246
0.21624 0.31966 -0.22583
0.21484 0.3183 -0.22757
0.21404 0.31689 -0.2297
0.21294 0.31514 -0.23141
0.21194 0.31339 -0.23312
0.21132 0.31206 -0.23531
0.21053 0.3107 -0.23745
0.21012 0.30962 -0.23984
0.20974 0.30859 -0.24234
0.20871 0.30707 -0.24433
0.2083 0.30584 -0.2466
0.20838 0.30483 -0.24905
0.20836 0.30358 -0.25143
0.20806 0.30233 -0.25378
0.20768 0.30129 -0.25621
0.20747 0.30054 -0.25873
0.20752 0.29953 -0.26122
0.20733 0.29817 -0.26354
0.2069 0.29665 -0.2657
0.20653 0.29507 -0.26782
0.20673 0.29391 -0.27022
0.20652 0.29267 -0.27261
0.20618 0.2912 -0.27482
0.20572 0.28937 -0.27671
0.20544 0.28745 -0.27856
0.2048 0.28545 -0.28023
0.20369 0.28367 -0.28188
0.20245 0.28215 -0.28368
0.20123 0.28087 -0.28563
0.20052 0.27927 -0.28765
0.23767 0.35868 -0.16643
0.23762 0.35794 -0.169
0.23779 0.35708 -0.17153
0.23785 0.35612 -0.17404
0.23766 0.35525 -0.17658
0.23748 0.35447 -0.17917
0.23718 0.35365 -0.18174
0.23642 0.35257 -0.18413
0.23572 0.3516 -0.18653
0.23512 0.35071 -0.18898
0.2352 0.35004 -0.19157
0.23656 0.34992 -0.19395
0.23781 0.34897 -0.19618
0.23896 0.34769 -0.19829
0.24028 0.34668 -0.2005
0.24126 0.34552 -0.20313
0.24051 0.34407 -0.20587
0.23883 0.34308 -0.20811
0.23663 0.34274 -0.20986
0.23414 0.34288 -0.21127
0.23146 0.34271 -0.21215
0.22902 0.34166 -0.21266
0.22695 0.34002 -0.21305
0.22507 0.33825 -0.21377
0.22331 0.33644 -0.21464
0.22179 0.33443 -0.21557
0.22041 0.33237 -0.21667
0.21953 0.33054 -0.21846
0.21865 0.32873 -0.22022
0.21773 0.32672 -0.22173
0.21715 0.32489 -0.22365
0.21611 0.32305 -0.22534
0.21463 0.3214 -0.22682
0.21353 0.32009 -0.22886
0.21243 0.31857 -0.23079
0.21134 0.31679 -0.23247
0.21068 0.31512 -0.23442
0.21017 0.31377 -0.23667
0.20923 0.31233 -0.23874
0.20879 0.31122 -0.24114
0.2081 0.31003 -0.24346
0.20733 0.30859 -0.24558
0.20695 0.30735 -0.24789
0.20682 0.30617 -0.25027
0.2068 0.30488 -0.25263
0.2066 0.3037 -0.25501
0.20644 0.3028 -0.25754
0.20611 0.30198 -0.26008
0.20583 0.30074 -0.26245
0.2058 0.29949 -0.26483
0.20544 0.29794 -0.267
0.20545 0.29654 -0.26926
0.20558 0.29534 -0.27165
0.20558 0.29419 -0.27414
0.20498 0.29259 -0.2763
0.2041 0.29057 -0.27789
0.20362 0.28854 -0.27956
0.20294 0.28647 -0.28113
0.20181 0.28462 -0.2827
0.20063 0.28313 -0.28457
0.19939 0.28181 -0.2865
0.19862 0.28012 -0.28845
0.23517 0.35989 -0.16692
0.23531 0.35945 -0.16957
0.23559 0.35871 -0.17215
0.23575 0.35784 -0.1747
0.23563 0.35704 -0.17726
0.23559 0.35642 -0.17989
0.23523 0.35558 -0.18245
0.2347 0.35466 -0.18495
0.23402 0.3537 -0.18737
0.23345 0.35284 -0.18982
0.23334 0.35202 -0.19236
0.23434 0.35168 -0.19482
0.23568 0.3509 -0.19698
0.23742 0.35024 -0.19904
0.23895 0.34944 -0.20154
0.23908 0.3478 -0.20415
0.23837 0.34645 -0.20657
0.23682 0.34544 -0.20877
0.2346 0.34505 -0.21046
0.23194 0.34498 -0.21147
0.22925 0.34463 -0.21221
0.22687 0.34352 -0.21278
0.22498 0.34189 -0.21368
0.22326 0.34011 -0.2147
0.22159 0.33826 -0.21571
0.22011 0.33623 -0.21668
0.21892 0.33418 -0.21797
0.21796 0.33231 -0.21966
0.21726 0.33052 -0.22159
0.21623 0.32847 -0.22301
0.21515 0.32641 -0.22436
0.2142 0.3246 -0.2261
0.213 0.32306 -0.22792
0.21199 0.32178 -0.23006
0.21084 0.3202 -0.23192
0.20995 0.31845 -0.23374
0.20933 0.3168 -0.23572
0.20875 0.31543 -0.23794
0.20832 0.31412 -0.24028
0.20744 0.3128 -0.24244
0.20664 0.31153 -0.24467
0.20629 0.31023 -0.24699
0.20575 0.3089 -0.24926
0.20534 0.30754 -0.25152
0.20538 0.30627 -0.25387
0.20529 0.30516 -0.25631
0.20528 0.30437 -0.25893
0.20451 0.30323 -0.2613
0.20406 0.30184 -0.26356
0.20407 0.30064 -0.26595
0.20409 0.29935 -0.2683
0.20427 0.29804 -0.27065
0.20425 0.29675 -0.27301
0.20404 0.29551 -0.2755
0.20319 0.2937 -0.27746
0.20217 0.29152 -0.27875
0.20144 0.28923 -0.27998
0.20084 0.28722 -0.28166
0.19989 0.28551 -0.28349
0.19884 0.28412 -0.28554
0.19756 0.28273 -0.2874
0.19671 0.28093 -0.28923
0.23298 0.36105 -0.16965
0.2329 0.36156 -0.16701
0.23343 0.36052 -0.17226
0.23371 0.35975 -0.17484
0.23367 0.35903 -0.17743
0.2338 0.3586 -0.18011
0.23348 0.3578 -0.18271
0.23288 0.35683 -0.18518
0.23221 0.35587 -0.18761
0.23162 0.355 -0.19008
0.23138 0.35408 -0.19255
0.23179 0.35298 -0.19483
0.23299 0.35204 -0.19696
0.2348 0.3518 -0.19915
0.23636 0.35141 -0.20175
0.23662 0.34974 -0.20434
0.23577 0.34814 -0.20646
0.23427 0.34723 -0.20857
0.2321 0.34678 -0.21019
0.2295 0.34662 -0.21114
0.22685 0.34619 -0.21189
0.22456 0.34513 -0.21279
0.22274 0.34355 -0.21392
0.22116 0.34183 -0.21524
0.21975 0.34003 -0.21664
0.21865 0.33802 -0.21806
0.21757 0.33597 -0.21943
0.21638 0.33405 -0.22088
0.21556 0.33223 -0.22273
0.21459 0.33017 -0.22418
0.2135 0.32807 -0.22548
0.21252 0.32622 -0.22715
0.21131 0.32466 -0.22896
0.21011 0.32328 -0.23094
0.20922 0.32182 -0.23301
0.20844 0.32009 -0.23491
0.2078 0.3184 -0.23689
0.20709 0.31697 -0.23902
0.20671 0.31572 -0.24138
0.20604 0.3144 -0.24363
0.20562 0.31327 -0.24601
0.20538 0.312 -0.24842
0.2045 0.31051 -0.25052
0.20413 0.30914 -0.25277
0.20418 0.30785 -0.25512
0.20406 0.30672 -0.25757
0.20378 0.30577 -0.26012
0.20291 0.30457 -0.2624
0.20254 0.30322 -0.26469
0.20238 0.30188 -0.267
0.20246 0.30068 -0.26941
0.20261 0.29938 -0.2718
0.20232 0.2978 -0.27401
0.2018 0.2962 -0.27618
0.20095 0.29435 -0.27802
0.20002 0.29215 -0.2793
0.19936 0.28991 -0.28064
0.19883 0.28797 -0.28242
0.19797 0.28633 -0.28437
0.19675 0.28472 -0.28616
0.19548 0.28332 -0.28802
0.19471 0.28156 -0.28993
0.2306 0.36258 -0.1694
0.23064 0.36326 -0.16679
0.23101 0.36199 -0.172
0.23149 0.36152 -0.17462
0.23173 0.36112 -0.17729
0.23156 0.36039 -0.17989
0.2314 0.35982 -0.18255
0.23094 0.35899 -0.18512
0.23032 0.35808 -0.1876
0.22968 0.35718 -0.19007
0.22919 0.35594 -0.19239
0.22934 0.35438 -0.19445
0.23044 0.35324 -0.19649
0.23203 0.3527 -0.19868
0.23345 0.35246 -0.20122
0.23393 0.35121 -0.20389
0.23321 0.3496 -0.20607
0.23171 0.34857 -0.20807
0.22957 0.34813 -0.20965
0.22695 0.3478 -0.21055
0.22431 0.34737 -0.21144
0.22209 0.34646 -0.2126
0.22033 0.34493 -0.21388
0.21882 0.34328 -0.21539
0.21759 0.34162 -0.21712
0.21697 0.33988 -0.21913
0.21605 0.33782 -0.22068
0.21472 0.33583 -0.22195
0.21356 0.33387 -0.22338
0.21262 0.33181 -0.22484
0.21178 0.32979 -0.22641
0.21086 0.32793 -0.22814
0.20974 0.32637 -0.23003
0.20853 0.32497 -0.23198
0.2076 0.32347 -0.23401
0.20689 0.32177 -0.23598
0.2062 0.32003 -0.23792
0.20539 0.31851 -0.23996
0.20493 0.31721 -0.24226
0.2048 0.3162 -0.24477
0.20439 0.31506 -0.24721
0.20396 0.31373 -0.24954
0.20325 0.31224 -0.25167
0.20313 0.31096 -0.25399
0.20335 0.3097 -0.25638
0.20307 0.30849 -0.25883
0.2023 0.30729 -0.26118
0.20141 0.30608 -0.26341
0.20109 0.30475 -0.26574
0.20071 0.30325 -0.26795
0.20036 0.30159 -0.27004
0.20034 0.30006 -0.27228
0.20001 0.29826 -0.27428
0.19947 0.29648 -0.27624
0.19865 0.29465 -0.27804
0.19778 0.29261 -0.27958
0.19722 0.29051 -0.28116
0.19673 0.28861 -0.28302
0.1959 0.28698 -0.285
0.1947 0.28537 -0.2868
0.19339 0.28388 -0.2886
0.19267 0.28219 -0.2906
0.22837 0.36431 -0.16935
0.22845 0.36506 -0.16676
0.22865 0.36352 -0.17192
0.22901 0.36287 -0.17452
0.2292 0.36245 -0.17717
0.22915 0.3619 -0.17983
0.22882 0.36112 -0.18241
0.2284 0.36042 -0.185
0.22779 0.35953 -0.1875
0.22711 0.35855 -0.18994
0.22669 0.35736 -0.19232
0.22694 0.35592 -0.1945
0.22782 0.35433 -0.1964
0.22927 0.35344 -0.19851
0.23058 0.353 -0.20093
0.23111 0.3519 -0.20348
0.2305 0.35056 -0.20582
0.22904 0.34959 -0.20787
0.22688 0.349 -0.20934
0.22425 0.3486 -0.21031
0.22163 0.3482 -0.21131
0.21942 0.34729 -0.21246
0.21773 0.34591 -0.21397
0.21635 0.34442 -0.21576
0.21524 0.34287 -0.21769
0.21482 0.34135 -0.21993
0.21402 0.33934 -0.22161
0.21271 0.33732 -0.22288
0.21156 0.33533 -0.22429
0.2107 0.33329 -0.22584
0.20996 0.3313 -0.22751
0.20931 0.32953 -0.22946
0.20813 0.32791 -0.23128
0.207 0.32651 -0.23329
0.20611 0.32501 -0.23535
0.20523 0.32322 -0.23719
0.20448 0.32144 -0.23906
0.20375 0.31993 -0.24115
0.20341 0.3187 -0.24351
0.20333 0.31773 -0.24606
0.20279 0.31649 -0.24844
0.20214 0.315 -0.2506
0.20181 0.31371 -0.25294
0.20168 0.31241 -0.25529
0.20214 0.31136 -0.25778
0.20175 0.31002 -0.2602
0.20061 0.30857 -0.26227
0.19999 0.30749 -0.26466
0.19952 0.30606 -0.26692
0.1988 0.3043 -0.26885
0.19829 0.30244 -0.27074
0.19815 0.30065 -0.27276
0.19776 0.29871 -0.2746
0.19719 0.29681 -0.27645
0.19641 0.29508 -0.27835
0.19563 0.2932 -0.28011
0.19515 0.2912 -0.28186
0.19463 0.28924 -0.28363
0.19372 0.28745 -0.28544
0.19259 0.28592 -0.28735
0.19137 0.28455 -0.2893
0.19078 0.283 -0.29147
0.22632 0.36625 -0.16958
0.22635 0.367 -0.167
0.22661 0.36545 -0.17215
0.22685 0.36463 -0.17472
0.22675 0.36381 -0.17729
0.22665 0.36325 -0.17998
0.22611 0.36198 -0.18234
0.22567 0.36129 -0.18491
0.2251 0.3605 -0.18744
0.22447 0.3596 -0.18992
0.22414 0.35861 -0.19243
0.22434 0.35712 -0.19462
0.22532 0.35572 -0.19663
0.22662 0.35443 -0.19862
0.22787 0.35374 -0.20095
0.22845 0.3528 -0.20351
0.2279 0.35164 -0.20598
0.22638 0.35055 -0.20798
0.22417 0.34979 -0.20929
0.22159 0.34948 -0.21039
0.21901 0.34916 -0.21153
0.21682 0.3483 -0.21275
0.21518 0.34697 -0.21436
0.21391 0.34559 -0.21632
0.21291 0.34412 -0.21835
0.21247 0.34254 -0.22053
0.21185 0.34069 -0.22244
0.21067 0.33869 -0.22386
0.20961 0.33673 -0.2254
0.20893 0.33475 -0.22711
0.20815 0.33273 -0.22872
0.20744 0.33092 -0.23061
0.20649 0.32936 -0.23259
0.20544 0.32797 -0.23467
0.20448 0.32643 -0.23667
0.20365 0.32463 -0.23852
0.20289 0.32283 -0.24037
0.20225 0.32135 -0.24252
0.20204 0.32018 -0.24494
0.20178 0.31911 -0.24744
0.20104 0.31771 -0.24967
0.20079 0.31643 -0.25203
0.20042 0.31509 -0.25435
0.19994 0.31353 -0.25653
0.2002 0.3123 -0.25894
0.19986 0.31103 -0.26132
0.19915 0.30982 -0.26365
0.19875 0.30887 -0.26621
0.19777 0.30713 -0.26812
0.19694 0.30528 -0.26989
0.19641 0.3034 -0.27176
0.19609 0.30139 -0.27354
0.19565 0.29936 -0.27528
0.19507 0.29744 -0.2771
0.19431 0.29572 -0.27901
0.19357 0.29389 -0.28085
0.19316 0.29197 -0.28271
0.19258 0.28991 -0.28436
0.19159 0.28799 -0.286
0.19047 0.28643 -0.28791
0.1893 0.2851 -0.28992
0.18885 0.28377 -0.29226
0.2241 0.36794 -0.17007
0.22398 0.3685 -0.16742
0.22453 0.36728 -0.17268
0.22459 0.36623 -0.17519
0.22439 0.36528 -0.17772
0.22397 0.36409 -0.18013
0.22339 0.36275 -0.18242
0.22294 0.362 -0.18498
0.2225 0.36158 -0.18763
0.22199 0.36096 -0.19023
0.22172 0.36004 -0.19283
0.22166 0.35811 -0.19474
0.22258 0.35658 -0.1967
0.22402 0.35564 -0.19887
0.22527 0.35491 -0.2012
0.22587 0.354 -0.20378
0.22528 0.3528 -0.20628
0.22371 0.35154 -0.20818
0.22154 0.3508 -0.20954
0.21901 0.35057 -0.21069
0.21644 0.35025 -0.21174
0.2144 0.34957 -0.21331
0.21298 0.34845 -0.21527
0.21172 0.34702 -0.2172
0.21072 0.34551 -0.2192
0.21014 0.34374 -0.22116
0.20961 0.34196 -0.22316
0.2086 0.34006 -0.22482
0.20768 0.33815 -0.22651
0.20715 0.33623 -0.22834
0.20648 0.33423 -0.23004
0.20578 0.33239 -0.2319
0.20501 0.33088 -0.23402
0.20401 0.32948 -0.23613
0.20291 0.32787 -0.23802
0.20219 0.32609 -0.23993
0.20137 0.32425 -0.24174
0.2008 0.32279 -0.24394
0.20044 0.32153 -0.24631
0.19993 0.32025 -0.24864
0.19936 0.31894 -0.25094
0.19925 0.31776 -0.25338
0.19889 0.31639 -0.2557
0.19848 0.31485 -0.25789
0.19854 0.31343 -0.2602
0.19828 0.31223 -0.26262
0.19765 0.31108 -0.26502
0.19693 0.30994 -0.26744
0.1958 0.30803 -0.2691
0.195 0.30619 -0.27089
0.19438 0.30419 -0.27261
0.19398 0.30207 -0.27425
0.19363 0.30013 -0.2761
0.19307 0.29822 -0.27796
0.1922 0.29635 -0.27968
0.19138 0.29433 -0.28131
0.19101 0.29251 -0.28329
0.19045 0.29044 -0.28494
0.18951 0.28856 -0.28665
0.18838 0.28695 -0.28852
0.18716 0.28548 -0.29042
0.18671 0.28411 -0.29275
0.22211 0.36993 -0.17033
0.22187 0.37039 -0.16766
0.22226 0.36895 -0.17287
0.22218 0.36766 -0.17527
0.22201 0.36675 -0.17783
0.22151 0.36543 -0.18015
0.22089 0.36406 -0.18241
0.22039 0.36322 -0.18494
0.21987 0.36263 -0.18755
0.21938 0.36211 -0.19017
0.21913 0.3613 -0.19279
0.21927 0.35966 -0.19494
0.21987 0.35746 -0.19642
0.22125 0.35636 -0.19857
0.2225 0.35582 -0.20098
0.22311 0.35506 -0.20362
0.22253 0.35382 -0.20608
0.22102 0.35258 -0.208
0.21892 0.35192 -0.20948
0.21642 0.35172 -0.21068
0.21395 0.35155 -0.21202
0.21201 0.35098 -0.21375
0.21064 0.34992 -0.2158
0.20948 0.34856 -0.21785
0.2085 0.34697 -0.21983
0.20792 0.34515 -0.22177
0.20731 0.34326 -0.22363
0.20658 0.34158 -0.22563
0.20584 0.33976 -0.22752
0.20553 0.33793 -0.2295
0.2052 0.33602 -0.23143
0.20454 0.33417 -0.23331
0.20373 0.33262 -0.23539
0.20265 0.33117 -0.23743
0.20173 0.32958 -0.23944
0.20093 0.32776 -0.2413
0.20004 0.3259 -0.24306
0.19937 0.32439 -0.24521
0.19841 0.32272 -0.24716
0.19795 0.32143 -0.24952
0.19762 0.3203 -0.25198
0.19745 0.31906 -0.25439
0.19727 0.31781 -0.25679
0.19717 0.31644 -0.25914
0.19688 0.31476 -0.26127
0.19663 0.31357 -0.26372
0.19577 0.31222 -0.26597
0.19476 0.31081 -0.26809
0.19377 0.30898 -0.26987
0.19294 0.30706 -0.27159
0.19223 0.30494 -0.27315
0.19184 0.30282 -0.2748
0.19149 0.30084 -0.27664
0.19089 0.29886 -0.27842
0.18997 0.29683 -0.27995
0.18918 0.29486 -0.28165
0.18875 0.29289 -0.28346
0.18827 0.29095 -0.2853
0.18738 0.28912 -0.28711
0.18624 0.28746 -0.28894
0.18503 0.28597 -0.29083
0.18451 0.2843 -0.29291
0.22035 0.37211 -0.17086
0.22073 0.37296 -0.16824
0.22007 0.37071 -0.1732
0.21983 0.36919 -0.17546
0.21945 0.36791 -0.17783
0.21904 0.36679 -0.18028
0.21852 0.36558 -0.18266
0.21793 0.3646 -0.18512
0.21735 0.36392 -0.1877
0.21678 0.36324 -0.19027
0.21651 0.3624 -0.19287
0.21665 0.36079 -0.19507
0.21727 0.35863 -0.19659
0.21836 0.35658 -0.1982
0.21962 0.3561 -0.2007
0.2202 0.35544 -0.2033
0.21968 0.35439 -0.2058
0.21823 0.35326 -0.20779
0.21618 0.35273 -0.2094
0.21371 0.35256 -0.21078
0.21129 0.35245 -0.21234
0.20938 0.35197 -0.21416
0.20796 0.35074 -0.21608
0.20676 0.34918 -0.21796
0.206 0.34807 -0.22032
0.20561 0.34639 -0.22246
0.20508 0.34451 -0.22439
0.20491 0.34326 -0.22682
0.20475 0.34166 -0.22908
0.20419 0.3397 -0.23094
0.20386 0.3378 -0.23289
0.20317 0.3359 -0.23473
0.20218 0.33424 -0.23663
0.20159 0.33289 -0.23892
0.20091 0.3313 -0.24109
0.19969 0.32943 -0.2427
0.19871 0.32754 -0.2444
0.19781 0.32591 -0.24638
0.19669 0.32417 -0.2482
0.19632 0.3229 -0.25061
0.19591 0.3217 -0.25302
0.19579 0.32047 -0.25545
0.19578 0.31934 -0.25794
0.19557 0.31788 -0.26027
0.19515 0.31606 -0.26228
0.19471 0.31474 -0.26464
0.19363 0.31308 -0.26659
0.19245 0.31137 -0.26837
0.19158 0.30971 -0.27035
0.19084 0.3079 -0.27224
0.19015 0.30579 -0.27382
0.18979 0.30368 -0.27552
0.18933 0.30151 -0.27711
0.18868 0.29943 -0.27875
0.18776 0.29736 -0.28025
0.18698 0.29541 -0.28199
0.18656 0.29342 -0.2838
0.18606 0.29142 -0.28558
0.18523 0.2897 -0.28753
0.1841 0.28802 -0.28935
0.18288 0.28648 -0.29119
0.18231 0.2846 -0.29309
0.21952 0.37565 -0.16671
0.21915 0.37506 -0.16955
0.21812 0.37365 -0.17181
0.21753 0.37182 -0.17377
0.21727 0.37023 -0.17595
0.2168 0.36875 -0.1782
0.2163 0.36741 -0.18056
0.21588 0.36648 -0.18311
0.21535 0.36565 -0.18566
0.21468 0.36479 -0.18817
0.21413 0.36415 -0.19077
0.21403 0.3636 -0.1935
0.21407 0.36184 -0.19564
0.21478 0.35984 -0.19733
0.21579 0.35778 -0.19883
0.21678 0.35625 -0.20085
0.21731 0.35518 -0.20328
0.21679 0.35444 -0.20583
0.2154 0.35359 -0.20794
0.21339 0.35319 -0.20966
0.21098 0.35317 -0.21127
0.20858 0.35307 -0.21291
0.20667 0.35256 -0.2148
0.2052 0.351 -0.21649
0.20403 0.3493 -0.21826
0.20328 0.3484 -0.22072
0.20303 0.34701 -0.22307
0.20294 0.34572 -0.22546
0.20329 0.34501 -0.22816
0.20322 0.34339 -0.23057
0.20247 0.34123 -0.23228
0.20185 0.33917 -0.23395
0.20125 0.33729 -0.23582
0.20086 0.33588 -0.23809
0.20108 0.33478 -0.24073
0.20015 0.33302 -0.24293
0.19847 0.33108 -0.24417
0.19746 0.32918 -0.24584
0.19608 0.3274 -0.2474
0.19516 0.32571 -0.24936
0.19464 0.32435 -0.25168
0.19424 0.32312 -0.25409
0.19414 0.32189 -0.25653
0.19397 0.3206 -0.25896
0.1935 0.31887 -0.26105
0.19309 0.317 -0.26301
0.19239 0.31532 -0.26505
0.19131 0.31357 -0.26688
0.19021 0.312 -0.26883
0.18941 0.31043 -0.27094
0.18874 0.30869 -0.27294
0.18803 0.30653 -0.27446
0.18753 0.30419 -0.2758
0.18709 0.30202 -0.27742
0.18648 0.3 -0.27918
0.18555 0.29786 -0.28059
0.18477 0.29589 -0.28232
0.18434 0.29389 -0.28412
0.18386 0.29191 -0.28595
0.18312 0.29032 -0.28806
0.18195 0.28852 -0.28975
0.1807 0.28685 -0.29148
0.18009 0.28474 -0.29311
0.21771 0.37763 -0.16821
0.21684 0.37642 -0.17089
0.21556 0.37458 -0.17269
0.2149 0.37258 -0.17446
0.21468 0.37103 -0.17669
0.21412 0.36934 -0.1788
0.21361 0.36796 -0.18116
0.21311 0.3668 -0.18363
0.21259 0.36605 -0.18624
0.21195 0.36528 -0.18882
0.21154 0.36504 -0.19154
0.21169 0.36504 -0.1945
0.21154 0.36286 -0.19648
0.21211 0.36063 -0.19796
0.21318 0.35866 -0.19956
0.21407 0.35687 -0.20144
0.21445 0.35504 -0.20346
0.21394 0.35425 -0.206
0.21257 0.3538 -0.20827
0.21063 0.35366 -0.21013
0.20826 0.35373 -0.21182
0.20581 0.35348 -0.2134
0.20384 0.35261 -0.21512
0.20244 0.35098 -0.2168
0.20133 0.3494 -0.21872
0.20058 0.34831 -0.2211
0.2004 0.34732 -0.22365
0.20072 0.34698 -0.22638
0.20101 0.34628 -0.22912
0.20112 0.34484 -0.23169
0.20051 0.3426 -0.23342
0.20003 0.34056 -0.23517
0.19962 0.33877 -0.23715
0.19982 0.33772 -0.23969
0.1996 0.3365 -0.24232
0.19851 0.33461 -0.24436
0.19724 0.33262 -0.24593
0.19565 0.33057 -0.24697
0.19422 0.32869 -0.24839
0.19338 0.32703 -0.25044
0.19282 0.32561 -0.25273
0.19241 0.32435 -0.25514
0.19228 0.32308 -0.25758
0.19194 0.32157 -0.25986
0.19148 0.3198 -0.26193
0.19097 0.31779 -0.26375
0.19012 0.31586 -0.26551
0.18907 0.31417 -0.26746
0.18823 0.31292 -0.26978
0.1874 0.31128 -0.27184
0.18651 0.30925 -0.27346
0.18586 0.30713 -0.27509
0.18529 0.30469 -0.27622
0.18481 0.30233 -0.27755
0.18418 0.30022 -0.27922
0.18327 0.29812 -0.28072
0.1825 0.29616 -0.2825
0.18216 0.29438 -0.28458
0.18175 0.29253 -0.28657
0.18092 0.2907 -0.28843
0.17974 0.28883 -0.29006
0.17847 0.28707 -0.29169
0.17788 0.28503 -0.29345
0.21497 0.37852 -0.169
0.21425 0.37755 -0.17172
0.21287 0.37538 -0.17314
0.21228 0.37342 -0.17499
0.21204 0.3718 -0.17721
0.21153 0.3702 -0.17939
0.21092 0.36863 -0.18161
0.2104 0.36745 -0.18408
0.2099 0.36674 -0.18672
0.20925 0.36598 -0.18931
0.20887 0.36582 -0.19206
0.20888 0.36596 -0.19505
0.20893 0.36388 -0.1972
0.20946 0.36148 -0.19852
0.21045 0.35935 -0.20005
0.21134 0.35748 -0.2019
0.21167 0.3556 -0.20387
0.21112 0.35451 -0.20632
0.20979 0.35418 -0.20866
0.20789 0.35417 -0.21061
0.20549 0.35413 -0.21223
0.203 0.35369 -0.21363
0.20104 0.35262 -0.21522
0.19969 0.3512 -0.2171
0.19864 0.34973 -0.21915
0.19798 0.3488 -0.22162
0.19788 0.34803 -0.22423
0.19818 0.34775 -0.22697
0.19843 0.34708 -0.22971
0.19867 0.34591 -0.23232
0.19862 0.34407 -0.23453
0.19832 0.34207 -0.23643
0.19831 0.34057 -0.23869
0.19801 0.3393 -0.24115
0.1973 0.33783 -0.24356
0.19626 0.33602 -0.24564
0.19488 0.3338 -0.24695
0.19335 0.33143 -0.24757
0.19217 0.32968 -0.24937
0.19148 0.32813 -0.25156
0.19099 0.32675 -0.25391
0.19054 0.32545 -0.2563
0.19024 0.32395 -0.2586
0.18998 0.32254 -0.26099
0.18948 0.32069 -0.26305
0.18881 0.31842 -0.26455
0.18794 0.31644 -0.26625
0.187 0.31489 -0.26836
0.18623 0.31374 -0.27079
0.18526 0.3119 -0.27265
0.18444 0.30993 -0.27439
0.18381 0.30781 -0.27612
0.18308 0.30517 -0.27675
0.1825 0.30257 -0.27759
0.18187 0.3003 -0.27908
0.18098 0.29835 -0.28084
0.18026 0.29655 -0.28282
0.17997 0.29488 -0.28501
0.17958 0.29304 -0.28701
0.17871 0.29107 -0.28872
0.17755 0.28922 -0.29041
0.17632 0.28753 -0.29217
0.17579 0.28555 -0.29403
0.21282 0.38021 -0.16627
0.21222 0.37941 -0.16885
0.21148 0.37837 -0.1713
0.21042 0.37678 -0.17332
0.20981 0.37477 -0.17514
0.20951 0.373 -0.17724
0.209 0.37141 -0.17944
0.20856 0.37019 -0.18188
0.20785 0.3687 -0.18412
0.20738 0.36804 -0.18678
0.20668 0.3672 -0.18932
0.20604 0.3661 -0.1918
0.20591 0.36587 -0.19462
0.20613 0.36467 -0.19716
0.20689 0.36266 -0.19895
0.20796 0.36063 -0.20058
0.20875 0.35858 -0.2023
0.20909 0.35675 -0.20432
0.20841 0.35537 -0.20659
0.20702 0.35477 -0.20886
0.2051 0.35467 -0.21077
0.20269 0.35452 -0.21235
0.20019 0.35389 -0.21364
0.19824 0.35255 -0.21501
0.19692 0.35133 -0.21703
0.19594 0.35022 -0.21932
0.19533 0.34946 -0.22188
0.19522 0.34856 -0.22445
0.19548 0.34818 -0.22717
0.19575 0.34753 -0.22988
0.19606 0.34676 -0.23257
0.19648 0.34576 -0.23528
0.19647 0.34384 -0.23752
0.1959 0.34181 -0.23939
0.19523 0.34026 -0.24165
0.19441 0.33816 -0.24331
0.19344 0.33609 -0.24491
0.19224 0.3339 -0.24617
0.19094 0.33199 -0.24777
0.19003 0.33067 -0.25008
0.18965 0.32952 -0.25259
0.18912 0.3281 -0.25492
0.18842 0.32648 -0.25709
0.18792 0.32459 -0.25905
0.18756 0.32316 -0.26143
0.18704 0.32111 -0.26329
0.18651 0.31894 -0.26494
0.18579 0.3172 -0.26695
0.18491 0.31575 -0.26913
0.18397 0.31434 -0.27134
0.18295 0.31232 -0.27298
0.18213 0.31031 -0.27469
0.18143 0.3081 -0.27622
0.18081 0.30554 -0.27712
0.18022 0.30293 -0.27789
0.17956 0.3005 -0.27918
0.17872 0.29867 -0.28111
0.17808 0.29708 -0.28329
0.17778 0.29536 -0.28544
0.17738 0.29346 -0.28739
0.17655 0.29155 -0.2892
0.17538 0.28964 -0.29082
0.17415 0.28792 -0.29257
0.17366 0.28597 -0.29449
0.21056 0.38188 -0.16676
0.20987 0.38097 -0.16928
0.20892 0.37957 -0.17149
0.20793 0.37808 -0.1736
0.20739 0.37616 -0.17554
0.20695 0.37414 -0.17739
0.2064 0.37244 -0.1795
0.20595 0.37124 -0.18197
0.20535 0.36998 -0.18438
0.20481 0.36923 -0.18701
0.20399 0.36809 -0.18941
0.20325 0.36669 -0.19172
0.20305 0.3659 -0.19439
0.20333 0.36518 -0.19708
0.20413 0.3634 -0.19907
0.20533 0.36168 -0.20097
0.20624 0.35984 -0.20287
0.20666 0.35812 -0.20502
0.20583 0.3565 -0.2071
0.20428 0.35548 -0.2091
0.20235 0.35528 -0.21102
0.19988 0.35492 -0.21253
0.19739 0.35401 -0.21359
0.19547 0.35269 -0.21501
0.19416 0.35144 -0.21704
0.1932 0.35051 -0.21944
0.19261 0.34979 -0.22205
0.19251 0.34843 -0.2245
0.19277 0.34801 -0.22722
0.19305 0.34784 -0.23001
0.19332 0.34703 -0.2327
0.1936 0.34612 -0.23537
0.19374 0.34483 -0.23809
0.1932 0.34217 -0.2394
0.19262 0.3397 -0.24058
0.192 0.33744 -0.24214
0.191 0.33572 -0.24409
0.18972 0.33392 -0.24581
0.18858 0.33272 -0.2481
0.18768 0.33136 -0.25034
0.18722 0.33023 -0.25285
0.18669 0.3287 -0.25513
0.18597 0.32695 -0.25719
0.18553 0.32511 -0.25923
0.18513 0.32299 -0.26099
0.18464 0.32105 -0.26291
0.18414 0.31918 -0.2649
0.18346 0.31767 -0.26712
0.18255 0.31606 -0.26921
0.18159 0.31457 -0.27135
0.18065 0.31276 -0.27323
0.17978 0.31055 -0.27466
0.17909 0.30828 -0.27609
0.17853 0.3059 -0.27741
0.17797 0.30328 -0.27821
0.17727 0.30078 -0.27937
0.17646 0.299 -0.2814
0.17588 0.29754 -0.28371
0.17558 0.29581 -0.28585
0.17519 0.29391 -0.28782
0.17437 0.29198 -0.28963
0.1732 0.29007 -0.29128
0.17201 0.28837 -0.29306
0.17151 0.28635 -0.29493
0.20437 0.37526 -0.17749
0.20376 0.37342 -0.17953
0.20329 0.37218 -0.182
0.20281 0.37118 -0.18456
0.20213 0.37016 -0.18706
0.20124 0.36881 -0.18933
0.2005 0.3675 -0.1917
0.20037 0.36686 -0.19444
0.20064 0.36603 -0.19709
0.20141 0.36423 -0.19908
0.2026 0.36254 -0.20105
0.20358 0.36093 -0.20315
0.20395 0.35915 -0.20524
0.20318 0.35757 -0.20738
0.20165 0.35656 -0.20945
0.19959 0.35597 -0.21117
0.19708 0.35523 -0.21227
0.19463 0.35441 -0.21332
0.19276 0.35329 -0.21499
0.19141 0.35178 -0.21689
0.19048 0.35075 -0.21929
0.1899 0.34992 -0.22188
0.18983 0.34864 -0.22436
0.19016 0.34735 -0.22683
0.19033 0.34758 -0.22971
0.19063 0.34685 -0.23244
0.1909 0.34581 -0.23504
0.19088 0.34455 -0.23766
0.19058 0.34209 -0.23921
0.19006 0.33962 -0.24041
0.18942 0.33732 -0.24194
0.18845 0.3358 -0.24408
0.18722 0.33424 -0.24603
0.1861 0.3328 -0.24814
0.18521 0.33132 -0.25033
0.18471 0.33035 -0.25294
0.18421 0.32912 -0.25544
0.18351 0.32714 -0.25737
0.18307 0.32504 -0.25917
0.18273 0.3228 -0.2608
0.18225 0.32097 -0.26285
0.18177 0.31928 -0.26501
0.18107 0.31763 -0.26714
0.18019 0.31618 -0.26937
0.17925 0.31478 -0.27157
0.17838 0.3132 -0.27373
0.1775 0.31092 -0.27511
0.17676 0.30847 -0.27622
0.1762 0.30591 -0.27716
0.17565 0.30339 -0.27826
0.175 0.30109 -0.2798
0.17422 0.29935 -0.28186
0.17367 0.29791 -0.28419
0.17336 0.29615 -0.28631
0.17299 0.29426 -0.2883
0.17219 0.29234 -0.29013
0.17113 0.29059 -0.29201
0.1699 0.28879 -0.29368
0.1693 0.28654 -0.29522
0.1987 0.37003 -0.1891
0.19799 0.36886 -0.19153
0.19786 0.3682 -0.19424
0.19807 0.36725 -0.19683
0.1988 0.36529 -0.19871
0.19996 0.36355 -0.20069
0.20088 0.3618 -0.20273
0.20127 0.36016 -0.20493
0.20054 0.35872 -0.20717
0.19893 0.35743 -0.20907
0.19685 0.35659 -0.21062
0.19441 0.35592 -0.21172
0.19204 0.35545 -0.21306
0.19021 0.3544 -0.21484
0.18891 0.35296 -0.21681
0.18793 0.35165 -0.21903
0.1873 0.35049 -0.22148
0.18723 0.3491 -0.22388
0.18755 0.3474 -0.2261
0.18797 0.34651 -0.22875
0.18806 0.34643 -0.23163
0.18838 0.34533 -0.23422
0.18852 0.34374 -0.23655
0.1881 0.34175 -0.23846
0.18751 0.33972 -0.24027
0.18688 0.33771 -0.24211
0.18594 0.33607 -0.24414
0.18472 0.33447 -0.24607
0.1836 0.33305 -0.24819
0.18272 0.33147 -0.2503
0.18228 0.32986 -0.25254
0.18174 0.32874 -0.25508
0.18107 0.3269 -0.25709
0.18068 0.32471 -0.25879
0.18032 0.32277 -0.26075
0.17986 0.3211 -0.26293
0.17939 0.31936 -0.26506
0.17871 0.3179 -0.26733
0.17788 0.31662 -0.26967
0.17695 0.31521 -0.27187
0.17604 0.31351 -0.27392
0.17515 0.31113 -0.27511
0.17442 0.30858 -0.27597
0.17385 0.30609 -0.27711
0.17336 0.30373 -0.27856
0.17278 0.30158 -0.2803
0.17205 0.29993 -0.28243
0.17143 0.29831 -0.28461
0.17123 0.29673 -0.2869
0.17089 0.29487 -0.28893
0.17019 0.29308 -0.29094
0.16905 0.29117 -0.29262
0.16775 0.28926 -0.29412
0.16716 0.28701 -0.29566
0.19728 0.36439 -0.20018
0.19622 0.36663 -0.19862
0.19826 0.36285 -0.20236
0.19859 0.36101 -0.20442
0.19781 0.35944 -0.20656
0.19622 0.35801 -0.20835
0.19418 0.35729 -0.20998
0.19176 0.35676 -0.21127
0.18938 0.35633 -0.21269
0.18757 0.35536 -0.21455
0.18638 0.35411 -0.2167
0.18547 0.35291 -0.21903
0.18484 0.35168 -0.22145
0.18468 0.34988 -0.2236
0.18499 0.34829 -0.22586
0.18536 0.34646 -0.22797
0.18589 0.34523 -0.23044
0.18619 0.34435 -0.23308
0.18638 0.34274 -0.23535
0.18576 0.34103 -0.23748
0.18497 0.33992 -0.23994
0.18437 0.33813 -0.242
0.18343 0.33641 -0.24397
0.18226 0.33499 -0.24607
0.18116 0.33366 -0.24826
0.18028 0.33196 -0.2503
0.17979 0.33006 -0.25229
0.17935 0.3284 -0.25448
0.17868 0.32675 -0.25662
0.17826 0.32478 -0.25854
0.17791 0.32286 -0.26054
0.17747 0.32117 -0.26273
0.17703 0.31971 -0.26507
0.17645 0.3186 -0.26756
0.17572 0.31754 -0.27006
0.17471 0.31597 -0.27218
0.1737 0.31377 -0.27362
0.17285 0.31157 -0.2751
0.17214 0.3091 -0.2762
0.17158 0.30662 -0.2774
0.17117 0.3044 -0.27907
0.17072 0.30241 -0.281
0.16997 0.30072 -0.28308
0.16934 0.29907 -0.28524
0.16912 0.2974 -0.28746
0.1688 0.29554 -0.28951
0.1681 0.29377 -0.29157
0.16688 0.29167 -0.29298
0.16562 0.28979 -0.29456
0.16509 0.28761 -0.29623
0.19552 0.36364 -0.20219
0.19593 0.36205 -0.20446
0.19512 0.36032 -0.2065
0.19354 0.35898 -0.20834
0.19148 0.35811 -0.20985
0.18906 0.35758 -0.21118
0.18211 0.35068 -0.22361
0.18247 0.34918 -0.22595
0.1828 0.34736 -0.22805
0.18324 0.34541 -0.23002
0.18371 0.34379 -0.23225
0.18385 0.34243 -0.23469
0.18322 0.34072 -0.23686
0.18245 0.34001 -0.23952
0.18185 0.33841 -0.24173
0.18093 0.33679 -0.24378
0.17976 0.33523 -0.24579
0.17866 0.33357 -0.24776
0.17782 0.33228 -0.25012
0.17741 0.33078 -0.25244
0.17696 0.32911 -0.25464
0.17628 0.3272 -0.25658
0.17588 0.32525 -0.25853
0.17554 0.32336 -0.26057
0.1751 0.32161 -0.26271
0.17472 0.3203 -0.26515
0.17418 0.31943 -0.26776
0.17341 0.31843 -0.27033
0.17232 0.31656 -0.27224
0.17138 0.31412 -0.2734
0.17054 0.312 -0.27501
0.16989 0.3097 -0.27646
0.1694 0.30732 -0.27787
0.16916 0.30531 -0.27982
0.16883 0.30343 -0.28187
0.16806 0.30171 -0.2839
0.16739 0.3 -0.28601
0.16703 0.29813 -0.28805
0.16663 0.29609 -0.2899
0.16582 0.294 -0.29157
0.16468 0.29209 -0.29326
0.16355 0.2904 -0.29514
0.16304 0.28821 -0.29682
0.19242 0.36128 -0.20628
0.19319 0.36289 -0.20413
0.19088 0.35999 -0.20822
0.18024 0.34801 -0.22778
0.18077 0.34645 -0.23005
0.18113 0.34441 -0.23196
0.1813 0.34269 -0.23417
0.18065 0.34095 -0.23634
0.17994 0.34027 -0.23903
0.17944 0.33926 -0.24158
0.17848 0.33756 -0.24358
0.17731 0.33599 -0.24557
0.17627 0.33442 -0.24765
0.17539 0.33266 -0.24967
0.17503 0.33136 -0.25216
0.1746 0.32978 -0.25443
0.17396 0.32799 -0.25651
0.17359 0.32606 -0.25851
0.17328 0.3242 -0.26058
0.17286 0.32245 -0.26272
0.17242 0.32089 -0.26501
0.17181 0.31935 -0.26726
0.17108 0.31794 -0.26959
0.17012 0.31593 -0.2713
0.16902 0.31423 -0.27325
0.16821 0.31223 -0.27503
0.16758 0.31002 -0.27665
0.16724 0.30793 -0.2785
0.16719 0.30618 -0.2807
0.1669 0.30433 -0.2828
0.16614 0.30259 -0.28483
0.16547 0.30089 -0.28697
0.16496 0.29881 -0.28879
0.16447 0.29659 -0.29043
0.16364 0.29444 -0.29204
0.16257 0.2926 -0.29385
0.16142 0.29085 -0.29567
0.16094 0.28866 -0.29737
0.17853 0.3448 -0.23197
0.17869 0.34285 -0.23402
0.17802 0.34117 -0.23629
0.17747 0.34097 -0.23915
0.17718 0.34042 -0.24197
0.17637 0.33889 -0.24425
0.17537 0.33746 -0.24652
0.17408 0.33555 -0.24822
0.17299 0.33337 -0.24968
0.17258 0.33159 -0.25183
0.17216 0.33006 -0.25416
0.17155 0.32839 -0.25635
0.17124 0.32667 -0.25856
0.171 0.32494 -0.26077
0.17062 0.32327 -0.26302
0.17008 0.32126 -0.26493
0.16949 0.3192 -0.26677
0.16895 0.31725 -0.26874
0.16796 0.31528 -0.2705
0.16672 0.31402 -0.27275
0.16587 0.31243 -0.2749
0.16531 0.3105 -0.27688
0.16507 0.30864 -0.27898
0.16496 0.30673 -0.28105
0.1647 0.30493 -0.2832
0.16396 0.30322 -0.28529
0.16323 0.30139 -0.28732
0.16271 0.29918 -0.289
0.16226 0.29703 -0.29076
0.16148 0.29494 -0.29249
0.16036 0.29292 -0.2941
0.15922 0.29118 -0.29596
0.1588 0.28909 -0.29781
0.17614 0.3434 -0.23431
0.17551 0.34187 -0.23663
0.17505 0.34184 -0.2395
0.17471 0.34118 -0.24231
0.17405 0.3399 -0.24484
0.17304 0.33848 -0.24724
0.17171 0.33635 -0.24877
0.1706 0.33403 -0.25
0.17014 0.33193 -0.25182
0.16972 0.33026 -0.25407
0.16915 0.32879 -0.25643
0.16886 0.32713 -0.25871
0.1687 0.3256 -0.2611
0.16833 0.32385 -0.26333
0.16781 0.32187 -0.26533
0.16715 0.3196 -0.26694
0.16661 0.31717 -0.26833
0.16557 0.31517 -0.27008
0.1644 0.31388 -0.27236
0.16353 0.31246 -0.27465
0.16305 0.31108 -0.27709
0.16282 0.30918 -0.27919
0.16267 0.30707 -0.28109
0.16239 0.30512 -0.28314
0.16167 0.3035 -0.28535
0.16095 0.30168 -0.28739
0.16046 0.29953 -0.28919
0.16001 0.29735 -0.29093
0.15923 0.2952 -0.29262
0.15816 0.29328 -0.29441
0.15702 0.29148 -0.29624
0.15663 0.28942 -0.29818
0.16919 0.33675 -0.24867
0.16814 0.33439 -0.24996
0.16772 0.33239 -0.25194
0.16731 0.33068 -0.25417
0.16675 0.32923 -0.25656
0.16662 0.32797 -0.25914
0.16644 0.32633 -0.2615
0.16607 0.32464 -0.26384
0.16549 0.32246 -0.26571
0.16481 0.31998 -0.26703
0.16425 0.31745 -0.2683
0.1632 0.31554 -0.27013
0.16205 0.31412 -0.27235
0.16119 0.31278 -0.27471
0.16076 0.31151 -0.27725
0.16056 0.30967 -0.27945
0.1604 0.30745 -0.28126
0.16013 0.30555 -0.28338
0.1594 0.30381 -0.2855
0.15869 0.30201 -0.2876
0.15823 0.29992 -0.28949
0.1578 0.29775 -0.29129
0.15703 0.29556 -0.29296
0.15594 0.29353 -0.29464
0.1548 0.29167 -0.29644
0.15441 0.28946 -0.29823
0.16531 0.33293 -0.25202
0.16492 0.3312 -0.25428
0.16438 0.32978 -0.25672
0.16429 0.32864 -0.25939
0.1641 0.32696 -0.26177
0.16366 0.32497 -0.26387
0.16308 0.32259 -0.26546
0.16244 0.32015 -0.26686
0.16191 0.31779 -0.26842
0.16087 0.31592 -0.27032
0.15975 0.31455 -0.2726
0.15902 0.31359 -0.27523
0.15847 0.31191 -0.27754
0.15823 0.30985 -0.27955
0.15811 0.30772 -0.28148
0.15783 0.30571 -0.28353
0.15715 0.30411 -0.2858
0.15645 0.30233 -0.28795
0.156 0.30026 -0.2899
0.15557 0.29803 -0.29165
0.15479 0.29576 -0.29324
0.15372 0.29373 -0.29497
0.15257 0.29176 -0.29668
0.16197 0.32931 -0.25948
0.16173 0.32745 -0.26172
0.16128 0.32526 -0.26361
0.16074 0.32291 -0.26522
0.16011 0.32055 -0.26677
0.15961 0.31836 -0.26858
0.15854 0.31639 -0.2704
0.15748 0.31515 -0.2728
0.15677 0.31428 -0.27552
0.15618 0.31241 -0.27772
0.15592 0.31013 -0.27952
0.15581 0.30801 -0.2815
0.1556 0.30625 -0.28378
0.15495 0.3047 -0.28613
0.1542 0.30273 -0.28813
0.15376 0.30064 -0.29008
0.15336 0.29849 -0.29196
0.15261 0.29623 -0.2936
0.15152 0.29411 -0.29523
0.15039 0.29217 -0.29703
0.15893 0.32561 -0.26328
0.15842 0.32337 -0.26505
0.15782 0.32115 -0.26682
0.15734 0.31899 -0.26868
0.15635 0.31724 -0.27075
0.15529 0.31599 -0.27314
0.15439 0.31454 -0.27549
0.15383 0.31252 -0.27753
0.15362 0.31048 -0.27958
0.15357 0.30853 -0.28174
0.15339 0.30683 -0.28408
0.15268 0.30507 -0.28626
0.15194 0.30305 -0.2882
0.15149 0.30092 -0.29013
0.15111 0.2988 -0.29205
0.15041 0.29666 -0.29389
0.14934 0.29456 -0.29557
0.14818 0.29249 -0.29721
0.15607 0.32368 -0.26507
0.15552 0.32164 -0.26705
0.15512 0.31966 -0.26914
0.15418 0.318 -0.27129
0.15299 0.31645 -0.27346
0.15203 0.31449 -0.27536
0.15149 0.31259 -0.2775
0.15134 0.31087 -0.27983
0.15136 0.30911 -0.28215
0.15112 0.30718 -0.28431
0.1504 0.3053 -0.28638
0.14968 0.30338 -0.28843
0.14922 0.30115 -0.29023
0.14884 0.29897 -0.2921
0.14815 0.29686 -0.29397
0.14715 0.29497 -0.29593
0.14604 0.29299 -0.29769
0.15324 0.32204 -0.26761
0.15291 0.3202 -0.26983
0.15193 0.31843 -0.27191
0.15066 0.31656 -0.27374
0.14969 0.31455 -0.27559
0.14918 0.31277 -0.27784
0.14907 0.31113 -0.28024
0.14907 0.30927 -0.28247
0.14884 0.30731 -0.28461
0.14813 0.30546 -0.28669
0.14742 0.30353 -0.28873
0.14696 0.30133 -0.29057
0.14659 0.29913 -0.29242
0.14595 0.29716 -0.29445
0.14503 0.29539 -0.29657
0.14838 0.31704 -0.27408
0.1474 0.31501 -0.27591
0.14693 0.3133 -0.27823
0.14683 0.31163 -0.2806
0.14681 0.30969 -0.28277
0.14658 0.3077 -0.28485
0.14588 0.30585 -0.28695
0.14518 0.30395 -0.28902
0.14473 0.30173 -0.29083
0.14436 0.2995 -0.29265
0.14372 0.29746 -0.29461
0.14278 0.29561 -0.29663
0.14474 0.31385 -0.27886
0.14466 0.31217 -0.28122
0.14468 0.31029 -0.28343
0.14441 0.30824 -0.28546
0.14365 0.30623 -0.28737
0.14297 0.30432 -0.28945
0.14252 0.30211 -0.29128
0.14212 0.2998 -0.29296
0.14148 0.29766 -0.29482
0.14052 0.29557 -0.29658
0.14259 0.31095 -0.28418
0.14226 0.30877 -0.28609
0.14145 0.30666 -0.28787
0.14074 0.30467 -0.28985
0.14031 0.3025 -0.29172
0.13991 0.30017 -0.29339
0.13926 0.29798 -0.29517
0.1383 0.29585 -0.29688
0.13928 0.30707 -0.28852
0.13859 0.30509 -0.29052
0.13817 0.30292 -0.29241
0.13772 0.30048 -0.29389
0.13703 0.29816 -0.2955
0.13608 0.29603 -0.29721
0.13648 0.30572 -0.29118
0.13597 0.30338 -0.29282
0.13552 0.30094 -0.2943
0.13484 0.29861 -0.29589
0.13339 0.30153 -0.29484
0.13279 0.29928 -0.29658
0.27868 0.21202 -0.26873
0.27633 0.21322 -0.26989
0.27795 0.21379 -0.26805
0.27709 0.21149 -0.27062
0.27513 0.21213 -0.27179
0.27573 0.21031 -0.27237
0.27402 0.21053 -0.27336
0.27456 0.20868 -0.27389
0.27321 0.20868 -0.27489
0.27374 0.20683 -0.2754
0.28165 0.21516 -0.2649
0.27932 0.21632 -0.26609
0.28117 0.21711 -0.26457
0.27984 0.21439 -0.26648
0.27749 0.21574 -0.26771
0.27585 0.21514 -0.2695
0.27457 0.21397 -0.27127
0.27354 0.21242 -0.27294
0.27267 0.21051 -0.27433
0.29369 0.2292 -0.25062
0.2924 0.23035 -0.25291
0.29388 0.23129 -0.25114
0.29216 0.22828 -0.25237
0.29108 0.22884 -0.25443
0.29081 0.22679 -0.25385
0.2895 0.22713 -0.25544
0.28951 0.22505 -0.25514
0.2882 0.22523 -0.25648
0.28589 0.22021 -0.25961
0.28387 0.22105 -0.26095
0.28548 0.22224 -0.25942
0.28436 0.21907 -0.26125
0.28229 0.21989 -0.26248
0.28276 0.21793 -0.2628
0.28061 0.21901 -0.2641
0.27896 0.2183 -0.26584
0.27729 0.21776 -0.26763
0.27562 0.21714 -0.26937
0.27424 0.21593 -0.27102
0.27304 0.21429 -0.27244
0.27217 0.21238 -0.27385
0.29708 0.23432 -0.24772
0.29543 0.2317 -0.24921
0.29546 0.2339 -0.24957
0.29394 0.23346 -0.25153
0.29241 0.2325 -0.25329
0.29098 0.23099 -0.2547
0.28955 0.22922 -0.25584
0.28806 0.22732 -0.25661
0.28671 0.22556 -0.2578
0.28704 0.2235 -0.25791
0.28508 0.22426 -0.2592
0.28345 0.22303 -0.26064
0.28187 0.22186 -0.26217
0.28022 0.22098 -0.26381
0.27859 0.22028 -0.26557
0.2771 0.21978 -0.26752
0.2754 0.21914 -0.26925
0.27393 0.2179 -0.2708
0.27266 0.21622 -0.27211
0.27175 0.21427 -0.27342
0.29836 0.2369 -0.24588
0.2965 0.23649 -0.24756
0.29506 0.23608 -0.24955
0.29368 0.23567 -0.25162
0.29221 0.23468 -0.25345
0.29073 0.23312 -0.25479
0.28943 0.23134 -0.25606
0.28796 0.22941 -0.25686
0.28638 0.22761 -0.25767
0.28468 0.22627 -0.25892
0.28314 0.22506 -0.26047
0.28155 0.22386 -0.26195
0.27986 0.22297 -0.26355
0.27826 0.22227 -0.26531
0.27678 0.22179 -0.26728
0.27507 0.22113 -0.26901
0.2735 0.21982 -0.2704
0.27236 0.21817 -0.27184
0.2714 0.2162 -0.2731
0.30011 0.23901 -0.241
0.29993 0.23711 -0.24379
0.29919 0.23936 -0.24345
0.29775 0.23912 -0.24561
0.29613 0.23866 -0.24751
0.29458 0.2382 -0.24943
0.29301 0.23775 -0.25134
0.29175 0.23683 -0.25331
0.29058 0.23527 -0.25496
0.2892 0.23346 -0.25617
0.28777 0.23151 -0.25704
0.28613 0.22968 -0.25764
0.28435 0.22831 -0.25869
0.2829 0.22709 -0.26031
0.28133 0.22588 -0.26181
0.27961 0.22497 -0.26336
0.27789 0.22424 -0.26499
0.27622 0.22368 -0.26677
0.27454 0.22301 -0.26848
0.27313 0.22176 -0.27006
0.27206 0.22013 -0.27158
0.27114 0.21816 -0.27288
0.30139 0.23789 -0.23366
0.30014 0.24015 -0.23559
0.3007 0.24002 -0.23321
0.30114 0.23814 -0.23612
0.29964 0.24054 -0.238
0.30069 0.23856 -0.23855
0.29895 0.24096 -0.24041
0.29788 0.24121 -0.24275
0.29674 0.24115 -0.24501
0.29567 0.24096 -0.24732
0.29424 0.24045 -0.24944
0.29234 0.23978 -0.25103
0.291 0.23885 -0.2529
0.29023 0.23759 -0.25508
0.28883 0.23569 -0.25634
0.28738 0.23365 -0.25709
0.28579 0.23177 -0.25763
0.28399 0.23034 -0.25852
0.28261 0.22913 -0.26018
0.28116 0.22791 -0.26177
0.27951 0.22699 -0.26341
0.27765 0.22625 -0.26489
0.27576 0.2256 -0.26638
0.27409 0.22492 -0.26807
0.2728 0.22371 -0.26976
0.27174 0.22207 -0.27127
0.27086 0.22012 -0.27261
0.30422 0.24157 -0.22694
0.30196 0.24299 -0.22832
0.30313 0.24352 -0.22622
0.30285 0.24091 -0.2289
0.30088 0.24253 -0.2305
0.30159 0.24035 -0.23095
0.29966 0.24196 -0.23256
0.29882 0.24188 -0.23483
0.29819 0.24218 -0.23719
0.2974 0.2425 -0.23955
0.29641 0.24277 -0.24184
0.29536 0.24281 -0.24412
0.29444 0.24283 -0.24645
0.29343 0.24264 -0.24887
0.29173 0.24192 -0.25073
0.29021 0.24085 -0.25244
0.28902 0.23932 -0.25402
0.28783 0.23765 -0.25556
0.28658 0.23569 -0.25663
0.28513 0.23377 -0.25729
0.28346 0.23235 -0.25834
0.28216 0.23114 -0.26002
0.28089 0.22994 -0.26176
0.2794 0.22903 -0.26356
0.27745 0.22828 -0.26496
0.27544 0.22759 -0.2662
0.27382 0.2269 -0.2679
0.2725 0.22567 -0.26953
0.27146 0.22403 -0.27102
0.27058 0.22207 -0.27232
0.30897 0.24774 -0.21629
0.30655 0.24897 -0.21733
0.3083 0.25 -0.21598
0.30733 0.24683 -0.2179
0.30524 0.248 -0.21916
0.30618 0.24602 -0.21994
0.30422 0.24701 -0.22116
0.30525 0.24514 -0.22206
0.30311 0.24597 -0.2231
0.30427 0.24424 -0.22415
0.30204 0.2453 -0.2252
0.30092 0.24483 -0.22735
0.29974 0.24432 -0.22948
0.29858 0.24374 -0.23156
0.2975 0.24333 -0.23367
0.29667 0.24337 -0.23595
0.29585 0.2436 -0.23827
0.29486 0.24384 -0.24053
0.29389 0.24398 -0.24281
0.29294 0.24397 -0.2451
0.29208 0.24404 -0.24746
0.29085 0.24399 -0.24983
0.28927 0.24281 -0.25169
0.28802 0.24089 -0.2529
0.28691 0.23899 -0.25407
0.28571 0.23726 -0.25537
0.28433 0.23557 -0.25651
0.28291 0.23433 -0.25806
0.28168 0.23314 -0.25981
0.2806 0.23199 -0.26169
0.27924 0.23114 -0.26366
0.27715 0.23032 -0.26486
0.27516 0.2296 -0.26606
0.27359 0.22891 -0.26777
0.27223 0.22765 -0.26932
0.27119 0.226 -0.27078
0.27032 0.22402 -0.27206
0.31242 0.25233 -0.21044
0.31142 0.25423 -0.21241
0.31222 0.25472 -0.21005
0.31186 0.25184 -0.21289
0.30975 0.25335 -0.21421
0.31036 0.25107 -0.21491
0.30772 0.25216 -0.21517
0.30604 0.25118 -0.21666
0.30456 0.25004 -0.21821
0.3035 0.24899 -0.22015
0.30248 0.24802 -0.22217
0.30128 0.24722 -0.22414
0.29994 0.24648 -0.22606
0.29873 0.24589 -0.22814
0.29742 0.24502 -0.23005
0.29627 0.24442 -0.23211
0.29536 0.24426 -0.23436
0.29451 0.24441 -0.23665
0.29353 0.24463 -0.23891
0.2926 0.24481 -0.24119
0.2917 0.24486 -0.24348
0.29082 0.24488 -0.24579
0.28965 0.24508 -0.2481
0.28813 0.24412 -0.25011
0.287 0.24234 -0.25162
0.28596 0.24044 -0.25283
0.28481 0.23876 -0.25419
0.28365 0.23747 -0.2559
0.28252 0.23641 -0.25781
0.28125 0.23517 -0.25951
0.28016 0.23404 -0.26138
0.27867 0.23318 -0.26321
0.27662 0.23228 -0.26437
0.27476 0.2316 -0.26573
0.27323 0.23093 -0.26749
0.27194 0.22965 -0.2691
0.2708 0.22793 -0.27041
0.27002 0.22599 -0.27178
0.31993 0.26079 -0.19923
0.31795 0.2622 -0.20025
0.31932 0.26301 -0.19833
0.31833 0.25986 -0.20089
0.31652 0.26099 -0.20188
0.31696 0.2587 -0.20257
0.31495 0.25986 -0.20341
0.31552 0.25766 -0.20429
0.31341 0.25872 -0.20497
0.31405 0.2566 -0.20594
0.31222 0.25753 -0.20679
0.31313 0.2556 -0.20797
0.3116 0.25687 -0.2091
0.31066 0.25635 -0.21136
0.30897 0.25528 -0.21292
0.30708 0.2542 -0.2141
0.30547 0.25326 -0.21572
0.30389 0.25203 -0.21716
0.3027 0.25085 -0.21897
0.30172 0.24991 -0.221
0.30048 0.24904 -0.22292
0.29903 0.24807 -0.22467
0.29779 0.24737 -0.22667
0.29656 0.24659 -0.22866
0.29534 0.24577 -0.2306
0.29422 0.24519 -0.23268
0.29331 0.24517 -0.23494
0.29235 0.24538 -0.23718
0.29141 0.24554 -0.23945
0.29052 0.24553 -0.24174
0.28969 0.24557 -0.24406
0.28851 0.24575 -0.24634
0.28706 0.2448 -0.24829
0.28589 0.24336 -0.25002
0.28483 0.24163 -0.25145
0.28372 0.24015 -0.25301
0.28274 0.23927 -0.25504
0.28182 0.23856 -0.25727
0.2806 0.23724 -0.25905
0.27936 0.23592 -0.2607
0.27782 0.23497 -0.26239
0.27589 0.23412 -0.26367
0.27407 0.23345 -0.26508
0.27253 0.23278 -0.26682
0.27146 0.23164 -0.26867
0.2705 0.22994 -0.27019
0.26959 0.2279 -0.27136
0.32485 0.26747 -0.18838
0.32409 0.26923 -0.1906
0.32503 0.26996 -0.18839
0.32387 0.26673 -0.1905
0.32246 0.268 -0.19207
0.32287 0.26563 -0.19245
0.32101 0.26681 -0.19363
0.32163 0.26455 -0.19429
0.31967 0.26581 -0.1954
0.3203 0.26355 -0.1961
0.31836 0.26502 -0.19731
0.31715 0.26436 -0.19936
0.31589 0.26324 -0.20116
0.31453 0.26218 -0.20292
0.31312 0.26108 -0.20461
0.31154 0.25967 -0.20592
0.31054 0.25874 -0.20798
0.30959 0.25821 -0.2102
0.30811 0.25729 -0.21196
0.30644 0.25642 -0.21354
0.30498 0.25552 -0.21531
0.30344 0.25431 -0.21679
0.30195 0.25288 -0.21812
0.30065 0.25157 -0.21972
0.29942 0.25065 -0.22163
0.298 0.24963 -0.22334
0.29672 0.24878 -0.22525
0.29555 0.24805 -0.22728
0.29437 0.24728 -0.22927
0.29315 0.24647 -0.23122
0.29203 0.24598 -0.23331
0.29103 0.24606 -0.23554
0.29011 0.24617 -0.2378
0.28927 0.24619 -0.24009
0.28852 0.24636 -0.24242
0.28733 0.2465 -0.24471
0.28592 0.24537 -0.24657
0.28475 0.24403 -0.24832
0.28365 0.24254 -0.24992
0.28253 0.24129 -0.25166
0.28149 0.24038 -0.25364
0.28046 0.2397 -0.25577
0.27938 0.23862 -0.25775
0.27829 0.23742 -0.25959
0.27682 0.2365 -0.26131
0.27499 0.23573 -0.26271
0.27319 0.2351 -0.26419
0.27167 0.23444 -0.26595
0.27067 0.23338 -0.26784
0.26999 0.2319 -0.26973
0.26924 0.22983 -0.27103
0.33278 0.27883 -0.17536
0.33339 0.27642 -0.17835
0.33126 0.27833 -0.17758
0.32983 0.27677 -0.17908
0.33154 0.27482 -0.17968
0.3287 0.27541 -0.1807
0.33002 0.27323 -0.18085
0.32776 0.27454 -0.18273
0.32864 0.27214 -0.18252
0.32657 0.27364 -0.18467
0.32734 0.2712 -0.18436
0.32587 0.27041 -0.18614
0.32541 0.27287 -0.18663
0.32467 0.2725 -0.18896
0.32341 0.27176 -0.19111
0.32152 0.27032 -0.19215
0.31979 0.26888 -0.19312
0.31841 0.26782 -0.19482
0.317 0.26689 -0.19656
0.31566 0.26605 -0.19841
0.31461 0.26518 -0.20041
0.31366 0.26447 -0.20256
0.31236 0.26343 -0.20447
0.31075 0.26193 -0.20563
0.30945 0.26078 -0.20733
0.30827 0.26001 -0.20932
0.30702 0.25929 -0.21129
0.30563 0.25863 -0.21319
0.30423 0.25776 -0.21502
0.30274 0.25656 -0.21656
0.30126 0.25511 -0.21788
0.29976 0.25362 -0.21909
0.29836 0.25245 -0.22068
0.29692 0.25135 -0.2223
0.29564 0.25044 -0.22415
0.29438 0.24952 -0.22602
0.29329 0.24888 -0.22811
0.29203 0.24794 -0.22998
0.29085 0.24728 -0.23198
0.28968 0.24698 -0.23408
0.28875 0.24698 -0.23631
0.28799 0.24709 -0.23861
0.2873 0.24737 -0.24098
0.28599 0.24725 -0.24322
0.28464 0.24599 -0.24499
0.28354 0.24457 -0.24668
0.28242 0.24317 -0.24832
0.28127 0.24219 -0.25021
0.28022 0.24119 -0.25217
0.27918 0.24014 -0.25411
0.27815 0.23936 -0.25618
0.27712 0.23847 -0.25819
0.27572 0.23774 -0.26004
0.27396 0.23712 -0.26159
0.27226 0.23665 -0.26324
0.27074 0.23599 -0.265
0.26977 0.23499 -0.26694
0.26914 0.23356 -0.2688
0.26871 0.23176 -0.27051
0.33609 0.28029 -0.16665
0.33376 0.28178 -0.16802
0.33499 0.28263 -0.1661
0.33474 0.27937 -0.16847
0.33239 0.28085 -0.1698
0.33346 0.27855 -0.17039
0.33136 0.28016 -0.17189
0.33324 0.27849 -0.17285
0.33052 0.27993 -0.1742
0.32913 0.2792 -0.17609
0.32817 0.27856 -0.17822
0.32738 0.27758 -0.18027
0.32657 0.27685 -0.18247
0.32545 0.27602 -0.18448
0.32426 0.27519 -0.18639
0.32347 0.27501 -0.1888
0.32182 0.27383 -0.19045
0.32015 0.27235 -0.19156
0.31857 0.27097 -0.19276
0.31706 0.26973 -0.19417
0.31561 0.26873 -0.19583
0.31415 0.2677 -0.19747
0.31308 0.26681 -0.19945
0.3121 0.2661 -0.20155
0.31098 0.26529 -0.2036
0.30952 0.26389 -0.20502
0.30825 0.26278 -0.20677
0.30718 0.26208 -0.20884
0.30605 0.26145 -0.2109
0.30462 0.26074 -0.21275
0.30316 0.25983 -0.21449
0.30175 0.25868 -0.21614
0.30034 0.25727 -0.21755
0.29879 0.25567 -0.21856
0.29733 0.25437 -0.21998
0.29584 0.25319 -0.22148
0.29448 0.25213 -0.22317
0.29319 0.25109 -0.22493
0.29201 0.25026 -0.22686
0.29088 0.24951 -0.22887
0.28972 0.24883 -0.23086
0.28856 0.24846 -0.23292
0.28758 0.24834 -0.2351
0.28685 0.24846 -0.23741
0.28597 0.24857 -0.23976
0.28453 0.2479 -0.24178
0.28327 0.24664 -0.24352
0.28219 0.24529 -0.24524
0.28107 0.24391 -0.24689
0.27994 0.24293 -0.24878
0.27893 0.24218 -0.25087
0.27792 0.24109 -0.25281
0.27689 0.24002 -0.25472
0.27592 0.23941 -0.25684
0.27459 0.2389 -0.2588
0.27291 0.23847 -0.26048
0.27126 0.23812 -0.26223
0.26974 0.23747 -0.264
0.26877 0.23641 -0.26589
0.26823 0.2351 -0.26782
0.26794 0.23347 -0.26969
0.3325 0.28399 -0.16736
0.3313 0.28317 -0.16927
0.33018 0.2824 -0.17127
0.32884 0.2815 -0.17309
0.32745 0.28066 -0.17486
0.32643 0.27993 -0.1769
0.326 0.27955 -0.17928
0.32514 0.27879 -0.18146
0.32392 0.2778 -0.18336
0.32269 0.27683 -0.18519
0.32162 0.27625 -0.18729
0.32027 0.27536 -0.18915
0.31879 0.27424 -0.19072
0.31732 0.273 -0.19219
0.31584 0.27178 -0.19367
0.31427 0.27059 -0.19507
0.31275 0.26944 -0.19656
0.31156 0.26832 -0.19834
0.31055 0.26753 -0.20038
0.30956 0.26693 -0.20252
0.30852 0.26606 -0.20455
0.30721 0.26487 -0.20621
0.30601 0.26406 -0.20815
0.30485 0.26339 -0.21016
0.30348 0.26272 -0.21205
0.30213 0.2619 -0.21391
0.30068 0.26071 -0.2155
0.29928 0.2593 -0.21692
0.29786 0.2578 -0.21816
0.29637 0.25643 -0.21947
0.29484 0.25515 -0.22083
0.29334 0.25382 -0.22218
0.29202 0.25268 -0.22383
0.29084 0.2518 -0.22575
0.28967 0.25096 -0.22767
0.28858 0.25035 -0.22971
0.28752 0.25007 -0.23183
0.28658 0.24997 -0.23404
0.28568 0.24994 -0.23631
0.28454 0.24966 -0.23854
0.28312 0.2486 -0.24032
0.28192 0.2474 -0.24207
0.28087 0.24625 -0.24391
0.27978 0.24507 -0.24573
0.27862 0.2439 -0.24749
0.27763 0.24307 -0.24952
0.27674 0.24238 -0.25168
0.2757 0.2412 -0.25354
0.27473 0.24046 -0.25559
0.27347 0.24007 -0.25759
0.27187 0.23983 -0.2594
0.27021 0.2395 -0.26117
0.26869 0.23881 -0.2629
0.26778 0.23778 -0.26479
0.2673 0.23655 -0.26678
0.26704 0.23499 -0.26871
0.33015 0.28546 -0.16877
0.33127 0.28624 -0.1668
0.32906 0.28469 -0.17079
0.32768 0.28373 -0.17256
0.32623 0.2828 -0.17422
0.32509 0.28191 -0.17612
0.32419 0.28096 -0.17813
0.32342 0.28028 -0.18032
0.32235 0.27949 -0.18235
0.32116 0.27854 -0.18422
0.32004 0.27782 -0.18622
0.3188 0.27707 -0.18819
0.31734 0.276 -0.1898
0.31589 0.2748 -0.19131
0.31456 0.27378 -0.19305
0.31303 0.27259 -0.1945
0.31152 0.27143 -0.19597
0.31023 0.27019 -0.19759
0.30898 0.26901 -0.19928
0.30798 0.26836 -0.20139
0.30702 0.26767 -0.20349
0.306 0.26684 -0.20551
0.30482 0.26603 -0.20745
0.30353 0.26521 -0.20931
0.30217 0.26453 -0.21119
0.30086 0.26375 -0.21308
0.29948 0.26267 -0.21481
0.29806 0.26123 -0.21619
0.29663 0.25962 -0.21728
0.29525 0.25841 -0.21883
0.29373 0.25707 -0.22015
0.29224 0.25567 -0.22143
0.29094 0.25454 -0.22309
0.28973 0.25362 -0.22493
0.28846 0.25256 -0.22665
0.28742 0.25198 -0.22869
0.28652 0.25185 -0.23089
0.28553 0.2517 -0.2331
0.28442 0.2515 -0.23533
0.28305 0.25067 -0.23728
0.28171 0.24934 -0.23887
0.28055 0.24812 -0.24057
0.27956 0.24726 -0.24257
0.27855 0.24643 -0.24462
0.2774 0.24517 -0.24636
0.27638 0.24412 -0.24826
0.27546 0.24327 -0.2503
0.27457 0.24252 -0.25242
0.27359 0.24168 -0.25442
0.27238 0.24133 -0.25643
0.27093 0.24138 -0.25839
0.26919 0.24093 -0.26013
0.26767 0.24013 -0.26178
0.26683 0.23918 -0.26371
0.2664 0.23798 -0.26572
0.26619 0.23649 -0.26771
0.32868 0.28758 -0.1684
0.32975 0.28834 -0.16641
0.32772 0.28692 -0.17055
0.32633 0.28591 -0.17227
0.325 0.28502 -0.17403
0.32378 0.28405 -0.17583
0.32291 0.28311 -0.17785
0.32181 0.28207 -0.17973
0.3207 0.28121 -0.18167
0.31956 0.28034 -0.18358
0.31855 0.27975 -0.18569
0.31723 0.27887 -0.18756
0.31574 0.27772 -0.18908
0.31431 0.27649 -0.19057
0.31299 0.27548 -0.19229
0.31168 0.27459 -0.1941
0.31032 0.2736 -0.19585
0.30892 0.27223 -0.19727
0.3075 0.27075 -0.19854
0.30634 0.2698 -0.20041
0.30538 0.26911 -0.20249
0.30439 0.26835 -0.20453
0.30327 0.26766 -0.20655
0.302 0.26681 -0.20841
0.3007 0.26629 -0.21038
0.29932 0.26551 -0.21226
0.29787 0.26427 -0.21383
0.2965 0.26276 -0.21516
0.29514 0.26115 -0.21632
0.29376 0.25993 -0.21784
0.29231 0.25869 -0.2193
0.29089 0.25739 -0.22073
0.28949 0.25601 -0.2221
0.28821 0.25489 -0.22377
0.28702 0.25396 -0.22558
0.28612 0.25363 -0.2277
0.28524 0.2536 -0.22991
0.28418 0.25349 -0.23216
0.28282 0.25287 -0.23425
0.28149 0.25154 -0.23596
0.28029 0.24994 -0.23736
0.27917 0.24868 -0.23904
0.27819 0.248 -0.2411
0.27724 0.24741 -0.24324
0.27622 0.24653 -0.24526
0.27527 0.24552 -0.24722
0.27427 0.24443 -0.24911
0.27337 0.24358 -0.25116
0.27247 0.24291 -0.25324
0.27124 0.24251 -0.25522
0.26976 0.24252 -0.25713
0.26816 0.24224 -0.25898
0.26671 0.2415 -0.26072
0.26585 0.24049 -0.26258
0.26552 0.23943 -0.26466
0.26538 0.23801 -0.26672
0.32742 0.28985 -0.16816
0.32614 0.2889 -0.16994
0.32495 0.28805 -0.17181
0.32374 0.28723 -0.17369
0.3225 0.2862 -0.17544
0.3217 0.2853 -0.1775
0.32063 0.28426 -0.17939
0.31942 0.28329 -0.18122
0.31811 0.28226 -0.18294
0.31686 0.28134 -0.18476
0.31558 0.28044 -0.18657
0.31419 0.27941 -0.18822
0.31283 0.27828 -0.18983
0.31148 0.27721 -0.19147
0.31012 0.27625 -0.19318
0.3087 0.27513 -0.19475
0.30737 0.27381 -0.19624
0.30601 0.2724 -0.19762
0.30479 0.2713 -0.19936
0.3038 0.27052 -0.20138
0.30278 0.26971 -0.20338
0.30168 0.26904 -0.2054
0.30038 0.26806 -0.20715
0.29899 0.26721 -0.2089
0.29763 0.26621 -0.2106
0.29627 0.26496 -0.21212
0.29491 0.26371 -0.21363
0.2936 0.26259 -0.21527
0.29227 0.26145 -0.21689
0.29087 0.26033 -0.2185
0.28941 0.25885 -0.21974
0.28803 0.25729 -0.22093
0.28675 0.25604 -0.22249
0.28551 0.25494 -0.22421
0.2844 0.25419 -0.22619
0.28343 0.25396 -0.22837
0.28239 0.25379 -0.23055
0.2812 0.25309 -0.23256
0.27999 0.25203 -0.2344
0.27884 0.25049 -0.23587
0.27772 0.24921 -0.23755
0.27677 0.24871 -0.23969
0.27588 0.24831 -0.24187
0.27496 0.24769 -0.244
0.27419 0.24701 -0.24619
0.2733 0.24602 -0.24821
0.27228 0.24488 -0.25006
0.27136 0.2441 -0.25208
0.27017 0.24376 -0.25409
0.26866 0.24369 -0.25596
0.2672 0.24352 -0.25784
0.2659 0.24299 -0.25976
0.26499 0.24192 -0.26158
0.2646 0.24077 -0.26355
0.26461 0.23957 -0.26572
0.32482 0.29115 -0.16976
0.32618 0.29223 -0.1681
0.32348 0.29013 -0.1714
0.32243 0.2894 -0.17337
0.32143 0.28852 -0.17535
0.32042 0.28747 -0.17723
0.31939 0.28647 -0.17914
0.31822 0.28554 -0.18103
0.31683 0.28445 -0.18267
0.31537 0.28323 -0.18411
0.314 0.28213 -0.1857
0.3127 0.2812 -0.18745
0.31142 0.28017 -0.18917
0.31005 0.27903 -0.19075
0.30862 0.2779 -0.19227
0.30719 0.27673 -0.19377
0.30589 0.27546 -0.1953
0.30459 0.27415 -0.19679
0.3033 0.2729 -0.19835
0.30221 0.27189 -0.20021
0.30124 0.27118 -0.20226
0.30008 0.27038 -0.2042
0.29879 0.26929 -0.20588
0.29739 0.26818 -0.20745
0.29605 0.26696 -0.20898
0.29471 0.26578 -0.21054
0.29336 0.26469 -0.21217
0.29206 0.2637 -0.21389
0.29077 0.26275 -0.21565
0.28938 0.26164 -0.21726
0.28799 0.26026 -0.21864
0.28666 0.25881 -0.21996
0.28539 0.25749 -0.22146
0.28418 0.25644 -0.22321
0.28299 0.25546 -0.22501
0.28185 0.25462 -0.22693
0.28081 0.25392 -0.22895
0.2797 0.25337 -0.23098
0.27853 0.25258 -0.23293
0.27734 0.25131 -0.23456
0.27625 0.25013 -0.2363
0.27532 0.24955 -0.23839
0.27444 0.24915 -0.24055
0.27361 0.24881 -0.24276
0.27291 0.24826 -0.24498
0.27222 0.24754 -0.24717
0.27143 0.24662 -0.24927
0.27039 0.24559 -0.25113
0.26933 0.24538 -0.25325
0.26775 0.24517 -0.25503
0.26638 0.24496 -0.25688
0.2653 0.24456 -0.25893
0.26438 0.24354 -0.2608
0.26385 0.24229 -0.26267
0.26371 0.24097 -0.26468
0.32317 0.29314 -0.16937
0.32436 0.2941 -0.16758
0.3221 0.29231 -0.17128
0.32108 0.29157 -0.17325
0.32012 0.29073 -0.17529
0.31904 0.28962 -0.17712
0.3178 0.28844 -0.17879
0.31648 0.28733 -0.18045
0.31507 0.28611 -0.18191
0.3137 0.28495 -0.18345
0.31235 0.28385 -0.18504
0.31104 0.28287 -0.18673
0.30988 0.282 -0.1886
0.30863 0.28097 -0.19035
0.30721 0.27982 -0.19188
0.3058 0.27866 -0.19339
0.30452 0.27739 -0.19493
0.30321 0.27608 -0.1964
0.30187 0.27475 -0.19783
0.3006 0.27346 -0.19936
0.29945 0.2723 -0.20108
0.2983 0.27144 -0.20297
0.29711 0.27067 -0.20488
0.29572 0.26955 -0.20646
0.29438 0.26831 -0.20797
0.29305 0.2671 -0.20951
0.29171 0.26594 -0.21108
0.29042 0.26488 -0.21275
0.28911 0.2638 -0.2144
0.28776 0.26281 -0.21611
0.28641 0.26145 -0.21751
0.28515 0.26034 -0.21918
0.28391 0.259 -0.22068
0.28272 0.25795 -0.22241
0.28156 0.25705 -0.22427
0.2804 0.25615 -0.22611
0.27921 0.25497 -0.22781
0.27811 0.25424 -0.22979
0.27697 0.25327 -0.23163
0.27579 0.25214 -0.23336
0.27473 0.25115 -0.23521
0.27377 0.25037 -0.23721
0.27285 0.24976 -0.23928
0.27201 0.24946 -0.24146
0.27135 0.24914 -0.24372
0.27077 0.24866 -0.24598
0.2702 0.2481 -0.24825
0.26946 0.24738 -0.25041
0.26819 0.24683 -0.25232
0.26694 0.24677 -0.25423
0.26598 0.24673 -0.25633
0.26506 0.2464 -0.25849
0.26415 0.2454 -0.2604
0.2634 0.24407 -0.26214
0.26306 0.24256 -0.26398
0.32252 0.2959 -0.16759
0.32137 0.295 -0.16943
0.32051 0.29437 -0.17154
0.31944 0.29361 -0.17351
0.31842 0.29271 -0.17551
0.31724 0.29147 -0.17722
0.31603 0.29027 -0.17887
0.31466 0.28908 -0.18044
0.31317 0.28772 -0.1817
0.31179 0.28653 -0.18319
0.31041 0.28533 -0.18468
0.30906 0.28425 -0.18627
0.30789 0.28333 -0.18809
0.30685 0.28261 -0.1901
0.30563 0.28166 -0.19192
0.30423 0.28049 -0.19347
0.30289 0.27917 -0.1949
0.30157 0.27785 -0.19635
0.30027 0.27657 -0.19786
0.29888 0.27513 -0.19912
0.29758 0.27367 -0.20045
0.29634 0.27255 -0.20214
0.29511 0.27155 -0.20388
0.29377 0.27057 -0.20556
0.29247 0.26945 -0.20718
0.29119 0.26839 -0.20886
0.2899 0.26732 -0.21053
0.28854 0.26602 -0.21198
0.28722 0.26476 -0.21348
0.28589 0.26366 -0.2151
0.28456 0.26242 -0.21659
0.28332 0.26137 -0.21829
0.28217 0.26034 -0.22008
0.28096 0.25922 -0.22177
0.27975 0.25811 -0.22345
0.27861 0.25728 -0.22534
0.27751 0.25623 -0.22715
0.27638 0.25524 -0.22898
0.27525 0.25422 -0.2308
0.27407 0.25308 -0.2325
0.27301 0.25206 -0.23433
0.27205 0.25121 -0.23632
0.27109 0.2503 -0.23826
0.27021 0.24956 -0.24031
0.26957 0.24934 -0.24258
0.26901 0.24914 -0.24486
0.26849 0.24887 -0.24716
0.26788 0.24843 -0.24941
0.26705 0.2483 -0.25156
0.2665 0.2486 -0.25374
0.26582 0.24871 -0.25605
0.26498 0.24841 -0.2583
0.26409 0.24738 -0.26025
0.26327 0.24601 -0.26196
0.26272 0.24441 -0.26368
0.32046 0.29749 -0.16791
0.31946 0.29673 -0.16992
0.31833 0.29585 -0.1718
0.31728 0.29508 -0.17378
0.31621 0.2941 -0.1757
0.3151 0.29291 -0.17745
0.31393 0.29172 -0.17915
0.31263 0.29057 -0.18078
0.31123 0.28928 -0.18223
0.30972 0.2879 -0.18343
0.30831 0.28663 -0.18481
0.30696 0.28552 -0.18637
0.3058 0.2846 -0.18819
0.30484 0.284 -0.19027
0.30377 0.28325 -0.1923
0.30239 0.28206 -0.19393
0.30096 0.28063 -0.19522
0.29952 0.27914 -0.19637
0.29813 0.27769 -0.19763
0.29673 0.27615 -0.19876
0.29545 0.27474 -0.20016
0.29428 0.27377 -0.20199
0.29298 0.27259 -0.20357
0.2916 0.27132 -0.205
0.29029 0.27012 -0.20657
0.28911 0.26948 -0.20855
0.28782 0.26843 -0.21028
0.28647 0.26711 -0.21173
0.28514 0.26572 -0.21311
0.28381 0.26442 -0.21456
0.28248 0.26314 -0.21602
0.28124 0.262 -0.21765
0.28012 0.26114 -0.21956
0.27893 0.26005 -0.2213
0.27772 0.25887 -0.22294
0.27655 0.25782 -0.22469
0.27554 0.25712 -0.2267
0.27449 0.25631 -0.22868
0.27334 0.25517 -0.23043
0.27217 0.25399 -0.23211
0.27112 0.25292 -0.23392
0.27016 0.25203 -0.23588
0.26917 0.25096 -0.23774
0.26827 0.25009 -0.23973
0.26766 0.24985 -0.24199
0.26706 0.24944 -0.24423
0.26654 0.24919 -0.24651
0.26608 0.24918 -0.24881
0.26617 0.25 -0.25104
0.26622 0.25069 -0.25338
0.26548 0.2508 -0.25584
0.26473 0.25047 -0.25814
0.26388 0.24942 -0.26015
0.26314 0.24804 -0.26197
0.26249 0.24638 -0.26369
0.31836 0.29906 -0.16807
0.31735 0.29827 -0.17007
0.31622 0.29733 -0.17196
0.31512 0.29643 -0.17385
0.31403 0.29539 -0.17569
0.31291 0.29418 -0.17742
0.31171 0.29297 -0.17907
0.31037 0.29175 -0.18061
0.30899 0.29047 -0.18206
0.30758 0.28917 -0.18343
0.30625 0.28797 -0.18494
0.30493 0.28687 -0.18653
0.30373 0.28587 -0.18827
0.3027 0.28518 -0.19027
0.30159 0.28445 -0.19229
0.30024 0.28334 -0.19401
0.29882 0.28184 -0.19526
0.29737 0.28021 -0.19625
0.29597 0.27869 -0.19739
0.29458 0.27716 -0.19853
0.29332 0.2758 -0.19999
0.29214 0.27485 -0.20184
0.29081 0.27348 -0.20325
0.28941 0.27213 -0.2046
0.28811 0.27094 -0.20618
0.28686 0.26995 -0.20793
0.2856 0.26896 -0.20967
0.28427 0.26762 -0.2111
0.28299 0.26646 -0.21272
0.28167 0.26515 -0.21418
0.28036 0.26382 -0.21561
0.27914 0.26276 -0.21733
0.27808 0.26199 -0.2193
0.27691 0.26093 -0.22108
0.2757 0.25975 -0.22274
0.27451 0.25861 -0.22442
0.27346 0.25771 -0.22632
0.27246 0.25711 -0.22841
0.27133 0.25593 -0.23016
0.27022 0.25485 -0.23193
0.26916 0.25373 -0.23371
0.2682 0.25278 -0.23564
0.26725 0.25179 -0.23756
0.26632 0.25082 -0.23949
0.26567 0.25034 -0.2417
0.26512 0.25007 -0.24397
0.26462 0.24985 -0.24625
0.2646 0.25055 -0.24848
0.26513 0.25184 -0.25049
0.26538 0.25285 -0.25286
0.2649 0.25305 -0.25546
0.26429 0.25269 -0.25796
0.26353 0.25155 -0.26008
0.2628 0.25015 -0.26202
0.262 0.24845 -0.26365
0.31631 0.30068 -0.16779
0.31536 0.29997 -0.16986
0.31431 0.29908 -0.17182
0.31321 0.29813 -0.1737
0.31215 0.29712 -0.1756
0.31097 0.29583 -0.17727
0.30969 0.29445 -0.17872
0.30838 0.29328 -0.18029
0.307 0.29196 -0.18172
0.3056 0.29066 -0.1831
0.30425 0.2894 -0.18455
0.30297 0.28834 -0.1862
0.30176 0.28729 -0.18791
0.30064 0.28641 -0.18977
0.29948 0.28554 -0.19168
0.29809 0.28425 -0.19316
0.29672 0.28289 -0.19455
0.29535 0.28149 -0.19589
0.29396 0.27995 -0.19702
0.29258 0.2784 -0.19814
0.2913 0.27701 -0.19955
0.29007 0.27589 -0.20123
0.28878 0.27464 -0.20278
0.28747 0.27349 -0.20436
0.28618 0.27231 -0.20594
0.28484 0.27105 -0.20744
0.28354 0.26983 -0.20899
0.28224 0.26861 -0.21054
0.28096 0.26736 -0.21208
0.27968 0.26611 -0.21362
0.27838 0.26479 -0.21508
0.27719 0.26378 -0.21685
0.27615 0.26302 -0.21883
0.27505 0.26209 -0.22072
0.27387 0.26096 -0.22245
0.27269 0.25981 -0.22413
0.27155 0.2587 -0.22587
0.2705 0.25786 -0.22782
0.26944 0.25684 -0.22967
0.26834 0.25575 -0.23145
0.26729 0.25462 -0.23324
0.26641 0.25386 -0.2353
0.26547 0.25284 -0.23722
0.26455 0.25188 -0.23915
0.26383 0.25119 -0.24127
0.26327 0.25086 -0.24352
0.26282 0.25074 -0.24581
0.26302 0.25181 -0.2479
0.26357 0.25333 -0.24979
0.2635 0.25426 -0.25216
0.2635 0.25489 -0.25464
0.26347 0.25514 -0.25737
0.26302 0.25401 -0.26004
0.26209 0.25223 -0.26183
0.26122 0.25038 -0.26333
0.31347 0.30162 -0.16927
0.3144 0.30232 -0.16719
0.3125 0.30085 -0.17132
0.31134 0.29978 -0.17312
0.31026 0.29872 -0.17496
0.30917 0.29755 -0.17675
0.30792 0.29614 -0.1782
0.30657 0.29483 -0.17962
0.30524 0.29357 -0.1811
0.30386 0.29228 -0.18252
0.30249 0.29095 -0.18388
0.30117 0.28976 -0.18541
0.29994 0.28861 -0.18703
0.29878 0.28759 -0.1888
0.29765 0.28675 -0.1907
0.29633 0.28565 -0.19236
0.29497 0.28429 -0.19376
0.2936 0.28289 -0.19508
0.29224 0.28139 -0.19628
0.29087 0.27989 -0.19747
0.28957 0.27842 -0.19876
0.28832 0.2772 -0.20033
0.28711 0.2761 -0.202
0.28583 0.27501 -0.20366
0.28455 0.27382 -0.20526
0.2832 0.27248 -0.20666
0.28193 0.27129 -0.20823
0.28062 0.27 -0.20971
0.2794 0.26883 -0.21135
0.27815 0.2676 -0.21292
0.2769 0.26634 -0.21447
0.27562 0.26508 -0.21598
0.27453 0.26419 -0.21787
0.27357 0.26356 -0.21994
0.27253 0.26265 -0.22189
0.27135 0.26143 -0.22356
0.27012 0.26011 -0.22508
0.26903 0.25906 -0.22686
0.26803 0.25812 -0.22879
0.26698 0.25708 -0.23062
0.26592 0.25594 -0.23238
0.26498 0.255 -0.23432
0.26412 0.25411 -0.23632
0.26322 0.25312 -0.23824
0.26245 0.25232 -0.2403
0.26182 0.25178 -0.24247
0.26127 0.25141 -0.24472
0.26125 0.25215 -0.24692
0.26165 0.25383 -0.2487
0.26166 0.25517 -0.25088
0.26131 0.25548 -0.2534
0.26116 0.25596 -0.25593
0.26119 0.25571 -0.25872
0.26094 0.25445 -0.26128
0.26031 0.25231 -0.26288
0.31157 0.30322 -0.16853
0.31049 0.30224 -0.17042
0.30949 0.30138 -0.17237
0.30841 0.30027 -0.17418
0.30726 0.2989 -0.17572
0.30618 0.29781 -0.17749
0.3049 0.2966 -0.17906
0.30358 0.29531 -0.18051
0.30225 0.29407 -0.18202
0.30085 0.29263 -0.18322
0.29953 0.29137 -0.18465
0.29827 0.2901 -0.18616
0.29707 0.28891 -0.18776
0.29593 0.28798 -0.18957
0.29468 0.28706 -0.19135
0.29334 0.28579 -0.19285
0.29198 0.28433 -0.19409
0.29066 0.283 -0.1955
0.28931 0.28152 -0.19674
0.28798 0.27987 -0.19775
0.28671 0.27845 -0.19911
0.28549 0.27734 -0.20076
0.28432 0.27652 -0.20263
0.28304 0.27529 -0.20422
0.28172 0.2739 -0.20556
0.28044 0.27265 -0.20706
0.27919 0.27149 -0.20866
0.27804 0.27043 -0.2104
0.27689 0.26936 -0.21216
0.27565 0.26806 -0.21368
0.2744 0.26679 -0.21517
0.27321 0.26563 -0.2168
0.27216 0.26477 -0.21869
0.27123 0.26411 -0.22076
0.2702 0.26318 -0.22271
0.26896 0.26171 -0.22414
0.26785 0.26052 -0.22578
0.26703 0.25984 -0.22788
0.26602 0.25879 -0.22977
0.26495 0.25758 -0.23147
0.26394 0.25642 -0.23321
0.26306 0.25544 -0.23513
0.26225 0.25459 -0.23714
0.26144 0.25366 -0.23913
0.26062 0.2527 -0.24109
0.26007 0.25225 -0.2433
0.25971 0.25231 -0.2456
0.25983 0.25351 -0.24764
0.25971 0.25484 -0.2497
0.25945 0.25512 -0.25213
0.25924 0.25523 -0.25452
0.25917 0.25534 -0.25697
0.25902 0.25528 -0.2596
0.25912 0.25426 -0.26207
0.16165 0.2867 -0.29856
0.1637 0.28617 -0.29788
0.16392 0.28425 -0.29929
0.16573 0.28555 -0.29723
0.16585 0.2835 -0.29846
0.16779 0.28495 -0.29664
0.16785 0.2828 -0.2977
0.16992 0.28445 -0.29613
0.17002 0.28234 -0.29723
0.17203 0.28026 -0.29837
0.17225 0.28223 -0.29704
0.17213 0.28427 -0.29586
0.17427 0.28016 -0.29824
0.17445 0.28202 -0.29681
0.17431 0.28401 -0.29558
0.17642 0.2798 -0.29784
0.17657 0.28159 -0.29632
0.17642 0.28355 -0.29506
0.17819 0.27771 -0.29896
0.17855 0.27928 -0.29725
0.17872 0.28115 -0.29583
0.17855 0.28311 -0.29457
0.18044 0.27752 -0.2987
0.18084 0.27915 -0.29708
0.18098 0.28099 -0.29565
0.18077 0.28285 -0.29426
0.18269 0.27756 -0.29885
0.18306 0.27937 -0.29747
0.18321 0.28099 -0.29582
0.18302 0.28272 -0.29426
0.18492 0.27743 -0.29879
0.18528 0.2793 -0.2975
0.18542 0.28103 -0.29598
0.18523 0.28274 -0.29445
0.18663 0.27505 -0.29934
0.18709 0.2771 -0.29841
0.18745 0.27898 -0.29716
0.18759 0.28072 -0.29567
0.18742 0.28254 -0.29428
0.18877 0.27468 -0.29881
0.18922 0.27671 -0.29787
0.18957 0.27857 -0.29659
0.18967 0.28027 -0.29506
0.18951 0.28209 -0.29367
0.18844 0.2726 -0.29977
0.19088 0.27416 -0.29826
0.19056 0.2721 -0.29921
0.19128 0.27615 -0.29722
0.19158 0.27794 -0.29586
0.19168 0.27965 -0.29437
0.19144 0.28134 -0.29287
0.19285 0.27347 -0.29748
0.19259 0.27145 -0.2985
0.19321 0.27541 -0.29636
0.19356 0.27725 -0.29509
0.19362 0.27893 -0.29358
0.19332 0.28053 -0.29201
0.19267 0.26957 -0.29978
0.19456 0.27067 -0.29772
0.19471 0.26885 -0.29906
0.19467 0.27259 -0.29651
0.19498 0.27451 -0.29535
0.19532 0.27633 -0.29407
0.19539 0.27801 -0.29258
0.19527 0.27981 -0.29123
0.1966 0.27003 -0.29695
0.19671 0.26818 -0.29821
0.19656 0.27178 -0.29554
0.1967 0.2736 -0.29419
0.19714 0.2755 -0.29307
0.19729 0.27724 -0.29167
0.19721 0.27909 -0.2904
0.19708 0.26616 -0.29913
0.19876 0.26751 -0.29745
0.19914 0.2655 -0.29837
0.19865 0.26938 -0.29625
0.19861 0.27111 -0.29484
0.19871 0.27288 -0.29344
0.19918 0.27484 -0.29242
0.19939 0.27666 -0.29115
0.19914 0.2783 -0.28964
0.19959 0.26359 -0.29944
0.20119 0.26478 -0.29764
0.20165 0.26286 -0.29868
0.20077 0.26676 -0.29671
0.20069 0.26868 -0.29559
0.20069 0.27047 -0.29427
0.20072 0.27216 -0.29279
0.2011 0.27404 -0.29164
0.20136 0.2759 -0.29042
0.2011 0.27754 -0.28892
0.2032 0.26403 -0.29687
0.20367 0.26211 -0.29789
0.20268 0.26592 -0.29583
0.20257 0.26784 -0.2947
0.20249 0.26956 -0.2933
0.20256 0.27129 -0.29188
0.20279 0.27306 -0.29055
0.203 0.27489 -0.2893
0.20296 0.27671 -0.28804
0.20407 0.26014 -0.29882
0.2057 0.2615 -0.29699
0.20611 0.25953 -0.29793
0.20523 0.26342 -0.29599
0.20466 0.26526 -0.29491
0.20445 0.2671 -0.29367
0.20437 0.26884 -0.29229
0.20442 0.27055 -0.29087
0.2046 0.27228 -0.28948
0.20485 0.27414 -0.28828
0.20492 0.27608 -0.28719
0.20664 0.25755 -0.2988
0.2081 0.25881 -0.29699
0.2087 0.25689 -0.29795
0.20771 0.26081 -0.29611
0.20726 0.26274 -0.29516
0.20666 0.26455 -0.29405
0.20637 0.26633 -0.29274
0.20628 0.26807 -0.29137
0.20637 0.26983 -0.29
0.20661 0.27162 -0.28872
0.20686 0.27349 -0.28755
0.20689 0.2754 -0.2864
0.20911 0.25504 -0.29909
0.21082 0.25628 -0.29723
0.21008 0.25804 -0.29609
0.20971 0.26009 -0.29527
0.20941 0.26217 -0.29451
0.20877 0.26397 -0.29337
0.20837 0.26563 -0.29195
0.20822 0.26732 -0.29051
0.20834 0.26911 -0.28919
0.20861 0.27095 -0.28798
0.20875 0.27273 -0.28667
0.20866 0.27453 -0.28538
0.21129 0.25447 -0.29845
0.21308 0.25589 -0.2967
0.21336 0.25381 -0.2976
0.21211 0.25734 -0.29524
0.21133 0.25904 -0.29402
0.21102 0.26112 -0.29323
0.21054 0.26305 -0.29226
0.21022 0.26481 -0.29095
0.21022 0.26666 -0.28972
0.21043 0.26856 -0.28859
0.21064 0.27033 -0.28728
0.21069 0.27201 -0.28584
0.21056 0.27377 -0.2845
0.21318 0.25159 -0.29791
0.21529 0.25309 -0.29641
0.21504 0.25087 -0.29671
0.21522 0.25533 -0.2957
0.21413 0.2568 -0.29423
0.21302 0.25811 -0.29275
0.21244 0.26006 -0.29175
0.21213 0.2621 -0.29092
0.21205 0.26405 -0.28985
0.21219 0.26602 -0.28885
0.21249 0.26799 -0.28788
0.21273 0.26983 -0.28666
0.21282 0.27158 -0.28529
0.21261 0.27323 -0.28383
0.21492 0.24868 -0.29706
0.21643 0.24973 -0.29519
0.21668 0.24764 -0.29591
0.21657 0.25193 -0.2948
0.21663 0.2541 -0.29415
0.21598 0.25599 -0.29304
0.21488 0.25737 -0.2916
0.21419 0.25919 -0.2905
0.21386 0.26124 -0.28968
0.21395 0.2633 -0.28886
0.21411 0.26529 -0.28792
0.2144 0.26725 -0.28696
0.21467 0.2691 -0.28581
0.21481 0.2709 -0.28455
0.21466 0.27265 -0.28321
0.21714 0.24571 -0.29692
0.21885 0.24702 -0.29523
0.21927 0.24508 -0.29619
0.21817 0.24872 -0.29394
0.21768 0.25072 -0.29309
0.2174 0.25275 -0.29229
0.21718 0.25476 -0.29143
0.2166 0.25655 -0.2903
0.2161 0.25851 -0.2894
0.21577 0.26056 -0.28862
0.2159 0.26265 -0.28791
0.21613 0.26469 -0.28712
0.21649 0.26671 -0.28634
0.21683 0.26867 -0.28539
0.21695 0.2705 -0.28415
0.21679 0.27222 -0.28279
0.21949 0.24296 -0.29678
0.22126 0.24468 -0.29503
0.22148 0.24257 -0.2956
0.2209 0.24668 -0.29418
0.22027 0.24839 -0.29295
0.21959 0.25014 -0.2918
0.21899 0.25197 -0.29068
0.2188 0.25403 -0.28991
0.2185 0.25603 -0.28907
0.21807 0.25804 -0.28831
0.21779 0.26012 -0.28764
0.21798 0.26225 -0.2871
0.21829 0.26435 -0.28658
0.21866 0.2664 -0.2859
0.21899 0.26837 -0.28496
0.2191 0.27018 -0.28372
0.21896 0.27194 -0.2824
0.22201 0.23829 -0.29635
0.22366 0.24006 -0.29477
0.22407 0.23797 -0.29526
0.2217 0.24043 -0.29602
0.22338 0.24217 -0.29429
0.22316 0.24426 -0.29373
0.22291 0.24632 -0.29304
0.2224 0.24818 -0.292
0.22174 0.24993 -0.29089
0.22111 0.25165 -0.28966
0.22085 0.25369 -0.28885
0.22049 0.25565 -0.28796
0.22003 0.25764 -0.2872
0.21977 0.25974 -0.28659
0.22005 0.26189 -0.28627
0.22049 0.26403 -0.28605
0.22093 0.26616 -0.28561
0.22125 0.26819 -0.28471
0.22133 0.27 -0.2834
0.22113 0.27166 -0.28193
0.22453 0.2359 -0.29575
0.2262 0.23752 -0.29436
0.22665 0.23545 -0.29482
0.22569 0.23954 -0.29372
0.22533 0.24159 -0.29311
0.22514 0.2437 -0.2926
0.22502 0.24585 -0.29217
0.22448 0.24769 -0.2911
0.22377 0.24937 -0.28992
0.22318 0.25114 -0.28877
0.22288 0.25311 -0.28789
0.22251 0.25507 -0.28701
0.22197 0.257 -0.28616
0.22165 0.25906 -0.2855
0.22184 0.2612 -0.28507
0.22224 0.26332 -0.28476
0.22285 0.26542 -0.28453
0.22338 0.26754 -0.28399
0.22346 0.26946 -0.28279
0.22316 0.27102 -0.28121
0.22689 0.23333 -0.29524
0.22876 0.23481 -0.29396
0.22909 0.23276 -0.29456
0.22826 0.23685 -0.29345
0.22779 0.23888 -0.29288
0.22727 0.24082 -0.29204
0.22704 0.24291 -0.2915
0.22704 0.24509 -0.29124
0.22673 0.24719 -0.29054
0.22581 0.24864 -0.28909
0.22515 0.25032 -0.28787
0.22473 0.2522 -0.28684
0.22446 0.25424 -0.28612
0.22401 0.25624 -0.28543
0.22356 0.25819 -0.28461
0.22337 0.26019 -0.28373
0.2236 0.26233 -0.28327
0.22423 0.2644 -0.28302
0.22497 0.26644 -0.28268
0.2254 0.26854 -0.28193
0.22514 0.27027 -0.2805
0.23096 0.23417 -0.29341
0.23138 0.23222 -0.29426
0.23038 0.23612 -0.29274
0.22982 0.23807 -0.29202
0.22922 0.23992 -0.29108
0.22876 0.24189 -0.29025
0.22871 0.24405 -0.28992
0.22863 0.24622 -0.28952
0.22801 0.24807 -0.2885
0.22723 0.24958 -0.28713
0.22676 0.25139 -0.28605
0.22638 0.25335 -0.28521
0.22597 0.25538 -0.2846
0.22558 0.25738 -0.2839
0.22526 0.25924 -0.28284
0.22508 0.26121 -0.28197
0.2254 0.26329 -0.28146
0.22611 0.26529 -0.28109
0.22692 0.26732 -0.28066
0.22714 0.2694 -0.27977
0.23164 0.23011 -0.29465
0.23362 0.23167 -0.29372
0.23382 0.22953 -0.29395
0.23326 0.23369 -0.29308
0.2326 0.23554 -0.29221
0.23198 0.23742 -0.29139
0.23131 0.23914 -0.29029
0.23079 0.24103 -0.28937
0.23054 0.24311 -0.28881
0.23034 0.24518 -0.2883
0.22997 0.24718 -0.28762
0.22934 0.24887 -0.28644
0.2288 0.25059 -0.28529
0.22823 0.25238 -0.28422
0.22771 0.25434 -0.28351
0.22736 0.25636 -0.28288
0.22715 0.25831 -0.28202
0.22677 0.26013 -0.28093
0.22678 0.26211 -0.28014
0.22716 0.26411 -0.27951
0.22792 0.26607 -0.27903
0.22854 0.26809 -0.27841
0.2343 0.22532 -0.2946
0.23624 0.22681 -0.2934
0.2365 0.22475 -0.29387
0.23408 0.22741 -0.29417
0.23597 0.22891 -0.29318
0.23577 0.23102 -0.29295
0.23545 0.23307 -0.29242
0.23483 0.23498 -0.29169
0.2342 0.23683 -0.29086
0.23359 0.23865 -0.28993
0.233 0.24038 -0.28883
0.23263 0.24235 -0.28806
0.23239 0.2444 -0.28753
0.2321 0.24647 -0.28707
0.23158 0.24834 -0.28615
0.23099 0.24996 -0.28489
0.23032 0.25154 -0.28363
0.22961 0.25333 -0.28268
0.22917 0.2553 -0.282
0.22885 0.25717 -0.28104
0.22848 0.25899 -0.28001
0.22825 0.26085 -0.27902
0.22823 0.26276 -0.27808
0.22854 0.26472 -0.27734
0.2292 0.26666 -0.27676
0.23667 0.2227 -0.29441
0.23859 0.22404 -0.29299
0.23878 0.222 -0.29354
0.23836 0.22611 -0.29259
0.23811 0.22821 -0.29244
0.23787 0.2303 -0.29215
0.2376 0.23237 -0.29174
0.23701 0.23432 -0.29109
0.23638 0.23618 -0.29029
0.2358 0.23803 -0.28943
0.2353 0.23992 -0.28863
0.23489 0.24181 -0.28775
0.23454 0.24373 -0.28692
0.23422 0.24577 -0.28642
0.23384 0.24782 -0.28589
0.23327 0.24956 -0.28476
0.23257 0.25105 -0.28342
0.23165 0.25243 -0.28207
0.23103 0.25426 -0.28117
0.23068 0.25613 -0.28022
0.23028 0.25792 -0.27917
0.22985 0.25964 -0.27801
0.22948 0.26137 -0.27686
0.22922 0.26321 -0.27584
0.22964 0.26517 -0.27515
0.23906 0.21999 -0.29415
0.24085 0.22126 -0.2926
0.24105 0.21921 -0.29308
0.24066 0.2233 -0.29208
0.24042 0.22536 -0.29168
0.24019 0.22746 -0.29156
0.24003 0.22959 -0.29147
0.23969 0.23162 -0.29091
0.23916 0.23362 -0.2904
0.2386 0.23557 -0.28975
0.23799 0.23738 -0.28885
0.23752 0.2393 -0.28812
0.23722 0.24132 -0.28761
0.23685 0.24326 -0.28682
0.23641 0.24516 -0.28598
0.23596 0.24708 -0.28521
0.23556 0.24908 -0.2845
0.23483 0.25064 -0.28317
0.23384 0.25182 -0.28169
0.23302 0.25336 -0.28051
0.23256 0.25513 -0.27944
0.23203 0.25683 -0.27829
0.23142 0.25839 -0.27701
0.23083 0.25998 -0.27576
0.23028 0.26167 -0.27463
0.23011 0.26356 -0.27369
0.24117 0.2171 -0.29324
0.2429 0.21876 -0.29162
0.24317 0.2167 -0.29199
0.24279 0.22083 -0.29128
0.24272 0.22292 -0.29096
0.24252 0.22499 -0.29064
0.24228 0.22708 -0.29052
0.24212 0.2292 -0.29039
0.24178 0.23124 -0.28985
0.24123 0.23322 -0.28931
0.24062 0.23512 -0.28858
0.23996 0.23689 -0.28763
0.23946 0.23878 -0.28687
0.23925 0.24083 -0.28642
0.23906 0.24288 -0.28592
0.2387 0.24489 -0.28528
0.23819 0.24679 -0.28447
0.23763 0.24861 -0.28349
0.23706 0.25045 -0.2825
0.23603 0.25167 -0.28103
0.23506 0.25289 -0.27962
0.23447 0.25451 -0.2784
0.23388 0.25615 -0.2772
0.23299 0.25742 -0.27574
0.23224 0.25887 -0.27443
0.23152 0.26045 -0.27325
0.23101 0.26219 -0.27219
0.24393 0.2126 -0.29261
0.2455 0.21421 -0.29102
0.24585 0.21215 -0.29125
0.24352 0.21465 -0.2923
0.24519 0.21627 -0.29079
0.24492 0.21832 -0.29043
0.24483 0.2204 -0.29013
0.24478 0.22248 -0.28985
0.24462 0.22456 -0.28964
0.24434 0.22664 -0.28946
0.24407 0.22871 -0.28914
0.24372 0.23072 -0.28861
0.24315 0.23268 -0.28807
0.24254 0.23457 -0.28735
0.24187 0.23633 -0.28641
0.24129 0.23815 -0.28554
0.24089 0.2401 -0.28488
0.24059 0.24209 -0.28427
0.24037 0.24412 -0.28371
0.24006 0.24611 -0.2831
0.23967 0.24806 -0.28237
0.23927 0.25008 -0.28157
0.23821 0.25147 -0.2802
0.23721 0.2527 -0.27881
0.23643 0.25403 -0.27739
0.23565 0.25542 -0.276
0.2346 0.25646 -0.2745
0.23374 0.2578 -0.27316
0.23285 0.25924 -0.27193
0.23215 0.26087 -0.27082
0.24665 0.20811 -0.29208
0.24798 0.20945 -0.2901
0.24815 0.20737 -0.29033
0.24628 0.21013 -0.29167
0.24771 0.21152 -0.28987
0.24743 0.21359 -0.28974
0.24715 0.21566 -0.28956
0.24699 0.21774 -0.2894
0.24699 0.21984 -0.28931
0.24696 0.22193 -0.28909
0.24678 0.22401 -0.28883
0.24647 0.22608 -0.28861
0.24613 0.22811 -0.28819
0.24574 0.23009 -0.2876
0.24526 0.23211 -0.28722
0.24461 0.23398 -0.28646
0.24393 0.23572 -0.28548
0.24335 0.23754 -0.28463
0.24275 0.23933 -0.28372
0.24217 0.24114 -0.28285
0.24169 0.24305 -0.28211
0.24118 0.24493 -0.28135
0.24091 0.2469 -0.28068
0.24079 0.24895 -0.28001
0.24004 0.25066 -0.27889
0.23916 0.25211 -0.27763
0.23843 0.25357 -0.27628
0.23725 0.25447 -0.27472
0.23601 0.25527 -0.27321
0.23512 0.25662 -0.27187
0.23433 0.25815 -0.27069
0.23354 0.2597 -0.26953
0.24863 0.20327 -0.29106
0.25023 0.20462 -0.28921
0.25051 0.20259 -0.28967
0.24842 0.20532 -0.29069
0.25 0.20668 -0.2889
0.24984 0.20876 -0.28874
0.24964 0.21083 -0.28862
0.24944 0.21291 -0.28864
0.24931 0.21499 -0.28877
0.24918 0.21708 -0.28871
0.24913 0.21916 -0.28854
0.24908 0.22124 -0.28827
0.24892 0.22331 -0.28806
0.24864 0.22539 -0.28792
0.24829 0.22743 -0.28752
0.24782 0.22935 -0.28678
0.24728 0.23131 -0.28632
0.24678 0.23331 -0.28587
0.24609 0.23505 -0.28486
0.24545 0.23681 -0.28392
0.24476 0.2385 -0.28291
0.24401 0.24014 -0.28185
0.24331 0.24188 -0.28093
0.24268 0.24369 -0.2801
0.24209 0.24551 -0.27925
0.24185 0.24747 -0.27854
0.24141 0.24931 -0.27757
0.24044 0.25069 -0.27629
0.23982 0.25223 -0.275
0.23896 0.25353 -0.27356
0.23766 0.25428 -0.27206
0.23668 0.25552 -0.2707
0.2359 0.25707 -0.26954
0.23508 0.25859 -0.26838
0.25139 0.19872 -0.29104
0.2529 0.20039 -0.28889
0.25345 0.19856 -0.28973
0.25098 0.20067 -0.29037
0.2524 0.20228 -0.28816
0.2521 0.2043 -0.2877
0.2519 0.20636 -0.28744
0.25173 0.20842 -0.28729
0.25159 0.21048 -0.28726
0.2515 0.21254 -0.28746
0.25143 0.2146 -0.28771
0.25144 0.21667 -0.288
0.25144 0.21877 -0.28804
0.25135 0.22086 -0.28771
0.25097 0.22279 -0.28696
0.2506 0.22482 -0.28667
0.25037 0.22689 -0.28652
0.25004 0.22892 -0.28606
0.24939 0.23078 -0.28539
0.24895 0.23279 -0.28502
0.24832 0.23464 -0.28417
0.24759 0.23631 -0.2831
0.24682 0.23789 -0.282
0.246 0.23945 -0.28088
0.24513 0.241 -0.2798
0.24441 0.24272 -0.2789
0.24372 0.24445 -0.27799
0.24331 0.24634 -0.27719
0.24274 0.24808 -0.27618
0.24188 0.24955 -0.27496
0.24109 0.25095 -0.27364
0.24032 0.25229 -0.27224
0.23937 0.25348 -0.27083
0.23835 0.25467 -0.26947
0.2375 0.25615 -0.2683
0.23673 0.25771 -0.26718
0.25416 0.19686 -0.29069
0.25552 0.19851 -0.28844
0.25619 0.19677 -0.28934
0.25485 0.2002 -0.28745
0.25425 0.20202 -0.2866
0.25391 0.20402 -0.28611
0.25367 0.20606 -0.28583
0.25348 0.20812 -0.28567
0.25336 0.21019 -0.28567
0.25334 0.21223 -0.28595
0.25341 0.21424 -0.28637
0.25355 0.21625 -0.28685
0.25373 0.2183 -0.28733
0.25372 0.22047 -0.28739
0.25332 0.22246 -0.28667
0.25276 0.22431 -0.28588
0.25239 0.2263 -0.28545
0.25203 0.22828 -0.28494
0.25136 0.23012 -0.28427
0.25083 0.23205 -0.28376
0.25034 0.23399 -0.28309
0.24962 0.23566 -0.28205
0.24889 0.23731 -0.28102
0.24813 0.23895 -0.28002
0.24723 0.24047 -0.27893
0.24627 0.24192 -0.27779
0.24546 0.24353 -0.27677
0.24488 0.2453 -0.27587
0.24426 0.24701 -0.27488
0.24352 0.24858 -0.27374
0.24274 0.25 -0.27244
0.24187 0.25124 -0.27103
0.24098 0.25248 -0.26964
0.24008 0.25381 -0.26835
0.23922 0.25529 -0.26719
0.23827 0.25665 -0.26597
0.25688 0.19502 -0.2902
0.25815 0.19651 -0.28789
0.25897 0.19491 -0.28891
0.2575 0.19828 -0.28703
0.25685 0.19999 -0.28606
0.25624 0.20179 -0.2852
0.25585 0.20376 -0.28464
0.25557 0.20579 -0.28434
0.25536 0.20785 -0.28419
0.25514 0.2099 -0.28409
0.25496 0.21195 -0.2842
0.25496 0.21399 -0.28455
0.25526 0.21594 -0.28516
0.25572 0.21784 -0.2859
0.25605 0.21995 -0.28646
0.25578 0.22219 -0.2863
0.25505 0.22401 -0.28531
0.25453 0.22586 -0.28455
0.25413 0.22782 -0.284
0.25338 0.22957 -0.28321
0.25269 0.23138 -0.28249
0.25218 0.23327 -0.28179
0.2514 0.23489 -0.28072
0.25063 0.23648 -0.27966
0.24993 0.23816 -0.2787
0.24927 0.23993 -0.27783
0.2483 0.24141 -0.27673
0.24745 0.24296 -0.27571
0.24686 0.24474 -0.27485
0.24623 0.24647 -0.27389
0.24547 0.24802 -0.27274
0.24468 0.24947 -0.27147
0.24379 0.2507 -0.27005
0.24282 0.25177 -0.26858
0.24185 0.25301 -0.26725
0.24102 0.25454 -0.26612
0.23988 0.25566 -0.2648
0.25977 0.19329 -0.2899
0.26118 0.19468 -0.28788
0.26198 0.19305 -0.28885
0.26031 0.19619 -0.28678
0.25953 0.1978 -0.28574
0.25898 0.19963 -0.28493
0.25846 0.20149 -0.28421
0.25801 0.2034 -0.28357
0.25764 0.20539 -0.28315
0.25734 0.20741 -0.28288
0.2571 0.20946 -0.28277
0.25683 0.2115 -0.28277
0.25663 0.21354 -0.28289
0.25672 0.21556 -0.2833
0.25713 0.21748 -0.28393
0.2576 0.21945 -0.28452
0.25778 0.22162 -0.2848
0.2573 0.22369 -0.2844
0.25678 0.22562 -0.28379
0.25632 0.22756 -0.28319
0.25545 0.22918 -0.28218
0.25464 0.23085 -0.2813
0.254 0.23262 -0.28047
0.25335 0.23437 -0.27955
0.25249 0.23588 -0.27841
0.25156 0.23732 -0.27727
0.25074 0.23892 -0.27628
0.24996 0.24056 -0.27533
0.24922 0.24224 -0.27441
0.24872 0.24408 -0.27365
0.24824 0.24595 -0.27289
0.24751 0.24759 -0.27184
0.2468 0.24925 -0.27079
0.24595 0.25071 -0.2695
0.24488 0.25135 -0.26779
0.24384 0.25243 -0.26639
0.24284 0.25374 -0.26515
0.24165 0.25475 -0.2638
0.26339 0.1943 -0.28688
0.26253 0.19583 -0.28581
0.26174 0.19742 -0.28476
0.26118 0.19924 -0.28395
0.26069 0.20113 -0.2833
0.26024 0.20304 -0.28269
0.25985 0.205 -0.28224
0.2595 0.20699 -0.28188
0.2592 0.20901 -0.28169
0.25884 0.21103 -0.28155
0.25858 0.21307 -0.28157
0.25847 0.21511 -0.28173
0.25852 0.21714 -0.28202
0.25886 0.21912 -0.28249
0.25907 0.22118 -0.28275
0.25895 0.22326 -0.28265
0.25889 0.22534 -0.28261
0.25864 0.22752 -0.28234
0.25758 0.22906 -0.28116
0.25659 0.23048 -0.28005
0.2558 0.23208 -0.27906
0.25514 0.2338 -0.27814
0.25435 0.23541 -0.2771
0.25341 0.23685 -0.27597
0.25254 0.23839 -0.27494
0.25176 0.24002 -0.27399
0.25105 0.24171 -0.27309
0.25057 0.24357 -0.27239
0.25012 0.24545 -0.27168
0.24955 0.24726 -0.27088
0.24895 0.24909 -0.27008
0.24815 0.25087 -0.26905
0.24705 0.25153 -0.26727
0.2459 0.25202 -0.26562
0.24482 0.25319 -0.26431
0.24357 0.25404 -0.26291
0.264 0.19695 -0.28394
0.26344 0.19876 -0.28316
0.26294 0.20064 -0.2825
0.26246 0.20252 -0.28183
0.26203 0.20446 -0.28133
0.26165 0.20644 -0.28096
0.2613 0.20844 -0.28068
0.26094 0.21045 -0.28056
0.26059 0.21246 -0.28043
0.26036 0.21449 -0.28041
0.26028 0.21652 -0.28053
0.26033 0.21856 -0.28073
0.26048 0.2206 -0.28096
0.26032 0.22265 -0.28081
0.26038 0.22471 -0.28081
0.26044 0.22688 -0.28072
0.2595 0.22862 -0.27981
0.25854 0.23012 -0.27877
0.25772 0.23171 -0.27779
0.25698 0.23334 -0.27679
0.25618 0.23492 -0.27576
0.25532 0.23646 -0.27471
0.25444 0.23798 -0.27368
0.25364 0.23959 -0.27272
0.25298 0.24132 -0.27189
0.25251 0.24317 -0.2712
0.25211 0.24507 -0.27059
0.25166 0.24698 -0.27
0.25111 0.24888 -0.26937
0.25041 0.25092 -0.26868
0.24925 0.25199 -0.26701
0.2481 0.25209 -0.26518
0.24684 0.2525 -0.2636
0.24554 0.25324 -0.26218
0.26575 0.19825 -0.28258
0.26528 0.20017 -0.28204
0.26481 0.20205 -0.28142
0.26433 0.20393 -0.28078
0.26389 0.20587 -0.2803
0.26345 0.20781 -0.27983
0.26296 0.20976 -0.27947
0.26261 0.21177 -0.27937
0.26235 0.21379 -0.2793
0.26216 0.21581 -0.27926
0.26211 0.21785 -0.27934
0.26208 0.21989 -0.27938
0.26202 0.22194 -0.27932
0.2619 0.22399 -0.27916
0.26177 0.22604 -0.27891
0.26126 0.228 -0.27835
0.26045 0.2297 -0.27748
0.25967 0.23134 -0.27655
0.25896 0.23302 -0.27563
0.25819 0.23465 -0.27464
0.25731 0.23616 -0.27358
0.25645 0.23771 -0.27258
0.25565 0.23932 -0.27162
0.25492 0.24098 -0.27071
0.25436 0.24276 -0.26993
0.25391 0.2446 -0.26925
0.25354 0.24651 -0.26875
0.25318 0.2485 -0.26844
0.25263 0.25062 -0.26803
0.25154 0.25242 -0.26684
0.25027 0.2526 -0.26493
0.24906 0.2524 -0.26318
0.24768 0.25256 -0.26159
0.26764 0.19964 -0.28174
0.26719 0.20157 -0.28123
0.26667 0.2034 -0.28048
0.26622 0.20533 -0.27999
0.26577 0.20727 -0.27952
0.26515 0.20906 -0.27875
0.26463 0.211 -0.27835
0.26436 0.21302 -0.27827
0.26411 0.21504 -0.27816
0.26393 0.21706 -0.27805
0.26381 0.2191 -0.27799
0.2637 0.22114 -0.27788
0.26355 0.22318 -0.27771
0.26327 0.22518 -0.27734
0.26295 0.22717 -0.27695
0.2625 0.22914 -0.27645
0.2618 0.23092 -0.27565
0.26108 0.23263 -0.27476
0.26031 0.23428 -0.2738
0.25945 0.23582 -0.27276
0.25858 0.23736 -0.27175
0.2578 0.23898 -0.27083
0.25705 0.24062 -0.26991
0.25639 0.24232 -0.26902
0.25582 0.24406 -0.26818
0.25546 0.24597 -0.26771
0.25518 0.24796 -0.26747
0.25478 0.25005 -0.26727
0.25399 0.25233 -0.26663
0.25253 0.25325 -0.26489
0.25123 0.25306 -0.26307
0.24998 0.25277 -0.2614
0.26956 0.20114 -0.28082
0.26904 0.20302 -0.28018
0.26854 0.20488 -0.27956
0.26816 0.20689 -0.27929
0.26748 0.20863 -0.2784
0.26681 0.21036 -0.2776
0.26642 0.21234 -0.2773
0.26612 0.21433 -0.2771
0.26594 0.21635 -0.27699
0.26581 0.21839 -0.27693
0.26557 0.2204 -0.27666
0.26535 0.22242 -0.27641
0.26499 0.22439 -0.27597
0.26468 0.22636 -0.2756
0.26433 0.22835 -0.2752
0.26384 0.23028 -0.27468
0.26328 0.23217 -0.27406
0.26253 0.23391 -0.27316
0.26164 0.23542 -0.27208
0.26075 0.23693 -0.27104
0.2599 0.23844 -0.27002
0.25916 0.24007 -0.26912
0.25866 0.24193 -0.26853
0.25806 0.24371 -0.26773
0.25748 0.24544 -0.2669
0.2571 0.24735 -0.26652
0.25674 0.24938 -0.26628
0.25618 0.25154 -0.26592
0.25502 0.25357 -0.2648
0.25342 0.25394 -0.26301
0.2521 0.25363 -0.26126
0.27073 0.20425 -0.27879
0.27039 0.20626 -0.27849
0.26973 0.20805 -0.27773
0.26903 0.20976 -0.27693
0.26853 0.21165 -0.27643
0.26817 0.21361 -0.27612
0.26791 0.2156 -0.27589
0.26769 0.21761 -0.27571
0.26741 0.2196 -0.2754
0.26719 0.2216 -0.27518
0.26685 0.22357 -0.27479
0.26652 0.22553 -0.27442
0.26618 0.2275 -0.27403
0.26577 0.22945 -0.2736
0.26532 0.2314 -0.27314
0.26471 0.23329 -0.27245
0.26381 0.23484 -0.2714
0.26293 0.23635 -0.2704
0.26209 0.23791 -0.26941
0.26124 0.2394 -0.26837
0.26058 0.24103 -0.26751
0.2602 0.24294 -0.26703
0.25972 0.24483 -0.26648
0.25914 0.24665 -0.26586
0.25857 0.24853 -0.26538
0.25802 0.25048 -0.26501
0.25724 0.25255 -0.26442
0.25592 0.2544 -0.26322
0.2543 0.2545 -0.26139
0.27227 0.20548 -0.27717
0.27175 0.20735 -0.27663
0.27113 0.20915 -0.27597
0.27064 0.21103 -0.27549
0.2702 0.21294 -0.27506
0.26983 0.21487 -0.27469
0.26952 0.21684 -0.2744
0.26921 0.2188 -0.27409
0.269 0.22079 -0.27391
0.26874 0.22277 -0.27363
0.26846 0.22474 -0.27335
0.26817 0.22673 -0.27303
0.26769 0.22863 -0.27253
0.2673 0.23058 -0.27215
0.26677 0.23253 -0.27159
0.2659 0.23413 -0.27059
0.26497 0.2356 -0.26956
0.26418 0.23719 -0.26865
0.26341 0.23881 -0.26773
0.26262 0.24032 -0.26669
0.26202 0.24194 -0.26589
0.26167 0.2438 -0.26545
0.26132 0.24578 -0.26518
0.26073 0.24771 -0.26484
0.25999 0.24958 -0.26432
0.25922 0.25144 -0.26384
0.25827 0.25354 -0.26324
0.25675 0.25496 -0.26177
POLYGONS 10212 40848
3 0 1 2
3 0 3 1
3 3 4 1
3 3 5 4
3 5 6 4
3 5 7 6
3 7 8 6
3 7 9 8
3 9 10 8
3 9 11 10
3 11 12 10
3 11 13 12
3 13 14 12
3 13 15 14
3 15 16 14
3 15 17 16
3 17 18 16
3 17 19 18
3 19 20 18
3 19 21 20
3 21 22 20
3 21 23 22
3 23 24 22
3 23 25 24
3 25 26 24
3 25 27 26
3 27 28 26
3 27 29 28
3 29 30 28
3 29 31 30
3 31 32 30
3 31 33 32
3 33 34 32
3 33 35 34
3 35 36 34
3 35 37 36
3 37 38 36
3 37 39 38
3 39 40 38
3 39 41 40
3 41 42 40
3 41 43 42
3 43 44 42
3 43 45 44
3 45 46 44
3 45 47 46
3 47 48 46
3 47 49 48
3 49 50 48
3 49 51 50
3 51 52 50
3 51 53 52
3 53 54 52
3 53 55 54
3 55 56 54
3 55 57 56
3 57 58 56
3 57 59 58
3 59 60 58
3 59 61 60
3 61 62 60
3 61 63 62
3 63 64 62
3 63 65 64
3 65 66 64
3 65 67 66
3 67 68 66
3 66 68 69
3 68 70 69
3 68 71 70
3 71 72 70
3 71 73 72
3 73 74 72
3 73 75 74
3 75 76 74
3 75 77 76
3 77 78 76
3 77 79 78
3 79 80 78
3 79 81 80
3 81 82 80
3 81 83 82
3 83 84 82
3 83 85 84
3 85 86 84
3 85 87 86
3 87 88 86
3 87 89 88
3 89 90 88
3 89 91 90
3 91 92 90
3 90 92 93
3 92 94 93
3 93 94 95
3 94 96 95
3 95 96 97
3 96 98 97
3 97 98 99
3 98 100 99
3 99 100 101
3 100 102 101
3 101 102 103
3 102 104 103
3 103 104 105
3 104 106 105
3 105 106 107
3 2 1 108
3 108 1 109
3 1 110 109
3 1 4 110
3 4 111 110
3 4 6 111
3 6 112 111
3 6 8 112
3 8 113 112
3 8 10 113
3 10 114 113
3 10 12 114
3 12 115 114
3 12 14 115
3 14 116 115
3 14 16 116
3 16 18 116
3 116 18 117
3 18 20 117
3 117 20 118
3 20 22 118
3 118 22 119
3 22 24 119
3 119 24 120
3 24 121 120
3 24 26 121
3 26 28 121
3 121 28 122
3 28 30 122
3 122 30 123
3 30 124 123
3 30 32 124
3 32 125 124
3 32 34 125
3 34 126 125
3 34 36 126
3 36 127 126
3 36 38 127
3 38 128 127
3 38 40 128
3 40 42 128
3 128 42 129
3 42 44 129
3 129 44 130
3 44 46 130
3 130 46 131
3 46 48 131
3 131 48 132
3 48 50 132
3 132 50 133
3 50 52 133
3 133 52 134
3 52 54 134
3 134 54 135
3 54 56 135
3 135 56 136
3 56 58 136
3 136 58 137
3 58 60 137
3 137 60 138
3 60 62 138
3 138 62 139
3 62 64 139
3 139 64 140
3 64 66 140
3 140 66 141
3 66 69 141
3 141 69 142
3 69 70 142
3 142 70 143
3 70 72 143
3 143 72 144
3 72 74 144
3 144 74 145
3 74 76 145
3 145 76 146
3 76 78 146
3 146 78 147
3 78 80 147
3 147 80 148
3 80 82 148
3 148 82 149
3 82 84 149
3 149 84 150
3 84 86 150
3 150 86 151
3 86 88 151
3 151 88 152
3 88 90 152
3 152 90 153
3 90 93 153
3 153 93 154
3 93 95 154
3 154 95 155
3 95 97 155
3 155 97 156
3 97 99 156
3 156 99 157
3 99 101 157
3 157 101 158
3 101 103 158
3 158 103 159
3 103 105 159
3 159 105 160
3 105 107 160
3 160 107 161
3 108 162 163
3 108 109 162
3 109 164 162
3 109 110 164
3 110 165 164
3 110 111 165
3 111 166 165
3 111 112 166
3 112 167 166
3 112 113 167
3 113 114 167
3 167 114 168
3 114 115 168
3 168 115 169
3 115 170 169
3 115 116 170
3 116 171 170
3 116 117 171
3 117 172 171
3 117 118 172
3 118 173 172
3 118 119 173
3 119 174 173
3 119 120 174
3 120 175 174
3 120 121 175
3 121 122 175
3 175 122 176
3 122 177 176
3 122 123 177
3 123 178 177
3 123 124 178
3 124 179 178
3 124 125 179
3 125 180 179
3 125 126 180
3 126 181 180
3 126 127 181
3 127 182 181
3 127 128 182
3 128 183 182
3 128 129 183
3 129 130 183
3 183 130 184
3 130 131 184
3 184 131 185
3 131 132 185
3 185 132 186
3 132 133 186
3 186 133 187
3 133 134 187
3 187 134 188
3 134 135 188
3 188 135 189
3 135 136 189
3 189 136 190
3 136 137 190
3 190 137 191
3 137 138 191
3 191 138 192
3 138 139 192
3 192 139 193
3 139 140 193
3 193 140 194
3 140 141 194
3 194 141 195
3 141 142 195
3 195 142 196
3 142 143 196
3 196 143 197
3 143 144 197
3 197 144 198
3 144 145 198
3 198 145 199
3 145 146 199
3 199 146 200
3 146 147 200
3 200 147 201
3 147 148 201
3 201 148 202
3 148 149 202
3 202 149 203
3 149 150 203
3 203 150 204
3 150 151 204
3 204 151 205
3 151 152 205
3 205 152 206
3 152 153 206
3 206 153 207
3 153 154 207
3 207 154 208
3 154 155 208
3 208 155 209
3 155 156 209
3 209 156 210
3 156 211 210
3 156 157 211
3 157 158 211
3 211 158 212
3 158 159 212
3 212 159 213
3 159 160 213
3 213 160 214
3 160 161 214
3 214 161 215
3 163 216 217
3 163 162 216
3 162 164 216
3 216 164 218
3 164 219 218
3 164 165 219
3 165 220 219
3 165 166 220
3 166 167 220
3 220 167 221
3 167 168 221
3 221 168 222
3 168 169 222
3 222 169 223
3 169 170 223
3 223 170 224
3 170 225 224
3 170 171 225
3 171 226 225
3 171 172 226
3 172 227 226
3 172 173 227
3 173 228 227
3 173 174 228
3 174 175 228
3 228 175 229
3 175 176 229
3 229 176 230
3 176 177 230
3 230 177 231
3 177 232 231
3 177 178 232
3 178 233 232
3 178 179 233
3 179 234 233
3 179 180 234
3 180 181 234
3 234 181 235
3 181 182 235
3 235 182 236
3 182 183 236
3 236 183 237
3 183 184 237
3 237 184 238
3 184 185 238
3 238 185 239
3 185 186 239
3 239 186 240
3 186 187 240
3 240 187 241
3 187 188 241
3 241 188 242
3 188 189 242
3 242 189 243
3 189 190 243
3 243 190 244
3 190 191 244
3 244 191 245
3 191 192 245
3 245 192 246
3 192 193 246
3 246 193 247
3 193 194 247
3 247 194 248
3 194 195 248
3 248 195 249
3 195 196 249
3 249 196 250
3 196 197 250
3 250 197 251
3 197 198 251
3 251 198 252
3 198 199 252
3 252 199 253
3 199 200 253
3 253 200 254
3 200 201 254
3 254 201 255
3 201 202 255
3 255 202 256
3 202 203 256
3 256 203 257
3 203 204 257
3 257 204 258
3 204 205 258
3 258 205 259
3 205 206 259
3 259 206 260
3 206 207 260
3 260 207 261
3 207 208 261
3 261 208 262
3 208 209 262
3 262 209 263
3 209 210 263
3 263 210 264
3 210 211 264
3 264 211 265
3 211 212 265
3 265 212 266
3 212 213 266
3 266 213 267
3 213 214 267
3 267 214 268
3 214 215 268
3 268 215 269
3 217 216 270
3 270 216 271
3 216 218 271
3 271 218 272
3 218 219 272
3 272 219 273
3 219 274 273
3 219 220 274
3 220 221 274
3 274 221 275
3 221 222 275
3 275 222 276
3 222 223 276
3 276 223 277
3 223 224 277
3 277 224 278
3 224 225 278
3 278 225 279
3 225 226 279
3 279 226 280
3 226 227 280
3 280 227 281
3 227 228 281
3 281 228 282
3 228 229 282
3 282 229 283
3 229 230 283
3 283 230 284
3 230 231 284
3 284 231 285
3 231 232 285
3 285 232 286
3 232 233 286
3 286 233 287
3 233 234 287
3 287 234 288
3 234 235 288
3 288 235 289
3 235 236 289
3 289 236 290
3 236 237 290
3 290 237 291
3 237 238 291
3 291 238 292
3 238 239 292
3 292 239 293
3 239 240 293
3 293 240 294
3 240 241 294
3 294 241 295
3 241 242 295
3 295 242 296
3 242 243 296
3 296 243 297
3 243 244 297
3 297 244 298
3 244 245 298
3 298 245 299
3 245 246 299
3 299 246 300
3 246 247 300
3 300 247 301
3 247 248 301
3 301 248 302
3 248 249 302
3 302 249 303
3 249 250 303
3 303 250 304
3 250 251 304
3 304 251 305
3 251 252 305
3 305 252 306
3 252 253 306
3 306 253 307
3 253 254 307
3 307 254 308
3 254 255 308
3 308 255 309
3 255 256 309
3 309 256 310
3 256 257 310
3 310 257 311
3 257 258 311
3 311 258 312
3 258 259 312
3 312 259 313
3 259 260 313
3 313 260 314
3 260 261 314
3 314 261 315
3 261 262 315
3 315 262 316
3 262 263 316
3 316 263 317
3 263 264 317
3 317 264 318
3 264 265 318
3 318 265 319
3 265 266 319
3 319 266 320
3 266 267 320
3 320 267 321
3 267 268 321
3 321 268 322
3 268 269 322
3 322 269 323
3 270 271 324
3 324 271 325
3 271 272 325
3 325 272 326
3 272 273 326
3 326 273 327
3 273 274 327
3 327 274 328
3 274 275 328
3 328 275 329
3 275 276 329
3 329 276 330
3 276 277 330
3 330 277 331
3 277 278 331
3 331 278 332
3 278 279 332
3 332 279 333
3 279 280 333
3 333 280 334
3 280 281 334
3 334 281 335
3 281 282 335
3 335 282 336
3 282 283 336
3 336 283 337
3 283 284 337
3 337 284 338
3 284 285 338
3 338 285 339
3 285 286 339
3 339 286 340
3 286 287 340
3 340 287 341
3 287 288 341
3 341 288 342
3 288 289 342
3 342 289 343
3 289 290 343
3 343 290 344
3 290 291 344
3 344 291 345
3 291 292 345
3 345 292 346
3 292 293 346
3 346 293 347
3 293 294 347
3 347 294 348
3 294 295 348
3 348 295 349
3 295 296 349
3 349 296 350
3 296 297 350
3 350 297 351
3 297 298 351
3 351 298 352
3 298 299 352
3 352 299 353
3 299 300 353
3 353 300 354
3 300 301 354
3 354 301 355
3 301 302 355
3 355 302 356
3 302 303 356
3 356 303 357
3 303 304 357
3 357 304 358
3 304 305 358
3 358 305 359
3 305 306 359
3 359 306 360
3 306 307 360
3 360 307 361
3 307 308 361
3 361 308 362
3 308 309 362
3 362 309 363
3 309 310 363
3 363 310 364
3 310 311 364
3 364 311 365
3 311 312 365
3 365 312 366
3 312 313 366
3 366 313 367
3 313 314 367
3 367 314 368
3 314 315 368
3 368 315 369
3 315 316 369
3 369 316 370
3 316 317 370
3 370 317 371
3 317 318 371
3 371 318 372
3 318 373 372
3 318 319 373
3 319 320 373
3 373 320 374
3 320 321 374
3 374 321 375
3 321 322 375
3 375 322 376
3 322 323 376
3 376 323 377
3 324 325 378
3 378 325 379
3 325 326 379
3 379 326 380
3 326 327 380
3 380 327 381
3 327 328 381
3 381 328 382
3 328 329 382
3 382 329 383
3 329 330 383
3 383 330 384
3 330 331 384
3 384 331 385
3 331 332 385
3 385 332 386
3 332 333 386
3 386 333 387
3 333 334 387
3 387 334 388
3 334 335 388
3 388 335 389
3 335 336 389
3 389 336 390
3 336 337 390
3 390 337 391
3 337 338 391
3 391 338 392
3 338 339 392
3 392 339 393
3 339 340 393
3 393 340 394
3 340 341 394
3 394 341 395
3 341 342 395
3 395 342 396
3 342 343 396
3 396 343 397
3 343 344 397
3 397 344 398
3 344 345 398
3 398 345 399
3 345 346 399
3 399 346 400
3 346 347 400
3 400 347 401
3 347 348 401
3 401 348 402
3 348 349 402
3 402 349 403
3 349 350 403
3 403 350 404
3 350 351 404
3 404 351 405
3 351 352 405
3 405 352 406
3 352 353 406
3 406 353 407
3 353 354 407
3 407 354 408
3 354 355 408
3 408 355 409
3 355 356 409
3 409 356 410
3 356 357 410
3 410 357 411
3 357 358 411
3 411 358 412
3 358 359 412
3 412 359 413
3 359 360 413
3 413 360 414
3 360 361 414
3 414 361 415
3 361 362 415
3 415 362 416
3 362 363 416
3 416 363 417
3 363 364 417
3 417 364 418
3 364 365 418
3 418 365 419
3 365 366 419
3 419 366 420
3 366 367 420
3 420 367 421
3 367 368 421
3 421 368 422
3 368 369 422
3 422 369 423
3 369 370 423
3 423 370 424
3 370 371 424
3 424 371 425
3 371 372 425
3 425 372 426
3 372 373 426
3 426 373 427
3 373 374 427
3 427 374 428
3 374 375 428
3 428 375 429
3 375 376 429
3 429 376 430
3 376 377 430
3 430 377 431
3 378 379 432
3 432 379 433
3 379 380 433
3 433 380 434
3 380 381 434
3 434 381 435
3 381 382 435
3 435 382 436
3 382 383 436
3 436 383 437
3 383 384 437
3 437 384 438
3 384 385 438
3 438 385 439
3 385 386 439
3 439 386 440
3 386 387 440
3 440 387 441
3 387 388 441
3 441 388 442
3 388 389 442
3 442 389 443
3 389 390 443
3 443 390 444
3 390 391 444
3 444 391 445
3 391 392 445
3 445 392 446
3 392 393 446
3 446 393 447
3 393 394 447
3 447 394 448
3 394 395 448
3 448 395 449
3 395 396 449
3 449 396 450
3 396 397 450
3 450 397 451
3 397 398 451
3 451 398 452
3 398 399 452
3 452 399 453
3 399 400 453
3 453 400 454
3 400 401 454
3 454 401 455
3 401 402 455
3 455 402 456
3 402 403 456
3 456 403 457
3 403 404 457
3 457 404 458
3 404 405 458
3 458 405 459
3 405 406 459
3 459 406 460
3 406 407 460
3 460 407 461
3 407 408 461
3 461 408 462
3 408 409 462
3 462 409 463
3 409 410 463
3 463 410 464
3 410 411 464
3 464 411 465
3 411 412 465
3 465 412 466
3 412 413 466
3 466 413 467
3 413 414 467
3 467 414 468
3 414 415 468
3 468 415 469
3 415 416 469
3 469 416 470
3 416 417 470
3 470 417 471
3 417 418 471
3 471 418 472
3 418 419 472
3 472 419 473
3 419 420 473
3 473 420 474
3 420 421 474
3 474 421 475
3 421 422 475
3 475 422 476
3 422 423 476
3 476 423 477
3 423 424 477
3 477 424 478
3 424 425 478
3 478 425 479
3 425 426 479
3 479 426 480
3 426 427 480
3 480 427 481
3 427 428 481
3 481 428 482
3 428 429 482
3 482 429 483
3 429 430 483
3 483 430 484
3 430 431 484
3 484 431 485
3 486 432 487
3 432 433 487
3 487 433 488
3 433 434 488
3 488 434 489
3 434 435 489
3 489 435 490
3 435 436 490
3 490 436 491
3 436 437 491
3 491 437 492
3 437 438 492
3 492 438 493
3 438 439 493
3 493 439 494
3 439 440 494
3 494 440 495
3 440 441 495
3 495 441 496
3 441 442 496
3 496 442 497
3 442 443 497
3 497 443 498
3 443 444 498
3 498 444 499
3 444 445 499
3 499 445 500
3 445 446 500
3 500 446 501
3 446 447 501
3 501 447 502
3 447 448 502
3 502 448 503
3 448 449 503
3 503 449 504
3 449 450 504
3 504 450 505
3 450 451 505
3 505 451 506
3 451 452 506
3 506 452 507
3 452 453 507
3 507 453 508
3 453 454 508
3 508 454 509
3 454 455 509
3 509 455 510
3 455 456 510
3 510 456 511
3 456 457 511
3 511 457 512
3 457 458 512
3 512 458 513
3 458 459 513
3 513 459 514
3 459 460 514
3 514 460 515
3 460 461 515
3 515 461 516
3 461 462 516
3 516 462 517
3 462 463 517
3 517 463 518
3 463 464 518
3 518 464 519
3 464 465 519
3 519 465 520
3 465 466 520
3 520 466 521
3 466 467 521
3 521 467 522
3 467 468 522
3 522 468 523
3 468 469 523
3 523 469 524
3 469 470 524
3 524 470 525
3 470 471 525
3 525 471 526
3 471 472 526
3 526 472 527
3 472 473 527
3 527 473 528
3 473 474 528
3 528 474 529
3 474 475 529
3 529 475 530
3 475 476 530
3 530 476 531
3 476 477 531
3 531 477 532
3 477 478 532
3 532 478 533
3 478 479 533
3 533 479 534
3 479 480 534
3 534 480 535
3 480 481 535
3 535 481 536
3 481 482 536
3 536 482 537
3 482 483 537
3 537 483 538
3 483 484 538
3 538 484 539
3 484 485 539
3 539 485 540
3 486 487 541
3 541 487 542
3 487 488 542
3 542 488 543
3 488 489 543
3 543 489 544
3 489 490 544
3 544 490 545
3 490 491 545
3 545 491 546
3 491 492 546
3 546 492 547
3 492 493 547
3 547 493 548
3 493 494 548
3 548 494 549
3 494 495 549
3 549 495 550
3 495 496 550
3 550 496 551
3 496 497 551
3 551 497 552
3 497 498 552
3 552 498 553
3 498 499 553
3 553 499 554
3 499 500 554
3 554 500 555
3 500 501 555
3 555 501 556
3 501 502 556
3 556 502 557
3 502 503 557
3 557 503 558
3 503 504 558
3 558 504 559
3 504 505 559
3 559 505 560
3 505 506 560
3 560 506 561
3 506 507 561
3 561 507 562
3 507 508 562
3 562 508 563
3 508 509 563
3 563 509 564
3 509 510 564
3 564 510 565
3 510 511 565
3 565 511 566
3 511 512 566
3 566 512 567
3 512 513 567
3 567 513 568
3 513 514 568
3 568 514 569
3 514 515 569
3 569 515 570
3 515 516 570
3 570 516 571
3 516 517 571
3 571 517 572
3 517 518 572
3 572 518 573
3 518 519 573
3 573 519 574
3 519 520 574
3 574 520 575
3 520 521 575
3 575 521 576
3 521 522 576
3 576 522 577
3 522 523 577
3 577 523 578
3 523 524 578
3 578 524 579
3 524 525 579
3 579 525 580
3 525 526 580
3 580 526 581
3 526 527 581
3 581 527 582
3 527 528 582
3 582 528 583
3 528 529 583
3 583 529 584
3 529 530 584
3 584 530 585
3 530 531 585
3 585 531 586
3 531 532 586
3 586 532 587
3 532 533 587
3 587 533 588
3 533 534 588
3 588 534 589
3 534 535 589
3 589 535 590
3 535 536 590
3 590 536 591
3 536 537 591
3 591 537 592
3 537 538 592
3 592 538 593
3 538 539 593
3 593 539 594
3 539 540 594
3 594 540 595
3 541 542 596
3 596 542 597
3 542 543 597
3 597 543 598
3 543 544 598
3 598 544 599
3 544 545 599
3 599 545 600
3 545 546 600
3 600 546 601
3 546 547 601
3 601 547 602
3 547 548 602
3 602 548 603
3 548 549 603
3 603 549 604
3 549 550 604
3 604 550 605
3 550 551 605
3 605 551 606
3 551 552 606
3 606 552 607
3 552 553 607
3 607 553 608
3 553 554 608
3 608 554 609
3 554 555 609
3 609 555 610
3 555 556 610
3 610 556 611
3 556 557 611
3 611 557 612
3 557 558 612
3 612 558 613
3 558 559 613
3 613 559 614
3 559 560 614
3 614 560 615
3 560 561 615
3 615 561 616
3 561 562 616
3 616 562 617
3 562 563 617
3 617 563 618
3 563 564 618
3 618 564 619
3 564 565 619
3 619 565 620
3 565 566 620
3 620 566 621
3 566 567 621
3 621 567 622
3 567 568 622
3 622 568 623
3 568 569 623
3 623 569 624
3 569 570 624
3 624 570 625
3 570 571 625
3 625 571 626
3 571 572 626
3 626 572 627
3 572 573 627
3 627 573 628
3 573 574 628
3 628 574 629
3 574 575 629
3 629 575 630
3 575 576 630
3 630 576 631
3 576 577 631
3 631 577 632
3 577 578 632
3 632 578 633
3 578 579 633
3 633 579 634
3 579 580 634
3 634 580 635
3 580 581 635
3 635 581 636
3 581 582 636
3 636 582 637
3 582 583 637
3 637 583 638
3 583 584 638
3 638 584 639
3 584 585 639
3 639 585 640
3 585 586 640
3 640 586 641
3 586 587 641
3 641 587 642
3 587 588 642
3 642 588 643
3 588 589 643
3 643 589 644
3 589 590 644
3 644 590 645
3 590 591 645
3 645 591 646
3 591 592 646
3 646 592 647
3 592 593 647
3 647 593 648
3 593 594 648
3 648 594 649
3 594 595 649
3 649 595 650
3 651 596 652
3 596 597 652
3 652 597 653
3 597 598 653
3 653 598 654
3 598 599 654
3 654 599 655
3 599 600 655
3 655 600 656
3 600 601 656
3 656 601 657
3 601 602 657
3 657 602 658
3 602 603 658
3 658 603 659
3 603 604 659
3 659 604 660
3 604 605 660
3 660 605 661
3 605 606 661
3 661 606 662
3 606 607 662
3 662 607 663
3 607 608 663
3 663 608 664
3 608 609 664
3 664 609 665
3 609 610 665
3 665 610 666
3 610 611 666
3 666 611 667
3 611 612 667
3 667 612 668
3 612 613 668
3 668 613 669
3 613 614 669
3 669 614 670
3 614 615 670
3 670 615 671
3 615 616 671
3 671 616 672
3 616 617 672
3 672 617 673
3 617 618 673
3 673 618 674
3 618 619 674
3 674 619 675
3 619 620 675
3 675 620 676
3 620 621 676
3 676 621 677
3 621 622 677
3 677 622 678
3 622 623 678
3 678 623 679
3 623 624 679
3 679 624 680
3 624 625 680
3 680 625 681
3 625 626 681
3 681 626 682
3 626 627 682
3 682 627 683
3 627 628 683
3 683 628 684
3 628 629 684
3 684 629 685
3 629 630 685
3 685 630 686
3 630 631 686
3 686 631 687
3 631 632 687
3 687 632 688
3 632 633 688
3 688 633 689
3 633 634 689
3 689 634 690
3 634 635 690
3 690 635 691
3 635 636 691
3 691 636 692
3 636 637 692
3 692 637 693
3 637 638 693
3 693 638 694
3 638 639 694
3 694 639 695
3 639 640 695
3 695 640 696
3 640 641 696
3 696 641 697
3 641 642 697
3 697 642 698
3 642 643 698
3 698 643 699
3 643 644 699
3 699 644 700
3 644 645 700
3 700 645 701
3 645 646 701
3 701 646 702
3 646 647 702
3 702 647 703
3 647 648 703
3 703 648 704
3 648 649 704
3 704 649 705
3 649 650 705
3 705 650 706
3 651 652 707
3 707 652 708
3 652 653 708
3 708 653 709
3 653 654 709
3 709 654 710
3 654 655 710
3 710 655 711
3 655 656 711
3 711 656 712
3 656 657 712
3 712 657 713
3 657 658 713
3 713 658 714
3 658 659 714
3 714 659 715
3 659 660 715
3 715 660 716
3 660 661 716
3 716 661 717
3 661 662 717
3 717 662 718
3 662 663 718
3 718 663 719
3 663 664 719
3 719 664 720
3 664 665 720
3 720 665 721
3 665 666 721
3 721 666 722
3 666 667 722
3 722 667 723
3 667 668 723
3 723 668 724
3 668 669 724
3 724 669 725
3 669 670 725
3 725 670 726
3 670 671 726
3 726 671 727
3 671 672 727
3 727 672 728
3 672 673 728
3 728 673 729
3 673 674 729
3 729 674 730
3 674 675 730
3 730 675 731
3 675 676 731
3 731 676 732
3 676 677 732
3 732 677 733
3 677 678 733
3 733 678 734
3 678 679 734
3 734 679 735
3 679 680 735
3 735 680 736
3 680 681 736
3 736 681 737
3 681 682 737
3 737 682 738
3 682 683 738
3 738 683 739
3 683 684 739
3 739 684 740
3 684 685 740
3 740 685 741
3 685 686 741
3 741 686 742
3 686 687 742
3 742 687 743
3 687 688 743
3 743 688 744
3 688 689 744
3 744 689 745
3 689 690 745
3 745 690 746
3 690 691 746
3 746 691 747
3 691 692 747
3 747 692 748
3 692 693 748
3 748 693 749
3 693 694 749
3 749 694 750
3 694 695 750
3 750 695 751
3 695 696 751
3 751 696 752
3 696 697 752
3 752 697 753
3 697 698 753
3 753 698 754
3 698 699 754
3 754 699 755
3 699 700 755
3 755 700 756
3 700 701 756
3 756 701 757
3 701 702 757
3 757 702 758
3 702 703 758
3 758 703 759
3 703 704 759
3 759 704 760
3 704 705 760
3 760 705 761
3 705 706 761
3 761 706 762
3 707 763 764
3 707 708 763
3 708 765 763
3 708 709 765
3 709 710 765
3 765 710 766
3 710 711 766
3 766 711 767
3 711 712 767
3 767 712 768
3 712 713 768
3 768 713 769
3 713 714 769
3 769 714 770
3 714 715 770
3 770 715 771
3 715 716 771
3 771 716 772
3 716 717 772
3 772 717 773
3 717 774 773
3 717 718 774
3 718 775 774
3 718 719 775
3 719 720 775
3 775 720 776
3 720 721 776
3 776 721 777
3 721 722 777
3 777 722 778
3 722 723 778
3 778 723 779
3 723 724 779
3 779 724 780
3 724 725 780
3 780 725 781
3 725 726 781
3 781 726 782
3 726 727 782
3 782 727 783
3 727 728 783
3 783 728 784
3 728 729 784
3 784 729 785
3 729 730 785
3 785 730 786
3 730 731 786
3 786 731 787
3 731 732 787
3 787 732 788
3 732 733 788
3 788 733 789
3 733 734 789
3 789 734 790
3 734 735 790
3 790 735 791
3 735 736 791
3 791 736 792
3 736 737 792
3 792 737 793
3 737 738 793
3 793 738 794
3 738 739 794
3 794 739 795
3 739 740 795
3 795 740 796
3 740 741 796
3 796 741 797
3 741 742 797
3 797 742 798
3 742 743 798
3 798 743 799
3 743 744 799
3 799 744 800
3 744 745 800
3 800 745 801
3 745 746 801
3 801 746 802
3 746 747 802
3 802 747 803
3 747 748 803
3 803 748 804
3 748 749 804
3 804 749 805
3 749 750 805
3 805 750 806
3 750 751 806
3 806 751 807
3 751 752 807
3 807 752 808
3 752 753 808
3 808 753 809
3 753 754 809
3 809 754 810
3 754 755 810
3 810 755 811
3 755 756 811
3 811 756 812
3 756 757 812
3 812 757 813
3 757 758 813
3 813 758 814
3 758 759 814
3 814 759 815
3 759 760 815
3 815 760 816
3 760 761 816
3 816 761 817
3 761 762 817
3 817 762 818
3 764 819 820
3 764 763 819
3 763 821 819
3 763 765 821
3 765 766 821
3 821 766 822
3 766 767 822
3 822 767 823
3 767 824 823
3 767 768 824
3 768 825 824
3 768 769 825
3 769 826 825
3 769 770 826
3 770 827 826
3 770 771 827
3 771 828 827
3 771 772 828
3 772 829 828
3 772 773 829
3 773 830 829
3 773 774 830
3 774 831 830
3 774 775 831
3 775 776 831
3 831 776 832
3 776 777 832
3 832 777 833
3 777 834 833
3 777 778 834
3 778 835 834
3 778 779 835
3 779 780 835
3 835 780 836
3 780 781 836
3 836 781 837
3 781 782 837
3 837 782 838
3 782 783 838
3 838 783 839
3 783 784 839
3 839 784 840
3 784 785 840
3 840 785 841
3 785 786 841
3 841 786 842
3 786 787 842
3 842 787 843
3 787 788 843
3 843 788 844
3 788 789 844
3 844 789 845
3 789 790 845
3 845 790 846
3 790 791 846
3 846 791 847
3 791 792 847
3 847 792 848
3 792 793 848
3 848 793 849
3 793 794 849
3 849 794 850
3 794 795 850
3 850 795 851
3 795 796 851
3 851 796 852
3 796 797 852
3 852 797 853
3 797 798 853
3 853 798 854
3 798 799 854
3 854 799 855
3 799 800 855
3 855 800 856
3 800 801 856
3 856 801 857
3 801 802 857
3 857 802 858
3 802 803 858
3 858 803 859
3 803 804 859
3 859 804 860
3 804 805 860
3 860 805 861
3 805 806 861
3 861 806 862
3 806 807 862
3 862 807 863
3 807 808 863
3 863 808 864
3 808 809 864
3 864 809 865
3 809 810 865
3 865 810 866
3 810 811 866
3 866 811 867
3 811 812 867
3 867 812 868
3 812 813 868
3 868 813 869
3 813 814 869
3 869 814 870
3 814 815 870
3 870 815 871
3 815 816 871
3 871 816 872
3 816 817 872
3 872 817 873
3 817 818 873
3 873 818 874
3 820 819 875
3 875 819 876
3 819 821 876
3 876 821 877
3 821 822 877
3 877 822 878
3 822 823 878
3 878 823 879
3 823 824 879
3 879 824 880
3 824 825 880
3 880 825 881
3 825 826 881
3 881 826 882
3 826 827 882
3 882 827 883
3 827 828 883
3 883 828 884
3 828 829 884
3 884 829 885
3 829 830 885
3 885 830 886
3 830 831 886
3 886 831 887
3 831 832 887
3 887 832 888
3 832 833 888
3 888 833 889
3 833 834 889
3 889 834 890
3 834 835 890
3 890 835 891
3 835 836 891
3 891 836 892
3 836 837 892
3 892 837 893
3 837 838 893
3 893 838 894
3 838 839 894
3 894 839 895
3 839 840 895
3 895 840 896
3 840 841 896
3 896 841 897
3 841 842 897
3 897 842 898
3 842 843 898
3 898 843 899
3 843 844 899
3 899 844 900
3 844 845 900
3 900 845 901
3 845 846 901
3 901 846 902
3 846 847 902
3 902 847 903
3 847 848 903
3 903 848 904
3 848 849 904
3 904 849 905
3 849 850 905
3 905 850 906
3 850 851 906
3 906 851 907
3 851 852 907
3 907 852 908
3 852 853 908
3 908 853 909
3 853 854 909
3 909 854 910
3 854 855 910
3 910 855 911
3 855 856 911
3 911 856 912
3 856 857 912
3 912 857 913
3 857 858 913
3 913 858 914
3 858 859 914
3 914 859 915
3 859 860 915
3 915 860 916
3 860 861 916
3 916 861 917
3 861 862 917
3 917 862 918
3 862 863 918
3 918 863 919
3 863 864 919
3 919 864 920
3 864 865 920
3 920 865 921
3 865 866 921
3 921 866 922
3 866 867 922
3 922 867 923
3 867 868 923
3 923 868 924
3 868 869 924
3 924 869 925
3 869 870 925
3 925 870 926
3 870 871 926
3 926 871 927
3 871 872 927
3 927 872 928
3 872 873 928
3 928 873 929
3 873 874 929
3 929 874 930
3 875 876 931
3 931 876 932
3 876 877 932
3 932 877 933
3 877 878 933
3 933 878 934
3 878 879 934
3 934 879 935
3 879 880 935
3 935 880 936
3 880 881 936
3 936 881 937
3 881 882 937
3 937 882 938
3 882 883 938
3 938 883 939
3 883 884 939
3 939 884 940
3 884 885 940
3 940 885 941
3 885 886 941
3 941 886 942
3 886 887 942
3 942 887 943
3 887 888 943
3 943 888 944
3 888 889 944
3 944 889 945
3 889 890 945
3 945 890 946
3 890 891 946
3 946 891 947
3 891 892 947
3 947 892 948
3 892 893 948
3 948 893 949
3 893 894 949
3 949 894 950
3 894 895 950
3 950 895 951
3 895 896 951
3 951 896 952
3 896 897 952
3 952 897 953
3 897 898 953
3 953 898 954
3 898 899 954
3 954 899 955
3 899 900 955
3 955 900 956
3 900 901 956
3 956 901 957
3 901 902 957
3 957 902 958
3 902 903 958
3 958 903 959
3 903 904 959
3 959 904 960
3 904 905 960
3 960 905 961
3 905 906 961
3 961 906 962
3 906 907 962
3 962 907 963
3 907 908 963
3 963 908 964
3 908 909 964
3 964 909 965
3 909 910 965
3 965 910 966
3 910 911 966
3 966 911 967
3 911 912 967
3 967 912 968
3 912 913 968
3 968 913 969
3 913 914 969
3 969 914 970
3 914 915 970
3 970 915 971
3 915 916 971
3 971 916 972
3 916 917 972
3 972 917 973
3 917 918 973
3 973 918 974
3 918 919 974
3 974 919 975
3 919 920 975
3 975 920 976
3 920 921 976
3 976 921 977
3 921 922 977
3 977 922 978
3 922 923 978
3 978 923 979
3 923 924 979
3 979 924 980
3 924 925 980
3 980 925 981
3 925 926 981
3 981 926 982
3 926 927 982
3 982 927 983
3 927 928 983
3 983 928 984
3 928 929 984
3 984 929 985
3 929 930 985
3 985 930 986
3 987 931 988
3 931 932 988
3 988 932 989
3 932 933 989
3 989 933 990
3 933 934 990
3 990 934 991
3 934 935 991
3 991 935 992
3 935 936 992
3 992 936 993
3 936 937 993
3 993 937 994
3 937 938 994
3 994 938 995
3 938 939 995
3 995 939 996
3 939 940 996
3 996 940 997
3 940 941 997
3 997 941 998
3 941 942 998
3 998 942 999
3 942 943 999
3 999 943 1000
3 943 944 1000
3 1000 944 1001
3 944 945 1001
3 1001 945 1002
3 945 946 1002
3 1002 946 1003
3 946 947 1003
3 1003 947 1004
3 947 948 1004
3 1004 948 1005
3 948 949 1005
3 1005 949 1006
3 949 950 1006
3 1006 950 1007
3 950 951 1007
3 1007 951 1008
3 951 952 1008
3 1008 952 1009
3 952 953 1009
3 1009 953 1010
3 953 954 1010
3 1010 954 1011
3 954 955 1011
3 1011 955 1012
3 955 956 1012
3 1012 956 1013
3 956 957 1013
3 1013 957 1014
3 957 958 1014
3 1014 958 1015
3 958 959 1015
3 1015 959 1016
3 959 960 1016
3 1016 960 1017
3 960 961 1017
3 1017 961 1018
3 961 962 1018
3 1018 962 1019
3 962 963 1019
3 1019 963 1020
3 963 964 1020
3 1020 964 1021
3 964 965 1021
3 1021 965 1022
3 965 966 1022
3 1022 966 1023
3 966 967 1023
3 1023 967 1024
3 967 968 1024
3 1024 968 1025
3 968 969 1025
3 1025 969 1026
3 969 970 1026
3 1026 970 1027
3 970 971 1027
3 1027 971 1028
3 971 972 1028
3 1028 972 1029
3 972 973 1029
3 1029 973 1030
3 973 974 1030
3 1030 974 1031
3 974 975 1031
3 1031 975 1032
3 975 976 1032
3 1032 976 1033
3 976 977 1033
3 1033 977 1034
3 977 978 1034
3 1034 978 1035
3 978 1036 1035
3 978 979 1036
3 979 1037 1036
3 979 980 1037
3 980 981 1037
3 1037 981 1038
3 981 982 1038
3 1038 982 1039
3 982 983 1039
3 1039 983 1040
3 983 984 1040
3 1040 984 1041
3 984 985 1041
3 1041 985 1042
3 985 986 1042
3 1042 986 1043
3 987 988 1044
3 1044 988 1045
3 988 989 1045
3 1045 989 1046
3 989 990 1046
3 1046 990 1047
3 990 991 1047
3 1047 991 1048
3 991 992 1048
3 1048 992 1049
3 992 993 1049
3 1049 993 1050
3 993 994 1050
3 1050 994 1051
3 994 995 1051
3 1051 995 1052
3 995 996 1052
3 1052 996 1053
3 996 997 1053
3 1053 997 1054
3 997 998 1054
3 1054 998 1055
3 998 999 1055
3 1055 999 1056
3 999 1000 1056
3 1056 1000 1057
3 1000 1001 1057
3 1057 1001 1058
3 1001 1002 1058
3 1058 1002 1059
3 1002 1003 1059
3 1059 1003 1060
3 1003 1004 1060
3 1060 1004 1061
3 1004 1005 1061
3 1061 1005 1062
3 1005 1006 1062
3 1062 1006 1063
3 1006 1007 1063
3 1063 1007 1064
3 1007 1008 1064
3 1064 1008 1065
3 1008 1009 1065
3 1065 1009 1066
3 1009 1010 1066
3 1066 1010 1067
3 1010 1011 1067
3 1067 1011 1068
3 1011 1012 1068
3 1068 1012 1069
3 1012 1013 1069
3 1069 1013 1070
3 1013 1014 1070
3 1070 1014 1071
3 1014 1015 1071
3 1071 1015 1072
3 1015 1016 1072
3 1072 1016 1073
3 1016 1017 1073
3 1073 1017 1074
3 1017 1018 1074
3 1074 1018 1075
3 1018 1019 1075
3 1075 1019 1076
3 1019 1020 1076
3 1076 1020 1077
3 1020 1021 1077
3 1077 1021 1078
3 1021 1022 1078
3 1078 1022 1079
3 1022 1023 1079
3 1079 1023 1080
3 1023 1024 1080
3 1080 1024 1081
3 1024 1025 1081
3 1081 1025 1082
3 1025 1026 1082
3 1082 1026 1083
3 1026 1027 1083
3 1083 1027 1084
3 1027 1028 1084
3 1084 1028 1085
3 1028 1029 1085
3 1085 1029 1086
3 1029 1030 1086
3 1086 1030 1087
3 1030 1031 1087
3 1087 1031 1088
3 1031 1032 1088
3 1088 1032 1089
3 1032 1090 1089
3 1032 1033 1090
3 1033 1091 1090
3 1033 1034 1091
3 1034 1092 1091
3 1034 1035 1092
3 1035 1036 1092
3 1092 1036 1093
3 1036 1037 1093
3 1093 1037 1094
3 1037 1038 1094
3 1094 1038 1095
3 1038 1039 1095
3 1095 1039 1096
3 1039 1040 1096
3 1096 1040 1097
3 1040 1041 1097
3 1097 1041 1098
3 1041 1042 1098
3 1098 1042 1099
3 1042 1043 1099
3 1099 1043 1100
3 1044 1045 1101
3 1101 1045 1102
3 1045 1046 1102
3 1102 1046 1103
3 1046 1047 1103
3 1103 1047 1104
3 1047 1048 1104
3 1104 1048 1105
3 1048 1049 1105
3 1105 1049 1106
3 1049 1050 1106
3 1106 1050 1107
3 1050 1051 1107
3 1107 1051 1108
3 1051 1052 1108
3 1108 1052 1109
3 1052 1053 1109
3 1109 1053 1110
3 1053 1054 1110
3 1110 1054 1111
3 1054 1055 1111
3 1111 1055 1112
3 1055 1056 1112
3 1112 1056 1113
3 1056 1057 1113
3 1113 1057 1114
3 1057 1058 1114
3 1114 1058 1115
3 1058 1059 1115
3 1115 1059 1116
3 1059 1060 1116
3 1116 1060 1117
3 1060 1061 1117
3 1117 1061 1118
3 1061 1062 1118
3 1118 1062 1119
3 1062 1063 1119
3 1119 1063 1120
3 1063 1064 1120
3 1120 1064 1121
3 1064 1065 1121
3 1121 1065 1122
3 1065 1066 1122
3 1122 1066 1123
3 1066 1067 1123
3 1123 1067 1124
3 1067 1068 1124
3 1124 1068 1125
3 1068 1069 1125
3 1125 1069 1126
3 1069 1070 1126
3 1126 1070 1127
3 1070 1071 1127
3 1127 1071 1128
3 1071 1072 1128
3 1128 1072 1129
3 1072 1073 1129
3 1129 1073 1130
3 1073 1074 1130
3 1130 1074 1131
3 1074 1075 1131
3 1131 1075 1132
3 1075 1076 1132
3 1132 1076 1133
3 1076 1077 1133
3 1133 1077 1134
3 1077 1078 1134
3 1134 1078 1135
3 1078 1079 1135
3 1135 1079 1136
3 1079 1080 1136
3 1136 1080 1137
3 1080 1081 1137
3 1137 1081 1138
3 1081 1082 1138
3 1138 1082 1139
3 1082 1083 1139
3 1139 1083 1140
3 1083 1084 1140
3 1140 1084 1141
3 1084 1085 1141
3 1141 1085 1142
3 1085 1086 1142
3 1142 1086 1143
3 1086 1087 1143
3 1143 1087 1144
3 1087 1088 1144
3 1144 1088 1145
3 1088 1089 1145
3 1145 1089 1146
3 1089 1147 1146
3 1089 1090 1147
3 1090 1148 1147
3 1090 1091 1148
3 1091 1092 1148
3 1148 1092 1149
3 1092 1093 1149
3 1149 1093 1150
3 1093 1094 1150
3 1150 1094 1151
3 1094 1095 1151
3 1151 1095 1152
3 1095 1096 1152
3 1152 1096 1153
3 1096 1097 1153
3 1153 1097 1154
3 1097 1098 1154
3 1154 1098 1155
3 1098 1099 1155
3 1155 1099 1156
3 1099 1100 1156
3 1156 1100 1157
3 1158 1101 1159
3 1101 1102 1159
3 1159 1102 1160
3 1102 1103 1160
3 1160 1103 1161
3 1103 1104 1161
3 1161 1104 1162
3 1104 1105 1162
3 1162 1105 1163
3 1105 1106 1163
3 1163 1106 1164
3 1106 1107 1164
3 1164 1107 1165
3 1107 1108 1165
3 1165 1108 1166
3 1108 1109 1166
3 1166 1109 1167
3 1109 1110 1167
3 1167 1110 1168
3 1110 1111 1168
3 1168 1111 1169
3 1111 1112 1169
3 1169 1112 1170
3 1112 1113 1170
3 1170 1113 1171
3 1113 1114 1171
3 1171 1114 1172
3 1114 1115 1172
3 1172 1115 1173
3 1115 1116 1173
3 1173 1116 1174
3 1116 1117 1174
3 1174 1117 1175
3 1117 1118 1175
3 1175 1118 1176
3 1118 1119 1176
3 1176 1119 1177
3 1119 1120 1177
3 1177 1120 1178
3 1120 1121 1178
3 1178 1121 1179
3 1121 1122 1179
3 1179 1122 1180
3 1122 1123 1180
3 1180 1123 1181
3 1123 1124 1181
3 1181 1124 1182
3 1124 1125 1182
3 1182 1125 1183
3 1125 1126 1183
3 1183 1126 1184
3 1126 1127 1184
3 1184 1127 1185
3 1127 1128 1185
3 1185 1128 1186
3 1128 1129 1186
3 1186 1129 1187
3 1129 1130 1187
3 1187 1130 1188
3 1130 1131 1188
3 1188 1131 1189
3 1131 1132 1189
3 1189 1132 1190
3 1132 1133 1190
3 1190 1133 1191
3 1133 1134 1191
3 1191 1134 1192
3 1134 1135 1192
3 1192 1135 1193
3 1135 1136 1193
3 1193 1136 1194
3 1136 1137 1194
3 1194 1137 1195
3 1137 1138 1195
3 1195 1138 1196
3 1138 1139 1196
3 1196 1139 1197
3 1139 1140 1197
3 1197 1140 1198
3 1140 1141 1198
3 1198 1141 1199
3 1141 1142 1199
3 1199 1142 1200
3 1142 1143 1200
3 1200 1143 1201
3 1143 1144 1201
3 1201 1144 1202
3 1144 1145 1202
3 1202 1145 1203
3 1145 1204 1203
3 1145 1146 1204
3 1146 1205 1204
3 1146 1147 1205
3 1147 1148 1205
3 1205 1148 1206
3 1148 1149 1206
3 1206 1149 1207
3 1149 1150 1207
3 1207 1150 1208
3 1150 1151 1208
3 1208 1151 1209
3 1151 1210 1209
3 1151 1152 1210
3 1152 1153 1210
3 1210 1153 1211
3 1153 1154 1211
3 1211 1154 1212
3 1154 1155 1212
3 1212 1155 1213
3 1155 1156 1213
3 1213 1156 1214
3 1156 1157 1214
3 1214 1157 1215
3 1158 1159 1216
3 1216 1159 1217
3 1159 1160 1217
3 1217 1160 1218
3 1160 1161 1218
3 1218 1161 1219
3 1161 1162 1219
3 1219 1162 1220
3 1162 1163 1220
3 1220 1163 1221
3 1163 1164 1221
3 1221 1164 1222
3 1164 1165 1222
3 1222 1165 1223
3 1165 1166 1223
3 1223 1166 1224
3 1166 1167 1224
3 1224 1167 1225
3 1167 1168 1225
3 1225 1168 1226
3 1168 1169 1226
3 1226 1169 1227
3 1169 1170 1227
3 1227 1170 1228
3 1170 1171 1228
3 1228 1171 1229
3 1171 1172 1229
3 1229 1172 1230
3 1172 1173 1230
3 1230 1173 1231
3 1173 1174 1231
3 1231 1174 1232
3 1174 1175 1232
3 1232 1175 1233
3 1175 1176 1233
3 1233 1176 1234
3 1176 1177 1234
3 1234 1177 1235
3 1177 1178 1235
3 1235 1178 1236
3 1178 1179 1236
3 1236 1179 1237
3 1179 1180 1237
3 1237 1180 1238
3 1180 1181 1238
3 1238 1181 1239
3 1181 1182 1239
3 1239 1182 1240
3 1182 1183 1240
3 1240 1183 1241
3 1183 1184 1241
3 1241 1184 1242
3 1184 1185 1242
3 1242 1185 1243
3 1185 1186 1243
3 1243 1186 1244
3 1186 1187 1244
3 1244 1187 1245
3 1187 1188 1245
3 1245 1188 1246
3 1188 1189 1246
3 1246 1189 1247
3 1189 1190 1247
3 1247 1190 1248
3 1190 1191 1248
3 1248 1191 1249
3 1191 1192 1249
3 1249 1192 1250
3 1192 1193 1250
3 1250 1193 1251
3 1193 1194 1251
3 1251 1194 1252
3 1194 1195 1252
3 1252 1195 1253
3 1195 1196 1253
3 1253 1196 1254
3 1196 1197 1254
3 1254 1197 1255
3 1197 1198 1255
3 1255 1198 1256
3 1198 1199 1256
3 1256 1199 1257
3 1199 1200 1257
3 1257 1200 1258
3 1200 1201 1258
3 1258 1201 1259
3 1201 1202 1259
3 1259 1202 1260
3 1202 1261 1260
3 1202 1203 1261
3 1203 1262 1261
3 1203 1204 1262
3 1204 1263 1262
3 1204 1205 1263
3 1205 1206 1263
3 1263 1206 1264
3 1206 1207 1264
3 1264 1207 1265
3 1207 1208 1265
3 1265 1208 1266
3 1208 1267 1266
3 1208 1209 1267
3 1209 1268 1267
3 1209 1210 1268
3 1210 1211 1268
3 1268 1211 1269
3 1211 1212 1269
3 1269 1212 1270
3 1212 1213 1270
3 1270 1213 1271
3 1213 1214 1271
3 1271 1214 1272
3 1214 1215 1272
3 1272 1215 1273
3 1216 1217 1274
3 1274 1217 1275
3 1217 1218 1275
3 1275 1218 1276
3 1218 1219 1276
3 1276 1219 1277
3 1219 1220 1277
3 1277 1220 1278
3 1220 1221 1278
3 1278 1221 1279
3 1221 1222 1279
3 1279 1222 1280
3 1222 1223 1280
3 1280 1223 1281
3 1223 1224 1281
3 1281 1224 1282
3 1224 1225 1282
3 1282 1225 1283
3 1225 1226 1283
3 1283 1226 1284
3 1226 1227 1284
3 1284 1227 1285
3 1227 1228 1285
3 1285 1228 1286
3 1228 1229 1286
3 1286 1229 1287
3 1229 1230 1287
3 1287 1230 1288
3 1230 1231 1288
3 1288 1231 1289
3 1231 1232 1289
3 1289 1232 1290
3 1232 1233 1290
3 1290 1233 1291
3 1233 1234 1291
3 1291 1234 1292
3 1234 1235 1292
3 1292 1235 1293
3 1235 1294 1293
3 1235 1236 1294
3 1236 1295 1294
3 1236 1237 1295
3 1237 1238 1295
3 1295 1238 1296
3 1238 1239 1296
3 1296 1239 1297
3 1239 1240 1297
3 1297 1240 1298
3 1240 1241 1298
3 1298 1241 1299
3 1241 1242 1299
3 1299 1242 1300
3 1242 1243 1300
3 1300 1243 1301
3 1243 1244 1301
3 1301 1244 1302
3 1244 1245 1302
3 1302 1245 1303
3 1245 1246 1303
3 1303 1246 1304
3 1246 1247 1304
3 1304 1247 1305
3 1247 1248 1305
3 1305 1248 1306
3 1248 1249 1306
3 1306 1249 1307
3 1249 1250 1307
3 1307 1250 1308
3 1250 1251 1308
3 1308 1251 1309
3 1251 1252 1309
3 1309 1252 1310
3 1252 1253 1310
3 1310 1253 1311
3 1253 1254 1311
3 1311 1254 1312
3 1254 1255 1312
3 1312 1255 1313
3 1255 1256 1313
3 1313 1256 1314
3 1256 1257 1314
3 1314 1257 1315
3 1257 1258 1315
3 1315 1258 1316
3 1258 1259 1316
3 1316 1259 1317
3 1259 1318 1317
3 1259 1260 1318
3 1260 1319 1318
3 1260 1261 1319
3 1261 1320 1319
3 1261 1262 1320
3 1262 1263 1320
3 1320 1263 1321
3 1263 1264 1321
3 1321 1264 1322
3 1264 1265 1322
3 1322 1265 1323
3 1265 1266 1323
3 1323 1266 1324
3 1266 1267 1324
3 1324 1267 1325
3 1267 1268 1325
3 1325 1268 1326
3 1268 1269 1326
3 1326 1269 1327
3 1269 1270 1327
3 1327 1270 1328
3 1270 1271 1328
3 1328 1271 1329
3 1271 1272 1329
3 1329 1272 1330
3 1272 1273 1330
3 1330 1273 1331
3 1274 1275 1332
3 1332 1275 1333
3 1275 1276 1333
3 1333 1276 1334
3 1276 1277 1334
3 1334 1277 1335
3 1277 1278 1335
3 1335 1278 1336
3 1278 1279 1336
3 1336 1279 1337
3 1279 1280 1337
3 1337 1280 1338
3 1280 1281 1338
3 1338 1281 1339
3 1281 1282 1339
3 1339 1282 1340
3 1282 1283 1340
3 1340 1283 1341
3 1283 1284 1341
3 1341 1284 1342
3 1284 1285 1342
3 1342 1285 1343
3 1285 1286 1343
3 1343 1286 1344
3 1286 1287 1344
3 1344 1287 1345
3 1287 1288 1345
3 1345 1288 1346
3 1288 1289 1346
3 1346 1289 1347
3 1289 1290 1347
3 1347 1290 1348
3 1290 1291 1348
3 1348 1291 1349
3 1291 1292 1349
3 1349 1292 1350
3 1292 1293 1350
3 1350 1293 1351
3 1293 1294 1351
3 1351 1294 1352
3 1294 1295 1352
3 1352 1295 1353
3 1295 1296 1353
3 1353 1296 1354
3 1296 1297 1354
3 1354 1297 1355
3 1297 1298 1355
3 1355 1298 1356
3 1298 1299 1356
3 1356 1299 1357
3 1299 1300 1357
3 1357 1300 1358
3 1300 1359 1358
3 1300 1301 1359
3 1301 1302 1359
3 1359 1302 1360
3 1302 1303 1360
3 1360 1303 1361
3 1303 1304 1361
3 1361 1304 1362
3 1304 1305 1362
3 1362 1305 1363
3 1305 1306 1363
3 1363 1306 1364
3 1306 1307 1364
3 1364 1307 1365
3 1307 1308 1365
3 1365 1308 1366
3 1308 1309 1366
3 1366 1309 1367
3 1309 1310 1367
3 1367 1310 1368
3 1310 1311 1368
3 1368 1311 1369
3 1311 1312 1369
3 1369 1312 1370
3 1312 1313 1370
3 1370 1313 1371
3 1313 1314 1371
3 1371 1314 1372
3 1314 1315 1372
3 1372 1315 1373
3 1315 1316 1373
3 1373 1316 1374
3 1316 1317 1374
3 1374 1317 1375
3 1317 1376 1375
3 1317 1318 1376
3 1318 1377 1376
3 1318 1319 1377
3 1319 1378 1377
3 1319 1320 1378
3 1320 1321 1378
3 1378 1321 1379
3 1321 1322 1379
3 1379 1322 1380
3 1322 1323 1380
3 1380 1323 1381
3 1323 1324 1381
3 1381 1324 1382
3 1324 1325 1382
3 1382 1325 1383
3 1325 1326 1383
3 1383 1326 1384
3 1326 1327 1384
3 1384 1327 1385
3 1327 1328 1385
3 1385 1328 1386
3 1328 1329 1386
3 1386 1329 1387
3 1329 1330 1387
3 1387 1330 1388
3 1330 1331 1388
3 1388 1331 1389
3 1332 1333 1390
3 1390 1333 1391
3 1333 1334 1391
3 1391 1334 1392
3 1334 1335 1392
3 1392 1335 1393
3 1335 1336 1393
3 1393 1336 1394
3 1336 1337 1394
3 1394 1337 1395
3 1337 1338 1395
3 1395 1338 1396
3 1338 1339 1396
3 1396 1339 1397
3 1339 1340 1397
3 1397 1340 1398
3 1340 1341 1398
3 1398 1341 1399
3 1341 1342 1399
3 1399 1342 1400
3 1342 1343 1400
3 1400 1343 1401
3 1343 1344 1401
3 1401 1344 1402
3 1344 1345 1402
3 1402 1345 1403
3 1345 1346 1403
3 1403 1346 1404
3 1346 1347 1404
3 1404 1347 1405
3 1347 1348 1405
3 1405 1348 1406
3 1348 1349 1406
3 1406 1349 1407
3 1349 1350 1407
3 1407 1350 1408
3 1350 1351 1408
3 1408 1351 1409
3 1351 1352 1409
3 1409 1352 1410
3 1352 1353 1410
3 1410 1353 1411
3 1353 1354 1411
3 1411 1354 1412
3 1354 1355 1412
3 1412 1355 1413
3 1355 1356 1413
3 1413 1356 1414
3 1356 1357 1414
3 1414 1357 1415
3 1357 1358 1415
3 1415 1358 1416
3 1358 1359 1416
3 1416 1359 1417
3 1359 1360 1417
3 1417 1360 1418
3 1360 1361 1418
3 1418 1361 1419
3 1361 1362 1419
3 1419 1362 1420
3 1362 1363 1420
3 1420 1363 1421
3 1363 1364 1421
3 1421 1364 1422
3 1364 1365 1422
3 1422 1365 1423
3 1365 1366 1423
3 1423 1366 1424
3 1366 1367 1424
3 1424 1367 1425
3 1367 1368 1425
3 1425 1368 1426
3 1368 1369 1426
3 1426 1369 1427
3 1369 1370 1427
3 1427 1370 1428
3 1370 1429 1428
3 1370 1371 1429
3 1371 1430 1429
3 1371 1372 1430
3 1372 1373 1430
3 1430 1373 1431
3 1373 1374 1431
3 1431 1374 1432
3 1374 1375 1432
3 1432 1375 1433
3 1375 1376 1433
3 1433 1376 1434
3 1376 1435 1434
3 1376 1377 1435
3 1377 1378 1435
3 1435 1378 1436
3 1378 1379 1436
3 1436 1379 1437
3 1379 1380 1437
3 1437 1380 1438
3 1380 1381 1438
3 1438 1381 1439
3 1381 1382 1439
3 1439 1382 1440
3 1382 1383 1440
3 1440 1383 1441
3 1383 1384 1441
3 1441 1384 1442
3 1384 1385 1442
3 1442 1385 1443
3 1385 1386 1443
3 1443 1386 1444
3 1386 1387 1444
3 1444 1387 1445
3 1387 1388 1445
3 1445 1388 1446
3 1388 1389 1446
3 1446 1389 1447
3 1390 1391 1448
3 1448 1391 1449
3 1391 1392 1449
3 1449 1392 1450
3 1392 1393 1450
3 1450 1393 1451
3 1393 1394 1451
3 1451 1394 1452
3 1394 1395 1452
3 1452 1395 1453
3 1395 1396 1453
3 1453 1396 1454
3 1396 1397 1454
3 1454 1397 1455
3 1397 1398 1455
3 1455 1398 1456
3 1398 1399 1456
3 1456 1399 1457
3 1399 1400 1457
3 1457 1400 1458
3 1400 1401 1458
3 1458 1401 1459
3 1401 1402 1459
3 1459 1402 1460
3 1402 1403 1460
3 1460 1403 1461
3 1403 1404 1461
3 1461 1404 1462
3 1404 1405 1462
3 1462 1405 1463
3 1405 1406 1463
3 1463 1406 1464
3 1406 1407 1464
3 1464 1407 1465
3 1407 1408 1465
3 1465 1408 1466
3 1408 1409 1466
3 1466 1409 1467
3 1409 1410 1467
3 1467 1410 1468
3 1410 1411 1468
3 1468 1411 1469
3 1411 1412 1469
3 1469 1412 1470
3 1412 1413 1470
3 1470 1413 1471
3 1413 1414 1471
3 1471 1414 1472
3 1414 1415 1472
3 1472 1415 1473
3 1415 1416 1473
3 1473 1416 1474
3 1416 1417 1474
3 1474 1417 1475
3 1417 1418 1475
3 1475 1418 1476
3 1418 1419 1476
3 1476 1419 1477
3 1419 1420 1477
3 1477 1420 1478
3 1420 1421 1478
3 1478 1421 1479
3 1421 1422 1479
3 1479 1422 1480
3 1422 1423 1480
3 1480 1423 1481
3 1423 1424 1481
3 1481 1424 1482
3 1424 1425 1482
3 1482 1425 1483
3 1425 1426 1483
3 1483 1426 1484
3 1426 1427 1484
3 1484 1427 1485
3 1427 1428 1485
3 1485 1428 1486
3 1428 1429 1486
3 1486 1429 1487
3 1429 1488 1487
3 1429 1430 1488
3 1430 1431 1488
3 1488 1431 1489
3 1431 1432 1489
3 1489 1432 1490
3 1432 1433 1490
3 1490 1433 1491
3 1433 1434 1491
3 1491 1434 1492
3 1434 1435 1492
3 1492 1435 1493
3 1435 1494 1493
3 1435 1436 1494
3 1436 1495 1494
3 1436 1437 1495
3 1437 1438 1495
3 1495 1438 1496
3 1438 1439 1496
3 1496 1439 1497
3 1439 1440 1497
3 1497 1440 1498
3 1440 1441 1498
3 1498 1441 1499
3 1441 1442 1499
3 1499 1442 1500
3 1442 1443 1500
3 1500 1443 1501
3 1443 1444 1501
3 1501 1444 1502
3 1444 1445 1502
3 1502 1445 1503
3 1445 1446 1503
3 1503 1446 1504
3 1446 1447 1504
3 1504 1447 1505
3 1506 1448 1507
3 1448 1449 1507
3 1507 1449 1508
3 1449 1450 1508
3 1508 1450 1509
3 1450 1451 1509
3 1509 1451 1510
3 1451 1452 1510
3 1510 1452 1511
3 1452 1453 1511
3 1511 1453 1512
3 1453 1454 1512
3 1512 1454 1513
3 1454 1455 1513
3 1513 1455 1514
3 1455 1456 1514
3 1514 1456 1515
3 1456 1457 1515
3 1515 1457 1516
3 1457 1458 1516
3 1516 1458 1517
3 1458 1459 1517
3 1517 1459 1518
3 1459 1460 1518
3 1518 1460 1519
3 1460 1461 1519
3 1519 1461 1520
3 1461 1462 1520
3 1520 1462 1521
3 1462 1463 1521
3 1521 1463 1522
3 1463 1464 1522
3 1522 1464 1523
3 1464 1465 1523
3 1523 1465 1524
3 1465 1466 1524
3 1524 1466 1525
3 1466 1467 1525
3 1525 1467 1526
3 1467 1468 1526
3 1526 1468 1527
3 1468 1469 1527
3 1527 1469 1528
3 1469 1470 1528
3 1528 1470 1529
3 1470 1471 1529
3 1529 1471 1530
3 1471 1472 1530
3 1530 1472 1531
3 1472 1473 1531
3 1531 1473 1532
3 1473 1474 1532
3 1532 1474 1533
3 1474 1475 1533
3 1533 1475 1534
3 1475 1476 1534
3 1534 1476 1535
3 1476 1477 1535
3 1535 1477 1536
3 1477 1478 1536
3 1536 1478 1537
3 1478 1479 1537
3 1537 1479 1538
3 1479 1480 1538
3 1538 1480 1539
3 1480 1481 1539
3 1539 1481 1540
3 1481 1482 1540
3 1540 1482 1541
3 1482 1483 1541
3 1541 1483 1542
3 1483 1484 1542
3 1542 1484 1543
3 1484 1485 1543
3 1543 1485 1544
3 1485 1486 1544
3 1544 1486 1545
3 1486 1487 1545
3 1545 1487 1546
3 1487 1488 1546
3 1546 1488 1547
3 1488 1489 1547
3 1547 1489 1548
3 1489 1490 1548
3 1548 1490 1549
3 1490 1491 1549
3 1549 1491 1550
3 1491 1492 1550
3 1550 1492 1551
3 1492 1493 1551
3 1551 1493 1552
3 1493 1494 1552
3 1552 1494 1553
3 1494 1495 1553
3 1553 1495 1554
3 1495 1496 1554
3 1554 1496 1555
3 1496 1497 1555
3 1555 1497 1556
3 1497 1498 1556
3 1556 1498 1557
3 1498 1499 1557
3 1557 1499 1558
3 1499 1500 1558
3 1558 1500 1559
3 1500 1501 1559
3 1559 1501 1560
3 1501 1502 1560
3 1560 1502 1561
3 1502 1503 1561
3 1561 1503 1562
3 1503 1504 1562
3 1562 1504 1563
3 1504 1505 1563
3 1563 1505 1564
3 1506 1507 1565
3 1565 1507 1566
3 1507 1508 1566
3 1566 1508 1567
3 1508 1509 1567
3 1567 1509 1568
3 1509 1510 1568
3 1568 1510 1569
3 1510 1511 1569
3 1569 1511 1570
3 1511 1512 1570
3 1570 1512 1571
3 1512 1513 1571
3 1571 1513 1572
3 1513 1514 1572
3 1572 1514 1573
3 1514 1515 1573
3 1573 1515 1574
3 1515 1516 1574
3 1574 1516 1575
3 1516 1517 1575
3 1575 1517 1576
3 1517 1518 1576
3 1576 1518 1577
3 1518 1519 1577
3 1577 1519 1578
3 1519 1520 1578
3 1578 1520 1579
3 1520 1521 1579
3 1579 1521 1580
3 1521 1522 1580
3 1580 1522 1581
3 1522 1523 1581
3 1581 1523 1582
3 1523 1524 1582
3 1582 1524 1583
3 1524 1525 1583
3 1583 1525 1584
3 1525 1526 1584
3 1584 1526 1585
3 1526 1527 1585
3 1585 1527 1586
3 1527 1528 1586
3 1586 1528 1587
3 1528 1529 1587
3 1587 1529 1588
3 1529 1530 1588
3 1588 1530 1589
3 1530 1531 1589
3 1589 1531 1590
3 1531 1532 1590
3 1590 1532 1591
3 1532 1533 1591
3 1591 1533 1592
3 1533 1534 1592
3 1592 1534 1593
3 1534 1535 1593
3 1593 1535 1594
3 1535 1536 1594
3 1594 1536 1595
3 1536 1537 1595
3 1595 1537 1596
3 1537 1538 1596
3 1596 1538 1597
3 1538 1539 1597
3 1597 1539 1598
3 1539 1540 1598
3 1598 1540 1599
3 1540 1541 1599
3 1599 1541 1600
3 1541 1542 1600
3 1600 1542 1601
3 1542 1543 1601
3 1601 1543 1602
3 1543 1544 1602
3 1602 1544 1603
3 1544 1545 1603
3 1603 1545 1604
3 1545 1546 1604
3 1604 1546 1605
3 1546 1547 1605
3 1605 1547 1606
3 1547 1548 1606
3 1606 1548 1607
3 1548 1549 1607
3 1607 1549 1608
3 1549 1550 1608
3 1608 1550 1609
3 1550 1551 1609
3 1609 1551 1610
3 1551 1552 1610
3 1610 1552 1611
3 1552 1553 1611
3 1611 1553 1612
3 1553 1554 1612
3 1612 1554 1613
3 1554 1555 1613
3 1613 1555 1614
3 1555 1556 1614
3 1614 1556 1615
3 1556 1557 1615
3 1615 1557 1616
3 1557 1558 1616
3 1616 1558 1617
3 1558 1559 1617
3 1617 1559 1618
3 1559 1560 1618
3 1618 1560 1619
3 1560 1561 1619
3 1619 1561 1620
3 1561 1562 1620
3 1620 1562 1621
3 1562 1563 1621
3 1621 1563 1622
3 1563 1564 1622
3 1622 1564 1623
3 1565 1566 1624
3 1624 1566 1625
3 1566 1567 1625
3 1625 1567 1626
3 1567 1568 1626
3 1626 1568 1627
3 1568 1569 1627
3 1627 1569 1628
3 1569 1570 1628
3 1628 1570 1629
3 1570 1571 1629
3 1629 1571 1630
3 1571 1572 1630
3 1630 1572 1631
3 1572 1573 1631
3 1631 1573 1632
3 1573 1574 1632
3 1632 1574 1633
3 1574 1575 1633
3 1633 1575 1634
3 1575 1576 1634
3 1634 1576 1635
3 1576 1577 1635
3 1635 1577 1636
3 1577 1578 1636
3 1636 1578 1637
3 1578 1579 1637
3 1637 1579 1638
3 1579 1580 1638
3 1638 1580 1639
3 1580 1581 1639
3 1639 1581 1640
3 1581 1582 1640
3 1640 1582 1641
3 1582 1583 1641
3 1641 1583 1642
3 1583 1584 1642
3 1642 1584 1643
3 1584 1585 1643
3 1643 1585 1644
3 1585 1586 1644
3 1644 1586 1645
3 1586 1587 1645
3 1645 1587 1646
3 1587 1588 1646
3 1646 1588 1647
3 1588 1589 1647
3 1647 1589 1648
3 1589 1590 1648
3 1648 1590 1649
3 1590 1591 1649
3 1649 1591 1650
3 1591 1592 1650
3 1650 1592 1651
3 1592 1593 1651
3 1651 1593 1652
3 1593 1594 1652
3 1652 1594 1653
3 1594 1595 1653
3 1653 1595 1654
3 1595 1596 1654
3 1654 1596 1655
3 1596 1656 1655
3 1596 1597 1656
3 1597 1598 1656
3 1656 1598 1657
3 1598 1599 1657
3 1657 1599 1658
3 1599 1600 1658
3 1658 1600 1659
3 1600 1601 1659
3 1659 1601 1660
3 1601 1602 1660
3 1660 1602 1661
3 1602 1603 1661
3 1661 1603 1662
3 1603 1604 1662
3 1662 1604 1663
3 1604 1664 1663
3 1604 1605 1664
3 1605 1665 1664
3 1605 1606 1665
3 1606 1607 1665
3 1665 1607 1666
3 1607 1608 1666
3 1666 1608 1667
3 1608 1609 1667
3 1667 1609 1668
3 1609 1610 1668
3 1668 1610 1669
3 1610 1670 1669
3 1610 1611 1670
3 1611 1612 1670
3 1670 1612 1671
3 1612 1613 1671
3 1671 1613 1672
3 1613 1614 1672
3 1672 1614 1673
3 1614 1615 1673
3 1673 1615 1674
3 1615 1616 1674
3 1674 1616 1675
3 1616 1617 1675
3 1675 1617 1676
3 1617 1618 1676
3 1676 1618 1677
3 1618 1619 1677
3 1677 1619 1678
3 1619 1620 1678
3 1678 1620 1679
3 1620 1621 1679
3 1679 1621 1680
3 1621 1622 1680
3 1680 1622 1681
3 1622 1623 1681
3 1681 1623 1682
3 1624 1625 1683
3 1683 1625 1684
3 1625 1626 1684
3 1684 1626 1685
3 1626 1627 1685
3 1685 1627 1686
3 1627 1628 1686
3 1686 1628 1687
3 1628 1629 1687
3 1687 1629 1688
3 1629 1630 1688
3 1688 1630 1689
3 1630 1631 1689
3 1689 1631 1690
3 1631 1632 1690
3 1690 1632 1691
3 1632 1633 1691
3 1691 1633 1692
3 1633 1634 1692
3 1692 1634 1693
3 1634 1635 1693
3 1693 1635 1694
3 1635 1636 1694
3 1694 1636 1695
3 1636 1637 1695
3 1695 1637 1696
3 1637 1638 1696
3 1696 1638 1697
3 1638 1639 1697
3 1697 1639 1698
3 1639 1640 1698
3 1698 1640 1699
3 1640 1641 1699
3 1699 1641 1700
3 1641 1642 1700
3 1700 1642 1701
3 1642 1643 1701
3 1701 1643 1702
3 1643 1644 1702
3 1702 1644 1703
3 1644 1645 1703
3 1703 1645 1704
3 1645 1646 1704
3 1704 1646 1705
3 1646 1647 1705
3 1705 1647 1706
3 1647 1648 1706
3 1706 1648 1707
3 1648 1649 1707
3 1707 1649 1708
3 1649 1650 1708
3 1708 1650 1709
3 1650 1651 1709
3 1709 1651 1710
3 1651 1652 1710
3 1710 1652 1711
3 1652 1653 1711
3 1711 1653 1712
3 1653 1654 1712
3 1712 1654 1713
3 1654 1655 1713
3 1713 1655 1714
3 1655 1656 1714
3 1714 1656 1715
3 1656 1657 1715
3 1715 1657 1716
3 1657 1658 1716
3 1716 1658 1717
3 1658 1659 1717
3 1717 1659 1718
3 1659 1660 1718
3 1718 1660 1719
3 1660 1661 1719
3 1719 1661 1720
3 1661 1662 1720
3 1720 1662 1721
3 1662 1663 1721
3 1721 1663 1722
3 1663 1664 1722
3 1722 1664 1723
3 1664 1724 1723
3 1664 1665 1724
3 1665 1666 1724
3 1724 1666 1725
3 1666 1667 1725
3 1725 1667 1726
3 1667 1668 1726
3 1726 1668 1727
3 1668 1669 1727
3 1727 1669 1728
3 1669 1670 1728
3 1728 1670 1729
3 1670 1671 1729
3 1729 1671 1730
3 1671 1672 1730
3 1730 1672 1731
3 1672 1673 1731
3 1731 1673 1732
3 1673 1674 1732
3 1732 1674 1733
3 1674 1675 1733
3 1733 1675 1734
3 1675 1676 1734
3 1734 1676 1735
3 1676 1677 1735
3 1735 1677 1736
3 1677 1678 1736
3 1736 1678 1737
3 1678 1679 1737
3 1737 1679 1738
3 1679 1680 1738
3 1738 1680 1739
3 1680 1681 1739
3 1739 1681 1740
3 1681 1682 1740
3 1740 1682 1741
3 1742 1683 1743
3 1683 1684 1743
3 1743 1684 1744
3 1684 1685 1744
3 1744 1685 1745
3 1685 1686 1745
3 1745 1686 1746
3 1686 1687 1746
3 1746 1687 1747
3 1687 1688 1747
3 1747 1688 1748
3 1688 1689 1748
3 1748 1689 1749
3 1689 1690 1749
3 1749 1690 1750
3 1690 1691 1750
3 1750 1691 1751
3 1691 1692 1751
3 1751 1692 1752
3 1692 1693 1752
3 1752 1693 1753
3 1693 1694 1753
3 1753 1694 1754
3 1694 1695 1754
3 1754 1695 1755
3 1695 1696 1755
3 1755 1696 1756
3 1696 1697 1756
3 1756 1697 1757
3 1697 1698 1757
3 1757 1698 1758
3 1698 1699 1758
3 1758 1699 1759
3 1699 1700 1759
3 1759 1700 1760
3 1700 1701 1760
3 1760 1701 1761
3 1701 1702 1761
3 1761 1702 1762
3 1702 1703 1762
3 1762 1703 1763
3 1703 1704 1763
3 1763 1704 1764
3 1704 1705 1764
3 1764 1705 1765
3 1705 1706 1765
3 1765 1706 1766
3 1706 1707 1766
3 1766 1707 1767
3 1707 1708 1767
3 1767 1708 1768
3 1708 1709 1768
3 1768 1709 1769
3 1709 1710 1769
3 1769 1710 1770
3 1710 1711 1770
3 1770 1711 1771
3 1711 1712 1771
3 1771 1712 1772
3 1712 1713 1772
3 1772 1713 1773
3 1713 1714 1773
3 1773 1714 1774
3 1714 1715 1774
3 1774 1715 1775
3 1715 1716 1775
3 1775 1716 1776
3 1716 1717 1776
3 1776 1717 1777
3 1717 1718 1777
3 1777 1718 1778
3 1718 1719 1778
3 1778 1719 1779
3 1719 1720 1779
3 1779 1720 1780
3 1720 1721 1780
3 1780 1721 1781
3 1721 1722 1781
3 1781 1722 1782
3 1722 1723 1782
3 1782 1723 1783
3 1723 1784 1783
3 1723 1724 1784
3 1724 1725 1784
3 1784 1725 1785
3 1725 1726 1785
3 1785 1726 1786
3 1726 1727 1786
3 1786 1727 1787
3 1727 1728 1787
3 1787 1728 1788
3 1728 1729 1788
3 1788 1729 1789
3 1729 1730 1789
3 1789 1730 1790
3 1730 1731 1790
3 1790 1731 1791
3 1731 1732 1791
3 1791 1732 1792
3 1732 1733 1792
3 1792 1733 1793
3 1733 1734 1793
3 1793 1734 1794
3 1734 1735 1794
3 1794 1735 1795
3 1735 1736 1795
3 1795 1736 1796
3 1736 1737 1796
3 1796 1737 1797
3 1737 1738 1797
3 1797 1738 1798
3 1738 1739 1798
3 1798 1739 1799
3 1739 1740 1799
3 1799 1740 1800
3 1740 1741 1800
3 1800 1741 1801
3 1802 1742 1803
3 1742 1743 1803
3 1803 1743 1804
3 1743 1744 1804
3 1804 1744 1805
3 1744 1745 1805
3 1805 1745 1806
3 1745 1746 1806
3 1806 1746 1807
3 1746 1747 1807
3 1807 1747 1808
3 1747 1748 1808
3 1808 1748 1809
3 1748 1749 1809
3 1809 1749 1810
3 1749 1750 1810
3 1810 1750 1811
3 1750 1751 1811
3 1811 1751 1812
3 1751 1752 1812
3 1812 1752 1813
3 1752 1753 1813
3 1813 1753 1814
3 1753 1754 1814
3 1814 1754 1815
3 1754 1755 1815
3 1815 1755 1816
3 1755 1756 1816
3 1816 1756 1817
3 1756 1757 1817
3 1817 1757 1818
3 1757 1758 1818
3 1818 1758 1819
3 1758 1759 1819
3 1819 1759 1820
3 1759 1760 1820
3 1820 1760 1821
3 1760 1761 1821
3 1821 1761 1822
3 1761 1762 1822
3 1822 1762 1823
3 1762 1763 1823
3 1823 1763 1824
3 1763 1764 1824
3 1824 1764 1825
3 1764 1765 1825
3 1825 1765 1826
3 1765 1766 1826
3 1826 1766 1827
3 1766 1767 1827
3 1827 1767 1828
3 1767 1768 1828
3 1828 1768 1829
3 1768 1830 1829
3 1768 1769 1830
3 1769 1770 1830
3 1830 1770 1831
3 1770 1771 1831
3 1831 1771 1832
3 1771 1772 1832
3 1832 1772 1833
3 1772 1773 1833
3 1833 1773 1834
3 1773 1774 1834
3 1834 1774 1835
3 1774 1775 1835
3 1835 1775 1836
3 1775 1776 1836
3 1836 1776 1837
3 1776 1777 1837
3 1837 1777 1838
3 1777 1778 1838
3 1838 1778 1839
3 1778 1779 1839
3 1839 1779 1840
3 1779 1780 1840
3 1840 1780 1841
3 1780 1781 1841
3 1841 1781 1842
3 1781 1782 1842
3 1842 1782 1843
3 1782 1783 1843
3 1843 1783 1844
3 1783 1845 1844
3 1783 1784 1845
3 1784 1785 1845
3 1845 1785 1846
3 1785 1786 1846
3 1846 1786 1847
3 1786 1787 1847
3 1847 1787 1848
3 1787 1788 1848
3 1848 1788 1849
3 1788 1789 1849
3 1849 1789 1850
3 1789 1790 1850
3 1850 1790 1851
3 1790 1791 1851
3 1851 1791 1852
3 1791 1792 1852
3 1852 1792 1853
3 1792 1793 1853
3 1853 1793 1854
3 1793 1794 1854
3 1854 1794 1855
3 1794 1795 1855
3 1855 1795 1856
3 1795 1796 1856
3 1856 1796 1857
3 1796 1797 1857
3 1857 1797 1858
3 1797 1798 1858
3 1858 1798 1859
3 1798 1799 1859
3 1859 1799 1860
3 1799 1800 1860
3 1860 1800 1861
3 1800 1801 1861
3 1861 1801 1862
3 1802 1803 1863
3 1863 1803 1864
3 1803 1804 1864
3 1864 1804 1865
3 1804 1805 1865
3 1865 1805 1866
3 1805 1806 1866
3 1866 1806 1867
3 1806 1807 1867
3 1867 1807 1868
3 1807 1808 1868
3 1868 1808 1869
3 1808 1809 1869
3 1869 1809 1870
3 1809 1810 1870
3 1870 1810 1871
3 1810 1811 1871
3 1871 1811 1872
3 1811 1812 1872
3 1872 1812 1873
3 1812 1813 1873
3 1873 1813 1874
3 1813 1814 1874
3 1874 1814 1875
3 1814 1815 1875
3 1875 1815 1876
3 1815 1816 1876
3 1876 1816 1877
3 1816 1817 1877
3 1877 1817 1878
3 1817 1818 1878
3 1878 1818 1879
3 1818 1819 1879
3 1879 1819 1880
3 1819 1820 1880
3 1880 1820 1881
3 1820 1821 1881
3 1881 1821 1882
3 1821 1822 1882
3 1882 1822 1883
3 1822 1823 1883
3 1883 1823 1884
3 1823 1824 1884
3 1884 1824 1885
3 1824 1825 1885
3 1885 1825 1886
3 1825 1826 1886
3 1886 1826 1887
3 1826 1827 1887
3 1887 1827 1888
3 1827 1828 1888
3 1888 1828 1889
3 1828 1829 1889
3 1889 1829 1890
3 1829 1891 1890
3 1829 1830 1891
3 1830 1892 1891
3 1830 1831 1892
3 1831 1832 1892
3 1892 1832 1893
3 1832 1833 1893
3 1893 1833 1894
3 1833 1834 1894
3 1894 1834 1895
3 1834 1835 1895
3 1895 1835 1896
3 1835 1836 1896
3 1896 1836 1897
3 1836 1837 1897
3 1897 1837 1898
3 1837 1838 1898
3 1898 1838 1899
3 1838 1839 1899
3 1899 1839 1900
3 1839 1840 1900
3 1900 1840 1901
3 1840 1841 1901
3 1901 1841 1902
3 1841 1842 1902
3 1902 1842 1903
3 1842 1843 1903
3 1903 1843 1904
3 1843 1844 1904
3 1904 1844 1905
3 1844 1845 1905
3 1905 1845 1906
3 1845 1846 1906
3 1906 1846 1907
3 1846 1847 1907
3 1907 1847 1908
3 1847 1848 1908
3 1908 1848 1909
3 1848 1849 1909
3 1909 1849 1910
3 1849 1850 1910
3 1910 1850 1911
3 1850 1851 1911
3 1911 1851 1912
3 1851 1852 1912
3 1912 1852 1913
3 1852 1853 1913
3 1913 1853 1914
3 1853 1854 1914
3 1914 1854 1915
3 1854 1855 1915
3 1915 1855 1916
3 1855 1856 1916
3 1916 1856 1917
3 1856 1857 1917
3 1917 1857 1918
3 1857 1858 1918
3 1918 1858 1919
3 1858 1859 1919
3 1919 1859 1920
3 1859 1860 1920
3 1920 1860 1921
3 1860 1861 1921
3 1921 1861 1922
3 1861 1862 1922
3 1922 1862 1923
3 1924 1863 1925
3 1863 1864 1925
3 1925 1864 1926
3 1864 1865 1926
3 1926 1865 1927
3 1865 1866 1927
3 1927 1866 1928
3 1866 1867 1928
3 1928 1867 1929
3 1867 1868 1929
3 1929 1868 1930
3 1868 1869 1930
3 1930 1869 1931
3 1869 1870 1931
3 1931 1870 1932
3 1870 1871 1932
3 1932 1871 1933
3 1871 1872 1933
3 1933 1872 1934
3 1872 1935 1934
3 1872 1873 1935
3 1873 1936 1935
3 1873 1874 1936
3 1874 1937 1936
3 1874 1875 1937
3 1875 1938 1937
3 1875 1876 1938
3 1876 1939 1938
3 1876 1877 1939
3 1877 1878 1939
3 1939 1878 1940
3 1878 1879 1940
3 1940 1879 1941
3 1879 1880 1941
3 1941 1880 1942
3 1880 1881 1942
3 1942 1881 1943
3 1881 1882 1943
3 1943 1882 1944
3 1882 1883 1944
3 1944 1883 1945
3 1883 1884 1945
3 1945 1884 1946
3 1884 1885 1946
3 1946 1885 1947
3 1885 1886 1947
3 1947 1886 1948
3 1886 1887 1948
3 1948 1887 1949
3 1887 1888 1949
3 1949 1888 1950
3 1888 1889 1950
3 1950 1889 1951
3 1889 1890 1951
3 1951 1890 1952
3 1890 1953 1952
3 1890 1891 1953
3 1891 1954 1953
3 1891 1892 1954
3 1892 1893 1954
3 1954 1893 1955
3 1893 1894 1955
3 1955 1894 1956
3 1894 1895 1956
3 1956 1895 1957
3 1895 1896 1957
3 1957 1896 1958
3 1896 1897 1958
3 1958 1897 1959
3 1897 1898 1959
3 1959 1898 1960
3 1898 1899 1960
3 1960 1899 1961
3 1899 1900 1961
3 1961 1900 1962
3 1900 1901 1962
3 1962 1901 1963
3 1901 1902 1963
3 1963 1902 1964
3 1902 1903 1964
3 1964 1903 1965
3 1903 1904 1965
3 1965 1904 1966
3 1904 1905 1966
3 1966 1905 1967
3 1905 1906 1967
3 1967 1906 1968
3 1906 1907 1968
3 1968 1907 1969
3 1907 1908 1969
3 1969 1908 1970
3 1908 1909 1970
3 1970 1909 1971
3 1909 1910 1971
3 1971 1910 1972
3 1910 1911 1972
3 1972 1911 1973
3 1911 1912 1973
3 1973 1912 1974
3 1912 1913 1974
3 1974 1913 1975
3 1913 1914 1975
3 1975 1914 1976
3 1914 1915 1976
3 1976 1915 1977
3 1915 1916 1977
3 1977 1916 1978
3 1916 1917 1978
3 1978 1917 1979
3 1917 1918 1979
3 1979 1918 1980
3 1918 1919 1980
3 1980 1919 1981
3 1919 1920 1981
3 1981 1920 1982
3 1920 1921 1982
3 1982 1921 1983
3 1921 1922 1983
3 1983 1922 1984
3 1922 1923 1984
3 1984 1923 1985
3 1924 1925 1986
3 1986 1925 1987
3 1925 1988 1987
3 1925 1926 1988
3 1926 1989 1988
3 1926 1927 1989
3 1927 1928 1989
3 1989 1928 1990
3 1928 1929 1990
3 1990 1929 1991
3 1929 1930 1991
3 1991 1930 1992
3 1930 1931 1992
3 1992 1931 1993
3 1931 1932 1993
3 1993 1932 1994
3 1932 1933 1994
3 1994 1933 1995
3 1933 1934 1995
3 1995 1934 1996
3 1934 1997 1996
3 1934 1935 1997
3 1935 1998 1997
3 1935 1936 1998
3 1936 1999 1998
3 1936 1937 1999
3 1937 2000 1999
3 1937 1938 2000
3 1938 2001 2000
3 1938 1939 2001
3 1939 1940 2001
3 2001 1940 2002
3 1940 1941 2002
3 2002 1941 2003
3 1941 1942 2003
3 2003 1942 2004
3 1942 1943 2004
3 2004 1943 2005
3 1943 1944 2005
3 2005 1944 2006
3 1944 1945 2006
3 2006 1945 2007
3 1945 1946 2007
3 2007 1946 2008
3 1946 1947 2008
3 2008 1947 2009
3 1947 1948 2009
3 2009 1948 2010
3 1948 1949 2010
3 2010 1949 2011
3 1949 1950 2011
3 2011 1950 2012
3 1950 1951 2012
3 2012 1951 2013
3 1951 1952 2013
3 2013 1952 2014
3 1952 1953 2014
3 2014 1953 2015
3 1953 1954 2015
3 2015 1954 2016
3 1954 1955 2016
3 2016 1955 2017
3 1955 1956 2017
3 2017 1956 2018
3 1956 1957 2018
3 2018 1957 2019
3 1957 1958 2019
3 2019 1958 2020
3 1958 1959 2020
3 2020 1959 2021
3 1959 1960 2021
3 2021 1960 2022
3 1960 1961 2022
3 2022 1961 2023
3 1961 1962 2023
3 2023 1962 2024
3 1962 1963 2024
3 2024 1963 2025
3 1963 1964 2025
3 2025 1964 2026
3 1964 1965 2026
3 2026 1965 2027
3 1965 1966 2027
3 2027 1966 2028
3 1966 1967 2028
3 2028 1967 2029
3 1967 1968 2029
3 2029 1968 2030
3 1968 1969 2030
3 2030 1969 2031
3 1969 1970 2031
3 2031 1970 2032
3 1970 1971 2032
3 2032 1971 2033
3 1971 1972 2033
3 2033 1972 2034
3 1972 1973 2034
3 2034 1973 2035
3 1973 1974 2035
3 2035 1974 2036
3 1974 1975 2036
3 2036 1975 2037
3 1975 1976 2037
3 2037 1976 2038
3 1976 1977 2038
3 2038 1977 2039
3 1977 1978 2039
3 2039 1978 2040
3 1978 1979 2040
3 2040 1979 2041
3 1979 1980 2041
3 2041 1980 2042
3 1980 1981 2042
3 2042 1981 2043
3 1981 1982 2043
3 2043 1982 2044
3 1982 1983 2044
3 2044 1983 2045
3 1983 1984 2045
3 2045 1984 2046
3 1984 1985 2046
3 2046 1985 2047
3 1986 2048 2049
3 1986 1987 2048
3 1987 2050 2048
3 1987 1988 2050
3 1988 2051 2050
3 1988 1989 2051
3 1989 2052 2051
3 1989 1990 2052
3 1990 2053 2052
3 1990 1991 2053
3 1991 2054 2053
3 1991 1992 2054
3 1992 2055 2054
3 1992 1993 2055
3 1993 2056 2055
3 1993 1994 2056
3 1994 2057 2056
3 1994 1995 2057
3 1995 2058 2057
3 1995 1996 2058
3 1996 2059 2058
3 1996 1997 2059
3 1997 2060 2059
3 1997 1998 2060
3 1998 2061 2060
3 1998 1999 2061
3 1999 2062 2061
3 1999 2000 2062
3 2000 2063 2062
3 2000 2001 2063
3 2001 2064 2063
3 2001 2002 2064
3 2002 2003 2064
3 2064 2003 2065
3 2003 2004 2065
3 2065 2004 2066
3 2004 2005 2066
3 2066 2005 2067
3 2005 2006 2067
3 2067 2006 2068
3 2006 2007 2068
3 2068 2007 2069
3 2007 2008 2069
3 2069 2008 2070
3 2008 2009 2070
3 2070 2009 2071
3 2009 2010 2071
3 2071 2010 2072
3 2010 2011 2072
3 2072 2011 2073
3 2011 2012 2073
3 2073 2012 2074
3 2012 2013 2074
3 2074 2013 2075
3 2013 2014 2075
3 2075 2014 2076
3 2014 2015 2076
3 2076 2015 2077
3 2015 2016 2077
3 2077 2016 2078
3 2016 2017 2078
3 2078 2017 2079
3 2017 2018 2079
3 2079 2018 2080
3 2018 2019 2080
3 2080 2019 2081
3 2019 2020 2081
3 2081 2020 2082
3 2020 2021 2082
3 2082 2021 2083
3 2021 2022 2083
3 2083 2022 2084
3 2022 2023 2084
3 2084 2023 2085
3 2023 2024 2085
3 2085 2024 2086
3 2024 2025 2086
3 2086 2025 2087
3 2025 2026 2087
3 2087 2026 2088
3 2026 2027 2088
3 2088 2027 2089
3 2027 2028 2089
3 2089 2028 2090
3 2028 2029 2090
3 2090 2029 2091
3 2029 2030 2091
3 2091 2030 2092
3 2030 2031 2092
3 2092 2031 2093
3 2031 2032 2093
3 2093 2032 2094
3 2032 2033 2094
3 2094 2033 2095
3 2033 2034 2095
3 2095 2034 2096
3 2034 2035 2096
3 2096 2035 2097
3 2035 2036 2097
3 2097 2036 2098
3 2036 2037 2098
3 2098 2037 2099
3 2037 2038 2099
3 2099 2038 2100
3 2038 2039 2100
3 2100 2039 2101
3 2039 2040 2101
3 2101 2040 2102
3 2040 2041 2102
3 2102 2041 2103
3 2041 2042 2103
3 2103 2042 2104
3 2042 2043 2104
3 2104 2043 2105
3 2043 2044 2105
3 2105 2044 2106
3 2044 2045 2106
3 2106 2045 2107
3 2045 2046 2107
3 2107 2046 2108
3 2046 2047 2108
3 2108 2047 2109
3 2049 2110 2111
3 2049 2048 2110
3 2048 2112 2110
3 2048 2050 2112
3 2050 2113 2112
3 2050 2051 2113
3 2051 2114 2113
3 2051 2052 2114
3 2052 2115 2114
3 2052 2053 2115
3 2053 2116 2115
3 2053 2054 2116
3 2054 2117 2116
3 2054 2055 2117
3 2055 2118 2117
3 2055 2056 2118
3 2056 2119 2118
3 2056 2057 2119
3 2057 2120 2119
3 2057 2058 2120
3 2058 2121 2120
3 2058 2059 2121
3 2059 2122 2121
3 2059 2060 2122
3 2060 2123 2122
3 2060 2061 2123
3 2061 2124 2123
3 2061 2062 2124
3 2062 2125 2124
3 2062 2063 2125
3 2063 2126 2125
3 2063 2064 2126
3 2064 2065 2126
3 2126 2065 2127
3 2065 2066 2127
3 2127 2066 2128
3 2066 2067 2128
3 2128 2067 2129
3 2067 2068 2129
3 2129 2068 2130
3 2068 2069 2130
3 2130 2069 2131
3 2069 2070 2131
3 2131 2070 2132
3 2070 2071 2132
3 2132 2071 2133
3 2071 2072 2133
3 2133 2072 2134
3 2072 2073 2134
3 2134 2073 2135
3 2073 2074 2135
3 2135 2074 2136
3 2074 2075 2136
3 2136 2075 2137
3 2075 2076 2137
3 2137 2076 2138
3 2076 2077 2138
3 2138 2077 2139
3 2077 2078 2139
3 2139 2078 2140
3 2078 2079 2140
3 2140 2079 2141
3 2079 2080 2141
3 2141 2080 2142
3 2080 2081 2142
3 2142 2081 2143
3 2081 2082 2143
3 2143 2082 2144
3 2082 2083 2144
3 2144 2083 2145
3 2083 2084 2145
3 2145 2084 2146
3 2084 2085 2146
3 2146 2085 2147
3 2085 2086 2147
3 2147 2086 2148
3 2086 2087 2148
3 2148 2087 2149
3 2087 2088 2149
3 2149 2088 2150
3 2088 2089 2150
3 2150 2089 2151
3 2089 2090 2151
3 2151 2090 2152
3 2090 2091 2152
3 2152 2091 2153
3 2091 2154 2153
3 2091 2092 2154
3 2092 2093 2154
3 2154 2093 2155
3 2093 2094 2155
3 2155 2094 2156
3 2094 2095 2156
3 2156 2095 2157
3 2095 2096 2157
3 2157 2096 2158
3 2096 2097 2158
3 2158 2097 2159
3 2097 2098 2159
3 2159 2098 2160
3 2098 2099 2160
3 2160 2099 2161
3 2099 2100 2161
3 2161 2100 2162
3 2100 2101 2162
3 2162 2101 2163
3 2101 2102 2163
3 2163 2102 2164
3 2102 2103 2164
3 2164 2103 2165
3 2103 2104 2165
3 2165 2104 2166
3 2104 2105 2166
3 2166 2105 2167
3 2105 2106 2167
3 2167 2106 2168
3 2106 2107 2168
3 2168 2107 2169
3 2107 2108 2169
3 2169 2108 2170
3 2108 2109 2170
3 2170 2109 2171
3 2111 2172 2173
3 2111 2110 2172
3 2110 2174 2172
3 2110 2112 2174
3 2112 2175 2174
3 2112 2113 2175
3 2113 2176 2175
3 2113 2114 2176
3 2114 2177 2176
3 2114 2115 2177
3 2115 2178 2177
3 2115 2116 2178
3 2116 2179 2178
3 2116 2117 2179
3 2117 2180 2179
3 2117 2118 2180
3 2118 2119 2180
3 2180 2119 2181
3 2119 2182 2181
3 2119 2120 2182
3 2120 2183 2182
3 2120 2121 2183
3 2121 2184 2183
3 2121 2122 2184
3 2122 2185 2184
3 2122 2123 2185
3 2123 2186 2185
3 2123 2124 2186
3 2124 2187 2186
3 2124 2125 2187
3 2125 2188 2187
3 2125 2126 2188
3 2126 2127 2188
3 2188 2127 2189
3 2127 2128 2189
3 2189 2128 2190
3 2128 2129 2190
3 2190 2129 2191
3 2129 2130 2191
3 2191 2130 2192
3 2130 2131 2192
3 2192 2131 2193
3 2131 2132 2193
3 2193 2132 2194
3 2132 2133 2194
3 2194 2133 2195
3 2133 2134 2195
3 2195 2134 2196
3 2134 2135 2196
3 2196 2135 2197
3 2135 2136 2197
3 2197 2136 2198
3 2136 2137 2198
3 2198 2137 2199
3 2137 2138 2199
3 2199 2138 2200
3 2138 2139 2200
3 2200 2139 2201
3 2139 2140 2201
3 2201 2140 2202
3 2140 2141 2202
3 2202 2141 2203
3 2141 2142 2203
3 2203 2142 2204
3 2142 2143 2204
3 2204 2143 2205
3 2143 2144 2205
3 2205 2144 2206
3 2144 2145 2206
3 2206 2145 2207
3 2145 2146 2207
3 2207 2146 2208
3 2146 2147 2208
3 2208 2147 2209
3 2147 2148 2209
3 2209 2148 2210
3 2148 2149 2210
3 2210 2149 2211
3 2149 2150 2211
3 2211 2150 2212
3 2150 2151 2212
3 2212 2151 2213
3 2151 2152 2213
3 2213 2152 2214
3 2152 2153 2214
3 2214 2153 2215
3 2153 2154 2215
3 2215 2154 2216
3 2154 2155 2216
3 2216 2155 2217
3 2155 2156 2217
3 2217 2156 2218
3 2156 2157 2218
3 2218 2157 2219
3 2157 2158 2219
3 2219 2158 2220
3 2158 2159 2220
3 2220 2159 2221
3 2159 2160 2221
3 2221 2160 2222
3 2160 2161 2222
3 2222 2161 2223
3 2161 2162 2223
3 2223 2162 2224
3 2162 2163 2224
3 2224 2163 2225
3 2163 2164 2225
3 2225 2164 2226
3 2164 2165 2226
3 2226 2165 2227
3 2165 2166 2227
3 2227 2166 2228
3 2166 2167 2228
3 2228 2167 2229
3 2167 2168 2229
3 2229 2168 2230
3 2168 2169 2230
3 2230 2169 2231
3 2169 2170 2231
3 2231 2170 2232
3 2170 2171 2232
3 2232 2171 2233
3 2173 2234 2235
3 2173 2172 2234
3 2172 2236 2234
3 2172 2174 2236
3 2174 2237 2236
3 2174 2175 2237
3 2175 2238 2237
3 2175 2176 2238
3 2176 2239 2238
3 2176 2177 2239
3 2177 2178 2239
3 2239 2178 2240
3 2178 2179 2240
3 2240 2179 2241
3 2179 2180 2241
3 2241 2180 2242
3 2180 2181 2242
3 2242 2181 2243
3 2181 2244 2243
3 2181 2182 2244
3 2182 2245 2244
3 2182 2183 2245
3 2183 2246 2245
3 2183 2184 2246
3 2184 2247 2246
3 2184 2185 2247
3 2185 2248 2247
3 2185 2186 2248
3 2186 2249 2248
3 2186 2187 2249
3 2187 2188 2249
3 2249 2188 2250
3 2188 2189 2250
3 2250 2189 2251
3 2189 2190 2251
3 2251 2190 2252
3 2190 2191 2252
3 2252 2191 2253
3 2191 2192 2253
3 2253 2192 2254
3 2192 2193 2254
3 2254 2193 2255
3 2193 2194 2255
3 2255 2194 2256
3 2194 2195 2256
3 2256 2195 2257
3 2195 2196 2257
3 2257 2196 2258
3 2196 2197 2258
3 2258 2197 2259
3 2197 2198 2259
3 2259 2198 2260
3 2198 2199 2260
3 2260 2199 2261
3 2199 2200 2261
3 2261 2200 2262
3 2200 2201 2262
3 2262 2201 2263
3 2201 2202 2263
3 2263 2202 2264
3 2202 2203 2264
3 2264 2203 2265
3 2203 2204 2265
3 2265 2204 2266
3 2204 2205 2266
3 2266 2205 2267
3 2205 2206 2267
3 2267 2206 2268
3 2206 2207 2268
3 2268 2207 2269
3 2207 2208 2269
3 2269 2208 2270
3 2208 2209 2270
3 2270 2209 2271
3 2209 2210 2271
3 2271 2210 2272
3 2210 2211 2272
3 2272 2211 2273
3 2211 2212 2273
3 2273 2212 2274
3 2212 2213 2274
3 2274 2213 2275
3 2213 2214 2275
3 2275 2214 2276
3 2214 2215 2276
3 2276 2215 2277
3 2215 2216 2277
3 2277 2216 2278
3 2216 2217 2278
3 2278 2217 2279
3 2217 2218 2279
3 2279 2218 2280
3 2218 2219 2280
3 2280 2219 2281
3 2219 2220 2281
3 2281 2220 2282
3 2220 2221 2282
3 2282 2221 2283
3 2221 2222 2283
3 2283 2222 2284
3 2222 2223 2284
3 2284 2223 2285
3 2223 2224 2285
3 2285 2224 2286
3 2224 2225 2286
3 2286 2225 2287
3 2225 2226 2287
3 2287 2226 2288
3 2226 2227 2288
3 2288 2227 2289
3 2227 2228 2289
3 2289 2228 2290
3 2228 2229 2290
3 2290 2229 2291
3 2229 2230 2291
3 2291 2230 2292
3 2230 2231 2292
3 2292 2231 2293
3 2231 2232 2293
3 2293 2232 2294
3 2232 2233 2294
3 2294 2233 2295
3 2235 2296 2297
3 2235 2234 2296
3 2234 2298 2296
3 2234 2236 2298
3 2236 2299 2298
3 2236 2237 2299
3 2237 2238 2299
3 2299 2238 2300
3 2238 2239 2300
3 2300 2239 2301
3 2239 2240 2301
3 2301 2240 2302
3 2240 2241 2302
3 2302 2241 2303
3 2241 2242 2303
3 2303 2242 2304
3 2242 2243 2304
3 2304 2243 2305
3 2243 2244 2305
3 2305 2244 2306
3 2244 2307 2306
3 2244 2245 2307
3 2245 2308 2307
3 2245 2246 2308
3 2246 2309 2308
3 2246 2247 2309
3 2247 2310 2309
3 2247 2248 2310
3 2248 2311 2310
3 2248 2249 2311
3 2249 2250 2311
3 2311 2250 2312
3 2250 2251 2312
3 2312 2251 2313
3 2251 2252 2313
3 2313 2252 2314
3 2252 2253 2314
3 2314 2253 2315
3 2253 2254 2315
3 2315 2254 2316
3 2254 2255 2316
3 2316 2255 2317
3 2255 2256 2317
3 2317 2256 2318
3 2256 2257 2318
3 2318 2257 2319
3 2257 2258 2319
3 2319 2258 2320
3 2258 2259 2320
3 2320 2259 2321
3 2259 2260 2321
3 2321 2260 2322
3 2260 2261 2322
3 2322 2261 2323
3 2261 2262 2323
3 2323 2262 2324
3 2262 2263 2324
3 2324 2263 2325
3 2263 2264 2325
3 2325 2264 2326
3 2264 2265 2326
3 2326 2265 2327
3 2265 2266 2327
3 2327 2266 2328
3 2266 2267 2328
3 2328 2267 2329
3 2267 2268 2329
3 2329 2268 2330
3 2268 2269 2330
3 2330 2269 2331
3 2269 2270 2331
3 2331 2270 2332
3 2270 2271 2332
3 2332 2271 2333
3 2271 2272 2333
3 2333 2272 2334
3 2272 2273 2334
3 2334 2273 2335
3 2273 2274 2335
3 2335 2274 2336
3 2274 2275 2336
3 2336 2275 2337
3 2275 2276 2337
3 2337 2276 2338
3 2276 2277 2338
3 2338 2277 2339
3 2277 2278 2339
3 2339 2278 2340
3 2278 2279 2340
3 2340 2279 2341
3 2279 2280 2341
3 2341 2280 2342
3 2280 2281 2342
3 2342 2281 2343
3 2281 2282 2343
3 2343 2282 2344
3 2282 2283 2344
3 2344 2283 2345
3 2283 2284 2345
3 2345 2284 2346
3 2284 2285 2346
3 2346 2285 2347
3 2285 2286 2347
3 2347 2286 2348
3 2286 2287 2348
3 2348 2287 2349
3 2287 2288 2349
3 2349 2288 2350
3 2288 2289 2350
3 2350 2289 2351
3 2289 2290 2351
3 2351 2290 2352
3 2290 2291 2352
3 2352 2291 2353
3 2291 2292 2353
3 2353 2292 2354
3 2292 2293 2354
3 2354 2293 2355
3 2293 2294 2355
3 2355 2294 2356
3 2294 2295 2356
3 2356 2295 2357
3 2297 2358 2359
3 2297 2296 2358
3 2296 2360 2358
3 2296 2298 2360
3 2298 2361 2360
3 2298 2299 2361
3 2299 2362 2361
3 2299 2300 2362
3 2300 2363 2362
3 2300 2301 2363
3 2301 2364 2363
3 2301 2302 2364
3 2302 2303 2364
3 2364 2303 2365
3 2303 2304 2365
3 2365 2304 2366
3 2304 2305 2366
3 2366 2305 2367
3 2305 2368 2367
3 2305 2306 2368
3 2306 2369 2368
3 2306 2307 2369
3 2307 2370 2369
3 2307 2308 2370
3 2308 2371 2370
3 2308 2309 2371
3 2309 2372 2371
3 2309 2310 2372
3 2310 2373 2372
3 2310 2311 2373
3 2311 2374 2373
3 2311 2312 2374
3 2312 2313 2374
3 2374 2313 2375
3 2313 2314 2375
3 2375 2314 2376
3 2314 2315 2376
3 2376 2315 2377
3 2315 2316 2377
3 2377 2316 2378
3 2316 2317 2378
3 2378 2317 2379
3 2317 2318 2379
3 2379 2318 2380
3 2318 2319 2380
3 2380 2319 2381
3 2319 2320 2381
3 2381 2320 2382
3 2320 2321 2382
3 2382 2321 2383
3 2321 2322 2383
3 2383 2322 2384
3 2322 2323 2384
3 2384 2323 2385
3 2323 2324 2385
3 2385 2324 2386
3 2324 2325 2386
3 2386 2325 2387
3 2325 2326 2387
3 2387 2326 2388
3 2326 2327 2388
3 2388 2327 2389
3 2327 2328 2389
3 2389 2328 2390
3 2328 2329 2390
3 2390 2329 2391
3 2329 2330 2391
3 2391 2330 2392
3 2330 2331 2392
3 2392 2331 2393
3 2331 2332 2393
3 2393 2332 2394
3 2332 2333 2394
3 2394 2333 2395
3 2333 2334 2395
3 2395 2334 2396
3 2334 2335 2396
3 2396 2335 2397
3 2335 2336 2397
3 2397 2336 2398
3 2336 2337 2398
3 2398 2337 2399
3 2337 2338 2399
3 2399 2338 2400
3 2338 2339 2400
3 2400 2339 2401
3 2339 2340 2401
3 2401 2340 2402
3 2340 2341 2402
3 2402 2341 2403
3 2341 2342 2403
3 2403 2342 2404
3 2342 2343 2404
3 2404 2343 2405
3 2343 2344 2405
3 2405 2344 2406
3 2344 2345 2406
3 2406 2345 2407
3 2345 2346 2407
3 2407 2346 2408
3 2346 2347 2408
3 2408 2347 2409
3 2347 2348 2409
3 2409 2348 2410
3 2348 2349 2410
3 2410 2349 2411
3 2349 2350 2411
3 2411 2350 2412
3 2350 2351 2412
3 2412 2351 2413
3 2351 2352 2413
3 2413 2352 2414
3 2352 2353 2414
3 2414 2353 2415
3 2353 2354 2415
3 2415 2354 2416
3 2354 2355 2416
3 2416 2355 2417
3 2355 2356 2417
3 2417 2356 2418
3 2356 2357 2418
3 2418 2357 2419
3 2359 2420 2421
3 2359 2358 2420
3 2358 2422 2420
3 2358 2360 2422
3 2360 2423 2422
3 2360 2361 2423
3 2361 2424 2423
3 2361 2362 2424
3 2362 2425 2424
3 2362 2363 2425
3 2363 2426 2425
3 2363 2364 2426
3 2364 2365 2426
3 2426 2365 2427
3 2365 2366 2427
3 2427 2366 2428
3 2366 2367 2428
3 2428 2367 2429
3 2367 2368 2429
3 2429 2368 2430
3 2368 2431 2430
3 2368 2369 2431
3 2369 2432 2431
3 2369 2370 2432
3 2370 2433 2432
3 2370 2371 2433
3 2371 2434 2433
3 2371 2372 2434
3 2372 2435 2434
3 2372 2373 2435
3 2373 2374 2435
3 2435 2374 2436
3 2374 2375 2436
3 2436 2375 2437
3 2375 2376 2437
3 2437 2376 2438
3 2376 2377 2438
3 2438 2377 2439
3 2377 2378 2439
3 2439 2378 2440
3 2378 2379 2440
3 2440 2379 2441
3 2379 2380 2441
3 2441 2380 2442
3 2380 2381 2442
3 2442 2381 2443
3 2381 2382 2443
3 2443 2382 2444
3 2382 2383 2444
3 2444 2383 2445
3 2383 2384 2445
3 2445 2384 2446
3 2384 2385 2446
3 2446 2385 2447
3 2385 2386 2447
3 2447 2386 2448
3 2386 2387 2448
3 2448 2387 2449
3 2387 2388 2449
3 2449 2388 2450
3 2388 2389 2450
3 2450 2389 2451
3 2389 2390 2451
3 2451 2390 2452
3 2390 2391 2452
3 2452 2391 2453
3 2391 2392 2453
3 2453 2392 2454
3 2392 2393 2454
3 2454 2393 2455
3 2393 2394 2455
3 2455 2394 2456
3 2394 2395 2456
3 2456 2395 2457
3 2395 2396 2457
3 2457 2396 2458
3 2396 2397 2458
3 2458 2397 2459
3 2397 2398 2459
3 2459 2398 2460
3 2398 2399 2460
3 2460 2399 2461
3 2399 2400 2461
3 2461 2400 2462
3 2400 2401 2462
3 2462 2401 2463
3 2401 2402 2463
3 2463 2402 2464
3 2402 2403 2464
3 2464 2403 2465
3 2403 2404 2465
3 2465 2404 2466
3 2404 2405 2466
3 2466 2405 2467
3 2405 2406 2467
3 2467 2406 2468
3 2406 2407 2468
3 2468 2407 2469
3 2407 2408 2469
3 2469 2408 2470
3 2408 2409 2470
3 2470 2409 2471
3 2409 2410 2471
3 2471 2410 2472
3 2410 2411 2472
3 2472 2411 2473
3 2411 2412 2473
3 2473 2412 2474
3 2412 2413 2474
3 2474 2413 2475
3 2413 2414 2475
3 2475 2414 2476
3 2414 2415 2476
3 2476 2415 2477
3 2415 2416 2477
3 2477 2416 2478
3 2416 2417 2478
3 2478 2417 2479
3 2417 2418 2479
3 2479 2418 2480
3 2418 2419 2480
3 2480 2419 2481
3 2482 2421 2483
3 2421 2420 2483
3 2483 2420 2484
3 2420 2422 2484
3 2484 2422 2485
3 2422 2423 2485
3 2485 2423 2486
3 2423 2424 2486
3 2486 2424 2487
3 2424 2425 2487
3 2487 2425 2488
3 2425 2426 2488
3 2488 2426 2489
3 2426 2427 2489
3 2489 2427 2490
3 2427 2428 2490
3 2490 2428 2491
3 2428 2429 2491
3 2491 2429 2492
3 2429 2430 2492
3 2492 2430 2493
3 2430 2494 2493
3 2430 2431 2494
3 2431 2495 2494
3 2431 2432 2495
3 2432 2496 2495
3 2432 2433 2496
3 2433 2497 2496
3 2433 2434 2497
3 2434 2498 2497
3 2434 2435 2498
3 2435 2436 2498
3 2498 2436 2499
3 2436 2437 2499
3 2499 2437 2500
3 2437 2438 2500
3 2500 2438 2501
3 2438 2439 2501
3 2501 2439 2502
3 2439 2440 2502
3 2502 2440 2503
3 2440 2441 2503
3 2503 2441 2504
3 2441 2442 2504
3 2504 2442 2505
3 2442 2443 2505
3 2505 2443 2506
3 2443 2444 2506
3 2506 2444 2507
3 2444 2445 2507
3 2507 2445 2508
3 2445 2446 2508
3 2508 2446 2509
3 2446 2447 2509
3 2509 2447 2510
3 2447 2448 2510
3 2510 2448 2511
3 2448 2449 2511
3 2511 2449 2512
3 2449 2450 2512
3 2512 2450 2513
3 2450 2451 2513
3 2513 2451 2514
3 2451 2452 2514
3 2514 2452 2515
3 2452 2453 2515
3 2515 2453 2516
3 2453 2454 2516
3 2516 2454 2517
3 2454 2455 2517
3 2517 2455 2518
3 2455 2456 2518
3 2518 2456 2519
3 2456 2457 2519
3 2519 2457 2520
3 2457 2458 2520
3 2520 2458 2521
3 2458 2459 2521
3 2521 2459 2522
3 2459 2460 2522
3 2522 2460 2523
3 2460 2461 2523
3 2523 2461 2524
3 2461 2462 2524
3 2524 2462 2525
3 2462 2463 2525
3 2525 2463 2526
3 2463 2464 2526
3 2526 2464 2527
3 2464 2465 2527
3 2527 2465 2528
3 2465 2466 2528
3 2528 2466 2529
3 2466 2467 2529
3 2529 2467 2530
3 2467 2468 2530
3 2530 2468 2531
3 2468 2469 2531
3 2531 2469 2532
3 2469 2470 2532
3 2532 2470 2533
3 2470 2471 2533
3 2533 2471 2534
3 2471 2472 2534
3 2534 2472 2535
3 2472 2473 2535
3 2535 2473 2536
3 2473 2474 2536
3 2536 2474 2537
3 2474 2475 2537
3 2537 2475 2538
3 2475 2476 2538
3 2538 2476 2539
3 2476 2477 2539
3 2539 2477 2540
3 2477 2478 2540
3 2540 2478 2541
3 2478 2479 2541
3 2541 2479 2542
3 2479 2480 2542
3 2542 2480 2543
3 2480 2481 2543
3 2543 2481 2544
3 2482 2483 2545
3 2545 2483 2546
3 2483 2484 2546
3 2546 2484 2547
3 2484 2485 2547
3 2547 2485 2548
3 2485 2486 2548
3 2548 2486 2549
3 2486 2487 2549
3 2549 2487 2550
3 2487 2488 2550
3 2550 2488 2551
3 2488 2489 2551
3 2551 2489 2552
3 2489 2490 2552
3 2552 2490 2553
3 2490 2491 2553
3 2553 2491 2554
3 2491 2492 2554
3 2554 2492 2555
3 2492 2493 2555
3 2555 2493 2556
3 2493 2557 2556
3 2493 2494 2557
3 2494 2558 2557
3 2494 2495 2558
3 2495 2559 2558
3 2495 2496 2559
3 2496 2560 2559
3 2496 2497 2560
3 2497 2561 2560
3 2497 2498 2561
3 2498 2499 2561
3 2561 2499 2562
3 2499 2500 2562
3 2562 2500 2563
3 2500 2501 2563
3 2563 2501 2564
3 2501 2502 2564
3 2564 2502 2565
3 2502 2503 2565
3 2565 2503 2566
3 2503 2504 2566
3 2566 2504 2567
3 2504 2505 2567
3 2567 2505 2568
3 2505 2506 2568
3 2568 2506 2569
3 2506 2507 2569
3 2569 2507 2570
3 2507 2508 2570
3 2570 2508 2571
3 2508 2509 2571
3 2571 2509 2572
3 2509 2510 2572
3 2572 2510 2573
3 2510 2511 2573
3 2573 2511 2574
3 2511 2512 2574
3 2574 2512 2575
3 2512 2513 2575
3 2575 2513 2576
3 2513 2514 2576
3 2576 2514 2577
3 2514 2515 2577
3 2577 2515 2578
3 2515 2516 2578
3 2578 2516 2579
3 2516 2517 2579
3 2579 2517 2580
3 2517 2518 2580
3 2580 2518 2581
3 2518 2519 2581
3 2581 2519 2582
3 2519 2520 2582
3 2582 2520 2583
3 2520 2521 2583
3 2583 2521 2584
3 2521 2522 2584
3 2584 2522 2585
3 2522 2523 2585
3 2585 2523 2586
3 2523 2524 2586
3 2586 2524 2587
3 2524 2525 2587
3 2587 2525 2588
3 2525 2526 2588
3 2588 2526 2589
3 2526 2527 2589
3 2589 2527 2590
3 2527 2528 2590
3 2590 2528 2591
3 2528 2529 2591
3 2591 2529 2592
3 2529 2530 2592
3 2592 2530 2593
3 2530 2531 2593
3 2593 2531 2594
3 2531 2532 2594
3 2594 2532 2595
3 2532 2533 2595
3 2595 2533 2596
3 2533 2534 2596
3 2596 2534 2597
3 2534 2535 2597
3 2597 2535 2598
3 2535 2536 2598
3 2598 2536 2599
3 2536 2537 2599
3 2599 2537 2600
3 2537 2538 2600
3 2600 2538 2601
3 2538 2539 2601
3 2601 2539 2602
3 2539 2540 2602
3 2602 2540 2603
3 2540 2541 2603
3 2603 2541 2604
3 2541 2542 2604
3 2604 2542 2605
3 2542 2543 2605
3 2605 2543 2606
3 2543 2544 2606
3 2606 2544 2607
3 2545 2546 2608
3 2608 2546 2609
3 2546 2547 2609
3 2609 2547 2610
3 2547 2548 2610
3 2610 2548 2611
3 2548 2549 2611
3 2611 2549 2612
3 2549 2550 2612
3 2612 2550 2613
3 2550 2551 2613
3 2613 2551 2614
3 2551 2552 2614
3 2614 2552 2615
3 2552 2553 2615
3 2615 2553 2616
3 2553 2554 2616
3 2616 2554 2617
3 2554 2555 2617
3 2617 2555 2618
3 2555 2556 2618
3 2618 2556 2619
3 2556 2620 2619
3 2556 2557 2620
3 2557 2621 2620
3 2557 2558 2621
3 2558 2622 2621
3 2558 2559 2622
3 2559 2623 2622
3 2559 2560 2623
3 2560 2624 2623
3 2560 2561 2624
3 2561 2562 2624
3 2624 2562 2625
3 2562 2563 2625
3 2625 2563 2626
3 2563 2564 2626
3 2626 2564 2627
3 2564 2565 2627
3 2627 2565 2628
3 2565 2566 2628
3 2628 2566 2629
3 2566 2567 2629
3 2629 2567 2630
3 2567 2568 2630
3 2630 2568 2631
3 2568 2569 2631
3 2631 2569 2632
3 2569 2570 2632
3 2632 2570 2633
3 2570 2571 2633
3 2633 2571 2634
3 2571 2572 2634
3 2634 2572 2635
3 2572 2573 2635
3 2635 2573 2636
3 2573 2637 2636
3 2573 2574 2637
3 2574 2575 2637
3 2637 2575 2638
3 2575 2576 2638
3 2638 2576 2639
3 2576 2577 2639
3 2639 2577 2640
3 2577 2578 2640
3 2640 2578 2641
3 2578 2579 2641
3 2641 2579 2642
3 2579 2580 2642
3 2642 2580 2643
3 2580 2581 2643
3 2643 2581 2644
3 2581 2582 2644
3 2644 2582 2645
3 2582 2583 2645
3 2645 2583 2646
3 2583 2584 2646
3 2646 2584 2647
3 2584 2585 2647
3 2647 2585 2648
3 2585 2586 2648
3 2648 2586 2649
3 2586 2587 2649
3 2649 2587 2650
3 2587 2588 2650
3 2650 2588 2651
3 2588 2589 2651
3 2651 2589 2652
3 2589 2590 2652
3 2652 2590 2653
3 2590 2591 2653
3 2653 2591 2654
3 2591 2592 2654
3 2654 2592 2655
3 2592 2593 2655
3 2655 2593 2656
3 2593 2594 2656
3 2656 2594 2657
3 2594 2595 2657
3 2657 2595 2658
3 2595 2596 2658
3 2658 2596 2659
3 2596 2597 2659
3 2659 2597 2660
3 2597 2661 2660
3 2597 2598 2661
3 2598 2599 2661
3 2661 2599 2662
3 2599 2600 2662
3 2662 2600 2663
3 2600 2601 2663
3 2663 2601 2664
3 2601 2602 2664
3 2664 2602 2665
3 2602 2603 2665
3 2665 2603 2666
3 2603 2604 2666
3 2666 2604 2667
3 2604 2605 2667
3 2667 2605 2668
3 2605 2606 2668
3 2668 2606 2669
3 2606 2607 2669
3 2669 2607 2670
3 2671 2608 2672
3 2608 2609 2672
3 2672 2609 2673
3 2609 2610 2673
3 2673 2610 2674
3 2610 2675 2674
3 2610 2611 2675
3 2611 2676 2675
3 2611 2612 2676
3 2612 2677 2676
3 2612 2613 2677
3 2613 2678 2677
3 2613 2614 2678
3 2614 2615 2678
3 2678 2615 2679
3 2615 2616 2679
3 2679 2616 2680
3 2616 2617 2680
3 2680 2617 2681
3 2617 2618 2681
3 2681 2618 2682
3 2618 2619 2682
3 2682 2619 2683
3 2619 2684 2683
3 2619 2620 2684
3 2620 2685 2684
3 2620 2621 2685
3 2621 2686 2685
3 2621 2622 2686
3 2622 2687 2686
3 2622 2623 2687
3 2623 2688 2687
3 2623 2624 2688
3 2624 2625 2688
3 2688 2625 2689
3 2625 2626 2689
3 2689 2626 2690
3 2626 2627 2690
3 2690 2627 2691
3 2627 2628 2691
3 2691 2628 2692
3 2628 2629 2692
3 2692 2629 2693
3 2629 2630 2693
3 2693 2630 2694
3 2630 2631 2694
3 2694 2631 2695
3 2631 2632 2695
3 2695 2632 2696
3 2632 2633 2696
3 2696 2633 2697
3 2633 2634 2697
3 2697 2634 2698
3 2634 2635 2698
3 2698 2635 2699
3 2635 2636 2699
3 2699 2636 2700
3 2636 2701 2700
3 2636 2637 2701
3 2637 2702 2701
3 2637 2638 2702
3 2638 2703 2702
3 2638 2639 2703
3 2639 2640 2703
3 2703 2640 2704
3 2640 2641 2704
3 2704 2641 2705
3 2641 2642 2705
3 2705 2642 2706
3 2642 2643 2706
3 2706 2643 2707
3 2643 2644 2707
3 2707 2644 2708
3 2644 2645 2708
3 2708 2645 2709
3 2645 2646 2709
3 2709 2646 2710
3 2646 2647 2710
3 2710 2647 2711
3 2647 2648 2711
3 2711 2648 2712
3 2648 2649 2712
3 2712 2649 2713
3 2649 2650 2713
3 2713 2650 2714
3 2650 2651 2714
3 2714 2651 2715
3 2651 2652 2715
3 2715 2652 2716
3 2652 2653 2716
3 2716 2653 2717
3 2653 2654 2717
3 2717 2654 2718
3 2654 2655 2718
3 2718 2655 2719
3 2655 2656 2719
3 2719 2656 2720
3 2656 2657 2720
3 2720 2657 2721
3 2657 2658 2721
3 2721 2658 2722
3 2658 2659 2722
3 2722 2659 2723
3 2659 2724 2723
3 2659 2660 2724
3 2660 2725 2724
3 2660 2661 2725
3 2661 2662 2725
3 2725 2662 2726
3 2662 2663 2726
3 2726 2663 2727
3 2663 2664 2727
3 2727 2664 2728
3 2664 2665 2728
3 2728 2665 2729
3 2665 2666 2729
3 2729 2666 2730
3 2666 2667 2730
3 2730 2667 2731
3 2667 2668 2731
3 2731 2668 2732
3 2668 2669 2732
3 2732 2669 2733
3 2669 2670 2733
3 2733 2670 2734
3 2671 2672 2735
3 2735 2672 2736
3 2672 2673 2736
3 2736 2673 2737
3 2673 2674 2737
3 2737 2674 2738
3 2674 2739 2738
3 2674 2675 2739
3 2675 2740 2739
3 2675 2676 2740
3 2676 2741 2740
3 2676 2677 2741
3 2677 2678 2741
3 2741 2678 2742
3 2678 2679 2742
3 2742 2679 2743
3 2679 2680 2743
3 2743 2680 2744
3 2680 2681 2744
3 2744 2681 2745
3 2681 2682 2745
3 2745 2682 2746
3 2682 2683 2746
3 2746 2683 2747
3 2683 2748 2747
3 2683 2684 2748
3 2684 2749 2748
3 2684 2685 2749
3 2685 2750 2749
3 2685 2686 2750
3 2686 2751 2750
3 2686 2687 2751
3 2687 2752 2751
3 2687 2688 2752
3 2688 2689 2752
3 2752 2689 2753
3 2689 2690 2753
3 2753 2690 2754
3 2690 2691 2754
3 2754 2691 2755
3 2691 2692 2755
3 2755 2692 2756
3 2692 2693 2756
3 2756 2693 2757
3 2693 2694 2757
3 2757 2694 2758
3 2694 2695 2758
3 2758 2695 2759
3 2695 2696 2759
3 2759 2696 2760
3 2696 2697 2760
3 2760 2697 2761
3 2697 2698 2761
3 2761 2698 2762
3 2698 2699 2762
3 2762 2699 2763
3 2699 2700 2763
3 2763 2700 2764
3 2700 2701 2764
3 2764 2701 2765
3 2701 2766 2765
3 2701 2702 2766
3 2702 2767 2766
3 2702 2703 2767
3 2703 2768 2767
3 2703 2704 2768
3 2704 2769 2768
3 2704 2705 2769
3 2705 2770 2769
3 2705 2706 2770
3 2706 2771 2770
3 2706 2707 2771
3 2707 2708 2771
3 2771 2708 2772
3 2708 2709 2772
3 2772 2709 2773
3 2709 2710 2773
3 2773 2710 2774
3 2710 2711 2774
3 2774 2711 2775
3 2711 2712 2775
3 2775 2712 2776
3 2712 2713 2776
3 2776 2713 2777
3 2713 2714 2777
3 2777 2714 2778
3 2714 2715 2778
3 2778 2715 2779
3 2715 2780 2779
3 2715 2716 2780
3 2716 2717 2780
3 2780 2717 2781
3 2717 2718 2781
3 2781 2718 2782
3 2718 2719 2782
3 2782 2719 2783
3 2719 2720 2783
3 2783 2720 2784
3 2720 2721 2784
3 2784 2721 2785
3 2721 2722 2785
3 2785 2722 2786
3 2722 2723 2786
3 2786 2723 2787
3 2723 2788 2787
3 2723 2724 2788
3 2724 2789 2788
3 2724 2725 2789
3 2725 2726 2789
3 2789 2726 2790
3 2726 2727 2790
3 2790 2727 2791
3 2727 2728 2791
3 2791 2728 2792
3 2728 2729 2792
3 2792 2729 2793
3 2729 2730 2793
3 2793 2730 2794
3 2730 2731 2794
3 2794 2731 2795
3 2731 2732 2795
3 2795 2732 2796
3 2732 2733 2796
3 2796 2733 2797
3 2733 2734 2797
3 2797 2734 2798
3 2739 2740 2799
3 2740 2800 2799
3 2740 2741 2800
3 2741 2742 2800
3 2800 2742 2801
3 2742 2743 2801
3 2801 2743 2802
3 2743 2744 2802
3 2802 2744 2803
3 2744 2745 2803
3 2803 2745 2804
3 2745 2746 2804
3 2804 2746 2805
3 2746 2747 2805
3 2805 2747 2806
3 2747 2807 2806
3 2747 2748 2807
3 2748 2808 2807
3 2748 2749 2808
3 2749 2809 2808
3 2749 2750 2809
3 2750 2810 2809
3 2750 2751 2810
3 2751 2811 2810
3 2751 2752 2811
3 2752 2753 2811
3 2811 2753 2812
3 2753 2754 2812
3 2812 2754 2813
3 2754 2755 2813
3 2813 2755 2814
3 2755 2756 2814
3 2814 2756 2815
3 2756 2757 2815
3 2815 2757 2816
3 2757 2758 2816
3 2816 2758 2817
3 2758 2759 2817
3 2817 2759 2818
3 2759 2760 2818
3 2818 2760 2819
3 2760 2761 2819
3 2819 2761 2820
3 2761 2821 2820
3 2761 2762 2821
3 2762 2822 2821
3 2762 2763 2822
3 2763 2764 2822
3 2822 2764 2823
3 2764 2824 2823
3 2764 2765 2824
3 2765 2825 2824
3 2765 2766 2825
3 2766 2826 2825
3 2766 2767 2826
3 2767 2827 2826
3 2767 2768 2827
3 2768 2828 2827
3 2768 2769 2828
3 2769 2770 2828
3 2828 2770 2829
3 2770 2771 2829
3 2829 2771 2830
3 2771 2772 2830
3 2830 2772 2831
3 2772 2773 2831
3 2831 2773 2832
3 2773 2774 2832
3 2832 2774 2833
3 2774 2775 2833
3 2833 2775 2834
3 2775 2776 2834
3 2834 2776 2835
3 2776 2777 2835
3 2835 2777 2836
3 2777 2778 2836
3 2836 2778 2837
3 2778 2779 2837
3 2837 2779 2838
3 2779 2780 2838
3 2838 2780 2839
3 2780 2781 2839
3 2839 2781 2840
3 2781 2782 2840
3 2840 2782 2841
3 2782 2783 2841
3 2841 2783 2842
3 2783 2784 2842
3 2842 2784 2843
3 2784 2785 2843
3 2843 2785 2844
3 2785 2786 2844
3 2844 2786 2845
3 2786 2787 2845
3 2845 2787 2846
3 2787 2847 2846
3 2787 2788 2847
3 2788 2848 2847
3 2788 2789 2848
3 2789 2790 2848
3 2848 2790 2849
3 2790 2791 2849
3 2849 2791 2850
3 2791 2792 2850
3 2850 2792 2851
3 2792 2793 2851
3 2851 2793 2852
3 2793 2794 2852
3 2852 2794 2853
3 2794 2795 2853
3 2853 2795 2854
3 2795 2796 2854
3 2854 2796 2855
3 2796 2797 2855
3 2855 2797 2856
3 2797 2798 2856
3 2856 2798 2857
3 2803 2804 2858
3 2804 2805 2859
3 2805 2860 2859
3 2805 2806 2860
3 2806 2861 2860
3 2806 2807 2861
3 2807 2862 2861
3 2807 2808 2862
3 2808 2863 2862
3 2808 2809 2863
3 2809 2864 2863
3 2809 2810 2864
3 2810 2865 2864
3 2810 2811 2865
3 2811 2866 2865
3 2811 2812 2866
3 2812 2813 2866
3 2866 2813 2867
3 2813 2814 2867
3 2867 2814 2868
3 2814 2815 2868
3 2868 2815 2869
3 2815 2816 2869
3 2869 2816 2870
3 2816 2817 2870
3 2870 2817 2871
3 2817 2818 2871
3 2871 2818 2872
3 2818 2819 2872
3 2872 2819 2873
3 2819 2820 2873
3 2873 2820 2874
3 2820 2875 2874
3 2820 2821 2875
3 2821 2876 2875
3 2821 2822 2876
3 2822 2877 2876
3 2822 2823 2877
3 2823 2878 2877
3 2823 2824 2878
3 2824 2879 2878
3 2824 2825 2879
3 2825 2880 2879
3 2825 2826 2880
3 2826 2881 2880
3 2826 2827 2881
3 2827 2882 2881
3 2827 2828 2882
3 2828 2829 2882
3 2882 2829 2883
3 2829 2830 2883
3 2883 2830 2884
3 2830 2831 2884
3 2884 2831 2885
3 2831 2832 2885
3 2885 2832 2886
3 2832 2833 2886
3 2886 2833 2887
3 2833 2834 2887
3 2887 2834 2888
3 2834 2835 2888
3 2888 2835 2889
3 2835 2836 2889
3 2889 2836 2890
3 2836 2837 2890
3 2890 2837 2891
3 2837 2838 2891
3 2891 2838 2892
3 2838 2839 2892
3 2892 2839 2893
3 2839 2840 2893
3 2893 2840 2894
3 2840 2841 2894
3 2894 2841 2895
3 2841 2842 2895
3 2895 2842 2896
3 2842 2843 2896
3 2896 2843 2897
3 2843 2844 2897
3 2897 2844 2898
3 2844 2845 2898
3 2898 2845 2899
3 2845 2900 2899
3 2845 2846 2900
3 2846 2901 2900
3 2846 2847 2901
3 2847 2848 2901
3 2901 2848 2902
3 2848 2849 2902
3 2902 2849 2903
3 2849 2850 2903
3 2903 2850 2904
3 2850 2851 2904
3 2904 2851 2905
3 2851 2852 2905
3 2905 2852 2906
3 2852 2853 2906
3 2906 2853 2907
3 2853 2854 2907
3 2907 2854 2908
3 2854 2855 2908
3 2908 2855 2909
3 2855 2856 2909
3 2909 2856 2910
3 2856 2857 2910
3 2910 2857 2911
3 2862 2912 2913
3 2862 2863 2912
3 2863 2914 2912
3 2863 2864 2914
3 2864 2915 2914
3 2864 2865 2915
3 2865 2916 2915
3 2865 2866 2916
3 2866 2867 2916
3 2916 2867 2917
3 2867 2868 2917
3 2917 2868 2918
3 2868 2869 2918
3 2918 2869 2919
3 2869 2870 2919
3 2919 2870 2920
3 2870 2871 2920
3 2920 2871 2921
3 2871 2872 2921
3 2921 2872 2922
3 2872 2873 2922
3 2922 2873 2923
3 2873 2874 2923
3 2923 2874 2924
3 2874 2925 2924
3 2874 2875 2925
3 2875 2926 2925
3 2875 2876 2926
3 2876 2927 2926
3 2876 2877 2927
3 2877 2928 2927
3 2878 2879 2929
3 2879 2930 2929
3 2879 2880 2930
3 2880 2931 2930
3 2880 2881 2931
3 2881 2882 2931
3 2931 2882 2932
3 2882 2933 2932
3 2882 2883 2933
3 2883 2884 2933
3 2933 2884 2934
3 2884 2885 2934
3 2934 2885 2935
3 2885 2886 2935
3 2935 2886 2936
3 2886 2887 2936
3 2936 2887 2937
3 2887 2888 2937
3 2937 2888 2938
3 2888 2889 2938
3 2938 2889 2939
3 2889 2890 2939
3 2939 2890 2940
3 2890 2941 2940
3 2890 2891 2941
3 2891 2942 2941
3 2891 2892 2942
3 2892 2893 2942
3 2942 2893 2943
3 2893 2894 2943
3 2943 2894 2944
3 2894 2895 2944
3 2944 2895 2945
3 2895 2896 2945
3 2945 2896 2946
3 2896 2897 2946
3 2946 2897 2947
3 2897 2898 2947
3 2947 2898 2948
3 2898 2899 2948
3 2948 2899 2949
3 2899 2950 2949
3 2899 2900 2950
3 2900 2951 2950
3 2900 2901 2951
3 2901 2902 2951
3 2951 2902 2952
3 2902 2903 2952
3 2952 2903 2953
3 2903 2904 2953
3 2953 2904 2954
3 2904 2905 2954
3 2954 2905 2955
3 2905 2906 2955
3 2955 2906 2956
3 2906 2907 2956
3 2956 2907 2957
3 2907 2908 2957
3 2957 2908 2958
3 2908 2909 2958
3 2958 2909 2959
3 2909 2910 2959
3 2959 2910 2960
3 2910 2911 2960
3 2960 2911 2961
3 2912 2914 2962
3 2914 2963 2962
3 2914 2915 2963
3 2915 2916 2963
3 2963 2916 2964
3 2916 2917 2964
3 2964 2917 2965
3 2917 2918 2965
3 2965 2918 2966
3 2918 2919 2966
3 2966 2919 2967
3 2919 2920 2967
3 2924 2925 2968
3 2925 2969 2968
3 2925 2926 2969
3 2926 2970 2969
3 2926 2927 2970
3 2927 2971 2970
3 2927 2928 2971
3 2928 2972 2971
3 2928 2929 2972
3 2929 2973 2972
3 2929 2930 2973
3 2930 2931 2973
3 2973 2931 2974
3 2931 2932 2974
3 2974 2932 2975
3 2932 2933 2975
3 2975 2933 2976
3 2933 2934 2976
3 2976 2934 2977
3 2934 2935 2977
3 2977 2935 2978
3 2935 2936 2978
3 2978 2936 2979
3 2936 2937 2979
3 2979 2937 2980
3 2937 2938 2980
3 2980 2938 2981
3 2938 2939 2981
3 2981 2939 2982
3 2939 2940 2982
3 2982 2940 2983
3 2940 2984 2983
3 2940 2941 2984
3 2941 2985 2984
3 2941 2942 2985
3 2942 2943 2985
3 2985 2943 2986
3 2943 2944 2986
3 2986 2944 2987
3 2944 2945 2987
3 2987 2945 2988
3 2945 2946 2988
3 2988 2946 2989
3 2946 2947 2989
3 2989 2947 2990
3 2947 2948 2990
3 2990 2948 2991
3 2948 2949 2991
3 2991 2949 2992
3 2949 2993 2992
3 2949 2950 2993
3 2950 2994 2993
3 2950 2951 2994
3 2951 2952 2994
3 2994 2952 2995
3 2952 2953 2995
3 2995 2953 2996
3 2953 2954 2996
3 2996 2954 2997
3 2954 2955 2997
3 2997 2955 2998
3 2955 2956 2998
3 2998 2956 2999
3 2956 2957 2999
3 2999 2957 3000
3 2957 2958 3000
3 3000 2958 3001
3 2958 2959 3001
3 3001 2959 3002
3 2959 2960 3002
3 3002 2960 3003
3 2960 2961 3003
3 3003 2961 3004
3 2963 3005 3006
3 2963 2964 3005
3 2964 2965 3005
3 3005 2965 3007
3 2965 2966 3007
3 2969 2970 3008
3 2970 3009 3008
3 2970 2971 3009
3 2971 3010 3009
3 2971 2972 3010
3 2972 3011 3010
3 2972 2973 3011
3 2973 3012 3011
3 2973 2974 3012
3 2974 2975 3012
3 3012 2975 3013
3 2975 3014 3013
3 2975 2976 3014
3 2976 2977 3014
3 3014 2977 3015
3 2977 2978 3015
3 3015 2978 3016
3 2978 2979 3016
3 3016 2979 3017
3 2979 2980 3017
3 3017 2980 3018
3 2980 3019 3018
3 2980 2981 3019
3 2981 3020 3019
3 2981 2982 3020
3 2982 3021 3020
3 2982 2983 3021
3 2983 3022 3021
3 2983 2984 3022
3 2984 3023 3022
3 2984 2985 3023
3 2985 3024 3023
3 2985 2986 3024
3 2986 3025 3024
3 2986 2987 3025
3 2987 2988 3025
3 3025 2988 3026
3 2988 2989 3026
3 3026 2989 3027
3 2989 2990 3027
3 3027 2990 3028
3 2990 2991 3028
3 3028 2991 3029
3 2991 2992 3029
3 3029 2992 3030
3 2992 2993 3030
3 3030 2993 3031
3 2993 2994 3031
3 3031 2994 3032
3 2994 2995 3032
3 3032 2995 3033
3 2995 2996 3033
3 3033 2996 3034
3 2996 2997 3034
3 3034 2997 3035
3 2997 2998 3035
3 3035 2998 3036
3 2998 2999 3036
3 3036 2999 3037
3 2999 3000 3037
3 3037 3000 3038
3 3000 3001 3038
3 3038 3001 3039
3 3001 3002 3039
3 3039 3002 3040
3 3002 3003 3040
3 3040 3003 3041
3 3003 3004 3041
3 3041 3004 3042
3 3009 3010 3043
3 3010 3044 3043
3 3010 3011 3044
3 3011 3012 3044
3 3044 3012 3045
3 3012 3013 3045
3 3045 3013 3046
3 3013 3014 3046
3 3046 3014 3047
3 3014 3015 3047
3 3047 3015 3048
3 3015 3016 3048
3 3048 3016 3049
3 3016 3017 3049
3 3049 3017 3050
3 3017 3018 3050
3 3050 3018 3051
3 3018 3052 3051
3 3018 3019 3052
3 3019 3053 3052
3 3019 3020 3053
3 3020 3021 3053
3 3053 3021 3054
3 3021 3055 3054
3 3021 3022 3055
3 3022 3056 3055
3 3022 3023 3056
3 3023 3024 3056
3 3056 3024 3057
3 3024 3025 3057
3 3057 3025 3058
3 3025 3026 3058
3 3058 3026 3059
3 3026 3027 3059
3 3059 3027 3060
3 3027 3028 3060
3 3060 3028 3061
3 3028 3029 3061
3 3061 3029 3062
3 3029 3030 3062
3 3062 3030 3063
3 3030 3031 3063
3 3063 3031 3064
3 3031 3032 3064
3 3064 3032 3065
3 3032 3066 3065
3 3032 3033 3066
3 3033 3034 3066
3 3066 3034 3067
3 3034 3035 3067
3 3067 3035 3068
3 3035 3036 3068
3 3068 3036 3069
3 3036 3037 3069
3 3069 3037 3070
3 3037 3038 3070
3 3070 3038 3071
3 3038 3039 3071
3 3071 3039 3072
3 3039 3040 3072
3 3072 3040 3073
3 3040 3041 3073
3 3073 3041 3074
3 3041 3042 3074
3 3074 3042 3075
3 3043 3044 3076
3 3044 3045 3076
3 3076 3045 3077
3 3045 3046 3077
3 3077 3046 3078
3 3046 3047 3078
3 3078 3047 3079
3 3047 3048 3079
3 3079 3048 3080
3 3048 3049 3080
3 3080 3049 3081
3 3049 3050 3081
3 3081 3050 3082
3 3050 3051 3082
3 3082 3051 3083
3 3051 3052 3083
3 3083 3052 3084
3 3052 3053 3084
3 3084 3053 3085
3 3053 3054 3085
3 3085 3054 3086
3 3054 3055 3086
3 3086 3055 3087
3 3055 3056 3087
3 3087 3056 3088
3 3056 3057 3088
3 3088 3057 3089
3 3057 3058 3089
3 3089 3058 3090
3 3058 3059 3090
3 3090 3059 3091
3 3059 3060 3091
3 3091 3060 3092
3 3060 3061 3092
3 3092 3061 3093
3 3061 3062 3093
3 3093 3062 3094
3 3062 3063 3094
3 3094 3063 3095
3 3063 3064 3095
3 3095 3064 3096
3 3064 3097 3096
3 3064 3065 3097
3 3065 3098 3097
3 3065 3066 3098
3 3066 3067 3098
3 3098 3067 3099
3 3067 3068 3099
3 3099 3068 3100
3 3068 3069 3100
3 3100 3069 3101
3 3069 3070 3101
3 3101 3070 3102
3 3070 3071 3102
3 3102 3071 3103
3 3071 3072 3103
3 3103 3072 3104
3 3072 3073 3104
3 3104 3073 3105
3 3073 3074 3105
3 3105 3074 3106
3 3074 3075 3106
3 3106 3075 3107
3 3082 3083 3108
3 3108 3083 3109
3 3083 3110 3109
3 3083 3084 3110
3 3084 3085 3110
3 3110 3085 3111
3 3085 3086 3111
3 3111 3086 3112
3 3086 3087 3112
3 3112 3087 3113
3 3087 3088 3113
3 3113 3088 3114
3 3088 3089 3114
3 3114 3089 3115
3 3089 3090 3115
3 3115 3090 3116
3 3090 3091 3116
3 3116 3091 3117
3 3091 3118 3117
3 3091 3092 3118
3 3092 3093 3118
3 3118 3093 3119
3 3093 3094 3119
3 3119 3094 3120
3 3094 3095 3120
3 3120 3095 3121
3 3095 3096 3121
3 3121 3096 3122
3 3096 3097 3122
3 3122 3097 3123
3 3097 3124 3123
3 3097 3098 3124
3 3098 3099 3124
3 3124 3099 3125
3 3099 3100 3125
3 3125 3100 3126
3 3100 3101 3126
3 3126 3101 3127
3 3101 3102 3127
3 3127 3102 3128
3 3102 3103 3128
3 3128 3103 3129
3 3103 3104 3129
3 3129 3104 3130
3 3104 3105 3130
3 3130 3105 3131
3 3105 3106 3131
3 3131 3106 3132
3 3106 3107 3132
3 3132 3107 3133
3 3109 3110 3134
3 3110 3111 3134
3 3134 3111 3135
3 3111 3112 3135
3 3135 3112 3136
3 3112 3113 3136
3 3136 3113 3137
3 3113 3138 3137
3 3113 3114 3138
3 3114 3115 3138
3 3138 3115 3139
3 3115 3116 3139
3 3139 3116 3140
3 3116 3141 3140
3 3116 3117 3141
3 3117 3142 3141
3 3117 3118 3142
3 3118 3119 3142
3 3142 3119 3143
3 3119 3120 3143
3 3143 3120 3144
3 3120 3121 3144
3 3144 3121 3145
3 3121 3122 3145
3 3145 3122 3146
3 3122 3123 3146
3 3146 3123 3147
3 3123 3148 3147
3 3123 3124 3148
3 3124 3125 3148
3 3148 3125 3149
3 3125 3126 3149
3 3149 3126 3150
3 3126 3127 3150
3 3150 3127 3151
3 3127 3128 3151
3 3151 3128 3152
3 3128 3129 3152
3 3152 3129 3153
3 3129 3130 3153
3 3153 3130 3154
3 3130 3131 3154
3 3154 3131 3155
3 3131 3132 3155
3 3155 3132 3156
3 3132 3133 3156
3 3136 3137 3157
3 3137 3158 3157
3 3137 3138 3158
3 3138 3159 3158
3 3138 3139 3159
3 3139 3160 3159
3 3139 3140 3160
3 3140 3161 3160
3 3140 3141 3161
3 3141 3162 3161
3 3141 3142 3162
3 3142 3143 3162
3 3162 3143 3163
3 3143 3144 3163
3 3163 3144 3164
3 3144 3145 3164
3 3164 3145 3165
3 3145 3146 3165
3 3165 3146 3166
3 3146 3167 3166
3 3146 3147 3167
3 3147 3168 3167
3 3147 3148 3168
3 3148 3149 3168
3 3168 3149 3169
3 3149 3150 3169
3 3169 3150 3170
3 3150 3151 3170
3 3170 3151 3171
3 3151 3152 3171
3 3171 3152 3172
3 3152 3153 3172
3 3172 3153 3173
3 3153 3154 3173
3 3173 3154 3174
3 3154 3155 3174
3 3174 3155 3175
3 3155 3156 3175
3 3175 3156 3176
3 3158 3159 3177
3 3159 3178 3177
3 3159 3160 3178
3 3160 3179 3178
3 3160 3161 3179
3 3161 3180 3179
3 3161 3162 3180
3 3162 3163 3180
3 3180 3163 3181
3 3163 3164 3181
3 3181 3164 3182
3 3164 3165 3182
3 3182 3165 3183
3 3165 3166 3183
3 3183 3166 3184
3 3166 3185 3184
3 3166 3167 3185
3 3167 3186 3185
3 3167 3168 3186
3 3168 3169 3186
3 3186 3169 3187
3 3169 3170 3187
3 3187 3170 3188
3 3170 3171 3188
3 3188 3171 3189
3 3171 3172 3189
3 3189 3172 3190
3 3172 3173 3190
3 3190 3173 3191
3 3173 3174 3191
3 3191 3174 3192
3 3174 3175 3192
3 3192 3175 3193
3 3175 3176 3193
3 3193 3176 3194
3 3178 3179 3195
3 3195 3179 3196
3 3179 3180 3196
3 3196 3180 3197
3 3180 3181 3197
3 3197 3181 3198
3 3181 3182 3198
3 3198 3182 3199
3 3182 3183 3199
3 3199 3183 3200
3 3183 3184 3200
3 3200 3184 3201
3 3184 3185 3201
3 3201 3185 3202
3 3185 3203 3202
3 3185 3186 3203
3 3186 3187 3203
3 3203 3187 3204
3 3187 3188 3204
3 3204 3188 3205
3 3188 3189 3205
3 3205 3189 3206
3 3189 3190 3206
3 3206 3190 3207
3 3190 3191 3207
3 3207 3191 3208
3 3191 3192 3208
3 3208 3192 3209
3 3192 3193 3209
3 3209 3193 3210
3 3193 3194 3210
3 3210 3194 3211
3 3196 3197 3212
3 3212 3197 3213
3 3197 3198 3213
3 3213 3198 3214
3 3198 3199 3214
3 3214 3199 3215
3 3199 3200 3215
3 3215 3200 3216
3 3200 3201 3216
3 3216 3201 3217
3 3201 3202 3217
3 3217 3202 3218
3 3202 3203 3218
3 3218 3203 3219
3 3203 3204 3219
3 3219 3204 3220
3 3204 3205 3220
3 3220 3205 3221
3 3205 3206 3221
3 3221 3206 3222
3 3206 3207 3222
3 3222 3207 3223
3 3207 3208 3223
3 3223 3208 3224
3 3208 3209 3224
3 3224 3209 3225
3 3209 3210 3225
3 3225 3210 3226
3 3210 3211 3226
3 3215 3216 3227
3 3216 3217 3228
3 3228 3217 3229
3 3217 3218 3229
3 3229 3218 3230
3 3218 3231 3230
3 3218 3219 3231
3 3219 3220 3231
3 3231 3220 3232
3 3220 3221 3232
3 3232 3221 3233
3 3221 3222 3233
3 3233 3222 3234
3 3222 3223 3234
3 3234 3223 3235
3 3223 3224 3235
3 3235 3224 3236
3 3224 3225 3236
3 3236 3225 3237
3 3225 3226 3237
3 3237 3226 3238
3 3229 3230 3239
3 3230 3231 3240
3 3240 3231 3241
3 3231 3232 3241
3 3241 3232 3242
3 3232 3233 3242
3 3242 3233 3243
3 3233 3234 3243
3 3243 3234 3244
3 3234 3235 3244
3 3244 3235 3245
3 3235 3236 3245
3 3245 3236 3246
3 3236 3237 3246
3 3246 3237 3247
3 3237 3238 3247
3 3247 3238 3248
3 3241 3242 3249
3 3249 3242 3250
3 3242 3243 3250
3 3250 3243 3251
3 3243 3244 3251
3 3251 3244 3252
3 3244 3245 3252
3 3252 3245 3253
3 3245 3246 3253
3 3253 3246 3254
3 3246 3247 3254
3 3254 3247 3255
3 3247 3248 3255
3 3255 3248 3256
3 3251 3252 3257
3 3257 3252 3258
3 3252 3253 3258
3 3258 3253 3259
3 3253 3254 3259
3 3259 3254 3260
3 3254 3255 3260
3 3260 3255 3261
3 3255 3256 3261
3 3261 3256 3262
3 3258 3259 3263
3 3263 3259 3264
3 3259 3260 3264
3 3264 3260 3265
3 3260 3261 3265
3 3265 3261 3266
3 3265 3266 3267
3 3267 3266 3268
3 3269 3270 3271
3 3269 3272 3270
3 3272 3273 3270
3 3272 3274 3273
3 3274 3275 3273
3 3274 3276 3275
3 3276 3277 3275
3 3276 3278 3277
3 3279 3280 3281
3 3279 3282 3280
3 3282 3283 3280
3 3282 3271 3283
3 3271 3284 3283
3 3271 3270 3284
3 3270 3285 3284
3 3270 3273 3285
3 3273 3286 3285
3 3273 3275 3286
3 3275 3287 3286
3 3275 3277 3287
3 3288 3289 3290
3 3291 3292 3289
3 3293 3294 3292
3 3295 3296 3294
3 3297 3298 3299
3 3297 3300 3298
3 3300 3301 3298
3 3300 3302 3301
3 3302 3303 3301
3 3302 3281 3303
3 3281 3304 3303
3 3281 3280 3304
3 3280 3305 3304
3 3280 3283 3305
3 3283 3306 3305
3 3283 3284 3306
3 3284 3307 3306
3 3284 3285 3307
3 3285 3308 3307
3 3285 3286 3308
3 3286 3309 3308
3 3286 3287 3309
3 3310 3311 3312
3 3311 3313 3312
3 3311 3290 3313
3 3290 3314 3313
3 3290 3289 3314
3 3289 3315 3314
3 3289 3292 3315
3 3292 3316 3315
3 3292 3294 3316
3 3294 3317 3316
3 3294 3296 3317
3 3296 3318 3317
3 3296 3319 3318
3 3319 3320 3318
3 3319 3299 3320
3 3299 3321 3320
3 3299 3298 3321
3 3298 3322 3321
3 3298 3301 3322
3 3301 3323 3322
3 3301 3303 3323
3 3303 3324 3323
3 3303 3304 3324
3 3304 3325 3324
3 3304 3305 3325
3 3305 3326 3325
3 3305 3306 3326
3 3306 3327 3326
3 3306 3307 3327
3 3307 3328 3327
3 3307 3308 3328
3 3308 3329 3328
3 3308 3309 3329
3 3330 3310 3331
3 3310 3332 3331
3 3310 3312 3332
3 3312 3333 3332
3 3312 3313 3333
3 3313 3334 3333
3 3313 3314 3334
3 3314 3335 3334
3 3314 3315 3335
3 3315 3336 3335
3 3315 3316 3336
3 3316 3337 3336
3 3316 3317 3337
3 3317 3338 3337
3 3317 3318 3338
3 3318 3339 3338
3 3318 3320 3339
3 3320 3340 3339
3 3320 3321 3340
3 3321 3341 3340
3 3321 3322 3341
3 3322 3342 3341
3 3322 3323 3342
3 3323 3343 3342
3 3323 3324 3343
3 3324 3344 3343
3 3324 3325 3344
3 3325 3345 3344
3 3325 3326 3345
3 3326 3346 3345
3 3326 3327 3346
3 3327 3347 3346
3 3327 3328 3347
3 3328 3348 3347
3 3328 3329 3348
3 3349 3350 3351
3 3350 3352 3351
3 3350 3330 3352
3 3330 3353 3352
3 3330 3331 3353
3 3331 3354 3353
3 3331 3332 3354
3 3332 3355 3354
3 3332 3333 3355
3 3333 3356 3355
3 3333 3334 3356
3 3334 3357 3356
3 3334 3335 3357
3 3335 3358 3357
3 3335 3336 3358
3 3336 3359 3358
3 3336 3337 3359
3 3337 3360 3359
3 3337 3338 3360
3 3338 3361 3360
3 3338 3339 3361
3 3339 3362 3361
3 3339 3340 3362
3 3340 3363 3362
3 3340 3341 3363
3 3341 3364 3363
3 3341 3342 3364
3 3342 3365 3364
3 3342 3343 3365
3 3343 3366 3365
3 3343 3344 3366
3 3344 3367 3366
3 3344 3345 3367
3 3345 3368 3367
3 3345 3346 3368
3 3346 3369 3368
3 3346 3347 3369
3 3347 3370 3369
3 3347 3348 3370
3 3371 3372 3373
3 3374 3375 3372
3 3374 3376 3375
3 3376 3349 3375
3 3375 3349 3377
3 3349 3351 3377
3 3377 3351 3378
3 3351 3379 3378
3 3351 3352 3379
3 3352 3380 3379
3 3352 3353 3380
3 3353 3381 3380
3 3353 3354 3381
3 3354 3382 3381
3 3354 3355 3382
3 3355 3383 3382
3 3355 3356 3383
3 3356 3384 3383
3 3356 3357 3384
3 3357 3385 3384
3 3357 3358 3385
3 3358 3386 3385
3 3358 3359 3386
3 3359 3387 3386
3 3359 3360 3387
3 3360 3388 3387
3 3360 3361 3388
3 3361 3389 3388
3 3361 3362 3389
3 3362 3390 3389
3 3362 3363 3390
3 3363 3391 3390
3 3363 3364 3391
3 3364 3392 3391
3 3364 3365 3392
3 3365 3393 3392
3 3365 3366 3393
3 3366 3394 3393
3 3366 3367 3394
3 3367 3395 3394
3 3367 3368 3395
3 3368 3396 3395
3 3368 3369 3396
3 3369 3397 3396
3 3369 3370 3397
3 3398 3399 3400
3 3398 3401 3399
3 3401 3402 3399
3 3401 3403 3402
3 3403 3404 3402
3 3403 3373 3404
3 3373 3405 3404
3 3373 3372 3405
3 3372 3406 3405
3 3372 3375 3406
3 3375 3377 3406
3 3406 3377 3407
3 3377 3378 3407
3 3407 3378 3408
3 3378 3409 3408
3 3378 3379 3409
3 3379 3410 3409
3 3379 3380 3410
3 3380 3411 3410
3 3380 3381 3411
3 3381 3412 3411
3 3381 3382 3412
3 3382 3413 3412
3 3382 3383 3413
3 3383 3414 3413
3 3383 3384 3414
3 3384 3415 3414
3 3384 3385 3415
3 3385 3416 3415
3 3385 3386 3416
3 3386 3417 3416
3 3386 3387 3417
3 3387 3418 3417
3 3387 3388 3418
3 3388 3419 3418
3 3388 3389 3419
3 3389 3420 3419
3 3389 3390 3420
3 3390 3421 3420
3 3390 3391 3421
3 3391 3422 3421
3 3391 3392 3422
3 3392 3423 3422
3 3392 3393 3423
3 3393 3424 3423
3 3393 3394 3424
3 3394 3425 3424
3 3394 3395 3425
3 3395 3426 3425
3 3395 3396 3426
3 3396 3427 3426
3 3396 3397 3427
3 3428 3429 3430
3 3428 3431 3429
3 3431 3432 3429
3 3431 3433 3432
3 3433 3434 3432
3 3433 3435 3434
3 3435 3436 3434
3 3435 3437 3436
3 3437 3438 3436
3 3437 3400 3438
3 3400 3439 3438
3 3400 3399 3439
3 3399 3440 3439
3 3399 3402 3440
3 3402 3441 3440
3 3402 3404 3441
3 3404 3442 3441
3 3404 3405 3442
3 3405 3443 3442
3 3405 3406 3443
3 3406 3444 3443
3 3406 3407 3444
3 3407 3445 3444
3 3407 3408 3445
3 3408 3446 3445
3 3408 3409 3446
3 3409 3447 3446
3 3409 3410 3447
3 3410 3448 3447
3 3410 3411 3448
3 3411 3449 3448
3 3411 3412 3449
3 3412 3450 3449
3 3412 3413 3450
3 3413 3451 3450
3 3413 3414 3451
3 3414 3452 3451
3 3414 3415 3452
3 3415 3453 3452
3 3415 3416 3453
3 3416 3454 3453
3 3416 3417 3454
3 3417 3455 3454
3 3417 3418 3455
3 3418 3456 3455
3 3418 3419 3456
3 3419 3457 3456
3 3419 3420 3457
3 3420 3458 3457
3 3420 3421 3458
3 3421 3459 3458
3 3421 3422 3459
3 3422 3460 3459
3 3422 3423 3460
3 3423 3461 3460
3 3423 3424 3461
3 3424 3462 3461
3 3424 3425 3462
3 3425 3463 3462
3 3425 3426 3463
3 3426 3464 3463
3 3426 3427 3464
3 3465 3466 3467
3 3465 3468 3466
3 3468 3469 3466
3 3468 3470 3469
3 3470 3471 3469
3 3470 3430 3471
3 3430 3472 3471
3 3430 3429 3472
3 3429 3473 3472
3 3429 3432 3473
3 3432 3474 3473
3 3432 3434 3474
3 3434 3475 3474
3 3434 3436 3475
3 3436 3476 3475
3 3436 3438 3476
3 3438 3477 3476
3 3438 3439 3477
3 3439 3478 3477
3 3439 3440 3478
3 3440 3479 3478
3 3440 3441 3479
3 3441 3480 3479
3 3441 3442 3480
3 3442 3481 3480
3 3442 3443 3481
3 3443 3482 3481
3 3443 3444 3482
3 3444 3483 3482
3 3444 3445 3483
3 3445 3484 3483
3 3445 3446 3484
3 3446 3485 3484
3 3446 3447 3485
3 3447 3486 3485
3 3447 3448 3486
3 3448 3487 3486
3 3448 3449 3487
3 3449 3488 3487
3 3449 3450 3488
3 3450 3489 3488
3 3450 3451 3489
3 3451 3490 3489
3 3451 3452 3490
3 3452 3491 3490
3 3452 3453 3491
3 3453 3492 3491
3 3453 3454 3492
3 3454 3493 3492
3 3454 3455 3493
3 3455 3494 3493
3 3455 3456 3494
3 3456 3495 3494
3 3456 3457 3495
3 3457 3496 3495
3 3457 3458 3496
3 3458 3497 3496
3 3458 3459 3497
3 3459 3498 3497
3 3459 3460 3498
3 3460 3499 3498
3 3460 3461 3499
3 3461 3500 3499
3 3461 3462 3500
3 3462 3501 3500
3 3462 3463 3501
3 3463 3502 3501
3 3463 3464 3502
3 3503 3504 3505
3 3503 3506 3504
3 3506 3507 3504
3 3506 3508 3507
3 3508 3509 3507
3 3508 3510 3509
3 3510 3511 3509
3 3510 3512 3511
3 3512 3513 3511
3 3512 3514 3513
3 3514 3515 3513
3 3514 3467 3515
3 3467 3516 3515
3 3467 3466 3516
3 3466 3517 3516
3 3466 3469 3517
3 3469 3518 3517
3 3469 3471 3518
3 3471 3519 3518
3 3471 3472 3519
3 3472 3520 3519
3 3472 3473 3520
3 3473 3521 3520
3 3473 3474 3521
3 3474 3522 3521
3 3474 3475 3522
3 3475 3523 3522
3 3475 3476 3523
3 3476 3524 3523
3 3476 3477 3524
3 3477 3525 3524
3 3477 3478 3525
3 3478 3526 3525
3 3478 3479 3526
3 3479 3527 3526
3 3479 3480 3527
3 3480 3528 3527
3 3480 3481 3528
3 3481 3529 3528
3 3481 3482 3529
3 3482 3530 3529
3 3482 3483 3530
3 3483 3531 3530
3 3483 3484 3531
3 3484 3532 3531
3 3484 3485 3532
3 3485 3533 3532
3 3485 3486 3533
3 3486 3534 3533
3 3486 3487 3534
3 3487 3535 3534
3 3487 3488 3535
3 3488 3536 3535
3 3488 3489 3536
3 3489 3537 3536
3 3489 3490 3537
3 3490 3538 3537
3 3490 3491 3538
3 3491 3539 3538
3 3491 3492 3539
3 3492 3540 3539
3 3492 3493 3540
3 3493 3541 3540
3 3493 3494 3541
3 3494 3542 3541
3 3494 3495 3542
3 3495 3543 3542
3 3495 3496 3543
3 3496 3544 3543
3 3496 3497 3544
3 3497 3545 3544
3 3497 3498 3545
3 3498 3546 3545
3 3498 3499 3546
3 3499 3547 3546
3 3499 3500 3547
3 3500 3548 3547
3 3500 3501 3548
3 3501 3549 3548
3 3501 3502 3549
3 3550 3551 3552
3 3553 3554 3551
3 3553 3555 3554
3 3555 3556 3554
3 3555 3557 3556
3 3557 3558 3556
3 3557 3559 3558
3 3559 3560 3558
3 3559 3505 3560
3 3505 3561 3560
3 3505 3504 3561
3 3504 3562 3561
3 3504 3507 3562
3 3507 3563 3562
3 3507 3509 3563
3 3509 3564 3563
3 3509 3511 3564
3 3511 3565 3564
3 3511 3513 3565
3 3513 3566 3565
3 3513 3515 3566
3 3515 3567 3566
3 3515 3516 3567
3 3516 3568 3567
3 3516 3517 3568
3 3517 3569 3568
3 3517 3518 3569
3 3518 3570 3569
3 3518 3519 3570
3 3519 3571 3570
3 3519 3520 3571
3 3520 3572 3571
3 3520 3521 3572
3 3521 3573 3572
3 3521 3522 3573
3 3522 3574 3573
3 3522 3523 3574
3 3523 3575 3574
3 3523 3524 3575
3 3524 3576 3575
3 3524 3525 3576
3 3525 3577 3576
3 3525 3526 3577
3 3526 3578 3577
3 3526 3527 3578
3 3527 3579 3578
3 3527 3528 3579
3 3528 3580 3579
3 3528 3529 3580
3 3529 3581 3580
3 3529 3530 3581
3 3530 3582 3581
3 3530 3531 3582
3 3531 3583 3582
3 3531 3532 3583
3 3532 3584 3583
3 3532 3533 3584
3 3533 3585 3584
3 3533 3534 3585
3 3534 3586 3585
3 3534 3535 3586
3 3535 3587 3586
3 3535 3536 3587
3 3536 3588 3587
3 3536 3537 3588
3 3537 3589 3588
3 3537 3538 3589
3 3538 3590 3589
3 3538 3539 3590
3 3539 3591 3590
3 3539 3540 3591
3 3540 3592 3591
3 3540 3541 3592
3 3541 3593 3592
3 3541 3542 3593
3 3542 3594 3593
3 3542 3543 3594
3 3543 3595 3594
3 3543 3544 3595
3 3544 3596 3595
3 3544 3545 3596
3 3545 3597 3596
3 3545 3546 3597
3 3546 3598 3597
3 3546 3547 3598
3 3547 3599 3598
3 3547 3548 3599
3 3548 3600 3599
3 3548 3549 3600
3 3601 3602 3603
3 3602 3604 3603
3 3602 3605 3604
3 3605 3606 3604
3 3607 3608 3606
3 3607 3609 3608
3 3609 3610 3608
3 3609 3611 3610
3 3611 3612 3610
3 3610 3612 3613
3 3612 3552 3613
3 3613 3552 3614
3 3552 3551 3614
3 3614 3551 3615
3 3551 3554 3615
3 3615 3554 3616
3 3554 3617 3616
3 3554 3556 3617
3 3556 3618 3617
3 3556 3558 3618
3 3558 3619 3618
3 3558 3560 3619
3 3560 3620 3619
3 3560 3561 3620
3 3561 3621 3620
3 3561 3562 3621
3 3562 3622 3621
3 3562 3563 3622
3 3563 3623 3622
3 3563 3564 3623
3 3564 3624 3623
3 3564 3565 3624
3 3565 3625 3624
3 3565 3566 3625
3 3566 3626 3625
3 3566 3567 3626
3 3567 3627 3626
3 3567 3568 3627
3 3568 3628 3627
3 3568 3569 3628
3 3569 3629 3628
3 3569 3570 3629
3 3570 3630 3629
3 3570 3571 3630
3 3571 3631 3630
3 3571 3572 3631
3 3572 3632 3631
3 3572 3573 3632
3 3573 3633 3632
3 3573 3574 3633
3 3574 3634 3633
3 3574 3575 3634
3 3575 3635 3634
3 3575 3576 3635
3 3576 3636 3635
3 3576 3577 3636
3 3577 3637 3636
3 3577 3578 3637
3 3578 3638 3637
3 3578 3579 3638
3 3579 3639 3638
3 3579 3580 3639
3 3580 3640 3639
3 3580 3581 3640
3 3581 3641 3640
3 3581 3582 3641
3 3582 3642 3641
3 3582 3583 3642
3 3583 3643 3642
3 3583 3584 3643
3 3584 3644 3643
3 3584 3585 3644
3 3585 3645 3644
3 3585 3586 3645
3 3586 3646 3645
3 3586 3587 3646
3 3587 3647 3646
3 3587 3588 3647
3 3588 3648 3647
3 3588 3589 3648
3 3589 3649 3648
3 3589 3590 3649
3 3590 3650 3649
3 3590 3591 3650
3 3591 3651 3650
3 3591 3592 3651
3 3592 3652 3651
3 3592 3593 3652
3 3593 3653 3652
3 3593 3594 3653
3 3594 3654 3653
3 3594 3595 3654
3 3595 3655 3654
3 3595 3596 3655
3 3596 3656 3655
3 3596 3597 3656
3 3597 3657 3656
3 3597 3598 3657
3 3598 3658 3657
3 3598 3599 3658
3 3599 3659 3658
3 3599 3600 3659
3 3660 3661 3662
3 3660 3663 3661
3 3663 3664 3661
3 3663 3665 3664
3 3665 3666 3664
3 3665 3667 3666
3 3667 3668 3666
3 3667 3601 3668
3 3601 3669 3668
3 3601 3603 3669
3 3603 3670 3669
3 3603 3604 3670
3 3604 3671 3670
3 3604 3606 3671
3 3606 3672 3671
3 3606 3608 3672
3 3608 3673 3672
3 3608 3610 3673
3 3610 3674 3673
3 3610 3613 3674
3 3613 3675 3674
3 3613 3614 3675
3 3614 3676 3675
3 3614 3615 3676
3 3615 3677 3676
3 3615 3616 3677
3 3616 3678 3677
3 3616 3617 3678
3 3617 3679 3678
3 3617 3618 3679
3 3618 3680 3679
3 3618 3619 3680
3 3619 3681 3680
3 3619 3620 3681
3 3620 3682 3681
3 3620 3621 3682
3 3621 3683 3682
3 3621 3622 3683
3 3622 3684 3683
3 3622 3623 3684
3 3623 3685 3684
3 3623 3624 3685
3 3624 3686 3685
3 3624 3625 3686
3 3625 3687 3686
3 3625 3626 3687
3 3626 3688 3687
3 3626 3627 3688
3 3627 3689 3688
3 3627 3628 3689
3 3628 3690 3689
3 3628 3629 3690
3 3629 3691 3690
3 3629 3630 3691
3 3630 3692 3691
3 3630 3631 3692
3 3631 3693 3692
3 3631 3632 3693
3 3632 3694 3693
3 3632 3633 3694
3 3633 3695 3694
3 3633 3634 3695
3 3634 3696 3695
3 3634 3635 3696
3 3635 3697 3696
3 3635 3636 3697
3 3636 3698 3697
3 3636 3637 3698
3 3637 3699 3698
3 3637 3638 3699
3 3638 3700 3699
3 3638 3639 3700
3 3639 3701 3700
3 3639 3640 3701
3 3640 3702 3701
3 3640 3641 3702
3 3641 3703 3702
3 3641 3642 3703
3 3642 3704 3703
3 3642 3643 3704
3 3643 3705 3704
3 3643 3644 3705
3 3644 3706 3705
3 3644 3645 3706
3 3645 3707 3706
3 3645 3646 3707
3 3646 3708 3707
3 3646 3647 3708
3 3647 3709 3708
3 3647 3648 3709
3 3648 3710 3709
3 3648 3649 3710
3 3649 3711 3710
3 3649 3650 3711
3 3650 3712 3711
3 3650 3651 3712
3 3651 3713 3712
3 3651 3652 3713
3 3652 3714 3713
3 3652 3653 3714
3 3653 3715 3714
3 3653 3654 3715
3 3654 3716 3715
3 3654 3655 3716
3 3655 3717 3716
3 3655 3656 3717
3 3656 3718 3717
3 3656 3657 3718
3 3657 3719 3718
3 3657 3658 3719
3 3658 3720 3719
3 3658 3659 3720
3 3662 3661 3721
3 3661 3722 3721
3 3661 3664 3722
3 3664 3723 3722
3 3664 3666 3723
3 3666 3724 3723
3 3666 3668 3724
3 3668 3725 3724
3 3668 3669 3725
3 3669 3726 3725
3 3669 3670 3726
3 3670 3727 3726
3 3670 3671 3727
3 3671 3728 3727
3 3671 3672 3728
3 3672 3729 3728
3 3672 3673 3729
3 3673 3730 3729
3 3673 3674 3730
3 3674 3731 3730
3 3674 3675 3731
3 3675 3732 3731
3 3675 3676 3732
3 3676 3733 3732
3 3676 3677 3733
3 3677 3734 3733
3 3677 3678 3734
3 3678 3735 3734
3 3678 3679 3735
3 3679 3736 3735
3 3679 3680 3736
3 3680 3737 3736
3 3680 3681 3737
3 3681 3738 3737
3 3681 3682 3738
3 3682 3739 3738
3 3682 3683 3739
3 3683 3740 3739
3 3683 3684 3740
3 3684 3741 3740
3 3684 3685 3741
3 3685 3742 3741
3 3685 3686 3742
3 3686 3743 3742
3 3686 3687 3743
3 3687 3744 3743
3 3687 3688 3744
3 3688 3745 3744
3 3688 3689 3745
3 3689 3746 3745
3 3689 3690 3746
3 3690 3747 3746
3 3690 3691 3747
3 3691 3748 3747
3 3691 3692 3748
3 3692 3749 3748
3 3692 3693 3749
3 3693 3750 3749
3 3693 3694 3750
3 3694 3751 3750
3 3694 3695 3751
3 3695 3752 3751
3 3695 3696 3752
3 3696 3753 3752
3 3696 3697 3753
3 3697 3754 3753
3 3697 3698 3754
3 3698 3755 3754
3 3698 3699 3755
3 3699 3756 3755
3 3699 3700 3756
3 3700 3757 3756
3 3700 3701 3757
3 3701 3758 3757
3 3701 3702 3758
3 3702 3759 3758
3 3702 3703 3759
3 3703 3760 3759
3 3703 3704 3760
3 3704 3761 3760
3 3704 3705 3761
3 3705 3762 3761
3 3705 3706 3762
3 3706 3763 3762
3 3706 3707 3763
3 3707 3764 3763
3 3707 3708 3764
3 3708 3765 3764
3 3708 3709 3765
3 3709 3766 3765
3 3709 3710 3766
3 3710 3767 3766
3 3710 3711 3767
3 3711 3768 3767
3 3711 3712 3768
3 3712 3769 3768
3 3712 3713 3769
3 3713 3770 3769
3 3713 3714 3770
3 3714 3771 3770
3 3714 3715 3771
3 3715 3772 3771
3 3715 3716 3772
3 3716 3773 3772
3 3716 3717 3773
3 3717 3774 3773
3 3717 3718 3774
3 3718 3775 3774
3 3718 3719 3775
3 3719 3776 3775
3 3719 3720 3776
3 3721 3777 3778
3 3721 3722 3777
3 3722 3779 3777
3 3722 3723 3779
3 3723 3780 3779
3 3723 3724 3780
3 3724 3781 3780
3 3724 3725 3781
3 3725 3782 3781
3 3725 3726 3782
3 3726 3783 3782
3 3726 3727 3783
3 3727 3784 3783
3 3727 3728 3784
3 3728 3785 3784
3 3728 3729 3785
3 3729 3786 3785
3 3729 3730 3786
3 3730 3787 3786
3 3730 3731 3787
3 3731 3788 3787
3 3731 3732 3788
3 3732 3789 3788
3 3732 3733 3789
3 3733 3790 3789
3 3733 3734 3790
3 3734 3791 3790
3 3734 3735 3791
3 3735 3792 3791
3 3735 3736 3792
3 3736 3793 3792
3 3736 3737 3793
3 3737 3794 3793
3 3737 3738 3794
3 3738 3795 3794
3 3738 3739 3795
3 3739 3796 3795
3 3739 3740 3796
3 3740 3797 3796
3 3740 3741 3797
3 3741 3798 3797
3 3741 3742 3798
3 3742 3799 3798
3 3742 3743 3799
3 3743 3800 3799
3 3743 3744 3800
3 3744 3801 3800
3 3744 3745 3801
3 3745 3802 3801
3 3745 3746 3802
3 3746 3803 3802
3 3746 3747 3803
3 3747 3804 3803
3 3747 3748 3804
3 3748 3805 3804
3 3748 3749 3805
3 3749 3806 3805
3 3749 3750 3806
3 3750 3807 3806
3 3750 3751 3807
3 3751 3808 3807
3 3751 3752 3808
3 3752 3809 3808
3 3752 3753 3809
3 3753 3810 3809
3 3753 3754 3810
3 3754 3811 3810
3 3754 3755 3811
3 3755 3812 3811
3 3755 3756 3812
3 3756 3813 3812
3 3756 3757 3813
3 3757 3814 3813
3 3757 3758 3814
3 3758 3815 3814
3 3758 3759 3815
3 3759 3816 3815
3 3759 3760 3816
3 3760 3817 3816
3 3760 3761 3817
3 3761 3818 3817
3 3761 3762 3818
3 3762 3819 3818
3 3762 3763 3819
3 3763 3820 3819
3 3763 3764 3820
3 3764 3821 3820
3 3764 3765 3821
3 3765 3822 3821
3 3765 3766 3822
3 3766 3823 3822
3 3766 3767 3823
3 3767 3824 3823
3 3767 3768 3824
3 3768 3825 3824
3 3768 3769 3825
3 3769 3826 3825
3 3769 3770 3826
3 3770 3827 3826
3 3770 3771 3827
3 3771 3828 3827
3 3771 3772 3828
3 3772 3829 3828
3 3772 3773 3829
3 3773 3830 3829
3 3773 3774 3830
3 3774 3831 3830
3 3774 3775 3831
3 3775 3832 3831
3 3775 3776 3832
3 3778 3833 3834
3 3778 3777 3833
3 3777 3835 3833
3 3777 3779 3835
3 3779 3836 3835
3 3779 3780 3836
3 3780 3837 3836
3 3780 3781 3837
3 3781 3838 3837
3 3781 3782 3838
3 3782 3839 3838
3 3782 3783 3839
3 3783 3840 3839
3 3783 3784 3840
3 3784 3841 3840
3 3784 3785 3841
3 3785 3842 3841
3 3785 3786 3842
3 3786 3843 3842
3 3786 3787 3843
3 3787 3844 3843
3 3787 3788 3844
3 3788 3845 3844
3 3788 3789 3845
3 3789 3846 3845
3 3789 3790 3846
3 3790 3847 3846
3 3790 3791 3847
3 3791 3848 3847
3 3791 3792 3848
3 3792 3849 3848
3 3792 3793 3849
3 3793 3850 3849
3 3793 3794 3850
3 3794 3851 3850
3 3794 3795 3851
3 3795 3852 3851
3 3795 3796 3852
3 3796 3853 3852
3 3796 3797 3853
3 3797 3854 3853
3 3797 3798 3854
3 3798 3855 3854
3 3798 3799 3855
3 3799 3856 3855
3 3799 3800 3856
3 3800 3857 3856
3 3800 3801 3857
3 3801 3858 3857
3 3801 3802 3858
3 3802 3859 3858
3 3802 3803 3859
3 3803 3860 3859
3 3803 3804 3860
3 3804 3861 3860
3 3804 3805 3861
3 3805 3862 3861
3 3805 3806 3862
3 3806 3863 3862
3 3806 3807 3863
3 3807 3864 3863
3 3807 3808 3864
3 3808 3865 3864
3 3808 3809 3865
3 3809 3866 3865
3 3809 3810 3866
3 3810 3867 3866
3 3810 3811 3867
3 3811 3868 3867
3 3811 3812 3868
3 3812 3869 3868
3 3812 3813 3869
3 3813 3870 3869
3 3813 3814 3870
3 3814 3871 3870
3 3814 3815 3871
3 3815 3872 3871
3 3815 3816 3872
3 3816 3873 3872
3 3816 3817 3873
3 3817 3874 3873
3 3817 3818 3874
3 3818 3875 3874
3 3818 3819 3875
3 3819 3876 3875
3 3819 3820 3876
3 3820 3877 3876
3 3820 3821 3877
3 3821 3878 3877
3 3821 3822 3878
3 3822 3879 3878
3 3822 3823 3879
3 3823 3880 3879
3 3823 3824 3880
3 3824 3881 3880
3 3824 3825 3881
3 3825 3882 3881
3 3825 3826 3882
3 3826 3883 3882
3 3826 3827 3883
3 3827 3884 3883
3 3827 3828 3884
3 3828 3885 3884
3 3828 3829 3885
3 3829 3886 3885
3 3829 3830 3886
3 3830 3887 3886
3 3830 3831 3887
3 3831 3888 3887
3 3831 3832 3888
3 3834 3833 3889
3 3833 3890 3889
3 3833 3835 3890
3 3835 3891 3890
3 3835 3836 3891
3 3836 3892 3891
3 3836 3837 3892
3 3837 3893 3892
3 3837 3838 3893
3 3838 3894 3893
3 3838 3839 3894
3 3839 3895 3894
3 3839 3840 3895
3 3840 3896 3895
3 3840 3841 3896
3 3841 3897 3896
3 3841 3842 3897
3 3842 3898 3897
3 3842 3843 3898
3 3843 3899 3898
3 3843 3844 3899
3 3844 3900 3899
3 3844 3845 3900
3 3845 3901 3900
3 3845 3846 3901
3 3846 3902 3901
3 3846 3847 3902
3 3847 3903 3902
3 3847 3848 3903
3 3848 3904 3903
3 3848 3849 3904
3 3849 3905 3904
3 3849 3850 3905
3 3850 3906 3905
3 3850 3851 3906
3 3851 3907 3906
3 3851 3852 3907
3 3852 3908 3907
3 3852 3853 3908
3 3853 3909 3908
3 3853 3854 3909
3 3854 3910 3909
3 3854 3855 3910
3 3855 3911 3910
3 3855 3856 3911
3 3856 3912 3911
3 3856 3857 3912
3 3857 3913 3912
3 3857 3858 3913
3 3858 3914 3913
3 3858 3859 3914
3 3859 3915 3914
3 3859 3860 3915
3 3860 3916 3915
3 3860 3861 3916
3 3861 3917 3916
3 3861 3862 3917
3 3862 3918 3917
3 3862 3863 3918
3 3863 3919 3918
3 3863 3864 3919
3 3864 3920 3919
3 3864 3865 3920
3 3865 3921 3920
3 3865 3866 3921
3 3866 3922 3921
3 3866 3867 3922
3 3867 3923 3922
3 3867 3868 3923
3 3868 3924 3923
3 3868 3869 3924
3 3869 3925 3924
3 3869 3870 3925
3 3870 3926 3925
3 3870 3871 3926
3 3871 3927 3926
3 3871 3872 3927
3 3872 3928 3927
3 3872 3873 3928
3 3873 3929 3928
3 3873 3874 3929
3 3874 3930 3929
3 3874 3875 3930
3 3875 3931 3930
3 3875 3876 3931
3 3876 3932 3931
3 3876 3877 3932
3 3877 3933 3932
3 3877 3878 3933
3 3878 3934 3933
3 3878 3879 3934
3 3879 3935 3934
3 3879 3880 3935
3 3880 3936 3935
3 3880 3881 3936
3 3881 3937 3936
3 3881 3882 3937
3 3882 3938 3937
3 3882 3883 3938
3 3883 3939 3938
3 3883 3884 3939
3 3884 3940 3939
3 3884 3885 3940
3 3885 3941 3940
3 3885 3886 3941
3 3886 3942 3941
3 3886 3887 3942
3 3887 3943 3942
3 3887 3888 3943
3 3889 3944 3945
3 3889 3890 3944
3 3890 3946 3944
3 3890 3891 3946
3 3891 3947 3946
3 3891 3892 3947
3 3892 3948 3947
3 3892 3893 3948
3 3893 3949 3948
3 3893 3894 3949
3 3894 3950 3949
3 3894 3895 3950
3 3895 3951 3950
3 3895 3896 3951
3 3896 3952 3951
3 3896 3897 3952
3 3897 3953 3952
3 3897 3898 3953
3 3898 3954 3953
3 3898 3899 3954
3 3899 3955 3954
3 3899 3900 3955
3 3900 3956 3955
3 3900 3901 3956
3 3901 3957 3956
3 3901 3902 3957
3 3902 3958 3957
3 3902 3903 3958
3 3903 3959 3958
3 3903 3904 3959
3 3904 3960 3959
3 3904 3905 3960
3 3905 3961 3960
3 3905 3906 3961
3 3906 3962 3961
3 3906 3907 3962
3 3907 3963 3962
3 3907 3908 3963
3 3908 3964 3963
3 3908 3909 3964
3 3909 3965 3964
3 3909 3910 3965
3 3910 3966 3965
3 3910 3911 3966
3 3911 3967 3966
3 3911 3912 3967
3 3912 3968 3967
3 3912 3913 3968
3 3913 3969 3968
3 3913 3914 3969
3 3914 3970 3969
3 3914 3915 3970
3 3915 3971 3970
3 3915 3916 3971
3 3916 3972 3971
3 3916 3917 3972
3 3917 3973 3972
3 3917 3918 3973
3 3918 3974 3973
3 3918 3919 3974
3 3919 3975 3974
3 3919 3920 3975
3 3920 3976 3975
3 3920 3921 3976
3 3921 3977 3976
3 3921 3922 3977
3 3922 3978 3977
3 3922 3923 3978
3 3923 3979 3978
3 3923 3924 3979
3 3924 3980 3979
3 3924 3925 3980
3 3925 3981 3980
3 3925 3926 3981
3 3926 3982 3981
3 3926 3927 3982
3 3927 3983 3982
3 3927 3928 3983
3 3928 3984 3983
3 3928 3929 3984
3 3929 3985 3984
3 3929 3930 3985
3 3930 3986 3985
3 3930 3931 3986
3 3931 3987 3986
3 3931 3932 3987
3 3932 3988 3987
3 3932 3933 3988
3 3933 3989 3988
3 3933 3934 3989
3 3934 3990 3989
3 3934 3935 3990
3 3935 3991 3990
3 3935 3936 3991
3 3936 3992 3991
3 3936 3937 3992
3 3937 3993 3992
3 3937 3938 3993
3 3938 3994 3993
3 3938 3939 3994
3 3939 3995 3994
3 3939 3940 3995
3 3940 3996 3995
3 3940 3941 3996
3 3941 3997 3996
3 3941 3942 3997
3 3942 3998 3997
3 3942 3943 3998
3 3945 3999 4000
3 3945 3944 3999
3 3944 4001 3999
3 3944 3946 4001
3 3946 4002 4001
3 3946 3947 4002
3 3947 4003 4002
3 3947 3948 4003
3 3948 4004 4003
3 3948 3949 4004
3 3949 4005 4004
3 3949 3950 4005
3 3950 4006 4005
3 3950 3951 4006
3 3951 4007 4006
3 3951 3952 4007
3 3952 4008 4007
3 3952 3953 4008
3 3953 4009 4008
3 3953 3954 4009
3 3954 4010 4009
3 3954 3955 4010
3 3955 4011 4010
3 3955 3956 4011
3 3956 4012 4011
3 3956 3957 4012
3 3957 4013 4012
3 3957 3958 4013
3 3958 4014 4013
3 3958 3959 4014
3 3959 4015 4014
3 3959 3960 4015
3 3960 4016 4015
3 3960 3961 4016
3 3961 4017 4016
3 3961 3962 4017
3 3962 4018 4017
3 3962 3963 4018
3 3963 4019 4018
3 3963 3964 4019
3 3964 4020 4019
3 3964 3965 4020
3 3965 4021 4020
3 3965 3966 4021
3 3966 4022 4021
3 3966 3967 4022
3 3967 4023 4022
3 3967 3968 4023
3 3968 4024 4023
3 3968 3969 4024
3 3969 4025 4024
3 3969 3970 4025
3 3970 4026 4025
3 3970 3971 4026
3 3971 4027 4026
3 3971 3972 4027
3 3972 4028 4027
3 3972 3973 4028
3 3973 4029 4028
3 3973 3974 4029
3 3974 4030 4029
3 3974 3975 4030
3 3975 4031 4030
3 3975 3976 4031
3 3976 4032 4031
3 3976 3977 4032
3 3977 4033 4032
3 3977 3978 4033
3 3978 4034 4033
3 3978 3979 4034
3 3979 4035 4034
3 3979 3980 4035
3 3980 4036 4035
3 3980 3981 4036
3 3981 4037 4036
3 3981 3982 4037
3 3982 4038 4037
3 3982 3983 4038
3 3983 4039 4038
3 3983 3984 4039
3 3984 4040 4039
3 3984 3985 4040
3 3985 4041 4040
3 3985 3986 4041
3 3986 4042 4041
3 3986 3987 4042
3 3987 4043 4042
3 3987 3988 4043
3 3988 4044 4043
3 3988 3989 4044
3 3989 4045 4044
3 3989 3990 4045
3 3990 4046 4045
3 3990 3991 4046
3 3991 4047 4046
3 3991 3992 4047
3 3992 4048 4047
3 3992 3993 4048
3 3993 4049 4048
3 3993 3994 4049
3 3994 4050 4049
3 3994 3995 4050
3 3995 4051 4050
3 3995 3996 4051
3 3996 4052 4051
3 3996 3997 4052
3 3997 4053 4052
3 3997 3998 4053
3 4000 3999 4054
3 4054 3999 4055
3 3999 4001 4055
3 4055 4001 4056
3 4001 4002 4056
3 4056 4002 4057
3 4002 4003 4057
3 4057 4003 4058
3 4003 4004 4058
3 4058 4004 4059
3 4004 4005 4059
3 4059 4005 4060
3 4005 4006 4060
3 4060 4006 4061
3 4006 4007 4061
3 4061 4007 4062
3 4007 4063 4062
3 4007 4008 4063
3 4008 4064 4063
3 4008 4009 4064
3 4009 4065 4064
3 4009 4010 4065
3 4010 4066 4065
3 4010 4011 4066
3 4011 4067 4066
3 4011 4012 4067
3 4012 4013 4067
3 4067 4013 4068
3 4013 4014 4068
3 4068 4014 4069
3 4014 4070 4069
3 4014 4015 4070
3 4015 4071 4070
3 4015 4016 4071
3 4016 4072 4071
3 4016 4017 4072
3 4017 4073 4072
3 4017 4018 4073
3 4018 4074 4073
3 4018 4019 4074
3 4019 4075 4074
3 4019 4020 4075
3 4020 4076 4075
3 4020 4021 4076
3 4021 4077 4076
3 4021 4022 4077
3 4022 4078 4077
3 4022 4023 4078
3 4023 4079 4078
3 4023 4024 4079
3 4024 4080 4079
3 4024 4025 4080
3 4025 4081 4080
3 4025 4026 4081
3 4026 4082 4081
3 4026 4027 4082
3 4027 4083 4082
3 4027 4028 4083
3 4028 4084 4083
3 4028 4029 4084
3 4029 4085 4084
3 4029 4030 4085
3 4030 4086 4085
3 4030 4031 4086
3 4031 4087 4086
3 4031 4032 4087
3 4032 4088 4087
3 4032 4033 4088
3 4033 4089 4088
3 4033 4034 4089
3 4034 4090 4089
3 4034 4035 4090
3 4035 4091 4090
3 4035 4036 4091
3 4036 4092 4091
3 4036 4037 4092
3 4037 4093 4092
3 4037 4038 4093
3 4038 4094 4093
3 4038 4039 4094
3 4039 4095 4094
3 4039 4040 4095
3 4040 4096 4095
3 4040 4041 4096
3 4041 4097 4096
3 4041 4042 4097
3 4042 4098 4097
3 4042 4043 4098
3 4043 4099 4098
3 4043 4044 4099
3 4044 4100 4099
3 4044 4045 4100
3 4045 4101 4100
3 4045 4046 4101
3 4046 4102 4101
3 4046 4047 4102
3 4047 4103 4102
3 4047 4048 4103
3 4048 4104 4103
3 4048 4049 4104
3 4049 4105 4104
3 4049 4050 4105
3 4050 4106 4105
3 4050 4051 4106
3 4051 4107 4106
3 4051 4052 4107
3 4052 4108 4107
3 4052 4053 4108
3 4054 4055 4109
3 4109 4055 4110
3 4055 4056 4110
3 4110 4056 4111
3 4056 4057 4111
3 4111 4057 4112
3 4057 4058 4112
3 4112 4058 4113
3 4058 4059 4113
3 4113 4059 4114
3 4059 4060 4114
3 4114 4060 4115
3 4060 4061 4115
3 4115 4061 4116
3 4061 4062 4116
3 4116 4062 4117
3 4062 4063 4117
3 4117 4063 4118
3 4063 4064 4118
3 4118 4064 4119
3 4064 4065 4119
3 4119 4065 4120
3 4065 4066 4120
3 4120 4066 4121
3 4066 4067 4121
3 4121 4067 4122
3 4067 4068 4122
3 4122 4068 4123
3 4068 4069 4123
3 4123 4069 4124
3 4069 4070 4124
3 4124 4070 4125
3 4070 4071 4125
3 4125 4071 4126
3 4071 4072 4126
3 4126 4072 4127
3 4072 4128 4127
3 4072 4073 4128
3 4073 4129 4128
3 4073 4074 4129
3 4074 4075 4129
3 4129 4075 4130
3 4075 4076 4130
3 4130 4076 4131
3 4076 4077 4131
3 4131 4077 4132
3 4077 4078 4132
3 4132 4078 4133
3 4078 4079 4133
3 4133 4079 4134
3 4079 4080 4134
3 4134 4080 4135
3 4080 4081 4135
3 4135 4081 4136
3 4081 4082 4136
3 4136 4082 4137
3 4082 4083 4137
3 4137 4083 4138
3 4083 4139 4138
3 4083 4084 4139
3 4084 4085 4139
3 4139 4085 4140
3 4085 4086 4140
3 4140 4086 4141
3 4086 4087 4141
3 4141 4087 4142
3 4087 4088 4142
3 4142 4088 4143
3 4088 4089 4143
3 4143 4089 4144
3 4089 4090 4144
3 4144 4090 4145
3 4090 4091 4145
3 4145 4091 4146
3 4091 4092 4146
3 4146 4092 4147
3 4092 4093 4147
3 4147 4093 4148
3 4093 4094 4148
3 4148 4094 4149
3 4094 4095 4149
3 4149 4095 4150
3 4095 4096 4150
3 4150 4096 4151
3 4096 4097 4151
3 4151 4097 4152
3 4097 4098 4152
3 4152 4098 4153
3 4098 4099 4153
3 4153 4099 4154
3 4099 4100 4154
3 4154 4100 4155
3 4100 4101 4155
3 4155 4101 4156
3 4101 4102 4156
3 4156 4102 4157
3 4102 4158 4157
3 4102 4103 4158
3 4103 4159 4158
3 4103 4104 4159
3 4104 4160 4159
3 4104 4105 4160
3 4105 4161 4160
3 4105 4106 4161
3 4106 4162 4161
3 4106 4107 4162
3 4107 4163 4162
3 4107 4108 4163
3 4109 4110 4164
3 4164 4110 4165
3 4110 4111 4165
3 4165 4111 4166
3 4111 4112 4166
3 4166 4112 4167
3 4112 4113 4167
3 4167 4113 4168
3 4113 4114 4168
3 4168 4114 4169
3 4114 4115 4169
3 4169 4115 4170
3 4115 4116 4170
3 4170 4116 4171
3 4116 4117 4171
3 4171 4117 4172
3 4117 4118 4172
3 4172 4118 4173
3 4118 4119 4173
3 4173 4119 4174
3 4119 4120 4174
3 4174 4120 4175
3 4120 4121 4175
3 4175 4121 4176
3 4121 4122 4176
3 4176 4122 4177
3 4122 4123 4177
3 4177 4123 4178
3 4123 4124 4178
3 4178 4124 4179
3 4124 4125 4179
3 4179 4125 4180
3 4125 4126 4180
3 4180 4126 4181
3 4126 4127 4181
3 4181 4127 4182
3 4127 4183 4182
3 4127 4128 4183
3 4128 4129 4183
3 4183 4129 4184
3 4129 4130 4184
3 4184 4130 4185
3 4130 4131 4185
3 4185 4131 4186
3 4131 4132 4186
3 4186 4132 4187
3 4132 4133 4187
3 4187 4133 4188
3 4133 4134 4188
3 4188 4134 4189
3 4134 4135 4189
3 4189 4135 4190
3 4135 4136 4190
3 4190 4136 4191
3 4136 4137 4191
3 4191 4137 4192
3 4137 4138 4192
3 4192 4138 4193
3 4138 4139 4193
3 4193 4139 4194
3 4139 4140 4194
3 4194 4140 4195
3 4140 4141 4195
3 4195 4141 4196
3 4141 4142 4196
3 4196 4142 4197
3 4142 4143 4197
3 4197 4143 4198
3 4143 4144 4198
3 4198 4144 4199
3 4144 4145 4199
3 4199 4145 4200
3 4145 4146 4200
3 4200 4146 4201
3 4146 4147 4201
3 4201 4147 4202
3 4147 4148 4202
3 4202 4148 4203
3 4148 4149 4203
3 4203 4149 4204
3 4149 4150 4204
3 4204 4150 4205
3 4150 4151 4205
3 4205 4151 4206
3 4151 4152 4206
3 4206 4152 4207
3 4152 4153 4207
3 4207 4153 4208
3 4153 4154 4208
3 4208 4154 4209
3 4154 4155 4209
3 4209 4155 4210
3 4155 4156 4210
3 4210 4156 4211
3 4156 4157 4211
3 4211 4157 4212
3 4157 4213 4212
3 4157 4158 4213
3 4158 4214 4213
3 4158 4159 4214
3 4159 4215 4214
3 4159 4160 4215
3 4160 4216 4215
3 4160 4161 4216
3 4161 4217 4216
3 4161 4162 4217
3 4162 4218 4217
3 4162 4163 4218
3 4164 4165 4219
3 4219 4165 4220
3 4165 4166 4220
3 4220 4166 4221
3 4166 4167 4221
3 4221 4167 4222
3 4167 4223 4222
3 4167 4168 4223
3 4168 4224 4223
3 4168 4169 4224
3 4169 4225 4224
3 4169 4170 4225
3 4170 4226 4225
3 4170 4171 4226
3 4171 4227 4226
3 4171 4172 4227
3 4172 4228 4227
3 4172 4173 4228
3 4173 4229 4228
3 4173 4174 4229
3 4174 4230 4229
3 4174 4175 4230
3 4175 4231 4230
3 4175 4176 4231
3 4176 4177 4231
3 4231 4177 4232
3 4177 4233 4232
3 4177 4178 4233
3 4178 4234 4233
3 4178 4179 4234
3 4179 4235 4234
3 4179 4180 4235
3 4180 4236 4235
3 4180 4181 4236
3 4181 4237 4236
3 4181 4182 4237
3 4182 4238 4237
3 4182 4183 4238
3 4183 4239 4238
3 4183 4184 4239
3 4184 4240 4239
3 4184 4185 4240
3 4185 4241 4240
3 4185 4186 4241
3 4186 4242 4241
3 4186 4187 4242
3 4187 4188 4242
3 4242 4188 4243
3 4188 4189 4243
3 4243 4189 4244
3 4189 4245 4244
3 4189 4190 4245
3 4190 4246 4245
3 4190 4191 4246
3 4191 4247 4246
3 4191 4192 4247
3 4192 4248 4247
3 4192 4193 4248
3 4193 4249 4248
3 4193 4194 4249
3 4194 4250 4249
3 4194 4195 4250
3 4195 4196 4250
3 4250 4196 4251
3 4196 4197 4251
3 4251 4197 4252
3 4197 4253 4252
3 4197 4198 4253
3 4198 4254 4253
3 4198 4199 4254
3 4199 4200 4254
3 4254 4200 4255
3 4200 4201 4255
3 4255 4201 4256
3 4201 4257 4256
3 4201 4202 4257
3 4202 4258 4257
3 4202 4203 4258
3 4203 4259 4258
3 4203 4204 4259
3 4204 4205 4259
3 4259 4205 4260
3 4205 4261 4260
3 4205 4206 4261
3 4206 4262 4261
3 4206 4207 4262
3 4207 4208 4262
3 4262 4208 4263
3 4208 4209 4263
3 4263 4209 4264
3 4209 4210 4264
3 4264 4210 4265
3 4210 4211 4265
3 4265 4211 4266
3 4211 4212 4266
3 4266 4212 4267
3 4212 4213 4267
3 4267 4213 4268
3 4213 4269 4268
3 4213 4214 4269
3 4214 4270 4269
3 4214 4215 4270
3 4215 4271 4270
3 4215 4216 4271
3 4216 4272 4271
3 4216 4217 4272
3 4217 4273 4272
3 4217 4218 4273
3 4219 4274 4275
3 4219 4220 4274
3 4220 4276 4274
3 4220 4221 4276
3 4221 4277 4276
3 4221 4222 4277
3 4222 4278 4277
3 4222 4223 4278
3 4223 4279 4278
3 4223 4224 4279
3 4224 4280 4279
3 4224 4225 4280
3 4225 4281 4280
3 4225 4226 4281
3 4226 4282 4281
3 4226 4227 4282
3 4227 4283 4282
3 4227 4228 4283
3 4228 4284 4283
3 4228 4229 4284
3 4229 4285 4284
3 4229 4230 4285
3 4230 4286 4285
3 4230 4231 4286
3 4231 4287 4286
3 4231 4232 4287
3 4232 4288 4287
3 4232 4233 4288
3 4233 4289 4288
3 4233 4234 4289
3 4234 4290 4289
3 4234 4235 4290
3 4235 4291 4290
3 4235 4236 4291
3 4236 4292 4291
3 4236 4237 4292
3 4237 4293 4292
3 4237 4238 4293
3 4238 4294 4293
3 4238 4239 4294
3 4239 4295 4294
3 4239 4240 4295
3 4240 4296 4295
3 4240 4241 4296
3 4241 4297 4296
3 4241 4242 4297
3 4242 4298 4297
3 4242 4243 4298
3 4243 4299 4298
3 4243 4244 4299
3 4244 4300 4299
3 4244 4245 4300
3 4245 4301 4300
3 4245 4246 4301
3 4246 4302 4301
3 4246 4247 4302
3 4247 4303 4302
3 4247 4248 4303
3 4248 4304 4303
3 4248 4249 4304
3 4249 4305 4304
3 4249 4250 4305
3 4250 4306 4305
3 4250 4251 4306
3 4251 4307 4306
3 4251 4252 4307
3 4252 4308 4307
3 4252 4253 4308
3 4253 4309 4308
3 4253 4254 4309
3 4254 4310 4309
3 4254 4255 4310
3 4255 4311 4310
3 4255 4256 4311
3 4256 4312 4311
3 4256 4257 4312
3 4257 4313 4312
3 4257 4258 4313
3 4258 4314 4313
3 4258 4259 4314
3 4259 4315 4314
3 4259 4260 4315
3 4260 4316 4315
3 4260 4261 4316
3 4261 4317 4316
3 4261 4262 4317
3 4262 4318 4317
3 4262 4263 4318
3 4263 4319 4318
3 4263 4264 4319
3 4264 4320 4319
3 4264 4265 4320
3 4265 4266 4320
3 4320 4266 4321
3 4266 4267 4321
3 4321 4267 4322
3 4267 4268 4322
3 4322 4268 4323
3 4268 4324 4323
3 4268 4269 4324
3 4269 4325 4324
3 4269 4270 4325
3 4270 4326 4325
3 4270 4271 4326
3 4271 4327 4326
3 4271 4272 4327
3 4272 4328 4327
3 4272 4273 4328
3 4275 4274 4329
3 4274 4330 4329
3 4274 4276 4330
3 4276 4331 4330
3 4276 4277 4331
3 4277 4332 4331
3 4277 4278 4332
3 4278 4333 4332
3 4278 4279 4333
3 4279 4334 4333
3 4279 4280 4334
3 4280 4335 4334
3 4280 4281 4335
3 4281 4336 4335
3 4281 4282 4336
3 4282 4337 4336
3 4282 4283 4337
3 4283 4338 4337
3 4283 4284 4338
3 4284 4339 4338
3 4284 4285 4339
3 4285 4340 4339
3 4285 4286 4340
3 4286 4341 4340
3 4286 4287 4341
3 4287 4342 4341
3 4287 4288 4342
3 4288 4343 4342
3 4288 4289 4343
3 4289 4344 4343
3 4289 4290 4344
3 4290 4345 4344
3 4290 4291 4345
3 4291 4346 4345
3 4291 4292 4346
3 4292 4347 4346
3 4292 4293 4347
3 4293 4348 4347
3 4293 4294 4348
3 4294 4349 4348
3 4294 4295 4349
3 4295 4350 4349
3 4295 4296 4350
3 4296 4351 4350
3 4296 4297 4351
3 4297 4352 4351
3 4297 4298 4352
3 4298 4353 4352
3 4298 4299 4353
3 4299 4354 4353
3 4299 4300 4354
3 4300 4355 4354
3 4300 4301 4355
3 4301 4356 4355
3 4301 4302 4356
3 4302 4357 4356
3 4302 4303 4357
3 4303 4358 4357
3 4303 4304 4358
3 4304 4359 4358
3 4304 4305 4359
3 4305 4360 4359
3 4305 4306 4360
3 4306 4361 4360
3 4306 4307 4361
3 4307 4362 4361
3 4307 4308 4362
3 4308 4363 4362
3 4308 4309 4363
3 4309 4364 4363
3 4309 4310 4364
3 4310 4365 4364
3 4310 4311 4365
3 4311 4366 4365
3 4311 4312 4366
3 4312 4367 4366
3 4312 4313 4367
3 4313 4368 4367
3 4313 4314 4368
3 4314 4369 4368
3 4314 4315 4369
3 4315 4370 4369
3 4315 4316 4370
3 4316 4371 4370
3 4316 4317 4371
3 4317 4372 4371
3 4317 4318 4372
3 4318 4373 4372
3 4318 4319 4373
3 4319 4374 4373
3 4319 4320 4374
3 4320 4375 4374
3 4320 4321 4375
3 4321 4322 4375
3 4375 4322 4376
3 4322 4323 4376
3 4376 4323 4377
3 4323 4324 4377
3 4377 4324 4378
3 4324 4325 4378
3 4378 4325 4379
3 4325 4380 4379
3 4325 4326 4380
3 4326 4381 4380
3 4326 4327 4381
3 4327 4382 4381
3 4327 4328 4382
3 4329 3 0
3 4329 4330 3
3 4330 5 3
3 4330 4331 5
3 4331 7 5
3 4331 4332 7
3 4332 9 7
3 4332 4333 9
3 4333 11 9
3 4333 4334 11
3 4334 13 11
3 4334 4335 13
3 4335 15 13
3 4335 4336 15
3 4336 17 15
3 4336 4337 17
3 4337 19 17
3 4337 4338 19
3 4338 21 19
3 4338 4339 21
3 4339 23 21
3 4339 4340 23
3 4340 25 23
3 4340 4341 25
3 4341 27 25
3 4341 4342 27
3 4342 29 27
3 4342 4343 29
3 4343 31 29
3 4343 4344 31
3 4344 33 31
3 4344 4345 33
3 4345 35 33
3 4345 4346 35
3 4346 37 35
3 4346 4347 37
3 4347 39 37
3 4347 4348 39
3 4348 41 39
3 4348 4349 41
3 4349 43 41
3 4349 4350 43
3 4350 45 43
3 4350 4351 45
3 4351 47 45
3 4351 4352 47
3 4352 49 47
3 4352 4353 49
3 4353 51 49
3 4353 4354 51
3 4354 53 51
3 4354 4355 53
3 4355 55 53
3 4355 4356 55
3 4356 57 55
3 4356 4357 57
3 4357 59 57
3 4357 4358 59
3 4358 61 59
3 4358 4359 61
3 4359 63 61
3 4359 4360 63
3 4360 65 63
3 4360 4361 65
3 4361 67 65
3 4361 4362 67
3 4362 68 67
3 4362 4363 68
3 4363 71 68
3 4363 4364 71
3 4364 73 71
3 4364 4365 73
3 4365 75 73
3 4365 4366 75
3 4366 77 75
3 4366 4367 77
3 4367 79 77
3 4367 4368 79
3 4368 81 79
3 4368 4369 81
3 4369 83 81
3 4369 4370 83
3 4370 85 83
3 4370 4371 85
3 4371 87 85
3 4371 4372 87
3 4372 89 87
3 4372 4373 89
3 4373 91 89
3 4373 4374 91
3 4374 92 91
3 4374 4375 92
3 4375 94 92
3 4375 4376 94
3 4376 4377 94
3 94 4377 96
3 4377 4378 96
3 96 4378 98
3 4378 4379 98
3 98 4379 100
3 4379 4380 100
3 100 4380 102
3 4380 104 102
3 4380 4381 104
3 4381 106 104
3 4381 4382 106
3 4383 3004 4384
3 4383 3042 3004
3 4385 4384 4386
3 4384 2961 4386
3 4384 3004 2961
3 4387 4388 4389
3 4387 4386 4388
3 4386 2911 4388
3 4386 2961 2911
3 4389 4390 4391
3 4389 4388 4390
3 4388 2857 4390
3 4388 2911 2857
3 4392 4391 4393
3 4391 4394 4393
3 4391 4390 4394
3 4390 2798 4394
3 4390 2857 2798
3 4392 4393 4395
3 4395 4393 4396
3 4393 4397 4396
3 4393 4394 4397
3 4394 2734 4397
3 4394 2798 2734
3 4395 4396 4398
3 4398 4396 4399
3 4396 4400 4399
3 4396 4397 4400
3 4397 2670 4400
3 4397 2734 2670
3 4401 4398 4402
3 4398 4399 4402
3 4402 4399 4403
3 4399 4404 4403
3 4399 4400 4404
3 4400 2607 4404
3 4400 2670 2607
3 4401 4402 4405
3 4405 4402 4406
3 4402 4403 4406
3 4406 4403 4407
3 4403 4408 4407
3 4403 4404 4408
3 4404 2544 4408
3 4404 2607 2544
3 4405 4406 4409
3 4409 4406 4410
3 4406 4411 4410
3 4406 4407 4411
3 4407 4412 4411
3 4407 4408 4412
3 4408 2481 4412
3 4408 2544 2481
3 4409 4410 4413
3 4413 4410 4414
3 4410 4411 4414
3 4414 4411 4415
3 4411 4416 4415
3 4411 4412 4416
3 4412 2419 4416
3 4412 2481 2419
3 4417 4413 4418
3 4413 4414 4418
3 4418 4414 4419
3 4414 4415 4419
3 4419 4415 4420
3 4415 4421 4420
3 4415 4416 4421
3 4416 2357 4421
3 4416 2419 2357
3 4417 4418 4422
3 4422 4418 4423
3 4418 4419 4423
3 4423 4419 4424
3 4419 4420 4424
3 4424 4420 4425
3 4420 4426 4425
3 4420 4421 4426
3 4421 2295 4426
3 4421 2357 2295
3 4427 4428 4429
3 4427 4422 4428
3 4422 4423 4428
3 4428 4423 4430
3 4423 4424 4430
3 4430 4424 4431
3 4424 4425 4431
3 4431 4425 4432
3 4425 4433 4432
3 4425 4426 4433
3 4426 2233 4433
3 4426 2295 2233
3 4429 4434 4435
3 4429 4428 4434
3 4428 4430 4434
3 4434 4430 4436
3 4430 4431 4436
3 4436 4431 4437
3 4431 4432 4437
3 4437 4432 4438
3 4432 4439 4438
3 4432 4433 4439
3 4433 2171 4439
3 4433 2233 2171
3 4440 4441 4442
3 4440 4435 4441
3 4435 4443 4441
3 4435 4434 4443
3 4434 4436 4443
3 4443 4436 4444
3 4436 4437 4444
3 4444 4437 4445
3 4437 4438 4445
3 4445 4438 4446
3 4438 4447 4446
3 4438 4439 4447
3 4439 2109 4447
3 4439 2171 2109
3 4442 4448 4449
3 4442 4441 4448
3 4441 4450 4448
3 4441 4443 4450
3 4443 4444 4450
3 4450 4444 4451
3 4444 4445 4451
3 4451 4445 4452
3 4445 4446 4452
3 4452 4446 4453
3 4446 4454 4453
3 4446 4447 4454
3 4447 2047 4454
3 4447 2109 2047
3 4455 4456 4457
3 4455 4449 4456
3 4449 4458 4456
3 4449 4448 4458
3 4448 4459 4458
3 4448 4450 4459
3 4450 4460 4459
3 4450 4451 4460
3 4451 4452 4460
3 4460 4452 4461
3 4452 4453 4461
3 4461 4453 4462
3 4453 4463 4462
3 4453 4454 4463
3 4454 1985 4463
3 4454 2047 1985
3 4464 4465 4466
3 4464 4457 4465
3 4457 4467 4465
3 4457 4456 4467
3 4456 4468 4467
3 4456 4458 4468
3 4458 4469 4468
3 4458 4459 4469
3 4459 4470 4469
3 4459 4460 4470
3 4460 4461 4470
3 4470 4461 4471
3 4461 4462 4471
3 4471 4462 4472
3 4462 4473 4472
3 4462 4463 4473
3 4463 1923 4473
3 4463 1985 1923
3 4466 4474 4475
3 4466 4465 4474
3 4465 4476 4474
3 4465 4467 4476
3 4467 4477 4476
3 4467 4468 4477
3 4468 4478 4477
3 4468 4469 4478
3 4469 4479 4478
3 4469 4470 4479
3 4470 4471 4479
3 4479 4471 4480
3 4471 4472 4480
3 4480 4472 4481
3 4472 4482 4481
3 4472 4473 4482
3 4473 1862 4482
3 4473 1923 1862
3 4483 4484 4485
3 4483 4475 4484
3 4475 4486 4484
3 4475 4474 4486
3 4474 4487 4486
3 4474 4476 4487
3 4476 4488 4487
3 4476 4477 4488
3 4477 4478 4488
3 4488 4478 4489
3 4478 4479 4489
3 4489 4479 4490
3 4479 4480 4490
3 4490 4480 4491
3 4480 4481 4491
3 4491 4481 4492
3 4481 4493 4492
3 4481 4482 4493
3 4482 1801 4493
3 4482 1862 1801
3 4494 4495 4496
3 4494 4485 4495
3 4485 4497 4495
3 4485 4484 4497
3 4484 4498 4497
3 4484 4486 4498
3 4486 4499 4498
3 4486 4487 4499
3 4487 4500 4499
3 4487 4488 4500
3 4488 4501 4500
3 4488 4489 4501
3 4489 4490 4501
3 4501 4490 4502
3 4490 4491 4502
3 4502 4491 4503
3 4491 4492 4503
3 4503 4492 4504
3 4492 4505 4504
3 4492 4493 4505
3 4493 1741 4505
3 4493 1801 1741
3 4506 4496 4507
3 4496 4508 4507
3 4496 4495 4508
3 4495 4509 4508
3 4495 4497 4509
3 4497 4510 4509
3 4497 4498 4510
3 4498 4511 4510
3 4498 4499 4511
3 4499 4512 4511
3 4499 4500 4512
3 4500 4513 4512
3 4500 4501 4513
3 4501 4502 4513
3 4513 4502 4514
3 4502 4503 4514
3 4514 4503 4515
3 4503 4504 4515
3 4515 4504 4516
3 4504 4517 4516
3 4504 4505 4517
3 4505 1682 4517
3 4505 1741 1682
3 4518 4519 4520
3 4518 4507 4519
3 4507 4521 4519
3 4507 4508 4521
3 4508 4522 4521
3 4508 4509 4522
3 4509 4523 4522
3 4509 4510 4523
3 4510 4524 4523
3 4510 4511 4524
3 4511 4525 4524
3 4511 4512 4525
3 4512 4526 4525
3 4512 4513 4526
3 4513 4514 4526
3 4526 4514 4527
3 4514 4515 4527
3 4527 4515 4528
3 4515 4516 4528
3 4528 4516 4529
3 4516 4530 4529
3 4516 4517 4530
3 4517 1623 4530
3 4517 1682 1623
3 4531 4532 4533
3 4531 4520 4532
3 4520 4534 4532
3 4520 4519 4534
3 4519 4535 4534
3 4519 4521 4535
3 4521 4536 4535
3 4521 4522 4536
3 4522 4537 4536
3 4522 4523 4537
3 4523 4538 4537
3 4523 4524 4538
3 4524 4539 4538
3 4524 4525 4539
3 4525 4540 4539
3 4525 4526 4540
3 4526 4527 4540
3 4540 4527 4541
3 4527 4528 4541
3 4541 4528 4542
3 4528 4529 4542
3 4542 4529 4543
3 4529 4544 4543
3 4529 4530 4544
3 4530 1564 4544
3 4530 1623 1564
3 4545 4546 4547
3 4545 4533 4546
3 4533 4548 4546
3 4533 4532 4548
3 4532 4549 4548
3 4532 4534 4549
3 4534 4550 4549
3 4534 4535 4550
3 4535 4551 4550
3 4535 4536 4551
3 4536 4552 4551
3 4536 4537 4552
3 4537 4553 4552
3 4537 4538 4553
3 4538 4554 4553
3 4538 4539 4554
3 4539 4555 4554
3 4539 4540 4555
3 4540 4541 4555
3 4555 4541 4556
3 4541 4542 4556
3 4556 4542 4557
3 4542 4543 4557
3 4557 4543 4558
3 4543 4559 4558
3 4543 4544 4559
3 4544 1505 4559
3 4544 1564 1505
3 4560 4561 4562
3 4560 4547 4561
3 4547 4563 4561
3 4547 4546 4563
3 4546 4564 4563
3 4546 4548 4564
3 4548 4565 4564
3 4548 4549 4565
3 4549 4566 4565
3 4549 4550 4566
3 4550 4567 4566
3 4550 4551 4567
3 4551 4568 4567
3 4551 4552 4568
3 4552 4569 4568
3 4552 4553 4569
3 4553 4570 4569
3 4553 4554 4570
3 4554 4571 4570
3 4554 4555 4571
3 4555 4572 4571
3 4555 4556 4572
3 4556 4557 4572
3 4572 4557 4573
3 4557 4574 4573
3 4557 4558 4574
3 4558 4575 4574
3 4558 4559 4575
3 4559 1447 4575
3 4559 1505 1447
3 4576 4577 4578
3 4576 4562 4577
3 4562 4579 4577
3 4562 4561 4579
3 4561 4580 4579
3 4561 4563 4580
3 4563 4581 4580
3 4563 4564 4581
3 4564 4582 4581
3 4564 4565 4582
3 4565 4583 4582
3 4565 4566 4583
3 4566 4584 4583
3 4566 4567 4584
3 4567 4585 4584
3 4567 4568 4585
3 4568 4586 4585
3 4568 4569 4586
3 4569 4587 4586
3 4569 4570 4587
3 4570 4588 4587
3 4570 4571 4588
3 4571 4589 4588
3 4571 4572 4589
3 4572 4573 4589
3 4589 4573 4590
3 4573 4574 4590
3 4590 4574 4591
3 4574 4592 4591
3 4574 4575 4592
3 4575 1389 4592
3 4575 1447 1389
3 4593 4594 4595
3 4593 4596 4594
3 4596 4597 4594
3 4596 4578 4597
3 4578 4598 4597
3 4578 4577 4598
3 4577 4599 4598
3 4577 4579 4599
3 4579 4600 4599
3 4579 4580 4600
3 4580 4601 4600
3 4580 4581 4601
3 4581 4602 4601
3 4581 4582 4602
3 4582 4603 4602
3 4582 4583 4603
3 4583 4604 4603
3 4583 4584 4604
3 4584 4605 4604
3 4584 4585 4605
3 4585 4606 4605
3 4585 4586 4606
3 4586 4607 4606
3 4586 4587 4607
3 4587 4608 4607
3 4587 4588 4608
3 4588 4609 4608
3 4588 4589 4609
3 4589 4610 4609
3 4589 4590 4610
3 4590 4611 4610
3 4590 4591 4611
3 4591 4612 4611
3 4591 4592 4612
3 4592 1331 4612
3 4592 1389 1331
3 4613 4614 4615
3 4613 4595 4614
3 4595 4616 4614
3 4595 4594 4616
3 4594 4617 4616
3 4594 4597 4617
3 4597 4618 4617
3 4597 4598 4618
3 4598 4619 4618
3 4598 4599 4619
3 4599 4620 4619
3 4599 4600 4620
3 4600 4621 4620
3 4600 4601 4621
3 4601 4622 4621
3 4601 4602 4622
3 4602 4623 4622
3 4602 4603 4623
3 4603 4624 4623
3 4603 4604 4624
3 4604 4625 4624
3 4604 4605 4625
3 4605 4626 4625
3 4605 4606 4626
3 4606 4627 4626
3 4606 4607 4627
3 4607 4608 4627
3 4627 4608 4628
3 4608 4609 4628
3 4628 4609 4629
3 4609 4610 4629
3 4629 4610 4630
3 4610 4631 4630
3 4610 4611 4631
3 4611 4632 4631
3 4611 4612 4632
3 4612 1273 4632
3 4612 1331 1273
3 4633 4634 4635
3 4633 4615 4634
3 4615 4636 4634
3 4615 4614 4636
3 4614 4637 4636
3 4614 4616 4637
3 4616 4638 4637
3 4616 4617 4638
3 4617 4639 4638
3 4617 4618 4639
3 4618 4640 4639
3 4618 4619 4640
3 4619 4641 4640
3 4619 4620 4641
3 4620 4642 4641
3 4620 4621 4642
3 4621 4643 4642
3 4621 4622 4643
3 4622 4644 4643
3 4622 4623 4644
3 4623 4645 4644
3 4623 4624 4645
3 4624 4646 4645
3 4624 4625 4646
3 4625 4647 4646
3 4625 4626 4647
3 4626 4648 4647
3 4626 4627 4648
3 4627 4649 4648
3 4627 4628 4649
3 4628 4629 4649
3 4649 4629 4650
3 4629 4630 4650
3 4650 4630 4651
3 4630 4652 4651
3 4630 4631 4652
3 4631 4653 4652
3 4631 4632 4653
3 4632 1215 4653
3 4632 1273 1215
3 4635 4654 4655
3 4635 4634 4654
3 4634 4656 4654
3 4634 4636 4656
3 4636 4657 4656
3 4636 4637 4657
3 4637 4658 4657
3 4637 4638 4658
3 4638 4659 4658
3 4638 4639 4659
3 4639 4660 4659
3 4639 4640 4660
3 4640 4661 4660
3 4640 4641 4661
3 4641 4662 4661
3 4641 4642 4662
3 4642 4663 4662
3 4642 4643 4663
3 4643 4664 4663
3 4643 4644 4664
3 4644 4665 4664
3 4644 4645 4665
3 4645 4666 4665
3 4645 4646 4666
3 4646 4667 4666
3 4646 4647 4667
3 4647 4668 4667
3 4647 4648 4668
3 4648 4669 4668
3 4648 4649 4669
3 4649 4670 4669
3 4649 4650 4670
3 4650 4651 4670
3 4670 4651 4671
3 4651 4652 4671
3 4671 4652 4672
3 4652 4673 4672
3 4652 4653 4673
3 4653 1157 4673
3 4653 1215 1157
3 4674 4675 4676
3 4674 4655 4675
3 4655 4677 4675
3 4655 4654 4677
3 4654 4678 4677
3 4654 4656 4678
3 4656 4679 4678
3 4656 4657 4679
3 4657 4680 4679
3 4657 4658 4680
3 4658 4681 4680
3 4658 4659 4681
3 4659 4682 4681
3 4659 4660 4682
3 4660 4683 4682
3 4660 4661 4683
3 4661 4684 4683
3 4661 4662 4684
3 4662 4685 4684
3 4662 4663 4685
3 4663 4686 4685
3 4663 4664 4686
3 4664 4687 4686
3 4664 4665 4687
3 4665 4688 4687
3 4665 4666 4688
3 4666 4689 4688
3 4666 4667 4689
3 4667 4690 4689
3 4667 4668 4690
3 4668 4691 4690
3 4668 4669 4691
3 4669 4692 4691
3 4669 4670 4692
3 4670 4671 4692
3 4692 4671 4693
3 4671 4672 4693
3 4693 4672 4694
3 4672 4673 4694
3 4694 4673 4695
3 4673 1100 4695
3 4673 1157 1100
3 4696 4697 4698
3 4699 4700 4697
3 4699 4676 4700
3 4676 4701 4700
3 4676 4675 4701
3 4675 4702 4701
3 4675 4677 4702
3 4677 4703 4702
3 4677 4678 4703
3 4678 4704 4703
3 4678 4679 4704
3 4679 4705 4704
3 4679 4680 4705
3 4680 4706 4705
3 4680 4681 4706
3 4681 4707 4706
3 4681 4682 4707
3 4682 4708 4707
3 4682 4683 4708
3 4683 4709 4708
3 4683 4684 4709
3 4684 4710 4709
3 4684 4685 4710
3 4685 4711 4710
3 4685 4686 4711
3 4686 4712 4711
3 4686 4687 4712
3 4687 4713 4712
3 4687 4688 4713
3 4688 4714 4713
3 4688 4689 4714
3 4689 4715 4714
3 4689 4690 4715
3 4690 4716 4715
3 4690 4691 4716
3 4691 4717 4716
3 4691 4692 4717
3 4692 4718 4717
3 4692 4693 4718
3 4693 4694 4718
3 4718 4694 4719
3 4694 4695 4719
3 4719 4695 4720
3 4695 1043 4720
3 4695 1100 1043
3 4721 4722 4723
3 4721 4698 4722
3 4698 4724 4722
3 4698 4697 4724
3 4697 4725 4724
3 4697 4700 4725
3 4700 4726 4725
3 4700 4701 4726
3 4701 4727 4726
3 4701 4702 4727
3 4702 4728 4727
3 4702 4703 4728
3 4703 4729 4728
3 4703 4704 4729
3 4704 4730 4729
3 4704 4705 4730
3 4705 4731 4730
3 4705 4706 4731
3 4706 4732 4731
3 4706 4707 4732
3 4707 4733 4732
3 4707 4708 4733
3 4708 4734 4733
3 4708 4709 4734
3 4709 4735 4734
3 4709 4710 4735
3 4710 4736 4735
3 4710 4711 4736
3 4711 4737 4736
3 4711 4712 4737
3 4712 4738 4737
3 4712 4713 4738
3 4713 4739 4738
3 4713 4714 4739
3 4714 4740 4739
3 4714 4715 4740
3 4715 4741 4740
3 4715 4716 4741
3 4716 4742 4741
3 4716 4717 4742
3 4717 4743 4742
3 4717 4718 4743
3 4718 4744 4743
3 4718 4719 4744
3 4719 4745 4744
3 4719 4720 4745
3 4720 986 4745
3 4720 1043 986
3 4746 4747 4748
3 4746 4723 4747
3 4723 4749 4747
3 4723 4722 4749
3 4722 4750 4749
3 4722 4724 4750
3 4724 4751 4750
3 4724 4725 4751
3 4725 4752 4751
3 4725 4726 4752
3 4726 4753 4752
3 4726 4727 4753
3 4727 4754 4753
3 4727 4728 4754
3 4728 4755 4754
3 4728 4729 4755
3 4729 4756 4755
3 4729 4730 4756
3 4730 4757 4756
3 4730 4731 4757
3 4731 4758 4757
3 4731 4732 4758
3 4732 4759 4758
3 4732 4733 4759
3 4733 4760 4759
3 4733 4734 4760
3 4734 4761 4760
3 4734 4735 4761
3 4735 4762 4761
3 4735 4736 4762
3 4736 4763 4762
3 4736 4737 4763
3 4737 4764 4763
3 4737 4738 4764
3 4738 4765 4764
3 4738 4739 4765
3 4739 4766 4765
3 4739 4740 4766
3 4740 4767 4766
3 4740 4741 4767
3 4741 4768 4767
3 4741 4742 4768
3 4742 4769 4768
3 4742 4743 4769
3 4743 4770 4769
3 4743 4744 4770
3 4744 4771 4770
3 4744 4745 4771
3 4745 930 4771
3 4745 986 930
3 4772 4773 4774
3 4772 4748 4773
3 4748 4775 4773
3 4748 4747 4775
3 4747 4776 4775
3 4747 4749 4776
3 4749 4777 4776
3 4749 4750 4777
3 4750 4778 4777
3 4750 4751 4778
3 4751 4779 4778
3 4751 4752 4779
3 4752 4780 4779
3 4752 4753 4780
3 4753 4781 4780
3 4753 4754 4781
3 4754 4782 4781
3 4754 4755 4782
3 4755 4783 4782
3 4755 4756 4783
3 4756 4784 4783
3 4756 4757 4784
3 4757 4785 4784
3 4757 4758 4785
3 4758 4786 4785
3 4758 4759 4786
3 4759 4787 4786
3 4759 4760 4787
3 4760 4788 4787
3 4760 4761 4788
3 4761 4789 4788
3 4761 4762 4789
3 4762 4790 4789
3 4762 4763 4790
3 4763 4791 4790
3 4763 4764 4791
3 4764 4792 4791
3 4764 4765 4792
3 4765 4793 4792
3 4765 4766 4793
3 4766 4794 4793
3 4766 4767 4794
3 4767 4795 4794
3 4767 4768 4795
3 4768 4796 4795
3 4768 4769 4796
3 4769 4797 4796
3 4769 4770 4797
3 4770 4798 4797
3 4770 4771 4798
3 4771 874 4798
3 4771 930 874
3 4799 4800 4801
3 4799 4802 4800
3 4802 4803 4800
3 4802 4774 4803
3 4774 4804 4803
3 4774 4773 4804
3 4773 4805 4804
3 4773 4775 4805
3 4775 4806 4805
3 4775 4776 4806
3 4776 4807 4806
3 4776 4777 4807
3 4777 4808 4807
3 4777 4778 4808
3 4778 4809 4808
3 4778 4779 4809
3 4779 4810 4809
3 4779 4780 4810
3 4780 4811 4810
3 4780 4781 4811
3 4781 4812 4811
3 4781 4782 4812
3 4782 4813 4812
3 4782 4783 4813
3 4783 4814 4813
3 4783 4784 4814
3 4784 4815 4814
3 4784 4785 4815
3 4785 4816 4815
3 4785 4786 4816
3 4786 4817 4816
3 4786 4787 4817
3 4787 4818 4817
3 4787 4788 4818
3 4788 4819 4818
3 4788 4789 4819
3 4789 4820 4819
3 4789 4790 4820
3 4790 4821 4820
3 4790 4791 4821
3 4791 4822 4821
3 4791 4792 4822
3 4792 4823 4822
3 4792 4793 4823
3 4793 4824 4823
3 4793 4794 4824
3 4794 4825 4824
3 4794 4795 4825
3 4795 4826 4825
3 4795 4796 4826
3 4796 4827 4826
3 4796 4797 4827
3 4797 4828 4827
3 4797 4798 4828
3 4798 818 4828
3 4798 874 818
3 4829 4830 4831
3 4829 4832 4830
3 4832 4833 4830
3 4832 4801 4833
3 4801 4834 4833
3 4801 4800 4834
3 4800 4835 4834
3 4800 4803 4835
3 4803 4836 4835
3 4803 4804 4836
3 4804 4837 4836
3 4804 4805 4837
3 4805 4838 4837
3 4805 4806 4838
3 4806 4839 4838
3 4806 4807 4839
3 4807 4840 4839
3 4807 4808 4840
3 4808 4841 4840
3 4808 4809 4841
3 4809 4842 4841
3 4809 4810 4842
3 4810 4843 4842
3 4810 4811 4843
3 4811 4844 4843
3 4811 4812 4844
3 4812 4845 4844
3 4812 4813 4845
3 4813 4846 4845
3 4813 4814 4846
3 4814 4847 4846
3 4814 4815 4847
3 4815 4848 4847
3 4815 4816 4848
3 4816 4849 4848
3 4816 4817 4849
3 4817 4850 4849
3 4817 4818 4850
3 4818 4851 4850
3 4818 4819 4851
3 4819 4852 4851
3 4819 4820 4852
3 4820 4853 4852
3 4820 4821 4853
3 4821 4854 4853
3 4821 4822 4854
3 4822 4855 4854
3 4822 4823 4855
3 4823 4856 4855
3 4823 4824 4856
3 4824 4857 4856
3 4824 4825 4857
3 4825 4858 4857
3 4825 4826 4858
3 4826 4859 4858
3 4826 4827 4859
3 4827 4860 4859
3 4827 4828 4860
3 4828 762 4860
3 4828 818 762
3 4861 4862 4863
3 4861 4864 4862
3 4864 4865 4862
3 4864 4831 4865
3 4831 4866 4865
3 4831 4830 4866
3 4830 4867 4866
3 4830 4833 4867
3 4833 4868 4867
3 4833 4834 4868
3 4834 4869 4868
3 4834 4835 4869
3 4835 4870 4869
3 4835 4836 4870
3 4836 4871 4870
3 4836 4837 4871
3 4837 4872 4871
3 4837 4838 4872
3 4838 4873 4872
3 4838 4839 4873
3 4839 4874 4873
3 4839 4840 4874
3 4840 4875 4874
3 4840 4841 4875
3 4841 4876 4875
3 4841 4842 4876
3 4842 4877 4876
3 4842 4843 4877
3 4843 4878 4877
3 4843 4844 4878
3 4844 4879 4878
3 4844 4845 4879
3 4845 4880 4879
3 4845 4846 4880
3 4846 4881 4880
3 4846 4847 4881
3 4847 4882 4881
3 4847 4848 4882
3 4848 4883 4882
3 4848 4849 4883
3 4849 4884 4883
3 4849 4850 4884
3 4850 4885 4884
3 4850 4851 4885
3 4851 4886 4885
3 4851 4852 4886
3 4852 4887 4886
3 4852 4853 4887
3 4853 4888 4887
3 4853 4854 4888
3 4854 4889 4888
3 4854 4855 4889
3 4855 4890 4889
3 4855 4856 4890
3 4856 4891 4890
3 4856 4857 4891
3 4857 4892 4891
3 4857 4858 4892
3 4858 4893 4892
3 4858 4859 4893
3 4859 4894 4893
3 4859 4860 4894
3 4860 706 4894
3 4860 762 706
3 4895 4896 4897
3 4898 4899 4896
3 4898 4863 4899
3 4863 4900 4899
3 4863 4862 4900
3 4862 4901 4900
3 4862 4865 4901
3 4865 4902 4901
3 4865 4866 4902
3 4866 4903 4902
3 4866 4867 4903
3 4867 4904 4903
3 4867 4868 4904
3 4868 4905 4904
3 4868 4869 4905
3 4869 4906 4905
3 4869 4870 4906
3 4870 4907 4906
3 4870 4871 4907
3 4871 4908 4907
3 4871 4872 4908
3 4872 4909 4908
3 4872 4873 4909
3 4873 4910 4909
3 4873 4874 4910
3 4874 4911 4910
3 4874 4875 4911
3 4875 4912 4911
3 4875 4876 4912
3 4876 4913 4912
3 4876 4877 4913
3 4877 4914 4913
3 4877 4878 4914
3 4878 4915 4914
3 4878 4879 4915
3 4879 4916 4915
3 4879 4880 4916
3 4880 4917 4916
3 4880 4881 4917
3 4881 4918 4917
3 4881 4882 4918
3 4882 4919 4918
3 4882 4883 4919
3 4883 4920 4919
3 4883 4884 4920
3 4884 4921 4920
3 4884 4885 4921
3 4885 4922 4921
3 4885 4886 4922
3 4886 4923 4922
3 4886 4887 4923
3 4887 4924 4923
3 4887 4888 4924
3 4888 4925 4924
3 4888 4889 4925
3 4889 4926 4925
3 4889 4890 4926
3 4890 4927 4926
3 4890 4891 4927
3 4891 4928 4927
3 4891 4892 4928
3 4892 4929 4928
3 4892 4893 4929
3 4893 4930 4929
3 4893 4894 4930
3 4894 650 4930
3 4894 706 650
3 4931 4932 4933
3 4931 4897 4932
3 4897 4934 4932
3 4897 4896 4934
3 4896 4935 4934
3 4896 4899 4935
3 4899 4936 4935
3 4899 4900 4936
3 4900 4937 4936
3 4900 4901 4937
3 4901 4938 4937
3 4901 4902 4938
3 4902 4939 4938
3 4902 4903 4939
3 4903 4940 4939
3 4903 4904 4940
3 4904 4941 4940
3 4904 4905 4941
3 4905 4942 4941
3 4905 4906 4942
3 4906 4943 4942
3 4906 4907 4943
3 4907 4944 4943
3 4907 4908 4944
3 4908 4945 4944
3 4908 4909 4945
3 4909 4946 4945
3 4909 4910 4946
3 4910 4947 4946
3 4910 4911 4947
3 4911 4948 4947
3 4911 4912 4948
3 4912 4949 4948
3 4912 4913 4949
3 4913 4950 4949
3 4913 4914 4950
3 4914 4951 4950
3 4914 4915 4951
3 4915 4952 4951
3 4915 4916 4952
3 4916 4953 4952
3 4916 4917 4953
3 4917 4954 4953
3 4917 4918 4954
3 4918 4955 4954
3 4918 4919 4955
3 4919 4956 4955
3 4919 4920 4956
3 4920 4957 4956
3 4920 4921 4957
3 4921 4958 4957
3 4921 4922 4958
3 4922 4959 4958
3 4922 4923 4959
3 4923 4960 4959
3 4923 4924 4960
3 4924 4961 4960
3 4924 4925 4961
3 4925 4962 4961
3 4925 4926 4962
3 4926 4963 4962
3 4926 4927 4963
3 4927 4964 4963
3 4927 4928 4964
3 4928 4965 4964
3 4928 4929 4965
3 4929 4966 4965
3 4929 4930 4966
3 4930 595 4966
3 4930 650 595
3 4967 4968 4969
3 4967 4933 4968
3 4933 4970 4968
3 4933 4932 4970
3 4932 4971 4970
3 4932 4934 4971
3 4934 4972 4971
3 4934 4935 4972
3 4935 4973 4972
3 4935 4936 4973
3 4936 4974 4973
3 4936 4937 4974
3 4937 4975 4974
3 4937 4938 4975
3 4938 4976 4975
3 4938 4939 4976
3 4939 4977 4976
3 4939 4940 4977
3 4940 4978 4977
3 4940 4941 4978
3 4941 4979 4978
3 4941 4942 4979
3 4942 4980 4979
3 4942 4943 4980
3 4943 4981 4980
3 4943 4944 4981
3 4944 4982 4981
3 4944 4945 4982
3 4945 4983 4982
3 4945 4946 4983
3 4946 4984 4983
3 4946 4947 4984
3 4947 4985 4984
3 4947 4948 4985
3 4948 4986 4985
3 4948 4949 4986
3 4949 4987 4986
3 4949 4950 4987
3 4950 4988 4987
3 4950 4951 4988
3 4951 4989 4988
3 4951 4952 4989
3 4952 4990 4989
3 4952 4953 4990
3 4953 4991 4990
3 4953 4954 4991
3 4954 4992 4991
3 4954 4955 4992
3 4955 4993 4992
3 4955 4956 4993
3 4956 4994 4993
3 4956 4957 4994
3 4957 4995 4994
3 4957 4958 4995
3 4958 4996 4995
3 4958 4959 4996
3 4959 4997 4996
3 4959 4960 4997
3 4960 4998 4997
3 4960 4961 4998
3 4961 4999 4998
3 4961 4962 4999
3 4962 5000 4999
3 4962 4963 5000
3 4963 5001 5000
3 4963 4964 5001
3 4964 5002 5001
3 4964 4965 5002
3 4965 5003 5002
3 4965 4966 5003
3 4966 540 5003
3 4966 595 540
3 5004 5005 5006
3 5004 4969 5005
3 4969 5007 5005
3 4969 4968 5007
3 4968 5008 5007
3 4968 4970 5008
3 4970 5009 5008
3 4970 4971 5009
3 4971 5010 5009
3 4971 4972 5010
3 4972 5011 5010
3 4972 4973 5011
3 4973 5012 5011
3 4973 4974 5012
3 4974 5013 5012
3 4974 4975 5013
3 4975 5014 5013
3 4975 4976 5014
3 4976 5015 5014
3 4976 4977 5015
3 4977 5016 5015
3 4977 4978 5016
3 4978 5017 5016
3 4978 4979 5017
3 4979 5018 5017
3 4979 4980 5018
3 4980 5019 5018
3 4980 4981 5019
3 4981 5020 5019
3 4981 4982 5020
3 4982 5021 5020
3 4982 4983 5021
3 4983 5022 5021
3 4983 4984 5022
3 4984 5023 5022
3 4984 4985 5023
3 4985 5024 5023
3 4985 4986 5024
3 4986 5025 5024
3 4986 4987 5025
3 4987 5026 5025
3 4987 4988 5026
3 4988 5027 5026
3 4988 4989 5027
3 4989 5028 5027
3 4989 4990 5028
3 4990 5029 5028
3 4990 4991 5029
3 4991 5030 5029
3 4991 4992 5030
3 4992 5031 5030
3 4992 4993 5031
3 4993 5032 5031
3 4993 4994 5032
3 4994 5033 5032
3 4994 4995 5033
3 4995 5034 5033
3 4995 4996 5034
3 4996 5035 5034
3 4996 4997 5035
3 4997 5036 5035
3 4997 4998 5036
3 4998 5037 5036
3 4998 4999 5037
3 4999 5038 5037
3 4999 5000 5038
3 5000 5039 5038
3 5000 5001 5039
3 5001 5040 5039
3 5001 5002 5040
3 5002 5041 5040
3 5002 5003 5041
3 5003 485 5041
3 5003 540 485
3 5006 5005 5042
3 5005 5043 5042
3 5005 5007 5043
3 5007 5044 5043
3 5007 5008 5044
3 5008 5045 5044
3 5008 5009 5045
3 5009 5046 5045
3 5009 5010 5046
3 5010 5047 5046
3 5010 5011 5047
3 5011 5048 5047
3 5011 5012 5048
3 5012 5049 5048
3 5012 5013 5049
3 5013 5050 5049
3 5013 5014 5050
3 5014 5051 5050
3 5014 5015 5051
3 5015 5052 5051
3 5015 5016 5052
3 5016 5053 5052
3 5016 5017 5053
3 5017 5054 5053
3 5017 5018 5054
3 5018 5055 5054
3 5018 5019 5055
3 5019 5056 5055
3 5019 5020 5056
3 5020 5057 5056
3 5020 5021 5057
3 5021 5058 5057
3 5021 5022 5058
3 5022 5059 5058
3 5022 5023 5059
3 5023 5060 5059
3 5023 5024 5060
3 5024 5061 5060
3 5024 5025 5061
3 5025 5062 5061
3 5025 5026 5062
3 5026 5063 5062
3 5026 5027 5063
3 5027 5064 5063
3 5027 5028 5064
3 5028 5065 5064
3 5028 5029 5065
3 5029 5066 5065
3 5029 5030 5066
3 5030 5067 5066
3 5030 5031 5067
3 5031 5068 5067
3 5031 5032 5068
3 5032 5069 5068
3 5032 5033 5069
3 5033 5070 5069
3 5033 5034 5070
3 5034 5071 5070
3 5034 5035 5071
3 5035 5072 5071
3 5035 5036 5072
3 5036 5073 5072
3 5036 5037 5073
3 5037 5074 5073
3 5037 5038 5074
3 5038 5075 5074
3 5038 5039 5075
3 5039 5076 5075
3 5039 5040 5076
3 5040 5077 5076
3 5040 5041 5077
3 5041 431 5077
3 5041 485 431
3 5043 5044 5078
3 5044 5079 5078
3 5044 5045 5079
3 5045 5080 5079
3 5045 5046 5080
3 5046 5081 5080
3 5046 5047 5081
3 5047 5082 5081
3 5047 5048 5082
3 5048 5083 5082
3 5048 5049 5083
3 5049 5084 5083
3 5049 5050 5084
3 5050 5085 5084
3 5050 5051 5085
3 5051 5086 5085
3 5051 5052 5086
3 5052 5087 5086
3 5052 5053 5087
3 5053 5088 5087
3 5053 5054 5088
3 5054 5089 5088
3 5054 5055 5089
3 5055 5090 5089
3 5055 5056 5090
3 5056 5091 5090
3 5056 5057 5091
3 5057 5092 5091
3 5057 5058 5092
3 5058 5093 5092
3 5058 5059 5093
3 5059 5094 5093
3 5059 5060 5094
3 5060 5095 5094
3 5060 5061 5095
3 5061 5096 5095
3 5061 5062 5096
3 5062 5097 5096
3 5062 5063 5097
3 5063 5098 5097
3 5063 5064 5098
3 5064 5099 5098
3 5064 5065 5099
3 5065 5100 5099
3 5065 5066 5100
3 5066 5101 5100
3 5066 5067 5101
3 5067 5102 5101
3 5067 5068 5102
3 5068 5103 5102
3 5068 5069 5103
3 5069 5104 5103
3 5069 5070 5104
3 5070 5105 5104
3 5070 5071 5105
3 5071 5106 5105
3 5071 5072 5106
3 5072 5107 5106
3 5072 5073 5107
3 5073 5108 5107
3 5073 5074 5108
3 5074 5109 5108
3 5074 5075 5109
3 5075 5110 5109
3 5075 5076 5110
3 5076 5111 5110
3 5076 5077 5111
3 5077 377 5111
3 5077 431 377
3 5078 5079 5112
3 5079 5113 5112
3 5079 5080 5113
3 5080 5114 5113
3 5080 5081 5114
3 5081 5115 5114
3 5081 5082 5115
3 5082 5116 5115
3 5082 5083 5116
3 5083 5117 5116
3 5083 5084 5117
3 5084 5118 5117
3 5084 5085 5118
3 5085 5119 5118
3 5085 5086 5119
3 5086 5120 5119
3 5086 5087 5120
3 5087 5121 5120
3 5087 5088 5121
3 5088 5122 5121
3 5088 5089 5122
3 5089 5123 5122
3 5089 5090 5123
3 5090 5124 5123
3 5090 5091 5124
3 5091 5125 5124
3 5091 5092 5125
3 5092 5126 5125
3 5092 5093 5126
3 5093 5127 5126
3 5093 5094 5127
3 5094 5128 5127
3 5094 5095 5128
3 5095 5129 5128
3 5095 5096 5129
3 5096 5130 5129
3 5096 5097 5130
3 5097 5131 5130
3 5097 5098 5131
3 5098 5132 5131
3 5098 5099 5132
3 5099 5133 5132
3 5099 5100 5133
3 5100 5134 5133
3 5100 5101 5134
3 5101 5135 5134
3 5101 5102 5135
3 5102 5136 5135
3 5102 5103 5136
3 5103 5137 5136
3 5103 5104 5137
3 5104 5138 5137
3 5104 5105 5138
3 5105 5139 5138
3 5105 5106 5139
3 5106 5140 5139
3 5106 5107 5140
3 5107 5141 5140
3 5107 5108 5141
3 5108 5109 5141
3 5141 5109 5142
3 5109 5143 5142
3 5109 5110 5143
3 5110 5144 5143
3 5110 5111 5144
3 5111 323 5144
3 5111 377 323
3 5112 5113 5145
3 5113 5146 5145
3 5113 5114 5146
3 5114 5147 5146
3 5114 5115 5147
3 5115 5148 5147
3 5115 5116 5148
3 5116 5149 5148
3 5116 5117 5149
3 5117 5150 5149
3 5117 5118 5150
3 5118 5151 5150
3 5118 5119 5151
3 5119 5152 5151
3 5119 5120 5152
3 5120 5153 5152
3 5120 5121 5153
3 5121 5154 5153
3 5121 5122 5154
3 5122 5155 5154
3 5122 5123 5155
3 5123 5156 5155
3 5123 5124 5156
3 5124 5157 5156
3 5124 5125 5157
3 5125 5158 5157
3 5125 5126 5158
3 5126 5159 5158
3 5126 5127 5159
3 5127 5160 5159
3 5127 5128 5160
3 5128 5161 5160
3 5128 5129 5161
3 5129 5162 5161
3 5129 5130 5162
3 5130 5163 5162
3 5130 5131 5163
3 5131 5164 5163
3 5131 5132 5164
3 5132 5165 5164
3 5132 5133 5165
3 5133 5166 5165
3 5133 5134 5166
3 5134 5167 5166
3 5134 5135 5167
3 5135 5168 5167
3 5135 5136 5168
3 5136 5169 5168
3 5136 5137 5169
3 5137 5170 5169
3 5137 5138 5170
3 5138 5171 5170
3 5138 5139 5171
3 5139 5172 5171
3 5139 5140 5172
3 5140 5173 5172
3 5140 5141 5173
3 5141 5174 5173
3 5141 5142 5174
3 5142 5143 5174
3 5174 5143 5175
3 5143 5176 5175
3 5143 5144 5176
3 5144 269 5176
3 5144 323 269
3 5145 5146 5177
3 5146 5178 5177
3 5146 5147 5178
3 5147 5179 5178
3 5147 5148 5179
3 5148 5180 5179
3 5148 5149 5180
3 5149 5181 5180
3 5149 5150 5181
3 5150 5182 5181
3 5150 5151 5182
3 5151 5183 5182
3 5151 5152 5183
3 5152 5184 5183
3 5152 5153 5184
3 5153 5185 5184
3 5153 5154 5185
3 5154 5186 5185
3 5154 5155 5186
3 5155 5187 5186
3 5155 5156 5187
3 5156 5188 5187
3 5156 5157 5188
3 5157 5189 5188
3 5157 5158 5189
3 5158 5190 5189
3 5158 5159 5190
3 5159 5191 5190
3 5159 5160 5191
3 5160 5192 5191
3 5160 5161 5192
3 5161 5193 5192
3 5161 5162 5193
3 5162 5194 5193
3 5162 5163 5194
3 5163 5195 5194
3 5163 5164 5195
3 5164 5196 5195
3 5164 5165 5196
3 5165 5197 5196
3 5165 5166 5197
3 5166 5198 5197
3 5166 5167 5198
3 5167 5199 5198
3 5167 5168 5199
3 5168 5200 5199
3 5168 5169 5200
3 5169 5201 5200
3 5169 5170 5201
3 5170 5202 5201
3 5170 5171 5202
3 5171 5203 5202
3 5171 5172 5203
3 5172 5204 5203
3 5172 5173 5204
3 5173 5205 5204
3 5173 5174 5205
3 5174 5206 5205
3 5174 5175 5206
3 5175 5176 5206
3 5206 5176 5207
3 5176 215 5207
3 5176 269 215
3 5178 5179 5208
3 5179 5209 5208
3 5179 5180 5209
3 5180 5210 5209
3 5180 5181 5210
3 5181 5211 5210
3 5181 5182 5211
3 5182 5212 5211
3 5182 5183 5212
3 5183 5213 5212
3 5183 5184 5213
3 5184 5214 5213
3 5184 5185 5214
3 5185 5215 5214
3 5185 5186 5215
3 5186 5216 5215
3 5186 5187 5216
3 5187 5217 5216
3 5187 5188 5217
3 5188 5218 5217
3 5188 5189 5218
3 5189 5219 5218
3 5189 5190 5219
3 5190 5220 5219
3 5190 5191 5220
3 5191 5221 5220
3 5191 5192 5221
3 5192 5222 5221
3 5192 5193 5222
3 5193 5223 5222
3 5193 5194 5223
3 5194 5224 5223
3 5194 5195 5224
3 5195 5225 5224
3 5195 5196 5225
3 5196 5226 5225
3 5196 5197 5226
3 5197 5227 5226
3 5197 5198 5227
3 5198 5228 5227
3 5198 5199 5228
3 5199 5229 5228
3 5199 5200 5229
3 5200 5230 5229
3 5200 5201 5230
3 5201 5231 5230
3 5201 5202 5231
3 5202 5232 5231
3 5202 5203 5232
3 5203 5233 5232
3 5203 5204 5233
3 5204 5234 5233
3 5204 5205 5234
3 5205 5235 5234
3 5205 5206 5235
3 5206 5236 5235
3 5206 5207 5236
3 5207 215 5236
3 5236 215 161
3 5208 5209 5237
3 5209 5238 5237
3 5209 5210 5238
3 5210 5239 5238
3 5210 5211 5239
3 5211 5240 5239
3 5211 5212 5240
3 5212 5241 5240
3 5212 5213 5241
3 5213 5242 5241
3 5213 5214 5242
3 5214 5243 5242
3 5214 5215 5243
3 5215 5244 5243
3 5215 5216 5244
3 5216 5245 5244
3 5216 5217 5245
3 5217 5246 5245
3 5217 5218 5246
3 5218 5247 5246
3 5218 5219 5247
3 5219 5248 5247
3 5219 5220 5248
3 5220 5249 5248
3 5220 5221 5249
3 5221 5250 5249
3 5221 5222 5250
3 5222 5251 5250
3 5222 5223 5251
3 5223 5252 5251
3 5223 5224 5252
3 5224 5253 5252
3 5224 5225 5253
3 5225 5254 5253
3 5225 5226 5254
3 5226 5255 5254
3 5226 5227 5255
3 5227 5256 5255
3 5227 5228 5256
3 5228 5257 5256
3 5228 5229 5257
3 5229 5258 5257
3 5229 5230 5258
3 5230 5259 5258
3 5230 5231 5259
3 5231 5260 5259
3 5231 5232 5260
3 5232 5261 5260
3 5232 5233 5261
3 5233 5262 5261
3 5233 5234 5262
3 5234 5263 5262
3 5234 5235 5263
3 5235 5264 5263
3 5235 5236 5264
3 5236 107 5264
3 5236 161 107
3 5237 5238 3278
3 5238 3277 3278
3 5238 5239 3277
3 5239 3287 3277
3 5239 5240 3287
3 5240 3309 3287
3 5240 5241 3309
3 5241 3329 3309
3 5241 5242 3329
3 5242 3348 3329
3 5242 5243 3348
3 5243 3370 3348
3 5243 5244 3370
3 5244 3397 3370
3 5244 5245 3397
3 5245 3427 3397
3 5245 5246 3427
3 5246 3464 3427
3 5246 5247 3464
3 5247 3502 3464
3 5247 5248 3502
3 5248 3549 3502
3 5248 5249 3549
3 5249 3600 3549
3 5249 5250 3600
3 5250 3659 3600
3 5250 5251 3659
3 5251 3720 3659
3 5251 5252 3720
3 5252 3776 3720
3 5252 5253 3776
3 5253 3832 3776
3 5253 5254 3832
3 5254 3888 3832
3 5254 5255 3888
3 5255 3943 3888
3 5255 5256 3943
3 5256 3998 3943
3 5256 5257 3998
3 5257 4053 3998
3 5257 5258 4053
3 5258 4108 4053
3 5258 5259 4108
3 5259 4163 4108
3 5259 5260 4163
3 5260 4218 4163
3 5260 5261 4218
3 5261 4273 4218
3 5261 5262 4273
3 5262 4328 4273
3 5262 5263 4328
3 5263 4382 4328
3 5263 5264 4382
3 5264 106 4382
3 5264 107 106
CELL_DATA 10212
SCALARS brightness_temperature float
LOOKUP_TABLE default
POINT_DATA 5265
CELL_DATA 10212
SCALARS emission_angle float
LOOKUP_TABLE default
POINT_DATA 5265
CELL_DATA 10212
SCALARS incidence_angle float
LOOKUP_TABLE default
POINT_DATA 5265
CELL_DATA 10212
SCALARS phase_angle float
LOOKUP_TABLE default
POINT_DATA 5265
CELL_DATA 10212
SCALARS local_solar_time float
LOOKUP_TABLE default
POINT_DATA 5265
CELL_DATA 10212
SCALARS local_solar_time_normal_vector float
LOOKUP_TABLE default
CELL_DATA 10212
SCALARS pixel_x float
LOOKUP_TABLE default
POINT_DATA 5265
CELL_DATA 10212
SCALARS pixel_y float
LOOKUP_TABLE default
POINT_DATA 5265
CELL_DATA 10212
SCALARS longitude float
LOOKUP_TABLE default
POINT_DATA 5265
CELL_DATA 10212
SCALARS latitude float
LOOKUP_TABLE default
