# vtk DataFile Version 3.0
SHAPE_sfm_50k_v20200323
ASCII
DATASET POLYDATA
POINTS 11509 float
0.15764 0.41246 0.09423
0.15831 0.4139 0.09181
0.15548 0.41471 0.09234
0.1561 0.41563 0.08965
0.1551 0.41376 0.09508
0.15281 0.41593 0.09287
0.15327 0.41654 0.09005
0.15411 0.41735 0.08736
0.15705 0.41668 0.08709
0.15507 0.41844 0.0848
0.1505 0.41766 0.08987
0.14999 0.41686 0.09264
0.15134 0.41856 0.08722
0.15228 0.4197 0.08467
0.15316 0.42135 0.08239
0.15596 0.42008 0.08252
0.15423 0.42306 0.08026
0.14684 0.41649 0.09446
0.14724 0.41774 0.09187
0.14787 0.41896 0.08929
0.14885 0.42019 0.08683
0.14983 0.42147 0.08438
0.15074 0.4232 0.0822
0.15176 0.42486 0.08003
0.15325 0.42621 0.07792
0.14416 0.41767 0.09395
0.14464 0.41913 0.09147
0.14533 0.4205 0.08899
0.14629 0.42173 0.08652
0.14738 0.42324 0.08427
0.14826 0.42497 0.08208
0.14924 0.4266 0.07988
0.15069 0.42793 0.07773
0.15235 0.42906 0.07558
0.14145 0.41885 0.09368
0.14197 0.42044 0.09129
0.14265 0.42181 0.08879
0.14369 0.42326 0.08647
0.14487 0.42492 0.08436
0.14576 0.42668 0.08221
0.1468 0.42845 0.08013
0.14813 0.42963 0.07781
0.14969 0.43065 0.07555
0.15129 0.43205 0.07355
0.13866 0.41984 0.09358
0.13919 0.42151 0.09123
0.13994 0.42308 0.08887
0.14116 0.42484 0.08687
0.14235 0.42655 0.08481
0.14312 0.42817 0.0825
0.14402 0.42976 0.08022
0.14544 0.4311 0.07806
0.14695 0.43208 0.07574
0.14848 0.43337 0.07361
0.14996 0.43476 0.07153
0.15277 0.43339 0.07143
0.13643 0.42262 0.09142
0.13728 0.4244 0.08925
0.13848 0.42616 0.08724
0.13972 0.42795 0.08528
0.14047 0.4296 0.083
0.14135 0.43119 0.08071
0.14272 0.43247 0.07847
0.14422 0.43347 0.07617
0.14567 0.43467 0.07394
0.14707 0.43594 0.07172
0.14816 0.43756 0.06954
0.15104 0.43634 0.06933
0.15145 0.43839 0.06729
0.14852 0.43954 0.06743
0.15131 0.44036 0.06516
0.14835 0.44146 0.06526
0.15083 0.44218 0.06292
0.14794 0.44344 0.06315
0.13455 0.42555 0.08957
0.13358 0.4235 0.09145
0.13593 0.42758 0.08796
0.13714 0.42936 0.08597
0.13798 0.43116 0.08383
0.13872 0.43261 0.08141
0.14001 0.43382 0.07907
0.14151 0.43485 0.07677
0.14289 0.43598 0.07446
0.14421 0.43716 0.07215
0.14523 0.4387 0.06988
0.14558 0.44065 0.06773
0.14544 0.44264 0.06561
0.14501 0.4446 0.06348
0.14766 0.44518 0.0608
0.14493 0.44669 0.0614
0.14768 0.44684 0.05838
0.14492 0.4483 0.05895
0.14516 0.44974 0.0564
0.14801 0.4484 0.05592
0.14553 0.45142 0.054
0.13182 0.42673 0.08982
0.13459 0.43083 0.08669
0.13548 0.4327 0.08463
0.13643 0.43441 0.08243
0.13753 0.43545 0.07992
0.13887 0.43631 0.07745
0.14014 0.43734 0.07502
0.14148 0.43858 0.07275
0.14242 0.44003 0.07039
0.14278 0.44202 0.06826
0.14269 0.4441 0.06623
0.14237 0.4462 0.06422
0.14211 0.44802 0.06193
0.14217 0.44972 0.05953
0.14255 0.45138 0.05715
0.14277 0.45285 0.05462
0.14312 0.45456 0.05223
0.146 0.45333 0.05179
0.14656 0.45578 0.05025
0.14359 0.45688 0.05048
0.13329 0.42891 0.08848
0.13176 0.43194 0.08676
0.13267 0.43392 0.08485
0.13366 0.43575 0.0828
0.13497 0.43706 0.08055
0.13642 0.43806 0.07822
0.13764 0.43907 0.07575
0.13876 0.44009 0.07326
0.13968 0.44152 0.07085
0.14026 0.44377 0.06902
0.14055 0.44627 0.06738
0.14002 0.4482 0.06511
0.1394 0.44952 0.0625
0.13943 0.45118 0.06008
0.13982 0.45288 0.05772
0.14 0.45429 0.05514
0.14019 0.45574 0.05255
0.14057 0.45787 0.05053
0.14433 0.45943 0.04923
0.1412 0.46001 0.04861
0.14484 0.46194 0.0477
0.1417 0.46215 0.04671
0.14481 0.46381 0.04535
0.14166 0.46408 0.04454
0.14473 0.46483 0.04255
0.14166 0.46567 0.04207
0.13526 0.44071 0.07692
0.13423 0.43982 0.07952
0.13653 0.44192 0.07457
0.13705 0.44296 0.07184
0.13742 0.44495 0.06969
0.13754 0.44732 0.06793
0.13705 0.44922 0.06571
0.13657 0.45073 0.06321
0.13652 0.45226 0.0607
0.13688 0.4539 0.05829
0.13712 0.45541 0.05576
0.13739 0.45702 0.05331
0.13761 0.45893 0.05107
0.13815 0.46093 0.04897
0.13856 0.46277 0.04674
0.13849 0.46457 0.04445
0.13849 0.4662 0.042
0.13918 0.46771 0.0396
0.14235 0.46708 0.0396
0.14043 0.46908 0.03735
0.13318 0.4426 0.07835
0.13202 0.44157 0.08091
0.13383 0.44321 0.07552
0.13444 0.44435 0.07287
0.13452 0.44596 0.07039
0.1346 0.4483 0.06854
0.13413 0.45024 0.06636
0.13379 0.45199 0.06398
0.13379 0.45363 0.06152
0.13403 0.45508 0.05896
0.13425 0.45655 0.05641
0.13452 0.45818 0.05397
0.1347 0.46003 0.0517
0.13515 0.46188 0.04944
0.13549 0.4636 0.04709
0.13535 0.46519 0.04463
0.13531 0.46677 0.04212
0.13603 0.46843 0.0398
0.13735 0.46999 0.03768
0.13818 0.47139 0.03521
0.14125 0.47043 0.03485
0.13849 0.47359 0.03318
0.1413 0.47204 0.03239
0.13833 0.47506 0.03054
0.12924 0.43913 0.08558
0.13034 0.44028 0.08302
0.12765 0.44171 0.08359
0.1292 0.44292 0.08137
0.13047 0.44416 0.07896
0.13128 0.44489 0.07618
0.13177 0.4459 0.07346
0.13174 0.44735 0.07088
0.13155 0.44914 0.06854
0.1311 0.45113 0.0664
0.13083 0.45307 0.06416
0.13087 0.45485 0.06178
0.13103 0.45607 0.05908
0.13123 0.45749 0.05649
0.13157 0.4593 0.05417
0.13174 0.46117 0.0519
0.13213 0.46289 0.04953
0.13242 0.4645 0.04708
0.13228 0.46613 0.04464
0.1323 0.4679 0.04226
0.13305 0.46966 0.04001
0.13428 0.47102 0.03771
0.13513 0.47246 0.03526
0.1353 0.47439 0.03304
0.13521 0.47607 0.03056
0.13568 0.47723 0.02787
0.13862 0.47583 0.02769
0.13647 0.47798 0.02511
0.13943 0.47662 0.02496
0.13715 0.47893 0.0224
0.12641 0.44043 0.08598
0.1248 0.44285 0.08363
0.12626 0.44394 0.08129
0.12747 0.44509 0.07885
0.12843 0.4462 0.07627
0.12903 0.44739 0.07365
0.129 0.44885 0.07107
0.12868 0.45042 0.06858
0.12819 0.45229 0.0663
0.12791 0.45423 0.06405
0.12786 0.45575 0.0615
0.12802 0.45697 0.05879
0.12829 0.4586 0.05632
0.12865 0.46049 0.05406
0.12884 0.46242 0.05187
0.12919 0.46409 0.04946
0.12947 0.46572 0.04701
0.12931 0.46734 0.04455
0.12931 0.46909 0.04213
0.13002 0.47072 0.03977
0.13126 0.47212 0.03748
0.13208 0.47351 0.03501
0.13218 0.47523 0.03264
0.13216 0.47712 0.0303
0.13269 0.4785 0.02771
0.13347 0.47923 0.02495
0.13415 0.48018 0.02223
0.13503 0.48096 0.01951
0.13809 0.47983 0.01975
0.13621 0.48167 0.0169
0.11413 0.39593 -0.19379
0.11614 0.39397 -0.19611
0.11329 0.3944 -0.19618
0.11311 0.39302 -0.19878
0.11602 0.39271 -0.19882
0.11308 0.39164 -0.20144
0.1158 0.39075 -0.2011
0.11332 0.38951 -0.20355
0.12357 0.4416 0.08603
0.12199 0.44394 0.08297
0.12087 0.44298 0.08555
0.12347 0.44513 0.08069
0.12461 0.44607 0.07811
0.12558 0.4473 0.07559
0.12639 0.44908 0.07334
0.12635 0.45051 0.07073
0.12598 0.45199 0.06819
0.12546 0.45381 0.06589
0.12507 0.45548 0.06345
0.12495 0.45681 0.06078
0.12522 0.45839 0.05825
0.12559 0.46022 0.05594
0.12594 0.46208 0.05365
0.12616 0.46409 0.05151
0.12657 0.46589 0.0492
0.12674 0.46735 0.04662
0.12667 0.46918 0.04431
0.12652 0.47066 0.04172
0.12721 0.47227 0.03931
0.12847 0.4737 0.03705
0.12933 0.47521 0.03465
0.12936 0.47679 0.03218
0.12933 0.47869 0.02983
0.12981 0.47994 0.02715
0.13066 0.48082 0.02445
0.13127 0.48161 0.02165
0.13211 0.48234 0.0189
0.13327 0.48298 0.01626
0.1345 0.48365 0.01369
0.11518 0.4001 -0.18687
0.11669 0.39816 -0.18889
0.11401 0.39896 -0.18937
0.1154 0.39716 -0.1914
0.11261 0.39766 -0.1917
0.11131 0.39629 -0.194
0.11048 0.39478 -0.1964
0.11027 0.39325 -0.19894
0.1103 0.39222 -0.20177
0.11058 0.39018 -0.20398
0.11131 0.38826 -0.20614
0.11404 0.38756 -0.20568
0.1121 0.38661 -0.20848
0.11475 0.38572 -0.20789
0.11252 0.38494 -0.21088
0.1151 0.38393 -0.2102
0.11467 0.38247 -0.21275
0.11212 0.38354 -0.21347
0.11916 0.44514 0.0827
0.11803 0.44408 0.08524
0.12063 0.44628 0.08037
0.12173 0.4472 0.07776
0.12273 0.44856 0.0753
0.12348 0.45024 0.07299
0.12348 0.45175 0.07043
0.12318 0.45343 0.06799
0.12264 0.45521 0.06566
0.12218 0.45672 0.06311
0.12219 0.45837 0.0606
0.12271 0.46035 0.0584
0.12296 0.46199 0.05593
0.12323 0.4637 0.05351
0.12344 0.46571 0.05137
0.12383 0.46752 0.04906
0.12413 0.46921 0.04663
0.12391 0.47079 0.04414
0.12387 0.47253 0.0417
0.12438 0.4738 0.03907
0.1256 0.47515 0.03671
0.1265 0.4768 0.0344
0.12646 0.47821 0.03181
0.12627 0.47964 0.02915
0.12677 0.48097 0.02653
0.12765 0.48196 0.02388
0.12834 0.48296 0.02116
0.12927 0.48392 0.0185
0.13035 0.48444 0.01579
0.1316 0.48513 0.01319
0.1325 0.48619 0.01056
0.13533 0.48453 0.01098
0.13564 0.48611 0.00859
0.13271 0.48757 0.00807
0.13516 0.4875 0.00595
0.13223 0.48894 0.00542
0.11601 0.41047 -0.16952
0.1178 0.40821 -0.17153
0.11529 0.40941 -0.17218
0.11768 0.40705 -0.17428
0.11506 0.40802 -0.17481
0.11754 0.40547 -0.1768
0.11485 0.4063 -0.17724
0.11508 0.40463 -0.17969
0.11738 0.40226 -0.18171
0.11466 0.40283 -0.18201
0.11639 0.40126 -0.18433
0.11363 0.40165 -0.18455
0.11241 0.40051 -0.1871
0.11124 0.39945 -0.18965
0.10985 0.39816 -0.19202
0.10858 0.39688 -0.19438
0.10778 0.39551 -0.19688
0.1076 0.39407 -0.19948
0.10751 0.39264 -0.20211
0.10782 0.39075 -0.20441
0.10855 0.3888 -0.20656
0.10936 0.38725 -0.20897
0.10985 0.38576 -0.21149
0.10943 0.38432 -0.21406
0.11652 0.44675 0.0826
0.1178 0.4475 0.08
0.11897 0.44863 0.07749
0.11993 0.44992 0.07497
0.12063 0.4515 0.07257
0.12069 0.45319 0.07012
0.12043 0.45495 0.06774
0.11987 0.4567 0.06538
0.11943 0.45827 0.06284
0.11952 0.46005 0.06042
0.11999 0.46197 0.05816
0.12033 0.46373 0.05579
0.12059 0.46546 0.05337
0.12067 0.46724 0.05102
0.12109 0.46913 0.04876
0.12137 0.47081 0.04632
0.1211 0.47227 0.04375
0.12102 0.47401 0.04128
0.1215 0.47519 0.03858
0.12266 0.47635 0.0361
0.12351 0.47787 0.03369
0.12346 0.47922 0.03107
0.12329 0.48073 0.02843
0.12386 0.48229 0.02594
0.12473 0.48327 0.02327
0.12539 0.48422 0.0205
0.12635 0.48529 0.01788
0.12759 0.48618 0.01535
0.12886 0.48693 0.01279
0.12966 0.48781 0.01006
0.12982 0.48906 0.00749
0.1293 0.49035 0.00479
0.1321 0.48983 0.00254
0.12922 0.49135 0.00195
0.13268 0.4907 -0.00025
0.12976 0.49214 -0.00088
0.13297 0.49144 -0.00307
0.13005 0.49284 -0.00373
0.13264 0.49209 -0.00591
0.12975 0.49353 -0.00659
0.11643 0.41597 -0.16316
0.1179 0.41306 -0.16456
0.11555 0.41439 -0.16554
0.11698 0.4116 -0.16698
0.11458 0.41286 -0.16788
0.11371 0.41194 -0.17056
0.11275 0.41048 -0.17297
0.11242 0.40886 -0.17547
0.11213 0.40691 -0.17772
0.11231 0.40508 -0.18006
0.11195 0.40341 -0.18249
0.11088 0.40207 -0.18494
0.10967 0.40095 -0.18751
0.1085 0.39991 -0.19007
0.10716 0.39879 -0.19255
0.1059 0.3976 -0.19499
0.10509 0.3962 -0.19749
0.10491 0.39475 -0.2001
0.10475 0.39312 -0.2026
0.10504 0.39119 -0.20487
0.10582 0.38939 -0.20716
0.10667 0.38794 -0.20963
0.10715 0.38643 -0.21215
0.10681 0.38519 -0.21485
0.11548 0.44577 0.08521
0.11431 0.44895 0.08295
0.11524 0.44927 0.08009
0.11619 0.45002 0.07734
0.11711 0.45125 0.07476
0.11782 0.45289 0.07237
0.11791 0.45467 0.06998
0.11767 0.45646 0.06762
0.11706 0.45811 0.0652
0.11663 0.45969 0.06266
0.11668 0.4614 0.06016
0.11721 0.46345 0.05801
0.11775 0.46558 0.05595
0.11786 0.46705 0.05332
0.1179 0.46878 0.05091
0.11818 0.47037 0.0484
0.11844 0.47205 0.04594
0.11816 0.4735 0.04337
0.11793 0.47474 0.04063
0.11842 0.47593 0.03793
0.1196 0.47725 0.03552
0.12044 0.4787 0.03305
0.12041 0.4802 0.03049
0.12026 0.48185 0.02795
0.1208 0.48331 0.0254
0.12174 0.48451 0.02284
0.12246 0.48564 0.02015
0.12348 0.48686 0.01762
0.12485 0.48798 0.01524
0.12598 0.4885 0.01256
0.12677 0.48938 0.00981
0.12687 0.49053 0.00715
0.12632 0.49175 0.00442
0.12626 0.49281 0.00161
0.12681 0.49358 -0.00123
0.12705 0.49415 -0.00414
0.12678 0.49492 -0.00699
0.12966 0.49403 -0.00953
0.12665 0.49529 -0.00996
0.12749 0.49554 -0.01278
0.13047 0.4942 -0.01237
0.12899 0.4954 -0.01534
0.11589 0.42312 -0.15748
0.11757 0.4201 -0.15905
0.11487 0.42104 -0.15936
0.11713 0.4179 -0.16101
0.11444 0.41881 -0.16131
0.11373 0.41686 -0.16347
0.1129 0.41541 -0.16598
0.11198 0.41395 -0.16839
0.11086 0.41254 -0.17074
0.11008 0.41144 -0.17339
0.10982 0.4099 -0.17595
0.10954 0.40796 -0.1782
0.10961 0.40584 -0.18032
0.10936 0.40438 -0.18292
0.10821 0.40287 -0.18524
0.10695 0.40166 -0.18775
0.10584 0.40079 -0.19042
0.10453 0.39976 -0.19295
0.10322 0.39847 -0.19533
0.10246 0.39718 -0.19792
0.10219 0.39554 -0.20041
0.10201 0.39387 -0.20289
0.10241 0.39224 -0.20538
0.10312 0.39024 -0.20753
0.10396 0.38876 -0.21
0.10459 0.38763 -0.21273
0.11263 0.45094 0.08032
0.11151 0.45042 0.0831
0.11346 0.4515 0.07749
0.11428 0.45259 0.07481
0.11497 0.45421 0.0724
0.11508 0.45604 0.07003
0.11476 0.45766 0.06755
0.11418 0.45938 0.06516
0.11376 0.461 0.06264
0.11377 0.46265 0.06009
0.11431 0.4647 0.0579
0.11488 0.46695 0.05596
0.11511 0.46865 0.05349
0.11507 0.47022 0.05095
0.1153 0.47174 0.04838
0.11545 0.47317 0.04577
0.11511 0.47446 0.04312
0.11483 0.4756 0.04033
0.11534 0.47694 0.03768
0.11653 0.47826 0.03526
0.11734 0.47967 0.03276
0.11736 0.48133 0.03029
0.11725 0.48312 0.02785
0.11781 0.48463 0.02532
0.11873 0.48576 0.0227
0.11961 0.48726 0.02024
0.12053 0.48826 0.01757
0.12178 0.48915 0.01504
0.12302 0.48993 0.01248
0.12374 0.49071 0.00969
0.12384 0.49185 0.00702
0.1233 0.49311 0.0043
0.12323 0.49413 0.00147
0.12376 0.49485 -0.00139
0.12403 0.49547 -0.00429
0.12375 0.49619 -0.00717
0.12362 0.49659 -0.01013
0.1244 0.49668 -0.01298
0.12594 0.49666 -0.01554
0.12758 0.49577 -0.01791
0.11607 0.42867 -0.15092
0.11807 0.42658 -0.15308
0.11525 0.42721 -0.15341
0.117 0.42487 -0.15531
0.11434 0.42582 -0.15595
0.11326 0.42409 -0.15819
0.11218 0.42188 -0.15991
0.11174 0.41961 -0.16181
0.11104 0.41764 -0.16394
0.1101 0.41589 -0.16622
0.10921 0.41455 -0.16872
0.10817 0.41335 -0.17122
0.10732 0.41205 -0.17377
0.10722 0.41095 -0.1766
0.10687 0.40874 -0.1787
0.10705 0.40682 -0.181
0.10667 0.40506 -0.18335
0.10558 0.40367 -0.1858
0.10435 0.4025 -0.18838
0.10326 0.40164 -0.19109
0.10188 0.40049 -0.19359
0.10061 0.39929 -0.19602
0.09985 0.39803 -0.19861
0.09955 0.39635 -0.20109
0.09929 0.3945 -0.20345
0.09961 0.39264 -0.20578
0.10041 0.39091 -0.2081
0.10122 0.38932 -0.21051
0.10174 0.38796 -0.21313
0.10969 0.45196 0.08029
0.10845 0.45106 0.0829
0.1106 0.45267 0.0775
0.11154 0.4541 0.07503
0.11214 0.45556 0.0725
0.1121 0.45706 0.06989
0.11182 0.45881 0.06749
0.11129 0.46066 0.06519
0.1109 0.46234 0.06271
0.11094 0.46405 0.0602
0.11147 0.46606 0.05801
0.11187 0.46794 0.0557
0.1121 0.46965 0.05324
0.11214 0.47145 0.05087
0.11242 0.47312 0.04839
0.11254 0.4745 0.04574
0.11209 0.47556 0.04297
0.11183 0.47679 0.04022
0.11231 0.47811 0.03755
0.11354 0.4795 0.03519
0.11437 0.48097 0.03271
0.11445 0.4828 0.03035
0.11439 0.48467 0.02798
0.1148 0.48589 0.02526
0.11576 0.4871 0.02267
0.11675 0.48885 0.02039
0.11754 0.48958 0.01757
0.11873 0.49032 0.01494
0.12004 0.49132 0.01248
0.12083 0.49227 0.00976
0.12089 0.49337 0.00706
0.12032 0.49456 0.00432
0.12021 0.4955 0.00147
0.12069 0.49608 -0.00143
0.12096 0.4967 -0.00435
0.12069 0.49743 -0.00722
0.12067 0.49807 -0.01014
0.12138 0.49805 -0.013
0.12286 0.49786 -0.01559
0.12456 0.49715 -0.01796
0.12614 0.49637 -0.02042
0.12931 0.49535 -0.02036
0.12707 0.4964 -0.02328
0.11617 0.4318 -0.14721
0.11735 0.43051 -0.14894
0.11442 0.43056 -0.14927
0.11321 0.42901 -0.15151
0.11245 0.42765 -0.15407
0.11152 0.42618 -0.15656
0.11047 0.4245 -0.15883
0.10955 0.42252 -0.16087
0.10914 0.4203 -0.16283
0.10832 0.41808 -0.16466
0.10734 0.41625 -0.16685
0.10649 0.41502 -0.16944
0.10548 0.4139 -0.17199
0.10464 0.41265 -0.17456
0.10439 0.41107 -0.1771
0.10428 0.40947 -0.17968
0.10434 0.4072 -0.18168
0.104 0.40549 -0.1841
0.10297 0.40424 -0.18664
0.10191 0.40345 -0.18944
0.10075 0.40248 -0.19208
0.09932 0.40126 -0.19451
0.09807 0.40014 -0.197
0.09718 0.39862 -0.19942
0.09689 0.39697 -0.20192
0.09659 0.39501 -0.2042
0.09679 0.39278 -0.20622
0.09759 0.39096 -0.20851
0.09841 0.38937 -0.21092
0.09889 0.38766 -0.21332
0.10668 0.45266 0.08037
0.1054 0.45144 0.08282
0.10766 0.45367 0.0777
0.10856 0.45506 0.07521
0.10921 0.45667 0.07276
0.10918 0.45822 0.0702
0.10897 0.46009 0.06786
0.10845 0.46197 0.06558
0.10803 0.4636 0.06308
0.10806 0.46528 0.06057
0.10845 0.467 0.05814
0.1088 0.46872 0.05568
0.10915 0.47077 0.0535
0.10923 0.47272 0.05121
0.10941 0.47415 0.04856
0.10948 0.47542 0.04586
0.10907 0.47662 0.04316
0.10885 0.47798 0.04046
0.10937 0.47941 0.03788
0.11061 0.48083 0.03553
0.1114 0.48224 0.03299
0.11146 0.48401 0.03059
0.11131 0.48571 0.02811
0.11179 0.48708 0.0255
0.11276 0.48834 0.02292
0.11363 0.48986 0.02048
0.11446 0.49062 0.01771
0.11555 0.4911 0.01499
0.11692 0.49231 0.0126
0.11794 0.4939 0.0102
0.11798 0.49492 0.00738
0.11745 0.49622 0.00469
0.11721 0.49686 0.00176
0.11764 0.49733 -0.00117
0.11791 0.49791 -0.00411
0.11766 0.4987 -0.00699
0.11766 0.49939 -0.00989
0.11847 0.49958 -0.01269
0.1199 0.4993 -0.01528
0.12167 0.49876 -0.01768
0.12322 0.49796 -0.02016
0.12388 0.49735 -0.02301
0.12426 0.49735 -0.02597
0.12743 0.49644 -0.02623
0.12406 0.49728 -0.02897
0.12718 0.49623 -0.02919
0.12646 0.49594 -0.03207
0.1233 0.49682 -0.03185
0.12598 0.49564 -0.03502
0.12283 0.49655 -0.0348
0.12565 0.49516 -0.03796
0.12251 0.49612 -0.03776
0.12519 0.49441 -0.04084
0.12205 0.49535 -0.04062
0.122 0.49439 -0.04345
0.12503 0.49315 -0.04356
0.12241 0.49332 -0.04621
0.12535 0.4918 -0.04619
0.12284 0.49158 -0.04868
0.12595 0.49059 -0.0489
0.12321 0.4904 -0.05142
0.12066 0.47769 -0.07783
0.12323 0.47637 -0.08085
0.12009 0.47669 -0.08061
0.1199 0.47534 -0.08328
0.12305 0.47521 -0.08362
0.11985 0.47415 -0.08603
0.12108 0.45592 -0.11493
0.11766 0.45443 -0.117
0.11798 0.45623 -0.11466
0.11979 0.45168 -0.11884
0.1169 0.4526 -0.11929
0.11911 0.44964 -0.12094
0.11615 0.45026 -0.12109
0.11869 0.44753 -0.12304
0.11584 0.44841 -0.12344
0.11854 0.44558 -0.12532
0.1158 0.44668 -0.1259
0.11576 0.44469 -0.12815
0.11845 0.44352 -0.12749
0.11621 0.44245 -0.13009
0.11902 0.44151 -0.12963
0.11684 0.44063 -0.13238
0.11966 0.43974 -0.13196
0.11958 0.43814 -0.13447
0.11674 0.43898 -0.13486
0.11908 0.43691 -0.13714
0.11624 0.43774 -0.13754
0.11876 0.43559 -0.13982
0.11596 0.43651 -0.14027
0.11855 0.43415 -0.14243
0.11572 0.43499 -0.14286
0.11777 0.43306 -0.14507
0.11483 0.43342 -0.14523
0.11326 0.43223 -0.14744
0.11153 0.43103 -0.14955
0.11038 0.42966 -0.15194
0.10961 0.42819 -0.15444
0.1087 0.4267 -0.1569
0.10775 0.42532 -0.15944
0.10687 0.42337 -0.16158
0.10637 0.42089 -0.16324
0.10558 0.4187 -0.16512
0.10463 0.41694 -0.16738
0.10372 0.41554 -0.16986
0.10273 0.41451 -0.17247
0.10195 0.41341 -0.17514
0.10165 0.41164 -0.17756
0.1015 0.40991 -0.18001
0.10168 0.40791 -0.18224
0.10135 0.40619 -0.18467
0.1004 0.40512 -0.18732
0.09937 0.4045 -0.19017
0.09811 0.40334 -0.19269
0.0967 0.40217 -0.19513
0.09533 0.40079 -0.19744
0.09441 0.39911 -0.19975
0.09413 0.39755 -0.2023
0.09389 0.39576 -0.20472
0.09407 0.39348 -0.2067
0.09475 0.39121 -0.20863
0.09556 0.38943 -0.21095
0.09605 0.38794 -0.21348
0.10367 0.4532 0.08077
0.10234 0.4517 0.08302
0.10481 0.45468 0.07844
0.10573 0.45613 0.07599
0.10627 0.45755 0.0734
0.1063 0.45926 0.07093
0.10604 0.46105 0.06855
0.10557 0.46301 0.06633
0.10515 0.46467 0.06386
0.10517 0.46632 0.06135
0.10549 0.4679 0.05882
0.10585 0.46964 0.05638
0.10615 0.47157 0.05409
0.1061 0.47319 0.05156
0.1063 0.47473 0.04899
0.10644 0.47623 0.04641
0.10613 0.4777 0.04384
0.10588 0.47903 0.04114
0.10637 0.4804 0.03854
0.10755 0.48173 0.03612
0.10842 0.4833 0.03368
0.10838 0.4849 0.03115
0.1082 0.48653 0.02865
0.10865 0.48782 0.02601
0.10958 0.48895 0.02335
0.11041 0.49032 0.02083
0.1113 0.49133 0.01819
0.11244 0.49201 0.01557
0.11366 0.49272 0.01295
0.11457 0.49402 0.01036
0.11477 0.49562 0.00785
0.11425 0.49696 0.00521
0.11413 0.4979 0.00237
0.11461 0.49848 -0.00053
0.11488 0.49907 -0.00347
0.11467 0.49992 -0.00633
0.11469 0.50066 -0.00921
0.1155 0.50083 -0.012
0.11717 0.501 -0.01448
0.11887 0.50036 -0.01692
0.12034 0.49944 -0.01942
0.121 0.49882 -0.02223
0.12123 0.49844 -0.02516
0.12098 0.49818 -0.02815
0.12027 0.49789 -0.03106
0.1198 0.49756 -0.03401
0.11954 0.49731 -0.03699
0.11914 0.4967 -0.03991
0.11902 0.4955 -0.04265
0.1194 0.49435 -0.04538
0.11992 0.49286 -0.04796
0.12026 0.49156 -0.05064
0.12018 0.49042 -0.05343
0.12316 0.48941 -0.05427
0.12003 0.48962 -0.05633
0.123 0.48859 -0.05716
0.11997 0.48876 -0.05925
0.12292 0.48767 -0.06005
0.11991 0.4875 -0.06195
0.12291 0.4867 -0.06288
0.12031 0.48609 -0.06451
0.12327 0.48519 -0.06542
0.12059 0.48443 -0.067
0.12355 0.48352 -0.06789
0.12044 0.48279 -0.06954
0.12336 0.48163 -0.07023
0.11978 0.48111 -0.07196
0.12267 0.47984 -0.07257
0.12163 0.47856 -0.07511
0.11872 0.47973 -0.07442
0.11773 0.47866 -0.07705
0.11714 0.47748 -0.07977
0.11696 0.47611 -0.08243
0.11689 0.47471 -0.08507
0.11685 0.47347 -0.08779
0.1198 0.47307 -0.08882
0.11706 0.47239 -0.09053
0.12 0.47205 -0.09162
0.11747 0.47107 -0.09325
0.12036 0.47127 -0.09454
0.11808 0.46982 -0.09599
0.12067 0.4711 -0.09754
0.11847 0.4696 -0.09904
0.12087 0.47083 -0.10398
0.11737 0.46848 -0.10522
0.11801 0.46971 -0.1022
0.12054 0.4684 -0.10641
0.11676 0.46575 -0.10687
0.11981 0.46561 -0.10772
0.11609 0.46306 -0.10809
0.11903 0.46303 -0.10908
0.11559 0.46061 -0.10972
0.11853 0.46063 -0.11071
0.1152 0.45865 -0.11195
0.11818 0.45831 -0.11252
0.11499 0.45676 -0.11427
0.11466 0.45496 -0.11663
0.11393 0.45327 -0.11901
0.11334 0.45137 -0.12127
0.11302 0.44945 -0.12353
0.11299 0.44774 -0.126
0.113 0.44585 -0.12835
0.11352 0.44374 -0.13041
0.114 0.4416 -0.13242
0.11387 0.43986 -0.13483
0.11336 0.43851 -0.13747
0.11308 0.43728 -0.14021
0.11289 0.43589 -0.14287
0.11205 0.43444 -0.14536
0.11047 0.43319 -0.14754
0.10874 0.43197 -0.14965
0.10762 0.43061 -0.15205
0.1069 0.42926 -0.15465
0.10592 0.42753 -0.15692
0.1049 0.4259 -0.15923
0.10405 0.42409 -0.16149
0.10365 0.42177 -0.1634
0.10291 0.41969 -0.16541
0.10195 0.41789 -0.16762
0.10093 0.41611 -0.16982
0.09995 0.41518 -0.1725
0.09915 0.41416 -0.17521
0.09892 0.41249 -0.17773
0.0988 0.41076 -0.18017
0.09912 0.40908 -0.18264
0.09879 0.40731 -0.18502
0.09774 0.406 -0.18751
0.09655 0.40494 -0.1901
0.09531 0.40385 -0.19261
0.09394 0.40291 -0.19517
0.09256 0.40146 -0.19742
0.09163 0.39968 -0.19965
0.09131 0.39795 -0.20209
0.09113 0.39669 -0.20486
0.09141 0.39454 -0.20704
0.09198 0.39195 -0.20864
0.0927 0.38978 -0.21067
0.09322 0.38834 -0.21326
0.10067 0.45376 0.08129
0.10194 0.45558 0.07925
0.10276 0.45683 0.07665
0.10334 0.45841 0.07416
0.10347 0.46031 0.07184
0.10325 0.46216 0.0695
0.10278 0.46412 0.06728
0.10248 0.46599 0.06494
0.10237 0.46745 0.06232
0.10261 0.46889 0.0597
0.10284 0.47037 0.05709
0.10306 0.4721 0.05463
0.10305 0.47382 0.05218
0.10319 0.47523 0.04953
0.10341 0.47698 0.04711
0.10312 0.47853 0.04458
0.10296 0.48007 0.04201
0.10343 0.48144 0.03941
0.10453 0.48261 0.03688
0.10537 0.48415 0.03441
0.10537 0.48584 0.03194
0.10517 0.48746 0.02944
0.10559 0.48872 0.02679
0.10646 0.48973 0.02407
0.10721 0.49086 0.0214
0.10812 0.49194 0.01879
0.1093 0.49276 0.01623
0.11052 0.49355 0.01367
0.1113 0.49445 0.01089
0.11152 0.49607 0.00837
0.11107 0.49765 0.00586
0.11099 0.4987 0.00307
0.1116 0.4996 0.00027
0.1119 0.50023 -0.00266
0.11179 0.50128 -0.00546
0.11178 0.50196 -0.00836
0.11258 0.50212 -0.01116
0.11428 0.50241 -0.0136
0.11651 0.50275 -0.0159
0.11773 0.50132 -0.01856
0.11814 0.50018 -0.02128
0.11838 0.49987 -0.02422
0.11814 0.49961 -0.02722
0.11743 0.49928 -0.03012
0.11684 0.49859 -0.03298
0.11656 0.4983 -0.03596
0.11618 0.49786 -0.03893
0.11607 0.49662 -0.04169
0.11639 0.49489 -0.04413
0.11694 0.49346 -0.04675
0.11729 0.49237 -0.04952
0.11727 0.49151 -0.05241
0.11712 0.49067 -0.05529
0.1171 0.48991 -0.05823
0.11709 0.48883 -0.06103
0.11745 0.48716 -0.06347
0.11777 0.48566 -0.06605
0.11766 0.48414 -0.06864
0.11706 0.48262 -0.07118
0.11601 0.48121 -0.07362
0.11495 0.47984 -0.07607
0.11433 0.4785 -0.07871
0.11416 0.47716 -0.08138
0.11409 0.47571 -0.08399
0.11402 0.47421 -0.08657
0.11423 0.4729 -0.08923
0.11464 0.47174 -0.09201
0.11518 0.47034 -0.09462
0.11591 0.46886 -0.09721
0.11583 0.46829 -0.10023
0.115 0.46753 -0.10308
0.11405 0.46554 -0.10521
0.11325 0.46316 -0.10689
0.11265 0.46122 -0.10909
0.11228 0.45944 -0.11149
0.11207 0.45738 -0.11367
0.11177 0.45577 -0.11617
0.11105 0.45414 -0.11859
0.11053 0.45246 -0.12103
0.11027 0.45067 -0.12342
0.1102 0.44885 -0.12579
0.11023 0.447 -0.12817
0.11081 0.44505 -0.13037
0.1113 0.44291 -0.13238
0.11114 0.4411 -0.13472
0.11056 0.43956 -0.13724
0.11032 0.43837 -0.14
0.11014 0.43697 -0.14266
0.10942 0.43579 -0.14534
0.10777 0.43436 -0.1474
0.10603 0.43308 -0.14944
0.10497 0.43188 -0.15198
0.10414 0.43019 -0.15434
0.10316 0.42837 -0.15652
0.10213 0.42648 -0.15861
0.10128 0.42457 -0.16077
0.10094 0.42269 -0.1631
0.10025 0.42077 -0.1653
0.09923 0.4187 -0.16724
0.09826 0.41711 -0.1696
0.09719 0.41576 -0.17204
0.09635 0.41449 -0.17462
0.09613 0.41283 -0.17713
0.09608 0.41159 -0.17985
0.09644 0.40997 -0.18236
0.09621 0.40842 -0.18489
0.09514 0.40704 -0.18734
0.09389 0.40581 -0.1898
0.09265 0.40475 -0.19232
0.0912 0.40342 -0.1946
0.08981 0.40187 -0.19676
0.08891 0.4004 -0.19923
0.08859 0.39868 -0.20166
0.08835 0.39677 -0.20395
0.08864 0.3951 -0.20646
0.08937 0.39315 -0.2087
0.09005 0.39094 -0.21062
0.09047 0.389 -0.21287
0.09886 0.45603 0.07967
0.09784 0.45469 0.08215
0.09981 0.45761 0.07732
0.10045 0.45934 0.07495
0.10061 0.4613 0.07268
0.10041 0.46321 0.07038
0.09984 0.465 0.06803
0.09956 0.46692 0.06572
0.09959 0.46861 0.06325
0.09984 0.47008 0.06066
0.10002 0.47149 0.05801
0.10009 0.47295 0.05537
0.10005 0.47463 0.05288
0.1002 0.47609 0.05026
0.10033 0.47762 0.0477
0.10007 0.47928 0.04523
0.09999 0.48103 0.04278
0.10051 0.48252 0.04026
0.10156 0.48364 0.03768
0.10237 0.48513 0.03518
0.10241 0.48691 0.03278
0.10219 0.4885 0.03025
0.10271 0.48997 0.02769
0.10348 0.49082 0.0249
0.10421 0.49196 0.02222
0.10509 0.49299 0.01956
0.10627 0.49382 0.01699
0.10746 0.49457 0.01439
0.1083 0.49566 0.01171
0.10839 0.49695 0.00904
0.1079 0.49843 0.00646
0.10786 0.49959 0.0037
0.10843 0.50036 0.00086
0.10884 0.50125 -0.00198
0.10879 0.50245 -0.00473
0.10893 0.50346 -0.00758
0.10954 0.5032 -0.01047
0.1111 0.50317 -0.01301
0.11327 0.50377 -0.01523
0.11507 0.50356 -0.01797
0.11531 0.50179 -0.02063
0.11546 0.50125 -0.02355
0.11538 0.50138 -0.02659
0.11472 0.50131 -0.02968
0.11381 0.49954 -0.03213
0.11344 0.49881 -0.03503
0.11304 0.4982 -0.03795
0.11297 0.4973 -0.04083
0.11334 0.49602 -0.04352
0.11385 0.49404 -0.04582
0.1142 0.49288 -0.0486
0.11419 0.49214 -0.05153
0.11408 0.4915 -0.05447
0.11408 0.49084 -0.05743
0.11412 0.49 -0.06035
0.11447 0.48818 -0.06274
0.11478 0.4865 -0.06521
0.1147 0.48514 -0.0679
0.11414 0.48376 -0.07052
0.11307 0.48212 -0.07281
0.11203 0.48077 -0.07527
0.11145 0.47963 -0.07799
0.11129 0.47826 -0.08066
0.11122 0.47682 -0.08329
0.11113 0.47526 -0.08585
0.11129 0.47357 -0.08831
0.1117 0.47222 -0.09101
0.11224 0.47096 -0.09368
0.11289 0.46951 -0.09623
0.11304 0.46783 -0.09875
0.11252 0.46648 -0.10134
0.11145 0.46451 -0.10338
0.11029 0.46334 -0.10596
0.10972 0.46192 -0.10856
0.10933 0.4599 -0.11076
0.10913 0.45797 -0.11307
0.10885 0.45641 -0.11562
0.10815 0.45484 -0.11808
0.10767 0.45336 -0.12066
0.10749 0.45182 -0.12323
0.1074 0.44991 -0.12555
0.10745 0.44813 -0.12798
0.10809 0.44629 -0.13027
0.10864 0.4443 -0.13241
0.10842 0.44237 -0.13466
0.10787 0.44089 -0.13722
0.10766 0.43971 -0.13998
0.10761 0.43856 -0.14277
0.10683 0.43723 -0.14542
0.1051 0.43561 -0.1473
0.10337 0.43436 -0.14937
0.10223 0.4329 -0.15172
0.10136 0.43092 -0.15381
0.1004 0.42902 -0.15592
0.09938 0.42712 -0.15803
0.09854 0.42514 -0.16012
0.0982 0.42314 -0.16235
0.09752 0.42142 -0.16472
0.09654 0.41956 -0.16687
0.09554 0.41783 -0.16911
0.09444 0.41636 -0.17148
0.09361 0.41463 -0.17377
0.0934 0.41317 -0.1764
0.09334 0.41191 -0.17911
0.0938 0.41096 -0.18195
0.09358 0.40935 -0.18448
0.09254 0.40804 -0.18697
0.09137 0.4071 -0.18961
0.09002 0.40573 -0.19195
0.08859 0.40453 -0.19436
0.08715 0.40281 -0.19639
0.08621 0.40101 -0.1986
0.08588 0.39922 -0.20099
0.08563 0.39743 -0.20338
0.08591 0.39555 -0.20573
0.08665 0.39381 -0.20811
0.0874 0.39193 -0.21033
0.08779 0.38995 -0.21253
0.0962 0.45734 0.08063
0.09691 0.4586 0.078
0.09747 0.4602 0.0755
0.0977 0.46231 0.07334
0.09742 0.46407 0.07091
0.09709 0.4663 0.0689
0.09684 0.46828 0.06663
0.09706 0.47026 0.06434
0.09713 0.47145 0.06153
0.09718 0.47265 0.05876
0.09719 0.47401 0.05607
0.09705 0.4755 0.05346
0.09719 0.47696 0.05083
0.09729 0.47847 0.04824
0.09705 0.48022 0.04582
0.09697 0.48199 0.04337
0.09752 0.48356 0.0409
0.09863 0.48479 0.03839
0.0995 0.48642 0.03599
0.0996 0.48831 0.03365
0.09928 0.48974 0.031
0.09976 0.49115 0.0284
0.10066 0.49225 0.02572
0.1013 0.49322 0.02295
0.10217 0.49429 0.02029
0.10332 0.49508 0.01768
0.10443 0.49571 0.015
0.10522 0.49671 0.01226
0.10531 0.49802 0.00961
0.1048 0.49945 0.00699
0.1048 0.50073 0.00427
0.10534 0.50144 0.0014
0.10569 0.50216 -0.00151
0.10566 0.50337 -0.00426
0.1058 0.50444 -0.00708
0.10651 0.50441 -0.00995
0.10797 0.5041 -0.01253
0.10985 0.50369 -0.01488
0.1116 0.5036 -0.01739
0.11223 0.50301 -0.02029
0.11238 0.50242 -0.02322
0.11217 0.50224 -0.02623
0.11142 0.50195 -0.02921
0.11062 0.50017 -0.03164
0.11022 0.49918 -0.03447
0.10981 0.49829 -0.03732
0.10974 0.49734 -0.04017
0.11012 0.49629 -0.04294
0.11066 0.49475 -0.04548
0.11101 0.49351 -0.04822
0.11101 0.49275 -0.05116
0.11088 0.49197 -0.05407
0.11087 0.49126 -0.05701
0.11091 0.49047 -0.05993
0.11137 0.48914 -0.06261
0.11167 0.4873 -0.065
0.11159 0.48586 -0.06764
0.11101 0.48434 -0.07018
0.10993 0.48262 -0.07241
0.10888 0.48114 -0.07483
0.10834 0.48011 -0.0776
0.10822 0.47901 -0.08041
0.10817 0.47761 -0.08308
0.1081 0.47612 -0.0857
0.10823 0.47432 -0.08811
0.10861 0.47265 -0.09062
0.10916 0.47136 -0.09329
0.10981 0.47002 -0.09591
0.10991 0.46818 -0.09829
0.10938 0.4665 -0.10074
0.10827 0.46526 -0.10327
0.10727 0.4641 -0.10587
0.1067 0.46252 -0.10835
0.10637 0.46074 -0.11075
0.10621 0.45887 -0.1131
0.1059 0.45711 -0.11553
0.10518 0.45547 -0.11795
0.10478 0.45424 -0.12068
0.10471 0.45297 -0.12343
0.10461 0.45102 -0.12574
0.10454 0.44894 -0.12795
0.10524 0.44725 -0.13034
0.10599 0.44566 -0.13279
0.10572 0.44362 -0.13498
0.10517 0.44213 -0.13753
0.10488 0.44075 -0.14019
0.1048 0.43956 -0.14297
0.10399 0.43817 -0.14556
0.10231 0.4366 -0.14749
0.10053 0.43511 -0.14937
0.09936 0.43349 -0.15159
0.09853 0.43159 -0.15377
0.09759 0.42971 -0.15595
0.09657 0.42777 -0.15802
0.09571 0.42561 -0.15992
0.09538 0.42357 -0.16212
0.09471 0.42188 -0.16454
0.09372 0.41993 -0.16663
0.09272 0.41805 -0.16876
0.09163 0.41635 -0.17095
0.0908 0.41456 -0.17321
0.09059 0.41319 -0.17591
0.09055 0.41228 -0.17878
0.091 0.41128 -0.18158
0.09087 0.41009 -0.18434
0.08985 0.40882 -0.18689
0.08859 0.40758 -0.18939
0.08727 0.40631 -0.19179
0.0858 0.40499 -0.19412
0.08438 0.40341 -0.19626
0.08342 0.40147 -0.19833
0.08309 0.39936 -0.20048
0.08283 0.39773 -0.20301
0.08311 0.39599 -0.20545
0.08385 0.39429 -0.20786
0.0846 0.39247 -0.21012
0.08498 0.39043 -0.21227
0.09442 0.46033 0.07886
0.09394 0.45932 0.08173
0.09466 0.46148 0.07607
0.09465 0.46313 0.07354
0.0945 0.46518 0.07133
0.0941 0.46729 0.06921
0.09388 0.46932 0.06697
0.09405 0.47128 0.06466
0.09427 0.47272 0.06201
0.09432 0.47388 0.05922
0.09426 0.47513 0.05647
0.09411 0.47663 0.05387
0.09422 0.47805 0.05121
0.09433 0.47961 0.04864
0.0941 0.4814 0.04624
0.09399 0.48314 0.04376
0.09453 0.48472 0.04126
0.09566 0.48599 0.03878
0.09652 0.4876 0.03637
0.0965 0.48927 0.03387
0.09622 0.49079 0.03125
0.09665 0.49209 0.02856
0.0976 0.49331 0.02596
0.09826 0.49432 0.0232
0.09916 0.4955 0.02058
0.10028 0.49627 0.01793
0.10139 0.49691 0.01523
0.10214 0.49786 0.01246
0.10222 0.49916 0.00983
0.10169 0.50055 0.00716
0.10171 0.50189 0.00444
0.1024 0.50295 0.0017
0.10269 0.5035 -0.00126
0.1026 0.50459 -0.00406
0.10261 0.5053 -0.00699
0.10331 0.50521 -0.00989
0.10481 0.50509 -0.01248
0.10668 0.50466 -0.01481
0.10834 0.50411 -0.0173
0.10896 0.50356 -0.0202
0.10918 0.50329 -0.02319
0.10894 0.50298 -0.02619
0.10809 0.50199 -0.02892
0.10737 0.50059 -0.03151
0.10695 0.49951 -0.03431
0.10654 0.49861 -0.03717
0.10645 0.49755 -0.03999
0.10685 0.49654 -0.04278
0.10747 0.49548 -0.04555
0.10786 0.49441 -0.04834
0.10779 0.49324 -0.05113
0.10765 0.49232 -0.054
0.10764 0.49154 -0.05691
0.10767 0.49058 -0.05978
0.10812 0.48927 -0.06246
0.1085 0.4879 -0.06513
0.10844 0.48646 -0.06778
0.10786 0.48488 -0.07027
0.10682 0.4833 -0.07262
0.10579 0.48191 -0.07507
0.10526 0.48081 -0.0778
0.10508 0.47945 -0.08049
0.10505 0.47811 -0.08321
0.10499 0.4766 -0.08583
0.10518 0.47508 -0.08844
0.10552 0.47319 -0.09079
0.10603 0.47152 -0.09326
0.10669 0.47003 -0.09581
0.10681 0.46866 -0.09849
0.10628 0.46699 -0.10096
0.10528 0.46604 -0.10365
0.10433 0.46496 -0.10631
0.10406 0.46393 -0.10916
0.10374 0.46212 -0.11157
0.1034 0.45993 -0.11363
0.10292 0.45773 -0.11567
0.10231 0.45639 -0.11833
0.10195 0.45521 -0.12108
0.10184 0.45382 -0.12377
0.10188 0.45214 -0.12628
0.1018 0.45006 -0.12848
0.1024 0.44814 -0.13071
0.10308 0.44639 -0.13306
0.10299 0.44471 -0.13553
0.10236 0.44305 -0.13796
0.10207 0.44167 -0.14063
0.1019 0.44024 -0.1433
0.101 0.43841 -0.14553
0.09935 0.43682 -0.14745
0.09762 0.43553 -0.14955
0.09646 0.43391 -0.15176
0.09568 0.43212 -0.15404
0.0948 0.43038 -0.15639
0.09383 0.42846 -0.15854
0.09292 0.42619 -0.1603
0.09255 0.42397 -0.16229
0.09186 0.42205 -0.16452
0.09087 0.42 -0.16652
0.08987 0.41803 -0.16857
0.08878 0.41626 -0.17073
0.08794 0.41471 -0.17315
0.08774 0.41338 -0.17586
0.08772 0.41238 -0.17871
0.08819 0.41146 -0.18154
0.08807 0.41035 -0.18434
0.0871 0.40939 -0.18705
0.08587 0.40825 -0.18965
0.08452 0.40693 -0.19204
0.08302 0.40552 -0.19432
0.08159 0.40395 -0.19649
0.08058 0.40169 -0.19823
0.08023 0.39943 -0.20023
0.07999 0.39768 -0.20273
0.08028 0.39627 -0.20539
0.08104 0.39472 -0.2079
0.08179 0.39302 -0.21029
0.08216 0.39084 -0.21232
0.09174 0.46195 0.07921
0.09194 0.46302 0.07638
0.09182 0.46454 0.07375
0.09173 0.46666 0.07161
0.09122 0.46855 0.0693
0.09095 0.47048 0.06696
0.09098 0.47204 0.06436
0.09123 0.47358 0.06176
0.09139 0.47506 0.05915
0.09137 0.47641 0.05644
0.09134 0.47821 0.05403
0.09134 0.47943 0.05125
0.09138 0.48086 0.04859
0.0911 0.48256 0.04611
0.09104 0.48443 0.0437
0.09158 0.48603 0.04121
0.09273 0.48735 0.03875
0.09345 0.48863 0.03612
0.09339 0.4902 0.03357
0.09315 0.49186 0.031
0.09358 0.49318 0.02832
0.0945 0.49429 0.02566
0.09522 0.49551 0.02299
0.09604 0.49651 0.02026
0.09724 0.49749 0.01771
0.09839 0.49826 0.01507
0.09911 0.49918 0.01228
0.09919 0.50046 0.00964
0.09864 0.50184 0.00696
0.09864 0.50311 0.0042
0.09936 0.50426 0.00148
0.09963 0.50469 -0.0015
0.09947 0.50555 -0.00437
0.09947 0.50629 -0.00732
0.10012 0.50599 -0.01025
0.10153 0.50548 -0.01286
0.10347 0.50541 -0.01519
0.10513 0.50485 -0.01767
0.10575 0.50435 -0.02058
0.10593 0.50385 -0.02356
0.10563 0.50298 -0.02643
0.10479 0.50193 -0.02912
0.10409 0.50081 -0.03184
0.10369 0.49988 -0.03471
0.10334 0.49923 -0.03765
0.10327 0.49825 -0.0405
0.10365 0.49714 -0.04327
0.10423 0.49576 -0.0459
0.1046 0.49445 -0.0486
0.10454 0.49336 -0.05143
0.10441 0.49252 -0.05433
0.10441 0.4917 -0.05724
0.10444 0.49066 -0.0601
0.1049 0.48941 -0.06281
0.1053 0.4884 -0.06566
0.10524 0.48666 -0.06817
0.10473 0.4853 -0.07079
0.10385 0.48417 -0.07345
0.10292 0.48296 -0.07607
0.10218 0.48128 -0.07847
0.10192 0.47925 -0.0807
0.10189 0.47802 -0.08346
0.10186 0.47671 -0.08619
0.10207 0.47534 -0.08889
0.1024 0.47326 -0.09112
0.10292 0.47169 -0.09367
0.10358 0.47011 -0.09617
0.1037 0.4686 -0.09878
0.10322 0.46718 -0.10143
0.10227 0.46646 -0.10425
0.10165 0.46621 -0.10722
0.10158 0.46552 -0.1103
0.10108 0.46339 -0.1126
0.10052 0.46077 -0.11413
0.10003 0.45851 -0.11611
0.09949 0.45734 -0.11886
0.09925 0.45639 -0.12172
0.09928 0.4552 -0.12452
0.09922 0.45336 -0.12696
0.09907 0.45117 -0.12905
0.09964 0.44918 -0.13123
0.10022 0.44722 -0.13343
0.1001 0.44547 -0.13587
0.09961 0.4441 -0.13852
0.09922 0.44243 -0.14101
0.09893 0.44053 -0.14334
0.09808 0.43882 -0.14566
0.09649 0.43747 -0.1478
0.09487 0.43639 -0.15009
0.0936 0.43447 -0.15205
0.09281 0.43261 -0.15429
0.09203 0.43111 -0.15685
0.09109 0.42921 -0.15905
0.09015 0.42684 -0.1607
0.08972 0.42437 -0.16239
0.08902 0.42222 -0.16441
0.08803 0.42015 -0.1664
0.08702 0.41815 -0.16842
0.08591 0.41638 -0.17059
0.08508 0.41497 -0.17313
0.08492 0.41376 -0.17591
0.08491 0.41272 -0.17874
0.08539 0.41174 -0.18155
0.08529 0.41076 -0.1844
0.08435 0.40993 -0.18717
0.08311 0.40882 -0.18978
0.08178 0.40763 -0.19226
0.08022 0.406 -0.19437
0.07876 0.40414 -0.19627
0.07777 0.40216 -0.19833
0.07741 0.39994 -0.20035
0.07713 0.39782 -0.20254
0.07744 0.39649 -0.20528
0.07819 0.39486 -0.20775
0.07894 0.39291 -0.20992
0.07931 0.39101 -0.21223
0.08918 0.4645 0.07662
0.08893 0.46335 0.07943
0.08933 0.46651 0.07434
0.08893 0.46812 0.0718
0.08831 0.46976 0.06933
0.08799 0.47156 0.06688
0.08799 0.47307 0.06424
0.08826 0.47464 0.06165
0.08843 0.47618 0.05906
0.0884 0.47752 0.05634
0.08828 0.47912 0.0538
0.08835 0.48053 0.05112
0.08844 0.48216 0.04856
0.08825 0.48409 0.04625
0.08815 0.48592 0.04382
0.08868 0.48747 0.04129
0.0898 0.48874 0.03879
0.0904 0.48979 0.03601
0.09029 0.49125 0.03336
0.09016 0.4932 0.03098
0.09059 0.49454 0.02833
0.09142 0.4954 0.02553
0.09219 0.49672 0.02289
0.0931 0.49796 0.0203
0.09421 0.49873 0.01763
0.09538 0.4996 0.01503
0.09606 0.50043 0.0122
0.09615 0.50177 0.00956
0.09554 0.50297 0.00681
0.09551 0.50416 0.00402
0.09614 0.50498 0.00117
0.09652 0.50573 -0.00172
0.09632 0.50649 -0.00462
0.09621 0.50683 -0.00764
0.09687 0.50656 -0.01056
0.09831 0.50606 -0.01318
0.10021 0.50594 -0.01555
0.10185 0.5053 -0.01803
0.10244 0.5045 -0.02089
0.10264 0.50406 -0.02387
0.10236 0.50332 -0.02679
0.10151 0.50211 -0.02943
0.10083 0.50117 -0.03224
0.10047 0.50043 -0.03518
0.10013 0.49986 -0.03814
0.10016 0.49916 -0.04107
0.10048 0.49781 -0.04373
0.101 0.49613 -0.0462
0.10135 0.49456 -0.04877
0.10129 0.4932 -0.05149
0.10115 0.49255 -0.05447
0.10115 0.49211 -0.05752
0.1012 0.49076 -0.06029
0.10167 0.48929 -0.06288
0.10207 0.48788 -0.06552
0.10202 0.48677 -0.06833
0.10156 0.48585 -0.07116
0.10077 0.48522 -0.07403
0.09988 0.4844 -0.07717
0.09899 0.48154 -0.07868
0.09877 0.47913 -0.08053
0.09873 0.47798 -0.08334
0.09871 0.47674 -0.0861
0.09892 0.47537 -0.08879
0.0993 0.47371 -0.09131
0.09982 0.47211 -0.09383
0.10048 0.47049 -0.09631
0.10061 0.46897 -0.09893
0.10016 0.46769 -0.10168
0.0993 0.46721 -0.10459
0.0988 0.46757 -0.1077
0.09847 0.46662 -0.11087
0.09796 0.46404 -0.11281
0.09754 0.46138 -0.11429
0.0971 0.45921 -0.11637
0.09656 0.45805 -0.11911
0.09653 0.45772 -0.12215
0.09684 0.45701 -0.12524
0.09662 0.45482 -0.12755
0.09634 0.45236 -0.12937
0.09682 0.45018 -0.13142
0.09739 0.4482 -0.13361
0.09728 0.44647 -0.13607
0.09684 0.44519 -0.13878
0.09641 0.44342 -0.14119
0.09611 0.44146 -0.14348
0.09524 0.43965 -0.14573
0.09381 0.4387 -0.14823
0.0921 0.4375 -0.15046
0.09082 0.43536 -0.15222
0.09003 0.43346 -0.15443
0.08924 0.4319 -0.15692
0.08843 0.43028 -0.1594
0.0876 0.42803 -0.1613
0.08703 0.42534 -0.16263
0.08624 0.42288 -0.16421
0.08524 0.4207 -0.16609
0.08425 0.41882 -0.16825
0.08314 0.41708 -0.17046
0.08228 0.41554 -0.17292
0.08212 0.41424 -0.17567
0.08215 0.41334 -0.17856
0.08262 0.4122 -0.18131
0.08253 0.4112 -0.18416
0.08158 0.41032 -0.18691
0.08033 0.4092 -0.18949
0.07896 0.40789 -0.19188
0.07742 0.40616 -0.19391
0.07595 0.40428 -0.1958
0.075 0.40273 -0.19824
0.0746 0.40044 -0.20021
0.07432 0.3984 -0.20245
0.07461 0.39666 -0.20494
0.07537 0.39516 -0.2075
0.07611 0.39328 -0.20975
0.07647 0.39118 -0.21188
0.08641 0.46602 0.07705
0.08604 0.46466 0.07983
0.08625 0.46738 0.07433
0.0859 0.46903 0.07184
0.08534 0.47081 0.06945
0.08498 0.47251 0.06694
0.08501 0.47412 0.06437
0.0853 0.47575 0.06182
0.08545 0.47724 0.05918
0.08553 0.47885 0.05661
0.08532 0.48027 0.05396
0.08535 0.48163 0.05121
0.08563 0.48366 0.04894
0.08572 0.486 0.047
0.0856 0.48781 0.04453
0.08583 0.48892 0.04172
0.08685 0.49002 0.03909
0.08744 0.49109 0.0363
0.08739 0.49272 0.03374
0.08728 0.49465 0.03137
0.08771 0.49601 0.02871
0.08836 0.49651 0.02574
0.08906 0.4976 0.02297
0.08997 0.49885 0.02038
0.09111 0.49973 0.01777
0.09226 0.50057 0.01514
0.093 0.5016 0.01239
0.09298 0.50269 0.00961
0.09236 0.50385 0.00685
0.09234 0.50509 0.00409
0.09293 0.50575 0.00119
0.09332 0.5065 -0.00172
0.09308 0.50716 -0.00468
0.09291 0.50657 -0.00766
0.0936 0.50607 -0.01054
0.09502 0.50629 -0.01321
0.09688 0.50626 -0.01566
0.09852 0.50542 -0.0181
0.09913 0.50472 -0.02098
0.09932 0.50411 -0.02392
0.09906 0.50355 -0.02689
0.09825 0.5026 -0.02965
0.09763 0.5019 -0.03254
0.09732 0.50135 -0.03551
0.0971 0.5011 -0.03853
0.09747 0.501 -0.04161
0.0977 0.49947 -0.0443
0.09787 0.49711 -0.04629
0.09811 0.49492 -0.0484
0.09806 0.49333 -0.05104
0.09795 0.49225 -0.0539
0.09794 0.49162 -0.05691
0.09794 0.4912 -0.05999
0.09847 0.48979 -0.06265
0.09889 0.4883 -0.06526
0.09884 0.48674 -0.06785
0.09835 0.4857 -0.07063
0.09749 0.485 -0.07346
0.09637 0.48415 -0.07643
0.09574 0.48162 -0.0783
0.09563 0.47922 -0.08015
0.0956 0.47794 -0.08287
0.09558 0.47691 -0.08571
0.09581 0.47565 -0.08845
0.09623 0.47433 -0.09118
0.09675 0.47267 -0.09367
0.09742 0.47113 -0.09619
0.09756 0.46954 -0.09879
0.09717 0.46846 -0.10162
0.0963 0.46774 -0.10445
0.09554 0.46787 -0.10761
0.09518 0.46616 -0.11033
0.09496 0.46348 -0.11198
0.09453 0.46111 -0.11387
0.0941 0.45952 -0.11647
0.09358 0.45846 -0.11927
0.09351 0.45832 -0.12234
0.09367 0.45759 -0.1254
0.09365 0.45559 -0.12782
0.09354 0.45334 -0.12988
0.09405 0.45121 -0.13196
0.09456 0.44911 -0.13409
0.09451 0.44754 -0.13665
0.09409 0.44624 -0.13932
0.09373 0.44456 -0.14185
0.0933 0.44233 -0.14387
0.0924 0.44042 -0.146
0.09088 0.43921 -0.14831
0.08911 0.43743 -0.15
0.08793 0.43585 -0.15228
0.0872 0.43412 -0.15464
0.08644 0.43262 -0.15719
0.08565 0.43111 -0.15977
0.08493 0.42905 -0.16197
0.08438 0.42628 -0.16326
0.08347 0.42357 -0.16433
0.08246 0.42133 -0.16615
0.08146 0.41943 -0.16831
0.08041 0.41791 -0.17067
0.07958 0.41645 -0.17317
0.07937 0.41498 -0.17582
0.07935 0.41376 -0.17859
0.07986 0.41275 -0.1814
0.07979 0.4118 -0.18427
0.07883 0.41088 -0.18703
0.07752 0.40936 -0.18944
0.07616 0.40765 -0.1916
0.0746 0.40604 -0.19374
0.07312 0.40449 -0.1959
0.07218 0.40305 -0.19837
0.07186 0.40112 -0.20068
0.07149 0.39871 -0.20253
0.07177 0.39653 -0.20469
0.07252 0.39517 -0.20736
0.07328 0.39365 -0.20988
0.07365 0.3917 -0.21216
0.08337 0.46693 0.07724
0.08325 0.4683 0.0745
0.08293 0.47004 0.07205
0.08242 0.47194 0.06974
0.08205 0.47366 0.06724
0.08212 0.47535 0.0647
0.08236 0.47687 0.06209
0.08257 0.47849 0.05953
0.08261 0.48004 0.05692
0.0824 0.48146 0.05428
0.08242 0.48282 0.05153
0.08276 0.48497 0.04937
0.08284 0.48748 0.04756
0.08263 0.48907 0.04487
0.08286 0.4901 0.04201
0.08385 0.49115 0.03934
0.08455 0.49248 0.0367
0.08453 0.49418 0.03421
0.08423 0.49572 0.03158
0.0846 0.4969 0.02882
0.08536 0.49769 0.02599
0.08594 0.49848 0.02311
0.08677 0.49949 0.02036
0.08793 0.50043 0.01776
0.08907 0.50132 0.01515
0.08977 0.50225 0.01235
0.08971 0.50321 0.00954
0.08914 0.50457 0.00684
0.08909 0.50571 0.00404
0.0897 0.5064 0.00116
0.09005 0.5067 -0.00184
0.08978 0.50691 -0.00481
0.08965 0.5061 -0.00772
0.09036 0.50548 -0.0106
0.09185 0.50534 -0.01325
0.09354 0.50606 -0.01578
0.09521 0.50529 -0.01826
0.09583 0.5045 -0.02111
0.09603 0.50392 -0.02407
0.09576 0.50359 -0.02706
0.09499 0.50293 -0.02991
0.0944 0.50245 -0.03284
0.0942 0.50234 -0.03587
0.09434 0.50315 -0.03889
0.09474 0.50333 -0.04222
0.09488 0.50133 -0.04512
0.09489 0.49843 -0.04659
0.09498 0.49582 -0.0482
0.09488 0.49389 -0.05058
0.09478 0.49228 -0.05317
0.09486 0.49111 -0.056
0.09484 0.49054 -0.05901
0.09531 0.48952 -0.06182
0.0957 0.48848 -0.06468
0.09569 0.48684 -0.06724
0.09529 0.48525 -0.06978
0.09447 0.48425 -0.07254
0.09358 0.4828 -0.07508
0.09286 0.48073 -0.07715
0.09254 0.47895 -0.07957
0.09249 0.47776 -0.08235
0.09247 0.4768 -0.08522
0.09269 0.47594 -0.08812
0.09313 0.47481 -0.09093
0.09371 0.47341 -0.09357
0.09436 0.47164 -0.09596
0.09451 0.47005 -0.09856
0.09413 0.46891 -0.10136
0.09326 0.46806 -0.10413
0.09269 0.46658 -0.10672
0.0925 0.46485 -0.1092
0.09207 0.46268 -0.11129
0.09148 0.46106 -0.1138
0.09108 0.45976 -0.11652
0.09057 0.4588 -0.11934
0.09042 0.45828 -0.12236
0.09064 0.45692 -0.12511
0.09061 0.45533 -0.1277
0.09058 0.45373 -0.13028
0.09127 0.4521 -0.13273
0.092 0.45036 -0.13509
0.09231 0.44926 -0.1379
0.0919 0.44794 -0.14073
0.09099 0.44553 -0.14252
0.09042 0.44302 -0.14413
0.08957 0.4412 -0.14637
0.08794 0.43951 -0.14824
0.08617 0.43777 -0.14996
0.08499 0.43615 -0.15226
0.08436 0.43471 -0.15487
0.08364 0.43333 -0.15752
0.08274 0.43143 -0.15977
0.08197 0.42934 -0.16189
0.08152 0.42664 -0.16329
0.08069 0.42409 -0.16473
0.07974 0.422 -0.16673
0.07872 0.42005 -0.1688
0.07765 0.41849 -0.17113
0.07678 0.41692 -0.17356
0.07662 0.41555 -0.17627
0.07661 0.41433 -0.17905
0.0771 0.41317 -0.1818
0.07704 0.41221 -0.18467
0.07603 0.41102 -0.18733
0.07471 0.40916 -0.18952
0.07335 0.40727 -0.19153
0.07176 0.40578 -0.19377
0.07029 0.4046 -0.19617
0.06941 0.40352 -0.19886
0.06914 0.40174 -0.20139
0.06865 0.39893 -0.20271
0.0689 0.39644 -0.20459
0.06967 0.39508 -0.2073
0.07043 0.39386 -0.20999
0.07081 0.39202 -0.21237
0.08287 0.46527 0.07985
0.07971 0.46514 0.07889
0.08024 0.46735 0.0769
0.08033 0.46947 0.07472
0.08006 0.47131 0.07234
0.07953 0.47318 0.07
0.07917 0.47492 0.06751
0.07928 0.4767 0.06504
0.07963 0.47845 0.06256
0.07968 0.47973 0.0598
0.07968 0.4812 0.05715
0.07948 0.48269 0.05453
0.07945 0.48396 0.05175
0.07968 0.4858 0.04932
0.0796 0.48784 0.0471
0.0794 0.48942 0.0445
0.07978 0.49103 0.04197
0.08078 0.49212 0.03932
0.08147 0.49346 0.03668
0.08142 0.49512 0.03417
0.08111 0.49661 0.03152
0.08143 0.49757 0.02867
0.08222 0.49847 0.02589
0.08278 0.49918 0.02298
0.0836 0.50021 0.02025
0.08473 0.50112 0.01763
0.08588 0.50203 0.01504
0.08657 0.50301 0.01226
0.08652 0.50403 0.00942
0.08596 0.50547 0.00679
0.08584 0.50618 0.00388
0.08641 0.50639 0.00092
0.08678 0.50668 -0.00208
0.08651 0.50671 -0.00508
0.08637 0.50593 -0.008
0.08708 0.50511 -0.01079
0.08861 0.50468 -0.01338
0.09044 0.50475 -0.01584
0.09196 0.5047 -0.01847
0.09258 0.50402 -0.02134
0.09279 0.50339 -0.02428
0.09252 0.50302 -0.02729
0.09176 0.50244 -0.03018
0.09116 0.50221 -0.03317
0.09097 0.50302 -0.03614
0.09086 0.50389 -0.03923
0.09095 0.50341 -0.04259
0.09125 0.50147 -0.04539
0.09157 0.49872 -0.04706
0.09174 0.49608 -0.04852
0.09162 0.49436 -0.05099
0.09151 0.49247 -0.05337
0.09163 0.49071 -0.05585
0.0917 0.48978 -0.05875
0.09216 0.48885 -0.06159
0.0925 0.48799 -0.06452
0.09253 0.48627 -0.06706
0.0922 0.48447 -0.06947
0.09148 0.48319 -0.07215
0.09083 0.48131 -0.07444
0.09007 0.47921 -0.0765
0.08949 0.47814 -0.07933
0.08939 0.47721 -0.08222
0.08934 0.47638 -0.08514
0.08954 0.47565 -0.08808
0.08996 0.4749 -0.09102
0.09056 0.47407 -0.09399
0.09125 0.47167 -0.09601
0.09141 0.47016 -0.09865
0.09104 0.46882 -0.10135
0.09021 0.46755 -0.10399
0.08977 0.46562 -0.10631
0.08959 0.46398 -0.10885
0.089 0.4625 -0.11142
0.08844 0.46103 -0.11401
0.08806 0.45976 -0.11674
0.08755 0.45877 -0.11955
0.08752 0.45729 -0.12221
0.08778 0.45585 -0.12488
0.08764 0.45483 -0.12775
0.08759 0.45334 -0.1304
0.08829 0.45227 -0.13314
0.08926 0.45135 -0.13585
0.08988 0.45111 -0.13906
0.08918 0.44922 -0.14182
0.08813 0.44634 -0.14292
0.0876 0.44384 -0.14455
0.08678 0.44207 -0.14688
0.08509 0.44021 -0.14856
0.08332 0.43848 -0.15031
0.08231 0.4372 -0.15287
0.08185 0.43603 -0.15569
0.0808 0.43392 -0.15775
0.07986 0.43147 -0.15934
0.07916 0.42905 -0.16103
0.07866 0.42674 -0.16293
0.07797 0.4248 -0.16519
0.07706 0.42279 -0.1673
0.07607 0.42091 -0.16943
0.07494 0.41922 -0.17164
0.0741 0.41772 -0.17412
0.0739 0.41624 -0.17677
0.07385 0.41484 -0.17946
0.07436 0.41364 -0.1822
0.07429 0.41261 -0.18506
0.07323 0.41106 -0.1875
0.0719 0.40909 -0.18954
0.0705 0.40738 -0.19169
0.06894 0.40611 -0.19408
0.06749 0.40497 -0.1965
0.06655 0.40343 -0.19889
0.06624 0.40169 -0.20138
0.06584 0.39922 -0.20314
0.06604 0.39666 -0.20486
0.06681 0.39502 -0.20737
0.06756 0.39386 -0.21011
0.07719 0.46781 0.07744
0.07674 0.46586 0.07973
0.07726 0.46991 0.07525
0.07703 0.47188 0.07296
0.07667 0.47419 0.07097
0.07627 0.4758 0.06838
0.07623 0.47722 0.06569
0.07652 0.47884 0.06315
0.07671 0.48043 0.06057
0.07669 0.48187 0.0579
0.07649 0.48341 0.05529
0.07649 0.48479 0.05259
0.07652 0.48618 0.04988
0.07639 0.48799 0.04745
0.07627 0.48991 0.0451
0.07663 0.49145 0.04256
0.07761 0.49257 0.03992
0.07839 0.49415 0.03741
0.07836 0.49588 0.03491
0.07795 0.497 0.03212
0.07826 0.49788 0.02927
0.07905 0.49874 0.02643
0.0796 0.49949 0.02355
0.08037 0.50042 0.0208
0.08152 0.50139 0.01822
0.08265 0.50226 0.0156
0.08338 0.50345 0.01289
0.08332 0.50444 0.01003
0.0827 0.5056 0.00731
0.08261 0.50661 0.00447
0.08317 0.50681 0.00149
0.08353 0.50654 -0.00153
0.08327 0.50646 -0.00454
0.08311 0.50596 -0.0075
0.08381 0.50541 -0.0103
0.08535 0.50442 -0.01274
0.08722 0.5041 -0.01522
0.08876 0.50405 -0.01787
0.08932 0.5038 -0.02079
0.08955 0.50306 -0.0237
0.08929 0.5027 -0.02672
0.08856 0.50201 -0.02959
0.08797 0.50183 -0.03259
0.08763 0.50277 -0.03555
0.08728 0.50324 -0.03882
0.08749 0.5022 -0.04199
0.08783 0.50044 -0.04472
0.0883 0.49788 -0.04659
0.08854 0.49541 -0.04834
0.08843 0.49349 -0.05068
0.0883 0.49188 -0.05325
0.08839 0.49043 -0.0559
0.08849 0.48933 -0.05873
0.08894 0.48846 -0.06159
0.08933 0.48741 -0.06443
0.08936 0.48573 -0.06699
0.08903 0.48396 -0.06941
0.08856 0.48197 -0.07167
0.08779 0.48043 -0.07416
0.08682 0.47911 -0.07666
0.08637 0.47761 -0.07925
0.08629 0.47659 -0.08211
0.08627 0.47568 -0.08501
0.08648 0.47487 -0.08792
0.08685 0.47426 -0.0909
0.08746 0.47312 -0.09367
0.08813 0.47188 -0.09637
0.08831 0.47014 -0.09886
0.08796 0.46845 -0.10134
0.08724 0.46669 -0.10371
0.08671 0.46519 -0.1063
0.08656 0.46341 -0.10877
0.08596 0.46232 -0.11155
0.08541 0.46089 -0.11417
0.08503 0.45965 -0.11691
0.08454 0.45845 -0.11964
0.0845 0.45716 -0.12238
0.08475 0.45571 -0.12503
0.08466 0.45452 -0.12782
0.08459 0.45322 -0.13056
0.0853 0.45202 -0.13325
0.08627 0.4518 -0.13615
0.08665 0.45137 -0.13927
0.08605 0.44941 -0.14173
0.08526 0.44695 -0.14344
0.08476 0.4445 -0.14514
0.08386 0.44251 -0.14721
0.08215 0.44052 -0.14875
0.08061 0.43935 -0.15108
0.07982 0.43855 -0.15395
0.07901 0.43678 -0.15645
0.07789 0.43412 -0.15783
0.07698 0.43167 -0.1594
0.07628 0.42932 -0.16118
0.07583 0.42716 -0.16326
0.07523 0.42545 -0.16572
0.07437 0.42352 -0.16792
0.07332 0.42151 -0.16993
0.07226 0.41998 -0.17228
0.07144 0.41853 -0.1748
0.07127 0.41709 -0.17746
0.07113 0.41541 -0.18
0.07163 0.41413 -0.18271
0.07155 0.41294 -0.18549
0.07047 0.41126 -0.18784
0.06912 0.40941 -0.19
0.06778 0.40789 -0.19233
0.06627 0.40671 -0.19483
0.06484 0.40561 -0.19729
0.06378 0.40386 -0.19947
0.06339 0.40142 -0.20124
0.06296 0.39897 -0.20305
0.06322 0.39695 -0.20534
0.06396 0.39509 -0.20764
0.06473 0.3935 -0.21012
0.07416 0.46829 0.07809
0.07419 0.4703 0.07582
0.07393 0.47217 0.07345
0.07347 0.47423 0.07126
0.07318 0.47615 0.06894
0.07328 0.47796 0.06651
0.07355 0.47953 0.06394
0.0737 0.48103 0.06132
0.07371 0.48259 0.0587
0.07358 0.48431 0.05621
0.07358 0.48571 0.05353
0.07356 0.48705 0.05081
0.07334 0.48868 0.04827
0.07315 0.4904 0.04577
0.07352 0.49198 0.04324
0.0747 0.4936 0.04095
0.07539 0.49497 0.03831
0.07518 0.49617 0.03554
0.07476 0.49712 0.0327
0.07505 0.49795 0.02982
0.07583 0.49873 0.02696
0.0764 0.49965 0.02412
0.07719 0.50073 0.02143
0.07832 0.50164 0.01883
0.07943 0.50237 0.01616
0.08013 0.50342 0.01339
0.08007 0.50448 0.01059
0.07944 0.50552 0.00778
0.07938 0.50701 0.00512
0.07996 0.50726 0.00212
0.08029 0.50673 -0.00087
0.08004 0.50651 -0.00388
0.07988 0.50615 -0.00686
0.08059 0.5054 -0.00962
0.08211 0.50447 -0.01206
0.08397 0.50407 -0.01449
0.08554 0.50372 -0.01708
0.0861 0.50359 -0.02003
0.08631 0.50306 -0.02297
0.08614 0.50214 -0.02587
0.08544 0.5014 -0.02874
0.08492 0.50099 -0.03171
0.08472 0.50125 -0.03477
0.08464 0.50105 -0.03792
0.08508 0.49989 -0.04082
0.08544 0.49826 -0.04339
0.08557 0.49621 -0.04564
0.08551 0.49424 -0.04795
0.08536 0.49244 -0.05038
0.08519 0.49093 -0.05302
0.08521 0.48975 -0.05581
0.08532 0.48863 -0.05863
0.08578 0.48776 -0.06148
0.08615 0.48675 -0.06434
0.08612 0.48532 -0.06708
0.08595 0.48307 -0.06915
0.08549 0.48112 -0.07143
0.08465 0.47992 -0.07409
0.08378 0.47822 -0.07641
0.08331 0.47683 -0.07908
0.08319 0.47602 -0.08201
0.08318 0.47507 -0.0849
0.08342 0.47416 -0.08778
0.08388 0.47322 -0.09063
0.08451 0.47206 -0.09336
0.08508 0.47116 -0.09621
0.08514 0.47005 -0.09908
0.08489 0.468 -0.10133
0.08417 0.46625 -0.10369
0.08366 0.46478 -0.1063
0.08349 0.46324 -0.1089
0.08292 0.46212 -0.11166
0.08237 0.46073 -0.1143
0.08199 0.45958 -0.11708
0.08152 0.45837 -0.1198
0.08149 0.45729 -0.12264
0.08174 0.45582 -0.12529
0.08166 0.45437 -0.12796
0.0816 0.45306 -0.13068
0.0823 0.45187 -0.13337
0.08327 0.45145 -0.13624
0.08361 0.45134 -0.13935
0.08311 0.44985 -0.1421
0.08243 0.44757 -0.14416
0.08192 0.44503 -0.14577
0.08092 0.44278 -0.14748
0.07937 0.4412 -0.1495
0.07782 0.44005 -0.15182
0.07682 0.43879 -0.15445
0.07601 0.43632 -0.15618
0.075 0.4341 -0.15807
0.07416 0.43189 -0.15999
0.07353 0.42968 -0.16195
0.0731 0.42756 -0.16405
0.07243 0.42561 -0.16625
0.07162 0.42384 -0.1686
0.07065 0.42201 -0.17079
0.06962 0.42055 -0.17319
0.06884 0.4192 -0.17577
0.06858 0.41754 -0.1783
0.06847 0.41587 -0.18085
0.06895 0.41451 -0.18351
0.06888 0.41326 -0.18626
0.06783 0.41167 -0.18869
0.06651 0.40987 -0.19094
0.0652 0.40846 -0.19336
0.06364 0.40719 -0.19578
0.06216 0.40621 -0.19834
0.06102 0.40415 -0.2003
0.06056 0.4014 -0.20168
0.06018 0.39922 -0.20381
0.06046 0.39716 -0.20603
0.06123 0.39543 -0.20842
0.06189 0.39323 -0.21042
0.07109 0.46894 0.07821
0.07113 0.47099 0.07599
0.07088 0.47293 0.0737
0.07042 0.47496 0.07148
0.07015 0.47698 0.06921
0.07028 0.47884 0.06682
0.07057 0.48049 0.0643
0.07074 0.48203 0.06168
0.07081 0.48376 0.0592
0.0707 0.48551 0.05676
0.07071 0.48696 0.0541
0.0707 0.48834 0.05141
0.07037 0.48978 0.04877
0.0701 0.49131 0.04616
0.0704 0.49265 0.04344
0.07158 0.49438 0.04121
0.07241 0.49621 0.03887
0.07212 0.49719 0.03598
0.07151 0.49735 0.03292
0.0718 0.49817 0.02999
0.07259 0.49897 0.02714
0.07319 0.50008 0.02437
0.07397 0.50097 0.02159
0.07508 0.50197 0.01901
0.07617 0.50251 0.01627
0.07685 0.50337 0.01344
0.07679 0.50428 0.0106
0.07616 0.50524 0.00771
0.07603 0.50733 0.00528
0.07662 0.50803 0.0022
0.07701 0.50719 -0.00078
0.07677 0.50688 -0.00375
0.0766 0.50673 -0.00681
0.0773 0.50509 -0.00935
0.07884 0.5042 -0.01183
0.0807 0.50392 -0.01424
0.08226 0.50366 -0.01683
0.08281 0.50351 -0.01981
0.08302 0.50298 -0.02278
0.08286 0.5019 -0.02559
0.08221 0.5009 -0.02836
0.08181 0.50006 -0.03125
0.08195 0.49955 -0.03425
0.08251 0.49859 -0.03709
0.08319 0.49734 -0.03977
0.08347 0.49576 -0.04235
0.08308 0.49418 -0.04491
0.08258 0.49285 -0.0476
0.08226 0.49143 -0.05025
0.08207 0.49001 -0.05293
0.08207 0.48894 -0.05577
0.08216 0.48787 -0.05861
0.08269 0.48676 -0.06138
0.08316 0.48553 -0.06411
0.08328 0.48375 -0.06656
0.08302 0.48179 -0.06884
0.08241 0.48027 -0.07141
0.08165 0.47882 -0.07394
0.08072 0.47738 -0.07637
0.08021 0.47621 -0.07914
0.0801 0.47537 -0.08207
0.0801 0.47444 -0.08497
0.08033 0.4736 -0.08789
0.08076 0.47291 -0.09083
0.08142 0.47152 -0.09347
0.08223 0.46987 -0.09591
0.08238 0.46853 -0.09863
0.082 0.46687 -0.10112
0.08118 0.46547 -0.10369
0.08062 0.46428 -0.10644
0.08044 0.46306 -0.10921
0.0799 0.46173 -0.11187
0.07937 0.46027 -0.11448
0.07903 0.45893 -0.11717
0.07854 0.45783 -0.11994
0.07846 0.45707 -0.12291
0.07873 0.45582 -0.12569
0.07868 0.45417 -0.12824
0.07862 0.45289 -0.13099
0.07933 0.45184 -0.13373
0.0803 0.45132 -0.13656
0.08062 0.45134 -0.13965
0.08012 0.45024 -0.14258
0.07952 0.44802 -0.14481
0.07911 0.44555 -0.14658
0.07812 0.44329 -0.14827
0.07648 0.44146 -0.15002
0.07487 0.43996 -0.15211
0.07387 0.43827 -0.15439
0.07313 0.43627 -0.15652
0.07216 0.43422 -0.15861
0.07137 0.4321 -0.16065
0.07078 0.42997 -0.16271
0.07036 0.42785 -0.16481
0.06971 0.42592 -0.16704
0.06895 0.42425 -0.16949
0.06803 0.42255 -0.17179
0.067 0.42108 -0.17419
0.06616 0.41959 -0.17667
0.06584 0.41773 -0.17903
0.06578 0.41618 -0.18168
0.06623 0.41464 -0.18424
0.06618 0.41343 -0.187
0.06516 0.41193 -0.18952
0.0639 0.41029 -0.19193
0.06252 0.40867 -0.1942
0.06091 0.40734 -0.19668
0.05933 0.40547 -0.19852
0.05821 0.40331 -0.20023
0.05783 0.40143 -0.20255
0.05754 0.39952 -0.20491
0.05776 0.39723 -0.20691
0.05853 0.39555 -0.20933
0.06806 0.46981 0.07822
0.06811 0.47193 0.07607
0.06786 0.47386 0.07377
0.06739 0.47588 0.07155
0.06721 0.47812 0.06946
0.06724 0.47971 0.06687
0.06749 0.48119 0.06422
0.06768 0.48283 0.06163
0.06797 0.48511 0.05959
0.06793 0.48703 0.05725
0.06783 0.48826 0.05447
0.06773 0.48948 0.05169
0.06739 0.49091 0.04906
0.06702 0.49222 0.04633
0.06724 0.49331 0.0435
0.06839 0.49476 0.04104
0.06918 0.49683 0.03885
0.06889 0.49757 0.03589
0.06831 0.49795 0.03289
0.06857 0.49866 0.02993
0.06933 0.49929 0.02704
0.06993 0.50021 0.02419
0.07071 0.50125 0.02145
0.07181 0.5018 0.01874
0.07291 0.50261 0.01608
0.07358 0.50326 0.01319
0.07354 0.50401 0.01026
0.07287 0.50541 0.00757
0.07271 0.50675 0.00478
0.07333 0.50703 0.00173
0.07381 0.50641 -0.00123
0.07355 0.50629 -0.00424
0.07326 0.50684 -0.00736
0.07405 0.50548 -0.01014
0.07555 0.50397 -0.01234
0.07749 0.50318 -0.01456
0.07911 0.50272 -0.0171
0.0797 0.50243 -0.02009
0.0797 0.5027 -0.02318
0.07962 0.50147 -0.02601
0.07906 0.49998 -0.02858
0.07877 0.49881 -0.03136
0.07914 0.49783 -0.0342
0.07993 0.49655 -0.03684
0.08064 0.49526 -0.0395
0.08088 0.49363 -0.0421
0.08022 0.49253 -0.0449
0.07955 0.49164 -0.04773
0.07914 0.49052 -0.05052
0.07895 0.48911 -0.0532
0.07902 0.48786 -0.05596
0.07915 0.4867 -0.05876
0.07962 0.48581 -0.06163
0.08024 0.48415 -0.06412
0.08034 0.48243 -0.0666
0.07994 0.48093 -0.0692
0.07936 0.47939 -0.07175
0.07857 0.47816 -0.07439
0.07764 0.47677 -0.07686
0.07716 0.47552 -0.07959
0.07707 0.47465 -0.08251
0.07709 0.47363 -0.08539
0.07729 0.47293 -0.08835
0.0777 0.4722 -0.09128
0.07828 0.47134 -0.09424
0.07922 0.46904 -0.09624
0.07955 0.46716 -0.09864
0.0791 0.46573 -0.10129
0.07822 0.46463 -0.104
0.07766 0.46349 -0.10677
0.07747 0.46243 -0.1096
0.07691 0.4613 -0.11236
0.07641 0.45978 -0.11494
0.07607 0.45846 -0.11765
0.0756 0.45726 -0.12037
0.07559 0.45613 -0.1232
0.07577 0.45532 -0.12615
0.07574 0.45381 -0.12878
0.0757 0.45276 -0.13162
0.07641 0.45182 -0.1344
0.07737 0.45135 -0.13724
0.07766 0.45093 -0.14024
0.07716 0.44937 -0.14281
0.07662 0.44791 -0.1455
0.07629 0.44558 -0.1475
0.07529 0.44328 -0.14911
0.07365 0.4414 -0.15088
0.0721 0.43995 -0.15307
0.07108 0.43811 -0.15521
0.0704 0.43628 -0.1575
0.06947 0.43424 -0.15965
0.06878 0.43226 -0.16188
0.06819 0.43014 -0.16393
0.0677 0.42789 -0.16585
0.06716 0.42616 -0.16828
0.0664 0.42449 -0.17072
0.06554 0.42292 -0.17313
0.06447 0.42138 -0.17548
0.06351 0.41964 -0.17775
0.06324 0.41788 -0.18018
0.06321 0.41633 -0.18286
0.06377 0.41505 -0.18557
0.06366 0.41362 -0.18823
0.06255 0.41181 -0.19055
0.06128 0.41014 -0.19297
0.05987 0.40857 -0.19527
0.05818 0.40656 -0.19708
0.05664 0.40449 -0.19869
0.05549 0.40275 -0.20082
0.05512 0.40069 -0.20301
0.05478 0.39894 -0.2055
0.05508 0.39698 -0.20779
0.05584 0.39553 -0.21038
0.06516 0.47289 0.07666
0.06515 0.47087 0.07891
0.06494 0.47491 0.07443
0.06448 0.47693 0.07222
0.06415 0.4788 0.06984
0.0643 0.4808 0.06752
0.06444 0.48187 0.06463
0.06462 0.48346 0.062
0.0649 0.48575 0.05997
0.06494 0.48804 0.0579
0.06486 0.48926 0.05507
0.06474 0.49042 0.05227
0.06432 0.49162 0.04953
0.06392 0.49289 0.0468
0.0641 0.49389 0.04396
0.06513 0.49473 0.04119
0.06592 0.49651 0.03878
0.06565 0.49768 0.03602
0.06512 0.49848 0.03313
0.06536 0.49922 0.03021
0.0661 0.49983 0.02731
0.06666 0.50062 0.02443
0.06743 0.50133 0.02162
0.06853 0.50191 0.01891
0.06962 0.50245 0.01619
0.0703 0.50295 0.01328
0.07028 0.50357 0.01031
0.06976 0.50428 0.00741
0.06983 0.50501 0.00449
0.07057 0.50504 0.00157
0.07088 0.50487 -0.00145
0.07055 0.50495 -0.00448
0.07006 0.50558 -0.00751
0.07062 0.50576 -0.01065
0.07229 0.50422 -0.01296
0.07418 0.50273 -0.01484
0.0759 0.50172 -0.0172
0.07653 0.50141 -0.02022
0.07676 0.50093 -0.02319
0.07648 0.50044 -0.02613
0.07587 0.49917 -0.02877
0.07569 0.49767 -0.03138
0.07617 0.49641 -0.0341
0.07686 0.49533 -0.03686
0.07747 0.49432 -0.03966
0.07763 0.49279 -0.0423
0.07702 0.49176 -0.0451
0.07637 0.49092 -0.04796
0.07601 0.48964 -0.0507
0.07586 0.48808 -0.0533
0.07592 0.48687 -0.05608
0.07613 0.48551 -0.05879
0.07661 0.4846 -0.06164
0.07709 0.48348 -0.06443
0.0772 0.4818 -0.06695
0.07684 0.48018 -0.06947
0.07626 0.47871 -0.07207
0.07548 0.47751 -0.07473
0.07456 0.4761 -0.0772
0.07409 0.47485 -0.07992
0.07402 0.47386 -0.08281
0.07409 0.47269 -0.08561
0.07443 0.47155 -0.0884
0.0751 0.47028 -0.0911
0.07539 0.4699 -0.09421
0.07626 0.46814 -0.0966
0.07649 0.46666 -0.09924
0.0761 0.46502 -0.10176
0.07526 0.4639 -0.10446
0.07472 0.46269 -0.1072
0.07453 0.46163 -0.11003
0.07394 0.46072 -0.11286
0.0734 0.45964 -0.11566
0.0731 0.45817 -0.11831
0.07268 0.4567 -0.1209
0.07268 0.45549 -0.12369
0.07296 0.4542 -0.12642
0.07284 0.45317 -0.12925
0.07274 0.45267 -0.13224
0.07347 0.4522 -0.13518
0.07446 0.45068 -0.13771
0.07479 0.45 -0.14062
0.07427 0.44893 -0.14337
0.07372 0.44769 -0.14614
0.07346 0.44564 -0.14844
0.07248 0.44326 -0.15002
0.07097 0.44174 -0.15216
0.06928 0.43993 -0.15389
0.06829 0.43815 -0.15611
0.06764 0.43632 -0.15841
0.06687 0.43461 -0.16086
0.06639 0.43288 -0.16339
0.06566 0.43053 -0.1652
0.06513 0.42823 -0.16707
0.06459 0.42647 -0.16947
0.06377 0.42469 -0.17181
0.06287 0.42304 -0.17416
0.06177 0.42143 -0.17642
0.06095 0.42003 -0.17896
0.06067 0.4182 -0.18136
0.06063 0.41664 -0.18399
0.06113 0.41523 -0.18666
0.06096 0.41347 -0.1891
0.05988 0.41183 -0.1915
0.05855 0.40991 -0.19367
0.05709 0.40794 -0.19554
0.05541 0.40602 -0.19731
0.05384 0.40424 -0.19918
0.05271 0.40224 -0.20115
0.05235 0.40004 -0.20323
0.05202 0.39814 -0.2056
0.0523 0.39649 -0.20814
0.05304 0.39474 -0.21052
0.0624 0.474 0.07775
0.06209 0.47587 0.07538
0.06158 0.47785 0.07312
0.06109 0.47923 0.07044
0.06112 0.48076 0.06783
0.06136 0.48224 0.06519
0.06159 0.48405 0.06274
0.06179 0.48604 0.06044
0.06171 0.48794 0.05808
0.06171 0.48959 0.05553
0.06168 0.4911 0.05291
0.06122 0.49217 0.05012
0.06077 0.49323 0.0473
0.06094 0.49424 0.04448
0.06195 0.49509 0.04174
0.06268 0.49628 0.03901
0.06241 0.49757 0.03629
0.06193 0.49884 0.03358
0.06219 0.4997 0.0307
0.06295 0.50041 0.02783
0.06349 0.50115 0.02495
0.06421 0.50182 0.02212
0.06527 0.50187 0.01932
0.06635 0.50224 0.01656
0.06702 0.50273 0.01365
0.067 0.50307 0.01066
0.0666 0.50312 0.00765
0.0668 0.50357 0.00469
0.06746 0.5038 0.00177
0.06774 0.50375 -0.00123
0.06761 0.50342 -0.00424
0.06738 0.50354 -0.00728
0.06766 0.50396 -0.01029
0.06884 0.50448 -0.01321
0.07088 0.50331 -0.01538
0.07254 0.50161 -0.01736
0.07326 0.50081 -0.02023
0.07349 0.5003 -0.0232
0.07319 0.49992 -0.02622
0.07272 0.49825 -0.02872
0.07254 0.4967 -0.0313
0.07299 0.4955 -0.03405
0.07369 0.49444 -0.03681
0.07423 0.49373 -0.03973
0.07434 0.49248 -0.0425
0.07374 0.49147 -0.04529
0.0732 0.49017 -0.04799
0.07285 0.48882 -0.05069
0.07268 0.48736 -0.05334
0.07281 0.48594 -0.05602
0.07297 0.48474 -0.05881
0.07354 0.48362 -0.06155
0.07401 0.48254 -0.06434
0.07406 0.48114 -0.06703
0.07369 0.47964 -0.06963
0.07312 0.47812 -0.0722
0.07234 0.47702 -0.07491
0.07142 0.47568 -0.07742
0.07098 0.4743 -0.08008
0.07097 0.47306 -0.08286
0.07101 0.47203 -0.08571
0.07134 0.47094 -0.08852
0.07208 0.46919 -0.09093
0.07274 0.4682 -0.09377
0.07322 0.46737 -0.09666
0.07344 0.46604 -0.09938
0.07307 0.46445 -0.10193
0.07224 0.46324 -0.10459
0.07176 0.46183 -0.10723
0.07167 0.46049 -0.10996
0.07103 0.45971 -0.11284
0.07048 0.45865 -0.11563
0.07015 0.45738 -0.11837
0.0697 0.45614 -0.12109
0.06975 0.45473 -0.12379
0.07 0.45365 -0.12659
0.06986 0.45275 -0.12945
0.06978 0.45199 -0.13237
0.07037 0.45191 -0.13537
0.07147 0.4508 -0.13806
0.07184 0.44979 -0.14086
0.07132 0.44901 -0.14371
0.07077 0.44796 -0.14659
0.07048 0.44584 -0.14887
0.0696 0.44364 -0.15072
0.068 0.44177 -0.1524
0.06635 0.43996 -0.15415
0.06542 0.43841 -0.15657
0.0649 0.43693 -0.15917
0.06428 0.43551 -0.16182
0.06382 0.43382 -0.16438
0.0632 0.43153 -0.16634
0.06266 0.42917 -0.16816
0.06194 0.42714 -0.17027
0.06108 0.42529 -0.17254
0.06012 0.42347 -0.17474
0.05905 0.42195 -0.17707
0.0583 0.42079 -0.17978
0.05798 0.4188 -0.18208
0.05785 0.41695 -0.18447
0.05829 0.4151 -0.18683
0.05815 0.41332 -0.18925
0.05706 0.41156 -0.1915
0.05574 0.40979 -0.19371
0.05428 0.40782 -0.19555
0.05259 0.40587 -0.19726
0.051 0.4041 -0.19915
0.04987 0.40226 -0.20126
0.04947 0.39997 -0.20326
0.04915 0.39823 -0.20575
0.04944 0.39637 -0.20814
0.05914 0.4766 0.0762
0.0585 0.47824 0.07372
0.05797 0.47938 0.07093
0.05799 0.48083 0.06825
0.05827 0.48256 0.06576
0.05849 0.48425 0.06324
0.05862 0.48585 0.06065
0.05853 0.48759 0.05816
0.05854 0.48958 0.05585
0.0585 0.49117 0.05329
0.05805 0.49232 0.05054
0.05761 0.49357 0.0478
0.05776 0.49451 0.04496
0.05877 0.49536 0.04222
0.05946 0.49638 0.03942
0.05919 0.49755 0.03664
0.0587 0.49879 0.0339
0.05898 0.49986 0.0311
0.05974 0.50059 0.02824
0.06028 0.50122 0.02534
0.06097 0.50181 0.02249
0.06202 0.50198 0.0197
0.06307 0.50217 0.0169
0.06373 0.50249 0.01396
0.06371 0.50277 0.01097
0.06326 0.5029 0.00797
0.0635 0.50304 0.00496
0.06416 0.50337 0.00203
0.06443 0.5034 -0.00098
0.06441 0.50247 -0.00389
0.06443 0.50191 -0.0069
0.06509 0.50169 -0.00986
0.06593 0.50268 -0.01273
0.06745 0.50306 -0.01545
0.0692 0.50198 -0.0178
0.07003 0.50019 -0.02019
0.07028 0.49959 -0.02318
0.07 0.49895 -0.02619
0.06983 0.49669 -0.02833
0.06947 0.49553 -0.03114
0.0698 0.49474 -0.03406
0.07046 0.49381 -0.03688
0.07108 0.4928 -0.03967
0.07116 0.4917 -0.0425
0.0706 0.49053 -0.04524
0.07003 0.48944 -0.04802
0.06966 0.48818 -0.05076
0.06954 0.48653 -0.05331
0.06964 0.48523 -0.05604
0.06981 0.48407 -0.05885
0.07036 0.48304 -0.06164
0.07085 0.48194 -0.06443
0.07089 0.48066 -0.06718
0.07053 0.47917 -0.06978
0.06997 0.47763 -0.07234
0.0692 0.47657 -0.07507
0.06832 0.47508 -0.07749
0.0679 0.47363 -0.08014
0.06787 0.47252 -0.08298
0.06792 0.47144 -0.08583
0.06821 0.47061 -0.08876
0.06889 0.46916 -0.09137
0.06979 0.46708 -0.0935
0.07039 0.46608 -0.09637
0.07054 0.46492 -0.09917
0.07012 0.46351 -0.10181
0.06931 0.46224 -0.10444
0.06886 0.46081 -0.10709
0.06871 0.45973 -0.10993
0.06819 0.45862 -0.1127
0.06769 0.45745 -0.11545
0.06723 0.45662 -0.11832
0.06674 0.45563 -0.12115
0.06681 0.45412 -0.12381
0.0671 0.45284 -0.12654
0.06699 0.45182 -0.1294
0.06691 0.4511 -0.13234
0.06773 0.45018 -0.13514
0.06848 0.45046 -0.1381
0.06887 0.45029 -0.14111
0.06835 0.44951 -0.14402
0.06771 0.44795 -0.14667
0.06748 0.44553 -0.1486
0.06668 0.44317 -0.15026
0.06508 0.44139 -0.15207
0.06342 0.44001 -0.1542
0.06253 0.43899 -0.1569
0.0621 0.43774 -0.15964
0.06151 0.43633 -0.16231
0.06107 0.43468 -0.16488
0.06057 0.43254 -0.16703
0.0601 0.43025 -0.16899
0.05925 0.42797 -0.17078
0.05837 0.42608 -0.173
0.05737 0.42414 -0.17508
0.05629 0.42264 -0.17743
0.05541 0.42111 -0.17987
0.05516 0.41922 -0.18224
0.05505 0.41735 -0.18463
0.05551 0.41547 -0.18696
0.05534 0.41344 -0.18919
0.05426 0.41161 -0.19138
0.05293 0.4098 -0.19353
0.05146 0.40781 -0.19533
0.04976 0.40595 -0.19714
0.04817 0.40435 -0.19919
0.04704 0.40255 -0.20135
0.04666 0.40039 -0.20346
0.04632 0.3985 -0.20583
0.0466 0.39658 -0.20818
0.05606 0.4771 0.07671
0.05537 0.47848 0.07409
0.05488 0.47982 0.07139
0.05489 0.48126 0.06871
0.05516 0.48291 0.06616
0.05535 0.48448 0.06355
0.0555 0.48624 0.06107
0.05541 0.48809 0.05866
0.05537 0.48979 0.05615
0.05532 0.49137 0.05357
0.05488 0.49272 0.05091
0.05445 0.49404 0.04821
0.0546 0.49502 0.04538
0.05556 0.49558 0.04254
0.05624 0.49653 0.0397
0.05595 0.49756 0.03687
0.05546 0.49859 0.03404
0.05574 0.49969 0.03125
0.0565 0.50068 0.02846
0.05703 0.50135 0.02557
0.05772 0.50146 0.02266
0.05876 0.50172 0.01988
0.0598 0.50202 0.01708
0.06044 0.50235 0.01411
0.06039 0.50287 0.01112
0.05996 0.5026 0.00811
0.06018 0.50295 0.00513
0.06089 0.5028 0.00217
0.06114 0.50304 -0.00088
0.0611 0.50197 -0.00378
0.06107 0.50161 -0.0068
0.06174 0.50108 -0.00965
0.06318 0.50079 -0.0123
0.06466 0.50114 -0.01497
0.06596 0.50103 -0.01776
0.0668 0.4995 -0.02029
0.06727 0.49827 -0.02302
0.06716 0.49723 -0.02587
0.06677 0.4954 -0.02831
0.06631 0.49459 -0.03123
0.06662 0.49391 -0.03417
0.0673 0.49294 -0.03698
0.06794 0.49186 -0.03976
0.06801 0.49083 -0.04261
0.06743 0.48978 -0.0454
0.06681 0.48898 -0.04829
0.06647 0.48761 -0.05101
0.06635 0.48591 -0.05354
0.0665 0.48441 -0.05618
0.06665 0.48335 -0.05901
0.06723 0.48226 -0.06176
0.06768 0.48137 -0.06464
0.06774 0.48005 -0.06739
0.06741 0.47848 -0.06996
0.06681 0.47729 -0.0727
0.06607 0.47604 -0.07536
0.06525 0.47432 -0.07769
0.06481 0.47299 -0.08041
0.06478 0.47194 -0.08327
0.06487 0.47073 -0.08605
0.06523 0.46958 -0.08882
0.06585 0.46832 -0.09155
0.06677 0.46632 -0.09372
0.06744 0.46503 -0.09643
0.06758 0.46395 -0.09927
0.06715 0.46264 -0.10196
0.06642 0.46115 -0.10451
0.06592 0.45992 -0.10725
0.06579 0.4588 -0.11007
0.06531 0.45763 -0.11282
0.06483 0.45642 -0.11556
0.06426 0.45596 -0.11853
0.06369 0.45535 -0.12154
0.06382 0.45369 -0.12416
0.06415 0.45228 -0.12683
0.06406 0.45126 -0.12969
0.06415 0.44989 -0.1324
0.06482 0.44944 -0.13529
0.06553 0.44982 -0.13822
0.06573 0.45053 -0.1413
0.06516 0.44971 -0.14442
0.06468 0.44732 -0.14666
0.06467 0.44461 -0.14818
0.06382 0.44246 -0.15004
0.06217 0.44093 -0.15205
0.06051 0.43965 -0.15425
0.05959 0.43871 -0.15699
0.05916 0.43782 -0.15986
0.05866 0.43704 -0.16286
0.05823 0.43536 -0.16552
0.05774 0.43322 -0.16776
0.05723 0.43069 -0.1694
0.05642 0.42834 -0.17111
0.05553 0.42641 -0.17329
0.05456 0.42452 -0.17543
0.05349 0.42305 -0.17781
0.05256 0.42121 -0.18003
0.05234 0.41947 -0.18251
0.05226 0.41767 -0.18497
0.05271 0.41564 -0.18718
0.05255 0.41356 -0.18935
0.05146 0.4117 -0.19152
0.05013 0.40978 -0.19363
0.04864 0.40771 -0.19536
0.04693 0.40599 -0.19736
0.04535 0.4044 -0.19942
0.0442 0.40252 -0.20147
0.04383 0.40054 -0.20376
0.04348 0.39859 -0.20607
0.04376 0.39642 -0.2082
0.05303 0.47773 0.0773
0.0523 0.47897 0.0746
0.05178 0.48022 0.07185
0.05184 0.48187 0.06929
0.05208 0.4834 0.06667
0.05225 0.48492 0.06403
0.05239 0.48662 0.06151
0.05227 0.48836 0.05903
0.05222 0.49005 0.0565
0.0522 0.49192 0.0541
0.05177 0.49335 0.05146
0.05127 0.49428 0.04859
0.05139 0.49515 0.04574
0.05237 0.49592 0.04298
0.05303 0.49683 0.04011
0.05272 0.49769 0.03724
0.05223 0.49839 0.03432
0.05254 0.4992 0.03144
0.05332 0.50016 0.02862
0.05378 0.50116 0.0258
0.05446 0.50141 0.02288
0.05552 0.50147 0.02009
0.05654 0.50175 0.01728
0.05716 0.50212 0.0143
0.05709 0.50276 0.01133
0.05666 0.50248 0.00832
0.05689 0.50256 0.00534
0.05757 0.50279 0.00237
0.0579 0.50237 -0.00064
0.05778 0.50194 -0.00363
0.05776 0.50152 -0.00662
0.05841 0.50093 -0.00945
0.05987 0.50034 -0.012
0.06164 0.49982 -0.01444
0.06301 0.4996 -0.01719
0.0638 0.49813 -0.01974
0.0643 0.49688 -0.02248
0.06434 0.49555 -0.02523
0.06354 0.4947 -0.02806
0.06301 0.49422 -0.03104
0.06342 0.4932 -0.03388
0.06408 0.49231 -0.03671
0.06472 0.49127 -0.03953
0.06478 0.49037 -0.04243
0.06419 0.4895 -0.04527
0.0636 0.48855 -0.04811
0.06324 0.48733 -0.05089
0.06312 0.48562 -0.05341
0.06329 0.48396 -0.05597
0.06353 0.48256 -0.05862
0.0641 0.48153 -0.06137
0.06456 0.48064 -0.06426
0.06462 0.47939 -0.06705
0.06424 0.47802 -0.06973
0.06367 0.47674 -0.07243
0.06297 0.47537 -0.07503
0.0621 0.47393 -0.07752
0.06168 0.47256 -0.08022
0.06166 0.47149 -0.08306
0.06177 0.47023 -0.08581
0.06223 0.46873 -0.08836
0.06301 0.46705 -0.09079
0.0637 0.46576 -0.09347
0.06437 0.46448 -0.09616
0.0646 0.46313 -0.09889
0.06412 0.46198 -0.10166
0.06344 0.46041 -0.10418
0.06297 0.45913 -0.10688
0.06276 0.45829 -0.10983
0.06248 0.45652 -0.11234
0.06194 0.45556 -0.11518
0.06147 0.4548 -0.11809
0.0608 0.45422 -0.12105
0.06095 0.45274 -0.12375
0.06121 0.45169 -0.12658
0.06106 0.45089 -0.12952
0.06116 0.44957 -0.13224
0.06196 0.44858 -0.13496
0.06281 0.44855 -0.13791
0.06274 0.44949 -0.14099
0.06208 0.44866 -0.14409
0.06204 0.44591 -0.146
0.06191 0.44356 -0.14791
0.06094 0.44179 -0.15009
0.05927 0.44041 -0.15219
0.05761 0.43923 -0.15445
0.05672 0.43812 -0.15712
0.05625 0.4375 -0.16006
0.05565 0.43697 -0.16317
0.05523 0.43502 -0.1657
0.05481 0.43261 -0.16758
0.05438 0.43011 -0.16921
0.05358 0.42807 -0.17131
0.05269 0.42624 -0.1736
0.05176 0.42461 -0.17596
0.05067 0.42309 -0.17829
0.04973 0.42133 -0.18057
0.04958 0.4197 -0.18314
0.04957 0.41805 -0.18574
0.04999 0.41588 -0.18784
0.04979 0.41364 -0.18984
0.04869 0.41168 -0.19193
0.04733 0.40956 -0.19384
0.04583 0.40761 -0.19571
0.04414 0.40599 -0.19781
0.04255 0.40441 -0.19987
0.04139 0.40245 -0.20184
0.04102 0.40058 -0.20422
0.04065 0.39837 -0.2063
0.04093 0.39612 -0.20834
0.04988 0.47796 0.07755
0.0492 0.47938 0.07495
0.04873 0.48087 0.07231
0.04876 0.48244 0.06971
0.04901 0.48401 0.06712
0.04919 0.48556 0.0645
0.04927 0.48705 0.06185
0.04912 0.48868 0.0593
0.04905 0.49023 0.05669
0.04899 0.4919 0.05416
0.04857 0.49347 0.05161
0.04809 0.49462 0.04883
0.04821 0.49567 0.04603
0.04915 0.49616 0.04319
0.04981 0.49693 0.04031
0.04949 0.49779 0.03744
0.049 0.49809 0.03445
0.04932 0.49873 0.0315
0.0502 0.49922 0.02859
0.05073 0.49999 0.0257
0.05124 0.50094 0.02287
0.05228 0.50107 0.02004
0.05327 0.50145 0.01722
0.05387 0.50189 0.01427
0.05381 0.50231 0.01134
0.05334 0.50237 0.0083
0.05357 0.50257 0.00528
0.05427 0.50248 0.00234
0.05459 0.50239 -0.00066
0.05448 0.50209 -0.00367
0.05446 0.50174 -0.00669
0.05512 0.50122 -0.00959
0.05656 0.50045 -0.01213
0.05832 0.49953 -0.01441
0.05985 0.49875 -0.01692
0.06048 0.4977 -0.01971
0.06108 0.49607 -0.02221
0.06111 0.49482 -0.02498
0.0604 0.49377 -0.02773
0.05995 0.49303 -0.03065
0.06028 0.49227 -0.03357
0.0609 0.49158 -0.03647
0.0615 0.49067 -0.03931
0.06151 0.49026 -0.04233
0.06093 0.48958 -0.04523
0.06034 0.48871 -0.04812
0.05996 0.48755 -0.05097
0.05983 0.48588 -0.05357
0.06003 0.48388 -0.05588
0.06029 0.48228 -0.05839
0.06091 0.4811 -0.06107
0.06144 0.47997 -0.06384
0.0615 0.47878 -0.06663
0.06106 0.47777 -0.06946
0.06054 0.47627 -0.07206
0.05987 0.47482 -0.07462
0.05905 0.47324 -0.07705
0.0586 0.472 -0.07979
0.05861 0.47084 -0.0826
0.05865 0.46985 -0.08549
0.05906 0.46859 -0.08824
0.05987 0.46677 -0.09058
0.06063 0.46524 -0.0931
0.06138 0.46375 -0.09565
0.06163 0.46239 -0.09836
0.06123 0.46103 -0.10103
0.06054 0.45953 -0.10358
0.06007 0.45828 -0.10634
0.0599 0.45733 -0.10922
0.0595 0.45603 -0.11192
0.05904 0.45479 -0.11467
0.05872 0.45366 -0.11746
0.05822 0.45278 -0.12032
0.0581 0.4519 -0.12323
0.05838 0.4508 -0.12605
0.05823 0.45 -0.12898
0.05819 0.44934 -0.13195
0.05899 0.44826 -0.13465
0.06002 0.44756 -0.13744
0.06033 0.44765 -0.14049
0.05992 0.44651 -0.14324
0.05958 0.44429 -0.14537
0.05908 0.44266 -0.14785
0.05806 0.4411 -0.15015
0.05635 0.44001 -0.15238
0.0547 0.43882 -0.15463
0.05386 0.43756 -0.15726
0.05336 0.437 -0.16022
0.05277 0.43609 -0.16321
0.0525 0.43392 -0.16549
0.05213 0.43155 -0.16734
0.05159 0.42955 -0.1695
0.05079 0.42782 -0.17183
0.04991 0.42613 -0.17424
0.049 0.42469 -0.17672
0.04808 0.42362 -0.17936
0.04729 0.42215 -0.18188
0.04702 0.42026 -0.18424
0.04682 0.41815 -0.18645
0.04729 0.41607 -0.18864
0.04707 0.41372 -0.19048
0.04592 0.41156 -0.19234
0.04455 0.40945 -0.19427
0.04306 0.40763 -0.19628
0.04137 0.40603 -0.19842
0.03976 0.40436 -0.20039
0.03862 0.40255 -0.20249
0.03821 0.40033 -0.20455
0.03782 0.39799 -0.2065
0.04683 0.4786 0.07722
0.04618 0.4802 0.07468
0.04576 0.4819 0.07216
0.04581 0.4835 0.06957
0.04604 0.48502 0.06694
0.04615 0.48629 0.06418
0.04623 0.48781 0.06155
0.04604 0.48922 0.05889
0.04594 0.49074 0.05627
0.04587 0.49231 0.05367
0.04543 0.49378 0.05104
0.04498 0.49537 0.04845
0.04514 0.49664 0.04573
0.04599 0.49684 0.04283
0.04661 0.49702 0.03986
0.04632 0.49746 0.03692
0.04584 0.49769 0.03389
0.04614 0.49832 0.0309
0.04705 0.49857 0.02799
0.04761 0.49921 0.02504
0.04815 0.50011 0.02217
0.04912 0.50058 0.01936
0.05011 0.50095 0.01651
0.0507 0.50145 0.01355
0.05058 0.50213 0.01066
0.05009 0.50267 0.00766
0.05033 0.50292 0.00463
0.05103 0.50281 0.00169
0.05136 0.50259 -0.00131
0.05125 0.50207 -0.00429
0.05123 0.50163 -0.00731
0.05188 0.5015 -0.01032
0.05335 0.50062 -0.01291
0.05509 0.49913 -0.01493
0.05667 0.49783 -0.01716
0.05721 0.49699 -0.02008
0.05783 0.49541 -0.02262
0.05808 0.49356 -0.02507
0.05739 0.49241 -0.02783
0.05687 0.4919 -0.03079
0.05702 0.49179 -0.03385
0.0576 0.49144 -0.03687
0.05829 0.49005 -0.03958
0.05824 0.48997 -0.04266
0.05761 0.48965 -0.04565
0.05703 0.48858 -0.04857
0.05668 0.48702 -0.05125
0.05659 0.48519 -0.05376
0.05684 0.4831 -0.05597
0.05726 0.48109 -0.05821
0.05778 0.4802 -0.06106
0.05831 0.4792 -0.06388
0.05842 0.47787 -0.06662
0.05795 0.47693 -0.06946
0.05742 0.47554 -0.07214
0.05685 0.47381 -0.07456
0.05605 0.4722 -0.07696
0.05559 0.47104 -0.07976
0.05561 0.46987 -0.08258
0.05572 0.46871 -0.0854
0.05612 0.46745 -0.08815
0.05685 0.46596 -0.0907
0.05761 0.46448 -0.09326
0.05835 0.46303 -0.09583
0.0586 0.46167 -0.09854
0.05829 0.46008 -0.10109
0.05757 0.45868 -0.1037
0.05713 0.45736 -0.10644
0.05701 0.45636 -0.10931
0.05654 0.45534 -0.11212
0.05608 0.45416 -0.11489
0.05574 0.45311 -0.1177
0.05534 0.45191 -0.12045
0.05526 0.45097 -0.12335
0.05548 0.45004 -0.12624
0.05535 0.4492 -0.12915
0.0553 0.44856 -0.13214
0.05603 0.44803 -0.13503
0.05708 0.44704 -0.13771
0.05778 0.4461 -0.14048
0.05761 0.44459 -0.143
0.05685 0.44305 -0.14552
0.05628 0.44167 -0.1481
0.05519 0.4405 -0.15053
0.05349 0.43942 -0.15277
0.05191 0.43797 -0.15496
0.05108 0.43672 -0.15762
0.05066 0.4359 -0.16052
0.05023 0.43462 -0.16336
0.05004 0.43236 -0.16548
0.04949 0.43049 -0.16777
0.04891 0.42893 -0.17024
0.04811 0.4274 -0.17271
0.0473 0.42616 -0.17542
0.04664 0.42533 -0.17824
0.04592 0.42448 -0.18103
0.04521 0.42305 -0.18367
0.0446 0.42077 -0.18564
0.0442 0.41833 -0.18751
0.04457 0.41595 -0.18937
0.04439 0.41369 -0.19131
0.04322 0.41149 -0.1931
0.04186 0.40943 -0.19512
0.04038 0.40768 -0.1972
0.03866 0.40601 -0.19924
0.03709 0.40447 -0.20136
0.0359 0.4025 -0.20333
0.03542 0.39997 -0.205
0.03503 0.39769 -0.20704
0.04422 0.47722 0.07866
0.04385 0.47907 0.07627
0.04322 0.48099 0.07397
0.0428 0.48273 0.07148
0.04286 0.48441 0.06892
0.04312 0.48614 0.06641
0.0432 0.4872 0.06353
0.04324 0.48849 0.06076
0.04305 0.49 0.05815
0.04295 0.49157 0.05556
0.04286 0.49309 0.05291
0.04242 0.49456 0.05025
0.042 0.49661 0.04792
0.04219 0.49822 0.04517
0.043 0.49782 0.04208
0.04353 0.49745 0.03908
0.04319 0.49743 0.03607
0.0427 0.49758 0.033
0.04304 0.49796 0.02999
0.04393 0.49828 0.02709
0.0445 0.4988 0.02411
0.04505 0.49965 0.02122
0.04604 0.50004 0.01838
0.04703 0.50038 0.01551
0.04756 0.50105 0.01253
0.04738 0.50196 0.00967
0.0469 0.50311 0.00684
0.04714 0.5033 0.00383
0.04786 0.50335 0.00087
0.04816 0.50267 -0.00209
0.04803 0.50202 -0.00507
0.048 0.50142 -0.00805
0.04865 0.50096 -0.01101
0.05009 0.50043 -0.01377
0.0519 0.49891 -0.01585
0.05352 0.49689 -0.01752
0.0545 0.4949 -0.01966
0.0552 0.49325 -0.02221
0.05509 0.49214 -0.02514
0.05427 0.49137 -0.028
0.05375 0.49087 -0.03096
0.05402 0.49041 -0.03396
0.05443 0.49033 -0.03702
0.05517 0.48919 -0.03981
0.05501 0.48916 -0.04292
0.05437 0.48861 -0.04589
0.05378 0.4875 -0.0488
0.05353 0.48578 -0.05143
0.05359 0.48368 -0.05375
0.05399 0.48147 -0.05582
0.05438 0.47959 -0.0582
0.05495 0.47858 -0.06102
0.0554 0.47776 -0.06393
0.05541 0.47676 -0.0668
0.05502 0.47563 -0.06959
0.05452 0.47415 -0.07221
0.05386 0.47274 -0.07481
0.053 0.47144 -0.07739
0.05258 0.47014 -0.08012
0.05262 0.46892 -0.08292
0.05284 0.46743 -0.08559
0.05327 0.46613 -0.08833
0.05394 0.46483 -0.091
0.05467 0.46347 -0.09363
0.05541 0.46206 -0.09624
0.05569 0.46064 -0.09892
0.05536 0.45916 -0.10155
0.05466 0.45773 -0.10417
0.05422 0.45646 -0.10693
0.05411 0.4555 -0.10982
0.05368 0.45441 -0.11263
0.0532 0.45338 -0.11545
0.05287 0.45228 -0.11826
0.05249 0.45104 -0.121
0.05243 0.45008 -0.1239
0.05265 0.44916 -0.1268
0.05253 0.44834 -0.12971
0.05233 0.44829 -0.13278
0.05305 0.44819 -0.13587
0.05419 0.44666 -0.1384
0.05504 0.44494 -0.14077
0.05479 0.44361 -0.14338
0.05401 0.44221 -0.14599
0.05343 0.44101 -0.14865
0.05233 0.43997 -0.15113
0.0507 0.43865 -0.15329
0.04914 0.43716 -0.15553
0.0484 0.43562 -0.15808
0.04814 0.43442 -0.16088
0.04781 0.43295 -0.16356
0.04736 0.43154 -0.16622
0.04683 0.42999 -0.16875
0.04627 0.4285 -0.17128
0.04552 0.42725 -0.17393
0.04489 0.42662 -0.1769
0.04452 0.42633 -0.17992
0.04378 0.42541 -0.18276
0.04277 0.42359 -0.18509
0.04216 0.42128 -0.18703
0.04168 0.41875 -0.18874
0.04191 0.41612 -0.19028
0.04166 0.41366 -0.19197
0.04051 0.41151 -0.19385
0.03918 0.40957 -0.19597
0.03772 0.40791 -0.19813
0.03601 0.40637 -0.20025
0.03432 0.40456 -0.20208
0.03307 0.40222 -0.20362
0.0326 0.39973 -0.20538
0.03225 0.3977 -0.20767
0.04114 0.47762 0.07817
0.04076 0.47945 0.07576
0.04013 0.48127 0.07337
0.03971 0.48309 0.07095
0.03978 0.48482 0.06843
0.04002 0.48646 0.06587
0.04012 0.48766 0.06306
0.04015 0.48901 0.0603
0.03996 0.49056 0.0577
0.03985 0.49195 0.05499
0.03975 0.49335 0.05228
0.03935 0.49465 0.04954
0.03892 0.49625 0.04693
0.03902 0.49757 0.04413
0.0399 0.49776 0.04115
0.04046 0.49732 0.03817
0.04014 0.49703 0.03515
0.03965 0.49717 0.03207
0.03998 0.49752 0.02905
0.04091 0.49767 0.02613
0.04145 0.49826 0.02314
0.04204 0.49889 0.0202
0.04299 0.49938 0.01735
0.04388 0.49993 0.01445
0.04428 0.50111 0.01157
0.04421 0.50303 0.00919
0.0439 0.50459 0.00641
0.04394 0.50403 0.00331
0.04457 0.50341 0.00038
0.04491 0.50219 -0.00242
0.04487 0.50108 -0.00526
0.04461 0.501 -0.00835
0.0453 0.50055 -0.01133
0.04681 0.49974 -0.01398
0.04859 0.49868 -0.0164
0.05026 0.49663 -0.01811
0.05123 0.49418 -0.01973
0.05201 0.49215 -0.02198
0.05195 0.4911 -0.02495
0.05115 0.49032 -0.02782
0.0506 0.48994 -0.03081
0.05097 0.4892 -0.03374
0.05163 0.48858 -0.03666
0.05226 0.48776 -0.03956
0.05194 0.4878 -0.04268
0.05149 0.48684 -0.0456
0.05087 0.4857 -0.04847
0.05076 0.48389 -0.05105
0.05092 0.48178 -0.05333
0.05137 0.47954 -0.05543
0.05141 0.47829 -0.05825
0.05193 0.47743 -0.06112
0.05241 0.47657 -0.06401
0.05242 0.47562 -0.06691
0.05199 0.4746 -0.06975
0.05142 0.47344 -0.07252
0.05078 0.47203 -0.07513
0.04996 0.47056 -0.07765
0.04954 0.46935 -0.08044
0.04963 0.46793 -0.08315
0.04985 0.46644 -0.08581
0.05029 0.46513 -0.08853
0.05097 0.46382 -0.09122
0.05173 0.4624 -0.09382
0.05247 0.46103 -0.09645
0.05274 0.45969 -0.09919
0.05236 0.45845 -0.10195
0.05167 0.45711 -0.10461
0.05125 0.45577 -0.10733
0.05117 0.45471 -0.1102
0.05075 0.45365 -0.11302
0.05024 0.45273 -0.1159
0.04998 0.45144 -0.11866
0.04964 0.45011 -0.12138
0.04961 0.44905 -0.12425
0.04981 0.44824 -0.12719
0.04977 0.44719 -0.13006
0.04963 0.44689 -0.13309
0.0501 0.44711 -0.13616
0.05119 0.44641 -0.13911
0.05215 0.44441 -0.14133
0.05192 0.44294 -0.1439
0.05113 0.44172 -0.14659
0.05058 0.4404 -0.14922
0.04952 0.4393 -0.15171
0.0479 0.43791 -0.15384
0.04634 0.43642 -0.15607
0.04559 0.43486 -0.15863
0.04535 0.43375 -0.16148
0.045 0.43251 -0.16429
0.04463 0.43136 -0.16712
0.0441 0.42967 -0.16959
0.04359 0.42834 -0.17225
0.0429 0.42737 -0.17505
0.04236 0.42715 -0.17808
0.04205 0.42719 -0.18117
0.04123 0.42608 -0.18395
0.04022 0.42422 -0.18625
0.03961 0.42188 -0.18815
0.03921 0.41943 -0.18997
0.03929 0.41661 -0.19118
0.03888 0.41384 -0.19238
0.03779 0.41182 -0.19444
0.03648 0.40997 -0.19663
0.03496 0.40826 -0.19869
0.03315 0.40642 -0.20043
0.03146 0.40436 -0.20196
0.03024 0.40226 -0.20385
0.02981 0.40009 -0.20597
0.038 0.47797 0.07822
0.03761 0.47969 0.07572
0.03697 0.48151 0.07333
0.03654 0.48322 0.07084
0.03659 0.48474 0.06818
0.03684 0.48645 0.06565
0.03695 0.48795 0.063
0.03701 0.48949 0.06035
0.03681 0.49095 0.0577
0.03667 0.49202 0.05485
0.03659 0.49308 0.05199
0.03626 0.49399 0.0491
0.03605 0.49497 0.04621
0.03617 0.49617 0.04339
0.03695 0.49657 0.04045
0.0374 0.49663 0.03743
0.03703 0.49653 0.03442
0.03661 0.49632 0.03135
0.03696 0.49654 0.02831
0.03781 0.49699 0.0254
0.03836 0.49754 0.02242
0.03899 0.49798 0.01944
0.03986 0.49873 0.01658
0.04062 0.49991 0.01381
0.04105 0.50201 0.01153
0.04109 0.50453 0.00948
0.04061 0.50603 0.00635
0.04067 0.50498 0.00305
0.04128 0.50301 0.00059
0.04196 0.50083 -0.00155
0.04234 0.49914 -0.0042
0.042 0.49892 -0.00744
0.04218 0.49906 -0.01054
0.04339 0.49893 -0.01351
0.04508 0.49831 -0.0162
0.04692 0.49636 -0.01807
0.04792 0.49404 -0.01982
0.04867 0.4919 -0.02187
0.04878 0.49027 -0.0245
0.04806 0.48929 -0.02734
0.0476 0.48865 -0.03029
0.04789 0.48813 -0.03327
0.04865 0.4873 -0.03611
0.04935 0.48633 -0.03895
0.04973 0.4853 -0.04182
0.04934 0.48441 -0.04474
0.04894 0.48309 -0.04747
0.04877 0.48136 -0.04998
0.04856 0.47962 -0.05249
0.04844 0.47812 -0.05517
0.04834 0.47725 -0.05812
0.04883 0.47654 -0.06103
0.04936 0.47557 -0.06389
0.04938 0.47456 -0.06678
0.04894 0.47364 -0.06966
0.04833 0.4726 -0.07247
0.04772 0.47117 -0.0751
0.04684 0.47 -0.07776
0.04646 0.4686 -0.08046
0.04654 0.46727 -0.08322
0.04679 0.46568 -0.08583
0.04727 0.46428 -0.0885
0.04795 0.463 -0.09122
0.04868 0.46167 -0.09388
0.04939 0.46049 -0.09661
0.04966 0.45923 -0.09939
0.04931 0.45793 -0.10213
0.04862 0.45659 -0.1048
0.04821 0.45528 -0.10753
0.04815 0.45416 -0.11038
0.0478 0.45283 -0.11311
0.04742 0.45155 -0.11586
0.0471 0.45049 -0.1187
0.04669 0.44943 -0.12153
0.04668 0.44831 -0.12439
0.04693 0.44734 -0.12727
0.04693 0.44619 -0.13011
0.04731 0.44484 -0.1329
0.04786 0.44493 -0.13593
0.04836 0.44508 -0.13903
0.04923 0.44376 -0.14169
0.04903 0.4423 -0.1443
0.04825 0.44104 -0.14697
0.04769 0.43997 -0.14975
0.04666 0.43877 -0.15222
0.04504 0.43741 -0.15434
0.04347 0.43611 -0.15666
0.04271 0.43485 -0.15938
0.04255 0.43392 -0.16231
0.04226 0.43288 -0.16523
0.04182 0.4312 -0.16778
0.04132 0.42958 -0.1703
0.04083 0.42819 -0.17295
0.04016 0.42732 -0.17581
0.03964 0.42739 -0.17887
0.03929 0.42761 -0.18192
0.03863 0.4269 -0.18486
0.03769 0.42508 -0.18725
0.03715 0.42279 -0.18928
0.03659 0.42017 -0.19084
0.03659 0.41723 -0.19174
0.03618 0.41444 -0.19289
0.03509 0.41241 -0.19494
0.0337 0.41038 -0.19689
0.03211 0.40833 -0.19855
0.0303 0.40644 -0.20021
0.02864 0.40467 -0.20209
0.02739 0.40245 -0.20384
0.02695 0.40017 -0.20585
0.03489 0.4784 0.0782
0.0345 0.48019 0.07575
0.03386 0.48202 0.07336
0.03344 0.48385 0.07092
0.03349 0.4855 0.06833
0.03374 0.48717 0.06578
0.03384 0.4886 0.06309
0.0339 0.49009 0.06042
0.03365 0.49125 0.05764
0.03349 0.49211 0.05471
0.0334 0.49296 0.05178
0.03317 0.49322 0.04874
0.03314 0.49364 0.04568
0.03336 0.49467 0.04278
0.03395 0.4955 0.0399
0.0343 0.49592 0.03689
0.03391 0.49591 0.03388
0.03347 0.49565 0.03082
0.03383 0.49582 0.02778
0.0347 0.49622 0.02485
0.03526 0.49668 0.02186
0.03589 0.49715 0.0189
0.03674 0.49802 0.01608
0.03742 0.49971 0.01359
0.03775 0.50216 0.01165
0.03753 0.50461 0.00946
0.0369 0.50573 0.00617
0.03707 0.50516 0.00264
0.03796 0.50279 0.0003
0.03874 0.50015 -0.0013
0.03958 0.49759 -0.0031
0.04044 0.49605 -0.00593
0.04089 0.49603 -0.0091
0.04138 0.49634 -0.01216
0.04242 0.49624 -0.01509
0.04358 0.49533 -0.0179
0.04461 0.49325 -0.02
0.04557 0.49087 -0.02175
0.04584 0.48882 -0.02415
0.04498 0.48814 -0.02711
0.04448 0.4876 -0.03008
0.04475 0.48719 -0.03308
0.04551 0.48633 -0.03591
0.04625 0.48523 -0.03867
0.0467 0.48398 -0.04145
0.04658 0.48268 -0.04421
0.04632 0.48118 -0.04687
0.04598 0.47965 -0.04951
0.04559 0.47822 -0.05221
0.0453 0.47724 -0.05509
0.04527 0.47622 -0.05798
0.04577 0.4755 -0.06092
0.04626 0.47469 -0.06383
0.04629 0.47371 -0.06673
0.04591 0.47261 -0.06954
0.04535 0.47148 -0.07234
0.04462 0.47046 -0.07511
0.04374 0.46934 -0.07779
0.04337 0.46797 -0.08053
0.04347 0.46657 -0.08327
0.04369 0.46514 -0.08599
0.04421 0.46356 -0.08857
0.04493 0.46217 -0.09122
0.04565 0.46089 -0.09392
0.04633 0.45991 -0.09676
0.0466 0.45868 -0.09955
0.04625 0.45744 -0.10233
0.04563 0.45581 -0.10486
0.04523 0.4545 -0.10761
0.04521 0.45325 -0.11042
0.04494 0.45178 -0.11309
0.04456 0.45057 -0.11587
0.04424 0.44949 -0.1187
0.0438 0.44854 -0.12156
0.0438 0.44741 -0.12443
0.04402 0.44659 -0.12738
0.044 0.44558 -0.13027
0.04428 0.44429 -0.13305
0.04525 0.4433 -0.13584
0.04594 0.44324 -0.13885
0.04648 0.44256 -0.14176
0.04619 0.4414 -0.14451
0.04536 0.44042 -0.14729
0.04478 0.43951 -0.15012
0.04377 0.43838 -0.15264
0.04215 0.43709 -0.15484
0.04063 0.4363 -0.15744
0.04007 0.4357 -0.16041
0.03994 0.43474 -0.16334
0.03949 0.43332 -0.16616
0.03896 0.43095 -0.16815
0.03848 0.4294 -0.17072
0.03801 0.42803 -0.1734
0.03736 0.42732 -0.17632
0.03684 0.42756 -0.17938
0.03648 0.42786 -0.1824
0.03594 0.42781 -0.18548
0.03526 0.42637 -0.18836
0.03458 0.42378 -0.1902
0.03386 0.4209 -0.19121
0.03391 0.41799 -0.19217
0.03356 0.41526 -0.19349
0.0324 0.41308 -0.19533
0.03092 0.4108 -0.19692
0.02934 0.40886 -0.19873
0.0276 0.40721 -0.20072
0.02587 0.40524 -0.20234
0.02458 0.40285 -0.20381
0.02413 0.40055 -0.20582
0.03179 0.47883 0.07861
0.0314 0.48062 0.07615
0.0308 0.48262 0.07388
0.03033 0.48419 0.07128
0.03051 0.4863 0.06907
0.03086 0.48827 0.06671
0.03091 0.48959 0.06387
0.0308 0.49047 0.06089
0.03051 0.49142 0.058
0.03032 0.49209 0.05502
0.03024 0.49254 0.05201
0.03001 0.49261 0.04898
0.03004 0.49263 0.04592
0.03035 0.4935 0.043
0.03088 0.49451 0.0401
0.03125 0.49484 0.03701
0.03088 0.49474 0.034
0.03041 0.49456 0.031
0.03078 0.49477 0.02807
0.03159 0.4953 0.02509
0.03219 0.49563 0.02212
0.03287 0.49595 0.01922
0.03376 0.49677 0.01645
0.03456 0.49823 0.01384
0.03478 0.50074 0.01177
0.03427 0.50318 0.00945
0.03349 0.50421 0.00619
0.03367 0.50359 0.00268
0.03464 0.50168 -5e-05
0.03564 0.49897 -0.00157
0.0365 0.49631 -0.00307
0.03749 0.49432 -0.00542
0.03857 0.49359 -0.0083
0.03981 0.49346 -0.01111
0.04086 0.4934 -0.01399
0.04182 0.49253 -0.01675
0.04255 0.49062 -0.01905
0.04302 0.4887 -0.0215
0.04276 0.48761 -0.02445
0.04187 0.48707 -0.02737
0.04137 0.4866 -0.03037
0.04161 0.48624 -0.03338
0.04234 0.48544 -0.03622
0.04307 0.48436 -0.03898
0.04354 0.48304 -0.04171
0.04354 0.48144 -0.04431
0.04329 0.4799 -0.04697
0.04288 0.47853 -0.04969
0.04248 0.47725 -0.05246
0.04219 0.47634 -0.05537
0.04218 0.47528 -0.05825
0.04275 0.47437 -0.0611
0.04328 0.47348 -0.06399
0.04328 0.47261 -0.06693
0.04288 0.47161 -0.06979
0.04235 0.47041 -0.07255
0.0416 0.46947 -0.07536
0.04075 0.46827 -0.07802
0.04035 0.46703 -0.08083
0.04046 0.46566 -0.0836
0.04074 0.46406 -0.08622
0.04126 0.46252 -0.08882
0.04193 0.4613 -0.09157
0.04266 0.46007 -0.09429
0.04336 0.45901 -0.09708
0.04365 0.45775 -0.09986
0.04331 0.45644 -0.1026
0.04265 0.45504 -0.10527
0.04238 0.45334 -0.10783
0.04239 0.45208 -0.11062
0.04206 0.45081 -0.11339
0.04168 0.4497 -0.11622
0.0414 0.4485 -0.11902
0.04097 0.44754 -0.12189
0.04093 0.44659 -0.12481
0.0412 0.44557 -0.12769
0.0411 0.4449 -0.1307
0.04133 0.444 -0.13361
0.04222 0.44305 -0.13636
0.04316 0.44212 -0.13913
0.04376 0.44133 -0.14203
0.04334 0.44062 -0.14494
0.04249 0.43981 -0.14777
0.0419 0.43902 -0.15065
0.0409 0.43796 -0.15322
0.0393 0.43718 -0.15563
0.0379 0.43711 -0.15838
0.03746 0.43706 -0.16159
0.03715 0.43586 -0.16475
0.03652 0.43305 -0.16659
0.0361 0.43067 -0.16847
0.03562 0.42908 -0.171
0.03519 0.42783 -0.17373
0.03454 0.42728 -0.17668
0.03401 0.42779 -0.17969
0.03365 0.42831 -0.18271
0.03301 0.4283 -0.18576
0.03231 0.42717 -0.18888
0.03173 0.4243 -0.19045
0.03113 0.42151 -0.19167
0.03129 0.41871 -0.19291
0.03101 0.41607 -0.19438
0.0297 0.41367 -0.19581
0.02816 0.41128 -0.19723
0.02666 0.40953 -0.19932
0.02487 0.40778 -0.20127
0.02306 0.40564 -0.20261
0.02177 0.40324 -0.20401
0.02131 0.40089 -0.20596
0.02843 0.48048 0.07718
0.02888 0.47891 0.0798
0.02778 0.48226 0.07477
0.02736 0.48393 0.07232
0.02747 0.48565 0.06982
0.02781 0.48762 0.0675
0.02794 0.48928 0.06492
0.02788 0.4905 0.06207
0.02755 0.49137 0.05914
0.02736 0.49209 0.0562
0.02726 0.49229 0.05316
0.02703 0.4921 0.05014
0.02705 0.49202 0.04711
0.0275 0.49234 0.04411
0.0281 0.49323 0.04116
0.0283 0.49408 0.03814
0.02791 0.4939 0.03508
0.02744 0.49382 0.03215
0.02782 0.494 0.02925
0.02871 0.49428 0.02625
0.02928 0.49471 0.02329
0.02994 0.49505 0.02043
0.03092 0.49565 0.01769
0.03177 0.49694 0.01508
0.03243 0.49852 0.01244
0.0321 0.50052 0.00988
0.03137 0.50135 0.00679
0.03152 0.50081 0.00353
0.03205 0.49942 0.00063
0.03297 0.49703 -0.00124
0.0338 0.49448 -0.00293
0.03445 0.4929 -0.00556
0.03553 0.49207 -0.00831
0.03688 0.4917 -0.01102
0.03852 0.49101 -0.0135
0.03963 0.49003 -0.01617
0.04001 0.48839 -0.01878
0.03999 0.48723 -0.02171
0.03963 0.48658 -0.0247
0.03879 0.48597 -0.02758
0.03828 0.4855 -0.03057
0.0385 0.48527 -0.03361
0.03903 0.48536 -0.03666
0.0398 0.48418 -0.03943
0.04034 0.48231 -0.0418
0.04042 0.48046 -0.04424
0.04016 0.47894 -0.0469
0.03976 0.47759 -0.04963
0.03935 0.47635 -0.0524
0.03914 0.4752 -0.05523
0.03915 0.47411 -0.05809
0.03968 0.4734 -0.061
0.04022 0.47249 -0.06388
0.04021 0.47169 -0.06684
0.03986 0.47055 -0.06965
0.03927 0.46955 -0.07248
0.03861 0.4684 -0.07523
0.03788 0.46691 -0.07777
0.03737 0.46594 -0.08067
0.03745 0.46465 -0.08348
0.03778 0.46298 -0.08605
0.03822 0.46171 -0.08879
0.03888 0.46058 -0.09158
0.03962 0.45932 -0.09427
0.04033 0.45826 -0.09707
0.04059 0.45715 -0.09992
0.0403 0.45568 -0.10257
0.03972 0.45404 -0.10511
0.03937 0.4527 -0.10786
0.03941 0.45139 -0.11062
0.03913 0.44999 -0.11333
0.03871 0.44908 -0.11623
0.03842 0.44791 -0.11904
0.03805 0.44667 -0.12182
0.03798 0.44597 -0.12482
0.03829 0.44482 -0.12765
0.03823 0.44399 -0.1306
0.03847 0.44305 -0.13349
0.03934 0.4422 -0.13626
0.04022 0.44152 -0.13912
0.04081 0.44076 -0.14203
0.04039 0.44013 -0.14495
0.03956 0.43922 -0.14776
0.03901 0.43832 -0.15061
0.03797 0.43762 -0.15334
0.03636 0.43711 -0.15581
0.03485 0.43719 -0.15854
0.03414 0.43674 -0.16176
0.03405 0.43466 -0.16433
0.0337 0.43215 -0.16623
0.03332 0.42989 -0.16828
0.03286 0.4283 -0.17086
0.03241 0.42717 -0.17368
0.03173 0.42698 -0.17668
0.03114 0.42774 -0.17962
0.0307 0.4284 -0.18265
0.02998 0.42815 -0.18572
0.02923 0.42693 -0.18868
0.02886 0.42453 -0.19084
0.0285 0.42205 -0.19275
0.02872 0.41921 -0.19403
0.02832 0.41641 -0.19513
0.02693 0.41383 -0.19621
0.02546 0.41156 -0.19794
0.02394 0.40977 -0.20005
0.02205 0.40773 -0.20176
0.02025 0.40533 -0.20255
0.01895 0.40315 -0.20414
0.01848 0.40097 -0.20623
0.02561 0.48028 0.07859
0.02496 0.48201 0.07616
0.02453 0.48368 0.07373
0.02458 0.48512 0.07107
0.02492 0.4869 0.06859
0.02506 0.48867 0.06608
0.025 0.48998 0.06329
0.02468 0.49096 0.06043
0.02448 0.49165 0.0575
0.02437 0.49203 0.0545
0.02411 0.49196 0.05149
0.02412 0.49167 0.04849
0.0246 0.49165 0.04551
0.02532 0.49205 0.04246
0.0255 0.49305 0.03945
0.02497 0.49361 0.03648
0.02452 0.49339 0.03357
0.02494 0.49339 0.03068
0.02583 0.49362 0.02767
0.02642 0.49396 0.02471
0.02709 0.49427 0.02186
0.02814 0.49457 0.01912
0.02931 0.49514 0.01639
0.03016 0.49645 0.01364
0.03017 0.498 0.01084
0.02956 0.49868 0.00781
0.02963 0.49822 0.00462
0.02998 0.49698 0.00173
0.03066 0.4948 -0.00039
0.03114 0.49258 -0.00255
0.03143 0.49155 -0.00545
0.03255 0.49064 -0.0081
0.03402 0.49002 -0.01068
0.03553 0.48949 -0.01326
0.03667 0.48843 -0.01588
0.03685 0.48717 -0.0187
0.03674 0.48641 -0.02168
0.0365 0.48551 -0.02459
0.03571 0.48478 -0.02745
0.03522 0.48429 -0.03042
0.03542 0.48413 -0.03345
0.03578 0.48441 -0.03654
0.0364 0.48375 -0.03963
0.03711 0.48168 -0.04192
0.03726 0.47962 -0.04416
0.03701 0.4781 -0.0468
0.03658 0.47685 -0.04955
0.03617 0.47564 -0.05233
0.03596 0.47449 -0.05514
0.03595 0.47352 -0.05805
0.03656 0.47254 -0.06086
0.03709 0.47175 -0.06377
0.03714 0.47077 -0.06665
0.03675 0.46978 -0.06949
0.0362 0.46871 -0.0723
0.0356 0.4674 -0.07498
0.03483 0.46605 -0.07759
0.0345 0.46467 -0.08031
0.03466 0.46321 -0.083
0.0348 0.46198 -0.08581
0.03518 0.46095 -0.08865
0.03584 0.45982 -0.09143
0.03657 0.45861 -0.09414
0.03731 0.45749 -0.09689
0.03759 0.45633 -0.0997
0.03729 0.45498 -0.1024
0.03669 0.45342 -0.10497
0.03631 0.45225 -0.10779
0.03639 0.45089 -0.11052
0.03607 0.44978 -0.11334
0.03569 0.44874 -0.11619
0.03541 0.44759 -0.119
0.03502 0.44644 -0.1218
0.03502 0.44541 -0.12468
0.03533 0.44428 -0.1275
0.03531 0.44338 -0.13042
0.03557 0.44234 -0.13326
0.03639 0.4417 -0.13609
0.03723 0.44123 -0.13899
0.03782 0.44047 -0.14189
0.03743 0.43974 -0.14478
0.03664 0.43867 -0.14754
0.03609 0.43783 -0.15041
0.03504 0.43721 -0.15316
0.03345 0.43659 -0.15562
0.03193 0.43638 -0.15838
0.03173 0.4348 -0.16115
0.03179 0.4328 -0.16348
0.03112 0.43086 -0.16579
0.03051 0.42921 -0.16831
0.03004 0.42771 -0.17092
0.02961 0.42658 -0.17373
0.02898 0.42625 -0.17673
0.02835 0.42695 -0.1797
0.02801 0.42711 -0.18274
0.02727 0.42685 -0.18569
0.02649 0.4257 -0.18853
0.02593 0.42405 -0.1912
0.02562 0.42161 -0.19334
0.02597 0.41881 -0.19479
0.0256 0.41595 -0.19567
0.02431 0.41349 -0.19711
0.02291 0.41142 -0.19923
0.02121 0.40934 -0.20101
0.0194 0.40662 -0.20168
0.01759 0.40436 -0.20276
0.01624 0.40245 -0.20461
0.02208 0.48187 0.07744
0.02274 0.48017 0.07988
0.02168 0.4837 0.07507
0.02178 0.4854 0.07258
0.02201 0.48679 0.06987
0.02214 0.4884 0.06727
0.0221 0.4898 0.06455
0.02177 0.49076 0.06169
0.02156 0.49142 0.05875
0.02144 0.49171 0.05575
0.02115 0.49189 0.05275
0.02113 0.49177 0.04974
0.02158 0.49149 0.04677
0.02233 0.49163 0.04375
0.0226 0.49222 0.04068
0.02204 0.49322 0.03782
0.02153 0.49328 0.03488
0.02197 0.49284 0.03198
0.0229 0.49306 0.029
0.02351 0.49329 0.02602
0.02415 0.4936 0.02313
0.02514 0.49406 0.02039
0.02649 0.49402 0.01773
0.02789 0.49433 0.01493
0.02862 0.49522 0.01194
0.02816 0.49587 0.00895
0.02792 0.49565 0.00586
0.02821 0.49446 0.00301
0.02866 0.49235 0.00076
0.0283 0.49096 -0.002
0.02838 0.49035 -0.00498
0.0294 0.48963 -0.00773
0.03085 0.48903 -0.01032
0.03241 0.48837 -0.01283
0.03349 0.48744 -0.01551
0.03364 0.48632 -0.01836
0.03358 0.4855 -0.0213
0.03332 0.48465 -0.02421
0.03255 0.4839 -0.02704
0.03212 0.48327 -0.02999
0.03243 0.48283 -0.03298
0.03335 0.48217 -0.03583
0.03384 0.48164 -0.0388
0.03403 0.48053 -0.04166
0.03408 0.47883 -0.04417
0.03379 0.47749 -0.04688
0.03338 0.47618 -0.04959
0.03298 0.47498 -0.05237
0.03278 0.47383 -0.05518
0.03282 0.47269 -0.058
0.03344 0.47171 -0.06079
0.03399 0.47086 -0.06367
0.03407 0.46984 -0.06654
0.03368 0.46887 -0.06938
0.0331 0.46793 -0.07223
0.03253 0.46658 -0.07489
0.03182 0.46508 -0.07742
0.0315 0.4637 -0.08013
0.03164 0.46228 -0.08283
0.03179 0.4611 -0.08564
0.03215 0.4601 -0.08849
0.0328 0.45906 -0.0913
0.03356 0.45779 -0.09397
0.03435 0.45652 -0.09663
0.0346 0.45549 -0.09949
0.0343 0.45416 -0.1022
0.03369 0.4527 -0.10482
0.03338 0.45128 -0.1075
0.03338 0.45028 -0.11037
0.03304 0.44944 -0.11326
0.03265 0.44888 -0.11624
0.03238 0.44778 -0.11909
0.03199 0.44661 -0.12188
0.03201 0.44543 -0.12468
0.03232 0.44408 -0.12739
0.03234 0.443 -0.13024
0.0326 0.44206 -0.1331
0.03345 0.4412 -0.13584
0.03429 0.44071 -0.13873
0.03489 0.43992 -0.14162
0.03451 0.43913 -0.1445
0.03372 0.43817 -0.14729
0.03318 0.4373 -0.15014
0.03216 0.43657 -0.15288
0.03057 0.436 -0.15535
0.02923 0.4352 -0.15804
0.02918 0.43346 -0.16065
0.02912 0.43169 -0.16313
0.02831 0.43014 -0.16565
0.02764 0.42892 -0.16838
0.02718 0.42743 -0.171
0.02677 0.42622 -0.17375
0.02624 0.42551 -0.17667
0.02613 0.42507 -0.17969
0.02577 0.42529 -0.18272
0.02493 0.4251 -0.18562
0.02406 0.42405 -0.18841
0.02345 0.42243 -0.19099
0.02301 0.42024 -0.19333
0.02335 0.41767 -0.19506
0.02304 0.41517 -0.19658
0.02175 0.413 -0.19845
0.02023 0.41045 -0.19982
0.01871 0.40779 -0.20062
0.01679 0.4055 -0.20179
0.01492 0.40346 -0.20316
0.01357 0.40175 -0.20527
0.01913 0.48216 0.07855
0.01868 0.48381 0.07605
0.0188 0.48557 0.07359
0.01903 0.487 0.07092
0.01912 0.48843 0.06822
0.01906 0.48962 0.06542
0.01872 0.49058 0.06257
0.0185 0.49131 0.05966
0.01836 0.4916 0.05665
0.01807 0.49176 0.05365
0.01804 0.4918 0.05063
0.01847 0.49178 0.04768
0.0192 0.49168 0.04469
0.01947 0.49213 0.04164
0.01896 0.49272 0.03869
0.01839 0.49319 0.03575
0.01878 0.49314 0.0328
0.01983 0.49247 0.02993
0.02047 0.4925 0.02693
0.02109 0.49284 0.02403
0.02214 0.49307 0.02129
0.02341 0.49324 0.01863
0.02485 0.4933 0.01591
0.0261 0.49323 0.013
0.02664 0.49294 0.01001
0.02655 0.49273 0.00697
0.02641 0.49186 0.00411
0.02597 0.49044 0.00144
0.02529 0.48966 -0.00145
0.02537 0.48914 -0.00442
0.02621 0.48886 -0.00729
0.02765 0.48827 -0.00988
0.02922 0.48757 -0.0124
0.0303 0.48663 -0.01508
0.0304 0.48573 -0.018
0.03037 0.48481 -0.02089
0.03013 0.48391 -0.02378
0.02949 0.48278 -0.02653
0.02914 0.48197 -0.02943
0.02947 0.48155 -0.0324
0.03041 0.48082 -0.03521
0.03103 0.48011 -0.03812
0.03113 0.47917 -0.04103
0.03099 0.47784 -0.04376
0.03067 0.4766 -0.04652
0.03023 0.47539 -0.04927
0.02983 0.4742 -0.05205
0.02963 0.47306 -0.05486
0.02969 0.47189 -0.05764
0.0303 0.47103 -0.06045
0.03088 0.47012 -0.06332
0.03098 0.46905 -0.06618
0.03063 0.46802 -0.06901
0.03008 0.46698 -0.07182
0.02954 0.46559 -0.07447
0.02879 0.46422 -0.07706
0.02842 0.46302 -0.07984
0.02858 0.46161 -0.08253
0.02877 0.46028 -0.08524
0.02915 0.45929 -0.08806
0.02975 0.45846 -0.09095
0.03049 0.45728 -0.09366
0.03128 0.45604 -0.09634
0.03157 0.45491 -0.09916
0.03127 0.4536 -0.10189
0.03078 0.45177 -0.1043
0.03049 0.45035 -0.10696
0.03045 0.44949 -0.1099
0.03007 0.44886 -0.11285
0.02963 0.44856 -0.11584
0.02937 0.44822 -0.11889
0.029 0.44758 -0.12192
0.02901 0.4462 -0.12467
0.02933 0.44457 -0.12723
0.02936 0.44325 -0.12996
0.02966 0.44239 -0.13283
0.03048 0.44135 -0.1355
0.03137 0.44042 -0.13825
0.03199 0.4395 -0.14109
0.03162 0.43862 -0.14396
0.03082 0.43778 -0.14677
0.03029 0.43689 -0.14963
0.02933 0.43594 -0.15233
0.02784 0.43504 -0.15477
0.02665 0.434 -0.15736
0.02642 0.43275 -0.16014
0.02628 0.43118 -0.16275
0.02545 0.42983 -0.16535
0.0248 0.4287 -0.16809
0.02432 0.42749 -0.17084
0.02391 0.42619 -0.17357
0.02356 0.4246 -0.17616
0.02382 0.42344 -0.17901
0.02394 0.42313 -0.18214
0.02292 0.42314 -0.18506
0.02191 0.42222 -0.18781
0.02104 0.42088 -0.19048
0.02057 0.41875 -0.19277
0.02071 0.41657 -0.19495
0.02026 0.41442 -0.197
0.0192 0.41162 -0.198
0.01783 0.40895 -0.19912
0.01605 0.40686 -0.20055
0.01404 0.40487 -0.20193
0.01213 0.40314 -0.20359
0.01078 0.40147 -0.20576
0.01564 0.48398 0.07685
0.01612 0.48244 0.0794
0.01572 0.48558 0.07429
0.01596 0.48707 0.07166
0.01603 0.48843 0.06894
0.01597 0.48968 0.06618
0.01561 0.49046 0.06329
0.01538 0.49112 0.06036
0.01525 0.49153 0.05738
0.01495 0.49173 0.0544
0.01492 0.49163 0.05138
0.01534 0.49177 0.04842
0.01606 0.49184 0.04546
0.01632 0.49198 0.04239
0.01582 0.49231 0.03941
0.01536 0.49212 0.03644
0.01567 0.4924 0.0335
0.0167 0.49188 0.03062
0.01732 0.49192 0.02763
0.01795 0.4922 0.02473
0.01899 0.49242 0.02199
0.02028 0.49247 0.01934
0.0217 0.49258 0.01662
0.02287 0.49257 0.01371
0.02354 0.49172 0.01086
0.02383 0.49094 0.00794
0.02366 0.49015 0.00502
0.02297 0.48916 0.00223
0.02234 0.48838 -0.00064
0.02238 0.48797 -0.00364
0.02319 0.48776 -0.0065
0.02452 0.48748 -0.0092
0.02605 0.48686 -0.01175
0.02708 0.48609 -0.01448
0.02719 0.48517 -0.01738
0.02719 0.48419 -0.02024
0.02699 0.48317 -0.0231
0.02641 0.48187 -0.02578
0.02613 0.48089 -0.02864
0.0265 0.4804 -0.03158
0.02736 0.47985 -0.03445
0.02801 0.47911 -0.03734
0.02808 0.47827 -0.04027
0.02795 0.47692 -0.043
0.02761 0.47572 -0.04577
0.02716 0.47458 -0.04854
0.02676 0.4734 -0.05132
0.02669 0.47193 -0.054
0.0268 0.47067 -0.05674
0.02732 0.47008 -0.05964
0.02779 0.46955 -0.06262
0.02792 0.46841 -0.06545
0.02763 0.4672 -0.06823
0.02709 0.46619 -0.07105
0.02647 0.46502 -0.07379
0.02582 0.46344 -0.0763
0.02546 0.46223 -0.07906
0.02559 0.46094 -0.08179
0.02574 0.45979 -0.08456
0.0261 0.45886 -0.0874
0.02674 0.4579 -0.09024
0.02744 0.4569 -0.09302
0.02823 0.45572 -0.09572
0.02859 0.45438 -0.09843
0.0283 0.45305 -0.10115
0.02775 0.45152 -0.10371
0.02752 0.44983 -0.10623
0.02753 0.44893 -0.10916
0.02715 0.44833 -0.11213
0.02665 0.4484 -0.11515
0.02623 0.44835 -0.11826
0.0259 0.44711 -0.12115
0.02591 0.44589 -0.12395
0.0262 0.44485 -0.12676
0.02634 0.44376 -0.12952
0.02667 0.4433 -0.13252
0.02756 0.44204 -0.13517
0.02844 0.44051 -0.13767
0.02905 0.43953 -0.14046
0.02873 0.43842 -0.14325
0.02795 0.43745 -0.14602
0.02744 0.43654 -0.14887
0.0265 0.43564 -0.15159
0.02506 0.43457 -0.15399
0.02389 0.43346 -0.15655
0.02362 0.43243 -0.15939
0.02345 0.43105 -0.1621
0.02262 0.42977 -0.16472
0.02199 0.42892 -0.16758
0.02151 0.42779 -0.17036
0.02111 0.42642 -0.17306
0.02076 0.4245 -0.17545
0.02099 0.42327 -0.17822
0.0215 0.4219 -0.18097
0.021 0.42131 -0.18396
0.02001 0.4204 -0.18669
0.01918 0.41899 -0.18929
0.01863 0.41697 -0.19156
0.01847 0.41508 -0.19395
0.01805 0.41285 -0.19587
0.01674 0.41046 -0.19728
0.0151 0.40825 -0.19885
0.01328 0.40631 -0.20037
0.01123 0.40454 -0.2019
0.00928 0.40305 -0.20379
0.01255 0.4841 0.07752
0.01303 0.48254 0.08007
0.0126 0.48555 0.07486
0.01286 0.4872 0.07231
0.01302 0.4889 0.06981
0.01291 0.48996 0.06698
0.01255 0.49084 0.06411
0.0123 0.4914 0.06117
0.01215 0.49147 0.05817
0.01185 0.49143 0.05517
0.01182 0.49133 0.05216
0.01224 0.49136 0.04919
0.01294 0.49159 0.04622
0.01319 0.49189 0.04319
0.01266 0.49218 0.0402
0.01226 0.49153 0.03726
0.01263 0.49153 0.03431
0.01356 0.49138 0.03138
0.01418 0.49142 0.0284
0.01482 0.49166 0.0255
0.01586 0.49181 0.02276
0.01714 0.49183 0.02011
0.01862 0.49171 0.01742
0.01986 0.49147 0.01457
0.02036 0.49107 0.0116
0.02054 0.49054 0.00863
0.0204 0.4897 0.00572
0.0198 0.48849 0.00301
0.01922 0.4876 0.00016
0.0193 0.48711 -0.00282
0.02008 0.48699 -0.00571
0.02141 0.48666 -0.0084
0.02291 0.48616 -0.011
0.0239 0.48551 -0.01376
0.02399 0.48469 -0.01669
0.02397 0.48374 -0.01956
0.02378 0.48273 -0.02242
0.0232 0.48142 -0.02509
0.02294 0.48037 -0.02791
0.02344 0.47951 -0.03075
0.02433 0.4789 -0.03359
0.02496 0.47822 -0.03649
0.02502 0.47743 -0.03943
0.02483 0.47627 -0.04224
0.02453 0.47499 -0.04498
0.02412 0.47374 -0.04771
0.02366 0.47274 -0.05054
0.02357 0.47136 -0.05327
0.02368 0.4701 -0.056
0.02432 0.46921 -0.05879
0.0248 0.4687 -0.06176
0.02489 0.46773 -0.06465
0.02458 0.46659 -0.06744
0.02415 0.46529 -0.07016
0.02361 0.46398 -0.07284
0.02293 0.46252 -0.07539
0.02252 0.46143 -0.07819
0.02257 0.46039 -0.08103
0.0227 0.45932 -0.08385
0.02313 0.45821 -0.08661
0.02384 0.45705 -0.08935
0.02447 0.45627 -0.09222
0.02527 0.45513 -0.09493
0.02562 0.45383 -0.09766
0.02532 0.45262 -0.10042
0.02472 0.45132 -0.10311
0.02443 0.45006 -0.10583
0.02453 0.44869 -0.10854
0.02421 0.44788 -0.11144
0.02367 0.4477 -0.11446
0.02363 0.44671 -0.11739
0.02354 0.44533 -0.12012
0.02358 0.44407 -0.12288
0.0237 0.44316 -0.12576
0.02354 0.44262 -0.12873
0.02342 0.44303 -0.1319
0.02434 0.44252 -0.13491
0.02543 0.44067 -0.13734
0.02614 0.43911 -0.13984
0.0258 0.43821 -0.14267
0.02506 0.43716 -0.14541
0.02455 0.43631 -0.14827
0.02355 0.43576 -0.1511
0.02217 0.43447 -0.15342
0.02102 0.43332 -0.15596
0.02075 0.43231 -0.15882
0.02059 0.43094 -0.16152
0.01976 0.42993 -0.16427
0.01916 0.42965 -0.1673
0.01868 0.42812 -0.16996
0.0183 0.42643 -0.17247
0.01794 0.42497 -0.1751
0.01817 0.42368 -0.17785
0.01866 0.42186 -0.18027
0.01864 0.42015 -0.18278
0.01813 0.41864 -0.18537
0.0175 0.41712 -0.18791
0.01679 0.41524 -0.1902
0.01652 0.41343 -0.19263
0.01565 0.41172 -0.19491
0.01403 0.4099 -0.19674
0.01231 0.40798 -0.19852
0.01046 0.40624 -0.20021
0.0084 0.40453 -0.20175
0.0065 0.40267 -0.20329
0.01005 0.48339 0.08079
0.00947 0.48462 0.07805
0.00944 0.48587 0.07526
0.00975 0.48763 0.07276
0.00995 0.48944 0.07036
0.00983 0.49041 0.06752
0.00943 0.49104 0.0646
0.00916 0.49172 0.06166
0.00899 0.49157 0.05865
0.00867 0.4913 0.05565
0.00863 0.49124 0.05263
0.00907 0.49086 0.0497
0.00982 0.49076 0.0467
0.01004 0.49131 0.04367
0.00948 0.49184 0.04073
0.00905 0.49126 0.03778
0.00945 0.49103 0.03484
0.01036 0.49102 0.03191
0.01097 0.49115 0.02894
0.01162 0.49117 0.02603
0.01268 0.49114 0.0233
0.01396 0.49116 0.02065
0.01541 0.49106 0.01797
0.01668 0.49072 0.01515
0.01724 0.49012 0.01223
0.01742 0.4896 0.00925
0.01722 0.48901 0.00629
0.01658 0.48796 0.00354
0.01602 0.48699 0.00072
0.01617 0.48626 -0.0022
0.01695 0.48615 -0.0051
0.01821 0.48607 -0.00783
0.01973 0.48542 -0.01038
0.02076 0.48467 -0.01312
0.02087 0.48376 -0.01602
0.02083 0.48294 -0.01893
0.02065 0.48188 -0.02175
0.02004 0.4807 -0.02446
0.01985 0.47947 -0.02722
0.02031 0.47874 -0.0301
0.02122 0.4781 -0.03292
0.02191 0.47725 -0.03576
0.02204 0.47632 -0.03865
0.02179 0.47533 -0.0415
0.02144 0.47419 -0.04429
0.02105 0.47288 -0.047
0.02062 0.47183 -0.04981
0.02044 0.47073 -0.05263
0.02046 0.46984 -0.05551
0.02115 0.46878 -0.05823
0.02179 0.4678 -0.06105
0.02192 0.46673 -0.06389
0.02159 0.46571 -0.06672
0.02113 0.46454 -0.06947
0.02058 0.46329 -0.07218
0.01991 0.4618 -0.07472
0.01959 0.46051 -0.07744
0.01962 0.45951 -0.08029
0.01972 0.45857 -0.08315
0.0201 0.45758 -0.08598
0.02087 0.45632 -0.08866
0.02153 0.45546 -0.09147
0.02223 0.45467 -0.09432
0.02254 0.45365 -0.09718
0.0223 0.45222 -0.09985
0.02172 0.45087 -0.1025
0.02147 0.44947 -0.10516
0.02158 0.4482 -0.10791
0.02137 0.447 -0.11069
0.02127 0.44596 -0.11354
0.02115 0.44525 -0.11649
0.02105 0.44385 -0.11919
0.02106 0.44263 -0.12197
0.02117 0.44174 -0.12487
0.02117 0.44089 -0.12781
0.02132 0.44065 -0.13082
0.02162 0.44107 -0.13387
0.02246 0.44028 -0.13676
0.0232 0.43884 -0.13936
0.02289 0.43782 -0.14216
0.02213 0.43698 -0.14497
0.02163 0.43601 -0.1478
0.02072 0.43504 -0.15049
0.0193 0.43406 -0.15291
0.0181 0.43332 -0.15559
0.01787 0.43203 -0.15834
0.01771 0.43082 -0.16111
0.01687 0.43017 -0.16395
0.01625 0.42956 -0.1669
0.01582 0.42798 -0.16951
0.01553 0.42607 -0.17187
0.01514 0.42472 -0.17456
0.01533 0.42349 -0.17734
0.01579 0.42197 -0.17998
0.01584 0.41986 -0.18219
0.01554 0.41779 -0.1844
0.01504 0.41604 -0.18685
0.01418 0.41449 -0.18933
0.01388 0.41272 -0.19177
0.01301 0.4111 -0.19412
0.0113 0.40962 -0.19616
0.00952 0.40806 -0.1982
0.00766 0.40629 -0.19984
0.00563 0.40441 -0.20119
0.00376 0.40242 -0.20259
0.00521 0.40057 -0.20509
0.0025 0.40021 -0.20427
0.00692 0.48372 0.08098
0.00645 0.48545 0.07853
0.00647 0.48692 0.0759
0.00674 0.48849 0.07332
0.00701 0.49056 0.07099
0.00677 0.49113 0.06796
0.00628 0.49118 0.06497
0.006 0.49131 0.06198
0.0058 0.49143 0.05896
0.00547 0.49149 0.05597
0.00541 0.49113 0.05299
0.00583 0.49088 0.05004
0.00657 0.49083 0.04707
0.00684 0.49087 0.04402
0.00627 0.49141 0.04107
0.00585 0.49074 0.03813
0.00624 0.49054 0.03519
0.00713 0.49063 0.03225
0.00775 0.49068 0.02929
0.00837 0.49088 0.02639
0.00941 0.49103 0.02365
0.01071 0.49072 0.02103
0.01215 0.4907 0.01834
0.01341 0.49032 0.01551
0.01398 0.48961 0.01263
0.01422 0.48887 0.00971
0.01409 0.48805 0.0068
0.01342 0.48714 0.00402
0.01286 0.4862 0.0012
0.01303 0.48539 -0.00169
0.01387 0.48509 -0.00454
0.01511 0.48505 -0.00728
0.01651 0.4848 -0.00995
0.01752 0.48405 -0.01269
0.01769 0.48296 -0.01551
0.01767 0.48209 -0.01841
0.01747 0.48113 -0.02127
0.0169 0.47986 -0.02395
0.01667 0.47873 -0.02673
0.0172 0.47781 -0.02953
0.0181 0.47721 -0.03236
0.01874 0.47654 -0.03527
0.01891 0.47552 -0.03813
0.01875 0.4743 -0.04089
0.01835 0.47331 -0.04373
0.01797 0.47198 -0.04642
0.01754 0.47093 -0.04923
0.01735 0.46988 -0.05207
0.01741 0.46886 -0.05489
0.01808 0.46794 -0.05765
0.01867 0.46715 -0.06054
0.01882 0.46606 -0.06337
0.01854 0.46489 -0.06615
0.01807 0.46379 -0.06893
0.01756 0.46247 -0.0716
0.01687 0.46106 -0.07417
0.01661 0.45966 -0.07684
0.01669 0.45854 -0.07964
0.01678 0.45761 -0.0825
0.01723 0.45649 -0.08525
0.01799 0.45529 -0.08795
0.01869 0.45434 -0.09074
0.01931 0.45376 -0.09366
0.0195 0.45317 -0.09664
0.01919 0.45216 -0.0995
0.01867 0.4506 -0.10207
0.01852 0.44886 -0.10453
0.01869 0.44745 -0.10721
0.0186 0.44604 -0.10989
0.01853 0.44495 -0.11269
0.01813 0.44511 -0.11583
0.01806 0.4436 -0.1186
0.01808 0.44235 -0.12136
0.01825 0.44126 -0.12417
0.01827 0.44032 -0.12705
0.01861 0.43958 -0.12995
0.01925 0.43934 -0.13287
0.01964 0.43962 -0.13593
0.02027 0.43865 -0.13878
0.01996 0.43807 -0.14173
0.01922 0.43714 -0.14453
0.01873 0.43596 -0.14729
0.01786 0.43467 -0.14987
0.01639 0.43436 -0.15249
0.01521 0.43315 -0.15504
0.01502 0.43179 -0.15775
0.01486 0.43067 -0.16055
0.01399 0.43009 -0.16338
0.01334 0.42955 -0.16636
0.01305 0.42762 -0.16884
0.0128 0.42562 -0.17113
0.01247 0.42405 -0.17372
0.01271 0.42267 -0.17639
0.01309 0.42137 -0.17912
0.01307 0.41958 -0.18158
0.01273 0.41761 -0.18385
0.01223 0.41592 -0.18631
0.01142 0.41428 -0.18873
0.01113 0.41249 -0.19116
0.01025 0.41097 -0.19357
0.00852 0.40977 -0.19577
0.00673 0.4082 -0.1978
0.00491 0.4062 -0.19922
0.00289 0.40426 -0.20049
0.00102 0.40227 -0.20187
-0.00029 0.40022 -0.2037
0.00372 0.4884 0.07695
0.0035 0.48653 0.07939
0.00389 0.48976 0.07421
0.00384 0.49081 0.07134
0.00363 0.49138 0.06836
0.00315 0.49143 0.06538
0.00283 0.49123 0.06237
0.00263 0.49155 0.05937
0.00229 0.4916 0.05639
0.0022 0.49131 0.0534
0.00262 0.49104 0.05045
0.00336 0.49079 0.04751
0.00363 0.49046 0.04449
0.00313 0.49056 0.04151
0.00265 0.49028 0.03856
0.00301 0.49041 0.03559
0.0039 0.49038 0.03267
0.00451 0.49046 0.02971
0.00517 0.49031 0.02681
0.0062 0.49046 0.02405
0.00742 0.49069 0.02139
0.00888 0.49044 0.01873
0.01013 0.49005 0.01592
0.01075 0.48909 0.01311
0.01098 0.48837 0.01018
0.01085 0.48758 0.00728
0.01021 0.48655 0.00454
0.00976 0.48526 0.00183
0.00994 0.48443 -0.00106
0.01081 0.48402 -0.0039
0.01206 0.48395 -0.00664
0.01339 0.48389 -0.00935
0.01431 0.48344 -0.01218
0.01442 0.48256 -0.01507
0.01454 0.48123 -0.01779
0.01438 0.48018 -0.0206
0.01378 0.47898 -0.0233
0.01355 0.4779 -0.02611
0.01405 0.47707 -0.02894
0.01495 0.47648 -0.03177
0.01561 0.47575 -0.03464
0.01575 0.4749 -0.03755
0.01562 0.47357 -0.04027
0.01528 0.47244 -0.04304
0.01489 0.47115 -0.04575
0.01446 0.47014 -0.04857
0.01431 0.469 -0.05137
0.01443 0.46781 -0.05412
0.01506 0.46705 -0.05695
0.0157 0.46614 -0.05977
0.01578 0.46527 -0.06268
0.01555 0.46401 -0.06542
0.01506 0.46296 -0.06821
0.01453 0.46174 -0.07093
0.01388 0.46024 -0.07347
0.01367 0.45875 -0.07609
0.01376 0.45763 -0.07888
0.01394 0.45653 -0.08167
0.01427 0.4557 -0.08455
0.01499 0.4546 -0.08729
0.01569 0.45367 -0.09008
0.01635 0.45305 -0.09298
0.01659 0.45231 -0.0959
0.01617 0.4516 -0.09884
0.01572 0.44992 -0.10136
0.01547 0.44853 -0.10404
0.01572 0.44695 -0.10661
0.01568 0.44548 -0.10924
0.01576 0.44398 -0.11187
0.01551 0.44372 -0.1149
0.01508 0.44336 -0.11793
0.01516 0.44203 -0.1207
0.0153 0.44115 -0.12358
0.01531 0.44022 -0.12646
0.01564 0.43943 -0.12933
0.01633 0.4389 -0.13219
0.01686 0.4388 -0.13517
0.01734 0.43848 -0.13814
0.01705 0.43859 -0.14117
0.01634 0.43806 -0.14418
0.01584 0.43631 -0.14673
0.01499 0.43479 -0.14918
0.01351 0.43429 -0.15176
0.01239 0.43296 -0.15426
0.01219 0.43177 -0.15702
0.01203 0.43074 -0.15986
0.01133 0.42927 -0.16242
0.0107 0.42867 -0.16535
0.01032 0.4272 -0.16801
0.01002 0.42544 -0.17047
0.00965 0.42406 -0.17314
0.00989 0.42272 -0.17583
0.01031 0.42139 -0.17854
0.01029 0.41954 -0.18095
0.00995 0.41755 -0.1832
0.00945 0.41591 -0.1857
0.00866 0.41425 -0.1881
0.00837 0.41258 -0.1906
0.00749 0.4112 -0.19308
0.00576 0.40993 -0.19524
0.00401 0.40811 -0.19707
0.00218 0.40613 -0.1985
0.00015 0.40416 -0.19973
-0.00178 0.40244 -0.20138
-0.00309 0.40035 -0.20316
0.00043 0.48851 0.07709
0.00027 0.48644 0.07933
0.00063 0.49023 0.07451
0.00065 0.49077 0.07142
0.00048 0.491 0.06841
-1e-05 0.49107 0.06544
-0.00036 0.49132 0.06245
-0.00057 0.49157 0.05945
-0.00091 0.49183 0.05647
-0.00097 0.49194 0.05346
-0.00058 0.49162 0.05051
0.00012 0.49081 0.04765
0.00037 0.49085 0.04462
-0.00012 0.49044 0.04168
-0.00059 0.48997 0.03871
-0.00023 0.49007 0.03575
0.00065 0.49022 0.03283
0.00126 0.49021 0.02988
0.00191 0.49006 0.02697
0.003 0.48966 0.02425
0.00418 0.4901 0.02157
0.00554 0.49048 0.01883
0.00686 0.48958 0.01612
0.00748 0.48857 0.01334
0.00775 0.4877 0.01046
0.0076 0.48698 0.00753
0.00706 0.48564 0.00491
0.00664 0.48423 0.00224
0.00677 0.48354 -0.00071
0.0076 0.48324 -0.00357
0.0089 0.48302 -0.00627
0.01037 0.48258 -0.00888
0.01126 0.48222 -0.01174
0.01131 0.48147 -0.01466
0.0114 0.48023 -0.01741
0.01127 0.4791 -0.0202
0.01056 0.4783 -0.02303
0.01038 0.47707 -0.02577
0.01095 0.47604 -0.02853
0.01186 0.47542 -0.03135
0.01247 0.47486 -0.03426
0.01257 0.47415 -0.03721
0.01243 0.47291 -0.03997
0.01219 0.47147 -0.04262
0.01175 0.47032 -0.04537
0.01134 0.46929 -0.04819
0.0112 0.46812 -0.05097
0.01127 0.46713 -0.05381
0.01199 0.46611 -0.05653
0.01269 0.46509 -0.0593
0.01284 0.46408 -0.06215
0.0126 0.46288 -0.0649
0.01213 0.46179 -0.06768
0.01163 0.46053 -0.07037
0.01101 0.45903 -0.07289
0.01083 0.45747 -0.07549
0.01086 0.4565 -0.07836
0.01098 0.45554 -0.08121
0.01135 0.45463 -0.08405
0.01195 0.45392 -0.08695
0.01262 0.45311 -0.08978
0.01332 0.45237 -0.09263
0.01361 0.4515 -0.09551
0.01338 0.4503 -0.09826
0.01287 0.44882 -0.10085
0.01264 0.4474 -0.1035
0.01281 0.44605 -0.1062
0.01278 0.44458 -0.10884
0.01277 0.44342 -0.1116
0.01262 0.44288 -0.11455
0.01232 0.44209 -0.11746
0.01215 0.44167 -0.12044
0.01222 0.44139 -0.12349
0.0123 0.44015 -0.12632
0.01265 0.43913 -0.1291
0.0134 0.43834 -0.13188
0.01398 0.43802 -0.13482
0.01441 0.43792 -0.1378
0.01392 0.43873 -0.14076
0.0131 0.43846 -0.14395
0.01288 0.43624 -0.14634
0.01206 0.43485 -0.14883
0.01064 0.43384 -0.15123
0.00949 0.43285 -0.15384
0.00927 0.43187 -0.1567
0.00914 0.43062 -0.15947
0.00848 0.42899 -0.16196
0.00807 0.42769 -0.16466
0.0076 0.42654 -0.1674
0.00722 0.42506 -0.17001
0.00682 0.42393 -0.17279
0.00705 0.42298 -0.17563
0.0075 0.42191 -0.17851
0.00746 0.41977 -0.18071
0.00711 0.41772 -0.1829
0.00664 0.41596 -0.18531
0.00587 0.41417 -0.18765
0.00558 0.41261 -0.19021
0.00472 0.41129 -0.1927
0.00301 0.40986 -0.19477
0.00127 0.40794 -0.19652
-0.0006 0.40606 -0.19804
-0.00268 0.40427 -0.1995
-0.0046 0.4025 -0.20108
-0.00592 0.40055 -0.203
-0.00251 0.48381 0.08148
-0.00281 0.4856 0.07908
-0.00258 0.48735 0.07666
-0.00244 0.4891 0.07421
-0.00248 0.49025 0.0714
-0.00265 0.49054 0.0684
-0.00318 0.49094 0.06547
-0.00353 0.4912 0.06249
-0.00374 0.49126 0.05947
-0.0041 0.49172 0.05651
-0.00419 0.49212 0.05351
-0.00381 0.4915 0.05059
-0.00311 0.4909 0.0477
-0.00286 0.49052 0.04471
-0.00335 0.49014 0.04178
-0.00386 0.48987 0.03879
-0.00348 0.48975 0.03583
-0.00259 0.48991 0.03291
-0.00199 0.48996 0.02995
-0.00135 0.48975 0.02705
-0.00029 0.48946 0.02432
0.00096 0.48937 0.02167
0.00231 0.48967 0.01893
0.00353 0.48932 0.01609
0.0042 0.48814 0.01336
0.00452 0.48701 0.01058
0.00449 0.48584 0.00781
0.00392 0.4846 0.00514
0.00338 0.48362 0.00232
0.00352 0.4829 -0.00061
0.00439 0.48246 -0.00344
0.00566 0.48235 -0.00617
0.00714 0.48179 -0.00875
0.00808 0.48128 -0.01157
0.00821 0.48031 -0.01442
0.00823 0.47931 -0.01726
0.00807 0.47828 -0.02008
0.00735 0.47754 -0.02292
0.00714 0.47642 -0.02573
0.00778 0.47514 -0.02837
0.00877 0.47432 -0.03111
0.00942 0.47367 -0.034
0.00948 0.47306 -0.03696
0.00936 0.47181 -0.03971
0.0091 0.47044 -0.04239
0.00862 0.46943 -0.0452
0.00823 0.46832 -0.04799
0.00808 0.46723 -0.05079
0.00819 0.46616 -0.0536
0.00897 0.465 -0.05624
0.00968 0.464 -0.05902
0.00983 0.463 -0.06186
0.00961 0.46178 -0.0646
0.00924 0.46048 -0.0673
0.0088 0.45914 -0.06994
0.0082 0.4576 -0.07243
0.00788 0.45635 -0.07519
0.00795 0.45532 -0.07804
0.00803 0.4545 -0.08095
0.00833 0.45381 -0.08386
0.00894 0.45306 -0.08674
0.00954 0.45256 -0.08966
0.01024 0.45187 -0.09252
0.01056 0.45089 -0.09537
0.01039 0.4495 -0.09804
0.00992 0.44794 -0.10059
0.00981 0.44627 -0.10311
0.00997 0.44496 -0.10582
0.00986 0.44376 -0.10858
0.00984 0.44265 -0.11138
0.00978 0.44183 -0.11428
0.00941 0.44135 -0.11723
0.00925 0.44088 -0.12021
0.00933 0.44037 -0.1232
0.00936 0.43947 -0.12609
0.00974 0.43844 -0.12889
0.01049 0.43766 -0.13167
0.01112 0.43718 -0.13458
0.01155 0.43706 -0.13757
0.01123 0.43711 -0.14055
0.01044 0.43669 -0.14348
0.00993 0.43571 -0.14628
0.00906 0.43479 -0.14894
0.0077 0.43356 -0.15125
0.00652 0.43276 -0.15396
0.00634 0.43156 -0.15677
0.00628 0.43004 -0.15939
0.00562 0.42851 -0.16195
0.00522 0.42722 -0.16466
0.00484 0.42576 -0.16726
0.00442 0.42449 -0.16995
0.00399 0.42365 -0.17281
0.00417 0.42314 -0.17582
0.00459 0.42193 -0.17867
0.00461 0.41969 -0.18074
0.00426 0.41777 -0.18305
0.00381 0.41594 -0.18539
0.00305 0.41416 -0.18779
0.00277 0.41268 -0.19039
0.00192 0.41134 -0.1928
0.00022 0.40974 -0.1948
-0.00153 0.40795 -0.19673
-0.00341 0.40597 -0.1982
-0.0055 0.40417 -0.19966
-0.00742 0.4024 -0.20124
-0.00596 0.48555 0.07944
-0.0056 0.48416 0.0821
-0.00571 0.48684 0.07674
-0.00551 0.48832 0.07413
-0.00556 0.48954 0.07138
-0.0058 0.4902 0.06846
-0.00634 0.49063 0.06554
-0.0067 0.49091 0.06257
-0.00693 0.49117 0.05958
-0.00729 0.49152 0.05661
-0.00736 0.49143 0.05361
-0.00703 0.49127 0.05066
-0.00634 0.49139 0.04768
-0.00611 0.49045 0.04478
-0.00662 0.49002 0.04184
-0.00712 0.49009 0.03883
-0.00676 0.48979 0.03588
-0.00586 0.48972 0.03297
-0.00525 0.48963 0.03002
-0.00462 0.48949 0.0271
-0.00357 0.48924 0.02437
-0.00232 0.489 0.02174
-0.00082 0.48851 0.01916
0.0005 0.48782 0.01646
0.00104 0.48712 0.01358
0.00132 0.48613 0.01075
0.00127 0.48507 0.00793
0.00066 0.48397 0.00521
0.00013 0.48307 0.00237
0.00027 0.48234 -0.00055
0.00116 0.48179 -0.00336
0.00244 0.48157 -0.00607
0.00389 0.48109 -0.00867
0.00486 0.48049 -0.01145
0.00504 0.47936 -0.01425
0.00504 0.4784 -0.01711
0.00486 0.4775 -0.01997
0.00426 0.47642 -0.0227
0.00413 0.47507 -0.02539
0.00469 0.47404 -0.02815
0.00565 0.4733 -0.03092
0.00629 0.47268 -0.03381
0.00645 0.47183 -0.03671
0.00622 0.47093 -0.03958
0.00592 0.46967 -0.04231
0.00546 0.46862 -0.0451
0.00507 0.46753 -0.0479
0.00489 0.4666 -0.05076
0.00504 0.46539 -0.0535
0.00584 0.46418 -0.05612
0.00655 0.46321 -0.0589
0.0068 0.46196 -0.06164
0.00665 0.46058 -0.06431
0.00629 0.45929 -0.06702
0.00578 0.45813 -0.06974
0.00513 0.45677 -0.07232
0.00483 0.45548 -0.07505
0.00491 0.4544 -0.07788
0.00498 0.45367 -0.08082
0.00528 0.45305 -0.08375
0.00586 0.45246 -0.08667
0.00654 0.45165 -0.0895
0.0072 0.45118 -0.09242
0.00754 0.45014 -0.09523
0.00739 0.44873 -0.09787
0.00696 0.44709 -0.10038
0.00689 0.44534 -0.10282
0.00704 0.44414 -0.10558
0.00692 0.44301 -0.10838
0.00689 0.44197 -0.11121
0.00685 0.4411 -0.1141
0.00645 0.44078 -0.11707
0.0062 0.44078 -0.12015
0.00647 0.43943 -0.12294
0.00646 0.43871 -0.12588
0.00679 0.43792 -0.12875
0.00755 0.43708 -0.13151
0.00817 0.43665 -0.13443
0.00867 0.43626 -0.13739
0.00866 0.43547 -0.14031
0.008 0.43482 -0.14319
0.00719 0.43452 -0.14607
0.0063 0.4336 -0.14872
0.00481 0.43289 -0.15118
0.00366 0.43193 -0.15384
0.00349 0.4308 -0.15666
0.00342 0.42948 -0.15937
0.00274 0.42813 -0.16202
0.0024 0.42659 -0.16461
0.00203 0.42517 -0.16723
0.0016 0.42399 -0.16996
0.00117 0.4232 -0.17284
0.00138 0.42237 -0.17575
0.0018 0.42106 -0.17846
0.00179 0.4192 -0.18079
0.00143 0.41759 -0.18333
0.00099 0.41583 -0.18574
0.00024 0.41416 -0.18822
-3e-05 0.41267 -0.19083
-0.00087 0.41102 -0.19303
-0.00256 0.40955 -0.19514
-0.00432 0.40772 -0.19703
-0.00621 0.40576 -0.19848
-0.00831 0.40395 -0.19988
-0.01023 0.40231 -0.2016
-0.00875 0.40054 -0.20326
-0.00871 0.48437 0.08251
-0.0091 0.48556 0.07977
-0.00887 0.48674 0.07702
-0.00865 0.48792 0.07427
-0.00869 0.48908 0.07149
-0.00896 0.48987 0.0686
-0.0095 0.49031 0.0657
-0.00988 0.49065 0.06274
-0.0101 0.49069 0.05973
-0.01046 0.49095 0.05675
-0.01056 0.49112 0.05376
-0.01023 0.49102 0.05079
-0.00956 0.49101 0.04785
-0.00934 0.49064 0.04487
-0.00986 0.49025 0.04192
-0.01037 0.49022 0.03893
-0.01 0.49026 0.03598
-0.00912 0.48982 0.03309
-0.00851 0.48956 0.03014
-0.00789 0.48935 0.02723
-0.00686 0.48918 0.0245
-0.00561 0.48878 0.0219
-0.00412 0.48823 0.01931
-0.00282 0.48747 0.01662
-0.00224 0.48656 0.0138
-0.00195 0.4856 0.01097
-0.00201 0.48459 0.00813
-0.00261 0.48354 0.00538
-0.00312 0.48255 0.00257
-0.00299 0.48186 -0.00036
-0.00211 0.48131 -0.00316
-0.00077 0.48082 -0.00582
0.00064 0.48052 -0.00847
0.00171 0.47948 -0.01107
0.00186 0.47846 -0.01393
0.00183 0.47766 -0.01684
0.00166 0.47672 -0.0197
0.00111 0.47546 -0.02237
0.00103 0.474 -0.025
0.00164 0.47283 -0.02772
0.00249 0.47242 -0.03061
0.00314 0.47179 -0.0335
0.00328 0.47103 -0.03642
0.00303 0.47025 -0.03933
0.00266 0.46936 -0.04219
0.0022 0.46836 -0.045
0.00182 0.4672 -0.04776
0.00169 0.46608 -0.05056
0.00188 0.4647 -0.05321
0.00271 0.46344 -0.05578
0.0034 0.46259 -0.05862
0.00367 0.4613 -0.06135
0.00357 0.45972 -0.06394
0.00317 0.4586 -0.06673
0.00268 0.45747 -0.06948
0.00204 0.45607 -0.07205
0.00172 0.45496 -0.07485
0.00177 0.45404 -0.07772
0.00189 0.45312 -0.08059
0.00222 0.4524 -0.08348
0.00285 0.4516 -0.08634
0.00347 0.4511 -0.08925
0.00414 0.4506 -0.09215
0.00439 0.45014 -0.09517
0.00421 0.44889 -0.09802
0.00393 0.44658 -0.10006
0.0039 0.44471 -0.10243
0.00403 0.44365 -0.10526
0.00391 0.44263 -0.1081
0.00389 0.44156 -0.11092
0.00385 0.44073 -0.11383
0.00354 0.43993 -0.11673
0.00332 0.4398 -0.11977
0.00356 0.43872 -0.12261
0.00354 0.43806 -0.12556
0.00383 0.43755 -0.12851
0.00457 0.43689 -0.13132
0.0052 0.43635 -0.13421
0.0057 0.43598 -0.13717
0.00568 0.43498 -0.14003
0.005 0.43441 -0.14293
0.00432 0.43383 -0.14578
0.00346 0.43282 -0.14843
0.00203 0.43194 -0.15086
0.00085 0.43111 -0.15353
0.00064 0.43017 -0.15641
0.00055 0.42896 -0.15917
-1e-04 0.42756 -0.16179
-0.00045 0.42621 -0.16448
-0.00084 0.42493 -0.16717
-0.00126 0.42383 -0.16994
-0.00165 0.42277 -0.17273
-0.00136 0.42163 -0.1755
-0.0009 0.4202 -0.17813
-0.00105 0.41888 -0.18081
-0.00142 0.41768 -0.18358
-0.00185 0.41592 -0.18603
-0.00259 0.41412 -0.1884
-0.00284 0.41231 -0.1908
-0.00366 0.41071 -0.19306
-0.00535 0.40943 -0.19529
-0.00712 0.4076 -0.19717
-0.00902 0.40571 -0.19863
-0.01111 0.40409 -0.20023
-0.013 0.40262 -0.20213
-0.01222 0.48563 0.08026
-0.01201 0.4867 0.07747
-0.01179 0.4878 0.07467
-0.01183 0.48894 0.07187
-0.0121 0.48979 0.069
-0.01267 0.4903 0.0661
-0.01305 0.49048 0.06312
-0.01329 0.49068 0.06012
-0.01364 0.49073 0.05714
-0.01374 0.4907 0.05413
-0.01342 0.49064 0.05115
-0.01274 0.49063 0.0482
-0.01254 0.49034 0.0452
-0.01307 0.49022 0.04223
-0.01357 0.49011 0.03924
-0.01324 0.49039 0.03627
-0.01236 0.48977 0.03342
-0.01175 0.48933 0.03048
-0.01114 0.48915 0.02755
-0.01013 0.48917 0.02478
-0.0089 0.48878 0.02215
-0.00742 0.48828 0.01955
-0.00613 0.48753 0.01686
-0.00556 0.48652 0.01407
-0.00527 0.48559 0.01123
-0.00529 0.48423 0.00853
-0.00586 0.48308 0.00581
-0.00637 0.48217 0.00296
-0.00623 0.48142 4e-05
-0.00535 0.48085 -0.00277
-0.00401 0.48032 -0.00541
-0.00258 0.47987 -0.00804
-0.00157 0.47904 -0.01072
-0.00134 0.47772 -0.01345
-0.00134 0.47683 -0.01635
-0.00153 0.47601 -0.01925
-0.00211 0.47486 -0.02197
-0.00221 0.47347 -0.02465
-0.00155 0.47215 -0.02728
-0.00062 0.47148 -0.0301
-2e-05 0.47102 -0.03304
8e-05 0.47044 -0.03601
-0.00021 0.46997 -0.03898
-0.00062 0.46943 -0.04194
-0.00109 0.46855 -0.04483
-0.00142 0.46707 -0.04747
-0.0015 0.46564 -0.05014
-0.0013 0.46423 -0.05278
-0.00041 0.46275 -0.05524
0.00027 0.46202 -0.05813
0.00054 0.46076 -0.06088
0.00041 0.45931 -0.06353
3e-05 0.45821 -0.06633
-0.00042 0.45693 -0.06903
-0.00106 0.45557 -0.07163
-0.00138 0.45446 -0.07443
-0.0013 0.45345 -0.07728
-0.00122 0.45276 -0.08021
-0.00088 0.45203 -0.08312
-0.00023 0.45117 -0.08596
0.00047 0.45033 -0.08878
0.00115 0.44983 -0.09168
0.00133 0.44943 -0.09471
0.00118 0.44805 -0.09746
0.00091 0.44601 -0.09971
0.00087 0.44422 -0.10214
0.00102 0.44313 -0.10497
0.00087 0.44241 -0.1079
0.00085 0.44149 -0.11078
0.00084 0.44048 -0.11363
0.00051 0.43985 -0.11657
0.00042 0.43903 -0.11948
0.00059 0.43825 -0.12239
0.00058 0.43761 -0.12535
0.00087 0.43708 -0.1283
0.00158 0.43669 -0.13118
0.0022 0.43655 -0.13415
0.00273 0.43553 -0.13698
0.00268 0.43484 -0.13991
0.00199 0.43461 -0.14289
0.00136 0.43353 -0.14563
0.00058 0.43218 -0.14817
-0.00082 0.43124 -0.1506
-0.00203 0.43056 -0.15329
-0.00226 0.42977 -0.15624
-0.00232 0.42848 -0.15899
-0.00297 0.42718 -0.16166
-0.00334 0.42613 -0.16448
-0.00371 0.4248 -0.16716
-0.00415 0.42375 -0.16996
-0.00445 0.42223 -0.17255
-0.00415 0.42112 -0.17534
-0.00374 0.41994 -0.1781
-0.00389 0.41867 -0.18079
-0.00428 0.41756 -0.1836
-0.00469 0.41595 -0.18617
-0.00542 0.41406 -0.18848
-0.00565 0.41237 -0.19097
-0.00645 0.41087 -0.19331
-0.00812 0.40965 -0.19563
-0.00992 0.40765 -0.19735
-0.01183 0.4058 -0.19884
-0.0139 0.40436 -0.20065
-0.0158 0.40289 -0.20255
-0.01513 0.48688 0.07782
-0.01534 0.48584 0.08063
-0.01494 0.48782 0.07496
-0.01499 0.48885 0.07211
-0.01526 0.48978 0.06926
-0.01583 0.49035 0.06638
-0.01622 0.49035 0.06339
-0.01648 0.49062 0.06039
-0.01684 0.49063 0.0574
-0.01696 0.49058 0.05437
-0.01666 0.49049 0.05137
-0.01597 0.49032 0.04843
-0.01576 0.49003 0.04543
-0.0163 0.48991 0.04246
-0.01679 0.48982 0.03947
-0.01645 0.48982 0.03648
-0.0156 0.48961 0.03358
-0.015 0.48905 0.03066
-0.01439 0.4888 0.02771
-0.01338 0.48878 0.02491
-0.0122 0.48887 0.02218
-0.01071 0.48812 0.01962
-0.00944 0.48759 0.01689
-0.00885 0.48715 0.01394
-0.00856 0.48607 0.01109
-0.0086 0.48438 0.00858
-0.00913 0.48279 0.00608
-0.00959 0.48157 0.00334
-0.00944 0.48078 0.00043
-0.00855 0.48012 -0.00237
-0.00722 0.47962 -0.00504
-0.00578 0.47913 -0.00766
-0.00476 0.47824 -0.01033
-0.00458 0.47706 -0.01311
-0.00453 0.47599 -0.01595
-0.00467 0.47506 -0.01882
-0.00525 0.47397 -0.02156
-0.00538 0.47266 -0.02428
-0.00468 0.47123 -0.02687
-0.00373 0.47054 -0.02969
-0.00314 0.4701 -0.03263
-0.00303 0.46953 -0.0356
-0.00337 0.46918 -0.0386
-0.00377 0.4686 -0.04155
-0.00427 0.46776 -0.04444
-0.00454 0.46625 -0.04707
-0.0046 0.46479 -0.04972
-0.00452 0.46384 -0.05261
-0.00363 0.46237 -0.0551
-0.0028 0.46109 -0.05772
-0.00258 0.4601 -0.06059
-0.00277 0.45901 -0.06339
-0.00314 0.45787 -0.06618
-0.00355 0.45644 -0.06882
-0.00418 0.45504 -0.07141
-0.00449 0.4539 -0.0742
-0.00444 0.45308 -0.07712
-0.00433 0.45233 -0.08006
-0.00394 0.45135 -0.08289
-0.00325 0.45037 -0.08568
-0.00254 0.44947 -0.08849
-0.00175 0.44868 -0.09131
-0.00142 0.448 -0.09425
-0.0015 0.44653 -0.0969
-0.002 0.445 -0.09946
-0.00213 0.44349 -0.1021
-0.002 0.44263 -0.10501
-0.00213 0.44189 -0.10795
-0.00217 0.44112 -0.11088
-0.00219 0.44035 -0.1138
-0.0025 0.43972 -0.11672
-0.00259 0.43912 -0.11972
-0.00239 0.43787 -0.1225
-0.00236 0.43701 -0.1254
-0.00207 0.43646 -0.12836
-0.00137 0.43619 -0.13128
-0.00083 0.43635 -0.13428
-0.00028 0.43571 -0.13721
-0.00031 0.43479 -0.14007
-0.00092 0.4339 -0.1429
-0.00149 0.43269 -0.14558
-0.00231 0.43155 -0.14817
-0.00368 0.43055 -0.15059
-0.00485 0.42972 -0.15326
-0.00506 0.42885 -0.15618
-0.00515 0.4278 -0.15901
-0.00585 0.42687 -0.16184
-0.00622 0.42593 -0.16473
-0.00654 0.42435 -0.16729
-0.00686 0.42273 -0.16981
-0.00719 0.42141 -0.1725
-0.00689 0.42031 -0.1753
-0.00657 0.41959 -0.17824
-0.00672 0.41834 -0.18094
-0.00712 0.41741 -0.18381
-0.00751 0.41595 -0.18649
-0.00823 0.41394 -0.18876
-0.00844 0.41229 -0.19129
-0.00922 0.4111 -0.19381
-0.01094 0.40949 -0.19586
-0.01272 0.4074 -0.19749
-0.01462 0.40575 -0.19926
-0.01668 0.40435 -0.20117
-0.0181 0.48474 0.0835
-0.0185 0.48572 0.08064
-0.01828 0.487 0.07791
-0.01809 0.48803 0.07508
-0.01814 0.48889 0.07217
-0.01842 0.48978 0.0693
-0.019 0.4904 0.06643
-0.01941 0.49043 0.06343
-0.01967 0.49039 0.06041
-0.02005 0.49046 0.0574
-0.02019 0.49058 0.05437
-0.01991 0.49054 0.05139
-0.01923 0.49022 0.04845
-0.01902 0.49001 0.04543
-0.01953 0.4898 0.04247
-0.02001 0.48941 0.0395
-0.01963 0.48911 0.03656
-0.0188 0.48897 0.0336
-0.01826 0.48892 0.03061
-0.01768 0.48882 0.02767
-0.01656 0.48799 0.02502
-0.01549 0.48849 0.02225
-0.01404 0.48814 0.01954
-0.01272 0.48728 0.01682
-0.0122 0.48701 0.01383
-0.01193 0.48616 0.01086
-0.01187 0.48397 0.00865
-0.01224 0.48175 0.00653
-0.01275 0.48069 0.00365
-0.01265 0.48008 0.00068
-0.01179 0.47954 -0.00213
-0.01045 0.47899 -0.00478
-0.00899 0.47837 -0.00738
-0.00804 0.47774 -0.01018
-0.00787 0.47659 -0.01299
-0.00785 0.47572 -0.0159
-0.00791 0.47441 -0.01863
-0.00834 0.47287 -0.0212
-0.00837 0.47133 -0.0238
-0.00773 0.47008 -0.02648
-0.00685 0.46955 -0.02935
-0.00621 0.469 -0.03229
-0.00611 0.46844 -0.03528
-0.00636 0.46789 -0.03826
-0.00675 0.46727 -0.04121
-0.00724 0.46642 -0.04408
-0.00752 0.46496 -0.04674
-0.00772 0.46385 -0.04956
-0.00767 0.46308 -0.05249
-0.00681 0.46181 -0.05507
-0.00602 0.46081 -0.05785
-0.00576 0.45964 -0.06064
-0.00592 0.45841 -0.06341
-0.00625 0.45713 -0.06614
-0.00671 0.45605 -0.06893
-0.00732 0.45458 -0.07149
-0.00763 0.45351 -0.07433
-0.0076 0.45292 -0.07733
-0.00746 0.45191 -0.08019
-0.007 0.45063 -0.0829
-0.0063 0.44963 -0.0857
-0.00561 0.44884 -0.08854
-0.0048 0.44796 -0.09133
-0.00424 0.44668 -0.09403
-0.00447 0.44561 -0.09687
-0.00504 0.44446 -0.09963
-0.00517 0.44304 -0.10231
-0.00506 0.44257 -0.10534
-0.00517 0.44177 -0.10826
-0.00518 0.44083 -0.11115
-0.00519 0.43996 -0.11405
-0.00553 0.43953 -0.11705
-0.00565 0.43893 -0.12008
-0.00534 0.43732 -0.12271
-0.00531 0.43651 -0.12564
-0.00501 0.43594 -0.1286
-0.00423 0.43524 -0.13143
-0.00364 0.43522 -0.13441
-0.00327 0.43535 -0.13747
-0.00326 0.43435 -0.14037
-0.00379 0.43314 -0.14311
-0.00439 0.43206 -0.14585
-0.00518 0.4309 -0.14844
-0.00656 0.43 -0.15091
-0.00766 0.42892 -0.15354
-0.00785 0.42804 -0.15645
-0.00795 0.42707 -0.15932
-0.00866 0.42624 -0.16219
-0.00901 0.42521 -0.16506
-0.00926 0.42343 -0.16752
-0.00963 0.42215 -0.17023
-0.00995 0.42086 -0.17294
-0.00963 0.4196 -0.17568
-0.00929 0.41873 -0.17857
-0.00949 0.418 -0.18145
-0.00988 0.41721 -0.18438
-0.01028 0.41569 -0.18702
-0.01094 0.41402 -0.18955
-0.01117 0.41218 -0.19195
-0.01196 0.41081 -0.1944
-0.01367 0.40892 -0.19618
-0.01545 0.40705 -0.198
-0.01736 0.40555 -0.19986
-0.01946 0.40417 -0.20171
-0.02164 0.48588 0.08117
-0.02123 0.48478 0.08398
-0.02143 0.48679 0.07831
-0.02122 0.48777 0.07545
-0.02127 0.48881 0.0726
-0.02155 0.48975 0.06974
-0.02214 0.49006 0.0668
-0.02256 0.49013 0.06381
-0.02283 0.49005 0.06079
-0.02323 0.49025 0.05778
-0.02338 0.49073 0.05477
-0.02309 0.491 0.05183
-0.02244 0.4905 0.04893
-0.02222 0.49017 0.0459
-0.02269 0.48939 0.043
-0.02319 0.48901 0.04002
-0.02286 0.48899 0.03707
-0.02198 0.48848 0.03415
-0.02142 0.48834 0.03116
-0.02087 0.48828 0.02823
-0.01977 0.48759 0.0256
-0.01849 0.48718 0.02297
-0.01723 0.48745 0.02014
-0.01591 0.48665 0.01739
-0.01532 0.48599 0.01448
-0.01505 0.4851 0.01159
-0.01502 0.48315 0.00927
-0.01549 0.48117 0.00696
-0.01597 0.48004 0.00411
-0.01584 0.47937 0.00115
-0.01502 0.47902 -0.00171
-0.0137 0.4785 -0.00437
-0.01224 0.47784 -0.00697
-0.01122 0.47695 -0.00969
-0.0111 0.47606 -0.0126
-0.01106 0.47507 -0.01544
-0.01105 0.47353 -0.01806
-0.01148 0.47201 -0.02064
-0.0115 0.47044 -0.02322
-0.01087 0.46923 -0.02591
-0.00994 0.46862 -0.02875
-0.00932 0.46811 -0.0317
-0.00917 0.46746 -0.03467
-0.00934 0.46672 -0.03763
-0.00969 0.46602 -0.04056
-0.01012 0.46504 -0.04341
-0.01063 0.46411 -0.04625
-0.01093 0.46342 -0.04921
-0.01083 0.46248 -0.05206
-0.00999 0.46138 -0.05471
-0.00924 0.46065 -0.05761
-0.00896 0.45941 -0.0604
-0.00903 0.45778 -0.06297
-0.00932 0.45637 -0.06566
-0.00982 0.45548 -0.06853
-0.01044 0.45419 -0.0712
-0.01077 0.45332 -0.0741
-0.01072 0.45252 -0.07702
-0.01052 0.45127 -0.07978
-0.01013 0.45038 -0.08263
-0.00938 0.44909 -0.08532
-0.00868 0.44835 -0.08818
-0.00785 0.44742 -0.09095
-0.00729 0.44612 -0.09365
-0.00745 0.44485 -0.09642
-0.00813 0.44424 -0.09938
-0.00822 0.44278 -0.10204
-0.0081 0.44212 -0.105
-0.00824 0.4415 -0.10798
-0.00821 0.44048 -0.11085
-0.00819 0.43958 -0.11375
-0.00855 0.43906 -0.11675
-0.00851 0.43788 -0.11958
-0.00835 0.43708 -0.12249
-0.00832 0.43644 -0.12544
-0.008 0.43591 -0.1284
-0.00725 0.43524 -0.13121
-0.00653 0.43452 -0.13406
-0.00613 0.43446 -0.1371
-0.00624 0.43392 -0.14014
-0.00665 0.43237 -0.14276
-0.00727 0.43141 -0.14557
-0.00808 0.43039 -0.14826
-0.00942 0.42932 -0.1507
-0.01053 0.42833 -0.15334
-0.0107 0.42744 -0.15624
-0.01078 0.42644 -0.1591
-0.01147 0.42557 -0.16195
-0.01176 0.42433 -0.16471
-0.0121 0.423 -0.16742
-0.0125 0.42209 -0.1703
-0.0128 0.42078 -0.17302
-0.01248 0.41937 -0.1757
-0.01213 0.41861 -0.17863
-0.01229 0.41832 -0.18165
-0.01268 0.4175 -0.18459
-0.01311 0.41591 -0.18718
-0.01371 0.41454 -0.18985
-0.01391 0.4127 -0.1923
-0.01475 0.41079 -0.19443
-0.01644 0.40904 -0.19629
-0.01824 0.40727 -0.19812
-0.02016 0.40576 -0.19991
-0.02228 0.40429 -0.2016
-0.02452 0.48725 0.07889
-0.02471 0.48631 0.08174
-0.02434 0.4878 0.07592
-0.02439 0.48851 0.07294
-0.02469 0.48961 0.07013
-0.02529 0.49001 0.06721
-0.02572 0.48999 0.06421
-0.02601 0.49007 0.06119
-0.02641 0.49002 0.05816
-0.02655 0.49085 0.0552
-0.02622 0.49215 0.05233
-0.02558 0.49129 0.04933
-0.0254 0.49004 0.04654
-0.02582 0.48875 0.04374
-0.02634 0.48849 0.04068
-0.02603 0.48858 0.03768
-0.02518 0.48827 0.03477
-0.02456 0.4877 0.03184
-0.02398 0.48747 0.02891
-0.02292 0.48691 0.02621
-0.02166 0.48647 0.02358
-0.02026 0.48627 0.02087
-0.01908 0.48598 0.01803
-0.01847 0.48523 0.01515
-0.01822 0.48443 0.01223
-0.01825 0.48262 0.0098
-0.01878 0.4809 0.00733
-0.01923 0.47972 0.00454
-0.01906 0.47881 0.00164
-0.0182 0.47827 -0.0012
-0.0169 0.47782 -0.0039
-0.01541 0.47708 -0.00644
-0.01439 0.47617 -0.00914
-0.01429 0.47538 -0.01208
-0.01423 0.47432 -0.01491
-0.01426 0.47295 -0.0176
-0.01469 0.4714 -0.02016
-0.01471 0.46986 -0.02278
-0.01402 0.46846 -0.02537
-0.01301 0.46761 -0.02812
-0.0124 0.46717 -0.03108
-0.01224 0.46652 -0.03405
-0.01227 0.46546 -0.0369
-0.01256 0.46466 -0.03982
-0.01304 0.46377 -0.04269
-0.01364 0.46309 -0.0456
-0.01399 0.46253 -0.04856
-0.01393 0.46173 -0.05148
-0.01314 0.46087 -0.05425
-0.01236 0.46004 -0.05707
-0.01208 0.45889 -0.05987
-0.01214 0.45727 -0.06245
-0.01241 0.45579 -0.0651
-0.01288 0.45486 -0.06797
-0.01356 0.45389 -0.07074
-0.01386 0.4529 -0.0736
-0.01377 0.45196 -0.07648
-0.01363 0.45108 -0.07937
-0.01321 0.44999 -0.08216
-0.01251 0.44905 -0.08498
-0.01175 0.44795 -0.08771
-0.01085 0.44679 -0.09037
-0.0103 0.44554 -0.09308
-0.01048 0.4444 -0.09591
-0.01103 0.44328 -0.09867
-0.0112 0.44223 -0.10151
-0.01105 0.44149 -0.10444
-0.01114 0.4407 -0.10737
-0.01111 0.43973 -0.11026
-0.0111 0.43893 -0.11319
-0.01138 0.43829 -0.11616
-0.0114 0.4373 -0.11903
-0.01129 0.4367 -0.122
-0.01125 0.43597 -0.12494
-0.011 0.43595 -0.12797
-0.01026 0.43544 -0.13089
-0.00945 0.43408 -0.13354
-0.00895 0.43365 -0.13652
-0.00898 0.43289 -0.13947
-0.00948 0.43164 -0.1422
-0.01009 0.43072 -0.145
-0.01096 0.42998 -0.1478
-0.01228 0.42882 -0.1502
-0.01337 0.42777 -0.15282
-0.01353 0.42688 -0.15572
-0.01361 0.42596 -0.15861
-0.01426 0.42498 -0.16142
-0.01457 0.42391 -0.16425
-0.01493 0.42272 -0.16702
-0.0153 0.42166 -0.16984
-0.01563 0.42069 -0.17269
-0.01532 0.41953 -0.17549
-0.01495 0.419 -0.17847
-0.015 0.41928 -0.18158
-0.01542 0.41842 -0.18463
-0.01589 0.41653 -0.18707
-0.01653 0.41515 -0.18971
-0.01668 0.41379 -0.19255
-0.0175 0.41141 -0.19436
-0.01919 0.40955 -0.19611
-0.021 0.4077 -0.19785
-0.02295 0.40617 -0.19962
-0.02507 0.40449 -0.20113
-0.02765 0.48741 0.07901
-0.02782 0.48669 0.08192
-0.02749 0.48784 0.07602
-0.02755 0.48853 0.07304
-0.02786 0.48969 0.07023
-0.02847 0.49006 0.0673
-0.02891 0.49009 0.0643
-0.0292 0.48998 0.06129
-0.02962 0.49002 0.05827
-0.02974 0.49049 0.05525
-0.02949 0.49152 0.05236
-0.02883 0.49147 0.04934
-0.02865 0.49013 0.04659
-0.02913 0.48872 0.04388
-0.02961 0.48827 0.04084
-0.02926 0.48803 0.03784
-0.02841 0.48781 0.03493
-0.02785 0.48755 0.03196
-0.02725 0.48706 0.02906
-0.0262 0.48655 0.02632
-0.02491 0.48583 0.02374
-0.02349 0.48555 0.02105
-0.02231 0.48526 0.01824
-0.02171 0.48454 0.01536
-0.02147 0.4839 0.01238
-0.02156 0.48233 0.00978
-0.0221 0.48074 0.00727
-0.02252 0.47945 0.00455
-0.02234 0.4784 0.0017
-0.02145 0.47769 -0.0011
-0.02011 0.47704 -0.00373
-0.01861 0.47622 -0.00623
-0.01758 0.47531 -0.00893
-0.01746 0.47446 -0.01185
-0.01741 0.47341 -0.01469
-0.01751 0.47232 -0.01751
-0.01789 0.47063 -0.01999
-0.01783 0.46885 -0.02245
-0.01717 0.46754 -0.02512
-0.01616 0.4667 -0.02786
-0.01545 0.46602 -0.03074
-0.01524 0.46525 -0.03367
-0.01523 0.46412 -0.0365
-0.01554 0.46337 -0.03944
-0.01608 0.46263 -0.04233
-0.01657 0.46174 -0.0452
-0.01688 0.4611 -0.04814
-0.01696 0.46061 -0.05113
-0.01628 0.46014 -0.05402
-0.0156 0.45979 -0.057
-0.01528 0.4585 -0.05977
-0.01531 0.4568 -0.06229
-0.01557 0.4553 -0.06493
-0.01599 0.45426 -0.06775
-0.01666 0.45325 -0.0705
-0.01696 0.45232 -0.07338
-0.01691 0.45166 -0.07634
-0.01676 0.45073 -0.07923
-0.01634 0.44973 -0.08206
-0.01563 0.44876 -0.08486
-0.01484 0.44749 -0.08751
-0.01393 0.44632 -0.09016
-0.0134 0.4452 -0.09294
-0.01358 0.44415 -0.09578
-0.01411 0.443 -0.09853
-0.01423 0.44172 -0.10128
-0.01406 0.44098 -0.10422
-0.01413 0.44019 -0.10716
-0.01412 0.43932 -0.11007
-0.01408 0.43845 -0.11297
-0.01436 0.43786 -0.11594
-0.01436 0.43678 -0.1188
-0.01424 0.43617 -0.12176
-0.0142 0.43544 -0.1247
-0.01394 0.4352 -0.12772
-0.01322 0.43475 -0.13064
-0.0124 0.43363 -0.13336
-0.01181 0.43285 -0.13624
-0.01175 0.43184 -0.13908
-0.01235 0.43092 -0.14191
-0.01305 0.43053 -0.14483
-0.01388 0.42956 -0.14756
-0.01522 0.4286 -0.15003
-0.01631 0.4276 -0.15266
-0.01642 0.42648 -0.15549
-0.01649 0.4256 -0.15839
-0.01713 0.42463 -0.16122
-0.01743 0.42357 -0.16406
-0.01777 0.42237 -0.16682
-0.01815 0.42149 -0.16969
-0.01848 0.42058 -0.17256
-0.01816 0.4198 -0.17548
-0.01771 0.41987 -0.17852
-0.01789 0.41972 -0.18159
-0.01835 0.41875 -0.1846
-0.01878 0.41683 -0.18707
-0.01934 0.41463 -0.18915
-0.01957 0.41319 -0.19182
-0.02038 0.41153 -0.19413
-0.02203 0.40988 -0.19611
-0.02384 0.40809 -0.198
-0.02577 0.40612 -0.19938
-0.0279 0.40461 -0.20107
-0.03052 0.48545 0.08467
-0.03094 0.48635 0.0818
-0.03078 0.48719 0.07891
-0.03063 0.48766 0.07593
-0.0307 0.48853 0.07301
-0.03102 0.48953 0.07016
-0.03162 0.48974 0.06721
-0.03208 0.48971 0.06422
-0.03241 0.48981 0.06121
-0.03284 0.48988 0.05822
-0.03295 0.49013 0.05518
-0.03262 0.49065 0.05221
-0.03202 0.49084 0.04925
-0.03188 0.48986 0.04641
-0.0324 0.48882 0.0436
-0.03289 0.48836 0.0406
-0.03253 0.48785 0.03763
-0.03168 0.48773 0.03469
-0.03112 0.48752 0.03173
-0.03053 0.48695 0.02885
-0.02948 0.48618 0.02618
-0.02821 0.48555 0.02359
-0.02676 0.485 0.02097
-0.02557 0.48469 0.01814
-0.02496 0.4839 0.01529
-0.02465 0.48288 0.01246
-0.02484 0.48192 0.00961
-0.02539 0.48079 0.00687
-0.02579 0.47906 0.00438
-0.02562 0.47803 0.00152
-0.02471 0.47713 -0.0012
-0.02335 0.47638 -0.00379
-0.02187 0.47561 -0.00632
-0.02083 0.47458 -0.00897
-0.0207 0.47373 -0.01189
-0.02063 0.47266 -0.01471
-0.02069 0.47144 -0.01747
-0.02107 0.46976 -0.01995
-0.02102 0.46801 -0.02243
-0.02034 0.46665 -0.02504
-0.01928 0.46567 -0.02771
-0.01845 0.46469 -0.03048
-0.01817 0.46379 -0.03338
-0.01822 0.46283 -0.03627
-0.01858 0.46221 -0.03923
-0.01909 0.46139 -0.0421
-0.01948 0.46031 -0.04492
-0.01981 0.45972 -0.04788
-0.01993 0.45933 -0.05087
-0.01937 0.45917 -0.05381
-0.01875 0.4589 -0.05681
-0.01849 0.45795 -0.05974
-0.01849 0.45635 -0.06232
-0.01876 0.45507 -0.06505
-0.01914 0.45381 -0.06777
-0.0198 0.45282 -0.07053
-0.02008 0.45181 -0.07338
-0.02 0.451 -0.0763
-0.01989 0.45032 -0.07927
-0.01944 0.4492 -0.08204
-0.0187 0.44806 -0.08477
-0.01792 0.44693 -0.08747
-0.01702 0.44582 -0.09015
-0.0165 0.44489 -0.093
-0.01668 0.44398 -0.09588
-0.01717 0.44255 -0.09852
-0.0173 0.44143 -0.10132
-0.0171 0.44057 -0.10421
-0.01715 0.43968 -0.10712
-0.01707 0.43856 -0.10994
-0.01704 0.43779 -0.11288
-0.01729 0.43707 -0.11581
-0.01732 0.43621 -0.11872
-0.0172 0.43563 -0.12169
-0.01717 0.435 -0.12466
-0.01679 0.43427 -0.12756
-0.01597 0.43349 -0.13033
-0.01532 0.43296 -0.13324
-0.01476 0.43232 -0.13617
-0.01468 0.4313 -0.13902
-0.01531 0.43063 -0.1419
-0.01598 0.43002 -0.14479
-0.01682 0.42923 -0.14755
-0.01819 0.42841 -0.15006
-0.01923 0.4272 -0.15265
-0.01932 0.42607 -0.15547
-0.01937 0.42516 -0.15835
-0.01999 0.42417 -0.16118
-0.02031 0.42335 -0.16409
-0.02065 0.42229 -0.1669
-0.021 0.42121 -0.16971
-0.02133 0.4204 -0.1726
-0.021 0.41997 -0.17558
-0.02068 0.42038 -0.17868
-0.02093 0.41966 -0.1817
-0.02136 0.41833 -0.18456
-0.02166 0.4162 -0.18689
-0.02192 0.41357 -0.18859
-0.02187 0.41156 -0.19094
-0.02304 0.41063 -0.19356
-0.02489 0.40947 -0.19578
-0.02662 0.40746 -0.19757
-0.02857 0.40576 -0.19921
-0.03072 0.40446 -0.20106
-0.03362 0.48491 0.08454
-0.03406 0.48583 0.08169
-0.0339 0.48664 0.0788
-0.03378 0.48749 0.07592
-0.03383 0.48822 0.07298
-0.03414 0.48896 0.07008
-0.03476 0.48928 0.06716
-0.03526 0.4896 0.0642
-0.0356 0.48989 0.06121
-0.03603 0.49036 0.05825
-0.03618 0.49006 0.05523
-0.03582 0.49011 0.05223
-0.03519 0.49006 0.04928
-0.03512 0.48993 0.04629
-0.03562 0.48929 0.0434
-0.03614 0.48847 0.04051
-0.0358 0.48786 0.03756
-0.03494 0.48761 0.03463
-0.03438 0.48743 0.03166
-0.0338 0.4871 0.02874
-0.03277 0.48626 0.02608
-0.03151 0.48546 0.02353
-0.03005 0.48458 0.021
-0.02884 0.48416 0.01822
-0.02825 0.48345 0.01535
-0.02795 0.4825 0.0125
-0.02813 0.48162 0.00962
-0.02867 0.48039 0.00694
-0.02908 0.47881 0.00437
-0.02892 0.4779 0.00147
-0.02801 0.47695 -0.00124
-0.0266 0.47579 -0.00366
-0.02513 0.47504 -0.00619
-0.0241 0.47405 -0.00884
-0.02395 0.47312 -0.01172
-0.02392 0.47222 -0.01461
-0.02396 0.47095 -0.01735
-0.02433 0.46929 -0.01984
-0.02429 0.46752 -0.0223
-0.02357 0.46596 -0.02479
-0.02241 0.46469 -0.0273
-0.02157 0.46371 -0.03007
-0.02125 0.46274 -0.03293
-0.02125 0.46169 -0.03579
-0.02148 0.46082 -0.03869
-0.02193 0.45989 -0.04153
-0.02245 0.45908 -0.04441
-0.02268 0.45831 -0.04733
-0.02267 0.45769 -0.05027
-0.02217 0.45763 -0.05323
-0.02146 0.4572 -0.05615
-0.02139 0.45661 -0.05912
-0.02158 0.45557 -0.06196
-0.0219 0.4545 -0.06478
-0.02227 0.4533 -0.06753
-0.02294 0.45244 -0.07032
-0.02325 0.45162 -0.07323
-0.02306 0.45026 -0.07595
-0.02294 0.44956 -0.0789
-0.02253 0.44866 -0.08175
-0.02176 0.44742 -0.08443
-0.021 0.44647 -0.0872
-0.02012 0.44548 -0.08992
-0.0196 0.44467 -0.09279
-0.01977 0.4437 -0.09567
-0.02023 0.44221 -0.09827
-0.02029 0.44073 -0.10092
-0.02007 0.43986 -0.10382
-0.02009 0.43895 -0.10671
-0.02005 0.43811 -0.10962
-0.02003 0.43739 -0.11256
-0.02025 0.43656 -0.11546
-0.0203 0.43583 -0.1184
-0.02017 0.43521 -0.12136
-0.02013 0.43463 -0.12433
-0.01976 0.43409 -0.12727
-0.01896 0.43349 -0.13009
-0.0183 0.43291 -0.133
-0.01768 0.43185 -0.13578
-0.01763 0.43095 -0.13866
-0.01825 0.43023 -0.14154
-0.01893 0.42964 -0.14443
-0.01972 0.42867 -0.14716
-0.02107 0.42782 -0.14968
-0.02209 0.42662 -0.15226
-0.0222 0.42563 -0.15512
-0.02224 0.42478 -0.15802
-0.02286 0.42387 -0.16085
-0.02316 0.423 -0.16374
-0.0235 0.42202 -0.16658
-0.02384 0.42104 -0.16943
-0.02414 0.42005 -0.17227
-0.02375 0.41933 -0.17518
-0.02344 0.4192 -0.17822
-0.02359 0.41832 -0.18115
-0.02386 0.41682 -0.18381
-0.02421 0.41497 -0.18623
-0.02463 0.41276 -0.18833
-0.02458 0.41072 -0.19063
-0.02558 0.40943 -0.1931
-0.02748 0.4084 -0.19533
-0.02931 0.40665 -0.19726
-0.03138 0.40547 -0.19921
-0.03677 0.48484 0.08424
-0.03722 0.48584 0.08143
-0.03707 0.48662 0.07852
-0.03693 0.48737 0.07561
-0.03696 0.48788 0.07264
-0.03726 0.48851 0.0697
-0.0379 0.48892 0.06681
-0.03841 0.48938 0.06388
-0.03875 0.48969 0.06088
-0.03925 0.49054 0.05796
-0.03937 0.48994 0.05494
-0.03903 0.48986 0.05193
-0.03841 0.4898 0.04897
-0.03833 0.48974 0.04597
-0.03884 0.48919 0.04309
-0.03938 0.48853 0.04016
-0.03905 0.48796 0.0372
-0.0382 0.48746 0.03432
-0.03764 0.48727 0.03134
-0.03706 0.48707 0.0284
-0.03604 0.4862 0.02575
-0.03479 0.48517 0.02327
-0.03335 0.4844 0.02071
-0.03212 0.48371 0.01801
-0.03153 0.48303 0.01512
-0.03124 0.48209 0.01227
-0.03136 0.48084 0.00954
-0.03191 0.47965 0.00683
-0.03237 0.4787 0.00399
-0.0322 0.47782 0.0011
-0.0313 0.47678 -0.0016
-0.02987 0.4753 -0.00385
-0.02836 0.47433 -0.00628
-0.02734 0.47338 -0.00894
-0.02713 0.4722 -0.01172
-0.02712 0.47136 -0.01464
-0.02717 0.47018 -0.01741
-0.02757 0.46866 -0.01998
-0.02756 0.46713 -0.0226
-0.02681 0.46544 -0.02499
-0.02558 0.46379 -0.02725
-0.02468 0.46263 -0.02993
-0.02432 0.46158 -0.03277
-0.02426 0.46037 -0.03555
-0.0244 0.45933 -0.03841
-0.02493 0.45861 -0.04132
-0.02526 0.45744 -0.04411
-0.02553 0.45676 -0.04704
-0.02556 0.45623 -0.05001
-0.02487 0.45586 -0.05291
-0.02419 0.45548 -0.05584
-0.02436 0.4554 -0.05889
-0.02461 0.45455 -0.06177
-0.02496 0.45357 -0.06461
-0.0254 0.45271 -0.06746
-0.02605 0.45184 -0.07025
-0.02632 0.45083 -0.07309
-0.02619 0.44985 -0.07596
-0.02605 0.44908 -0.07889
-0.02564 0.44826 -0.08177
-0.02488 0.44711 -0.08448
-0.02408 0.44586 -0.08713
-0.0232 0.44504 -0.08991
-0.02267 0.44415 -0.09275
-0.02281 0.44307 -0.09557
-0.02329 0.44175 -0.09826
-0.02335 0.44032 -0.10092
-0.02308 0.43924 -0.10374
-0.02311 0.43849 -0.10668
-0.02306 0.43768 -0.1096
-0.02301 0.43681 -0.1125
-0.02322 0.43598 -0.11539
-0.02332 0.43549 -0.11838
-0.02321 0.43502 -0.12137
-0.0231 0.43412 -0.12427
-0.02275 0.43375 -0.12724
-0.022 0.43381 -0.13018
-0.02133 0.43327 -0.13318
-0.02065 0.43155 -0.13569
-0.02058 0.43056 -0.13853
-0.02119 0.42983 -0.14142
-0.02178 0.42884 -0.1442
-0.02254 0.42784 -0.14689
-0.02389 0.42708 -0.14942
-0.02496 0.42609 -0.15207
-0.02508 0.42515 -0.15495
-0.02512 0.42433 -0.15785
-0.02571 0.42335 -0.16068
-0.02599 0.42242 -0.16356
-0.02632 0.42152 -0.16641
-0.02665 0.4205 -0.16924
-0.02691 0.41943 -0.17205
-0.02647 0.4185 -0.17488
-0.02582 0.41759 -0.17769
-0.02566 0.41632 -0.18039
-0.02577 0.41468 -0.18294
-0.02663 0.41357 -0.18571
-0.02727 0.41176 -0.1881
-0.02733 0.41002 -0.1906
-0.0283 0.40872 -0.19301
-0.03011 0.40745 -0.19517
-0.0321 0.40633 -0.19737
-0.03419 0.40532 -0.19938
-0.03991 0.48454 0.08414
-0.04037 0.48569 0.08139
-0.04023 0.48664 0.07854
-0.04009 0.48733 0.07563
-0.04015 0.48771 0.07263
-0.04044 0.48842 0.06969
-0.04107 0.48864 0.06676
-0.04158 0.48899 0.0638
-0.04192 0.48934 0.06082
-0.04237 0.48961 0.05786
-0.04257 0.4897 0.05485
-0.04226 0.48964 0.05186
-0.04164 0.48964 0.0489
-0.04155 0.48934 0.04591
-0.04208 0.48893 0.04298
-0.04262 0.48874 0.03998
-0.04228 0.48847 0.03701
-0.04148 0.48766 0.03418
-0.0409 0.48736 0.0312
-0.04033 0.48716 0.02826
-0.03931 0.48659 0.02552
-0.03809 0.48522 0.02318
-0.03666 0.48426 0.02065
-0.03544 0.48356 0.01792
-0.03485 0.48294 0.01501
-0.03454 0.48182 0.01221
-0.03469 0.48071 0.00941
-0.03523 0.47966 0.00665
-0.03565 0.47842 0.00393
-0.03544 0.47718 0.00119
-0.03452 0.47596 -0.00139
-0.03314 0.47483 -0.00383
-0.03163 0.47374 -0.00622
-0.03058 0.47263 -0.00881
-0.03036 0.47143 -0.0116
-0.03028 0.4704 -0.01444
-0.03035 0.46928 -0.01724
-0.03077 0.46787 -0.01987
-0.03075 0.4663 -0.02245
-0.02999 0.46453 -0.02476
-0.02878 0.46301 -0.02711
-0.02787 0.46176 -0.02977
-0.02751 0.46076 -0.03263
-0.02747 0.45966 -0.03545
-0.02755 0.45841 -0.03821
-0.0279 0.45728 -0.04101
-0.02826 0.45618 -0.04381
-0.02851 0.45547 -0.04675
-0.0285 0.45489 -0.04971
-0.02782 0.45457 -0.0526
-0.02721 0.45435 -0.05557
-0.0272 0.45393 -0.05857
-0.02756 0.45334 -0.0615
-0.02798 0.45257 -0.0644
-0.02848 0.45192 -0.06731
-0.02912 0.45103 -0.07011
-0.02943 0.45029 -0.07302
-0.02935 0.44959 -0.07597
-0.02916 0.44861 -0.07883
-0.02874 0.44773 -0.08168
-0.02801 0.44689 -0.08452
-0.0272 0.44555 -0.08712
-0.02628 0.44449 -0.08981
-0.02571 0.44346 -0.0926
-0.02586 0.44247 -0.09546
-0.02636 0.44137 -0.09824
-0.02641 0.43995 -0.10091
-0.02615 0.43906 -0.1038
-0.02616 0.43833 -0.10674
-0.02609 0.43735 -0.10961
-0.026 0.43639 -0.11248
-0.02616 0.43527 -0.11529
-0.02614 0.43433 -0.11818
-0.02604 0.43389 -0.12117
-0.02602 0.43343 -0.12417
-0.02567 0.43302 -0.12714
-0.02496 0.43312 -0.13007
-0.02433 0.43268 -0.13305
-0.02363 0.43126 -0.13569
-0.02356 0.43025 -0.13854
-0.02413 0.42935 -0.14138
-0.02468 0.42832 -0.14416
-0.02542 0.42718 -0.1468
-0.0268 0.42673 -0.14941
-0.02786 0.42563 -0.15204
-0.02795 0.42464 -0.1549
-0.02797 0.42376 -0.15779
-0.02855 0.42274 -0.16061
-0.02881 0.4218 -0.16349
-0.02908 0.42074 -0.1663
-0.02946 0.41998 -0.1692
-0.02976 0.41913 -0.17209
-0.02925 0.41783 -0.17479
-0.0285 0.41656 -0.17742
-0.02828 0.41509 -0.18002
-0.02843 0.41349 -0.18259
-0.02906 0.41209 -0.18525
-0.02986 0.41061 -0.18781
-0.03005 0.40931 -0.19055
-0.03104 0.4081 -0.193
-0.03285 0.40681 -0.19515
-0.03488 0.40593 -0.19742
-0.03699 0.40498 -0.19945
-0.04214 0.4829 0.0868
-0.04304 0.4842 0.08421
-0.04352 0.4855 0.08152
-0.04338 0.4866 0.07872
-0.04325 0.4875 0.07584
-0.0433 0.48801 0.07286
-0.0436 0.48825 0.06986
-0.04424 0.4883 0.06691
-0.04476 0.48869 0.06394
-0.04512 0.48911 0.06096
-0.04557 0.48914 0.05797
-0.04579 0.48939 0.05496
-0.0455 0.48953 0.05197
-0.04489 0.48978 0.04901
-0.04481 0.48927 0.04602
-0.04534 0.48893 0.04307
-0.04587 0.48874 0.04007
-0.04553 0.48862 0.03708
-0.0447 0.48817 0.03421
-0.04417 0.48752 0.03129
-0.0436 0.48711 0.02836
-0.0426 0.48657 0.0256
-0.04138 0.48528 0.02323
-0.03997 0.48434 0.02069
-0.03875 0.48364 0.01796
-0.03816 0.48273 0.01513
-0.03786 0.48175 0.01229
-0.03799 0.48087 0.00939
-0.03851 0.4803 0.00643
-0.03896 0.47847 0.00399
-0.03876 0.47701 0.00133
-0.03784 0.47573 -0.00124
-0.03645 0.47448 -0.00363
-0.03494 0.47363 -0.00613
-0.03388 0.4723 -0.00862
-0.03365 0.471 -0.01136
-0.03352 0.46972 -0.0141
-0.03357 0.46859 -0.01691
-0.03403 0.46739 -0.01965
-0.03404 0.46602 -0.02237
-0.03331 0.46447 -0.02487
-0.03206 0.46259 -0.02696
-0.03115 0.46127 -0.02957
-0.03074 0.46016 -0.03238
-0.03063 0.45888 -0.03511
-0.03068 0.45753 -0.03783
-0.03095 0.4562 -0.04056
-0.03125 0.45497 -0.04333
-0.03147 0.45422 -0.04628
-0.03151 0.45375 -0.04926
-0.03077 0.45332 -0.05213
-0.03012 0.45306 -0.05509
-0.03014 0.45271 -0.05812
-0.03053 0.45222 -0.06108
-0.03103 0.4517 -0.06402
-0.03155 0.45118 -0.06696
-0.03229 0.45093 -0.06989
-0.03259 0.45008 -0.0728
-0.03244 0.44902 -0.07564
-0.03226 0.44809 -0.07851
-0.03184 0.44728 -0.08138
-0.03112 0.44649 -0.08425
-0.03032 0.4454 -0.08696
-0.02939 0.44426 -0.08962
-0.0288 0.44312 -0.09236
-0.0289 0.44195 -0.09516
-0.02941 0.44096 -0.09797
-0.02949 0.43998 -0.10083
-0.02921 0.43894 -0.10366
-0.0292 0.43804 -0.10656
-0.02913 0.43732 -0.10951
-0.02901 0.43656 -0.11247
-0.02918 0.43518 -0.11518
-0.02916 0.43409 -0.11801
-0.02902 0.43354 -0.12098
-0.02899 0.43298 -0.12396
-0.02863 0.43257 -0.12694
-0.02789 0.43257 -0.12986
-0.02724 0.43192 -0.13276
-0.02662 0.43099 -0.1356
-0.02652 0.42984 -0.1384
-0.02707 0.42885 -0.14122
-0.02759 0.4278 -0.144
-0.02835 0.42688 -0.14674
-0.02972 0.42639 -0.14934
-0.03078 0.42535 -0.152
-0.03085 0.42425 -0.15482
-0.03083 0.42323 -0.15767
-0.0314 0.42224 -0.16051
-0.03163 0.42121 -0.16336
-0.03187 0.42005 -0.16614
-0.03224 0.4193 -0.16906
-0.03254 0.41847 -0.17195
-0.03206 0.41737 -0.17472
-0.03134 0.41615 -0.17739
-0.03113 0.4146 -0.17997
-0.03124 0.41282 -0.18243
-0.03179 0.41124 -0.185
-0.03261 0.40987 -0.18762
-0.0328 0.40867 -0.19041
-0.03375 0.40736 -0.19284
-0.0356 0.40622 -0.19507
-0.03764 0.40539 -0.19736
-0.03979 0.40459 -0.19945
-0.04528 0.48261 0.08671
-0.04619 0.48401 0.08418
-0.04667 0.48534 0.08149
-0.04652 0.48635 0.07865
-0.04641 0.4875 0.07584
-0.04646 0.48841 0.07292
-0.04677 0.48836 0.06988
-0.04743 0.48849 0.06693
-0.04796 0.48876 0.06396
-0.04833 0.4889 0.06095
-0.04881 0.48929 0.05797
-0.04903 0.48953 0.05496
-0.04874 0.48965 0.05194
-0.04812 0.48996 0.04899
-0.04807 0.48942 0.04601
-0.0486 0.48908 0.04305
-0.04913 0.48898 0.04004
-0.04878 0.48866 0.03705
-0.04794 0.48841 0.03415
-0.04742 0.48782 0.03122
-0.04688 0.48721 0.02831
-0.04589 0.48633 0.02563
-0.04466 0.48559 0.02302
-0.04328 0.48439 0.02058
-0.04206 0.4837 0.01787
-0.04147 0.48276 0.01504
-0.04117 0.48194 0.01213
-0.04129 0.48088 0.0093
-0.0418 0.47976 0.00656
-0.04225 0.47875 0.00373
-0.04201 0.47771 0.00088
-0.04112 0.47614 -0.00157
-0.03976 0.47469 -0.00387
-0.03826 0.47324 -0.00608
-0.0372 0.47214 -0.00869
-0.03696 0.4708 -0.0114
-0.0368 0.46925 -0.01401
-0.03683 0.46804 -0.0168
-0.03724 0.46667 -0.01945
-0.03724 0.46527 -0.02214
-0.03651 0.46366 -0.02461
-0.03535 0.46231 -0.02709
-0.03445 0.4614 -0.02985
-0.03403 0.45982 -0.0324
-0.03384 0.45814 -0.03492
-0.03383 0.45668 -0.0376
-0.03404 0.45518 -0.04025
-0.0343 0.45387 -0.043
-0.03449 0.45305 -0.04594
-0.03455 0.45264 -0.04895
-0.03389 0.45247 -0.05187
-0.0331 0.45185 -0.05474
-0.03306 0.4514 -0.05776
-0.03349 0.45104 -0.06075
-0.03406 0.45074 -0.06372
-0.03461 0.45038 -0.06668
-0.03543 0.45043 -0.06961
-0.03576 0.44989 -0.07262
-0.03556 0.44862 -0.07541
-0.0354 0.44788 -0.07835
-0.03495 0.44688 -0.08118
-0.03422 0.44608 -0.08403
-0.03343 0.44509 -0.0868
-0.0325 0.444 -0.08948
-0.03188 0.44273 -0.09216
-0.03198 0.44161 -0.09499
-0.03249 0.44062 -0.09782
-0.03257 0.44004 -0.1008
-0.03226 0.43928 -0.10372
-0.03225 0.43816 -0.10656
-0.03216 0.43754 -0.10954
-0.03204 0.43677 -0.11251
-0.03221 0.43524 -0.11516
-0.03217 0.43389 -0.11788
-0.03202 0.43325 -0.12083
-0.03198 0.43271 -0.12381
-0.03163 0.43238 -0.12681
-0.03085 0.43216 -0.12972
-0.03018 0.43139 -0.13258
-0.02959 0.43061 -0.13548
-0.02948 0.42946 -0.13828
-0.02999 0.42831 -0.14105
-0.03054 0.42747 -0.14391
-0.03132 0.42694 -0.14675
-0.03265 0.42609 -0.14929
-0.03371 0.4252 -0.152
-0.03376 0.42396 -0.15477
-0.03373 0.42292 -0.15762
-0.03428 0.42191 -0.16046
-0.03448 0.42078 -0.16328
-0.03472 0.41956 -0.16605
-0.03503 0.4187 -0.16894
-0.03531 0.41779 -0.17181
-0.03486 0.41685 -0.17465
-0.0341 0.41543 -0.17722
-0.03385 0.41372 -0.17969
-0.03401 0.41209 -0.18226
-0.03459 0.41068 -0.18493
-0.03542 0.40939 -0.1876
-0.0356 0.40827 -0.19043
-0.03653 0.40688 -0.19283
-0.03839 0.40586 -0.19513
-0.04042 0.40494 -0.19744
-0.04257 0.40413 -0.19961
-0.04841 0.48289 0.08653
-0.04933 0.4842 0.08393
-0.04981 0.48547 0.08121
-0.04967 0.48641 0.07832
-0.04954 0.48743 0.07546
-0.0496 0.48819 0.07253
-0.04992 0.48853 0.06954
-0.0506 0.48869 0.06661
-0.05114 0.48893 0.06364
-0.05153 0.48912 0.06062
-0.05201 0.48958 0.05764
-0.05223 0.48992 0.05464
-0.05195 0.48996 0.05162
-0.05133 0.49006 0.04864
-0.05127 0.4898 0.04563
-0.05182 0.48939 0.0427
-0.05235 0.48923 0.03968
-0.05202 0.48883 0.03669
-0.05118 0.48839 0.03381
-0.05066 0.48795 0.03084
-0.05011 0.48755 0.02788
-0.04911 0.48678 0.02513
-0.04792 0.48575 0.02258
-0.04655 0.48459 0.02013
-0.04535 0.48369 0.0175
-0.04477 0.48274 0.01466
-0.04446 0.4819 0.01175
-0.04457 0.48107 0.00882
-0.04509 0.47975 0.00614
-0.04551 0.47878 0.00331
-0.0453 0.47753 0.00056
-0.04438 0.47636 -0.0021
-0.04301 0.47497 -0.00445
-0.04155 0.47331 -0.00655
-0.0405 0.47207 -0.0091
-0.04025 0.47071 -0.0118
-0.04013 0.46871 -0.01415
-0.04009 0.46742 -0.01691
-0.04048 0.46599 -0.01954
-0.0404 0.46417 -0.02195
-0.03969 0.4627 -0.02455
-0.0386 0.4619 -0.02732
-0.03774 0.46148 -0.03025
-0.03729 0.45986 -0.03283
-0.0371 0.45784 -0.03511
-0.03704 0.45604 -0.03757
-0.03719 0.45431 -0.04009
-0.03737 0.45277 -0.04274
-0.03753 0.45187 -0.04568
-0.03767 0.45179 -0.04874
-0.03702 0.45166 -0.05169
-0.03624 0.45108 -0.05456
-0.03613 0.45045 -0.05754
-0.03654 0.45001 -0.06053
-0.0371 0.44979 -0.06351
-0.03764 0.44943 -0.06648
-0.03839 0.44926 -0.06941
-0.03878 0.44893 -0.0724
-0.0387 0.4483 -0.07537
-0.03853 0.44762 -0.07834
-0.03808 0.4466 -0.08117
-0.03734 0.44581 -0.08403
-0.03656 0.44492 -0.08684
-0.03561 0.44375 -0.0895
-0.03499 0.44273 -0.09228
-0.03509 0.4416 -0.09511
-0.03558 0.44068 -0.09797
-0.03562 0.44052 -0.10102
-0.03531 0.43954 -0.10391
-0.0353 0.43831 -0.10672
-0.03519 0.43782 -0.10975
-0.03508 0.437 -0.11276
-0.03522 0.43494 -0.11512
-0.03517 0.43363 -0.11787
-0.03498 0.43265 -0.12075
-0.03495 0.43226 -0.12377
-0.03462 0.43208 -0.1268
-0.03379 0.43153 -0.12967
-0.03315 0.43097 -0.13259
-0.03257 0.43021 -0.13549
-0.03243 0.42895 -0.13825
-0.03294 0.42787 -0.14105
-0.0335 0.42719 -0.14395
-0.03426 0.42649 -0.14676
-0.03559 0.42578 -0.14934
-0.03665 0.425 -0.15209
-0.03668 0.42382 -0.15489
-0.03663 0.42266 -0.1577
-0.03717 0.42176 -0.16059
-0.03736 0.42059 -0.1634
-0.03759 0.41942 -0.16619
-0.03786 0.41829 -0.16899
-0.0381 0.41721 -0.17181
-0.03761 0.41611 -0.17458
-0.03687 0.41477 -0.17721
-0.03666 0.41318 -0.17976
-0.03682 0.41153 -0.18233
-0.03739 0.41011 -0.185
-0.03823 0.4091 -0.18779
-0.03839 0.40795 -0.19061
-0.03931 0.40652 -0.19303
-0.04115 0.40541 -0.19533
-0.0432 0.40453 -0.1977
-0.05148 0.48337 0.08599
-0.0524 0.48459 0.08334
-0.05288 0.48577 0.08058
-0.05275 0.4866 0.07766
-0.05262 0.48758 0.07477
-0.05268 0.48839 0.07185
-0.05299 0.48897 0.06889
-0.05365 0.48935 0.06598
-0.05423 0.48938 0.063
-0.05464 0.48958 0.05996
-0.05509 0.49029 0.05702
-0.05526 0.49093 0.05405
-0.0551 0.49053 0.05103
-0.05452 0.49029 0.04804
-0.05445 0.48999 0.04503
-0.05499 0.48972 0.04208
-0.05555 0.48936 0.03909
-0.05523 0.48896 0.0361
-0.05439 0.48856 0.03321
-0.05386 0.48813 0.03024
-0.05332 0.48778 0.02726
-0.05231 0.48711 0.02448
-0.05112 0.48613 0.02191
-0.04976 0.485 0.01944
-0.04858 0.48396 0.01684
-0.04797 0.48331 0.01392
-0.04767 0.4824 0.01101
-0.04781 0.48108 0.00826
-0.04829 0.48018 0.00542
-0.04875 0.47893 0.00269
-0.04858 0.47717 0.00022
-0.04765 0.47587 -0.0024
-0.04628 0.4747 -0.00488
-0.0448 0.47338 -0.00717
-0.04377 0.47202 -0.00965
-0.0435 0.47083 -0.01243
-0.04333 0.46931 -0.01505
-0.04336 0.46758 -0.01754
-0.04376 0.46559 -0.01982
-0.04371 0.46393 -0.02239
-0.043 0.46247 -0.02499
-0.04184 0.46129 -0.0276
-0.04093 0.46064 -0.03045
-0.0405 0.45928 -0.03313
-0.04031 0.4573 -0.03544
-0.04022 0.45532 -0.03775
-0.04036 0.45347 -0.0402
-0.04056 0.45188 -0.04285
-0.04071 0.4511 -0.04582
-0.04069 0.45057 -0.04882
-0.04001 0.45041 -0.05177
-0.03931 0.45009 -0.05471
-0.03929 0.44972 -0.05774
-0.03974 0.44969 -0.06075
-0.04025 0.4492 -0.0637
-0.04078 0.44888 -0.06668
-0.04146 0.44844 -0.0696
-0.04185 0.44817 -0.07259
-0.04181 0.44783 -0.07562
-0.04164 0.44712 -0.07858
-0.0412 0.44632 -0.08149
-0.04045 0.44556 -0.08435
-0.03966 0.44466 -0.08716
-0.0387 0.44365 -0.08988
-0.03808 0.44275 -0.09271
-0.03816 0.44147 -0.09549
-0.03864 0.44085 -0.09844
-0.03871 0.44048 -0.10146
-0.03836 0.43937 -0.10431
-0.03832 0.43827 -0.10716
-0.03822 0.4376 -0.11013
-0.03809 0.43652 -0.11301
-0.03821 0.43483 -0.11557
-0.03816 0.43349 -0.11829
-0.03796 0.43248 -0.12115
-0.03793 0.43224 -0.1242
-0.03752 0.43141 -0.12711
-0.03671 0.43095 -0.13
-0.03604 0.43026 -0.13289
-0.03542 0.4293 -0.13571
-0.03529 0.4281 -0.13849
-0.03585 0.42731 -0.14139
-0.03641 0.4267 -0.1443
-0.03717 0.42606 -0.14713
-0.03849 0.42529 -0.14969
-0.03953 0.4244 -0.15241
-0.03958 0.42351 -0.15531
-0.03948 0.42226 -0.1581
-0.04001 0.4213 -0.161
-0.04021 0.4206 -0.16397
-0.04042 0.41926 -0.1667
-0.04067 0.41789 -0.1694
-0.04087 0.41659 -0.17212
-0.04034 0.41529 -0.1748
-0.0396 0.41398 -0.17745
-0.03941 0.41246 -0.18004
-0.0396 0.411 -0.18272
-0.04016 0.40963 -0.18542
-0.04099 0.40863 -0.18822
-0.04114 0.40752 -0.19106
-0.04205 0.40617 -0.19354
-0.0439 0.40501 -0.19583
-0.04596 0.40432 -0.19825
-0.05382 0.48246 0.08825
-0.05457 0.48345 0.08544
-0.0555 0.4846 0.08275
-0.05598 0.48575 0.07998
-0.05585 0.48685 0.07714
-0.05573 0.48772 0.07422
-0.05578 0.48873 0.07135
-0.0561 0.48921 0.06836
-0.05676 0.48972 0.06546
-0.05734 0.48964 0.06247
-0.05773 0.48985 0.05941
-0.05817 0.49109 0.05658
-0.05834 0.49189 0.0536
-0.05804 0.49191 0.05052
-0.05768 0.49088 0.04759
-0.05765 0.49037 0.04459
-0.05821 0.48996 0.04164
-0.05874 0.48987 0.03861
-0.05842 0.48949 0.03561
-0.05762 0.48871 0.03277
-0.0571 0.48826 0.02979
-0.05657 0.48773 0.02683
-0.05556 0.48725 0.02402
-0.05434 0.48659 0.02135
-0.05294 0.48572 0.01878
-0.05177 0.48475 0.01615
-0.05125 0.48344 0.01342
-0.05097 0.48229 0.01061
-0.05107 0.48125 0.00775
-0.05156 0.48019 0.00494
-0.05199 0.47914 0.00214
-0.05183 0.47749 -0.00041
-0.05096 0.47582 -0.00283
-0.04958 0.47454 -0.00528
-0.04809 0.47338 -0.00765
-0.04704 0.47206 -0.01017
-0.04673 0.47118 -0.0131
-0.04646 0.47018 -0.01605
-0.04658 0.46798 -0.01827
-0.04706 0.46558 -0.02019
-0.04695 0.46428 -0.02299
-0.04623 0.46289 -0.0256
-0.04512 0.46144 -0.02806
-0.04417 0.46002 -0.03058
-0.04374 0.45879 -0.03335
-0.04354 0.45688 -0.03572
-0.04346 0.45495 -0.03809
-0.04361 0.4531 -0.04055
-0.04381 0.45189 -0.04336
-0.04393 0.45067 -0.04614
-0.04383 0.44967 -0.04905
-0.04314 0.44958 -0.05204
-0.04248 0.44938 -0.05502
-0.04251 0.44981 -0.05807
-0.04293 0.44976 -0.06109
-0.04342 0.449 -0.06401
-0.0439 0.44835 -0.06694
-0.04459 0.44803 -0.06988
-0.04496 0.44773 -0.07288
-0.0449 0.4473 -0.0759
-0.04475 0.44683 -0.07893
-0.04431 0.44625 -0.0819
-0.04355 0.44534 -0.08474
-0.04276 0.44453 -0.08757
-0.04179 0.4436 -0.09032
-0.04116 0.44257 -0.09312
-0.04123 0.4415 -0.09599
-0.0417 0.44055 -0.09886
-0.04166 0.43943 -0.10167
-0.04139 0.43887 -0.10468
-0.04127 0.43762 -0.10749
-0.04131 0.43744 -0.11062
-0.0411 0.43619 -0.11345
-0.04119 0.43512 -0.11633
-0.04112 0.4335 -0.11893
-0.04092 0.43228 -0.12171
-0.04084 0.43157 -0.12466
-0.04046 0.43134 -0.12768
-0.03962 0.43065 -0.13055
-0.03893 0.4297 -0.13337
-0.0383 0.42868 -0.13617
-0.0382 0.42766 -0.13902
-0.03874 0.4269 -0.14193
-0.03927 0.42608 -0.1448
-0.04001 0.42538 -0.14761
-0.0413 0.42452 -0.15016
-0.04228 0.42342 -0.15282
-0.04236 0.42261 -0.15574
-0.04229 0.42169 -0.15865
-0.0428 0.42079 -0.16159
-0.04299 0.41991 -0.16452
-0.04317 0.41864 -0.16728
-0.0434 0.41727 -0.16998
-0.04357 0.4158 -0.17262
-0.04301 0.41439 -0.17524
-0.04226 0.41305 -0.17788
-0.04207 0.41151 -0.18047
-0.0423 0.41023 -0.18325
-0.04288 0.40903 -0.18604
-0.04367 0.40786 -0.18881
-0.04381 0.40688 -0.1917
-0.04473 0.40562 -0.19423
-0.04658 0.40478 -0.19666
-0.05688 0.48241 0.0874
-0.05759 0.48342 0.08456
-0.05851 0.48459 0.08186
-0.05898 0.48562 0.079
-0.05887 0.48693 0.07623
-0.05874 0.48837 0.07352
-0.05879 0.48932 0.07063
-0.05916 0.48953 0.06761
-0.05985 0.48962 0.06468
-0.06043 0.48971 0.06169
-0.06082 0.48997 0.05863
-0.06126 0.49081 0.05568
-0.06148 0.49184 0.05278
-0.0612 0.4919 0.04974
-0.06068 0.49166 0.04675
-0.06075 0.49091 0.04378
-0.06129 0.49066 0.04082
-0.06188 0.49007 0.03783
-0.06155 0.48979 0.0348
-0.06076 0.48896 0.03197
-0.06026 0.48836 0.02901
-0.05971 0.48799 0.02601
-0.05871 0.48748 0.02316
-0.05752 0.48644 0.02055
-0.05616 0.48535 0.01804
-0.055 0.48427 0.01546
-0.05445 0.48306 0.01269
-0.05416 0.48211 0.00978
-0.05423 0.4813 0.00683
-0.05474 0.4801 0.00409
-0.05517 0.479 0.00129
-0.05496 0.4777 -0.00142
-0.05409 0.47614 -0.0039
-0.05272 0.47482 -0.00631
-0.05125 0.47347 -0.00862
-0.05021 0.47203 -0.0111
-0.0499 0.47065 -0.01384
-0.04967 0.4693 -0.01659
-0.04975 0.4674 -0.01893
-0.05018 0.46537 -0.02119
-0.05008 0.46376 -0.02378
-0.04935 0.46244 -0.02643
-0.04824 0.46105 -0.02892
-0.04729 0.4595 -0.03138
-0.04682 0.45788 -0.03395
-0.04664 0.45621 -0.03648
-0.04654 0.45462 -0.03909
-0.04668 0.45286 -0.0416
-0.04686 0.45118 -0.04417
-0.04697 0.44987 -0.04692
-0.04692 0.44926 -0.04995
-0.04627 0.44986 -0.05295
-0.04557 0.44957 -0.05593
-0.04558 0.45001 -0.05899
-0.04597 0.44944 -0.06196
-0.04645 0.44871 -0.06489
-0.04692 0.44795 -0.0678
-0.04757 0.44758 -0.07075
-0.04793 0.4473 -0.07376
-0.04787 0.44707 -0.07683
-0.0477 0.44653 -0.07988
-0.04725 0.44599 -0.08289
-0.04648 0.44517 -0.08574
-0.04569 0.44413 -0.08851
-0.04472 0.44325 -0.09127
-0.04408 0.44244 -0.09418
-0.04415 0.44114 -0.097
-0.04445 0.43928 -0.0995
-0.04432 0.43807 -0.1023
-0.04399 0.43729 -0.10526
-0.04404 0.43664 -0.10827
-0.04395 0.43595 -0.11125
-0.04388 0.43516 -0.11419
-0.044 0.43407 -0.11705
-0.0439 0.43274 -0.11981
-0.04369 0.43185 -0.12274
-0.04362 0.43138 -0.12575
-0.04322 0.43111 -0.12876
-0.04233 0.43073 -0.13174
-0.04165 0.42961 -0.13456
-0.04105 0.42836 -0.13725
-0.04097 0.4274 -0.14008
-0.04149 0.4264 -0.14293
-0.04201 0.42548 -0.14573
-0.04275 0.42468 -0.14844
-0.04398 0.42368 -0.151
-0.04491 0.4225 -0.15371
-0.04496 0.4217 -0.15666
-0.04494 0.42107 -0.15965
-0.04539 0.42 -0.16259
-0.0455 0.41886 -0.16544
-0.04567 0.41755 -0.16816
-0.0459 0.41625 -0.17087
-0.04605 0.41477 -0.17353
-0.04549 0.41337 -0.17619
-0.04473 0.41191 -0.17877
-0.04461 0.41055 -0.18141
-0.04487 0.40961 -0.18431
-0.04544 0.4085 -0.18716
-0.04616 0.40754 -0.19013
-0.04629 0.40614 -0.19284
-0.04725 0.40538 -0.19543
-0.04907 0.40438 -0.19788
-0.04862 0.40406 -0.19911
-0.05886 0.48048 0.0881
-0.05953 0.48212 0.08564
-0.06033 0.4834 0.08298
-0.06128 0.48466 0.08027
-0.0618 0.48615 0.07762
-0.06166 0.48775 0.07498
-0.06153 0.48907 0.07221
-0.06157 0.49019 0.06934
-0.062 0.48989 0.06627
-0.06273 0.48983 0.06334
-0.06332 0.49003 0.06033
-0.06372 0.49043 0.05729
-0.06415 0.49123 0.0543
-0.06432 0.4923 0.05137
-0.0641 0.49208 0.0483
-0.06359 0.4918 0.04531
-0.06353 0.49162 0.04227
-0.06407 0.49142 0.03927
-0.06477 0.49037 0.03634
-0.06451 0.48964 0.03338
-0.06371 0.48894 0.03053
-0.06317 0.48847 0.02754
-0.06266 0.48771 0.02459
-0.06166 0.4872 0.02174
-0.06046 0.48637 0.01904
-0.05913 0.4851 0.01659
-0.05799 0.48381 0.01408
-0.05743 0.48268 0.01126
-0.05709 0.48212 0.00824
-0.0572 0.48104 0.00538
-0.05765 0.48014 0.0025
-0.05804 0.47905 -0.00034
-0.0578 0.47784 -0.00311
-0.05688 0.47646 -0.00566
-0.05545 0.47532 -0.00815
-0.05412 0.47354 -0.01028
-0.05315 0.47182 -0.01264
-0.05292 0.4699 -0.01505
-0.05265 0.46822 -0.01762
-0.05271 0.46668 -0.02024
-0.05306 0.46504 -0.0228
-0.05299 0.46329 -0.02529
-0.05225 0.46183 -0.02787
-0.05115 0.46019 -0.0302
-0.05019 0.45856 -0.03263
-0.0497 0.45703 -0.03527
-0.0495 0.45563 -0.038
-0.0494 0.45371 -0.0404
-0.04948 0.45153 -0.04263
-0.04969 0.4501 -0.0454
-0.04982 0.44912 -0.04831
-0.04976 0.44871 -0.05138
-0.04909 0.44901 -0.05439
-0.04844 0.44939 -0.05737
-0.04841 0.44947 -0.06043
-0.04881 0.44909 -0.06341
-0.04927 0.44839 -0.06636
-0.04972 0.44758 -0.06926
-0.05034 0.44728 -0.07225
-0.05069 0.44706 -0.07529
-0.05061 0.44663 -0.07834
-0.05042 0.44618 -0.08143
-0.04996 0.44559 -0.08443
-0.04918 0.44474 -0.08728
-0.04838 0.4438 -0.09009
-0.04741 0.44259 -0.09274
-0.04677 0.44157 -0.09559
-0.04672 0.43973 -0.0981
-0.047 0.43797 -0.10071
-0.04691 0.43701 -0.10363
-0.04657 0.43629 -0.1066
-0.04657 0.43558 -0.10961
-0.04637 0.43461 -0.1125
-0.04628 0.43374 -0.1154
-0.04641 0.43271 -0.11829
-0.04644 0.43207 -0.1213
-0.04624 0.43139 -0.12429
-0.04617 0.43114 -0.12734
-0.04575 0.43078 -0.13035
-0.04487 0.43075 -0.13343
-0.04418 0.42928 -0.13616
-0.04358 0.42805 -0.13884
-0.04353 0.42684 -0.14153
-0.04403 0.42568 -0.14432
-0.04454 0.42473 -0.14709
-0.04529 0.42393 -0.14975
-0.04643 0.42271 -0.15233
-0.04726 0.42145 -0.15511
-0.04732 0.42084 -0.15814
-0.0473 0.42016 -0.1611
-0.04768 0.41896 -0.16402
-0.04777 0.41774 -0.16684
-0.0479 0.41635 -0.16951
-0.04811 0.41502 -0.17222
-0.04826 0.41378 -0.17505
-0.04769 0.41269 -0.17788
-0.047 0.4111 -0.18036
-0.04691 0.41005 -0.18308
-0.04717 0.40903 -0.18592
-0.04768 0.40804 -0.18885
-0.04831 0.40693 -0.19186
-0.04851 0.4059 -0.1946
-0.04955 0.40468 -0.19689
-0.06138 0.47891 0.08925
-0.06168 0.48069 0.08675
-0.06232 0.4822 0.08417
-0.0632 0.48371 0.08163
-0.06414 0.48573 0.07939
-0.06467 0.48712 0.07668
-0.06455 0.48836 0.07386
-0.06442 0.48945 0.07099
-0.06448 0.49017 0.06803
-0.06487 0.49025 0.065
-0.0656 0.49032 0.06204
-0.06619 0.4906 0.05903
-0.06659 0.49115 0.056
-0.06703 0.49202 0.05302
-0.06717 0.493 0.05007
-0.06689 0.49313 0.047
-0.0665 0.49241 0.04403
-0.06649 0.49198 0.04099
-0.06713 0.49132 0.03806
-0.06768 0.49105 0.03498
-0.0673 0.49064 0.03196
-0.06657 0.48976 0.02912
-0.06619 0.48851 0.02632
-0.06568 0.4877 0.02336
-0.06467 0.48741 0.02044
-0.06347 0.48659 0.01774
-0.06205 0.48573 0.01512
-0.06103 0.48399 0.01277
-0.06047 0.48291 0.00992
-0.06017 0.48203 0.00698
-0.06017 0.48141 0.00396
-0.06066 0.48026 0.00114
-0.06104 0.4792 -0.00172
-0.06069 0.47832 -0.00463
-0.05979 0.47681 -0.00716
-0.05849 0.47532 -0.00952
-0.05713 0.47366 -0.01167
-0.05624 0.47178 -0.01391
-0.05597 0.47002 -0.01641
-0.05576 0.46812 -0.01884
-0.05577 0.46655 -0.02149
-0.05605 0.46517 -0.02423
-0.056 0.46326 -0.02663
-0.0553 0.46155 -0.02907
-0.05418 0.46002 -0.03151
-0.05325 0.45813 -0.03376
-0.05275 0.45643 -0.03629
-0.05253 0.45445 -0.03862
-0.05239 0.45256 -0.04105
-0.05249 0.45053 -0.04345
-0.05272 0.44941 -0.04638
-0.05286 0.44863 -0.04935
-0.05277 0.44805 -0.0524
-0.0521 0.44838 -0.05543
-0.05148 0.44883 -0.05839
-0.05144 0.44921 -0.06145
-0.05181 0.44873 -0.06445
-0.05226 0.44778 -0.06735
-0.05269 0.44751 -0.07039
-0.05328 0.44717 -0.07339
-0.05362 0.44668 -0.07639
-0.05353 0.44629 -0.07945
-0.05335 0.44594 -0.08253
-0.05289 0.44544 -0.08557
-0.0521 0.44449 -0.08843
-0.05131 0.44348 -0.09127
-0.05024 0.44154 -0.09354
-0.04949 0.44 -0.09612
-0.04954 0.4388 -0.099
-0.04988 0.43756 -0.10183
-0.04974 0.43624 -0.10458
-0.04936 0.43542 -0.10753
-0.04931 0.43472 -0.11055
-0.04909 0.43368 -0.11344
-0.04896 0.43275 -0.11637
-0.04913 0.43193 -0.11933
-0.04916 0.43131 -0.12235
-0.04896 0.43071 -0.12537
-0.04889 0.43044 -0.12844
-0.04851 0.43033 -0.13149
-0.04766 0.42995 -0.13448
-0.04695 0.42881 -0.13731
-0.04632 0.42747 -0.14
-0.04619 0.42598 -0.14263
-0.04668 0.42493 -0.14546
-0.04716 0.42405 -0.14831
-0.04787 0.42329 -0.1511
-0.0489 0.42161 -0.1535
-0.04979 0.42068 -0.15637
-0.04986 0.4202 -0.15942
-0.04975 0.41918 -0.16232
-0.05011 0.41791 -0.1652
-0.05015 0.41661 -0.168
-0.05028 0.41538 -0.17079
-0.05047 0.4142 -0.1736
-0.05066 0.41343 -0.17658
-0.05008 0.41229 -0.17939
-0.04935 0.41079 -0.18197
-0.04923 0.40967 -0.18472
-0.04946 0.40868 -0.1876
-0.04993 0.40776 -0.19057
-0.0506 0.40644 -0.19342
-0.05079 0.40501 -0.19601
-0.0518 0.40408 -0.19844
-0.06393 0.47766 0.09057
-0.06417 0.47913 0.08786
-0.06447 0.48085 0.08528
-0.06519 0.48276 0.08296
-0.06606 0.48468 0.08066
-0.067 0.48699 0.07864
-0.06753 0.48799 0.07569
-0.06744 0.48903 0.07278
-0.06733 0.48983 0.06981
-0.06739 0.49021 0.06676
-0.06775 0.49058 0.06373
-0.06846 0.49088 0.06076
-0.06906 0.49135 0.05776
-0.06942 0.49219 0.05476
-0.06971 0.49345 0.05189
-0.06986 0.49436 0.04895
-0.06955 0.49451 0.04589
-0.06936 0.4935 0.04297
-0.06974 0.4921 0.04012
-0.06998 0.49249 0.03698
-0.07021 0.4928 0.03389
-0.06976 0.49246 0.0308
-0.06952 0.49072 0.02816
-0.0694 0.48864 0.02575
-0.06889 0.4877 0.02276
-0.06788 0.4873 0.01985
-0.06666 0.48697 0.01707
-0.06523 0.48626 0.01439
-0.06413 0.48474 0.01191
-0.06355 0.48372 0.00905
-0.06322 0.48298 0.00606
-0.06325 0.48215 0.00307
-0.06362 0.48131 9e-05
-0.06417 0.47976 -0.00254
-0.06388 0.47855 -0.00537
-0.06283 0.47756 -0.00812
-0.06135 0.47656 -0.0107
-0.06007 0.47469 -0.01281
-0.05916 0.47285 -0.01506
-0.05882 0.4712 -0.01767
-0.05878 0.469 -0.01985
-0.05893 0.46702 -0.02223
-0.05932 0.46507 -0.02459
-0.05924 0.46319 -0.02704
-0.05852 0.46158 -0.02959
-0.05739 0.4601 -0.03208
-0.05643 0.4584 -0.03445
-0.056 0.45626 -0.03667
-0.05572 0.45464 -0.03931
-0.05559 0.45257 -0.0416
-0.05577 0.45024 -0.04376
-0.05595 0.44891 -0.04665
-0.05606 0.44829 -0.04971
-0.05598 0.44747 -0.05278
-0.05531 0.44798 -0.05589
-0.05464 0.4498 -0.05855
-0.05457 0.44976 -0.06176
-0.05499 0.44856 -0.06466
-0.05541 0.44813 -0.0677
-0.05581 0.44784 -0.07075
-0.05638 0.44763 -0.0738
-0.05672 0.44693 -0.07678
-0.05664 0.44634 -0.07982
-0.05647 0.44567 -0.08282
-0.05603 0.44517 -0.08587
-0.05522 0.44403 -0.0887
-0.05433 0.44249 -0.09126
-0.05334 0.44136 -0.09399
-0.05258 0.43983 -0.09655
-0.0526 0.43863 -0.0994
-0.05293 0.43738 -0.10222
-0.05277 0.43572 -0.10485
-0.05237 0.43505 -0.10787
-0.0523 0.4343 -0.11088
-0.05209 0.4334 -0.11383
-0.05192 0.43232 -0.11673
-0.0521 0.43188 -0.1198
-0.05211 0.43105 -0.12278
-0.05191 0.43041 -0.12579
-0.05181 0.42997 -0.12886
-0.05134 0.4294 -0.13186
-0.05056 0.42921 -0.13488
-0.04984 0.42804 -0.13768
-0.04922 0.42677 -0.14044
-0.04904 0.42524 -0.14311
-0.04951 0.42421 -0.14599
-0.04997 0.42336 -0.14892
-0.05055 0.42217 -0.15168
-0.05165 0.42097 -0.15426
-0.05258 0.42049 -0.15715
-0.05264 0.41973 -0.16012
-0.05249 0.41855 -0.16299
-0.05283 0.41714 -0.16579
-0.05283 0.41572 -0.16854
-0.05294 0.41454 -0.1714
-0.05314 0.41355 -0.17432
-0.05333 0.41268 -0.17726
-0.05277 0.4118 -0.18015
-0.05201 0.41073 -0.18295
-0.05179 0.41 -0.18592
-0.05187 0.40939 -0.18899
-0.05258 0.40757 -0.19149
-0.0533 0.40577 -0.19398
-0.0534 0.40479 -0.19694
-0.06611 0.47696 0.09216
-0.06673 0.47804 0.0893
-0.067 0.47947 0.08655
-0.06735 0.48144 0.08413
-0.06806 0.48342 0.08184
-0.06895 0.48559 0.07974
-0.06985 0.48721 0.07719
-0.07037 0.48857 0.07448
-0.07027 0.48996 0.07171
-0.07018 0.49054 0.06865
-0.0703 0.49054 0.06553
-0.07066 0.49095 0.06246
-0.07134 0.49159 0.05951
-0.07185 0.49253 0.05657
-0.07198 0.49394 0.05376
-0.07196 0.49562 0.05109
-0.07179 0.49682 0.04819
-0.07186 0.49653 0.04505
-0.07206 0.49509 0.04228
-0.0726 0.49372 0.03941
-0.0722 0.49473 0.03627
-0.07222 0.49527 0.03311
-0.07212 0.49455 0.02985
-0.07243 0.492 0.02766
-0.07268 0.48929 0.02575
-0.0722 0.48806 0.02275
-0.07116 0.48748 0.01983
-0.06994 0.48706 0.01707
-0.06854 0.48628 0.0144
-0.06739 0.48509 0.01178
-0.06676 0.48442 0.00882
-0.06642 0.48371 0.00584
-0.06642 0.48298 0.00284
-0.0667 0.48241 -0.00022
-0.06715 0.48108 -0.00303
-0.0671 0.47914 -0.00552
-0.06607 0.47795 -0.00822
-0.06456 0.47741 -0.01097
-0.06312 0.47583 -0.01331
-0.06219 0.47406 -0.01565
-0.06196 0.47223 -0.0181
-0.06177 0.47036 -0.02059
-0.06208 0.46792 -0.02254
-0.06251 0.46581 -0.02477
-0.06249 0.46369 -0.02705
-0.06171 0.46232 -0.02973
-0.06061 0.46064 -0.03212
-0.05965 0.45888 -0.03449
-0.05916 0.45708 -0.03694
-0.05885 0.45547 -0.03961
-0.05873 0.45334 -0.04188
-0.05897 0.45107 -0.04402
-0.05928 0.44927 -0.04663
-0.05938 0.44832 -0.04967
-0.05933 0.44753 -0.05281
-0.05856 0.44829 -0.05588
-0.05792 0.45 -0.05858
-0.05782 0.44988 -0.0618
-0.05817 0.44901 -0.06479
-0.05855 0.44869 -0.06785
-0.05897 0.44814 -0.07087
-0.05957 0.44763 -0.07387
-0.05989 0.44704 -0.07688
-0.0598 0.44643 -0.07993
-0.05961 0.44534 -0.08284
-0.05912 0.4445 -0.08578
-0.05827 0.44325 -0.08853
-0.05742 0.44198 -0.09123
-0.0564 0.44073 -0.09389
-0.05569 0.43965 -0.09669
-0.0557 0.43856 -0.09961
-0.056 0.43702 -0.1023
-0.05585 0.43584 -0.10513
-0.05543 0.43495 -0.10807
-0.05532 0.43392 -0.111
-0.05508 0.43285 -0.1139
-0.05495 0.43215 -0.11691
-0.05519 0.43194 -0.12004
-0.05513 0.43085 -0.12297
-0.05492 0.43029 -0.12601
-0.05478 0.42959 -0.12904
-0.05431 0.42895 -0.13201
-0.05354 0.42876 -0.13509
-0.05271 0.42713 -0.13771
-0.05209 0.42586 -0.14046
-0.05192 0.42441 -0.14321
-0.05241 0.42362 -0.14619
-0.05285 0.42267 -0.1491
-0.05343 0.42158 -0.15189
-0.05456 0.42128 -0.1547
-0.05546 0.42077 -0.1576
-0.05552 0.41961 -0.16048
-0.05536 0.41816 -0.16323
-0.05567 0.41657 -0.16592
-0.05568 0.41528 -0.16874
-0.05579 0.4142 -0.17165
-0.056 0.41318 -0.17458
-0.05618 0.41262 -0.17762
-0.05561 0.41188 -0.18056
-0.0548 0.41108 -0.18345
-0.05443 0.41105 -0.18658
-0.0546 0.41043 -0.1898
-0.05537 0.40803 -0.19194
-0.05615 0.40589 -0.19416
-0.05622 0.40486 -0.19713
-0.06904 0.477 0.09121
-0.06971 0.47835 0.08851
-0.07002 0.47999 0.0859
-0.07038 0.48194 0.08349
-0.07109 0.48386 0.08116
-0.07194 0.4857 0.0788
-0.07281 0.48708 0.07613
-0.07341 0.48902 0.07376
-0.0733 0.49052 0.07101
-0.07317 0.49127 0.06795
-0.07332 0.49112 0.0648
-0.07367 0.49176 0.06173
-0.07424 0.49286 0.05887
-0.07455 0.49427 0.05608
-0.07434 0.49612 0.05355
-0.0739 0.49823 0.05112
-0.07377 0.49957 0.04807
-0.07385 0.49931 0.04468
-0.07408 0.49773 0.04185
-0.07468 0.49629 0.03916
-0.07448 0.49715 0.03609
-0.07478 0.49752 0.03281
-0.07502 0.49631 0.0296
-0.07525 0.49368 0.02752
-0.07544 0.49119 0.02556
-0.07515 0.48965 0.02284
-0.0743 0.48847 0.0201
-0.07316 0.48768 0.01739
-0.07178 0.48682 0.01473
-0.07062 0.4858 0.01204
-0.07 0.48504 0.00909
-0.06967 0.4843 0.00611
-0.06961 0.48384 0.00304
-0.06991 0.48319 2e-05
-0.07018 0.48237 -0.00299
-0.07007 0.48064 -0.00561
-0.06928 0.47869 -0.00789
-0.06786 0.47753 -0.01042
-0.0664 0.47631 -0.01292
-0.06549 0.47445 -0.0152
-0.06522 0.47292 -0.01789
-0.06508 0.4709 -0.02023
-0.06527 0.4688 -0.02253
-0.06574 0.4665 -0.02459
-0.06562 0.46471 -0.02714
-0.06486 0.46322 -0.02975
-0.06377 0.4615 -0.03212
-0.06287 0.45955 -0.03437
-0.06236 0.4578 -0.03687
-0.06209 0.45597 -0.03936
-0.0619 0.45414 -0.04187
-0.06197 0.45236 -0.04441
-0.06227 0.45073 -0.04706
-0.06243 0.4496 -0.04997
-0.06248 0.44862 -0.05298
-0.06179 0.4486 -0.05609
-0.06109 0.44925 -0.05907
-0.06099 0.44941 -0.06216
-0.06133 0.44928 -0.06523
-0.06171 0.44894 -0.06828
-0.06213 0.44821 -0.07127
-0.06271 0.44767 -0.07426
-0.06301 0.44715 -0.07729
-0.06293 0.44594 -0.08016
-0.0627 0.44468 -0.08299
-0.06217 0.44377 -0.08592
-0.06135 0.44279 -0.08878
-0.06048 0.44139 -0.09142
-0.05948 0.44029 -0.09415
-0.05878 0.43948 -0.09707
-0.05874 0.43787 -0.09977
-0.05905 0.43647 -0.10254
-0.05892 0.43578 -0.10558
-0.05846 0.43458 -0.10841
-0.05835 0.43377 -0.11143
-0.0581 0.43251 -0.11426
-0.05794 0.4316 -0.1172
-0.05803 0.43067 -0.12016
-0.0581 0.43024 -0.12323
-0.05792 0.42988 -0.12632
-0.05774 0.42933 -0.12939
-0.05721 0.42832 -0.13231
-0.05628 0.42739 -0.13511
-0.05556 0.42625 -0.13789
-0.05492 0.42492 -0.14062
-0.05487 0.42406 -0.14359
-0.05541 0.42376 -0.14675
-0.05572 0.42192 -0.14935
-0.05636 0.42136 -0.15227
-0.05755 0.42141 -0.15507
-0.05847 0.42106 -0.1581
-0.05845 0.41976 -0.16105
-0.05823 0.41769 -0.16347
-0.05854 0.4164 -0.16632
-0.05855 0.41521 -0.1692
-0.05862 0.41433 -0.17218
-0.0588 0.41363 -0.17521
-0.05885 0.41347 -0.1783
-0.05832 0.41256 -0.18121
-0.05758 0.41135 -0.18397
-0.05732 0.41078 -0.18702
-0.05755 0.40967 -0.18996
-0.05817 0.40765 -0.19232
-0.05889 0.40593 -0.19485
-0.05896 0.40481 -0.19776
-0.07158 0.475 0.0931
-0.07209 0.47708 0.09084
-0.07278 0.47879 0.08836
-0.07311 0.48048 0.08577
-0.07349 0.48233 0.08329
-0.07421 0.48398 0.08076
-0.07505 0.48562 0.07826
-0.07593 0.48705 0.07563
-0.07651 0.48883 0.07315
-0.07643 0.49044 0.07049
-0.07632 0.49123 0.06748
-0.07639 0.49174 0.06438
-0.07664 0.49293 0.06146
-0.0769 0.49468 0.05889
-0.07689 0.49648 0.05635
-0.07648 0.49857 0.05398
-0.07639 0.5007 0.05131
-0.07697 0.50121 0.04798
-0.07711 0.50085 0.04463
-0.07704 0.49948 0.04172
-0.0773 0.49826 0.03893
-0.07751 0.49874 0.03587
-0.07804 0.49876 0.03259
-0.07833 0.49731 0.02952
-0.07838 0.49468 0.02753
-0.07844 0.49241 0.02538
-0.07815 0.49096 0.02264
-0.07739 0.4896 0.01999
-0.07637 0.48842 0.01739
-0.07501 0.48754 0.01473
-0.07386 0.48645 0.01204
-0.07322 0.48581 0.00907
-0.07283 0.48532 0.00602
-0.07275 0.48489 0.00294
-0.073 0.4844 -0.00014
-0.0733 0.48369 -0.00326
-0.07315 0.48197 -0.00596
-0.07241 0.47976 -0.00806
-0.07109 0.47816 -0.01037
-0.06968 0.47666 -0.01271
-0.06875 0.47506 -0.01517
-0.06848 0.47339 -0.01779
-0.06835 0.47134 -0.0201
-0.06856 0.46923 -0.02239
-0.06884 0.46755 -0.02501
-0.06868 0.46583 -0.0276
-0.06796 0.4642 -0.03013
-0.06688 0.46246 -0.03249
-0.06602 0.46043 -0.0347
-0.06551 0.45862 -0.03717
-0.06527 0.4567 -0.03962
-0.06504 0.45496 -0.0422
-0.06499 0.45347 -0.04494
-0.06485 0.45259 -0.04795
-0.06525 0.45108 -0.05066
-0.06546 0.44986 -0.05355
-0.06486 0.44954 -0.05664
-0.06424 0.44951 -0.05969
-0.06415 0.44953 -0.06278
-0.06444 0.44963 -0.06585
-0.06484 0.44914 -0.06889
-0.06522 0.44856 -0.07192
-0.06574 0.44831 -0.07496
-0.06603 0.44766 -0.07799
-0.06601 0.44621 -0.08078
-0.06585 0.44449 -0.0834
-0.06526 0.44341 -0.08628
-0.06442 0.44232 -0.0891
-0.06355 0.44087 -0.09171
-0.06255 0.43979 -0.09444
-0.06187 0.43915 -0.09743
-0.06181 0.43784 -0.10028
-0.0621 0.43631 -0.103
-0.06189 0.43487 -0.10573
-0.0615 0.4343 -0.10878
-0.06138 0.43327 -0.11176
-0.06103 0.43168 -0.11444
-0.06085 0.4308 -0.11742
-0.06095 0.42991 -0.12039
-0.06098 0.42938 -0.12344
-0.06085 0.42918 -0.12654
-0.06077 0.42896 -0.12968
-0.06025 0.42828 -0.13278
-0.05919 0.42678 -0.13535
-0.05847 0.42567 -0.13815
-0.05786 0.42443 -0.14094
-0.05782 0.42369 -0.14394
-0.05827 0.4227 -0.14688
-0.05864 0.42154 -0.14972
-0.05925 0.42082 -0.15261
-0.06041 0.42054 -0.15542
-0.06129 0.41999 -0.15835
-0.06127 0.41873 -0.16122
-0.06107 0.41737 -0.16403
-0.06132 0.41663 -0.16711
-0.06132 0.41547 -0.17002
-0.0613 0.41488 -0.17308
-0.06134 0.41462 -0.17617
-0.06149 0.4142 -0.17925
-0.06105 0.41285 -0.18206
-0.06035 0.41109 -0.18455
-0.06 0.40978 -0.18732
-0.06011 0.40827 -0.19002
-0.06088 0.40684 -0.19273
-0.06162 0.406 -0.19566
-0.07465 0.47507 0.09296
-0.07516 0.47723 0.09078
-0.07584 0.47929 0.08855
-0.0762 0.48096 0.08594
-0.07662 0.48257 0.0833
-0.07735 0.48403 0.08064
-0.07818 0.48543 0.07798
-0.07909 0.48704 0.07546
-0.07966 0.48886 0.073
-0.07958 0.49033 0.07026
-0.07948 0.49128 0.0673
-0.07951 0.4923 0.06431
-0.07953 0.49419 0.06175
-0.07933 0.49667 0.05977
-0.07915 0.4987 0.05732
-0.07923 0.50041 0.05454
-0.07982 0.50131 0.05142
-0.08038 0.50104 0.04821
-0.08052 0.5006 0.04505
-0.08044 0.49927 0.04217
-0.08048 0.49919 0.03908
-0.08079 0.49995 0.03594
-0.08152 0.49939 0.03268
-0.08175 0.49765 0.02981
-0.08163 0.4951 0.02777
-0.08161 0.49315 0.02533
-0.08134 0.49171 0.02258
-0.08062 0.49023 0.01995
-0.07957 0.48919 0.01727
-0.07825 0.48814 0.01465
-0.07711 0.4871 0.01196
-0.07647 0.48647 0.00897
-0.07605 0.48621 0.00589
-0.07596 0.48581 0.00279
-0.07629 0.48514 -0.00031
-0.07669 0.48363 -0.00307
-0.07654 0.4818 -0.00562
-0.07564 0.48046 -0.0083
-0.07433 0.47878 -0.0106
-0.07289 0.47742 -0.013
-0.07186 0.47609 -0.01562
-0.0716 0.47437 -0.01823
-0.07147 0.47233 -0.02057
-0.07169 0.4702 -0.02286
-0.07185 0.46875 -0.02562
-0.07166 0.46709 -0.02825
-0.07103 0.46526 -0.03068
-0.06997 0.46343 -0.03298
-0.06903 0.46159 -0.03533
-0.0686 0.45958 -0.03767
-0.0684 0.45754 -0.04004
-0.06811 0.45595 -0.04271
-0.06794 0.45473 -0.04558
-0.0676 0.45421 -0.0487
-0.06783 0.4529 -0.05154
-0.06832 0.4513 -0.05426
-0.06782 0.4507 -0.05733
-0.06725 0.45046 -0.0604
-0.06717 0.45037 -0.0635
-0.0675 0.45021 -0.06658
-0.06791 0.44958 -0.06961
-0.06829 0.449 -0.07264
-0.06882 0.44855 -0.07566
-0.0691 0.44803 -0.07872
-0.06892 0.44711 -0.08175
-0.06874 0.44545 -0.08444
-0.06829 0.44374 -0.08701
-0.06749 0.44205 -0.08951
-0.06663 0.44048 -0.09205
-0.06561 0.43927 -0.09472
-0.06489 0.43837 -0.0976
-0.06494 0.43788 -0.10075
-0.06516 0.43636 -0.10355
-0.06493 0.43473 -0.10618
-0.06449 0.43377 -0.10914
-0.06427 0.43219 -0.11184
-0.06398 0.43103 -0.11472
-0.06377 0.43004 -0.11766
-0.06388 0.42926 -0.12066
-0.06391 0.42875 -0.12372
-0.06374 0.42838 -0.12683
-0.06362 0.42796 -0.12995
-0.06304 0.42702 -0.1329
-0.06209 0.42609 -0.13573
-0.06136 0.425 -0.13856
-0.06077 0.424 -0.14144
-0.06071 0.42324 -0.14446
-0.0611 0.42193 -0.14729
-0.0615 0.42096 -0.15019
-0.06209 0.42018 -0.15308
-0.06323 0.41997 -0.15592
-0.06406 0.41922 -0.15882
-0.0641 0.41858 -0.16189
-0.06391 0.41695 -0.16464
-0.06414 0.41654 -0.16782
-0.06398 0.41616 -0.17093
-0.06397 0.41551 -0.17397
-0.06411 0.41505 -0.17706
-0.06433 0.41399 -0.18004
-0.0638 0.41218 -0.18258
-0.06306 0.41036 -0.18503
-0.06267 0.40883 -0.18769
-0.06283 0.40746 -0.19048
-0.06364 0.40649 -0.19336
-0.06435 0.40574 -0.19636
-0.07811 0.47817 0.09135
-0.07892 0.47986 0.08882
-0.07932 0.48124 0.08604
-0.07976 0.48278 0.08333
-0.0805 0.48401 0.08054
-0.08135 0.4854 0.07786
-0.08225 0.48713 0.0754
-0.0828 0.48901 0.07297
-0.08274 0.49043 0.0702
-0.08263 0.49166 0.06734
-0.08259 0.49294 0.06445
-0.08253 0.49507 0.06209
-0.08242 0.49762 0.06021
-0.08227 0.49982 0.05781
-0.08252 0.50104 0.05476
-0.08309 0.50137 0.05157
-0.0836 0.5012 0.04841
-0.08376 0.50046 0.04531
-0.08364 0.49897 0.04247
-0.08376 0.49896 0.03932
-0.08428 0.49963 0.03616
-0.08483 0.4985 0.03312
-0.08496 0.49677 0.03043
-0.08488 0.49511 0.02779
-0.08484 0.49354 0.02508
-0.0846 0.49201 0.02235
-0.08385 0.4907 0.01961
-0.08286 0.48938 0.01697
-0.08149 0.48866 0.01423
-0.08037 0.48745 0.01159
-0.07976 0.48668 0.00861
-0.07936 0.48619 0.00554
-0.07928 0.48585 0.0024
-0.0796 0.48462 -0.00048
-0.07997 0.48326 -0.00325
-0.0798 0.48194 -0.00605
-0.07892 0.48051 -0.00869
-0.07752 0.4793 -0.01123
-0.07605 0.4781 -0.01371
-0.07497 0.477 -0.01648
-0.07475 0.47511 -0.01904
-0.0747 0.47277 -0.02117
-0.07478 0.47098 -0.02372
-0.07498 0.46943 -0.02641
-0.07481 0.46772 -0.029
-0.07407 0.46606 -0.03154
-0.07287 0.46449 -0.03401
-0.07198 0.46258 -0.03636
-0.07175 0.46012 -0.03837
-0.07154 0.45808 -0.04078
-0.07104 0.45697 -0.0437
-0.07069 0.4561 -0.0467
-0.07059 0.45512 -0.04966
-0.0708 0.45389 -0.05251
-0.07054 0.45332 -0.05557
-0.0702 0.4525 -0.05858
-0.07 0.45162 -0.06159
-0.07006 0.45111 -0.06465
-0.07046 0.45069 -0.0677
-0.07087 0.44998 -0.07072
-0.07127 0.44921 -0.07372
-0.07181 0.44847 -0.0767
-0.07211 0.4478 -0.07972
-0.07199 0.44697 -0.08278
-0.07168 0.4462 -0.08605
-0.07123 0.4437 -0.08821
-0.07045 0.44172 -0.09046
-0.06957 0.44007 -0.09295
-0.06855 0.43878 -0.09557
-0.06789 0.43803 -0.09852
-0.06779 0.43671 -0.10141
-0.06806 0.43565 -0.10435
-0.06778 0.43514 -0.10758
-0.06732 0.43283 -0.10987
-0.06706 0.43117 -0.1125
-0.06679 0.43017 -0.11544
-0.06661 0.42948 -0.11849
-0.06669 0.42859 -0.12148
-0.06673 0.42816 -0.12456
-0.06653 0.42773 -0.12768
-0.06631 0.427 -0.13073
-0.06575 0.42611 -0.13368
-0.06482 0.42532 -0.13658
-0.0641 0.42423 -0.13943
-0.06356 0.42349 -0.1424
-0.06347 0.42252 -0.14535
-0.06386 0.4215 -0.1483
-0.06425 0.42054 -0.15119
-0.06486 0.41997 -0.15409
-0.06593 0.41952 -0.15691
-0.06679 0.41933 -0.15995
-0.06681 0.41823 -0.16293
-0.06657 0.41704 -0.16582
-0.06669 0.41722 -0.16907
-0.06651 0.41685 -0.17228
-0.06664 0.41542 -0.17511
-0.06681 0.41445 -0.17808
-0.06681 0.41263 -0.18065
-0.06633 0.4112 -0.18339
-0.06562 0.40952 -0.18595
-0.06526 0.40826 -0.18873
-0.06544 0.40711 -0.19158
-0.06622 0.40626 -0.19453
-0.06687 0.40563 -0.19762
-0.0776 0.47584 0.09345
-0.08053 0.47669 0.09375
-0.08123 0.47837 0.09117
-0.08206 0.47977 0.08852
-0.08246 0.48137 0.08588
-0.0829 0.48281 0.08311
-0.08363 0.48439 0.0805
-0.08445 0.48605 0.07797
-0.08539 0.48772 0.07547
-0.08598 0.48932 0.07289
-0.08591 0.49068 0.07008
-0.08577 0.49207 0.06728
-0.08573 0.49318 0.0643
-0.08566 0.49521 0.06178
-0.08565 0.49787 0.06
-0.08556 0.5002 0.05772
-0.08577 0.50135 0.05464
-0.08631 0.50172 0.05142
-0.08684 0.50125 0.04826
-0.08697 0.50005 0.04531
-0.08686 0.49864 0.04245
-0.08694 0.49825 0.0393
-0.08735 0.4983 0.03617
-0.08779 0.49681 0.0334
-0.08807 0.49551 0.03059
-0.08811 0.49469 0.02754
-0.08805 0.49375 0.02454
-0.08775 0.49256 0.02165
-0.08698 0.49137 0.01886
-0.08602 0.49002 0.01622
-0.08475 0.48878 0.01363
-0.08357 0.48797 0.01086
-0.08299 0.48697 0.00794
-0.0826 0.48637 0.00488
-0.08253 0.4856 0.00182
-0.08286 0.48428 -0.00103
-0.08319 0.48333 -0.00398
-0.08299 0.4822 -0.00687
-0.08206 0.48099 -0.00961
-0.08067 0.47975 -0.01215
-0.07924 0.47838 -0.01457
-0.07828 0.4768 -0.01708
-0.07805 0.47495 -0.0196
-0.07788 0.47302 -0.02208
-0.07776 0.47169 -0.02493
-0.07791 0.47022 -0.02769
-0.07748 0.46892 -0.0305
-0.07666 0.46735 -0.03309
-0.07568 0.46542 -0.03541
-0.07503 0.46307 -0.03743
-0.07466 0.46088 -0.03966
-0.07436 0.45905 -0.04219
-0.0739 0.45782 -0.04504
-0.07359 0.45683 -0.04801
-0.07348 0.45588 -0.05099
-0.07317 0.45552 -0.05405
-0.07219 0.45581 -0.05719
-0.07221 0.45452 -0.06024
-0.07271 0.45275 -0.0629
-0.073 0.45166 -0.06583
-0.07344 0.451 -0.06884
-0.07386 0.45023 -0.07185
-0.07428 0.44912 -0.07475
-0.07483 0.44829 -0.07773
-0.07512 0.44722 -0.08065
-0.07497 0.44597 -0.08355
-0.07479 0.44475 -0.08653
-0.07428 0.44307 -0.08921
-0.0734 0.44131 -0.09163
-0.07248 0.44005 -0.09437
-0.07142 0.43808 -0.09662
-0.07063 0.43668 -0.0993
-0.07058 0.4357 -0.10229
-0.07093 0.43508 -0.10538
-0.0707 0.4343 -0.10855
-0.07011 0.43187 -0.11071
-0.06985 0.43045 -0.11351
-0.06957 0.42956 -0.1165
-0.06936 0.42895 -0.11958
-0.06945 0.42813 -0.1226
-0.06945 0.42748 -0.12566
-0.06923 0.42693 -0.12875
-0.06902 0.42647 -0.13187
-0.06846 0.42555 -0.13482
-0.06751 0.42462 -0.13767
-0.06681 0.42365 -0.14058
-0.06623 0.42269 -0.1435
-0.06616 0.42189 -0.14651
-0.06654 0.42093 -0.14947
-0.06691 0.42025 -0.15247
-0.06749 0.41981 -0.15541
-0.06856 0.41942 -0.15826
-0.06948 0.41916 -0.16142
-0.06936 0.41738 -0.16412
-0.06915 0.41711 -0.16721
-0.06933 0.41737 -0.17051
-0.06917 0.41635 -0.17362
-0.06913 0.41433 -0.17611
-0.06912 0.41278 -0.17882
-0.06925 0.41153 -0.18166
-0.06881 0.41071 -0.18466
-0.06811 0.40908 -0.18728
-0.06775 0.40755 -0.18993
-0.06793 0.4065 -0.19285
-0.0687 0.40597 -0.19589
-0.08354 0.47813 0.0939
-0.08434 0.47875 0.09084
-0.08515 0.47978 0.08804
-0.08554 0.48115 0.08528
-0.08601 0.48278 0.08262
-0.08675 0.48449 0.08009
-0.08749 0.48705 0.07836
-0.08811 0.48946 0.0763
-0.08881 0.49074 0.07341
-0.08901 0.49139 0.07029
-0.08888 0.49268 0.06742
-0.0889 0.49361 0.06442
-0.08881 0.49495 0.06146
-0.08872 0.49732 0.05925
-0.08878 0.49973 0.05714
-0.08906 0.5014 0.0543
-0.08958 0.50177 0.05101
-0.09003 0.50075 0.04793
-0.09014 0.4991 0.04518
-0.09008 0.49843 0.04207
-0.09016 0.49791 0.03893
-0.09052 0.49755 0.03585
-0.09113 0.49651 0.03298
-0.09144 0.49521 0.03015
-0.09138 0.49426 0.02714
-0.09128 0.49349 0.02406
-0.09095 0.49277 0.02101
-0.09011 0.49201 0.01806
-0.08917 0.49057 0.01545
-0.08796 0.48911 0.01293
-0.08682 0.48809 0.01021
-0.08621 0.48732 0.00722
-0.08583 0.48659 0.00418
-0.08576 0.48577 0.00113
-0.08603 0.4848 -0.00186
-0.08636 0.48374 -0.00478
-0.08615 0.48268 -0.00771
-0.08517 0.48167 -0.01054
-0.0838 0.48031 -0.01306
-0.08247 0.47854 -0.01531
-0.08149 0.47704 -0.01786
-0.08117 0.47549 -0.02057
-0.08095 0.47367 -0.02312
-0.0807 0.4727 -0.02612
-0.08065 0.47162 -0.02907
-0.08018 0.47034 -0.03192
-0.07946 0.46853 -0.03445
-0.07852 0.46645 -0.03668
-0.07761 0.46445 -0.03894
-0.07722 0.46228 -0.0412
-0.07718 0.46009 -0.04347
-0.07677 0.45872 -0.04628
-0.07646 0.45775 -0.04926
-0.07622 0.45704 -0.05231
-0.07562 0.45728 -0.05539
-0.07508 0.45709 -0.05856
-0.07489 0.45597 -0.06166
-0.07543 0.45395 -0.06416
-0.07585 0.45263 -0.06698
-0.07642 0.45158 -0.06987
-0.07697 0.45016 -0.07262
-0.07738 0.44886 -0.07544
-0.07791 0.44763 -0.0783
-0.07805 0.44598 -0.08096
-0.07776 0.44442 -0.08368
-0.07757 0.4432 -0.08662
-0.07711 0.44152 -0.08926
-0.07637 0.44018 -0.092
-0.07553 0.43916 -0.09489
-0.0744 0.43754 -0.09738
-0.07357 0.43604 -0.09999
-0.07352 0.43503 -0.10297
-0.07387 0.43475 -0.10617
-0.07357 0.43348 -0.10908
-0.073 0.43183 -0.11173
-0.07272 0.43037 -0.11452
-0.07242 0.42952 -0.11753
-0.07221 0.42871 -0.12056
-0.07229 0.42793 -0.12361
-0.07227 0.42705 -0.12662
-0.07203 0.42641 -0.1297
-0.07183 0.42603 -0.13284
-0.07125 0.42502 -0.13578
-0.07029 0.42394 -0.13858
-0.06961 0.42338 -0.14163
-0.069 0.42214 -0.14447
-0.06889 0.42111 -0.14743
-0.06929 0.4204 -0.15047
-0.06967 0.42 -0.15355
-0.07025 0.41958 -0.15655
-0.07133 0.41912 -0.1595
-0.07199 0.41757 -0.16225
-0.07193 0.41641 -0.16511
-0.0718 0.4164 -0.16826
-0.07203 0.41641 -0.17156
-0.0717 0.41502 -0.17447
-0.07159 0.41317 -0.17704
-0.07159 0.4118 -0.17987
-0.07179 0.4111 -0.18291
-0.07138 0.4109 -0.18611
-0.07064 0.40893 -0.18865
-0.0703 0.40682 -0.19103
-0.07046 0.40642 -0.19417
-0.0712 0.40622 -0.1973
-0.08657 0.47729 0.09274
-0.08725 0.47813 0.08977
-0.08805 0.47925 0.08696
-0.08847 0.48073 0.08425
-0.08893 0.48228 0.08149
-0.08983 0.4846 0.0795
-0.09068 0.48732 0.07811
-0.09134 0.49022 0.07667
-0.09171 0.49225 0.07396
-0.09185 0.4929 0.07074
-0.09191 0.49353 0.06763
-0.09187 0.49486 0.06475
-0.09195 0.49501 0.06152
-0.09165 0.49626 0.05851
-0.09167 0.49856 0.05624
-0.09227 0.50079 0.05384
-0.09284 0.50136 0.05054
-0.09316 0.50005 0.0475
-0.09331 0.49924 0.04448
-0.09324 0.49823 0.04148
-0.09335 0.49779 0.0383
-0.09368 0.49807 0.03513
-0.09417 0.49757 0.03202
-0.09442 0.49656 0.02903
-0.09456 0.49481 0.02638
-0.09452 0.49347 0.0235
-0.09417 0.49286 0.02039
-0.09333 0.49219 0.01744
-0.09238 0.49086 0.01477
-0.09121 0.48932 0.01226
-0.09003 0.48844 0.00947
-0.0894 0.48775 0.00645
-0.08903 0.48699 0.00339
-0.08892 0.48626 0.0003
-0.08913 0.48548 -0.00278
-0.08947 0.48437 -0.00568
-0.08932 0.48311 -0.0085
-0.08838 0.48196 -0.01126
-0.08702 0.4806 -0.01379
-0.08562 0.47909 -0.01617
-0.08463 0.47758 -0.01875
-0.08435 0.4759 -0.02141
-0.08401 0.4744 -0.02416
-0.08386 0.47314 -0.02704
-0.08388 0.4719 -0.02992
-0.08341 0.47072 -0.03277
-0.08259 0.46919 -0.0354
-0.08138 0.46759 -0.03786
-0.08031 0.46577 -0.04027
-0.08 0.46348 -0.04246
-0.07995 0.46129 -0.04473
-0.07967 0.45969 -0.04744
-0.07929 0.45883 -0.05046
-0.07905 0.4581 -0.05351
-0.07853 0.45826 -0.05665
-0.07813 0.45775 -0.05979
-0.07801 0.45642 -0.06275
-0.07823 0.45485 -0.06553
-0.07869 0.45347 -0.06837
-0.07946 0.45191 -0.07098
-0.08004 0.45012 -0.07349
-0.08041 0.44887 -0.0764
-0.08091 0.44661 -0.07863
-0.08101 0.44491 -0.08123
-0.08084 0.44396 -0.08429
-0.08049 0.44221 -0.08695
-0.08005 0.44053 -0.08957
-0.07932 0.43921 -0.09231
-0.07848 0.43814 -0.09515
-0.07742 0.43713 -0.09796
-0.07658 0.43589 -0.10071
-0.07651 0.435 -0.10377
-0.07684 0.43435 -0.10689
-0.07655 0.43321 -0.10977
-0.0759 0.43212 -0.11267
-0.07555 0.43088 -0.11557
-0.07526 0.42987 -0.11854
-0.07509 0.42877 -0.12149
-0.07517 0.42782 -0.12451
-0.07515 0.42689 -0.1275
-0.0749 0.42605 -0.13053
-0.07468 0.42551 -0.13365
-0.0741 0.42448 -0.13657
-0.07312 0.42332 -0.13934
-0.07244 0.42267 -0.14237
-0.07183 0.4217 -0.14531
-0.07171 0.42075 -0.14831
-0.0721 0.41994 -0.15135
-0.07247 0.41939 -0.15444
-0.07298 0.41869 -0.15742
-0.07388 0.41763 -0.16021
-0.07461 0.41651 -0.16304
-0.07455 0.41537 -0.16592
-0.0742 0.4149 -0.16903
-0.0743 0.41464 -0.17226
-0.07404 0.41347 -0.17517
-0.07398 0.41181 -0.1779
-0.07411 0.41103 -0.18097
-0.07432 0.41047 -0.18406
-0.07391 0.40977 -0.18709
-0.07315 0.40794 -0.18963
-0.07278 0.40646 -0.19239
-0.07297 0.40648 -0.1956
-0.08643 0.47652 0.09589
-0.0887 0.47487 0.09426
-0.089 0.47594 0.09127
-0.09 0.47736 0.08859
-0.09093 0.47873 0.08594
-0.09137 0.48023 0.08322
-0.09195 0.48205 0.08065
-0.09293 0.48456 0.07892
-0.09463 0.49004 0.07608
-0.09515 0.49274 0.07397
-0.09504 0.49363 0.07063
-0.09501 0.49393 0.06741
-0.09501 0.49466 0.06434
-0.09506 0.49491 0.06119
-0.09469 0.49545 0.05796
-0.09456 0.49751 0.05542
-0.09504 0.4993 0.05284
-0.09556 0.49957 0.04971
-0.09603 0.49882 0.0467
-0.09628 0.4983 0.04362
-0.09629 0.49783 0.04049
-0.09643 0.49787 0.03728
-0.09676 0.49846 0.03413
-0.0973 0.49763 0.03107
-0.09758 0.49651 0.02814
-0.09761 0.49523 0.02528
-0.09761 0.49382 0.02245
-0.09729 0.49305 0.0194
-0.09645 0.49241 0.01644
-0.09543 0.49141 0.01362
-0.09424 0.48996 0.01106
-0.09306 0.48905 0.00829
-0.09249 0.48812 0.00532
-0.09211 0.48737 0.00225
-0.09201 0.48655 -0.00084
-0.09219 0.48591 -0.00398
-0.09259 0.48446 -0.00675
-0.09241 0.48338 -0.00962
-0.09143 0.48239 -0.01242
-0.09005 0.48111 -0.01498
-0.08869 0.47951 -0.01734
-0.08773 0.4779 -0.01988
-0.08741 0.47628 -0.02261
-0.08705 0.47482 -0.02539
-0.08692 0.47345 -0.02824
-0.0869 0.47231 -0.03115
-0.08638 0.47133 -0.03404
-0.08527 0.4705 -0.03688
-0.08395 0.46902 -0.03949
-0.08303 0.46695 -0.04183
-0.08268 0.46464 -0.04405
-0.08279 0.46217 -0.04608
-0.08247 0.46063 -0.04882
-0.0821 0.45974 -0.05185
-0.08178 0.45921 -0.05494
-0.08151 0.45862 -0.05802
-0.08121 0.45766 -0.061
-0.08105 0.45654 -0.064
-0.08122 0.45522 -0.06696
-0.08179 0.45326 -0.06946
-0.08254 0.45138 -0.07184
-0.08306 0.45021 -0.07472
-0.08345 0.44834 -0.07727
-0.08391 0.44608 -0.0795
-0.08401 0.44446 -0.08214
-0.08376 0.44298 -0.08492
-0.08342 0.44133 -0.08761
-0.08296 0.43977 -0.09031
-0.08223 0.4384 -0.09301
-0.08141 0.43756 -0.09593
-0.08038 0.43675 -0.09881
-0.07954 0.43575 -0.10169
-0.07949 0.43496 -0.10485
-0.07975 0.43359 -0.10772
-0.07948 0.4327 -0.11063
-0.07883 0.4321 -0.11369
-0.07838 0.43145 -0.11686
-0.07814 0.42979 -0.11959
-0.07794 0.42873 -0.12255
-0.07801 0.4278 -0.12559
-0.07799 0.42672 -0.12853
-0.07773 0.42566 -0.1315
-0.07746 0.42468 -0.1345
-0.0769 0.42383 -0.13744
-0.07594 0.42293 -0.14031
-0.07522 0.42213 -0.14332
-0.07463 0.42138 -0.14633
-0.07449 0.42036 -0.14933
-0.07484 0.41934 -0.15235
-0.07515 0.41855 -0.15539
-0.07562 0.41793 -0.15843
-0.07653 0.41701 -0.16127
-0.07723 0.41551 -0.16393
-0.0772 0.41451 -0.16684
-0.07682 0.41396 -0.16993
-0.07666 0.41319 -0.17309
-0.0764 0.41197 -0.17598
-0.07652 0.41092 -0.17899
-0.07664 0.41025 -0.18206
-0.07681 0.40955 -0.18511
-0.07638 0.40868 -0.18803
-0.07567 0.40727 -0.1908
-0.0753 0.40642 -0.19379
-0.09167 0.47221 0.09593
-0.09127 0.47363 0.09313
-0.09189 0.47522 0.09044
-0.09293 0.47675 0.08786
-0.09391 0.4782 0.08526
-0.09442 0.47985 0.08265
-0.095 0.48165 0.08007
-0.09594 0.48401 0.07816
-0.09768 0.48936 0.07513
-0.09843 0.49203 0.07317
-0.09816 0.49296 0.06985
-0.09807 0.49362 0.06674
-0.09798 0.49391 0.06358
-0.09807 0.4943 0.06042
-0.09781 0.49508 0.05731
-0.09746 0.49645 0.05444
-0.09764 0.49775 0.05163
-0.09826 0.49815 0.04862
-0.09894 0.4979 0.04558
-0.09928 0.49786 0.04244
-0.0993 0.49775 0.03927
-0.09945 0.49811 0.0361
-0.09981 0.4984 0.03296
-0.10034 0.49754 0.0299
-0.10065 0.49593 0.02717
-0.10068 0.49478 0.02422
-0.10063 0.49381 0.02121
-0.10031 0.49304 0.01815
-0.09949 0.49234 0.01519
-0.09843 0.49165 0.01229
-0.09707 0.49084 0.00954
-0.09603 0.48949 0.0069
-0.09551 0.48835 0.00399
-0.09513 0.48763 0.00091
-0.09503 0.48684 -0.00218
-0.09527 0.48577 -0.00517
-0.09558 0.48473 -0.0081
-0.09529 0.48402 -0.01111
-0.09427 0.48322 -0.01401
-0.0929 0.48188 -0.01661
-0.09171 0.4797 -0.01868
-0.09071 0.4782 -0.02128
-0.09038 0.47662 -0.024
-0.09005 0.4751 -0.02676
-0.08987 0.47383 -0.02965
-0.08982 0.47275 -0.03259
-0.08927 0.47193 -0.03554
-0.08826 0.47102 -0.03846
-0.087 0.46956 -0.04114
-0.0862 0.46703 -0.04309
-0.08575 0.46486 -0.04535
-0.08544 0.463 -0.04784
-0.08513 0.46144 -0.05054
-0.08479 0.46054 -0.05355
-0.0846 0.45958 -0.05656
-0.08443 0.45855 -0.05953
-0.08415 0.45732 -0.06239
-0.08402 0.45605 -0.06531
-0.08421 0.45443 -0.06809
-0.08473 0.4524 -0.07048
-0.08544 0.45072 -0.07301
-0.08594 0.44901 -0.0756
-0.0863 0.44753 -0.07836
-0.08665 0.44599 -0.08112
-0.08682 0.44394 -0.08347
-0.08656 0.44198 -0.08593
-0.08621 0.44056 -0.08874
-0.08575 0.4392 -0.09153
-0.085 0.43823 -0.0944
-0.08419 0.43727 -0.09729
-0.08319 0.43658 -0.10025
-0.08236 0.43514 -0.10297
-0.08224 0.43385 -0.1059
-0.08251 0.43285 -0.10887
-0.08224 0.43235 -0.11191
-0.08161 0.43181 -0.115
-0.08119 0.43068 -0.11799
-0.08089 0.42944 -0.12088
-0.08067 0.42834 -0.12383
-0.08074 0.4273 -0.12682
-0.08069 0.42603 -0.12971
-0.08042 0.42508 -0.13272
-0.08014 0.42415 -0.13573
-0.07957 0.4234 -0.13872
-0.0786 0.42236 -0.14155
-0.07791 0.42176 -0.14459
-0.07731 0.4208 -0.14754
-0.07717 0.41978 -0.15054
-0.07751 0.41877 -0.15354
-0.0778 0.41809 -0.15661
-0.07825 0.41778 -0.15978
-0.07915 0.41626 -0.16237
-0.07987 0.4149 -0.16508
-0.07984 0.41407 -0.16806
-0.07943 0.41347 -0.17115
-0.07918 0.41218 -0.17412
-0.07897 0.41117 -0.17711
-0.0791 0.41056 -0.18023
-0.07918 0.40974 -0.18327
-0.07937 0.40903 -0.18632
-0.07892 0.40815 -0.18929
-0.07822 0.40698 -0.19217
-0.07777 0.4055 -0.19492
-0.09236 0.4704 0.09849
-0.09438 0.47119 0.09501
-0.09494 0.46924 0.09743
-0.09421 0.473 0.09244
-0.09489 0.47475 0.0899
-0.09593 0.47627 0.08733
-0.09697 0.47786 0.08484
-0.09755 0.47977 0.0824
-0.09809 0.48122 0.0796
-0.09893 0.48334 0.0774
-0.10052 0.48848 0.07398
-0.10094 0.49057 0.07157
-0.10091 0.4919 0.06866
-0.10089 0.49266 0.0656
-0.10091 0.49318 0.06248
-0.10111 0.49399 0.05941
-0.10088 0.49497 0.0564
-0.10057 0.49629 0.05356
-0.10062 0.4971 0.05054
-0.10117 0.49728 0.04745
-0.10194 0.49743 0.04441
-0.10228 0.49745 0.04129
-0.10231 0.49738 0.03812
-0.10245 0.49756 0.03494
-0.10283 0.49787 0.03184
-0.10339 0.49709 0.02884
-0.10372 0.49571 0.02601
-0.10372 0.4948 0.02298
-0.10365 0.49391 0.01995
-0.10335 0.493 0.01691
-0.10251 0.49251 0.0139
-0.10141 0.49213 0.01097
-0.10015 0.49097 0.00832
-0.09919 0.48925 0.00582
-0.09858 0.48853 0.00277
-0.09821 0.48778 -0.00028
-0.09816 0.48668 -0.00325
-0.09835 0.48597 -0.00632
-0.09847 0.48573 -0.0095
-0.09833 0.4844 -0.01239
-0.09746 0.48303 -0.01512
-0.09616 0.48133 -0.01748
-0.09479 0.47985 -0.0199
-0.09376 0.47853 -0.02254
-0.09336 0.47715 -0.02534
-0.09298 0.47576 -0.02814
-0.09276 0.47457 -0.03105
-0.09265 0.47361 -0.03407
-0.09235 0.47205 -0.03682
-0.09148 0.47036 -0.03935
-0.09028 0.46876 -0.04185
-0.08932 0.46683 -0.04417
-0.0888 0.46491 -0.04658
-0.0883 0.46356 -0.04937
-0.0879 0.46212 -0.05214
-0.0877 0.46082 -0.05501
-0.08753 0.4598 -0.058
-0.0874 0.45842 -0.06086
-0.08715 0.45666 -0.06346
-0.08701 0.45526 -0.0663
-0.08717 0.45357 -0.069
-0.08768 0.45156 -0.07141
-0.08838 0.44988 -0.07398
-0.08883 0.4488 -0.07691
-0.08913 0.44767 -0.07991
-0.08958 0.44559 -0.08227
-0.08966 0.44378 -0.08484
-0.08946 0.44153 -0.08706
-0.08908 0.44007 -0.08982
-0.08858 0.43917 -0.0928
-0.08786 0.43802 -0.09564
-0.08707 0.43683 -0.09847
-0.08604 0.4356 -0.1012
-0.08517 0.43416 -0.10388
-0.08507 0.43302 -0.10681
-0.08537 0.43233 -0.10987
-0.08509 0.43187 -0.11296
-0.08445 0.43111 -0.11597
-0.08403 0.43027 -0.119
-0.08372 0.42905 -0.12191
-0.0835 0.42789 -0.12484
-0.08355 0.42664 -0.12774
-0.0835 0.42563 -0.13073
-0.08323 0.42471 -0.13374
-0.08295 0.42369 -0.13671
-0.08235 0.42266 -0.13963
-0.08139 0.42185 -0.14251
-0.0807 0.42107 -0.14547
-0.08011 0.42027 -0.14846
-0.07997 0.41941 -0.15149
-0.08031 0.41864 -0.15453
-0.08061 0.41818 -0.15765
-0.08106 0.41743 -0.16074
-0.08191 0.41558 -0.16319
-0.08264 0.41467 -0.16608
-0.08259 0.41385 -0.16907
-0.08213 0.41281 -0.17203
-0.08192 0.41185 -0.17505
-0.08167 0.4114 -0.17818
-0.08175 0.41089 -0.18135
-0.08187 0.40926 -0.1841
-0.08192 0.40783 -0.1869
-0.08141 0.40673 -0.1898
-0.08084 0.40597 -0.19284
-0.09628 0.4647 0.10164
-0.09556 0.46698 0.09957
-0.09836 0.46602 0.0991
-0.09767 0.46812 0.09684
-0.09716 0.47012 0.09445
-0.09713 0.47216 0.09207
-0.09786 0.474 0.08963
-0.09897 0.47571 0.08723
-0.10009 0.4776 0.08496
-0.1006 0.47908 0.0822
-0.10117 0.48063 0.0795
-0.10196 0.48253 0.07709
-0.09977 0.48594 0.07577
-0.1027 0.48495 0.07518
-0.10323 0.48718 0.07301
-0.10362 0.48921 0.07063
-0.1038 0.49085 0.06795
-0.10398 0.49215 0.0651
-0.10409 0.49313 0.06212
-0.10428 0.49413 0.05914
-0.10406 0.49485 0.05609
-0.10368 0.49576 0.0531
-0.10371 0.4963 0.05002
-0.10432 0.49669 0.04697
-0.10512 0.49704 0.04396
-0.10548 0.49716 0.04086
-0.10553 0.49726 0.03772
-0.10567 0.49733 0.03456
-0.10603 0.49783 0.03143
-0.1066 0.49719 0.02838
-0.10688 0.49632 0.02538
-0.10685 0.4955 0.02234
-0.10675 0.49471 0.01929
-0.10657 0.49337 0.01639
-0.10574 0.49272 0.01338
-0.10461 0.49269 0.01046
-0.10334 0.4916 0.00778
-0.10239 0.48983 0.0053
-0.10179 0.48912 0.00226
-0.10149 0.48799 -0.00066
-0.10138 0.48722 -0.0037
-0.10156 0.4865 -0.00675
-0.10177 0.48596 -0.00989
-0.10164 0.48427 -0.01262
-0.10076 0.48264 -0.01518
-0.09945 0.48123 -0.0177
-0.0981 0.4798 -0.02017
-0.09699 0.47908 -0.02301
-0.09649 0.47804 -0.02593
-0.09607 0.47676 -0.02875
-0.09581 0.47581 -0.03177
-0.09587 0.47451 -0.03474
-0.09562 0.47245 -0.03723
-0.09475 0.47039 -0.03945
-0.09356 0.46872 -0.04189
-0.09258 0.4671 -0.04441
-0.09198 0.46549 -0.04702
-0.09147 0.4642 -0.04984
-0.09107 0.46276 -0.05262
-0.09083 0.46156 -0.05552
-0.09077 0.46 -0.05828
-0.09062 0.45859 -0.06113
-0.09034 0.45694 -0.06384
-0.09022 0.45505 -0.06637
-0.09036 0.45352 -0.06913
-0.09088 0.4516 -0.0716
-0.09152 0.45029 -0.0744
-0.09196 0.44917 -0.07734
-0.09235 0.44734 -0.07989
-0.09271 0.44582 -0.08263
-0.09274 0.44417 -0.08535
-0.09248 0.44205 -0.08765
-0.09208 0.44062 -0.09036
-0.0916 0.43958 -0.09328
-0.0909 0.43835 -0.09613
-0.09014 0.43688 -0.09882
-0.08908 0.43563 -0.1015
-0.08822 0.43424 -0.10418
-0.08812 0.43309 -0.10708
-0.08842 0.43225 -0.11009
-0.08813 0.4319 -0.11322
-0.08749 0.43109 -0.1162
-0.08706 0.43002 -0.11914
-0.08674 0.42904 -0.12213
-0.0865 0.42788 -0.12505
-0.08655 0.42669 -0.12798
-0.0865 0.42547 -0.13089
-0.08622 0.4246 -0.13391
-0.08592 0.42339 -0.1368
-0.08531 0.42226 -0.13969
-0.08436 0.4216 -0.14257
-0.08366 0.42075 -0.14549
-0.08308 0.42001 -0.14851
-0.08295 0.41924 -0.15155
-0.08327 0.41834 -0.15455
-0.08353 0.41755 -0.15758
-0.08395 0.41666 -0.16058
-0.08485 0.41566 -0.1634
-0.08558 0.41461 -0.16626
-0.08549 0.41355 -0.16921
-0.08503 0.41275 -0.17221
-0.0848 0.41178 -0.17514
-0.08456 0.41197 -0.17837
-0.08471 0.41148 -0.18167
-0.08475 0.40919 -0.18413
-0.08471 0.40731 -0.18668
-0.08418 0.40615 -0.18957
-0.08361 0.40544 -0.19264
-0.08306 0.40367 -0.19524
-0.09948 0.46126 0.10308
-0.10176 0.46245 0.10083
-0.10226 0.4602 0.10296
-0.09906 0.46369 0.10111
-0.10104 0.46471 0.09878
-0.10041 0.46691 0.09661
-0.09994 0.46891 0.09422
-0.09991 0.47091 0.09181
-0.10066 0.47274 0.08939
-0.10186 0.4746 0.08716
-0.10307 0.47664 0.08506
-0.10362 0.47829 0.08241
-0.10421 0.47988 0.07976
-0.10503 0.48185 0.07745
-0.1057 0.48401 0.07527
-0.10619 0.48612 0.07298
-0.10656 0.48811 0.07056
-0.10678 0.48982 0.0679
-0.10708 0.49157 0.06531
-0.10721 0.4929 0.06247
-0.10742 0.49413 0.05959
-0.10721 0.49459 0.05648
-0.10686 0.49526 0.0534
-0.10693 0.49605 0.05039
-0.10755 0.4964 0.04735
-0.10834 0.49695 0.04436
-0.1087 0.49722 0.04128
-0.10874 0.49743 0.03816
-0.10889 0.49746 0.03503
-0.10925 0.49739 0.03191
-0.10978 0.49766 0.02881
-0.10987 0.4976 0.02565
-0.10978 0.49693 0.02257
-0.10976 0.49592 0.01959
-0.1096 0.49468 0.0167
-0.1089 0.49343 0.01391
-0.10781 0.49334 0.01096
-0.10654 0.49228 0.00824
-0.10549 0.49095 0.00559
-0.10497 0.48986 0.0027
-0.10469 0.48861 -0.00016
-0.1046 0.48774 -0.00316
-0.10478 0.48697 -0.00619
-0.105 0.48623 -0.00926
-0.10481 0.48505 -0.01222
-0.10395 0.48337 -0.01477
-0.10264 0.48192 -0.01726
-0.10128 0.48058 -0.01977
-0.10022 0.47962 -0.02251
-0.09967 0.4789 -0.0255
-0.09921 0.47782 -0.02841
-0.09909 0.47627 -0.03117
-0.09915 0.47466 -0.03391
-0.09882 0.47295 -0.03657
-0.09791 0.47114 -0.03897
-0.09669 0.46961 -0.0415
-0.09574 0.4678 -0.0439
-0.09502 0.46669 -0.04672
-0.09459 0.46504 -0.0494
-0.09417 0.46369 -0.05221
-0.09392 0.46258 -0.05514
-0.09385 0.46094 -0.05786
-0.09369 0.45946 -0.06067
-0.0934 0.45781 -0.06338
-0.09324 0.45609 -0.06602
-0.09343 0.45431 -0.0686
-0.09391 0.4526 -0.07119
-0.09455 0.45124 -0.07397
-0.09501 0.44983 -0.07675
-0.09534 0.44825 -0.07946
-0.09574 0.44649 -0.08206
-0.09576 0.44493 -0.08481
-0.09544 0.44307 -0.08726
-0.09492 0.44184 -0.09008
-0.09442 0.44072 -0.09297
-0.09382 0.4392 -0.0957
-0.09309 0.43771 -0.09834
-0.09201 0.43652 -0.10098
-0.09103 0.43546 -0.10381
-0.09107 0.43378 -0.1065
-0.09137 0.43283 -0.10947
-0.09109 0.43201 -0.11248
-0.09042 0.43128 -0.11544
-0.08999 0.4303 -0.1184
-0.08967 0.42933 -0.12138
-0.08942 0.42833 -0.12435
-0.08946 0.42708 -0.12727
-0.0894 0.4259 -0.1302
-0.0891 0.42467 -0.13305
-0.08878 0.42349 -0.13595
-0.08817 0.42262 -0.13891
-0.08721 0.4218 -0.14175
-0.08651 0.42077 -0.14459
-0.08589 0.41976 -0.14753
-0.08575 0.41896 -0.15055
-0.08607 0.41812 -0.15355
-0.08628 0.41728 -0.15655
-0.0867 0.41645 -0.15956
-0.08765 0.41561 -0.16246
-0.08834 0.41435 -0.1653
-0.08823 0.4133 -0.16825
-0.08778 0.41278 -0.17128
-0.08752 0.41202 -0.17421
-0.08723 0.41133 -0.17727
-0.0875 0.41095 -0.1805
-0.08745 0.409 -0.18312
-0.08739 0.40719 -0.18574
-0.0869 0.40625 -0.18874
-0.08623 0.40515 -0.19161
-0.0857 0.40343 -0.19423
-0.10233 0.45826 0.10542
-0.1051 0.4593 0.10295
-0.10456 0.46143 0.10071
-0.10384 0.46367 0.09864
-0.10323 0.46585 0.09647
-0.10282 0.46797 0.09418
-0.10278 0.4699 0.09172
-0.10348 0.47153 0.08914
-0.10473 0.47347 0.08699
-0.10596 0.4755 0.08493
-0.10661 0.4774 0.08251
-0.10723 0.47903 0.07989
-0.10805 0.48098 0.07758
-0.10871 0.48311 0.07537
-0.10919 0.48516 0.07304
-0.10956 0.48714 0.07061
-0.10979 0.48887 0.06799
-0.11008 0.49059 0.06538
-0.11029 0.49225 0.06273
-0.11058 0.4939 0.06005
-0.11036 0.49477 0.05702
-0.11002 0.49534 0.05392
-0.11011 0.49606 0.05088
-0.11074 0.49684 0.04794
-0.11157 0.49712 0.04495
-0.11193 0.49735 0.04186
-0.11195 0.49756 0.03875
-0.11206 0.49785 0.03563
-0.11242 0.49788 0.03252
-0.11297 0.49785 0.02942
-0.11303 0.49825 0.02627
-0.11289 0.49784 0.02314
-0.11281 0.49706 0.02008
-0.11263 0.49585 0.01716
-0.11204 0.49412 0.01459
-0.11102 0.49316 0.01182
-0.10976 0.49241 0.00903
-0.10871 0.49113 0.00638
-0.10819 0.49017 0.00343
-0.10786 0.48935 0.00044
-0.10776 0.48846 -0.00254
-0.10795 0.48764 -0.00556
-0.10818 0.48679 -0.00858
-0.10796 0.48574 -0.01157
-0.10697 0.48471 -0.0144
-0.10567 0.48314 -0.01684
-0.1044 0.48152 -0.01923
-0.10338 0.48042 -0.02192
-0.10286 0.47956 -0.02485
-0.10242 0.47841 -0.02772
-0.10226 0.47681 -0.03042
-0.10229 0.47522 -0.03314
-0.10195 0.47365 -0.03587
-0.10103 0.47199 -0.03838
-0.09982 0.47035 -0.04084
-0.09881 0.46884 -0.04338
-0.09808 0.46775 -0.04617
-0.09753 0.46646 -0.04901
-0.09715 0.46492 -0.05176
-0.09702 0.46329 -0.05442
-0.09691 0.46182 -0.05719
-0.09657 0.46087 -0.06021
-0.09621 0.45937 -0.06303
-0.09604 0.45772 -0.06572
-0.09618 0.45607 -0.06838
-0.09675 0.45405 -0.07074
-0.09739 0.45265 -0.07349
-0.09786 0.45119 -0.07626
-0.09823 0.44938 -0.0788
-0.09856 0.4478 -0.08151
-0.09861 0.4461 -0.08416
-0.09817 0.44457 -0.08679
-0.09743 0.44365 -0.08968
-0.09685 0.44254 -0.09262
-0.09656 0.44044 -0.09506
-0.09591 0.43872 -0.09754
-0.0949 0.43722 -0.1
-0.0938 0.43676 -0.10297
-0.09367 0.43541 -0.10586
-0.09411 0.43389 -0.10858
-0.09389 0.43272 -0.11147
-0.0932 0.43192 -0.11439
-0.09277 0.4307 -0.11726
-0.09244 0.42948 -0.12014
-0.09218 0.42854 -0.12311
-0.09222 0.42741 -0.12606
-0.09214 0.42618 -0.12897
-0.09182 0.42514 -0.13188
-0.0915 0.42399 -0.13479
-0.09089 0.42305 -0.13773
-0.08993 0.42229 -0.1406
-0.0892 0.421 -0.14332
-0.08848 0.41952 -0.14604
-0.08828 0.41854 -0.149
-0.08855 0.41763 -0.15197
-0.0888 0.41698 -0.155
-0.08924 0.41635 -0.15805
-0.09017 0.41543 -0.16096
-0.09086 0.41416 -0.16381
-0.09073 0.41306 -0.16673
-0.09026 0.41259 -0.16977
-0.09 0.41222 -0.17275
-0.08969 0.41152 -0.17582
-0.08968 0.4103 -0.17872
-0.08983 0.40889 -0.18155
-0.08987 0.40736 -0.18435
-0.08935 0.40629 -0.1873
-0.08873 0.40568 -0.19037
-0.0882 0.40385 -0.19297
-0.10518 0.45742 0.10545
-0.10802 0.45873 0.10311
-0.10807 0.45679 0.10555
-0.1075 0.46086 0.10087
-0.10673 0.46287 0.0986
-0.10613 0.46501 0.09642
-0.10574 0.46715 0.09415
-0.10573 0.46913 0.09176
-0.10649 0.47089 0.08929
-0.1077 0.47262 0.08696
-0.10892 0.4746 0.08489
-0.10961 0.47652 0.08251
-0.1103 0.47842 0.08012
-0.1111 0.48018 0.07765
-0.11174 0.48225 0.0754
-0.11225 0.4844 0.07315
-0.11255 0.48611 0.07052
-0.11273 0.4877 0.06781
-0.11301 0.4894 0.0652
-0.11325 0.49115 0.06262
-0.11356 0.49276 0.05996
-0.11345 0.49409 0.05714
-0.11316 0.49515 0.0542
-0.11325 0.49648 0.05137
-0.11372 0.49813 0.04867
-0.11453 0.49845 0.04559
-0.11504 0.4981 0.04247
-0.115 0.49865 0.03937
-0.11518 0.49852 0.03625
-0.11559 0.49823 0.03316
-0.11614 0.49823 0.03007
-0.11624 0.49808 0.02695
-0.1161 0.49779 0.02384
-0.11602 0.49737 0.02074
-0.11579 0.49659 0.0177
-0.11513 0.49531 0.01492
-0.11424 0.49349 0.01252
-0.11297 0.49282 0.00966
-0.11194 0.49159 0.007
-0.11141 0.49062 0.00408
-0.11107 0.48981 0.0011
-0.11098 0.48873 -0.00181
-0.11116 0.48791 -0.00482
-0.11139 0.48714 -0.00785
-0.1111 0.48661 -0.011
-0.11016 0.48555 -0.01383
-0.10869 0.48462 -0.01651
-0.10743 0.4828 -0.01883
-0.10653 0.48123 -0.02133
-0.10603 0.4803 -0.02423
-0.1056 0.47903 -0.02704
-0.10544 0.4774 -0.0297
-0.10543 0.47606 -0.03254
-0.10507 0.4745 -0.03527
-0.10414 0.47292 -0.03782
-0.10291 0.47131 -0.0403
-0.1019 0.46973 -0.0428
-0.1012 0.46858 -0.04558
-0.10066 0.4674 -0.04843
-0.1002 0.46625 -0.05139
-0.1001 0.46419 -0.0538
-0.09996 0.4628 -0.05656
-0.0995 0.46234 -0.0597
-0.0991 0.46094 -0.06265
-0.09903 0.45893 -0.06512
-0.0992 0.45684 -0.06741
-0.09959 0.45551 -0.07022
-0.10029 0.45378 -0.07276
-0.10079 0.45222 -0.07543
-0.10102 0.45078 -0.07821
-0.10126 0.44939 -0.08102
-0.10119 0.4479 -0.08378
-0.10077 0.44631 -0.08637
-0.10003 0.44535 -0.08922
-0.09893 0.44494 -0.09241
-0.09877 0.44259 -0.09486
-0.09854 0.44004 -0.09675
-0.09766 0.43821 -0.09905
-0.09672 0.43711 -0.10176
-0.09646 0.43666 -0.10487
-0.0968 0.43513 -0.10764
-0.09662 0.43366 -0.11042
-0.09597 0.43253 -0.11322
-0.09549 0.43152 -0.11616
-0.09516 0.42984 -0.11882
-0.09488 0.4289 -0.12178
-0.09489 0.42762 -0.12466
-0.09481 0.42668 -0.12766
-0.09449 0.42566 -0.13058
-0.09415 0.42456 -0.13349
-0.09354 0.42358 -0.13643
-0.09259 0.42259 -0.13922
-0.09181 0.4212 -0.14185
-0.09108 0.41973 -0.14455
-0.09071 0.41827 -0.14726
-0.09079 0.41687 -0.15008
-0.09108 0.41638 -0.15318
-0.0916 0.41612 -0.15627
-0.09256 0.41567 -0.15926
-0.09328 0.41469 -0.16222
-0.09313 0.41324 -0.16502
-0.09254 0.41224 -0.16794
-0.0923 0.41217 -0.17097
-0.09196 0.41195 -0.17411
-0.0919 0.41071 -0.17699
-0.09199 0.4091 -0.17971
-0.09208 0.40774 -0.1826
-0.09157 0.4065 -0.18552
-0.09098 0.40605 -0.18857
-0.09048 0.4047 -0.19143
-0.1109 0.45802 0.10321
-0.11096 0.45612 0.10568
-0.11034 0.45994 0.10081
-0.10955 0.46184 0.09847
-0.10898 0.464 0.09631
-0.10863 0.46621 0.09413
-0.10866 0.46828 0.09181
-0.10947 0.47023 0.08952
-0.11071 0.472 0.08724
-0.11189 0.4737 0.08493
-0.1126 0.47563 0.0826
-0.11336 0.47777 0.08044
-0.11421 0.47982 0.07822
-0.11479 0.48147 0.0756
-0.1152 0.48328 0.07308
-0.11543 0.48483 0.07036
-0.11569 0.4866 0.06779
-0.11604 0.4885 0.06535
-0.11627 0.49023 0.06277
-0.11655 0.49172 0.06004
-0.1165 0.49323 0.05731
-0.11627 0.4946 0.05449
-0.11639 0.49622 0.05183
-0.11695 0.4979 0.04924
-0.11768 0.4991 0.04637
-0.11804 0.49932 0.04321
-0.1181 0.4992 0.04008
-0.1183 0.49899 0.03697
-0.11872 0.4987 0.0339
-0.11928 0.49862 0.03083
-0.11939 0.49831 0.02773
-0.11926 0.49793 0.02463
-0.11918 0.49758 0.02153
-0.11896 0.49696 0.01846
-0.11831 0.49584 0.01562
-0.11739 0.4942 0.01313
-0.11618 0.49315 0.01038
-0.11511 0.49237 0.00757
-0.11458 0.49141 0.00467
-0.11428 0.49032 0.00179
-0.11415 0.4895 -0.0012
-0.1143 0.4888 -0.00422
-0.1145 0.48804 -0.00725
-0.11427 0.4872 -0.01029
-0.11335 0.48563 -0.01287
-0.11193 0.48485 -0.01559
-0.11052 0.48413 -0.01837
-0.10952 0.48284 -0.02104
-0.10918 0.48118 -0.02364
-0.10879 0.47971 -0.02636
-0.1086 0.4776 -0.02872
-0.10858 0.47658 -0.0317
-0.10817 0.47538 -0.03459
-0.10722 0.47382 -0.03714
-0.10597 0.47233 -0.03967
-0.10483 0.47115 -0.04237
-0.10424 0.46959 -0.04501
-0.1038 0.46778 -0.04753
-0.10337 0.46642 -0.0503
-0.10318 0.46498 -0.05305
-0.10303 0.46361 -0.05584
-0.1027 0.46263 -0.05881
-0.10229 0.46168 -0.0619
-0.10213 0.45952 -0.06426
-0.10225 0.45741 -0.06655
-0.10266 0.45582 -0.0692
-0.1033 0.45448 -0.07195
-0.10376 0.45319 -0.07477
-0.10397 0.45184 -0.07757
-0.10406 0.45084 -0.08055
-0.10384 0.44962 -0.08343
-0.10332 0.44816 -0.08606
-0.10222 0.44777 -0.089
-0.10142 0.44709 -0.09224
-0.10132 0.44453 -0.09461
-0.10082 0.44224 -0.09676
-0.10028 0.43973 -0.09853
-0.09959 0.43781 -0.10082
-0.09939 0.43685 -0.1037
-0.09962 0.43607 -0.1067
-0.09934 0.43483 -0.1096
-0.09874 0.43338 -0.11228
-0.09829 0.43197 -0.11501
-0.09793 0.43041 -0.11771
-0.09763 0.42906 -0.12049
-0.09763 0.42799 -0.12343
-0.09753 0.42723 -0.12648
-0.09719 0.42634 -0.12943
-0.09684 0.42527 -0.13235
-0.0962 0.42436 -0.1353
-0.09527 0.42301 -0.13795
-0.09446 0.42149 -0.14047
-0.09369 0.4199 -0.14308
-0.09329 0.41835 -0.14572
-0.0933 0.41671 -0.1484
-0.09349 0.41597 -0.15147
-0.09399 0.41573 -0.15456
-0.09498 0.41573 -0.15756
-0.0957 0.41515 -0.16061
-0.09555 0.41426 -0.16364
-0.09498 0.41255 -0.16628
-0.09468 0.4121 -0.16928
-0.09431 0.41238 -0.17246
-0.09427 0.41182 -0.17565
-0.0943 0.40981 -0.1782
-0.09426 0.40796 -0.18078
-0.0938 0.40684 -0.18377
-0.09307 0.40577 -0.18655
-0.09284 0.40528 -0.18968
-0.09279 0.40398 -0.1926
-0.09029 0.4027 -0.19387
-0.11372 0.45702 0.10322
-0.11382 0.45542 0.10589
-0.11315 0.45891 0.1008
-0.11239 0.46086 0.09849
-0.11183 0.46303 0.09634
-0.11151 0.46524 0.09416
-0.1116 0.4675 0.09205
-0.11247 0.46979 0.09009
-0.1137 0.4714 0.08768
-0.11488 0.47294 0.08524
-0.11559 0.47476 0.08282
-0.1163 0.47663 0.08043
-0.11711 0.47846 0.07805
-0.11771 0.48028 0.0756
-0.11808 0.48199 0.07303
-0.11833 0.48357 0.07032
-0.11869 0.48567 0.06801
-0.11905 0.4876 0.0656
-0.11929 0.48934 0.06305
-0.11959 0.49087 0.06035
-0.11956 0.49246 0.05767
-0.11935 0.4939 0.05488
-0.11948 0.49559 0.05228
-0.12004 0.497 0.04958
-0.12083 0.49826 0.04683
-0.1212 0.49865 0.04376
-0.12127 0.49898 0.04068
-0.12145 0.4993 0.03759
-0.12182 0.4994 0.03451
-0.1224 0.49927 0.03146
-0.12257 0.49859 0.02841
-0.12244 0.49805 0.02533
-0.12235 0.49785 0.02223
-0.12214 0.49715 0.01919
-0.1215 0.4959 0.0164
-0.12058 0.49465 0.01373
-0.11937 0.49372 0.01094
-0.11826 0.49322 0.00807
-0.11759 0.49278 0.00506
-0.11735 0.49148 0.00225
-0.11735 0.48997 -0.00048
-0.11749 0.48925 -0.00351
-0.11764 0.48879 -0.00661
-0.11742 0.48782 -0.00961
-0.11649 0.48634 -0.01224
-0.11509 0.48526 -0.01486
-0.11376 0.48416 -0.01748
-0.11281 0.48305 -0.0202
-0.1124 0.48164 -0.02293
-0.11196 0.47996 -0.02549
-0.11176 0.47835 -0.02812
-0.11174 0.47714 -0.031
-0.1113 0.47609 -0.03393
-0.11033 0.47467 -0.03654
-0.10909 0.47321 -0.0391
-0.10796 0.47221 -0.04186
-0.10732 0.47078 -0.04462
-0.10688 0.46861 -0.04688
-0.10643 0.46724 -0.04963
-0.10628 0.46565 -0.05229
-0.10612 0.46435 -0.05512
-0.1058 0.46298 -0.05794
-0.10536 0.46158 -0.06075
-0.10522 0.46029 -0.06364
-0.10532 0.45831 -0.06605
-0.10571 0.45663 -0.06862
-0.10635 0.4552 -0.07132
-0.10679 0.45394 -0.07414
-0.10693 0.45288 -0.07705
-0.10701 0.45203 -0.08008
-0.10679 0.45086 -0.08299
-0.10621 0.44946 -0.08563
-0.10533 0.44905 -0.08856
-0.1045 0.44858 -0.0918
-0.10397 0.44652 -0.0946
-0.10366 0.4438 -0.09645
-0.10293 0.44154 -0.09843
-0.10233 0.43915 -0.10029
-0.10224 0.43742 -0.10274
-0.1025 0.43658 -0.10569
-0.10214 0.43587 -0.10874
-0.10144 0.43477 -0.11162
-0.10106 0.43272 -0.11402
-0.10069 0.43108 -0.11664
-0.10039 0.42966 -0.11938
-0.10038 0.42858 -0.12231
-0.10026 0.42778 -0.12533
-0.09991 0.42698 -0.1283
-0.09952 0.42614 -0.13129
-0.09886 0.42537 -0.13429
-0.09794 0.42393 -0.13692
-0.09715 0.42213 -0.13928
-0.09635 0.42035 -0.14174
-0.09591 0.41867 -0.14429
-0.09592 0.41685 -0.14687
-0.09606 0.41585 -0.14989
-0.09653 0.41564 -0.15302
-0.09748 0.41589 -0.15601
-0.09817 0.4157 -0.15909
-0.09801 0.41461 -0.16206
-0.09739 0.41357 -0.16491
-0.09712 0.41243 -0.16771
-0.09671 0.41226 -0.17083
-0.09668 0.41193 -0.17398
-0.09668 0.41018 -0.17665
-0.09661 0.40839 -0.17925
-0.09603 0.40683 -0.18201
-0.09523 0.40561 -0.18472
-0.09461 0.4043 -0.18744
-0.09471 0.40319 -0.19033
-0.09504 0.4015 -0.19288
-0.11655 0.45625 0.10374
-0.1167 0.45486 0.10657
-0.11596 0.45791 0.10116
-0.11525 0.46014 0.09908
-0.11468 0.46218 0.09683
-0.11438 0.46447 0.09473
-0.11448 0.46662 0.09252
-0.11537 0.4688 0.09048
-0.11658 0.47034 0.08804
-0.1178 0.47204 0.08575
-0.11852 0.47381 0.08329
-0.11922 0.47555 0.08082
-0.12 0.47723 0.07831
-0.12061 0.4791 0.07591
-0.12097 0.48076 0.07331
-0.12129 0.48252 0.07074
-0.1216 0.48446 0.06829
-0.12199 0.48653 0.06601
-0.12227 0.48849 0.06364
-0.12259 0.49012 0.06102
-0.12257 0.49183 0.0584
-0.12237 0.49322 0.05561
-0.12248 0.49468 0.05289
-0.12308 0.4963 0.05032
-0.12392 0.49777 0.04766
-0.12431 0.49844 0.04461
-0.12437 0.49879 0.04152
-0.12454 0.49944 0.03849
-0.12489 0.4998 0.03542
-0.12547 0.49979 0.03237
-0.12562 0.49926 0.02931
-0.12551 0.49867 0.02625
-0.12544 0.4981 0.02322
-0.12522 0.49766 0.02012
-0.12458 0.49652 0.01729
-0.12365 0.49545 0.01454
-0.12249 0.49439 0.01177
-0.1214 0.4937 0.00893
-0.12072 0.49353 0.00591
-0.12039 0.49258 0.00298
-0.12037 0.49101 0.00029
-0.12053 0.49019 -0.00268
-0.12075 0.48919 -0.00563
-0.12051 0.48841 -0.00867
-0.1195 0.48756 -0.01158
-0.11816 0.48586 -0.01396
-0.11686 0.48456 -0.01651
-0.11592 0.48333 -0.01916
-0.11551 0.48201 -0.02189
-0.11505 0.48075 -0.02467
-0.11483 0.47927 -0.02736
-0.1148 0.47804 -0.03021
-0.11434 0.47704 -0.03313
-0.11329 0.47582 -0.03582
-0.11211 0.4742 -0.03836
-0.11107 0.47271 -0.04091
-0.11045 0.47115 -0.04351
-0.10988 0.46978 -0.04625
-0.10943 0.46842 -0.04904
-0.10931 0.46651 -0.0515
-0.10916 0.46508 -0.05424
-0.10881 0.46386 -0.05714
-0.10838 0.46205 -0.05974
-0.10822 0.46063 -0.0625
-0.10829 0.45905 -0.06516
-0.10868 0.45743 -0.06779
-0.1093 0.4561 -0.07054
-0.10974 0.45477 -0.0733
-0.10988 0.45367 -0.0762
-0.11001 0.45251 -0.0791
-0.10976 0.45138 -0.08198
-0.10915 0.45008 -0.08467
-0.1084 0.44908 -0.08747
-0.10775 0.44861 -0.09054
-0.10726 0.44737 -0.09368
-0.10667 0.44525 -0.09615
-0.10589 0.44245 -0.09761
-0.10515 0.44043 -0.09976
-0.10502 0.43866 -0.10218
-0.10534 0.43758 -0.10502
-0.10506 0.43648 -0.10791
-0.10435 0.43554 -0.11082
-0.10388 0.43366 -0.11333
-0.10352 0.43174 -0.11577
-0.10321 0.43032 -0.1185
-0.1032 0.42918 -0.12142
-0.10308 0.4283 -0.12441
-0.10272 0.42747 -0.12735
-0.10234 0.42635 -0.13024
-0.10169 0.42555 -0.13321
-0.10074 0.42451 -0.13599
-0.09994 0.42283 -0.13842
-0.09914 0.42108 -0.14088
-0.0987 0.41937 -0.14339
-0.09873 0.41758 -0.14595
-0.09885 0.41631 -0.14883
-0.09929 0.41585 -0.15193
-0.10021 0.41584 -0.15491
-0.10089 0.41566 -0.15795
-0.10073 0.41518 -0.16106
-0.10005 0.41414 -0.16388
-0.09978 0.41303 -0.16669
-0.09936 0.41233 -0.16969
-0.09927 0.41165 -0.17274
-0.0993 0.41018 -0.17551
-0.09926 0.40876 -0.17833
-0.09863 0.4071 -0.18099
-0.09772 0.40544 -0.18341
-0.0969 0.40371 -0.18583
-0.09667 0.40211 -0.1885
-0.0971 0.40049 -0.19112
-0.11627 0.45295 0.10903
-0.11924 0.45327 0.10686
-0.11936 0.4557 0.10486
-0.11872 0.45725 0.10214
-0.11799 0.45913 0.09977
-0.11744 0.46128 0.09762
-0.11716 0.46351 0.09547
-0.11727 0.46558 0.0932
-0.11813 0.46753 0.09096
-0.11937 0.46919 0.08865
-0.1206 0.47083 0.08632
-0.12137 0.47276 0.084
-0.12209 0.47448 0.08153
-0.12289 0.47613 0.07901
-0.12348 0.478 0.07662
-0.12385 0.47967 0.07403
-0.12418 0.48139 0.07143
-0.1245 0.48327 0.06893
-0.12488 0.48537 0.06668
-0.12514 0.48734 0.06434
-0.12547 0.48907 0.06181
-0.12545 0.49075 0.05917
-0.12536 0.49272 0.0567
-0.1254 0.49378 0.05379
-0.12588 0.49488 0.05095
-0.12673 0.49624 0.04827
-0.12717 0.49711 0.04532
-0.12741 0.49838 0.04251
-0.12759 0.49935 0.03958
-0.12794 0.49981 0.03653
-0.12851 0.49996 0.03348
-0.12859 0.50017 0.03036
-0.12848 0.49949 0.0273
-0.12844 0.4987 0.02433
-0.12824 0.49804 0.0213
-0.12758 0.49726 0.01837
-0.12667 0.49621 0.0156
-0.12551 0.49523 0.01279
-0.12446 0.49424 0.01004
-0.12382 0.49361 0.00712
-0.12348 0.4928 0.00421
-0.12339 0.49178 0.00132
-0.12355 0.49101 -0.00166
-0.12378 0.48986 -0.00455
-0.12355 0.48902 -0.00758
-0.12257 0.48799 -0.01041
-0.12119 0.48674 -0.01301
-0.11989 0.48538 -0.01553
-0.11895 0.4842 -0.01818
-0.11852 0.48307 -0.02099
-0.11808 0.48158 -0.02365
-0.11782 0.48028 -0.02641
-0.11781 0.47896 -0.02924
-0.11737 0.4778 -0.03208
-0.11622 0.47707 -0.0349
-0.11487 0.47586 -0.03765
-0.11392 0.47402 -0.04006
-0.11337 0.47209 -0.04241
-0.11282 0.47063 -0.04507
-0.1124 0.46909 -0.04777
-0.11224 0.46737 -0.05032
-0.11208 0.46583 -0.053
-0.11172 0.46459 -0.05587
-0.11125 0.46303 -0.0586
-0.11107 0.46159 -0.06135
-0.11108 0.46028 -0.06413
-0.1114 0.45885 -0.0669
-0.11209 0.45716 -0.06944
-0.11254 0.45578 -0.07217
-0.11266 0.45474 -0.07508
-0.11278 0.45352 -0.07794
-0.11253 0.45232 -0.08078
-0.1119 0.45107 -0.08349
-0.11117 0.44982 -0.08621
-0.11052 0.44902 -0.08917
-0.10999 0.4473 -0.09185
-0.10952 0.44551 -0.09442
-0.1087 0.44367 -0.09682
-0.10797 0.44136 -0.09877
-0.10784 0.43959 -0.10125
-0.1082 0.43821 -0.10398
-0.10789 0.43701 -0.10681
-0.10717 0.43596 -0.10961
-0.10664 0.43452 -0.11234
-0.10625 0.43272 -0.11486
-0.10592 0.43138 -0.11763
-0.10581 0.43045 -0.12062
-0.1058 0.42917 -0.12346
-0.10544 0.42823 -0.12637
-0.10509 0.42689 -0.12916
-0.10443 0.42579 -0.13202
-0.10348 0.42473 -0.13476
-0.10266 0.42365 -0.13748
-0.10183 0.42215 -0.14009
-0.10139 0.42038 -0.14255
-0.10141 0.41865 -0.14513
-0.10155 0.41727 -0.14792
-0.10204 0.41639 -0.1509
-0.10298 0.41592 -0.15385
-0.10362 0.41537 -0.15686
-0.10344 0.41486 -0.15992
-0.10277 0.41432 -0.16286
-0.10247 0.41357 -0.16575
-0.10206 0.41255 -0.16866
-0.10189 0.41147 -0.17156
-0.102 0.41065 -0.1746
-0.10192 0.40962 -0.17764
-0.10127 0.40785 -0.18031
-0.10033 0.40583 -0.18248
-0.09945 0.40367 -0.18452
-0.09911 0.40172 -0.18695
-0.09961 0.40034 -0.18969
-0.10002 0.39881 -0.19239
-0.11802 0.44916 0.11135
-0.12096 0.44924 0.10893
-0.12044 0.44748 0.11146
-0.11863 0.4511 0.109
-0.12149 0.45126 0.10659
-0.12181 0.45387 0.10489
-0.12154 0.45661 0.10325
-0.12072 0.45822 0.10063
-0.12017 0.46015 0.09827
-0.11992 0.46241 0.09615
-0.12006 0.46462 0.09399
-0.12093 0.46655 0.09173
-0.1222 0.4682 0.08942
-0.12346 0.46995 0.08719
-0.12424 0.47195 0.08493
-0.12499 0.47376 0.08253
-0.1258 0.47538 0.08
-0.12638 0.4771 0.07749
-0.12677 0.47892 0.075
-0.12711 0.48079 0.07252
-0.12742 0.48286 0.07021
-0.12782 0.48478 0.06782
-0.12808 0.48658 0.06532
-0.1284 0.48835 0.06282
-0.12833 0.48953 0.05995
-0.12806 0.49098 0.0572
-0.12813 0.49222 0.05439
-0.12857 0.49322 0.05149
-0.12934 0.49435 0.04868
-0.12996 0.49562 0.0459
-0.13034 0.49723 0.04328
-0.13059 0.49887 0.0407
-0.13094 0.49977 0.03778
-0.1315 0.50003 0.03476
-0.13157 0.50041 0.03166
-0.13145 0.49999 0.02858
-0.13141 0.49916 0.02561
-0.13119 0.49867 0.02255
-0.13041 0.49854 0.01952
-0.12949 0.49753 0.01668
-0.12848 0.49599 0.01404
-0.12743 0.49502 0.01128
-0.1268 0.49384 0.00854
-0.12646 0.49301 0.00564
-0.12637 0.49224 0.00267
-0.12652 0.49142 -0.00028
-0.12674 0.49034 -0.00319
-0.1265 0.48958 -0.00624
-0.1255 0.48876 -0.00914
-0.12416 0.48747 -0.01176
-0.12287 0.48626 -0.01439
-0.12192 0.48515 -0.01707
-0.12151 0.48387 -0.0198
-0.12105 0.48251 -0.02253
-0.12077 0.48128 -0.02531
-0.12073 0.48009 -0.02819
-0.12032 0.4787 -0.03091
-0.11922 0.47781 -0.03367
-0.11776 0.47722 -0.03659
-0.11655 0.47599 -0.03941
-0.1161 0.47366 -0.04156
-0.11566 0.47146 -0.04369
-0.11522 0.46995 -0.04638
-0.11506 0.46827 -0.04897
-0.1149 0.46674 -0.05167
-0.11455 0.46534 -0.05446
-0.11407 0.46391 -0.05725
-0.11386 0.46264 -0.06008
-0.11383 0.46146 -0.06291
-0.11403 0.46056 -0.06595
-0.11465 0.45902 -0.06869
-0.11525 0.45688 -0.0709
-0.11542 0.45548 -0.07365
-0.1155 0.45443 -0.07658
-0.11523 0.45326 -0.07941
-0.11459 0.45208 -0.08215
-0.11383 0.45093 -0.08492
-0.11316 0.44998 -0.08785
-0.11263 0.44803 -0.09038
-0.11216 0.44624 -0.09291
-0.11136 0.44475 -0.09552
-0.11058 0.44281 -0.09786
-0.11048 0.44083 -0.10022
-0.11084 0.43931 -0.10286
-0.11057 0.43773 -0.10549
-0.10984 0.43665 -0.10828
-0.10925 0.43553 -0.11112
-0.1088 0.434 -0.11381
-0.10843 0.43273 -0.1166
-0.10823 0.43196 -0.11963
-0.10815 0.43081 -0.12252
-0.10788 0.42961 -0.12534
-0.10759 0.42811 -0.12805
-0.10703 0.42636 -0.13061
-0.10607 0.42537 -0.1334
-0.10524 0.42448 -0.1362
-0.10431 0.4235 -0.13905
-0.10383 0.42183 -0.14159
-0.10388 0.4199 -0.14403
-0.10403 0.41845 -0.14677
-0.10457 0.41732 -0.14965
-0.10556 0.41656 -0.15255
-0.10622 0.41576 -0.15551
-0.10601 0.41501 -0.15851
-0.1053 0.41434 -0.16142
-0.10495 0.41349 -0.16426
-0.1045 0.41243 -0.16714
-0.10434 0.41139 -0.17007
-0.10438 0.41026 -0.17299
-0.10461 0.41 -0.17628
-0.10404 0.40895 -0.17947
-0.10297 0.40689 -0.18179
-0.10206 0.40454 -0.18365
-0.10165 0.40204 -0.18557
-0.10214 0.40093 -0.18847
-0.10256 0.3994 -0.19114
-0.12376 0.44823 0.10907
-0.12316 0.44632 0.11145
-0.12429 0.45016 0.10668
-0.12445 0.45251 0.10465
-0.12411 0.45496 0.10276
-0.12354 0.45719 0.1007
-0.12306 0.45931 0.0985
-0.12282 0.4615 0.0963
-0.12302 0.46391 0.09435
-0.12392 0.46612 0.09236
-0.1252 0.46807 0.09029
-0.12647 0.46979 0.08802
-0.12727 0.47144 0.0855
-0.12803 0.47325 0.08309
-0.12889 0.47526 0.08084
-0.12944 0.47659 0.07805
-0.12983 0.4784 0.07555
-0.13011 0.48081 0.07358
-0.13034 0.48309 0.07145
-0.13073 0.48517 0.06914
-0.1311 0.48646 0.06629
-0.13146 0.48815 0.06371
-0.13145 0.48969 0.06095
-0.13107 0.49004 0.05779
-0.13101 0.49085 0.05479
-0.13154 0.49204 0.05195
-0.13235 0.49324 0.04918
-0.13296 0.49446 0.04636
-0.13339 0.49645 0.044
-0.13362 0.49879 0.04192
-0.13384 0.50057 0.03922
-0.13447 0.50046 0.03605
-0.13457 0.50039 0.03296
-0.13444 0.50046 0.02983
-0.13437 0.50008 0.02675
-0.1342 0.49918 0.02376
-0.13346 0.49896 0.02076
-0.13236 0.49886 0.01778
-0.1313 0.49744 0.01504
-0.13039 0.4956 0.01268
-0.12977 0.49428 0.00997
-0.12943 0.49345 0.00706
-0.1293 0.49302 0.00401
-0.12946 0.49216 0.00105
-0.12968 0.49082 -0.00177
-0.12945 0.48996 -0.0048
-0.12846 0.48924 -0.00773
-0.12709 0.48847 -0.01054
-0.1258 0.48722 -0.01315
-0.12485 0.48605 -0.01581
-0.12444 0.48474 -0.01852
-0.12397 0.48344 -0.02127
-0.12367 0.48235 -0.02412
-0.12366 0.48093 -0.02692
-0.12323 0.47966 -0.0297
-0.12216 0.47846 -0.03235
-0.12078 0.47771 -0.03519
-0.11952 0.47709 -0.03808
-0.11882 0.47548 -0.04078
-0.1184 0.47292 -0.04267
-0.11797 0.47127 -0.04527
-0.11776 0.46976 -0.04797
-0.1177 0.46788 -0.05046
-0.11737 0.46624 -0.05312
-0.11688 0.46474 -0.05586
-0.11667 0.46345 -0.05868
-0.11664 0.46222 -0.0615
-0.11687 0.46126 -0.06446
-0.11739 0.46026 -0.06744
-0.11789 0.4584 -0.06993
-0.1181 0.45667 -0.07247
-0.11824 0.45518 -0.07518
-0.11797 0.45398 -0.078
-0.11732 0.4529 -0.08078
-0.11657 0.45172 -0.08354
-0.11591 0.45062 -0.08639
-0.1153 0.44915 -0.08917
-0.11481 0.44718 -0.09159
-0.11401 0.44568 -0.09416
-0.11318 0.44424 -0.09679
-0.11305 0.44223 -0.09918
-0.11338 0.44072 -0.10186
-0.1132 0.43872 -0.10424
-0.11249 0.43729 -0.10688
-0.11188 0.4364 -0.10979
-0.11133 0.43521 -0.11261
-0.11085 0.43421 -0.1155
-0.11061 0.43346 -0.11852
-0.11036 0.43261 -0.1215
-0.11 0.43155 -0.1244
-0.10977 0.42993 -0.12711
-0.10943 0.4276 -0.12926
-0.10856 0.42593 -0.13178
-0.1077 0.42517 -0.13463
-0.10676 0.42429 -0.13747
-0.10616 0.42314 -0.14026
-0.10611 0.42154 -0.1429
-0.10631 0.41987 -0.14551
-0.10689 0.41856 -0.14829
-0.10792 0.41755 -0.15108
-0.10861 0.4165 -0.15396
-0.1084 0.41558 -0.15692
-0.10768 0.41461 -0.15976
-0.10729 0.41363 -0.16256
-0.10675 0.41232 -0.16534
-0.10651 0.41114 -0.16821
-0.10659 0.41019 -0.1712
-0.10639 0.40884 -0.17407
-0.10631 0.40848 -0.17739
-0.10568 0.40742 -0.18041
-0.10476 0.40552 -0.1828
-0.10415 0.40271 -0.18437
-0.10457 0.40109 -0.18698
-0.10506 0.40028 -0.19005
-0.12307 0.44431 0.11378
-0.12591 0.44531 0.11177
-0.12583 0.44329 0.11407
-0.12655 0.44735 0.1095
-0.12711 0.44929 0.10714
-0.12722 0.4514 0.10485
-0.12684 0.45373 0.10281
-0.12635 0.45617 0.10095
-0.12594 0.45856 0.09905
-0.12572 0.46072 0.09683
-0.12588 0.46284 0.09458
-0.12676 0.46482 0.09237
-0.12811 0.46698 0.09059
-0.12943 0.46897 0.08858
-0.13024 0.47068 0.0861
-0.131 0.47231 0.08357
-0.13175 0.47381 0.08095
-0.13235 0.47547 0.07838
-0.1328 0.47759 0.07613
-0.13315 0.48014 0.07432
-0.13343 0.48251 0.07227
-0.13387 0.48462 0.06996
-0.13418 0.48614 0.0672
-0.13441 0.48714 0.06423
-0.13442 0.48854 0.06142
-0.13398 0.489 0.05833
-0.13392 0.48968 0.05527
-0.13443 0.49068 0.05234
-0.13528 0.49199 0.04962
-0.13594 0.49336 0.04689
-0.13637 0.49531 0.04446
-0.13668 0.498 0.04283
-0.13683 0.50098 0.04098
-0.13729 0.50192 0.03754
-0.13751 0.50087 0.03432
-0.13739 0.50044 0.03124
-0.13736 0.50009 0.02817
-0.13716 0.49992 0.02505
-0.13645 0.4992 0.02212
-0.1354 0.4991 0.0192
-0.13419 0.49896 0.0161
-0.13329 0.49673 0.01384
-0.13273 0.49491 0.0114
-0.13239 0.49381 0.00852
-0.13227 0.49321 0.00548
-0.13242 0.49246 0.0025
-0.13262 0.49167 -0.00052
-0.1324 0.49038 -0.0034
-0.13142 0.48951 -0.00628
-0.13006 0.48876 -0.00906
-0.12875 0.48802 -0.01184
-0.1278 0.48686 -0.01451
-0.12738 0.48569 -0.01731
-0.1269 0.48437 -0.02005
-0.12661 0.48325 -0.02291
-0.12658 0.48184 -0.0257
-0.12616 0.48046 -0.02846
-0.12511 0.47922 -0.03112
-0.12374 0.47806 -0.03378
-0.1225 0.47727 -0.03652
-0.12182 0.47627 -0.03943
-0.12125 0.47442 -0.04193
-0.12081 0.47263 -0.04442
-0.12039 0.47159 -0.04735
-0.12027 0.46987 -0.05001
-0.12023 0.46746 -0.05212
-0.11977 0.4656 -0.05465
-0.11955 0.46416 -0.0574
-0.11951 0.46297 -0.06025
-0.11972 0.462 -0.0632
-0.12018 0.46125 -0.06624
-0.12067 0.45953 -0.06884
-0.12087 0.45788 -0.07147
-0.12103 0.45608 -0.074
-0.12076 0.45478 -0.07678
-0.12013 0.4536 -0.07953
-0.11937 0.45244 -0.08231
-0.1187 0.45114 -0.08504
-0.11808 0.44982 -0.08784
-0.11751 0.44839 -0.0906
-0.11675 0.44658 -0.09301
-0.11595 0.44496 -0.09549
-0.11577 0.44333 -0.0981
-0.11597 0.44228 -0.10105
-0.11575 0.4403 -0.10349
-0.11517 0.43826 -0.10576
-0.1146 0.43687 -0.10846
-0.11404 0.43573 -0.1113
-0.11348 0.43514 -0.11429
-0.11296 0.43522 -0.11743
-0.11265 0.43438 -0.12048
-0.1124 0.43308 -0.12332
-0.11203 0.43181 -0.12624
-0.11169 0.42938 -0.12835
-0.11095 0.42711 -0.13037
-0.11016 0.4257 -0.133
-0.1092 0.42482 -0.13585
-0.1086 0.42381 -0.13865
-0.10843 0.42285 -0.14157
-0.10853 0.42141 -0.1443
-0.10914 0.41996 -0.14699
-0.11022 0.41878 -0.14971
-0.11095 0.41735 -0.15241
-0.11076 0.41603 -0.15525
-0.11 0.41492 -0.15805
-0.10959 0.41391 -0.16084
-0.109 0.41245 -0.16353
-0.10867 0.41112 -0.16632
-0.10856 0.40978 -0.16916
-0.10846 0.40867 -0.17213
-0.10808 0.40774 -0.1752
-0.10734 0.40644 -0.17789
-0.10688 0.40515 -0.18062
-0.10657 0.40315 -0.18297
-0.10698 0.40143 -0.18553
-0.10743 0.40052 -0.18852
-0.10676 0.39856 -0.19089
-0.12864 0.44427 0.1122
-0.12857 0.44231 0.11456
-0.12925 0.44618 0.10981
-0.12984 0.44823 0.10755
-0.12997 0.45035 0.10527
-0.12961 0.4527 0.10322
-0.12914 0.45515 0.10136
-0.12877 0.4579 0.09992
-0.12857 0.46009 0.09767
-0.12868 0.46162 0.09497
-0.12949 0.46331 0.09244
-0.13088 0.46565 0.09083
-0.1323 0.46788 0.08912
-0.13318 0.46979 0.08678
-0.13391 0.47127 0.08413
-0.13456 0.47245 0.08129
-0.13516 0.47412 0.07872
-0.13562 0.47626 0.07649
-0.13591 0.47853 0.07434
-0.13604 0.48063 0.07203
-0.13632 0.48249 0.06956
-0.13682 0.4843 0.0671
-0.13714 0.48556 0.06428
-0.13695 0.48658 0.06135
-0.13664 0.48728 0.0583
-0.13677 0.48826 0.05532
-0.13734 0.48939 0.05245
-0.13826 0.49083 0.04983
-0.13891 0.49216 0.04707
-0.13934 0.49405 0.04453
-0.13973 0.49686 0.04307
-0.14006 0.49976 0.04154
-0.14065 0.50195 0.0387
-0.14068 0.50127 0.03522
-0.14052 0.50043 0.03218
-0.14047 0.49988 0.02914
-0.1403 0.49971 0.02603
-0.1396 0.49933 0.02302
-0.13855 0.49876 0.02016
-0.13744 0.49867 0.01718
-0.13643 0.49779 0.01433
-0.13587 0.49588 0.01189
-0.13557 0.49451 0.00914
-0.13547 0.4935 0.00622
-0.13561 0.49249 0.00331
-0.13581 0.49193 0.00024
-0.13558 0.49091 -0.00273
-0.13461 0.4898 -0.00552
-0.13324 0.48896 -0.00823
-0.13194 0.4882 -0.01098
-0.131 0.48726 -0.01376
-0.13057 0.48617 -0.0166
-0.13004 0.48527 -0.01953
-0.12979 0.48384 -0.02228
-0.12974 0.48263 -0.02515
-0.12932 0.48129 -0.02796
-0.12828 0.47973 -0.03045
-0.12689 0.47851 -0.03305
-0.12565 0.47746 -0.03568
-0.12497 0.47632 -0.03848
-0.12441 0.47509 -0.04127
-0.12385 0.47381 -0.04404
-0.1234 0.47297 -0.04703
-0.12313 0.47157 -0.04995
-0.12307 0.46909 -0.05205
-0.12277 0.4667 -0.05409
-0.12258 0.46504 -0.05671
-0.12251 0.46392 -0.05959
-0.12268 0.46305 -0.06256
-0.1231 0.46231 -0.06559
-0.12348 0.46089 -0.0684
-0.12378 0.45888 -0.0708
-0.12398 0.45693 -0.07321
-0.12371 0.45561 -0.07601
-0.12309 0.45425 -0.07869
-0.12233 0.45295 -0.08139
-0.12165 0.45162 -0.0841
-0.12101 0.45037 -0.08689
-0.12043 0.44932 -0.08979
-0.11949 0.44814 -0.09263
-0.11879 0.44589 -0.09473
-0.11865 0.44402 -0.09715
-0.11884 0.44311 -0.10013
-0.11846 0.44168 -0.10293
-0.11783 0.43975 -0.10529
-0.1174 0.43767 -0.10757
-0.11686 0.43617 -0.11025
-0.11631 0.43536 -0.1132
-0.11591 0.43534 -0.11631
-0.1154 0.43561 -0.1195
-0.11504 0.43432 -0.12242
-0.11474 0.43276 -0.12516
-0.11423 0.43082 -0.12762
-0.11349 0.42848 -0.12953
-0.11282 0.4265 -0.1318
-0.11188 0.42527 -0.13454
-0.11125 0.42455 -0.13748
-0.11104 0.42376 -0.14047
-0.11108 0.42254 -0.14331
-0.11166 0.42118 -0.14605
-0.11277 0.41961 -0.1485
-0.1135 0.41808 -0.15113
-0.11332 0.41659 -0.1539
-0.11252 0.41531 -0.15661
-0.11209 0.41441 -0.15947
-0.11147 0.41277 -0.16206
-0.11106 0.4112 -0.1647
-0.11084 0.40959 -0.1674
-0.11059 0.4082 -0.17025
-0.11016 0.40728 -0.17327
-0.10957 0.40623 -0.17611
-0.10885 0.40449 -0.17855
-0.10893 0.40315 -0.18138
-0.10944 0.402 -0.18423
-0.10988 0.40097 -0.18716
-0.10909 0.39878 -0.18928
-0.1313 0.4433 0.11299
-0.13125 0.44144 0.11541
-0.1319 0.44504 0.11047
-0.13248 0.44699 0.10811
-0.1326 0.44904 0.10576
-0.13228 0.4515 0.10381
-0.13184 0.45398 0.10199
-0.13148 0.45655 0.10031
-0.13144 0.45939 0.0988
-0.13149 0.46086 0.09596
-0.13229 0.46233 0.09336
-0.13359 0.46421 0.09124
-0.13494 0.46622 0.08928
-0.13587 0.46818 0.08703
-0.13657 0.46959 0.08434
-0.13735 0.471 0.08166
-0.13796 0.4727 0.07914
-0.13816 0.47431 0.07647
-0.13818 0.47623 0.07395
-0.13817 0.47822 0.07153
-0.13852 0.4802 0.06917
-0.13904 0.48203 0.06675
-0.1395 0.48341 0.06407
-0.13958 0.48475 0.0613
-0.13946 0.48571 0.05834
-0.13965 0.48681 0.0554
-0.14034 0.48826 0.05273
-0.14124 0.48966 0.0501
-0.14188 0.49095 0.04731
-0.14234 0.49292 0.04487
-0.14271 0.49557 0.04323
-0.14313 0.49843 0.04179
-0.14388 0.50064 0.03924
-0.14398 0.50092 0.03582
-0.14374 0.50035 0.03266
-0.14368 0.49998 0.02959
-0.14353 0.49971 0.02649
-0.14287 0.49966 0.02339
-0.1418 0.49862 0.02062
-0.14064 0.49803 0.01777
-0.13974 0.4976 0.01484
-0.13913 0.49642 0.01204
-0.13881 0.49521 0.00923
-0.13874 0.49385 0.00646
-0.13888 0.49262 0.00363
-0.13908 0.492 0.00058
-0.13886 0.49098 -0.00239
-0.13788 0.48995 -0.00523
-0.13652 0.4892 -0.00796
-0.13523 0.48858 -0.01076
-0.13429 0.48739 -0.01344
-0.13387 0.48641 -0.01631
-0.13337 0.48577 -0.01934
-0.13308 0.48434 -0.02211
-0.13303 0.48279 -0.02482
-0.13261 0.48144 -0.02761
-0.13155 0.48002 -0.0302
-0.13016 0.47866 -0.03273
-0.1289 0.47746 -0.0353
-0.1282 0.47636 -0.03808
-0.12766 0.47521 -0.04089
-0.12708 0.47445 -0.04385
-0.12671 0.47375 -0.04694
-0.12649 0.47196 -0.04961
-0.12626 0.46994 -0.05206
-0.1259 0.46748 -0.05402
-0.12571 0.46578 -0.0566
-0.12563 0.46468 -0.05948
-0.12579 0.46386 -0.06245
-0.12623 0.46311 -0.06544
-0.12646 0.46241 -0.0687
-0.12684 0.45967 -0.0706
-0.12699 0.45781 -0.07306
-0.12678 0.4562 -0.0757
-0.12616 0.45477 -0.07837
-0.12542 0.45326 -0.08097
-0.12473 0.45199 -0.08371
-0.12409 0.45064 -0.08645
-0.12353 0.44938 -0.08924
-0.1226 0.44879 -0.0923
-0.12175 0.44683 -0.09467
-0.12167 0.44454 -0.09679
-0.12183 0.44374 -0.09981
-0.12142 0.44249 -0.10268
-0.12075 0.44065 -0.10514
-0.12029 0.43859 -0.10742
-0.11982 0.43673 -0.10988
-0.11928 0.43549 -0.11269
-0.11886 0.43496 -0.11575
-0.11844 0.43522 -0.11886
-0.11802 0.43491 -0.12202
-0.11767 0.43315 -0.12468
-0.11715 0.4314 -0.12723
-0.11635 0.42924 -0.12932
-0.1157 0.42724 -0.13158
-0.11477 0.42588 -0.13425
-0.11416 0.42494 -0.13713
-0.11396 0.424 -0.14009
-0.11397 0.42266 -0.14288
-0.11455 0.42117 -0.14554
-0.11564 0.41983 -0.14807
-0.11631 0.4188 -0.15086
-0.11612 0.41729 -0.15356
-0.11536 0.41566 -0.15609
-0.1149 0.41421 -0.15875
-0.11427 0.4126 -0.16132
-0.11382 0.41103 -0.16395
-0.11353 0.40919 -0.16648
-0.11324 0.40772 -0.16925
-0.11271 0.40661 -0.17214
-0.11206 0.40544 -0.17492
-0.11157 0.4041 -0.17764
-0.11157 0.40271 -0.18045
-0.11211 0.40177 -0.1834
-0.11267 0.40098 -0.18645
-0.11182 0.39882 -0.18867
-0.13396 0.44227 0.11369
-0.13389 0.44034 0.11606
-0.13455 0.44396 0.11116
-0.13512 0.44579 0.10869
-0.13528 0.44791 0.1064
-0.1349 0.45008 0.10415
-0.13446 0.45256 0.10231
-0.13408 0.45502 0.10049
-0.13409 0.45774 0.09894
-0.13425 0.45967 0.09649
-0.1351 0.46132 0.094
-0.1364 0.46307 0.09177
-0.13768 0.46479 0.08954
-0.13854 0.46655 0.08713
-0.13935 0.46814 0.08459
-0.14025 0.46991 0.08219
-0.14094 0.47188 0.07988
-0.14105 0.47308 0.07699
-0.14099 0.47467 0.07425
-0.14097 0.47662 0.07179
-0.14122 0.47843 0.0693
-0.14162 0.48011 0.06672
-0.14227 0.48179 0.06422
-0.14243 0.48333 0.06157
-0.14243 0.48456 0.05873
-0.14264 0.48571 0.05583
-0.1433 0.48708 0.05312
-0.14411 0.48821 0.05035
-0.14479 0.48955 0.04759
-0.14523 0.49152 0.04513
-0.14559 0.49412 0.04339
-0.14607 0.49695 0.04192
-0.14674 0.49885 0.03931
-0.1471 0.49981 0.03621
-0.14701 0.5004 0.03306
-0.14693 0.50036 0.02986
-0.14681 0.49985 0.02673
-0.14618 0.49949 0.02364
-0.14507 0.49835 0.02092
-0.14388 0.49756 0.01814
-0.14297 0.49702 0.01526
-0.14243 0.49631 0.01229
-0.14214 0.49571 0.00922
-0.14204 0.49416 0.00649
-0.14217 0.49288 0.00367
-0.14239 0.49218 0.00064
-0.14215 0.4911 -0.00228
-0.14118 0.49009 -0.00511
-0.13981 0.48913 -0.00777
-0.13853 0.48831 -0.01049
-0.1376 0.48734 -0.01326
-0.1372 0.48645 -0.01619
-0.13669 0.48536 -0.01906
-0.1364 0.48411 -0.0219
-0.13634 0.48285 -0.02476
-0.13589 0.48121 -0.02738
-0.13484 0.48 -0.03008
-0.13343 0.4787 -0.03261
-0.13217 0.47755 -0.03521
-0.13146 0.47638 -0.03796
-0.13091 0.47529 -0.04081
-0.13036 0.47423 -0.04369
-0.12998 0.47298 -0.04652
-0.12972 0.47142 -0.04921
-0.12951 0.46962 -0.05173
-0.12912 0.46767 -0.05413
-0.1289 0.46614 -0.05684
-0.12885 0.46484 -0.05967
-0.12901 0.46402 -0.06268
-0.12944 0.46355 -0.06578
-0.12976 0.46196 -0.06851
-0.12998 0.45996 -0.07089
-0.13008 0.45828 -0.07349
-0.12982 0.45682 -0.07621
-0.12927 0.45503 -0.0787
-0.12852 0.45346 -0.08127
-0.12784 0.45203 -0.08394
-0.12719 0.45086 -0.08674
-0.12661 0.44972 -0.08957
-0.12571 0.44874 -0.09244
-0.12486 0.44688 -0.09485
-0.12468 0.44494 -0.09729
-0.12485 0.44425 -0.10036
-0.12446 0.44286 -0.10314
-0.12375 0.44099 -0.10558
-0.12326 0.439 -0.10793
-0.12276 0.43721 -0.11041
-0.12227 0.43566 -0.11306
-0.12184 0.43465 -0.11599
-0.12141 0.43477 -0.1191
-0.12104 0.43476 -0.1223
-0.12064 0.43318 -0.12509
-0.12012 0.43124 -0.12748
-0.11931 0.42917 -0.12967
-0.11861 0.42741 -0.13216
-0.11767 0.42609 -0.13484
-0.11707 0.42481 -0.13762
-0.11687 0.42362 -0.1405
-0.11686 0.42227 -0.1433
-0.11742 0.42082 -0.14602
-0.11849 0.41966 -0.14867
-0.11917 0.4189 -0.15148
-0.11896 0.41756 -0.15417
-0.11819 0.41593 -0.15671
-0.11768 0.41459 -0.15951
-0.11711 0.41271 -0.16192
-0.11666 0.41058 -0.16415
-0.11633 0.40851 -0.16651
-0.11603 0.40702 -0.16927
-0.11551 0.40597 -0.17215
-0.11489 0.40496 -0.17502
-0.11434 0.40344 -0.17768
-0.11432 0.40209 -0.18051
-0.11476 0.40083 -0.18335
-0.11503 0.39936 -0.18602
-0.11417 0.39734 -0.18819
-0.13672 0.44133 0.11401
-0.13663 0.43933 0.11633
-0.1373 0.44295 0.11141
-0.13791 0.44485 0.109
-0.13809 0.44697 0.10671
-0.13772 0.44917 0.1045
-0.13718 0.45124 0.10223
-0.13678 0.45366 0.10032
-0.1367 0.45619 0.09852
-0.137 0.45829 0.09627
-0.138 0.46034 0.09415
-0.13931 0.46208 0.09193
-0.14055 0.4636 0.08951
-0.14146 0.4654 0.08717
-0.14233 0.46704 0.08466
-0.14326 0.469 0.08241
-0.14388 0.47072 0.07994
-0.14403 0.47198 0.07711
-0.14401 0.47361 0.07438
-0.14399 0.47552 0.07189
-0.1442 0.47723 0.06933
-0.1446 0.47888 0.06671
-0.14523 0.48063 0.06422
-0.14535 0.48208 0.06149
-0.1454 0.48338 0.05866
-0.14571 0.48475 0.05588
-0.14633 0.48596 0.05309
-0.1472 0.4872 0.05037
-0.14787 0.48847 0.04757
-0.14824 0.49025 0.04493
-0.1486 0.49293 0.04321
-0.14902 0.4956 0.04148
-0.14953 0.4972 0.03875
-0.15002 0.49829 0.03585
-0.15042 0.50022 0.03314
-0.15043 0.50091 0.02973
-0.15009 0.49942 0.02663
-0.14936 0.49858 0.0237
-0.1483 0.4977 0.02091
-0.14713 0.49697 0.0181
-0.14624 0.49656 0.01517
-0.14573 0.49612 0.01211
-0.1454 0.49489 0.00923
-0.14533 0.49377 0.00631
-0.14547 0.49268 0.00339
-0.14565 0.49166 0.00047
-0.14542 0.49066 -0.00245
-0.14446 0.48983 -0.00533
-0.1431 0.48883 -0.00797
-0.14182 0.48801 -0.0107
-0.14088 0.48687 -0.01343
-0.14044 0.48566 -0.01626
-0.1399 0.4845 -0.01909
-0.13962 0.48336 -0.02198
-0.13959 0.48221 -0.0249
-0.13915 0.48085 -0.02765
-0.13811 0.47985 -0.03042
-0.1367 0.4788 -0.03305
-0.13542 0.47753 -0.03561
-0.13471 0.47637 -0.0384
-0.13416 0.47529 -0.04127
-0.13358 0.47377 -0.04395
-0.13318 0.4725 -0.04677
-0.13292 0.47114 -0.04957
-0.13271 0.46939 -0.05214
-0.13232 0.46766 -0.05469
-0.13202 0.46655 -0.05759
-0.13197 0.46513 -0.06039
-0.13217 0.46383 -0.06323
-0.1326 0.46274 -0.06612
-0.13289 0.46167 -0.06902
-0.13304 0.46017 -0.07173
-0.13308 0.45863 -0.07443
-0.13286 0.45701 -0.07706
-0.13226 0.45537 -0.07964
-0.13153 0.45364 -0.08213
-0.13088 0.45203 -0.08471
-0.13023 0.45082 -0.08751
-0.12967 0.44966 -0.09035
-0.12879 0.44833 -0.09303
-0.1279 0.44687 -0.09567
-0.12766 0.4451 -0.09822
-0.1279 0.44403 -0.10114
-0.12748 0.44259 -0.10388
-0.12671 0.44101 -0.1065
-0.12618 0.43896 -0.10882
-0.12568 0.43707 -0.11124
-0.12518 0.43549 -0.11388
-0.12475 0.43451 -0.11682
-0.12427 0.43421 -0.11989
-0.12391 0.43398 -0.12304
-0.12349 0.43251 -0.12583
-0.12294 0.4308 -0.12837
-0.12212 0.42886 -0.13068
-0.1214 0.4271 -0.13316
-0.12047 0.42554 -0.13572
-0.11985 0.42446 -0.1386
-0.11965 0.42335 -0.14152
-0.11961 0.4216 -0.14414
-0.12017 0.4202 -0.14692
-0.12123 0.41931 -0.14969
-0.1219 0.41857 -0.15251
-0.12167 0.41705 -0.15514
-0.12085 0.41593 -0.15791
-0.12029 0.41478 -0.16085
-0.11978 0.41255 -0.16306
-0.11938 0.4099 -0.16477
-0.11904 0.40769 -0.16704
-0.11872 0.40627 -0.16986
-0.1182 0.40527 -0.17276
-0.1175 0.40398 -0.1755
-0.11695 0.40246 -0.17816
-0.11686 0.40086 -0.18085
-0.11726 0.39952 -0.18368
-0.11721 0.39751 -0.186
-0.11652 0.39577 -0.18845
-0.13693 0.437 0.11833
-0.13942 0.43843 0.11648
-0.13969 0.43601 0.11839
-0.13951 0.44039 0.11412
-0.14011 0.44204 0.11153
-0.14077 0.4441 0.10926
-0.14096 0.44626 0.10702
-0.1406 0.44841 0.10476
-0.14009 0.45046 0.10248
-0.13968 0.45271 0.10038
-0.13955 0.45514 0.09843
-0.13997 0.45753 0.09647
-0.14098 0.45957 0.09431
-0.1422 0.46104 0.09178
-0.14351 0.4627 0.08952
-0.14445 0.4645 0.08718
-0.14543 0.46649 0.08499
-0.14631 0.46825 0.0826
-0.14692 0.46992 0.08008
-0.14712 0.47132 0.07732
-0.1471 0.47293 0.0746
-0.14707 0.47485 0.07213
-0.14726 0.47647 0.0695
-0.14762 0.47797 0.06678
-0.14812 0.47931 0.06401
-0.14826 0.48074 0.06124
-0.14849 0.48247 0.05865
-0.14884 0.48398 0.05595
-0.14951 0.48532 0.05321
-0.15039 0.48661 0.05051
-0.15108 0.48788 0.04775
-0.15147 0.48971 0.04522
-0.15164 0.49185 0.04294
-0.15185 0.49416 0.04079
-0.15228 0.4956 0.03804
-0.15302 0.49707 0.03539
-0.1537 0.49913 0.03281
-0.15357 0.49947 0.02941
-0.15328 0.49896 0.02619
-0.15255 0.49808 0.02325
-0.1515 0.49719 0.02045
-0.15039 0.49682 0.01756
-0.1495 0.49638 0.01461
-0.14896 0.4956 0.01159
-0.14857 0.49401 0.00886
-0.14849 0.4928 0.00596
-0.14867 0.49202 0.0029
-0.14885 0.49104 -4e-05
-0.14866 0.49033 -0.00303
-0.14773 0.48957 -0.00592
-0.14633 0.4883 -0.00845
-0.14503 0.48731 -0.01111
-0.14409 0.48619 -0.01387
-0.14364 0.48495 -0.0167
-0.1431 0.48383 -0.01956
-0.1428 0.4826 -0.02243
-0.14274 0.4813 -0.02526
-0.14232 0.48002 -0.02805
-0.14132 0.47922 -0.03089
-0.13995 0.47849 -0.03364
-0.13867 0.47757 -0.03638
-0.13792 0.47587 -0.03892
-0.13738 0.47488 -0.04183
-0.13678 0.47369 -0.04465
-0.13634 0.4727 -0.04761
-0.13608 0.47112 -0.05033
-0.13588 0.46931 -0.05284
-0.13548 0.4676 -0.05538
-0.13518 0.46674 -0.05838
-0.13509 0.46531 -0.0612
-0.13531 0.4637 -0.0639
-0.13573 0.46267 -0.06682
-0.13601 0.46143 -0.06963
-0.13613 0.46024 -0.07249
-0.13613 0.45887 -0.07528
-0.13581 0.45751 -0.07805
-0.13521 0.45583 -0.08061
-0.13451 0.45404 -0.08307
-0.13378 0.4526 -0.08575
-0.13326 0.45085 -0.08828
-0.13274 0.449 -0.09074
-0.13184 0.44764 -0.09339
-0.13097 0.4463 -0.09606
-0.13071 0.44474 -0.09876
-0.13091 0.44314 -0.10145
-0.13051 0.44219 -0.10438
-0.12972 0.44076 -0.10708
-0.12918 0.43871 -0.10941
-0.12865 0.4369 -0.1119
-0.12813 0.43534 -0.11456
-0.12769 0.43425 -0.11747
-0.12716 0.43355 -0.12046
-0.12668 0.43276 -0.12344
-0.12634 0.43169 -0.12635
-0.12582 0.43057 -0.1292
-0.12495 0.42892 -0.1317
-0.12427 0.42671 -0.13387
-0.12334 0.42521 -0.13647
-0.12271 0.42385 -0.13922
-0.12248 0.42254 -0.14206
-0.12245 0.42104 -0.14482
-0.12299 0.41977 -0.14765
-0.12405 0.419 -0.15046
-0.12479 0.41838 -0.15337
-0.12448 0.41663 -0.15588
-0.12369 0.41574 -0.15876
-0.12317 0.41444 -0.1617
-0.12256 0.41191 -0.16361
-0.12211 0.40924 -0.16528
-0.12179 0.40729 -0.16774
-0.12146 0.40573 -0.17041
-0.1208 0.40421 -0.17302
-0.12005 0.40275 -0.17568
-0.11953 0.40126 -0.17839
-0.11956 0.39994 -0.18125
-0.1199 0.39852 -0.18404
-0.11976 0.39625 -0.18615
-0.11902 0.39447 -0.18858
-0.13977 0.43368 0.12053
-0.14256 0.43565 0.11809
-0.14227 0.43796 0.11605
-0.14238 0.43998 0.1137
-0.14302 0.44174 0.11119
-0.14368 0.44377 0.10891
-0.14389 0.44597 0.10672
-0.14357 0.44831 0.10469
-0.14307 0.45033 0.10235
-0.1427 0.45271 0.10036
-0.14256 0.4549 0.09815
-0.1429 0.45699 0.09584
-0.14384 0.45885 0.09347
-0.14516 0.46052 0.09113
-0.1464 0.46198 0.08866
-0.14751 0.46417 0.08674
-0.14858 0.46645 0.08485
-0.14939 0.46791 0.08222
-0.14995 0.46938 0.07955
-0.15025 0.47112 0.07699
-0.15021 0.47269 0.07432
-0.15013 0.47437 0.0717
-0.15024 0.47574 0.06888
-0.15059 0.4772 0.06612
-0.15114 0.47865 0.06338
-0.15136 0.48021 0.06069
-0.15165 0.48218 0.05828
-0.15201 0.48366 0.05556
-0.15269 0.48505 0.05282
-0.1536 0.48647 0.0502
-0.15431 0.48789 0.04754
-0.15471 0.48977 0.04509
-0.15492 0.49178 0.04266
-0.1549 0.49345 0.04001
-0.15539 0.49492 0.03728
-0.15601 0.49606 0.03443
-0.15634 0.49741 0.03157
-0.15667 0.49868 0.02854
-0.1566 0.49929 0.02511
-0.15562 0.4976 0.0222
-0.15459 0.49684 0.01937
-0.15347 0.49628 0.01652
-0.1526 0.49589 0.01353
-0.15203 0.49489 0.01055
-0.15161 0.49314 0.00789
-0.15154 0.49207 0.00492
-0.15172 0.49134 0.00185
-0.1519 0.49038 -0.00111
-0.15167 0.48933 -0.00398
-0.15071 0.4883 -0.00671
-0.14938 0.48751 -0.00942
-0.14809 0.48652 -0.01208
-0.14715 0.48544 -0.01487
-0.14666 0.48399 -0.01763
-0.1461 0.48276 -0.02047
-0.14583 0.48184 -0.02347
-0.14579 0.48069 -0.02638
-0.14535 0.47923 -0.02906
-0.14437 0.47843 -0.03189
-0.14299 0.47752 -0.03454
-0.1417 0.4764 -0.03716
-0.14094 0.47506 -0.0399
-0.14034 0.4737 -0.04265
-0.13982 0.47295 -0.04563
-0.13942 0.47246 -0.04877
-0.13908 0.47108 -0.05166
-0.13892 0.4688 -0.05387
-0.13849 0.46732 -0.05653
-0.13819 0.46602 -0.05937
-0.13808 0.46477 -0.06227
-0.13826 0.46343 -0.06512
-0.13868 0.46214 -0.06792
-0.13895 0.46115 -0.07083
-0.13907 0.45984 -0.07364
-0.13904 0.4587 -0.07653
-0.13846 0.45819 -0.07962
-0.1379 0.45633 -0.08212
-0.13714 0.45469 -0.08468
-0.13645 0.4532 -0.08746
-0.13623 0.45061 -0.08931
-0.13573 0.44834 -0.09137
-0.13481 0.4468 -0.09391
-0.13393 0.44551 -0.09661
-0.13367 0.44407 -0.0994
-0.13386 0.44257 -0.10215
-0.13346 0.44164 -0.10505
-0.13266 0.44049 -0.10789
-0.1321 0.43844 -0.11025
-0.13155 0.43676 -0.11281
-0.13101 0.43529 -0.11552
-0.13058 0.4341 -0.11838
-0.13004 0.43308 -0.12127
-0.12951 0.43198 -0.12415
-0.12914 0.43089 -0.12706
-0.12863 0.42977 -0.12989
-0.12778 0.42831 -0.13252
-0.12707 0.42625 -0.13481
-0.12614 0.42473 -0.13739
-0.12551 0.42332 -0.14012
-0.12525 0.42178 -0.14285
-0.12521 0.42039 -0.14568
-0.12576 0.41937 -0.14859
-0.12676 0.41817 -0.15123
-0.12736 0.41685 -0.15385
-0.12706 0.41536 -0.15644
-0.1264 0.41461 -0.15942
-0.12574 0.41297 -0.16211
-0.12513 0.41077 -0.16429
-0.12466 0.40838 -0.16627
-0.12431 0.40624 -0.1685
-0.1239 0.40438 -0.17094
-0.12319 0.40275 -0.17347
-0.12248 0.40138 -0.17622
-0.12207 0.40017 -0.17911
-0.12229 0.39935 -0.18221
-0.12231 0.39703 -0.18443
-0.12205 0.39461 -0.18637
-0.14543 0.4314 0.12161
-0.14264 0.43336 0.12025
-0.14539 0.43354 0.11931
-0.14531 0.43573 0.11709
-0.14501 0.43796 0.11498
-0.14512 0.44001 0.11262
-0.14584 0.44208 0.11039
-0.14651 0.44407 0.10806
-0.14673 0.44621 0.10586
-0.14643 0.44858 0.10389
-0.14594 0.45058 0.10154
-0.14553 0.45274 0.09931
-0.1454 0.45492 0.09708
-0.14577 0.45703 0.0948
-0.14668 0.45871 0.0923
-0.14794 0.46019 0.08977
-0.14931 0.46198 0.08759
-0.15047 0.46427 0.08582
-0.15147 0.46629 0.08362
-0.15218 0.4676 0.08087
-0.15265 0.4689 0.07809
-0.15288 0.4704 0.07539
-0.15293 0.4721 0.07285
-0.15286 0.47379 0.07025
-0.15301 0.47527 0.06747
-0.1534 0.47679 0.06474
-0.15399 0.4783 0.06204
-0.15434 0.48019 0.05961
-0.15475 0.48254 0.05753
-0.1551 0.48408 0.05479
-0.15577 0.48535 0.05198
-0.15671 0.48691 0.04945
-0.1574 0.48818 0.04669
-0.15778 0.48969 0.04402
-0.15782 0.49116 0.04126
-0.1577 0.49263 0.03852
-0.158 0.49377 0.03562
-0.1586 0.49493 0.03277
-0.15876 0.49598 0.02986
-0.1593 0.49733 0.02695
-0.15923 0.49764 0.02362
-0.15842 0.49712 0.02056
-0.15741 0.49651 0.01765
-0.15631 0.4959 0.01479
-0.15539 0.495 0.0119
-0.1547 0.49333 0.00925
-0.15437 0.49223 0.0063
-0.1543 0.49128 0.0033
-0.15442 0.49015 0.00036
-0.15458 0.48915 -0.0026
-0.15431 0.48796 -0.00542
-0.15336 0.48695 -0.00815
-0.15207 0.48628 -0.0109
-0.15081 0.48544 -0.01361
-0.1499 0.48451 -0.01648
-0.14944 0.48331 -0.01937
-0.1488 0.4816 -0.02196
-0.14861 0.48091 -0.02506
-0.14849 0.47944 -0.02785
-0.14802 0.47796 -0.0305
-0.14704 0.4771 -0.03331
-0.14569 0.47626 -0.03596
-0.14438 0.47505 -0.03852
-0.14366 0.47393 -0.04138
-0.14302 0.47256 -0.04412
-0.14252 0.47186 -0.0471
-0.14224 0.47177 -0.05037
-0.14186 0.47001 -0.05306
-0.14161 0.46828 -0.05563
-0.1412 0.46661 -0.05817
-0.14088 0.46538 -0.06104
-0.14076 0.46417 -0.06395
-0.14095 0.46263 -0.06669
-0.14135 0.46146 -0.06956
-0.14159 0.46054 -0.0725
-0.14168 0.45949 -0.07541
-0.14157 0.45892 -0.07847
-0.14101 0.45864 -0.08163
-0.14026 0.45708 -0.0844
-0.13967 0.45504 -0.08687
-0.13935 0.45244 -0.08879
-0.13909 0.44965 -0.09021
-0.13857 0.44756 -0.09245
-0.13764 0.44609 -0.09498
-0.13674 0.44486 -0.09773
-0.13646 0.44358 -0.10064
-0.13665 0.442 -0.10336
-0.13624 0.44112 -0.10624
-0.13545 0.43997 -0.10908
-0.13484 0.43799 -0.11149
-0.13426 0.43648 -0.11415
-0.13372 0.43496 -0.11683
-0.13329 0.43379 -0.11968
-0.13275 0.43269 -0.12254
-0.13221 0.43138 -0.12535
-0.13178 0.42986 -0.12804
-0.13127 0.42877 -0.13089
-0.13043 0.42751 -0.13365
-0.1297 0.42549 -0.136
-0.12877 0.42382 -0.13847
-0.12814 0.42242 -0.14122
-0.12787 0.4209 -0.14396
-0.12783 0.41963 -0.14683
-0.12836 0.41852 -0.14968
-0.12925 0.41691 -0.15214
-0.12968 0.41515 -0.15453
-0.12927 0.41348 -0.15701
-0.1284 0.41239 -0.1598
-0.12814 0.41148 -0.16291
-0.12751 0.40939 -0.16524
-0.12696 0.40686 -0.16704
-0.12661 0.40475 -0.1693
-0.12619 0.40288 -0.17172
-0.12548 0.40123 -0.17422
-0.12474 0.39979 -0.17695
-0.12455 0.39904 -0.18004
-0.12449 0.39747 -0.18276
-0.12421 0.39489 -0.18465
-0.12427 0.393 -0.18714
-0.14811 0.43185 0.12044
-0.14806 0.43398 0.11816
-0.148 0.43623 0.116
-0.14771 0.43845 0.11388
-0.14784 0.44052 0.11158
-0.14858 0.44269 0.10946
-0.14927 0.44476 0.10722
-0.14951 0.44688 0.10501
-0.14921 0.44903 0.10285
-0.14876 0.45119 0.10067
-0.14833 0.453 0.09815
-0.14821 0.45516 0.09591
-0.14857 0.45713 0.09355
-0.14956 0.45892 0.09118
-0.15084 0.46041 0.08869
-0.15214 0.46204 0.08635
-0.15318 0.46411 0.08429
-0.1539 0.46569 0.08171
-0.15464 0.46706 0.07901
-0.15522 0.46852 0.07632
-0.15556 0.47022 0.07376
-0.1556 0.47188 0.0712
-0.15548 0.47344 0.06853
-0.15569 0.47497 0.06578
-0.15617 0.47662 0.06316
-0.15683 0.47824 0.06056
-0.1572 0.48022 0.05823
-0.15752 0.48222 0.05588
-0.15803 0.48415 0.0535
-0.15877 0.48568 0.05087
-0.16125 0.49672 0.01872
-0.16008 0.49551 0.01587
-0.15898 0.49471 0.01309
-0.15792 0.49335 0.01047
-0.15737 0.49231 0.00756
-0.15708 0.49147 0.00453
-0.15703 0.49051 0.00154
-0.1571 0.48916 -0.00132
-0.15713 0.48761 -0.00404
-0.15693 0.48667 -0.00695
-0.15599 0.48569 -0.0097
-0.15467 0.48489 -0.01239
-0.15346 0.48419 -0.01516
-0.15252 0.48308 -0.01793
-0.15206 0.48179 -0.02077
-0.15145 0.48033 -0.02346
-0.15112 0.4791 -0.02631
-0.15104 0.47777 -0.02914
-0.15069 0.47666 -0.03198
-0.14964 0.47557 -0.03467
-0.14828 0.47472 -0.03734
-0.1469 0.47334 -0.03977
-0.14621 0.47225 -0.04263
-0.14576 0.47161 -0.04564
-0.1453 0.47114 -0.04868
-0.14491 0.47041 -0.05176
-0.14455 0.46868 -0.05439
-0.14432 0.46728 -0.05713
-0.14389 0.46585 -0.05982
-0.14356 0.46468 -0.06271
-0.14345 0.46323 -0.06548
-0.14363 0.46196 -0.06834
-0.144 0.46117 -0.07133
-0.14422 0.46028 -0.07428
-0.14431 0.45921 -0.07718
-0.14425 0.4587 -0.08027
-0.14386 0.45791 -0.08335
-0.14314 0.45607 -0.08597
-0.14249 0.45347 -0.08779
-0.14206 0.45094 -0.08957
-0.14174 0.4485 -0.09144
-0.1412 0.44681 -0.09397
-0.14027 0.44548 -0.09655
-0.13937 0.44436 -0.09935
-0.13908 0.44283 -0.10212
-0.13925 0.44139 -0.10491
-0.13885 0.44041 -0.10777
-0.13805 0.43906 -0.1105
-0.13741 0.43722 -0.11297
-0.13683 0.43555 -0.11552
-0.13627 0.43414 -0.11824
-0.13584 0.43294 -0.12108
-0.13526 0.43148 -0.12375
-0.13471 0.43014 -0.12652
-0.1343 0.42877 -0.12928
-0.13377 0.42765 -0.13211
-0.13296 0.42657 -0.13498
-0.13221 0.42432 -0.13716
-0.1313 0.42275 -0.13971
-0.13067 0.42149 -0.1425
-0.13041 0.42006 -0.14527
-0.13036 0.41879 -0.14812
-0.1308 0.41725 -0.15076
-0.13163 0.41547 -0.15313
-0.13207 0.41376 -0.15556
-0.13163 0.41202 -0.15797
-0.13058 0.4106 -0.16052
-0.1301 0.40934 -0.1634
-0.12947 0.40725 -0.16563
-0.12916 0.4053 -0.16804
-0.12884 0.40333 -0.1704
-0.12836 0.40128 -0.17267
-0.12768 0.39971 -0.17522
-0.12695 0.39831 -0.17793
-0.12641 0.39696 -0.18071
-0.12601 0.395 -0.18309
-0.12615 0.39295 -0.18548
-0.148 0.42984 0.12277
-0.1507 0.43038 0.12172
-0.1508 0.4325 0.1195
-0.15076 0.43454 0.11717
-0.1507 0.43673 0.11498
-0.15041 0.43891 0.11282
-0.15056 0.44104 0.11059
-0.15133 0.44325 0.10854
-0.15205 0.44532 0.10633
-0.15231 0.44756 0.10424
-0.15202 0.44995 0.10232
-0.15159 0.45206 0.10007
-0.1512 0.45359 0.09737
-0.15108 0.45558 0.095
-0.15146 0.45747 0.09259
-0.15246 0.45922 0.09023
-0.1537 0.46046 0.08762
-0.15495 0.46185 0.08513
-0.15577 0.46351 0.08267
-0.15641 0.46493 0.07999
-0.15723 0.46634 0.07735
-0.15793 0.46796 0.0748
-0.15827 0.46967 0.07226
-0.15828 0.47128 0.06967
-0.15822 0.4729 0.06699
-0.15864 0.47483 0.06455
-0.15917 0.47664 0.0621
-0.16277 0.49409 0.01442
-0.16148 0.49281 0.01188
-0.16059 0.492 0.00904
-0.16013 0.49126 0.00605
-0.15984 0.49038 0.00305
-0.15977 0.48921 0.00014
-0.15973 0.48753 -0.00252
-0.1599 0.48645 -0.00542
-0.15965 0.48534 -0.00828
-0.15866 0.48423 -0.01097
-0.15737 0.48347 -0.01368
-0.15615 0.48269 -0.01642
-0.15515 0.48143 -0.01908
-0.15463 0.47992 -0.02176
-0.15405 0.47856 -0.02449
-0.1537 0.47729 -0.02731
-0.15366 0.47603 -0.03014
-0.15326 0.47481 -0.03294
-0.15231 0.47399 -0.03578
-0.15086 0.4729 -0.03829
-0.14958 0.4718 -0.04089
-0.14897 0.47096 -0.04383
-0.14856 0.47047 -0.04687
-0.14813 0.47009 -0.04994
-0.14768 0.46901 -0.05285
-0.14738 0.46756 -0.05557
-0.14719 0.46638 -0.05841
-0.14675 0.46544 -0.0613
-0.14643 0.46387 -0.06397
-0.14631 0.46256 -0.06682
-0.14646 0.4619 -0.06987
-0.14675 0.46162 -0.07299
-0.14709 0.46007 -0.07569
-0.1472 0.45874 -0.07848
-0.1471 0.45758 -0.08135
-0.14662 0.45633 -0.0842
-0.14582 0.45428 -0.08652
-0.14517 0.45189 -0.08842
-0.14476 0.44955 -0.09041
-0.14444 0.44766 -0.09281
-0.14389 0.44608 -0.09539
-0.14295 0.4447 -0.09797
-0.14205 0.44349 -0.10069
-0.14178 0.44233 -0.10359
-0.14196 0.44067 -0.10623
-0.14147 0.43911 -0.10883
-0.14066 0.43767 -0.11146
-0.14004 0.4361 -0.11406
-0.13944 0.43447 -0.11663
-0.1389 0.43318 -0.11941
-0.13845 0.43183 -0.12215
-0.13786 0.43044 -0.12487
-0.13733 0.42921 -0.12767
-0.13687 0.42763 -0.13031
-0.13635 0.42651 -0.13315
-0.13553 0.42518 -0.13583
-0.13487 0.42354 -0.13838
-0.13394 0.42229 -0.14107
-0.13331 0.42063 -0.14362
-0.13304 0.41923 -0.14638
-0.13296 0.4178 -0.14912
-0.13337 0.4161 -0.15164
-0.13421 0.41427 -0.15392
-0.13464 0.41263 -0.15641
-0.13414 0.41071 -0.15873
-0.13295 0.40898 -0.16103
-0.13212 0.40721 -0.16345
-0.13174 0.40551 -0.16602
-0.13155 0.40383 -0.16863
-0.13124 0.4019 -0.17102
-0.13084 0.4001 -0.1735
-0.13006 0.39829 -0.17587
-0.12923 0.39667 -0.17839
-0.12841 0.39489 -0.1808
-0.12819 0.39315 -0.18337
-0.12849 0.39135 -0.1859
-0.15278 0.42896 0.12367
-0.15353 0.43085 0.12135
-0.15362 0.43271 0.11891
-0.15359 0.43466 0.11652
-0.15352 0.43673 0.11421
-0.15324 0.43891 0.11207
-0.15343 0.4412 0.11004
-0.1542 0.44334 0.10797
-0.15494 0.44551 0.10589
-0.15524 0.4479 0.10396
-0.15499 0.45031 0.10199
-0.15457 0.4522 0.09956
-0.15414 0.45365 0.09685
-0.15405 0.45554 0.09442
-0.15445 0.45743 0.09204
-0.15547 0.45907 0.08961
-0.15654 0.45985 0.08675
-0.15774 0.46101 0.08417
-0.15848 0.46245 0.08154
-0.15915 0.46386 0.07888
-0.16292 0.4897 0.00522
-0.16274 0.48895 0.0022
-0.16261 0.48766 -0.00062
-0.16263 0.48621 -0.00336
-0.16266 0.48479 -0.00609
-0.16243 0.48371 -0.00895
-0.16154 0.48284 -0.01177
-0.16019 0.48193 -0.0144
-0.15886 0.48088 -0.01698
-0.15794 0.47979 -0.01972
-0.15743 0.47829 -0.02236
-0.15687 0.47696 -0.02509
-0.15652 0.4757 -0.02789
-0.15646 0.47441 -0.03068
-0.15614 0.47337 -0.03356
-0.15516 0.4725 -0.03635
-0.15379 0.47169 -0.03903
-0.1526 0.47096 -0.04179
-0.15204 0.47033 -0.04474
-0.15162 0.46979 -0.04775
-0.15115 0.4692 -0.05076
-0.15068 0.46806 -0.0536
-0.15045 0.46716 -0.05654
-0.15024 0.4665 -0.05955
-0.14981 0.46506 -0.06225
-0.14949 0.46351 -0.0649
-0.14935 0.46256 -0.06785
-0.14948 0.46237 -0.07095
-0.14986 0.46184 -0.07408
-0.15019 0.46016 -0.07678
-0.15019 0.45777 -0.07888
-0.14996 0.45625 -0.08156
-0.1495 0.45506 -0.08441
-0.14879 0.45337 -0.08698
-0.14811 0.45095 -0.08886
-0.14771 0.44869 -0.09092
-0.14741 0.44711 -0.09355
-0.14686 0.44556 -0.09615
-0.14589 0.44409 -0.09866
-0.14503 0.44306 -0.10143
-0.14481 0.44192 -0.10433
-0.14489 0.43988 -0.10672
-0.14435 0.43819 -0.10922
-0.14352 0.43671 -0.11179
-0.14291 0.4352 -0.11441
-0.14234 0.43379 -0.11708
-0.14179 0.43247 -0.11982
-0.14135 0.43125 -0.12262
-0.14075 0.42984 -0.12529
-0.14017 0.42832 -0.12791
-0.13971 0.42674 -0.13055
-0.13924 0.42597 -0.13351
-0.13844 0.42547 -0.13647
-0.13771 0.42413 -0.13914
-0.13686 0.42223 -0.14145
-0.13624 0.42033 -0.14382
-0.13596 0.41899 -0.1466
-0.13584 0.41735 -0.1492
-0.13623 0.41548 -0.15161
-0.1371 0.41388 -0.15407
-0.13748 0.41206 -0.15649
-0.13692 0.41004 -0.15866
-0.13569 0.40816 -0.16077
-0.13477 0.40617 -0.16297
-0.13433 0.40442 -0.16551
-0.13418 0.40288 -0.16819
-0.13397 0.40124 -0.1708
-0.13354 0.39939 -0.17325
-0.13275 0.39756 -0.1756
-0.13181 0.39572 -0.17784
-0.13105 0.39399 -0.18032
-0.1308 0.39218 -0.18285
-0.13112 0.39044 -0.1854
-0.15563 0.42894 0.12364
-0.15639 0.43091 0.12143
-0.15651 0.43272 0.11898
-0.15649 0.43445 0.11644
-0.15644 0.43655 0.1142
-0.15616 0.43865 0.112
-0.15633 0.44089 0.10994
-0.15711 0.44301 0.10789
-0.1578 0.44492 0.1056
-0.15804 0.44709 0.10346
-0.15778 0.44932 0.10139
-0.15735 0.45117 0.099
-0.15701 0.45288 0.09649
-0.15681 0.45445 0.09385
-0.15707 0.45608 0.09126
-0.15801 0.4575 0.08873
-0.16459 0.48164 -0.01173
-0.16329 0.48083 -0.01439
-0.16194 0.47973 -0.01695
-0.16095 0.47845 -0.01956
-0.16045 0.47699 -0.0222
-0.15994 0.47578 -0.02496
-0.15962 0.47461 -0.02778
-0.15948 0.47316 -0.03047
-0.15913 0.47208 -0.03327
-0.15828 0.47157 -0.03611
-0.15701 0.47114 -0.03895
-0.15584 0.47053 -0.0418
-0.15523 0.46968 -0.04468
-0.15476 0.46898 -0.04761
-0.15425 0.46825 -0.05053
-0.15384 0.46737 -0.05345
-0.15367 0.46682 -0.05647
-0.15349 0.46631 -0.05949
-0.15302 0.46513 -0.06231
-0.15267 0.46391 -0.06511
-0.15254 0.46252 -0.06785
-0.15266 0.46186 -0.07087
-0.15296 0.46068 -0.07368
-0.15327 0.45916 -0.07631
-0.15332 0.45738 -0.07879
-0.15301 0.45557 -0.08122
-0.15243 0.45406 -0.08382
-0.15183 0.45258 -0.08649
-0.15121 0.45048 -0.08869
-0.15083 0.44848 -0.09097
-0.1505 0.44679 -0.09348
-0.14997 0.44541 -0.09612
-0.14899 0.44406 -0.09864
-0.1481 0.44277 -0.10132
-0.14776 0.44102 -0.10385
-0.1479 0.43934 -0.10639
-0.14737 0.43779 -0.10886
-0.14648 0.43621 -0.11135
-0.14585 0.43471 -0.11394
-0.1453 0.43344 -0.11665
-0.14473 0.43213 -0.11938
-0.14429 0.43095 -0.12216
-0.14371 0.42969 -0.12487
-0.14309 0.42796 -0.12736
-0.14267 0.42663 -0.13012
-0.14213 0.4256 -0.13288
-0.14139 0.42542 -0.13586
-0.14074 0.42496 -0.13889
-0.13979 0.42301 -0.14125
-0.13914 0.42069 -0.14331
-0.13884 0.41922 -0.14599
-0.1387 0.41738 -0.14847
-0.1391 0.41557 -0.15095
-0.13996 0.41411 -0.15351
-0.14032 0.41237 -0.15593
-0.1397 0.41028 -0.15781
-0.13841 0.40833 -0.15979
-0.13745 0.4062 -0.16184
-0.13689 0.40424 -0.1642
-0.13669 0.40268 -0.16686
-0.13638 0.4009 -0.16933
-0.1361 0.39946 -0.17203
-0.13545 0.398 -0.17466
-0.13429 0.39577 -0.17644
-0.13346 0.39388 -0.17882
-0.13325 0.39212 -0.18143
-0.13357 0.39046 -0.184
-0.15836 0.42817 0.12376
-0.1591 0.43001 0.12145
-0.15933 0.43217 0.11933
-0.15931 0.43398 0.11689
-0.15925 0.43587 0.11452
-0.15897 0.43793 0.11231
-0.15915 0.44011 0.11019
-0.15987 0.442 0.10792
-0.16512 0.47892 -0.01652
-0.16406 0.47745 -0.01898
-0.16356 0.47601 -0.02161
-0.16299 0.47469 -0.02429
-0.16259 0.47336 -0.02701
-0.16247 0.472 -0.02973
-0.16217 0.47102 -0.03256
-0.16137 0.47064 -0.03541
-0.16015 0.47039 -0.03827
-0.159 0.46991 -0.04113
-0.15841 0.46922 -0.04404
-0.15786 0.46821 -0.04686
-0.15738 0.46765 -0.04982
-0.15696 0.46678 -0.05272
-0.15679 0.46624 -0.05573
-0.15658 0.46558 -0.05869
-0.15619 0.46493 -0.06165
-0.1559 0.46457 -0.06473
-0.1557 0.46317 -0.06748
-0.15582 0.46215 -0.07037
-0.15606 0.46036 -0.07288
-0.15633 0.4587 -0.07541
-0.15642 0.45724 -0.07805
-0.15611 0.45561 -0.08057
-0.15542 0.45369 -0.08283
-0.15467 0.45187 -0.08517
-0.15418 0.45012 -0.08766
-0.1539 0.44853 -0.09027
-0.15355 0.44681 -0.09273
-0.153 0.44542 -0.09534
-0.15202 0.44415 -0.09785
-0.15113 0.44306 -0.10065
-0.15077 0.44118 -0.10312
-0.15074 0.43897 -0.10522
-0.15016 0.43737 -0.1076
-0.1493 0.43593 -0.11016
-0.1487 0.4346 -0.11284
-0.14812 0.43333 -0.11552
-0.14757 0.43216 -0.11829
-0.14708 0.43084 -0.12098
-0.1465 0.42965 -0.1237
-0.14592 0.42835 -0.1264
-0.14549 0.42711 -0.12916
-0.14487 0.42559 -0.13165
-0.14392 0.42447 -0.13432
-0.14333 0.42405 -0.13725
-0.14262 0.42316 -0.14014
-0.14196 0.4213 -0.14254
-0.14163 0.41951 -0.14498
-0.14148 0.41774 -0.1475
-0.14187 0.41605 -0.15005
-0.14272 0.41488 -0.15275
-0.14306 0.41332 -0.15534
-0.1424 0.41095 -0.15689
-0.14102 0.40884 -0.15859
-0.14005 0.40681 -0.16069
-0.13943 0.4047 -0.16287
-0.1391 0.40288 -0.1653
-0.13867 0.40092 -0.16761
-0.13825 0.39926 -0.17014
-0.13778 0.39813 -0.17297
-0.13689 0.39646 -0.17532
-0.13589 0.39435 -0.17739
-0.13559 0.39243 -0.17982
-0.13561 0.39026 -0.18201
-0.13564 0.38871 -0.18442
-0.16663 0.47483 -0.02127
-0.16598 0.47337 -0.02385
-0.16559 0.47206 -0.02656
-0.16551 0.4708 -0.02932
-0.16521 0.46985 -0.03218
-0.16445 0.46955 -0.03506
-0.16323 0.46928 -0.0379
-0.16223 0.46936 -0.04083
-0.16159 0.46853 -0.04369
-0.16109 0.46777 -0.04658
-0.16059 0.46712 -0.0495
-0.16004 0.46584 -0.05225
-0.15984 0.46525 -0.05524
-0.15964 0.46464 -0.0582
-0.15925 0.464 -0.06116
-0.15901 0.46358 -0.06416
-0.15893 0.46318 -0.06718
-0.159 0.46202 -0.07001
-0.15925 0.46074 -0.07276
-0.15954 0.45888 -0.07518
-0.15957 0.45764 -0.07797
-0.15925 0.45586 -0.0804
-0.15857 0.45385 -0.08257
-0.15778 0.45174 -0.08462
-0.15723 0.44979 -0.08692
-0.15693 0.44822 -0.08952
-0.15663 0.44676 -0.09216
-0.15607 0.44534 -0.09476
-0.15508 0.44402 -0.09726
-0.15418 0.44284 -0.09996
-0.15377 0.44095 -0.10236
-0.15371 0.4387 -0.10441
-0.15306 0.43692 -0.1067
-0.1522 0.43555 -0.10927
-0.1516 0.4343 -0.11197
-0.15102 0.43309 -0.11468
-0.15039 0.43166 -0.11728
-0.14988 0.43034 -0.11997
-0.14932 0.42927 -0.12274
-0.1488 0.42826 -0.12555
-0.14841 0.42727 -0.12842
-0.14773 0.42556 -0.13083
-0.14681 0.42441 -0.13345
-0.14611 0.42361 -0.13625
-0.14539 0.42268 -0.13906
-0.14488 0.42151 -0.14186
-0.14448 0.41956 -0.14418
-0.1443 0.41777 -0.14664
-0.14468 0.41619 -0.14923
-0.14557 0.41534 -0.15204
-0.14599 0.41398 -0.15489
-0.14524 0.41134 -0.15634
-0.14379 0.4091 -0.15774
-0.14277 0.40702 -0.15972
-0.14214 0.40493 -0.16187
-0.14177 0.40308 -0.16427
-0.14127 0.40094 -0.16637
-0.14071 0.39904 -0.1687
-0.14001 0.39753 -0.17124
-0.13913 0.39589 -0.17358
-0.13838 0.39422 -0.17602
-0.13801 0.39224 -0.17833
-0.13795 0.39 -0.18041
-0.13784 0.38818 -0.18273
-0.13716 0.38705 -0.18537
-0.16859 0.47071 -0.02627
-0.16828 0.46866 -0.03195
-0.16854 0.4695 -0.02906
-0.1675 0.46833 -0.03482
-0.16639 0.46841 -0.03771
-0.16532 0.46825 -0.04058
-0.16478 0.46782 -0.04353
-0.16425 0.46699 -0.04638
-0.16367 0.46607 -0.0492
-0.16311 0.46481 -0.05192
-0.16283 0.46403 -0.05486
-0.16261 0.46337 -0.05781
-0.16224 0.46281 -0.06079
-0.16207 0.4626 -0.06383
-0.16206 0.46241 -0.06685
-0.16218 0.4616 -0.06976
-0.16246 0.46056 -0.07259
-0.16273 0.4594 -0.07538
-0.16278 0.45833 -0.07827
-0.16242 0.45646 -0.08072
-0.16171 0.45428 -0.08277
-0.16094 0.45185 -0.08446
-0.16039 0.44978 -0.08664
-0.16005 0.4481 -0.08916
-0.15973 0.44655 -0.09173
-0.15914 0.44501 -0.09424
-0.15814 0.44372 -0.09674
-0.15719 0.44232 -0.09928
-0.15676 0.44046 -0.10166
-0.15674 0.43848 -0.10393
-0.1561 0.43672 -0.10621
-0.15519 0.43527 -0.10869
-0.15454 0.43388 -0.11129
-0.15394 0.43266 -0.11398
-0.15333 0.43137 -0.11664
-0.15279 0.42998 -0.11927
-0.15216 0.42867 -0.12191
-0.15162 0.42766 -0.12472
-0.15117 0.42647 -0.12747
-0.15055 0.42507 -0.13004
-0.1497 0.42413 -0.13276
-0.14906 0.42351 -0.13564
-0.14816 0.42201 -0.13815
-0.1477 0.42091 -0.14097
-0.14731 0.41914 -0.14341
-0.14709 0.41731 -0.14583
-0.14747 0.41581 -0.14845
-0.14858 0.41539 -0.15143
-0.14886 0.41337 -0.15392
-0.14807 0.41096 -0.1556
-0.14664 0.40889 -0.15723
-0.14562 0.40687 -0.15925
-0.14503 0.40515 -0.1617
-0.14461 0.4031 -0.16389
-0.14407 0.40079 -0.16578
-0.14344 0.39871 -0.1679
-0.14261 0.39696 -0.17022
-0.1417 0.39526 -0.1725
-0.14098 0.39366 -0.17499
-0.14059 0.39166 -0.17728
-0.14049 0.38938 -0.17928
-0.14029 0.38743 -0.18148
-0.13949 0.38621 -0.18404
-0.16941 0.46723 -0.03709
-0.16839 0.46723 -0.04001
-0.16787 0.46687 -0.04295
-0.16743 0.46642 -0.04589
-0.16679 0.4653 -0.04861
-0.16627 0.4641 -0.05135
-0.16589 0.46304 -0.05417
-0.16555 0.46216 -0.05705
-0.16524 0.4618 -0.06008
-0.16508 0.46169 -0.06312
-0.16505 0.46144 -0.06612
-0.16531 0.46121 -0.06913
-0.16558 0.46017 -0.07196
-0.16585 0.45894 -0.07471
-0.16591 0.45769 -0.07743
-0.16557 0.4561 -0.07996
-0.16488 0.45432 -0.0823
-0.16406 0.45246 -0.08456
-0.1635 0.45031 -0.08666
-0.16318 0.4484 -0.089
-0.16283 0.44646 -0.09126
-0.16221 0.44483 -0.09365
-0.16115 0.44339 -0.09599
-0.16016 0.4419 -0.09848
-0.15975 0.44011 -0.10093
-0.15978 0.43844 -0.10339
-0.1591 0.4367 -0.10559
-0.15809 0.43488 -0.10778
-0.15742 0.43351 -0.11039
-0.15682 0.43238 -0.11309
-0.15622 0.43117 -0.11579
-0.15565 0.42974 -0.11836
-0.155 0.42838 -0.12095
-0.15439 0.42715 -0.12365
-0.15391 0.42596 -0.12638
-0.1533 0.42468 -0.12895
-0.15239 0.4236 -0.1316
-0.15182 0.42302 -0.13448
-0.15084 0.42146 -0.13694
-0.15005 0.41984 -0.13941
-0.14969 0.41819 -0.1419
-0.14952 0.41645 -0.14441
-0.14996 0.41508 -0.14714
-0.15126 0.41452 -0.15003
-0.15142 0.41246 -0.15247
-0.15063 0.41024 -0.15428
-0.14935 0.40843 -0.15627
-0.14848 0.40682 -0.15867
-0.14796 0.40536 -0.16131
-0.14755 0.40339 -0.16366
-0.14688 0.40083 -0.16523
-0.14613 0.3985 -0.16699
-0.14526 0.39668 -0.16922
-0.14438 0.39505 -0.17152
-0.1436 0.39333 -0.17393
-0.14329 0.39143 -0.17633
-0.14312 0.38904 -0.17821
-0.14284 0.38712 -0.18028
-0.14185 0.38568 -0.18258
-0.17043 0.46569 -0.04482
-0.16985 0.46483 -0.04763
-0.16945 0.46419 -0.05054
-0.16907 0.46294 -0.05325
-0.1686 0.46149 -0.05584
-0.16806 0.4606 -0.05881
-0.16796 0.46083 -0.06191
-0.16792 0.46065 -0.06491
-0.16824 0.4607 -0.06792
-0.16866 0.46041 -0.07095
-0.16887 0.45894 -0.07362
-0.16866 0.45705 -0.0759
-0.16835 0.4556 -0.07847
-0.1678 0.45421 -0.08106
-0.16708 0.45282 -0.08364
-0.16651 0.45131 -0.08627
-0.16619 0.44933 -0.08857
-0.16582 0.44718 -0.09059
-0.16517 0.44535 -0.09278
-0.16405 0.44374 -0.09492
-0.16304 0.4422 -0.09736
-0.16263 0.44045 -0.09985
-0.16263 0.43885 -0.10231
-0.16192 0.43714 -0.10447
-0.16089 0.4353 -0.10661
-0.16017 0.43382 -0.1091
-0.1595 0.43243 -0.11164
-0.15886 0.43119 -0.1143
-0.15832 0.42999 -0.11697
-0.15767 0.42874 -0.11958
-0.157 0.42732 -0.12214
-0.15646 0.426 -0.12481
-0.15582 0.42469 -0.12731
-0.15483 0.42345 -0.12987
-0.15397 0.42235 -0.13244
-0.15337 0.42143 -0.1353
-0.15236 0.41956 -0.13754
-0.15176 0.41771 -0.1398
-0.15156 0.41596 -0.14231
-0.15174 0.4143 -0.14493
-0.15257 0.41308 -0.14762
-0.15311 0.41148 -0.15013
-0.15286 0.40968 -0.15237
-0.1517 0.40803 -0.15458
-0.15085 0.40643 -0.157
-0.1504 0.405 -0.15965
-0.15009 0.40317 -0.16207
-0.1496 0.40097 -0.16412
-0.14873 0.39861 -0.1658
-0.1477 0.39659 -0.16776
-0.14687 0.39507 -0.17014
-0.14612 0.39344 -0.17259
-0.14574 0.39143 -0.1749
-0.14561 0.38913 -0.17685
-0.14512 0.387 -0.17855
-0.14408 0.38555 -0.18085
-0.14283 0.38452 -0.18332
-0.17163 0.46242 -0.05474
-0.171 0.4606 -0.05718
-0.17062 0.45983 -0.06021
-0.17064 0.46013 -0.06325
-0.17083 0.4599 -0.0662
-0.17126 0.45959 -0.06916
-0.17167 0.45875 -0.07203
-0.1715 0.45706 -0.07447
-0.17111 0.45543 -0.07692
-0.17059 0.45418 -0.07958
-0.16989 0.45289 -0.08219
-0.16934 0.45146 -0.08478
-0.16909 0.45 -0.08743
-0.16867 0.44781 -0.08944
-0.16802 0.446 -0.09168
-0.16689 0.44444 -0.09386
-0.16584 0.44289 -0.09622
-0.16538 0.44128 -0.09872
-0.16537 0.4396 -0.10115
-0.16467 0.43791 -0.10339
-0.1636 0.43592 -0.10533
-0.16282 0.43425 -0.10767
-0.16215 0.43302 -0.11028
-0.16144 0.43146 -0.11273
-0.16086 0.43017 -0.11535
-0.16024 0.42921 -0.11809
-0.15961 0.42809 -0.1208
-0.15896 0.4264 -0.12319
-0.15822 0.42477 -0.12551
-0.15712 0.4234 -0.12794
-0.1562 0.42217 -0.13045
-0.15532 0.42095 -0.13305
-0.15464 0.41955 -0.13562
-0.15404 0.41773 -0.13787
-0.15365 0.41584 -0.14018
-0.15354 0.41395 -0.14256
-0.15365 0.41213 -0.14497
-0.15399 0.41051 -0.14743
-0.15401 0.40883 -0.14974
-0.15362 0.4076 -0.15241
-0.15282 0.40608 -0.15489
-0.15223 0.40454 -0.15741
-0.15182 0.40272 -0.15974
-0.15145 0.40066 -0.16187
-0.15098 0.39863 -0.16401
-0.15003 0.39673 -0.16612
-0.1491 0.39509 -0.16837
-0.14845 0.39369 -0.17095
-0.14811 0.39184 -0.17334
-0.14811 0.38981 -0.17558
-0.14757 0.38751 -0.17719
-0.14632 0.38571 -0.17911
-0.14491 0.38453 -0.18143
-0.1741 0.4551 -0.07591
-0.17355 0.45381 -0.07853
-0.17288 0.45266 -0.0812
-0.17231 0.45119 -0.08373
-0.17199 0.44947 -0.08612
-0.17168 0.44777 -0.08854
-0.17107 0.44619 -0.09098
-0.16993 0.44466 -0.09319
-0.16887 0.44326 -0.0956
-0.16837 0.44193 -0.09821
-0.16829 0.44063 -0.10093
-0.16764 0.43852 -0.10294
-0.16655 0.43629 -0.10458
-0.16574 0.4345 -0.10679
-0.16504 0.43313 -0.10933
-0.16432 0.43165 -0.1118
-0.16368 0.43011 -0.11427
-0.16301 0.42898 -0.11692
-0.16237 0.42785 -0.1196
-0.16185 0.42659 -0.12228
-0.16104 0.42475 -0.12447
-0.15969 0.42297 -0.12645
-0.15861 0.42153 -0.12879
-0.15769 0.42028 -0.13135
-0.15694 0.41884 -0.13385
-0.15652 0.41723 -0.13629
-0.15613 0.41539 -0.1386
-0.15603 0.41354 -0.14094
-0.15582 0.41138 -0.14298
-0.15557 0.40935 -0.14514
-0.15537 0.40754 -0.14743
-0.15473 0.40621 -0.14998
-0.15463 0.40512 -0.15282
-0.15398 0.40358 -0.15532
-0.15362 0.40183 -0.15768
-0.15318 0.39975 -0.15976
-0.15274 0.3977 -0.16189
-0.15224 0.39617 -0.16441
-0.15146 0.39467 -0.16682
-0.15077 0.39324 -0.16933
-0.15052 0.39155 -0.17181
-0.15044 0.38944 -0.17392
-0.15005 0.38733 -0.17585
-0.14898 0.38585 -0.1781
-0.14744 0.38451 -0.18018
-0.14572 0.38331 -0.18239
-0.14345 0.38359 -0.18403
-0.1754 0.451 -0.08316
-0.17512 0.44945 -0.08567
-0.17479 0.44787 -0.08817
-0.17415 0.446 -0.09039
-0.17301 0.44457 -0.0927
-0.17196 0.44328 -0.09516
-0.17146 0.44212 -0.09784
-0.17138 0.44137 -0.10088
-0.17069 0.43907 -0.10291
-0.16958 0.43659 -0.10419
-0.16873 0.43461 -0.10619
-0.16802 0.43319 -0.10869
-0.1673 0.43173 -0.11118
-0.16657 0.42989 -0.11342
-0.16583 0.42852 -0.11593
-0.16507 0.42712 -0.11845
-0.16453 0.42584 -0.12108
-0.16378 0.42413 -0.12339
-0.16246 0.4224 -0.12542
-0.16118 0.4207 -0.12747
-0.16011 0.41928 -0.12988
-0.15941 0.41792 -0.13244
-0.15917 0.41657 -0.13507
-0.15875 0.41473 -0.13738
-0.15877 0.41307 -0.13987
-0.15833 0.41065 -0.14158
-0.15791 0.4084 -0.14351
-0.15756 0.40643 -0.14569
-0.15661 0.4049 -0.14807
-0.15622 0.4037 -0.15082
-0.15587 0.4024 -0.15348
-0.15547 0.40063 -0.15583
-0.15525 0.39871 -0.15807
-0.15507 0.39689 -0.16043
-0.15461 0.39544 -0.16299
-0.15388 0.394 -0.16547
-0.15333 0.39278 -0.16813
-0.15298 0.39096 -0.17048
-0.1529 0.38887 -0.1726
-0.15256 0.38681 -0.17466
-0.15159 0.38557 -0.17712
-0.15012 0.38439 -0.17933
-0.1483 0.383 -0.1813
-0.1761 0.44422 -0.09247
-0.17504 0.44294 -0.09494
-0.17458 0.44196 -0.09769
-0.17463 0.44113 -0.10071
-0.17386 0.43887 -0.10279
-0.17263 0.43637 -0.10395
-0.17173 0.43424 -0.10579
-0.17101 0.43274 -0.10824
-0.17027 0.4312 -0.11067
-0.16948 0.42929 -0.11283
-0.16867 0.42777 -0.11524
-0.1679 0.42638 -0.11775
-0.16727 0.42491 -0.12026
-0.16656 0.4233 -0.12265
-0.16528 0.42162 -0.12475
-0.16394 0.41982 -0.12666
-0.16267 0.41814 -0.12879
-0.16184 0.41664 -0.13124
-0.16147 0.41514 -0.13379
-0.16143 0.41378 -0.13645
-0.1611 0.41174 -0.1386
-0.1607 0.4094 -0.1404
-0.16045 0.40728 -0.14249
-0.16015 0.40538 -0.14472
-0.15904 0.40365 -0.14685
-0.15821 0.40212 -0.14931
-0.15777 0.4008 -0.15197
-0.1576 0.39924 -0.15449
-0.15759 0.39751 -0.15691
-0.15758 0.39594 -0.15943
-0.15714 0.39454 -0.16203
-0.15643 0.39313 -0.16452
-0.1557 0.39164 -0.16698
-0.1554 0.38989 -0.16937
-0.15537 0.3879 -0.17157
-0.15517 0.38606 -0.17381
-0.15406 0.38467 -0.17613
-0.15281 0.38379 -0.17864
-0.15089 0.38232 -0.18047
-0.17756 0.44135 -0.09701
-0.17777 0.44042 -0.1
-0.17697 0.43823 -0.10216
-0.17557 0.43577 -0.10332
-0.17469 0.43375 -0.10528
-0.17386 0.43198 -0.10749
-0.17306 0.43035 -0.10982
-0.1724 0.42879 -0.11225
-0.17157 0.42726 -0.11464
-0.17069 0.42559 -0.11693
-0.17003 0.42412 -0.11943
-0.16931 0.42249 -0.12177
-0.16808 0.42091 -0.12397
-0.16676 0.41916 -0.12591
-0.16546 0.41741 -0.12794
-0.16455 0.41578 -0.13027
-0.16404 0.41412 -0.13266
-0.16356 0.41231 -0.13496
-0.1631 0.41021 -0.137
-0.16293 0.40803 -0.13903
-0.16292 0.40617 -0.14136
-0.16261 0.40432 -0.14357
-0.16166 0.40278 -0.14587
-0.16071 0.40107 -0.14814
-0.16007 0.39956 -0.15067
-0.15993 0.39807 -0.15324
-0.16007 0.3966 -0.15581
-0.16009 0.39511 -0.15838
-0.15962 0.39368 -0.16094
-0.15895 0.39234 -0.16346
-0.15811 0.39069 -0.16579
-0.15766 0.38876 -0.16803
-0.15765 0.3868 -0.17026
-0.15739 0.38496 -0.17243
-0.15631 0.38368 -0.17477
-0.15499 0.3827 -0.17717
-0.1535 0.38174 -0.17962
-0.15154 0.38046 -0.18157
-0.17843 0.43532 -0.10233
-0.1776 0.43345 -0.10444
-0.17676 0.4317 -0.10664
-0.1759 0.42994 -0.10886
-0.17526 0.4285 -0.11134
-0.17459 0.42755 -0.11412
-0.17362 0.42562 -0.11624
-0.17276 0.42366 -0.11829
-0.17197 0.42195 -0.12051
-0.17078 0.42044 -0.12276
-0.16955 0.41884 -0.12487
-0.16829 0.4172 -0.12699
-0.16729 0.41542 -0.12915
-0.16665 0.41359 -0.13134
-0.16598 0.41157 -0.13342
-0.16555 0.40947 -0.13549
-0.16539 0.40731 -0.13755
-0.16526 0.4054 -0.13979
-0.16485 0.40348 -0.14188
-0.16408 0.40219 -0.14439
-0.1634 0.40089 -0.14701
-0.16256 0.3991 -0.14927
-0.16226 0.39741 -0.15169
-0.16242 0.39604 -0.15431
-0.16247 0.39463 -0.15691
-0.16197 0.39316 -0.15944
-0.16129 0.39181 -0.16194
-0.16053 0.39028 -0.16436
-0.16005 0.3883 -0.16656
-0.15997 0.38627 -0.16872
-0.15972 0.38452 -0.17089
-0.15854 0.38312 -0.17312
-0.15726 0.38222 -0.17561
-0.1558 0.38129 -0.17809
-0.15408 0.38024 -0.1804
-0.17968 0.43166 -0.10569
-0.17881 0.42997 -0.10794
-0.17799 0.42812 -0.11008
-0.17728 0.427 -0.1127
-0.17658 0.42574 -0.11538
-0.17558 0.42358 -0.11723
-0.17456 0.42155 -0.11905
-0.17335 0.42004 -0.12127
-0.17224 0.41861 -0.12356
-0.17103 0.4171 -0.12579
-0.17001 0.41532 -0.12792
-0.16928 0.41338 -0.12996
-0.16857 0.41132 -0.13195
-0.16813 0.40923 -0.13402
-0.16795 0.40706 -0.13603
-0.16771 0.40504 -0.13815
-0.16731 0.40314 -0.14026
-0.16635 0.40168 -0.14262
-0.16567 0.40044 -0.14525
-0.165 0.39895 -0.14773
-0.16467 0.39726 -0.15011
-0.16472 0.39575 -0.15262
-0.16472 0.39432 -0.15519
-0.16421 0.39285 -0.15771
-0.16358 0.39156 -0.16026
-0.16289 0.39016 -0.16276
-0.16246 0.38829 -0.16504
-0.16236 0.38626 -0.16718
-0.16209 0.38449 -0.16934
-0.16094 0.38316 -0.17163
-0.15952 0.38203 -0.17395
-0.15806 0.38108 -0.17645
-0.15652 0.38021 -0.179
-0.15464 0.37919 -0.18112
-0.18083 0.42789 -0.10907
-0.17994 0.42639 -0.1114
-0.17925 0.42504 -0.11396
-0.17835 0.4231 -0.11605
-0.17727 0.42107 -0.11782
-0.17587 0.41938 -0.11978
-0.1748 0.41802 -0.12213
-0.17372 0.41669 -0.12452
-0.17272 0.41499 -0.1267
-0.17203 0.41314 -0.12884
-0.17133 0.41112 -0.13086
-0.17089 0.40905 -0.13293
-0.17078 0.40711 -0.13513
-0.17047 0.40495 -0.13707
-0.17 0.4029 -0.13904
-0.16895 0.40132 -0.14127
-0.1681 0.3999 -0.14374
-0.16745 0.39852 -0.14627
-0.16724 0.39711 -0.14883
-0.16726 0.39557 -0.15131
-0.16715 0.39395 -0.15375
-0.16653 0.39234 -0.15614
-0.16582 0.39096 -0.1586
-0.1652 0.38966 -0.16115
-0.16489 0.38798 -0.16357
-0.1649 0.38618 -0.16589
-0.16463 0.3844 -0.16807
-0.16342 0.38303 -0.17029
-0.16199 0.38194 -0.17261
-0.16047 0.38093 -0.175
-0.1589 0.38005 -0.17752
-0.15717 0.37934 -0.17988
-0.18066 0.42195 -0.11444
-0.17961 0.41996 -0.11628
-0.1784 0.41846 -0.11847
-0.17732 0.41708 -0.12079
-0.17624 0.41576 -0.12317
-0.17536 0.41424 -0.12551
-0.17472 0.41249 -0.12775
-0.17411 0.41066 -0.12994
-0.17379 0.40895 -0.1323
-0.17371 0.40716 -0.13464
-0.17333 0.40479 -0.13636
-0.17289 0.40284 -0.13845
-0.17177 0.40106 -0.14045
-0.1708 0.39945 -0.14273
-0.17007 0.39797 -0.14517
-0.16987 0.39663 -0.14776
-0.16979 0.39495 -0.15014
-0.16968 0.39333 -0.15258
-0.16905 0.39173 -0.15494
-0.16823 0.3902 -0.15728
-0.16754 0.38881 -0.15975
-0.16724 0.38716 -0.16215
-0.1674 0.38562 -0.16464
-0.16723 0.384 -0.167
-0.16597 0.38261 -0.16918
-0.16446 0.38146 -0.17138
-0.16301 0.38064 -0.17384
-0.16141 0.37976 -0.17628
-0.15973 0.37923 -0.1787
-0.15809 0.37836 -0.18101
-0.18084 0.41716 -0.11732
-0.18194 0.41856 -0.115
-0.17969 0.41572 -0.11956
-0.17862 0.41441 -0.12194
-0.17776 0.41293 -0.12429
-0.1773 0.4114 -0.12673
-0.17682 0.40979 -0.12911
-0.17651 0.40814 -0.13148
-0.17647 0.4064 -0.13381
-0.17625 0.40453 -0.13603
-0.17583 0.40291 -0.13838
-0.1747 0.401 -0.14024
-0.17366 0.39911 -0.14223
-0.17283 0.39742 -0.14448
-0.17245 0.39576 -0.14683
-0.17235 0.39406 -0.1492
-0.17219 0.3924 -0.15159
-0.1716 0.39087 -0.154
-0.17081 0.38939 -0.15637
-0.17006 0.38792 -0.15876
-0.16973 0.38622 -0.16111
-0.16983 0.38461 -0.16354
-0.16975 0.38314 -0.166
-0.16851 0.38183 -0.16823
-0.16702 0.38077 -0.17047
-0.16557 0.37999 -0.17292
-0.16406 0.37936 -0.17543
-0.16245 0.37901 -0.1779
-0.1609 0.3784 -0.18041
-0.18202 0.41403 -0.11873
-0.18094 0.41273 -0.1211
-0.18013 0.4113 -0.12349
-0.17972 0.40984 -0.12597
-0.17942 0.40849 -0.12852
-0.17928 0.40716 -0.13109
-0.17939 0.40597 -0.13373
-0.1792 0.40472 -0.13636
-0.17876 0.40297 -0.13866
-0.1776 0.40079 -0.14022
-0.17656 0.39886 -0.14214
-0.17567 0.39696 -0.14416
-0.17515 0.39499 -0.14622
-0.17499 0.3932 -0.14851
-0.1748 0.39152 -0.15087
-0.17422 0.39001 -0.15329
-0.17339 0.38846 -0.1556
-0.17263 0.38697 -0.15795
-0.1723 0.38528 -0.16029
-0.17243 0.38373 -0.16275
-0.17221 0.38208 -0.16509
-0.171 0.38084 -0.16737
-0.16959 0.37994 -0.16969
-0.16812 0.37916 -0.17209
-0.16654 0.37842 -0.17448
-0.16498 0.37809 -0.17696
-0.16358 0.3776 -0.17955
-0.18249 0.40951 -0.12305
-0.18204 0.40803 -0.12552
-0.18195 0.40697 -0.12823
-0.18217 0.40642 -0.13108
-0.18244 0.40589 -0.13399
-0.18227 0.40453 -0.13671
-0.18173 0.40247 -0.13882
-0.18048 0.40035 -0.14043
-0.17943 0.39845 -0.14236
-0.17849 0.39633 -0.1441
-0.17789 0.39417 -0.14594
-0.17772 0.39239 -0.14824
-0.17753 0.39071 -0.15058
-0.17695 0.38925 -0.15304
-0.17606 0.38753 -0.15522
-0.17517 0.3858 -0.15735
-0.17485 0.38414 -0.15971
-0.1749 0.38249 -0.16209
-0.17464 0.38079 -0.16438
-0.17348 0.37965 -0.16675
-0.17209 0.3788 -0.1691
-0.1707 0.37817 -0.17157
-0.16909 0.37739 -0.17391
-0.16734 0.37678 -0.17615
-0.16569 0.37593 -0.17842
-0.18443 0.40628 -0.125
-0.18451 0.40553 -0.12783
-0.18492 0.40525 -0.13073
-0.18512 0.40437 -0.13355
-0.18479 0.40288 -0.1361
-0.18424 0.40092 -0.13821
-0.18325 0.39946 -0.14051
-0.18225 0.39771 -0.14266
-0.18119 0.39534 -0.14402
-0.18059 0.39319 -0.14587
-0.18032 0.39122 -0.14799
-0.18015 0.3896 -0.15037
-0.17958 0.38815 -0.15283
-0.17868 0.38642 -0.15499
-0.17784 0.38479 -0.1572
-0.17755 0.38316 -0.15958
-0.17733 0.38108 -0.1616
-0.17701 0.37933 -0.16385
-0.1759 0.37828 -0.16628
-0.17454 0.37749 -0.16867
-0.17309 0.37677 -0.17107
-0.17163 0.37623 -0.17354
-0.1699 0.37568 -0.17583
-0.16825 0.37477 -0.17807
-0.18601 0.39859 -0.14088
-0.18487 0.39641 -0.1425
-0.18383 0.39415 -0.14398
-0.18322 0.39202 -0.14583
-0.18286 0.38993 -0.1478
-0.18266 0.38826 -0.15015
-0.18223 0.38697 -0.15276
-0.18121 0.38511 -0.15479
-0.18037 0.38345 -0.15698
-0.17998 0.38166 -0.15921
-0.17971 0.37957 -0.16121
-0.17937 0.37783 -0.16346
-0.17834 0.37692 -0.16597
-0.17694 0.37609 -0.16832
-0.17549 0.37536 -0.17072
-0.174 0.37477 -0.17315
-0.17261 0.37481 -0.17577
-0.17093 0.37388 -0.17805
-0.18643 0.39297 -0.14359
-0.1858 0.39083 -0.14544
-0.18541 0.3887 -0.14737
-0.18505 0.38681 -0.14951
-0.1844 0.38525 -0.15186
-0.18374 0.38382 -0.15432
-0.18278 0.38203 -0.15639
-0.18235 0.3802 -0.15857
-0.18222 0.37832 -0.16074
-0.182 0.3768 -0.16316
-0.1809 0.37583 -0.16563
-0.17948 0.37498 -0.16798
-0.17796 0.37411 -0.17027
-0.17648 0.37352 -0.17268
-0.17507 0.37343 -0.17522
-0.17362 0.37291 -0.17776
-0.18831 0.38939 -0.14541
-0.18787 0.38722 -0.14729
-0.18729 0.38508 -0.14913
-0.18648 0.38336 -0.15131
-0.18591 0.38203 -0.15384
-0.18512 0.38043 -0.15612
-0.18472 0.37863 -0.15832
-0.18479 0.37711 -0.16077
-0.18464 0.37577 -0.16331
-0.18354 0.37483 -0.16581
-0.18203 0.3738 -0.16804
-0.18035 0.37267 -0.17012
-0.17886 0.37207 -0.17251
-0.17728 0.37171 -0.1749
-0.17582 0.37113 -0.17737
-0.18884 0.38181 -0.15089
-0.18822 0.38045 -0.15337
-0.18757 0.37902 -0.15579
-0.18727 0.37738 -0.15814
-0.18746 0.37609 -0.16074
-0.18722 0.37456 -0.16315
-0.18603 0.37349 -0.16554
-0.18463 0.37268 -0.16792
-0.18295 0.37159 -0.17001
-0.18138 0.37083 -0.17229
-0.17989 0.37062 -0.17476
-0.1783 0.36981 -0.1771
-0.19002 0.37774 -0.1551
-0.18986 0.37632 -0.1576
-0.18984 0.37467 -0.15996
-0.18963 0.37325 -0.16241
-0.18854 0.3724 -0.16492
-0.18702 0.37141 -0.16712
-0.18539 0.3704 -0.16926
-0.18382 0.36963 -0.17158
-0.18223 0.36922 -0.17395
-0.18081 0.36868 -0.17644
-0.19124 0.37154 -0.16466
-0.18939 0.37009 -0.16637
-0.18764 0.36895 -0.16836
-0.18619 0.36832 -0.17082
-0.18453 0.36781 -0.17312
-0.18317 0.36732 -0.17564
-0.19024 0.36818 -0.1677
-0.19203 0.36941 -0.16575
-0.18857 0.3672 -0.16988
-0.18689 0.36663 -0.17216
-0.18543 0.366 -0.17458
-0.19113 0.36678 -0.16884
-0.19288 0.36797 -0.16681
-0.18927 0.36589 -0.17087
-0.18779 0.36524 -0.17324
-0.19185 0.3653 -0.16999
-0.19014 0.36432 -0.17207
-0.18875 0.36347 -0.17436
-0.19267 0.36327 -0.17156
-0.1912 0.36231 -0.17376
POLYGONS 22399 89596
3 0 1 2
3 1 3 2
3 4 2 5
3 2 6 5
3 2 3 6
3 3 7 6
3 3 8 7
3 8 9 7
3 5 10 11
3 5 6 10
3 6 12 10
3 6 7 12
3 7 13 12
3 7 9 13
3 9 14 13
3 9 15 14
3 15 16 14
3 17 11 18
3 11 10 18
3 18 10 19
3 10 12 19
3 19 12 20
3 12 21 20
3 12 13 21
3 13 14 21
3 21 14 22
3 14 23 22
3 14 16 23
3 16 24 23
3 25 18 26
3 18 19 26
3 26 19 27
3 19 28 27
3 19 20 28
3 20 29 28
3 20 21 29
3 21 30 29
3 21 22 30
3 22 31 30
3 22 23 31
3 23 32 31
3 23 24 32
3 24 33 32
3 25 26 34
3 34 26 35
3 26 27 35
3 35 27 36
3 27 37 36
3 27 28 37
3 28 38 37
3 28 29 38
3 29 39 38
3 29 30 39
3 30 40 39
3 30 31 40
3 31 41 40
3 31 32 41
3 32 42 41
3 32 33 42
3 33 43 42
3 44 35 45
3 35 46 45
3 35 36 46
3 36 47 46
3 36 37 47
3 37 48 47
3 37 38 48
3 38 49 48
3 38 39 49
3 39 50 49
3 39 40 50
3 40 51 50
3 40 41 51
3 41 52 51
3 41 42 52
3 42 53 52
3 42 43 53
3 43 54 53
3 43 55 54
3 44 45 56
3 45 57 56
3 45 46 57
3 46 58 57
3 46 47 58
3 47 59 58
3 47 48 59
3 48 60 59
3 48 49 60
3 49 61 60
3 49 50 61
3 50 62 61
3 50 51 62
3 51 63 62
3 51 52 63
3 52 64 63
3 52 53 64
3 53 65 64
3 53 54 65
3 54 66 65
3 54 67 66
3 66 68 69
3 69 70 71
3 71 72 73
3 56 74 75
3 56 57 74
3 57 58 76
3 58 59 77
3 59 78 77
3 59 60 78
3 60 79 78
3 60 61 79
3 61 80 79
3 61 62 80
3 62 81 80
3 62 63 81
3 63 82 81
3 63 64 82
3 64 83 82
3 64 65 83
3 65 84 83
3 65 66 84
3 66 69 84
3 84 69 85
3 69 71 85
3 85 71 86
3 71 73 86
3 86 73 87
3 73 88 87
3 87 88 89
3 88 90 89
3 89 90 91
3 90 92 91
3 90 93 92
3 93 94 92
3 75 74 95
3 76 77 96
3 77 78 97
3 78 98 97
3 78 79 98
3 79 99 98
3 79 80 99
3 80 100 99
3 80 81 100
3 81 101 100
3 81 82 101
3 82 102 101
3 82 83 102
3 83 103 102
3 83 84 103
3 84 104 103
3 84 85 104
3 85 86 104
3 104 86 105
3 86 87 105
3 105 87 106
3 87 89 106
3 106 89 107
3 89 91 107
3 107 91 108
3 91 109 108
3 91 92 109
3 92 110 109
3 92 94 110
3 94 111 110
3 94 112 111
3 111 113 114
3 115 96 116
3 96 117 116
3 96 97 117
3 97 118 117
3 97 98 118
3 98 119 118
3 98 99 119
3 99 120 119
3 99 100 120
3 100 121 120
3 100 101 121
3 101 122 121
3 101 102 122
3 102 123 122
3 102 103 123
3 103 124 123
3 103 104 124
3 104 105 124
3 105 106 125
3 125 106 126
3 106 107 126
3 126 107 127
3 107 108 127
3 127 108 128
3 108 129 128
3 108 109 129
3 109 130 129
3 109 110 130
3 110 131 130
3 110 111 131
3 111 114 131
3 131 114 132
3 132 133 134
3 134 135 136
3 135 137 136
3 136 137 138
3 137 139 138
3 138 139 140
3 120 141 142
3 120 121 141
3 121 143 141
3 122 144 143
3 122 123 144
3 123 145 144
3 123 124 145
3 124 125 145
3 145 125 146
3 125 126 146
3 146 126 147
3 126 127 147
3 147 127 148
3 127 149 148
3 127 128 149
3 128 150 149
3 128 129 150
3 129 151 150
3 129 130 151
3 130 152 151
3 130 131 152
3 131 153 152
3 131 132 153
3 132 154 153
3 132 134 154
3 134 155 154
3 134 136 155
3 136 138 155
3 155 138 156
3 138 140 156
3 156 140 157
3 140 158 157
3 140 159 158
3 159 160 158
3 142 161 162
3 142 141 161
3 141 163 161
3 141 143 163
3 143 164 163
3 143 144 164
3 144 165 164
3 144 145 165
3 145 146 165
3 165 146 166
3 146 147 166
3 166 147 167
3 147 148 167
3 167 148 168
3 148 169 168
3 148 149 169
3 149 170 169
3 149 150 170
3 150 171 170
3 150 151 171
3 151 172 171
3 151 152 172
3 152 173 172
3 152 153 173
3 153 174 173
3 153 154 174
3 154 175 174
3 154 155 175
3 155 156 175
3 175 156 176
3 156 157 176
3 176 157 177
3 157 178 177
3 157 158 178
3 158 179 178
3 158 160 179
3 160 180 179
3 160 181 180
3 181 182 180
3 181 183 182
3 183 184 182
3 185 186 187
3 186 188 187
3 186 162 188
3 162 189 188
3 162 161 189
3 161 190 189
3 161 163 190
3 163 191 190
3 163 164 191
3 164 165 191
3 191 165 192
3 165 166 192
3 192 166 193
3 166 167 193
3 193 167 194
3 167 168 194
3 194 168 195
3 168 169 195
3 195 169 196
3 169 170 196
3 196 170 197
3 170 171 197
3 197 171 198
3 171 172 198
3 198 172 199
3 172 173 199
3 199 173 200
3 173 201 200
3 173 174 201
3 174 175 201
3 201 175 202
3 175 176 202
3 202 176 203
3 176 177 203
3 203 177 204
3 177 205 204
3 177 178 205
3 178 206 205
3 178 179 206
3 179 207 206
3 179 180 207
3 180 182 207
3 207 182 208
3 182 184 208
3 208 184 209
3 184 210 209
3 184 211 210
3 211 212 210
3 211 213 212
3 213 214 212
3 215 187 216
3 187 217 216
3 187 188 217
3 188 218 217
3 188 189 218
3 189 219 218
3 189 190 219
3 190 220 219
3 190 191 220
3 191 192 220
3 220 192 221
3 192 193 221
3 221 193 222
3 193 194 222
3 222 194 223
3 194 195 223
3 223 195 224
3 195 196 224
3 224 196 225
3 196 197 225
3 225 197 226
3 197 198 226
3 226 198 227
3 198 199 227
3 227 199 228
3 199 200 228
3 228 200 229
3 200 201 229
3 229 201 230
3 201 202 230
3 230 202 231
3 202 203 231
3 231 203 232
3 203 204 232
3 232 204 233
3 204 234 233
3 204 205 234
3 205 235 234
3 205 206 235
3 206 236 235
3 206 207 236
3 207 208 236
3 236 208 237
3 208 209 237
3 237 209 238
3 209 210 238
3 238 210 239
3 210 240 239
3 210 212 240
3 212 241 240
3 212 214 241
3 214 242 241
3 214 243 242
3 243 244 242
3 245 246 247
3 246 248 247
3 249 250 248
3 249 251 250
3 251 252 250
3 253 254 255
3 253 216 254
3 216 256 254
3 216 217 256
3 217 257 256
3 217 218 257
3 218 219 257
3 257 219 258
3 219 220 258
3 258 220 259
3 220 221 259
3 259 221 260
3 221 222 260
3 260 222 261
3 222 223 261
3 261 223 262
3 223 224 262
3 262 224 263
3 224 225 263
3 263 225 264
3 225 226 264
3 264 226 265
3 226 227 265
3 265 227 266
3 227 228 266
3 266 228 267
3 228 229 267
3 267 229 268
3 229 230 268
3 268 230 269
3 230 231 269
3 269 231 270
3 231 232 270
3 270 232 271
3 232 233 271
3 271 233 272
3 233 234 272
3 272 234 273
3 234 274 273
3 234 235 274
3 235 275 274
3 235 236 275
3 236 237 275
3 275 237 276
3 237 238 276
3 276 238 277
3 238 239 277
3 277 239 278
3 239 279 278
3 239 240 279
3 240 241 279
3 279 241 280
3 241 281 280
3 241 242 281
3 242 282 281
3 242 244 282
3 244 283 282
3 284 285 286
3 285 287 286
3 286 287 288
3 287 245 288
3 288 245 289
3 245 247 289
3 289 247 290
3 247 248 290
3 290 248 291
3 248 250 291
3 291 250 292
3 250 293 292
3 250 252 293
3 252 294 293
3 252 295 294
3 295 296 294
3 295 297 296
3 297 298 296
3 297 299 298
3 298 300 301
3 255 302 303
3 255 254 302
3 254 304 302
3 254 256 304
3 256 305 304
3 256 257 305
3 257 306 305
3 257 258 306
3 258 259 306
3 306 259 307
3 259 260 307
3 307 260 308
3 260 261 308
3 308 261 309
3 261 262 309
3 309 262 310
3 262 263 310
3 310 263 311
3 263 264 311
3 311 264 312
3 264 265 312
3 312 265 313
3 265 266 313
3 313 266 314
3 266 267 314
3 314 267 315
3 267 268 315
3 315 268 316
3 268 269 316
3 316 269 317
3 269 270 317
3 317 270 318
3 270 271 318
3 318 271 319
3 271 272 319
3 319 272 320
3 272 321 320
3 272 273 321
3 273 322 321
3 273 274 322
3 274 323 322
3 274 275 323
3 275 276 323
3 323 276 324
3 276 277 324
3 324 277 325
3 277 278 325
3 325 278 326
3 278 327 326
3 278 279 327
3 279 280 327
3 327 280 328
3 280 329 328
3 280 281 329
3 281 330 329
3 281 282 330
3 282 331 330
3 282 283 331
3 283 332 331
3 283 333 332
3 333 334 332
3 332 334 335
3 335 336 337
3 338 339 340
3 340 341 342
3 341 343 342
3 342 343 344
3 343 345 344
3 345 346 347
3 347 348 349
3 348 284 349
3 349 284 350
3 284 286 350
3 350 286 351
3 286 288 351
3 351 288 352
3 288 289 352
3 352 289 353
3 289 290 353
3 353 290 354
3 290 291 354
3 354 291 355
3 291 292 355
3 355 292 356
3 292 357 356
3 292 293 357
3 293 358 357
3 293 294 358
3 294 359 358
3 294 296 359
3 296 360 359
3 296 298 360
3 298 301 360
3 360 301 361
3 303 302 362
3 302 363 362
3 302 304 363
3 304 364 363
3 304 305 364
3 305 365 364
3 305 306 365
3 306 307 365
3 365 307 366
3 307 308 366
3 366 308 367
3 308 309 367
3 367 309 368
3 309 310 368
3 368 310 369
3 310 311 369
3 369 311 370
3 311 312 370
3 370 312 371
3 312 313 371
3 371 313 372
3 313 314 372
3 372 314 373
3 314 315 373
3 373 315 374
3 315 316 374
3 374 316 375
3 316 317 375
3 375 317 376
3 317 318 376
3 376 318 377
3 318 319 377
3 377 319 378
3 319 320 378
3 378 320 379
3 320 321 379
3 379 321 380
3 321 381 380
3 321 322 381
3 322 323 381
3 381 323 382
3 323 324 382
3 382 324 383
3 324 325 383
3 383 325 384
3 325 326 384
3 384 326 385
3 326 386 385
3 326 327 386
3 327 328 386
3 386 328 387
3 328 388 387
3 328 329 388
3 329 389 388
3 329 330 389
3 330 390 389
3 330 331 390
3 331 391 390
3 331 332 391
3 332 335 391
3 391 335 392
3 335 337 392
3 392 337 393
3 337 394 393
3 393 394 395
3 394 396 395
3 395 396 397
3 396 398 397
3 397 398 399
3 399 400 401
3 402 403 404
3 403 405 404
3 404 405 406
3 405 338 406
3 406 338 407
3 338 340 407
3 407 340 408
3 340 342 408
3 408 342 409
3 342 344 409
3 409 344 410
3 344 411 410
3 344 345 411
3 345 347 411
3 411 347 412
3 347 349 412
3 412 349 413
3 349 350 413
3 413 350 414
3 350 351 414
3 414 351 415
3 351 352 415
3 415 352 416
3 352 353 416
3 416 353 417
3 353 354 417
3 417 354 418
3 354 355 418
3 418 355 419
3 355 356 419
3 419 356 420
3 356 421 420
3 356 357 421
3 357 422 421
3 357 358 422
3 358 423 422
3 358 359 423
3 359 424 423
3 359 360 424
3 360 361 424
3 424 361 425
3 426 362 427
3 362 428 427
3 362 363 428
3 363 429 428
3 363 364 429
3 364 430 429
3 364 365 430
3 365 431 430
3 365 366 431
3 366 367 431
3 431 367 432
3 367 368 432
3 432 368 433
3 368 369 433
3 433 369 434
3 369 370 434
3 434 370 435
3 370 371 435
3 435 371 436
3 371 372 436
3 436 372 437
3 372 373 437
3 437 373 438
3 373 374 438
3 438 374 439
3 374 375 439
3 439 375 440
3 375 376 440
3 440 376 441
3 376 377 441
3 441 377 442
3 377 378 442
3 442 378 443
3 378 379 443
3 443 379 444
3 379 380 444
3 444 380 445
3 380 446 445
3 380 381 446
3 381 382 446
3 446 382 447
3 382 383 447
3 447 383 448
3 383 384 448
3 448 384 449
3 384 385 449
3 449 385 450
3 385 451 450
3 385 386 451
3 386 452 451
3 386 387 452
3 387 453 452
3 387 388 453
3 388 454 453
3 388 389 454
3 389 455 454
3 389 390 455
3 390 456 455
3 390 391 456
3 391 392 456
3 456 392 457
3 392 393 457
3 457 393 458
3 393 395 458
3 458 395 459
3 395 460 459
3 395 397 460
3 397 399 460
3 460 399 461
3 399 401 461
3 461 401 462
3 401 463 462
3 462 463 464
3 463 465 464
3 463 466 465
3 466 467 465
3 468 469 470
3 469 471 470
3 470 471 472
3 471 402 472
3 472 402 473
3 402 404 473
3 473 404 474
3 404 406 474
3 474 406 475
3 406 407 475
3 475 407 476
3 407 408 476
3 476 408 477
3 408 409 477
3 477 409 478
3 409 410 478
3 478 410 479
3 410 480 479
3 410 411 480
3 411 412 480
3 480 412 481
3 412 413 481
3 481 413 482
3 413 414 482
3 482 414 483
3 414 415 483
3 483 415 484
3 415 416 484
3 484 416 485
3 416 417 485
3 485 417 486
3 417 418 486
3 486 418 487
3 418 419 487
3 487 419 488
3 419 420 488
3 488 420 489
3 420 490 489
3 420 421 490
3 421 491 490
3 421 422 491
3 422 492 491
3 422 423 492
3 423 493 492
3 423 424 493
3 424 425 493
3 427 494 495
3 427 428 494
3 428 496 494
3 428 429 496
3 429 497 496
3 429 430 497
3 430 498 497
3 430 431 498
3 431 432 498
3 498 432 499
3 432 433 499
3 499 433 500
3 433 434 500
3 500 434 501
3 434 435 501
3 501 435 502
3 435 436 502
3 502 436 503
3 436 437 503
3 503 437 504
3 437 438 504
3 504 438 505
3 438 439 505
3 505 439 506
3 439 440 506
3 506 440 507
3 440 441 507
3 507 441 508
3 441 442 508
3 508 442 509
3 442 443 509
3 509 443 510
3 443 444 510
3 510 444 511
3 444 445 511
3 511 445 512
3 445 513 512
3 445 446 513
3 446 514 513
3 446 447 514
3 447 448 514
3 514 448 515
3 448 449 515
3 515 449 516
3 449 517 516
3 449 450 517
3 450 518 517
3 450 451 518
3 451 519 518
3 451 452 519
3 452 520 519
3 452 453 520
3 453 521 520
3 453 454 521
3 454 522 521
3 454 455 522
3 455 523 522
3 455 456 523
3 456 457 523
3 523 457 524
3 457 458 524
3 524 458 525
3 458 459 525
3 525 459 526
3 459 527 526
3 459 460 527
3 460 461 527
3 527 461 528
3 461 462 528
3 528 462 529
3 462 464 529
3 529 464 530
3 464 531 530
3 464 465 531
3 465 532 531
3 465 467 532
3 467 533 532
3 534 535 536
3 535 537 536
3 536 537 538
3 537 468 538
3 538 468 539
3 468 470 539
3 539 470 540
3 470 472 540
3 540 472 541
3 472 473 541
3 541 473 542
3 473 474 542
3 542 474 543
3 474 475 543
3 543 475 544
3 475 476 544
3 544 476 545
3 476 477 545
3 545 477 546
3 477 478 546
3 546 478 547
3 478 479 547
3 547 479 548
3 479 549 548
3 479 480 549
3 480 481 549
3 549 481 550
3 481 482 550
3 550 482 551
3 482 483 551
3 551 483 552
3 483 484 552
3 552 484 553
3 484 485 553
3 553 485 554
3 485 486 554
3 554 486 555
3 486 487 555
3 555 487 556
3 487 488 556
3 556 488 557
3 488 489 557
3 557 489 558
3 489 559 558
3 489 490 559
3 490 560 559
3 490 491 560
3 491 561 560
3 491 492 561
3 492 562 561
3 492 493 562
3 495 563 564
3 495 494 563
3 494 565 563
3 494 496 565
3 496 566 565
3 496 497 566
3 497 567 566
3 497 498 567
3 498 499 567
3 567 499 568
3 499 500 568
3 568 500 569
3 500 501 569
3 569 501 570
3 501 502 570
3 570 502 571
3 502 503 571
3 571 503 572
3 503 573 572
3 503 504 573
3 504 505 573
3 573 505 574
3 505 506 574
3 574 506 575
3 506 507 575
3 575 507 576
3 507 508 576
3 576 508 577
3 508 509 577
3 577 509 578
3 509 510 578
3 578 510 579
3 510 511 579
3 579 511 580
3 511 581 580
3 511 512 581
3 512 582 581
3 512 513 582
3 513 583 582
3 513 514 583
3 514 515 583
3 583 515 584
3 515 516 584
3 584 516 585
3 516 586 585
3 516 517 586
3 517 587 586
3 517 518 587
3 518 588 587
3 518 519 588
3 519 589 588
3 519 520 589
3 520 590 589
3 520 521 590
3 521 591 590
3 521 522 591
3 522 592 591
3 522 523 592
3 523 524 592
3 592 524 593
3 524 525 593
3 593 525 594
3 525 526 594
3 594 526 595
3 526 596 595
3 526 527 596
3 527 597 596
3 527 528 597
3 528 529 597
3 597 529 598
3 529 530 598
3 598 530 599
3 530 600 599
3 530 531 600
3 531 601 600
3 531 532 601
3 532 602 601
3 532 533 602
3 533 603 602
3 533 604 603
3 604 605 603
3 606 607 608
3 607 534 608
3 608 534 609
3 534 536 609
3 609 536 610
3 536 538 610
3 610 538 611
3 538 539 611
3 611 539 612
3 539 540 612
3 612 540 613
3 540 541 613
3 613 541 614
3 541 542 614
3 614 542 615
3 542 543 615
3 615 543 616
3 543 544 616
3 616 544 617
3 544 545 617
3 617 545 618
3 545 546 618
3 618 546 619
3 546 547 619
3 619 547 620
3 547 548 620
3 620 548 621
3 548 549 621
3 621 549 622
3 549 550 622
3 622 550 623
3 550 551 623
3 623 551 624
3 551 552 624
3 624 552 625
3 552 553 625
3 625 553 626
3 553 554 626
3 626 554 627
3 554 555 627
3 627 555 628
3 555 556 628
3 628 556 629
3 556 557 629
3 629 557 630
3 557 558 630
3 630 558 631
3 558 632 631
3 558 559 632
3 559 633 632
3 559 560 633
3 560 634 633
3 560 561 634
3 561 635 634
3 561 562 635
3 564 636 637
3 564 563 636
3 563 638 636
3 563 565 638
3 565 639 638
3 565 566 639
3 566 640 639
3 566 567 640
3 567 568 640
3 640 568 641
3 568 569 641
3 641 569 642
3 569 570 642
3 642 570 643
3 570 571 643
3 643 571 644
3 571 572 644
3 644 572 645
3 572 646 645
3 572 573 646
3 573 574 646
3 646 574 647
3 574 575 647
3 647 575 648
3 575 576 648
3 648 576 649
3 576 650 649
3 576 577 650
3 577 578 650
3 650 578 651
3 578 579 651
3 651 579 652
3 579 580 652
3 652 580 653
3 580 654 653
3 580 581 654
3 581 655 654
3 581 582 655
3 582 656 655
3 582 583 656
3 583 584 656
3 656 584 657
3 584 585 657
3 657 585 658
3 585 659 658
3 585 586 659
3 586 660 659
3 586 587 660
3 587 661 660
3 587 588 661
3 588 662 661
3 588 589 662
3 589 663 662
3 589 590 663
3 590 664 663
3 590 591 664
3 591 665 664
3 591 592 665
3 592 666 665
3 592 593 666
3 593 594 666
3 666 594 667
3 594 595 667
3 667 595 668
3 595 669 668
3 595 596 669
3 596 670 669
3 596 597 670
3 597 598 670
3 670 598 671
3 598 672 671
3 598 599 672
3 599 673 672
3 599 600 673
3 600 674 673
3 600 601 674
3 601 675 674
3 601 602 675
3 602 676 675
3 602 603 676
3 603 677 676
3 603 605 677
3 605 678 677
3 605 679 678
3 679 680 678
3 679 681 680
3 681 682 680
3 680 682 683
3 682 684 683
3 683 684 685
3 684 686 685
3 685 686 687
3 686 688 687
3 687 688 689
3 688 690 689
3 688 691 690
3 691 692 690
3 691 693 692
3 693 694 692
3 693 695 694
3 695 696 694
3 697 698 699
3 698 700 699
3 701 702 700
3 703 704 705
3 704 706 707
3 706 708 707
3 707 708 709
3 708 710 709
3 709 710 711
3 710 712 711
3 711 712 713
3 712 714 713
3 712 715 714
3 715 716 714
3 715 717 716
3 717 718 716
3 717 719 718
3 719 720 718
3 718 720 721
3 721 722 723
3 722 724 723
3 723 724 725
3 724 726 725
3 725 726 727
3 726 728 727
3 727 728 729
3 728 606 729
3 729 606 730
3 606 608 730
3 730 608 731
3 608 609 731
3 731 609 732
3 609 610 732
3 732 610 733
3 610 611 733
3 733 611 734
3 611 612 734
3 734 612 735
3 612 613 735
3 735 613 736
3 613 614 736
3 736 614 737
3 614 615 737
3 737 615 738
3 615 616 738
3 738 616 739
3 616 617 739
3 739 617 740
3 617 618 740
3 740 618 741
3 618 619 741
3 741 619 742
3 619 620 742
3 742 620 743
3 620 621 743
3 743 621 744
3 621 745 744
3 621 622 745
3 622 623 745
3 745 623 746
3 623 624 746
3 746 624 747
3 624 625 747
3 747 625 748
3 625 626 748
3 748 626 749
3 626 627 749
3 749 627 750
3 627 628 750
3 750 628 751
3 628 629 751
3 751 629 752
3 629 630 752
3 752 630 753
3 630 631 753
3 753 631 754
3 631 755 754
3 631 632 755
3 632 756 755
3 632 633 756
3 633 757 756
3 633 634 757
3 634 758 757
3 634 635 758
3 637 759 760
3 637 636 759
3 636 761 759
3 636 638 761
3 638 762 761
3 638 639 762
3 639 763 762
3 639 640 763
3 640 764 763
3 640 641 764
3 641 642 764
3 764 642 765
3 642 643 765
3 765 643 766
3 643 644 766
3 766 644 767
3 644 768 767
3 644 645 768
3 645 769 768
3 645 646 769
3 646 770 769
3 646 647 770
3 647 771 770
3 647 648 771
3 648 772 771
3 648 649 772
3 649 773 772
3 649 650 773
3 650 774 773
3 650 651 774
3 651 652 774
3 774 652 775
3 652 776 775
3 652 653 776
3 653 777 776
3 653 654 777
3 654 778 777
3 654 655 778
3 655 779 778
3 655 656 779
3 656 780 779
3 656 657 780
3 657 658 780
3 780 658 781
3 658 782 781
3 658 659 782
3 659 783 782
3 659 660 783
3 660 784 783
3 660 661 784
3 661 785 784
3 661 662 785
3 662 786 785
3 662 663 786
3 663 787 786
3 663 664 787
3 664 788 787
3 664 665 788
3 665 789 788
3 665 666 789
3 666 667 789
3 789 667 790
3 667 791 790
3 667 668 791
3 668 792 791
3 668 669 792
3 669 793 792
3 669 670 793
3 670 794 793
3 670 671 794
3 671 795 794
3 671 672 795
3 672 796 795
3 672 673 796
3 673 797 796
3 673 674 797
3 674 798 797
3 674 675 798
3 675 799 798
3 675 676 799
3 676 800 799
3 676 677 800
3 677 801 800
3 677 678 801
3 678 802 801
3 678 680 802
3 680 803 802
3 680 683 803
3 683 804 803
3 683 685 804
3 685 805 804
3 685 687 805
3 687 806 805
3 687 689 806
3 689 807 806
3 689 690 807
3 690 808 807
3 690 692 808
3 692 809 808
3 692 694 809
3 694 810 809
3 694 696 810
3 696 811 810
3 696 812 811
3 812 813 811
3 812 814 813
3 814 815 813
3 814 816 815
3 816 817 815
3 816 818 817
3 818 819 817
3 818 820 819
3 820 821 819
3 820 822 821
3 822 823 821
3 822 824 823
3 824 825 823
3 824 826 825
3 826 827 825
3 825 827 828
3 827 697 828
3 828 697 829
3 697 830 829
3 697 699 830
3 699 831 830
3 699 700 831
3 700 832 831
3 700 702 832
3 702 833 832
3 702 834 833
3 834 835 833
3 834 836 835
3 836 837 835
3 836 838 837
3 838 839 837
3 838 840 839
3 840 841 839
3 842 843 844
3 845 846 843
3 845 847 846
3 847 848 846
3 847 849 848
3 849 850 848
3 849 851 850
3 851 852 850
3 851 853 852
3 853 854 852
3 853 705 854
3 705 855 854
3 705 704 855
3 704 707 855
3 855 707 856
3 707 709 856
3 856 709 857
3 709 858 857
3 709 711 858
3 711 859 858
3 711 713 859
3 713 860 859
3 713 714 860
3 714 861 860
3 714 716 861
3 716 862 861
3 716 718 862
3 718 863 862
3 718 721 863
3 721 723 863
3 863 723 864
3 723 865 864
3 723 725 865
3 725 866 865
3 725 727 866
3 727 729 866
3 866 729 867
3 729 730 867
3 867 730 868
3 730 731 868
3 868 731 869
3 731 732 869
3 869 732 870
3 732 733 870
3 870 733 871
3 733 734 871
3 871 734 872
3 734 735 872
3 872 735 873
3 735 736 873
3 873 736 874
3 736 875 874
3 736 737 875
3 737 738 875
3 875 738 876
3 738 739 876
3 876 739 877
3 739 740 877
3 877 740 878
3 740 741 878
3 878 741 879
3 741 742 879
3 879 742 880
3 742 881 880
3 742 743 881
3 743 882 881
3 743 744 882
3 744 883 882
3 744 745 883
3 745 746 883
3 883 746 884
3 746 747 884
3 884 747 885
3 747 748 885
3 885 748 886
3 748 749 886
3 886 749 887
3 749 750 887
3 887 750 888
3 750 751 888
3 888 751 889
3 751 752 889
3 889 752 890
3 752 891 890
3 752 753 891
3 753 892 891
3 753 754 892
3 754 893 892
3 754 755 893
3 755 894 893
3 755 756 894
3 756 895 894
3 756 757 895
3 757 896 895
3 757 758 896
3 760 759 897
3 759 898 897
3 759 761 898
3 761 899 898
3 761 762 899
3 762 900 899
3 762 763 900
3 763 901 900
3 763 764 901
3 764 902 901
3 764 765 902
3 765 766 902
3 902 766 903
3 766 904 903
3 766 767 904
3 767 905 904
3 767 768 905
3 768 906 905
3 768 769 906
3 769 907 906
3 769 770 907
3 770 908 907
3 770 771 908
3 771 909 908
3 771 772 909
3 772 910 909
3 772 773 910
3 773 911 910
3 773 774 911
3 774 775 911
3 911 775 912
3 775 913 912
3 775 776 913
3 776 914 913
3 776 777 914
3 777 915 914
3 777 778 915
3 778 916 915
3 778 779 916
3 779 917 916
3 779 780 917
3 780 918 917
3 780 781 918
3 781 919 918
3 781 782 919
3 782 920 919
3 782 783 920
3 783 921 920
3 783 784 921
3 784 922 921
3 784 785 922
3 785 923 922
3 785 786 923
3 786 924 923
3 786 787 924
3 787 925 924
3 787 788 925
3 788 926 925
3 788 789 926
3 789 790 926
3 926 790 927
3 790 928 927
3 790 791 928
3 791 929 928
3 791 792 929
3 792 930 929
3 792 793 930
3 793 931 930
3 793 794 931
3 794 932 931
3 794 795 932
3 795 933 932
3 795 796 933
3 796 934 933
3 796 797 934
3 797 935 934
3 797 798 935
3 798 936 935
3 798 799 936
3 799 937 936
3 799 800 937
3 800 938 937
3 800 801 938
3 801 939 938
3 801 802 939
3 802 940 939
3 802 803 940
3 803 941 940
3 803 804 941
3 804 942 941
3 804 805 942
3 805 943 942
3 805 806 943
3 806 944 943
3 806 807 944
3 807 945 944
3 807 808 945
3 808 946 945
3 808 809 946
3 809 947 946
3 809 810 947
3 810 948 947
3 810 811 948
3 811 949 948
3 811 813 949
3 813 950 949
3 813 815 950
3 815 951 950
3 815 817 951
3 817 952 951
3 817 819 952
3 819 953 952
3 819 821 953
3 821 954 953
3 821 823 954
3 823 955 954
3 823 825 955
3 825 956 955
3 825 828 956
3 828 957 956
3 828 829 957
3 829 958 957
3 829 830 958
3 830 959 958
3 830 831 959
3 831 960 959
3 831 832 960
3 832 961 960
3 832 833 961
3 833 962 961
3 833 835 962
3 835 963 962
3 835 837 963
3 837 964 963
3 837 839 964
3 839 965 964
3 839 841 965
3 841 966 965
3 841 844 966
3 844 967 966
3 844 843 967
3 843 968 967
3 843 846 968
3 846 969 968
3 846 848 969
3 848 970 969
3 848 850 970
3 850 971 970
3 850 852 971
3 852 972 971
3 852 854 972
3 854 973 972
3 854 855 973
3 855 974 973
3 855 856 974
3 856 975 974
3 856 857 975
3 857 976 975
3 857 858 976
3 858 977 976
3 858 859 977
3 859 978 977
3 859 860 978
3 860 979 978
3 860 861 979
3 861 980 979
3 861 862 980
3 862 981 980
3 862 863 981
3 863 982 981
3 863 864 982
3 864 983 982
3 864 865 983
3 865 984 983
3 865 866 984
3 866 867 984
3 984 867 985
3 867 868 985
3 985 868 986
3 868 869 986
3 986 869 987
3 869 870 987
3 987 870 988
3 870 871 988
3 988 871 989
3 871 872 989
3 989 872 990
3 872 873 990
3 990 873 991
3 873 992 991
3 873 874 992
3 874 993 992
3 874 875 993
3 875 994 993
3 875 876 994
3 876 877 994
3 994 877 995
3 877 878 995
3 995 878 996
3 878 879 996
3 996 879 997
3 879 880 997
3 997 880 998
3 880 999 998
3 880 881 999
3 881 1000 999
3 881 882 1000
3 882 1001 1000
3 882 883 1001
3 883 1002 1001
3 883 884 1002
3 884 885 1002
3 1002 885 1003
3 885 886 1003
3 1003 886 1004
3 886 887 1004
3 1004 887 1005
3 887 888 1005
3 1005 888 1006
3 888 889 1006
3 1006 889 1007
3 889 890 1007
3 1007 890 1008
3 890 1009 1008
3 890 891 1009
3 891 1010 1009
3 891 892 1010
3 892 1011 1010
3 892 893 1011
3 893 1012 1011
3 893 894 1012
3 894 1013 1012
3 894 895 1013
3 895 1014 1013
3 895 896 1014
3 897 1015 1016
3 897 898 1015
3 898 1017 1015
3 898 899 1017
3 899 1018 1017
3 899 900 1018
3 900 1019 1018
3 900 901 1019
3 901 1020 1019
3 901 902 1020
3 902 903 1020
3 1020 903 1021
3 903 904 1021
3 1021 904 1022
3 904 1023 1022
3 904 905 1023
3 905 1024 1023
3 905 906 1024
3 906 1025 1024
3 906 907 1025
3 907 1026 1025
3 907 908 1026
3 908 1027 1026
3 908 909 1027
3 909 1028 1027
3 909 910 1028
3 910 1029 1028
3 910 911 1029
3 911 912 1029
3 1029 912 1030
3 912 1031 1030
3 912 913 1031
3 913 1032 1031
3 913 914 1032
3 914 1033 1032
3 914 915 1033
3 915 1034 1033
3 915 916 1034
3 916 1035 1034
3 916 917 1035
3 917 1036 1035
3 917 918 1036
3 918 1037 1036
3 918 919 1037
3 919 1038 1037
3 919 920 1038
3 920 1039 1038
3 920 921 1039
3 921 1040 1039
3 921 922 1040
3 922 1041 1040
3 922 923 1041
3 923 1042 1041
3 923 924 1042
3 924 1043 1042
3 924 925 1043
3 925 1044 1043
3 925 926 1044
3 926 927 1044
3 1044 927 1045
3 927 1046 1045
3 927 928 1046
3 928 1047 1046
3 928 929 1047
3 929 1048 1047
3 929 930 1048
3 930 1049 1048
3 930 931 1049
3 931 1050 1049
3 931 932 1050
3 932 1051 1050
3 932 933 1051
3 933 1052 1051
3 933 934 1052
3 934 1053 1052
3 934 935 1053
3 935 1054 1053
3 935 936 1054
3 936 1055 1054
3 936 937 1055
3 937 1056 1055
3 937 938 1056
3 938 1057 1056
3 938 939 1057
3 939 940 1057
3 1057 940 1058
3 940 1059 1058
3 940 941 1059
3 941 1060 1059
3 941 942 1060
3 942 1061 1060
3 942 943 1061
3 943 1062 1061
3 943 944 1062
3 944 1063 1062
3 944 945 1063
3 945 1064 1063
3 945 946 1064
3 946 1065 1064
3 946 947 1065
3 947 1066 1065
3 947 948 1066
3 948 1067 1066
3 948 949 1067
3 949 1068 1067
3 949 950 1068
3 950 1069 1068
3 950 951 1069
3 951 1070 1069
3 951 952 1070
3 952 1071 1070
3 952 953 1071
3 953 1072 1071
3 953 954 1072
3 954 1073 1072
3 954 955 1073
3 955 956 1073
3 1073 956 1074
3 956 1075 1074
3 956 957 1075
3 957 1076 1075
3 957 958 1076
3 958 1077 1076
3 958 959 1077
3 959 1078 1077
3 959 960 1078
3 960 1079 1078
3 960 961 1079
3 961 1080 1079
3 961 962 1080
3 962 1081 1080
3 962 963 1081
3 963 1082 1081
3 963 964 1082
3 964 1083 1082
3 964 965 1083
3 965 1084 1083
3 965 966 1084
3 966 1085 1084
3 966 967 1085
3 967 1086 1085
3 967 968 1086
3 968 1087 1086
3 968 969 1087
3 969 1088 1087
3 969 970 1088
3 970 1089 1088
3 970 971 1089
3 971 1090 1089
3 971 972 1090
3 972 1091 1090
3 972 973 1091
3 973 1092 1091
3 973 974 1092
3 974 1093 1092
3 974 975 1093
3 975 1094 1093
3 975 976 1094
3 976 1095 1094
3 976 977 1095
3 977 1096 1095
3 977 978 1096
3 978 1097 1096
3 978 979 1097
3 979 1098 1097
3 979 980 1098
3 980 1099 1098
3 980 981 1099
3 981 1100 1099
3 981 982 1100
3 982 1101 1100
3 982 983 1101
3 983 1102 1101
3 983 984 1102
3 984 985 1102
3 1102 985 1103
3 985 986 1103
3 1103 986 1104
3 986 987 1104
3 1104 987 1105
3 987 988 1105
3 1105 988 1106
3 988 1107 1106
3 988 989 1107
3 989 1108 1107
3 989 990 1108
3 990 991 1108
3 1108 991 1109
3 991 1110 1109
3 991 992 1110
3 992 1111 1110
3 992 993 1111
3 993 1112 1111
3 993 994 1112
3 994 995 1112
3 1112 995 1113
3 995 996 1113
3 1113 996 1114
3 996 997 1114
3 1114 997 1115
3 997 1116 1115
3 997 998 1116
3 998 1117 1116
3 998 999 1117
3 999 1118 1117
3 999 1000 1118
3 1000 1119 1118
3 1000 1001 1119
3 1001 1120 1119
3 1001 1002 1120
3 1002 1003 1120
3 1120 1003 1121
3 1003 1004 1121
3 1121 1004 1122
3 1004 1005 1122
3 1122 1005 1123
3 1005 1006 1123
3 1123 1006 1124
3 1006 1007 1124
3 1124 1007 1125
3 1007 1126 1125
3 1007 1008 1126
3 1008 1127 1126
3 1008 1009 1127
3 1009 1128 1127
3 1009 1010 1128
3 1010 1129 1128
3 1010 1011 1129
3 1011 1130 1129
3 1011 1012 1130
3 1012 1131 1130
3 1012 1013 1131
3 1013 1132 1131
3 1013 1014 1132
3 1016 1015 1133
3 1015 1134 1133
3 1015 1017 1134
3 1017 1135 1134
3 1017 1018 1135
3 1018 1136 1135
3 1018 1019 1136
3 1019 1020 1136
3 1136 1020 1137
3 1020 1021 1137
3 1137 1021 1138
3 1021 1139 1138
3 1021 1022 1139
3 1022 1140 1139
3 1022 1023 1140
3 1023 1141 1140
3 1023 1024 1141
3 1024 1142 1141
3 1024 1025 1142
3 1025 1143 1142
3 1025 1026 1143
3 1026 1144 1143
3 1026 1027 1144
3 1027 1145 1144
3 1027 1028 1145
3 1028 1146 1145
3 1028 1029 1146
3 1029 1030 1146
3 1146 1030 1147
3 1030 1148 1147
3 1030 1031 1148
3 1031 1149 1148
3 1031 1032 1149
3 1032 1150 1149
3 1032 1033 1150
3 1033 1151 1150
3 1033 1034 1151
3 1034 1152 1151
3 1034 1035 1152
3 1035 1153 1152
3 1035 1036 1153
3 1036 1154 1153
3 1036 1037 1154
3 1037 1155 1154
3 1037 1038 1155
3 1038 1156 1155
3 1038 1039 1156
3 1039 1157 1156
3 1039 1040 1157
3 1040 1158 1157
3 1040 1041 1158
3 1041 1159 1158
3 1041 1042 1159
3 1042 1160 1159
3 1042 1043 1160
3 1043 1161 1160
3 1043 1044 1161
3 1044 1045 1161
3 1161 1045 1162
3 1045 1163 1162
3 1045 1046 1163
3 1046 1164 1163
3 1046 1047 1164
3 1047 1165 1164
3 1047 1048 1165
3 1048 1166 1165
3 1048 1049 1166
3 1049 1167 1166
3 1049 1050 1167
3 1050 1168 1167
3 1050 1051 1168
3 1051 1169 1168
3 1051 1052 1169
3 1052 1170 1169
3 1052 1053 1170
3 1053 1171 1170
3 1053 1054 1171
3 1054 1172 1171
3 1054 1055 1172
3 1055 1173 1172
3 1055 1056 1173
3 1056 1174 1173
3 1056 1057 1174
3 1057 1058 1174
3 1174 1058 1175
3 1058 1059 1175
3 1175 1059 1176
3 1059 1177 1176
3 1059 1060 1177
3 1060 1178 1177
3 1060 1061 1178
3 1061 1179 1178
3 1061 1062 1179
3 1062 1180 1179
3 1062 1063 1180
3 1063 1181 1180
3 1063 1064 1181
3 1064 1182 1181
3 1064 1065 1182
3 1065 1183 1182
3 1065 1066 1183
3 1066 1184 1183
3 1066 1067 1184
3 1067 1185 1184
3 1067 1068 1185
3 1068 1186 1185
3 1068 1069 1186
3 1069 1187 1186
3 1069 1070 1187
3 1070 1188 1187
3 1070 1071 1188
3 1071 1189 1188
3 1071 1072 1189
3 1072 1190 1189
3 1072 1073 1190
3 1073 1074 1190
3 1190 1074 1191
3 1074 1075 1191
3 1191 1075 1192
3 1075 1193 1192
3 1075 1076 1193
3 1076 1194 1193
3 1076 1077 1194
3 1077 1195 1194
3 1077 1078 1195
3 1078 1196 1195
3 1078 1079 1196
3 1079 1197 1196
3 1079 1080 1197
3 1080 1198 1197
3 1080 1081 1198
3 1081 1199 1198
3 1081 1082 1199
3 1082 1200 1199
3 1082 1083 1200
3 1083 1201 1200
3 1083 1084 1201
3 1084 1202 1201
3 1084 1085 1202
3 1085 1086 1202
3 1202 1086 1203
3 1086 1087 1203
3 1203 1087 1204
3 1087 1088 1204
3 1204 1088 1205
3 1088 1206 1205
3 1088 1089 1206
3 1089 1207 1206
3 1089 1090 1207
3 1090 1208 1207
3 1090 1091 1208
3 1091 1092 1208
3 1208 1092 1209
3 1092 1093 1209
3 1209 1093 1210
3 1093 1211 1210
3 1093 1094 1211
3 1094 1212 1211
3 1094 1095 1212
3 1095 1213 1212
3 1095 1096 1213
3 1096 1214 1213
3 1096 1097 1214
3 1097 1215 1214
3 1097 1098 1215
3 1098 1216 1215
3 1098 1099 1216
3 1099 1100 1216
3 1216 1100 1217
3 1100 1101 1217
3 1217 1101 1218
3 1101 1219 1218
3 1101 1102 1219
3 1102 1103 1219
3 1219 1103 1220
3 1103 1104 1220
3 1220 1104 1221
3 1104 1105 1221
3 1221 1105 1222
3 1105 1106 1222
3 1222 1106 1223
3 1106 1107 1223
3 1223 1107 1224
3 1107 1108 1224
3 1224 1108 1225
3 1108 1109 1225
3 1225 1109 1226
3 1109 1110 1226
3 1226 1110 1227
3 1110 1228 1227
3 1110 1111 1228
3 1111 1112 1228
3 1228 1112 1229
3 1112 1113 1229
3 1229 1113 1230
3 1113 1114 1230
3 1230 1114 1231
3 1114 1115 1231
3 1231 1115 1232
3 1115 1116 1232
3 1232 1116 1233
3 1116 1234 1233
3 1116 1117 1234
3 1117 1235 1234
3 1117 1118 1235
3 1118 1236 1235
3 1118 1119 1236
3 1119 1237 1236
3 1119 1120 1237
3 1120 1121 1237
3 1237 1121 1238
3 1121 1122 1238
3 1238 1122 1239
3 1122 1123 1239
3 1239 1123 1240
3 1123 1124 1240
3 1240 1124 1241
3 1124 1125 1241
3 1241 1125 1242
3 1125 1126 1242
3 1242 1126 1243
3 1126 1244 1243
3 1126 1127 1244
3 1127 1245 1244
3 1127 1128 1245
3 1128 1246 1245
3 1128 1129 1246
3 1129 1247 1246
3 1129 1130 1247
3 1130 1248 1247
3 1130 1131 1248
3 1131 1249 1248
3 1131 1132 1249
3 1133 1250 1251
3 1133 1134 1250
3 1134 1252 1250
3 1134 1135 1252
3 1135 1136 1252
3 1252 1136 1253
3 1136 1137 1253
3 1253 1137 1254
3 1137 1138 1254
3 1254 1138 1255
3 1138 1139 1255
3 1255 1139 1256
3 1139 1257 1256
3 1139 1140 1257
3 1140 1258 1257
3 1140 1141 1258
3 1141 1259 1258
3 1141 1142 1259
3 1142 1260 1259
3 1142 1143 1260
3 1143 1144 1260
3 1260 1144 1261
3 1144 1262 1261
3 1144 1145 1262
3 1145 1263 1262
3 1145 1146 1263
3 1146 1147 1263
3 1263 1147 1264
3 1147 1148 1264
3 1264 1148 1265
3 1148 1266 1265
3 1148 1149 1266
3 1149 1267 1266
3 1149 1150 1267
3 1150 1268 1267
3 1150 1151 1268
3 1151 1152 1268
3 1268 1152 1269
3 1152 1153 1269
3 1269 1153 1270
3 1153 1271 1270
3 1153 1154 1271
3 1154 1272 1271
3 1154 1155 1272
3 1155 1273 1272
3 1155 1156 1273
3 1156 1274 1273
3 1156 1157 1274
3 1157 1275 1274
3 1157 1158 1275
3 1158 1276 1275
3 1158 1159 1276
3 1159 1277 1276
3 1159 1160 1277
3 1160 1161 1277
3 1277 1161 1278
3 1161 1162 1278
3 1278 1162 1279
3 1162 1163 1279
3 1279 1163 1280
3 1163 1281 1280
3 1163 1164 1281
3 1164 1282 1281
3 1164 1165 1282
3 1165 1166 1282
3 1282 1166 1283
3 1166 1284 1283
3 1166 1167 1284
3 1167 1285 1284
3 1167 1168 1285
3 1168 1286 1285
3 1168 1169 1286
3 1169 1287 1286
3 1169 1170 1287
3 1170 1288 1287
3 1170 1171 1288
3 1171 1289 1288
3 1171 1172 1289
3 1172 1290 1289
3 1172 1173 1290
3 1173 1174 1290
3 1290 1174 1291
3 1174 1175 1291
3 1291 1175 1292
3 1175 1176 1292
3 1292 1176 1293
3 1176 1177 1293
3 1293 1177 1294
3 1177 1178 1294
3 1294 1178 1295
3 1178 1296 1295
3 1178 1179 1296
3 1179 1297 1296
3 1179 1180 1297
3 1180 1298 1297
3 1180 1181 1298
3 1181 1299 1298
3 1181 1182 1299
3 1182 1300 1299
3 1182 1183 1300
3 1183 1301 1300
3 1183 1184 1301
3 1184 1302 1301
3 1184 1185 1302
3 1185 1303 1302
3 1185 1186 1303
3 1186 1304 1303
3 1186 1187 1304
3 1187 1305 1304
3 1187 1188 1305
3 1188 1306 1305
3 1188 1189 1306
3 1189 1190 1306
3 1306 1190 1307
3 1190 1191 1307
3 1307 1191 1308
3 1191 1192 1308
3 1308 1192 1309
3 1192 1193 1309
3 1309 1193 1310
3 1193 1194 1310
3 1310 1194 1311
3 1194 1312 1311
3 1194 1195 1312
3 1195 1313 1312
3 1195 1196 1313
3 1196 1314 1313
3 1196 1197 1314
3 1197 1315 1314
3 1197 1198 1315
3 1198 1316 1315
3 1198 1199 1316
3 1199 1317 1316
3 1199 1200 1317
3 1200 1318 1317
3 1200 1201 1318
3 1201 1202 1318
3 1318 1202 1319
3 1202 1203 1319
3 1319 1203 1320
3 1203 1204 1320
3 1320 1204 1321
3 1204 1205 1321
3 1321 1205 1322
3 1205 1206 1322
3 1322 1206 1323
3 1206 1207 1323
3 1323 1207 1324
3 1207 1208 1324
3 1324 1208 1325
3 1208 1209 1325
3 1325 1209 1326
3 1209 1210 1326
3 1326 1210 1327
3 1210 1211 1327
3 1327 1211 1328
3 1211 1329 1328
3 1211 1212 1329
3 1212 1330 1329
3 1212 1213 1330
3 1213 1331 1330
3 1213 1214 1331
3 1214 1332 1331
3 1214 1215 1332
3 1215 1216 1332
3 1332 1216 1333
3 1216 1217 1333
3 1333 1217 1334
3 1217 1218 1334
3 1334 1218 1335
3 1218 1219 1335
3 1335 1219 1336
3 1219 1220 1336
3 1336 1220 1337
3 1220 1221 1337
3 1337 1221 1338
3 1221 1222 1338
3 1338 1222 1339
3 1222 1223 1339
3 1339 1223 1340
3 1223 1224 1340
3 1340 1224 1341
3 1224 1225 1341
3 1341 1225 1342
3 1225 1226 1342
3 1342 1226 1343
3 1226 1227 1343
3 1343 1227 1344
3 1227 1228 1344
3 1344 1228 1345
3 1228 1229 1345
3 1345 1229 1346
3 1229 1230 1346
3 1346 1230 1347
3 1230 1231 1347
3 1347 1231 1348
3 1231 1232 1348
3 1348 1232 1349
3 1232 1233 1349
3 1349 1233 1350
3 1233 1234 1350
3 1350 1234 1351
3 1234 1352 1351
3 1234 1235 1352
3 1235 1353 1352
3 1235 1236 1353
3 1236 1237 1353
3 1353 1237 1354
3 1237 1238 1354
3 1354 1238 1355
3 1238 1239 1355
3 1355 1239 1356
3 1239 1240 1356
3 1356 1240 1357
3 1240 1241 1357
3 1357 1241 1358
3 1241 1242 1358
3 1358 1242 1359
3 1242 1243 1359
3 1359 1243 1360
3 1243 1361 1360
3 1243 1244 1361
3 1244 1362 1361
3 1244 1245 1362
3 1245 1363 1362
3 1245 1246 1363
3 1246 1364 1363
3 1246 1247 1364
3 1247 1365 1364
3 1247 1248 1365
3 1248 1366 1365
3 1248 1249 1366
3 1251 1250 1367
3 1250 1368 1367
3 1250 1252 1368
3 1252 1253 1368
3 1368 1253 1369
3 1253 1254 1369
3 1369 1254 1370
3 1254 1255 1370
3 1370 1255 1371
3 1255 1256 1371
3 1371 1256 1372
3 1256 1257 1372
3 1372 1257 1373
3 1257 1258 1373
3 1373 1258 1374
3 1258 1259 1374
3 1374 1259 1375
3 1259 1260 1375
3 1375 1260 1376
3 1260 1261 1376
3 1376 1261 1377
3 1261 1262 1377
3 1377 1262 1378
3 1262 1263 1378
3 1378 1263 1379
3 1263 1264 1379
3 1379 1264 1380
3 1264 1265 1380
3 1380 1265 1381
3 1265 1382 1381
3 1265 1266 1382
3 1266 1383 1382
3 1266 1267 1383
3 1267 1384 1383
3 1267 1268 1384
3 1268 1269 1384
3 1384 1269 1385
3 1269 1270 1385
3 1385 1270 1386
3 1270 1271 1386
3 1386 1271 1387
3 1271 1388 1387
3 1271 1272 1388
3 1272 1389 1388
3 1272 1273 1389
3 1273 1390 1389
3 1273 1274 1390
3 1274 1391 1390
3 1274 1275 1391
3 1275 1392 1391
3 1275 1276 1392
3 1276 1393 1392
3 1276 1277 1393
3 1277 1278 1393
3 1393 1278 1394
3 1278 1279 1394
3 1394 1279 1395
3 1279 1280 1395
3 1395 1280 1396
3 1280 1397 1396
3 1280 1281 1397
3 1281 1282 1397
3 1397 1282 1398
3 1282 1283 1398
3 1398 1283 1399
3 1283 1284 1399
3 1399 1284 1400
3 1284 1401 1400
3 1284 1285 1401
3 1285 1402 1401
3 1285 1286 1402
3 1286 1403 1402
3 1286 1287 1403
3 1287 1404 1403
3 1287 1288 1404
3 1288 1405 1404
3 1288 1289 1405
3 1289 1290 1405
3 1405 1290 1406
3 1290 1291 1406
3 1406 1291 1407
3 1291 1292 1407
3 1407 1292 1408
3 1292 1293 1408
3 1408 1293 1409
3 1293 1294 1409
3 1409 1294 1410
3 1294 1295 1410
3 1410 1295 1411
3 1295 1296 1411
3 1411 1296 1412
3 1296 1413 1412
3 1296 1297 1413
3 1297 1414 1413
3 1297 1298 1414
3 1298 1415 1414
3 1298 1299 1415
3 1299 1300 1415
3 1415 1300 1416
3 1300 1301 1416
3 1416 1301 1417
3 1301 1302 1417
3 1417 1302 1418
3 1302 1303 1418
3 1418 1303 1419
3 1303 1420 1419
3 1303 1304 1420
3 1304 1421 1420
3 1304 1305 1421
3 1305 1306 1421
3 1421 1306 1422
3 1306 1307 1422
3 1422 1307 1423
3 1307 1308 1423
3 1423 1308 1424
3 1308 1309 1424
3 1424 1309 1425
3 1309 1310 1425
3 1425 1310 1426
3 1310 1311 1426
3 1426 1311 1427
3 1311 1312 1427
3 1427 1312 1428
3 1312 1313 1428
3 1428 1313 1429
3 1313 1430 1429
3 1313 1314 1430
3 1314 1431 1430
3 1314 1315 1431
3 1315 1432 1431
3 1315 1316 1432
3 1316 1433 1432
3 1316 1317 1433
3 1317 1434 1433
3 1317 1318 1434
3 1318 1319 1434
3 1434 1319 1435
3 1319 1320 1435
3 1435 1320 1436
3 1320 1321 1436
3 1436 1321 1437
3 1321 1322 1437
3 1437 1322 1438
3 1322 1323 1438
3 1438 1323 1439
3 1323 1324 1439
3 1439 1324 1440
3 1324 1325 1440
3 1440 1325 1441
3 1325 1326 1441
3 1441 1326 1442
3 1326 1327 1442
3 1442 1327 1443
3 1327 1328 1443
3 1443 1328 1444
3 1328 1329 1444
3 1444 1329 1445
3 1329 1330 1445
3 1445 1330 1446
3 1330 1447 1446
3 1330 1331 1447
3 1331 1448 1447
3 1331 1332 1448
3 1332 1333 1448
3 1448 1333 1449
3 1333 1334 1449
3 1449 1334 1450
3 1334 1335 1450
3 1450 1335 1451
3 1335 1336 1451
3 1451 1336 1452
3 1336 1337 1452
3 1452 1337 1453
3 1337 1338 1453
3 1453 1338 1454
3 1338 1339 1454
3 1454 1339 1455
3 1339 1340 1455
3 1455 1340 1456
3 1340 1341 1456
3 1456 1341 1457
3 1341 1342 1457
3 1457 1342 1458
3 1342 1343 1458
3 1458 1343 1459
3 1343 1344 1459
3 1459 1344 1460
3 1344 1345 1460
3 1460 1345 1461
3 1345 1346 1461
3 1461 1346 1462
3 1346 1347 1462
3 1462 1347 1463
3 1347 1348 1463
3 1463 1348 1464
3 1348 1349 1464
3 1464 1349 1465
3 1349 1350 1465
3 1465 1350 1466
3 1350 1351 1466
3 1466 1351 1467
3 1351 1468 1467
3 1351 1352 1468
3 1352 1469 1468
3 1352 1353 1469
3 1353 1354 1469
3 1469 1354 1470
3 1354 1355 1470
3 1470 1355 1471
3 1355 1356 1471
3 1471 1356 1472
3 1356 1357 1472
3 1472 1357 1473
3 1357 1358 1473
3 1473 1358 1474
3 1358 1359 1474
3 1474 1359 1475
3 1359 1360 1475
3 1475 1360 1476
3 1360 1361 1476
3 1476 1361 1477
3 1361 1478 1477
3 1361 1362 1478
3 1362 1479 1478
3 1362 1363 1479
3 1363 1480 1479
3 1363 1364 1480
3 1364 1481 1480
3 1364 1365 1481
3 1365 1482 1481
3 1365 1366 1482
3 1367 1483 1484
3 1367 1368 1483
3 1368 1369 1483
3 1483 1369 1485
3 1369 1370 1485
3 1485 1370 1486
3 1370 1371 1486
3 1486 1371 1487
3 1371 1372 1487
3 1487 1372 1488
3 1372 1373 1488
3 1488 1373 1489
3 1373 1374 1489
3 1489 1374 1490
3 1374 1375 1490
3 1490 1375 1491
3 1375 1376 1491
3 1491 1376 1492
3 1376 1377 1492
3 1492 1377 1493
3 1377 1378 1493
3 1493 1378 1494
3 1378 1379 1494
3 1494 1379 1495
3 1379 1380 1495
3 1495 1380 1496
3 1380 1381 1496
3 1496 1381 1497
3 1381 1498 1497
3 1381 1382 1498
3 1382 1499 1498
3 1382 1383 1499
3 1383 1500 1499
3 1383 1384 1500
3 1384 1385 1500
3 1500 1385 1501
3 1385 1386 1501
3 1501 1386 1502
3 1386 1503 1502
3 1386 1387 1503
3 1387 1504 1503
3 1387 1388 1504
3 1388 1505 1504
3 1388 1389 1505
3 1389 1506 1505
3 1389 1390 1506
3 1390 1507 1506
3 1390 1391 1507
3 1391 1508 1507
3 1391 1392 1508
3 1392 1509 1508
3 1392 1393 1509
3 1393 1394 1509
3 1509 1394 1510
3 1394 1395 1510
3 1510 1395 1511
3 1395 1396 1511
3 1511 1396 1512
3 1396 1513 1512
3 1396 1397 1513
3 1397 1398 1513
3 1513 1398 1514
3 1398 1399 1514
3 1514 1399 1515
3 1399 1400 1515
3 1515 1400 1516
3 1400 1517 1516
3 1400 1401 1517
3 1401 1518 1517
3 1401 1402 1518
3 1402 1519 1518
3 1402 1403 1519
3 1403 1520 1519
3 1403 1404 1520
3 1404 1521 1520
3 1404 1405 1521
3 1405 1406 1521
3 1521 1406 1522
3 1406 1407 1522
3 1522 1407 1523
3 1407 1408 1523
3 1523 1408 1524
3 1408 1409 1524
3 1524 1409 1525
3 1409 1410 1525
3 1525 1410 1526
3 1410 1411 1526
3 1526 1411 1527
3 1411 1412 1527
3 1527 1412 1528
3 1412 1529 1528
3 1412 1413 1529
3 1413 1530 1529
3 1413 1414 1530
3 1414 1531 1530
3 1414 1415 1531
3 1415 1532 1531
3 1415 1416 1532
3 1416 1417 1532
3 1532 1417 1533
3 1417 1418 1533
3 1533 1418 1534
3 1418 1535 1534
3 1418 1419 1535
3 1419 1536 1535
3 1419 1420 1536
3 1420 1537 1536
3 1420 1421 1537
3 1421 1538 1537
3 1421 1422 1538
3 1422 1423 1538
3 1538 1423 1539
3 1423 1424 1539
3 1539 1424 1540
3 1424 1425 1540
3 1540 1425 1541
3 1425 1426 1541
3 1541 1426 1542
3 1426 1543 1542
3 1426 1427 1543
3 1427 1544 1543
3 1427 1428 1544
3 1428 1545 1544
3 1428 1429 1545
3 1429 1546 1545
3 1429 1430 1546
3 1430 1547 1546
3 1430 1431 1547
3 1431 1548 1547
3 1431 1432 1548
3 1432 1549 1548
3 1432 1433 1549
3 1433 1550 1549
3 1433 1434 1550
3 1434 1435 1550
3 1550 1435 1551
3 1435 1436 1551
3 1551 1436 1552
3 1436 1437 1552
3 1552 1437 1553
3 1437 1438 1553
3 1553 1438 1554
3 1438 1439 1554
3 1554 1439 1555
3 1439 1440 1555
3 1555 1440 1556
3 1440 1441 1556
3 1556 1441 1557
3 1441 1442 1557
3 1557 1442 1558
3 1442 1443 1558
3 1558 1443 1559
3 1443 1560 1559
3 1443 1444 1560
3 1444 1445 1560
3 1560 1445 1561
3 1445 1562 1561
3 1445 1446 1562
3 1446 1563 1562
3 1446 1447 1563
3 1447 1564 1563
3 1447 1448 1564
3 1448 1565 1564
3 1448 1449 1565
3 1449 1450 1565
3 1565 1450 1566
3 1450 1451 1566
3 1566 1451 1567
3 1451 1568 1567
3 1451 1452 1568
3 1452 1453 1568
3 1568 1453 1569
3 1453 1454 1569
3 1569 1454 1570
3 1454 1455 1570
3 1570 1455 1571
3 1455 1456 1571
3 1571 1456 1572
3 1456 1457 1572
3 1572 1457 1573
3 1457 1458 1573
3 1573 1458 1574
3 1458 1459 1574
3 1574 1459 1575
3 1459 1460 1575
3 1575 1460 1576
3 1460 1461 1576
3 1576 1461 1577
3 1461 1462 1577
3 1577 1462 1578
3 1462 1463 1578
3 1578 1463 1579
3 1463 1464 1579
3 1579 1464 1580
3 1464 1465 1580
3 1580 1465 1581
3 1465 1466 1581
3 1581 1466 1582
3 1466 1583 1582
3 1466 1467 1583
3 1467 1584 1583
3 1467 1468 1584
3 1468 1585 1584
3 1468 1469 1585
3 1469 1586 1585
3 1469 1470 1586
3 1470 1471 1586
3 1586 1471 1587
3 1471 1472 1587
3 1587 1472 1588
3 1472 1473 1588
3 1588 1473 1589
3 1473 1474 1589
3 1589 1474 1590
3 1474 1475 1590
3 1590 1475 1591
3 1475 1476 1591
3 1591 1476 1592
3 1476 1593 1592
3 1476 1477 1593
3 1477 1594 1593
3 1477 1478 1594
3 1478 1595 1594
3 1478 1479 1595
3 1479 1596 1595
3 1479 1480 1596
3 1480 1597 1596
3 1480 1481 1597
3 1481 1598 1597
3 1481 1482 1598
3 1484 1599 1600
3 1484 1483 1599
3 1483 1485 1599
3 1599 1485 1601
3 1485 1486 1601
3 1601 1486 1602
3 1486 1487 1602
3 1602 1487 1603
3 1487 1488 1603
3 1603 1488 1604
3 1488 1489 1604
3 1604 1489 1605
3 1489 1606 1605
3 1489 1490 1606
3 1490 1491 1606
3 1606 1491 1607
3 1491 1492 1607
3 1607 1492 1608
3 1492 1493 1608
3 1608 1493 1609
3 1493 1494 1609
3 1609 1494 1610
3 1494 1495 1610
3 1610 1495 1611
3 1495 1496 1611
3 1611 1496 1612
3 1496 1613 1612
3 1496 1497 1613
3 1497 1614 1613
3 1497 1498 1614
3 1498 1615 1614
3 1498 1499 1615
3 1499 1616 1615
3 1499 1500 1616
3 1500 1501 1616
3 1616 1501 1617
3 1501 1502 1617
3 1617 1502 1618
3 1502 1619 1618
3 1502 1503 1619
3 1503 1620 1619
3 1503 1504 1620
3 1504 1621 1620
3 1504 1505 1621
3 1505 1622 1621
3 1505 1506 1622
3 1506 1623 1622
3 1506 1507 1623
3 1507 1624 1623
3 1507 1508 1624
3 1508 1625 1624
3 1508 1509 1625
3 1509 1510 1625
3 1625 1510 1626
3 1510 1511 1626
3 1626 1511 1627
3 1511 1512 1627
3 1627 1512 1628
3 1512 1629 1628
3 1512 1513 1629
3 1513 1630 1629
3 1513 1514 1630
3 1514 1515 1630
3 1630 1515 1631
3 1515 1516 1631
3 1631 1516 1632
3 1516 1633 1632
3 1516 1517 1633
3 1517 1634 1633
3 1517 1518 1634
3 1518 1635 1634
3 1518 1519 1635
3 1519 1636 1635
3 1519 1520 1636
3 1520 1637 1636
3 1520 1521 1637
3 1521 1638 1637
3 1521 1522 1638
3 1522 1523 1638
3 1638 1523 1639
3 1523 1524 1639
3 1639 1524 1640
3 1524 1525 1640
3 1640 1525 1641
3 1525 1526 1641
3 1641 1526 1642
3 1526 1527 1642
3 1642 1527 1643
3 1527 1528 1643
3 1643 1528 1644
3 1528 1645 1644
3 1528 1529 1645
3 1529 1646 1645
3 1529 1530 1646
3 1530 1647 1646
3 1530 1531 1647
3 1531 1648 1647
3 1531 1532 1648
3 1532 1649 1648
3 1532 1533 1649
3 1533 1650 1649
3 1533 1534 1650
3 1534 1651 1650
3 1534 1535 1651
3 1535 1652 1651
3 1535 1536 1652
3 1536 1653 1652
3 1536 1537 1653
3 1537 1654 1653
3 1537 1538 1654
3 1538 1655 1654
3 1538 1539 1655
3 1539 1540 1655
3 1655 1540 1656
3 1540 1541 1656
3 1656 1541 1657
3 1541 1658 1657
3 1541 1542 1658
3 1542 1659 1658
3 1542 1543 1659
3 1543 1660 1659
3 1543 1544 1660
3 1544 1661 1660
3 1544 1545 1661
3 1545 1662 1661
3 1545 1546 1662
3 1546 1663 1662
3 1546 1547 1663
3 1547 1664 1663
3 1547 1548 1664
3 1548 1665 1664
3 1548 1549 1665
3 1549 1666 1665
3 1549 1550 1666
3 1550 1551 1666
3 1666 1551 1667
3 1551 1552 1667
3 1667 1552 1668
3 1552 1553 1668
3 1668 1553 1669
3 1553 1670 1669
3 1553 1554 1670
3 1554 1671 1670
3 1554 1555 1671
3 1555 1672 1671
3 1555 1556 1672
3 1556 1557 1672
3 1672 1557 1673
3 1557 1558 1673
3 1673 1558 1674
3 1558 1559 1674
3 1674 1559 1675
3 1559 1676 1675
3 1559 1560 1676
3 1560 1677 1676
3 1560 1561 1677
3 1561 1678 1677
3 1561 1562 1678
3 1562 1679 1678
3 1562 1563 1679
3 1563 1680 1679
3 1563 1564 1680
3 1564 1565 1680
3 1680 1565 1681
3 1565 1566 1681
3 1681 1566 1682
3 1566 1567 1682
3 1682 1567 1683
3 1567 1568 1683
3 1683 1568 1684
3 1568 1569 1684
3 1684 1569 1685
3 1569 1570 1685
3 1685 1570 1686
3 1570 1571 1686
3 1686 1571 1687
3 1571 1572 1687
3 1687 1572 1688
3 1572 1573 1688
3 1688 1573 1689
3 1573 1574 1689
3 1689 1574 1690
3 1574 1575 1690
3 1690 1575 1691
3 1575 1576 1691
3 1691 1576 1692
3 1576 1577 1692
3 1692 1577 1693
3 1577 1578 1693
3 1693 1578 1694
3 1578 1579 1694
3 1694 1579 1695
3 1579 1580 1695
3 1695 1580 1696
3 1580 1581 1696
3 1696 1581 1697
3 1581 1582 1697
3 1697 1582 1698
3 1582 1699 1698
3 1582 1583 1699
3 1583 1700 1699
3 1583 1584 1700
3 1584 1701 1700
3 1584 1585 1701
3 1585 1702 1701
3 1585 1586 1702
3 1586 1587 1702
3 1702 1587 1703
3 1587 1588 1703
3 1703 1588 1704
3 1588 1589 1704
3 1704 1589 1705
3 1589 1590 1705
3 1705 1590 1706
3 1590 1591 1706
3 1706 1591 1707
3 1591 1592 1707
3 1707 1592 1708
3 1592 1593 1708
3 1708 1593 1709
3 1593 1594 1709
3 1709 1594 1710
3 1594 1711 1710
3 1594 1595 1711
3 1595 1712 1711
3 1595 1596 1712
3 1596 1713 1712
3 1596 1597 1713
3 1597 1714 1713
3 1597 1598 1714
3 1600 1599 1715
3 1599 1601 1715
3 1715 1601 1716
3 1601 1602 1716
3 1716 1602 1717
3 1602 1603 1717
3 1717 1603 1718
3 1603 1604 1718
3 1718 1604 1719
3 1604 1605 1719
3 1719 1605 1720
3 1605 1721 1720
3 1605 1606 1721
3 1606 1722 1721
3 1606 1607 1722
3 1607 1723 1722
3 1607 1608 1723
3 1608 1609 1723
3 1723 1609 1724
3 1609 1725 1724
3 1609 1610 1725
3 1610 1726 1725
3 1610 1611 1726
3 1611 1612 1726
3 1726 1612 1727
3 1612 1613 1727
3 1727 1613 1728
3 1613 1729 1728
3 1613 1614 1729
3 1614 1730 1729
3 1614 1615 1730
3 1615 1731 1730
3 1615 1616 1731
3 1616 1617 1731
3 1731 1617 1732
3 1617 1618 1732
3 1732 1618 1733
3 1618 1734 1733
3 1618 1619 1734
3 1619 1735 1734
3 1619 1620 1735
3 1620 1736 1735
3 1620 1621 1736
3 1621 1737 1736
3 1621 1622 1737
3 1622 1738 1737
3 1622 1623 1738
3 1623 1739 1738
3 1623 1624 1739
3 1624 1740 1739
3 1624 1625 1740
3 1625 1626 1740
3 1740 1626 1741
3 1626 1627 1741
3 1741 1627 1742
3 1627 1628 1742
3 1742 1628 1743
3 1628 1744 1743
3 1628 1629 1744
3 1629 1745 1744
3 1629 1630 1745
3 1630 1631 1745
3 1745 1631 1746
3 1631 1632 1746
3 1746 1632 1747
3 1632 1748 1747
3 1632 1633 1748
3 1633 1749 1748
3 1633 1634 1749
3 1634 1750 1749
3 1634 1635 1750
3 1635 1751 1750
3 1635 1636 1751
3 1636 1752 1751
3 1636 1637 1752
3 1637 1753 1752
3 1637 1638 1753
3 1638 1639 1753
3 1753 1639 1754
3 1639 1640 1754
3 1754 1640 1755
3 1640 1641 1755
3 1755 1641 1756
3 1641 1642 1756
3 1756 1642 1757
3 1642 1643 1757
3 1757 1643 1758
3 1643 1759 1758
3 1643 1644 1759
3 1644 1645 1759
3 1759 1645 1760
3 1645 1761 1760
3 1645 1646 1761
3 1646 1762 1761
3 1646 1647 1762
3 1647 1763 1762
3 1647 1648 1763
3 1648 1764 1763
3 1648 1649 1764
3 1649 1765 1764
3 1649 1650 1765
3 1650 1766 1765
3 1650 1651 1766
3 1651 1767 1766
3 1651 1652 1767
3 1652 1768 1767
3 1652 1653 1768
3 1653 1769 1768
3 1653 1654 1769
3 1654 1770 1769
3 1654 1655 1770
3 1655 1771 1770
3 1655 1656 1771
3 1656 1772 1771
3 1656 1657 1772
3 1657 1773 1772
3 1657 1658 1773
3 1658 1774 1773
3 1658 1659 1774
3 1659 1775 1774
3 1659 1660 1775
3 1660 1776 1775
3 1660 1661 1776
3 1661 1777 1776
3 1661 1662 1777
3 1662 1778 1777
3 1662 1663 1778
3 1663 1779 1778
3 1663 1664 1779
3 1664 1780 1779
3 1664 1665 1780
3 1665 1781 1780
3 1665 1666 1781
3 1666 1782 1781
3 1666 1667 1782
3 1667 1668 1782
3 1782 1668 1783
3 1668 1669 1783
3 1783 1669 1784
3 1669 1785 1784
3 1669 1670 1785
3 1670 1786 1785
3 1670 1671 1786
3 1671 1787 1786
3 1671 1672 1787
3 1672 1673 1787
3 1787 1673 1788
3 1673 1674 1788
3 1788 1674 1789
3 1674 1675 1789
3 1789 1675 1790
3 1675 1791 1790
3 1675 1676 1791
3 1676 1792 1791
3 1676 1677 1792
3 1677 1793 1792
3 1677 1678 1793
3 1678 1794 1793
3 1678 1679 1794
3 1679 1795 1794
3 1679 1680 1795
3 1680 1681 1795
3 1795 1681 1796
3 1681 1682 1796
3 1796 1682 1797
3 1682 1683 1797
3 1797 1683 1798
3 1683 1684 1798
3 1798 1684 1799
3 1684 1685 1799
3 1799 1685 1800
3 1685 1686 1800
3 1800 1686 1801
3 1686 1687 1801
3 1801 1687 1802
3 1687 1688 1802
3 1802 1688 1803
3 1688 1689 1803
3 1803 1689 1804
3 1689 1690 1804
3 1804 1690 1805
3 1690 1691 1805
3 1805 1691 1806
3 1691 1692 1806
3 1806 1692 1807
3 1692 1693 1807
3 1807 1693 1808
3 1693 1694 1808
3 1808 1694 1809
3 1694 1695 1809
3 1809 1695 1810
3 1695 1696 1810
3 1810 1696 1811
3 1696 1697 1811
3 1811 1697 1812
3 1697 1698 1812
3 1812 1698 1813
3 1698 1699 1813
3 1813 1699 1814
3 1699 1700 1814
3 1814 1700 1815
3 1700 1816 1815
3 1700 1701 1816
3 1701 1702 1816
3 1816 1702 1817
3 1702 1703 1817
3 1817 1703 1818
3 1703 1704 1818
3 1818 1704 1819
3 1704 1705 1819
3 1819 1705 1820
3 1705 1706 1820
3 1820 1706 1821
3 1706 1707 1821
3 1821 1707 1822
3 1707 1708 1822
3 1822 1708 1823
3 1708 1709 1823
3 1823 1709 1824
3 1709 1710 1824
3 1824 1710 1825
3 1710 1826 1825
3 1710 1711 1826
3 1711 1827 1826
3 1711 1712 1827
3 1712 1828 1827
3 1712 1713 1828
3 1713 1829 1828
3 1830 1715 1831
3 1831 1715 1832
3 1715 1716 1832
3 1832 1716 1833
3 1716 1717 1833
3 1833 1717 1834
3 1717 1718 1834
3 1834 1718 1835
3 1718 1719 1835
3 1835 1719 1836
3 1719 1720 1836
3 1836 1720 1837
3 1720 1838 1837
3 1720 1721 1838
3 1721 1839 1838
3 1721 1722 1839
3 1722 1723 1839
3 1839 1723 1840
3 1723 1724 1840
3 1840 1724 1841
3 1724 1725 1841
3 1841 1725 1842
3 1725 1726 1842
3 1842 1726 1843
3 1843 1727 1844
3 1727 1728 1844
3 1844 1728 1845
3 1728 1729 1845
3 1845 1729 1846
3 1729 1847 1846
3 1729 1730 1847
3 1730 1848 1847
3 1730 1731 1848
3 1731 1732 1848
3 1848 1732 1849
3 1732 1733 1849
3 1849 1733 1850
3 1733 1851 1850
3 1733 1734 1851
3 1734 1852 1851
3 1734 1735 1852
3 1735 1853 1852
3 1735 1736 1853
3 1736 1854 1853
3 1736 1737 1854
3 1737 1855 1854
3 1737 1738 1855
3 1738 1856 1855
3 1738 1739 1856
3 1739 1857 1856
3 1739 1740 1857
3 1740 1741 1857
3 1857 1741 1858
3 1741 1742 1858
3 1858 1742 1859
3 1742 1743 1859
3 1859 1743 1860
3 1743 1861 1860
3 1743 1744 1861
3 1744 1862 1861
3 1744 1745 1862
3 1745 1746 1862
3 1862 1746 1863
3 1746 1747 1863
3 1863 1747 1864
3 1747 1865 1864
3 1747 1748 1865
3 1748 1866 1865
3 1748 1749 1866
3 1749 1867 1866
3 1749 1750 1867
3 1750 1868 1867
3 1750 1751 1868
3 1751 1869 1868
3 1751 1752 1869
3 1752 1870 1869
3 1752 1753 1870
3 1753 1754 1870
3 1870 1754 1871
3 1754 1755 1871
3 1871 1755 1872
3 1755 1756 1872
3 1872 1756 1873
3 1756 1757 1873
3 1873 1757 1874
3 1757 1758 1874
3 1874 1758 1875
3 1758 1759 1875
3 1875 1759 1876
3 1759 1877 1876
3 1759 1760 1877
3 1760 1878 1877
3 1760 1761 1878
3 1761 1879 1878
3 1761 1762 1879
3 1762 1763 1879
3 1879 1763 1880
3 1763 1764 1880
3 1880 1764 1881
3 1764 1882 1881
3 1764 1765 1882
3 1765 1883 1882
3 1765 1766 1883
3 1766 1884 1883
3 1766 1767 1884
3 1767 1885 1884
3 1767 1768 1885
3 1768 1886 1885
3 1768 1769 1886
3 1769 1887 1886
3 1769 1770 1887
3 1770 1771 1887
3 1887 1771 1888
3 1771 1772 1888
3 1888 1772 1889
3 1772 1773 1889
3 1889 1773 1890
3 1773 1891 1890
3 1773 1774 1891
3 1774 1892 1891
3 1774 1775 1892
3 1775 1893 1892
3 1775 1776 1893
3 1776 1894 1893
3 1776 1777 1894
3 1777 1895 1894
3 1777 1778 1895
3 1778 1896 1895
3 1778 1779 1896
3 1779 1897 1896
3 1779 1780 1897
3 1780 1898 1897
3 1780 1781 1898
3 1781 1782 1898
3 1898 1782 1899
3 1782 1783 1899
3 1899 1783 1900
3 1783 1784 1900
3 1900 1784 1901
3 1784 1902 1901
3 1784 1785 1902
3 1785 1786 1902
3 1902 1786 1903
3 1786 1787 1903
3 1903 1787 1904
3 1787 1788 1904
3 1904 1788 1905
3 1788 1789 1905
3 1905 1789 1906
3 1789 1790 1906
3 1906 1790 1907
3 1790 1908 1907
3 1790 1791 1908
3 1791 1792 1908
3 1908 1792 1909
3 1792 1793 1909
3 1909 1793 1910
3 1793 1911 1910
3 1793 1794 1911
3 1794 1912 1911
3 1794 1795 1912
3 1795 1796 1912
3 1912 1796 1913
3 1796 1797 1913
3 1913 1797 1914
3 1797 1798 1914
3 1914 1798 1915
3 1798 1799 1915
3 1915 1799 1916
3 1799 1800 1916
3 1916 1800 1917
3 1800 1801 1917
3 1917 1801 1918
3 1801 1802 1918
3 1918 1802 1919
3 1802 1803 1919
3 1919 1803 1920
3 1803 1804 1920
3 1920 1804 1921
3 1804 1805 1921
3 1921 1805 1922
3 1805 1806 1922
3 1922 1806 1923
3 1806 1924 1923
3 1806 1807 1924
3 1807 1925 1924
3 1807 1808 1925
3 1808 1809 1925
3 1925 1809 1926
3 1809 1810 1926
3 1926 1810 1927
3 1810 1811 1927
3 1927 1811 1928
3 1811 1812 1928
3 1928 1812 1929
3 1812 1813 1929
3 1929 1813 1930
3 1813 1814 1930
3 1930 1814 1931
3 1814 1815 1931
3 1931 1815 1932
3 1815 1933 1932
3 1815 1816 1933
3 1816 1817 1933
3 1933 1817 1934
3 1817 1818 1934
3 1934 1818 1935
3 1818 1819 1935
3 1935 1819 1936
3 1819 1820 1936
3 1936 1820 1937
3 1820 1821 1937
3 1937 1821 1938
3 1821 1822 1938
3 1938 1822 1939
3 1822 1823 1939
3 1939 1823 1940
3 1823 1824 1940
3 1940 1824 1941
3 1824 1825 1941
3 1941 1825 1942
3 1825 1943 1942
3 1825 1826 1943
3 1826 1944 1943
3 1826 1827 1944
3 1827 1945 1944
3 1827 1828 1945
3 1831 1946 1947
3 1831 1832 1946
3 1832 1948 1946
3 1832 1833 1948
3 1833 1834 1948
3 1948 1834 1949
3 1834 1835 1949
3 1949 1835 1950
3 1835 1951 1950
3 1835 1836 1951
3 1836 1952 1951
3 1836 1837 1952
3 1837 1953 1952
3 1837 1838 1953
3 1838 1954 1953
3 1838 1839 1954
3 1839 1955 1954
3 1839 1840 1955
3 1840 1956 1955
3 1840 1841 1956
3 1841 1957 1956
3 1841 1842 1957
3 1842 1958 1957
3 1842 1843 1958
3 1843 1844 1958
3 1958 1844 1959
3 1844 1845 1959
3 1959 1845 1960
3 1845 1961 1960
3 1845 1846 1961
3 1846 1962 1961
3 1846 1847 1962
3 1847 1963 1962
3 1847 1848 1963
3 1848 1964 1963
3 1848 1849 1964
3 1849 1965 1964
3 1849 1850 1965
3 1850 1966 1965
3 1850 1851 1966
3 1851 1967 1966
3 1851 1852 1967
3 1852 1968 1967
3 1852 1853 1968
3 1853 1969 1968
3 1853 1854 1969
3 1854 1970 1969
3 1854 1855 1970
3 1855 1971 1970
3 1855 1856 1971
3 1856 1972 1971
3 1856 1857 1972
3 1857 1973 1972
3 1857 1858 1973
3 1858 1859 1973
3 1973 1859 1974
3 1859 1975 1974
3 1859 1860 1975
3 1860 1976 1975
3 1860 1861 1976
3 1861 1977 1976
3 1861 1862 1977
3 1862 1978 1977
3 1862 1863 1978
3 1863 1979 1978
3 1863 1864 1979
3 1864 1980 1979
3 1864 1865 1980
3 1865 1981 1980
3 1865 1866 1981
3 1866 1982 1981
3 1866 1867 1982
3 1867 1983 1982
3 1867 1868 1983
3 1868 1984 1983
3 1868 1869 1984
3 1869 1985 1984
3 1869 1870 1985
3 1870 1986 1985
3 1870 1871 1986
3 1871 1872 1986
3 1986 1872 1987
3 1872 1873 1987
3 1987 1873 1988
3 1873 1989 1988
3 1873 1874 1989
3 1874 1990 1989
3 1874 1875 1990
3 1875 1991 1990
3 1875 1876 1991
3 1876 1992 1991
3 1876 1877 1992
3 1877 1993 1992
3 1877 1878 1993
3 1878 1994 1993
3 1878 1879 1994
3 1879 1995 1994
3 1879 1880 1995
3 1880 1996 1995
3 1880 1881 1996
3 1881 1997 1996
3 1881 1882 1997
3 1882 1998 1997
3 1882 1883 1998
3 1883 1999 1998
3 1883 1884 1999
3 1884 2000 1999
3 1884 1885 2000
3 1885 2001 2000
3 1885 1886 2001
3 1886 1887 2001
3 2001 1887 2002
3 1887 1888 2002
3 2002 1888 2003
3 1888 1889 2003
3 2003 1889 2004
3 1889 1890 2004
3 2004 1890 2005
3 1890 1891 2005
3 2005 1891 2006
3 1891 1892 2006
3 2006 1892 2007
3 1892 2008 2007
3 1892 1893 2008
3 1893 2009 2008
3 1893 1894 2009
3 1894 2010 2009
3 1894 1895 2010
3 1895 2011 2010
3 1895 1896 2011
3 1896 2012 2011
3 1896 1897 2012
3 1897 2013 2012
3 1897 1898 2013
3 1898 1899 2013
3 2013 1899 2014
3 1899 1900 2014
3 2014 1900 2015
3 1900 1901 2015
3 2015 1901 2016
3 1901 1902 2016
3 2016 1902 2017
3 1902 1903 2017
3 2017 1903 2018
3 1903 1904 2018
3 2018 1904 2019
3 1904 1905 2019
3 2019 1905 2020
3 1905 1906 2020
3 2020 1906 2021
3 1906 1907 2021
3 2021 1907 2022
3 1907 2023 2022
3 1907 1908 2023
3 1908 1909 2023
3 2023 1909 2024
3 1909 1910 2024
3 2024 1910 2025
3 1910 2026 2025
3 1910 1911 2026
3 1911 2027 2026
3 1911 1912 2027
3 1912 2028 2027
3 1912 1913 2028
3 1913 1914 2028
3 2028 1914 2029
3 1914 1915 2029
3 2029 1915 2030
3 1915 1916 2030
3 2030 1916 2031
3 1916 1917 2031
3 2031 1917 2032
3 1917 1918 2032
3 2032 1918 2033
3 1918 1919 2033
3 2033 1919 2034
3 1919 1920 2034
3 2034 1920 2035
3 1920 1921 2035
3 2035 1921 2036
3 1921 1922 2036
3 2036 1922 2037
3 1922 1923 2037
3 2037 1923 2038
3 1923 1924 2038
3 2038 1924 2039
3 1924 1925 2039
3 2039 1925 2040
3 1925 1926 2040
3 2040 1926 2041
3 1926 1927 2041
3 2041 1927 2042
3 1927 1928 2042
3 2042 1928 2043
3 1928 1929 2043
3 2043 1929 2044
3 1929 1930 2044
3 2044 1930 2045
3 1930 1931 2045
3 2045 1931 2046
3 1931 1932 2046
3 2046 1932 2047
3 1932 2048 2047
3 1932 1933 2048
3 1933 1934 2048
3 2048 1934 2049
3 1934 1935 2049
3 2049 1935 2050
3 1935 1936 2050
3 2050 1936 2051
3 1936 1937 2051
3 2051 1937 2052
3 1937 1938 2052
3 2052 1938 2053
3 1938 1939 2053
3 2053 1939 2054
3 1939 1940 2054
3 2054 1940 2055
3 1940 1941 2055
3 2055 1941 2056
3 1941 1942 2056
3 2056 1942 2057
3 1942 2058 2057
3 1942 1943 2058
3 1943 2059 2058
3 1943 1944 2059
3 1944 2060 2059
3 1944 1945 2060
3 1947 1946 2061
3 1946 2062 2061
3 1946 1948 2062
3 1948 1949 2062
3 2062 1949 2063
3 1949 1950 2063
3 2063 1950 2064
3 1950 1951 2064
3 2064 1951 2065
3 1951 2066 2065
3 1951 1952 2066
3 1952 2067 2066
3 1952 1953 2067
3 1953 2068 2067
3 1953 1954 2068
3 1954 2069 2068
3 1954 1955 2069
3 1955 2070 2069
3 1955 1956 2070
3 1956 2071 2070
3 1956 1957 2071
3 1957 2072 2071
3 1957 1958 2072
3 1958 2073 2072
3 1958 1959 2073
3 1959 2074 2073
3 1959 1960 2074
3 1960 2075 2074
3 1960 1961 2075
3 1961 2076 2075
3 1961 1962 2076
3 1962 2077 2076
3 1962 1963 2077
3 1963 2078 2077
3 1963 1964 2078
3 1964 1965 2078
3 2078 1965 2079
3 1965 2080 2079
3 1965 1966 2080
3 1966 2081 2080
3 1966 1967 2081
3 1967 2082 2081
3 1967 1968 2082
3 1968 2083 2082
3 1968 1969 2083
3 1969 2084 2083
3 1969 1970 2084
3 1970 2085 2084
3 1970 1971 2085
3 1971 2086 2085
3 1971 1972 2086
3 1972 2087 2086
3 1972 1973 2087
3 1973 1974 2087
3 2087 1974 2088
3 1974 2089 2088
3 1974 1975 2089
3 1975 2090 2089
3 1975 1976 2090
3 1976 2091 2090
3 1976 1977 2091
3 1977 2092 2091
3 1977 1978 2092
3 1978 2093 2092
3 1978 1979 2093
3 1979 2094 2093
3 1979 1980 2094
3 1980 2095 2094
3 1980 1981 2095
3 1981 2096 2095
3 1981 1982 2096
3 1982 2097 2096
3 1982 1983 2097
3 1983 2098 2097
3 1983 1984 2098
3 1984 2099 2098
3 1984 1985 2099
3 1985 2100 2099
3 1985 1986 2100
3 1986 2101 2100
3 1986 1987 2101
3 1987 2102 2101
3 1987 1988 2102
3 1988 2103 2102
3 1988 1989 2103
3 1989 2104 2103
3 1989 1990 2104
3 1990 2105 2104
3 1990 1991 2105
3 1991 2106 2105
3 1991 1992 2106
3 1992 2107 2106
3 1992 1993 2107
3 1993 2108 2107
3 1993 1994 2108
3 1994 2109 2108
3 1994 1995 2109
3 1995 2110 2109
3 1995 1996 2110
3 1996 2111 2110
3 1996 1997 2111
3 1997 2112 2111
3 1997 1998 2112
3 1998 2113 2112
3 1998 1999 2113
3 1999 2114 2113
3 1999 2000 2114
3 2000 2115 2114
3 2000 2001 2115
3 2001 2116 2115
3 2001 2002 2116
3 2002 2003 2116
3 2116 2003 2117
3 2003 2004 2117
3 2117 2004 2118
3 2004 2005 2118
3 2118 2005 2119
3 2005 2006 2119
3 2119 2006 2120
3 2006 2007 2120
3 2120 2007 2121
3 2007 2122 2121
3 2007 2008 2122
3 2008 2123 2122
3 2008 2009 2123
3 2009 2124 2123
3 2009 2010 2124
3 2010 2125 2124
3 2010 2011 2125
3 2011 2126 2125
3 2011 2012 2126
3 2012 2127 2126
3 2012 2013 2127
3 2013 2014 2127
3 2127 2014 2128
3 2014 2015 2128
3 2128 2015 2129
3 2015 2016 2129
3 2129 2016 2130
3 2016 2017 2130
3 2130 2017 2131
3 2017 2018 2131
3 2131 2018 2132
3 2018 2019 2132
3 2132 2019 2133
3 2019 2020 2133
3 2133 2020 2134
3 2020 2021 2134
3 2134 2021 2135
3 2021 2022 2135
3 2135 2022 2136
3 2022 2137 2136
3 2022 2023 2137
3 2023 2024 2137
3 2137 2024 2138
3 2024 2025 2138
3 2138 2025 2139
3 2025 2140 2139
3 2025 2026 2140
3 2026 2141 2140
3 2026 2027 2141
3 2027 2142 2141
3 2027 2028 2142
3 2028 2029 2142
3 2142 2029 2143
3 2029 2030 2143
3 2143 2030 2144
3 2030 2031 2144
3 2144 2031 2145
3 2031 2032 2145
3 2145 2032 2146
3 2032 2033 2146
3 2146 2033 2147
3 2033 2034 2147
3 2147 2034 2148
3 2034 2035 2148
3 2148 2035 2149
3 2035 2036 2149
3 2149 2036 2150
3 2036 2037 2150
3 2150 2037 2151
3 2037 2038 2151
3 2151 2038 2152
3 2038 2039 2152
3 2152 2039 2153
3 2039 2040 2153
3 2153 2040 2154
3 2040 2041 2154
3 2154 2041 2155
3 2041 2042 2155
3 2155 2042 2156
3 2042 2043 2156
3 2156 2043 2157
3 2043 2044 2157
3 2157 2044 2158
3 2044 2045 2158
3 2158 2045 2159
3 2045 2046 2159
3 2159 2046 2160
3 2046 2047 2160
3 2160 2047 2161
3 2047 2048 2161
3 2161 2048 2162
3 2048 2049 2162
3 2162 2049 2163
3 2049 2050 2163
3 2163 2050 2164
3 2050 2051 2164
3 2164 2051 2165
3 2051 2052 2165
3 2165 2052 2166
3 2052 2053 2166
3 2166 2053 2167
3 2053 2054 2167
3 2167 2054 2168
3 2054 2055 2168
3 2168 2055 2169
3 2055 2056 2169
3 2169 2056 2170
3 2056 2057 2170
3 2170 2057 2171
3 2057 2058 2171
3 2171 2058 2172
3 2058 2173 2172
3 2058 2059 2173
3 2059 2174 2173
3 2059 2060 2174
3 2061 2062 2175
3 2175 2062 2176
3 2062 2063 2176
3 2176 2063 2177
3 2063 2064 2177
3 2177 2064 2178
3 2064 2065 2178
3 2178 2065 2179
3 2065 2180 2179
3 2065 2066 2180
3 2066 2181 2180
3 2066 2067 2181
3 2067 2182 2181
3 2067 2068 2182
3 2068 2183 2182
3 2068 2069 2183
3 2069 2070 2183
3 2183 2070 2184
3 2070 2185 2184
3 2070 2071 2185
3 2071 2186 2185
3 2071 2072 2186
3 2072 2073 2186
3 2186 2073 2187
3 2073 2074 2187
3 2187 2074 2188
3 2074 2189 2188
3 2074 2075 2189
3 2075 2190 2189
3 2075 2076 2190
3 2076 2191 2190
3 2076 2077 2191
3 2077 2192 2191
3 2077 2078 2192
3 2078 2079 2192
3 2192 2079 2193
3 2079 2194 2193
3 2079 2080 2194
3 2080 2195 2194
3 2080 2081 2195
3 2081 2196 2195
3 2081 2082 2196
3 2082 2197 2196
3 2082 2083 2197
3 2083 2198 2197
3 2083 2084 2198
3 2084 2199 2198
3 2084 2085 2199
3 2085 2200 2199
3 2085 2086 2200
3 2086 2087 2200
3 2200 2087 2201
3 2087 2088 2201
3 2201 2088 2202
3 2088 2089 2202
3 2202 2089 2203
3 2089 2204 2203
3 2089 2090 2204
3 2090 2205 2204
3 2090 2091 2205
3 2091 2092 2205
3 2205 2092 2206
3 2092 2093 2206
3 2206 2093 2207
3 2093 2208 2207
3 2093 2094 2208
3 2094 2209 2208
3 2094 2095 2209
3 2095 2210 2209
3 2095 2096 2210
3 2096 2211 2210
3 2096 2097 2211
3 2097 2212 2211
3 2097 2098 2212
3 2098 2213 2212
3 2098 2099 2213
3 2099 2214 2213
3 2099 2100 2214
3 2100 2101 2214
3 2214 2101 2215
3 2101 2102 2215
3 2215 2102 2216
3 2102 2217 2216
3 2102 2103 2217
3 2103 2218 2217
3 2103 2104 2218
3 2104 2219 2218
3 2104 2105 2219
3 2105 2220 2219
3 2105 2106 2220
3 2106 2221 2220
3 2106 2107 2221
3 2107 2222 2221
3 2107 2108 2222
3 2108 2223 2222
3 2108 2109 2223
3 2109 2224 2223
3 2109 2110 2224
3 2110 2225 2224
3 2110 2111 2225
3 2111 2226 2225
3 2111 2112 2226
3 2112 2227 2226
3 2112 2113 2227
3 2113 2228 2227
3 2113 2114 2228
3 2114 2229 2228
3 2114 2115 2229
3 2115 2230 2229
3 2115 2116 2230
3 2116 2117 2230
3 2230 2117 2231
3 2117 2118 2231
3 2231 2118 2232
3 2118 2119 2232
3 2232 2119 2233
3 2119 2120 2233
3 2233 2120 2234
3 2120 2121 2234
3 2234 2121 2235
3 2121 2122 2235
3 2235 2122 2236
3 2122 2237 2236
3 2122 2123 2237
3 2123 2238 2237
3 2123 2124 2238
3 2124 2239 2238
3 2124 2125 2239
3 2125 2240 2239
3 2125 2126 2240
3 2126 2241 2240
3 2126 2127 2241
3 2127 2128 2241
3 2241 2128 2242
3 2128 2129 2242
3 2242 2129 2243
3 2129 2130 2243
3 2243 2130 2244
3 2130 2131 2244
3 2244 2131 2245
3 2131 2132 2245
3 2245 2132 2246
3 2132 2133 2246
3 2246 2133 2247
3 2133 2134 2247
3 2247 2134 2248
3 2134 2135 2248
3 2248 2135 2249
3 2135 2136 2249
3 2249 2136 2250
3 2136 2251 2250
3 2136 2137 2251
3 2137 2138 2251
3 2251 2138 2252
3 2138 2139 2252
3 2252 2139 2253
3 2139 2254 2253
3 2139 2140 2254
3 2140 2255 2254
3 2140 2141 2255
3 2141 2142 2255
3 2255 2142 2256
3 2142 2143 2256
3 2256 2143 2257
3 2143 2144 2257
3 2257 2144 2258
3 2144 2145 2258
3 2258 2145 2259
3 2145 2146 2259
3 2259 2146 2260
3 2146 2147 2260
3 2260 2147 2261
3 2147 2148 2261
3 2261 2148 2262
3 2148 2149 2262
3 2262 2149 2263
3 2149 2150 2263
3 2263 2150 2264
3 2150 2151 2264
3 2264 2151 2265
3 2151 2152 2265
3 2265 2152 2266
3 2152 2153 2266
3 2266 2153 2267
3 2153 2154 2267
3 2267 2154 2268
3 2154 2155 2268
3 2268 2155 2269
3 2155 2156 2269
3 2269 2156 2270
3 2156 2157 2270
3 2270 2157 2271
3 2157 2158 2271
3 2271 2158 2272
3 2158 2159 2272
3 2272 2159 2273
3 2159 2160 2273
3 2273 2160 2274
3 2160 2161 2274
3 2274 2161 2275
3 2161 2162 2275
3 2275 2162 2276
3 2162 2163 2276
3 2276 2163 2277
3 2163 2164 2277
3 2277 2164 2278
3 2164 2165 2278
3 2278 2165 2279
3 2165 2166 2279
3 2279 2166 2280
3 2166 2167 2280
3 2280 2167 2281
3 2167 2168 2281
3 2281 2168 2282
3 2168 2169 2282
3 2282 2169 2283
3 2169 2170 2283
3 2283 2170 2284
3 2170 2171 2284
3 2284 2171 2285
3 2171 2172 2285
3 2285 2172 2286
3 2172 2287 2286
3 2172 2173 2287
3 2173 2174 2287
3 2175 2176 2288
3 2288 2176 2289
3 2176 2177 2289
3 2289 2177 2290
3 2177 2178 2290
3 2290 2178 2291
3 2178 2179 2291
3 2291 2179 2292
3 2179 2180 2292
3 2292 2180 2293
3 2180 2181 2293
3 2293 2181 2294
3 2181 2182 2294
3 2294 2182 2295
3 2182 2183 2295
3 2295 2183 2296
3 2183 2184 2296
3 2296 2184 2297
3 2184 2298 2297
3 2184 2185 2298
3 2185 2186 2298
3 2298 2186 2299
3 2186 2187 2299
3 2299 2187 2300
3 2187 2188 2300
3 2300 2188 2301
3 2188 2302 2301
3 2188 2189 2302
3 2189 2303 2302
3 2189 2190 2303
3 2190 2304 2303
3 2190 2191 2304
3 2191 2192 2304
3 2304 2192 2305
3 2192 2193 2305
3 2305 2193 2306
3 2193 2307 2306
3 2193 2194 2307
3 2194 2308 2307
3 2194 2195 2308
3 2195 2309 2308
3 2195 2196 2309
3 2196 2310 2309
3 2196 2197 2310
3 2197 2311 2310
3 2197 2198 2311
3 2198 2312 2311
3 2198 2199 2312
3 2199 2313 2312
3 2199 2200 2313
3 2200 2201 2313
3 2313 2201 2314
3 2201 2202 2314
3 2314 2202 2315
3 2202 2203 2315
3 2315 2203 2316
3 2203 2317 2316
3 2203 2204 2317
3 2204 2318 2317
3 2204 2205 2318
3 2205 2206 2318
3 2318 2206 2319
3 2206 2207 2319
3 2319 2207 2320
3 2207 2321 2320
3 2207 2208 2321
3 2208 2322 2321
3 2208 2209 2322
3 2209 2323 2322
3 2209 2210 2323
3 2210 2324 2323
3 2210 2211 2324
3 2211 2325 2324
3 2211 2212 2325
3 2212 2213 2325
3 2325 2213 2326
3 2213 2214 2326
3 2326 2214 2327
3 2214 2215 2327
3 2327 2215 2328
3 2215 2216 2328
3 2328 2216 2329
3 2216 2330 2329
3 2216 2217 2330
3 2217 2331 2330
3 2217 2218 2331
3 2218 2332 2331
3 2218 2219 2332
3 2219 2333 2332
3 2219 2220 2333
3 2220 2221 2333
3 2333 2221 2334
3 2221 2222 2334
3 2334 2222 2335
3 2222 2223 2335
3 2335 2223 2336
3 2223 2224 2336
3 2336 2224 2337
3 2224 2225 2337
3 2337 2225 2338
3 2225 2226 2338
3 2338 2226 2339
3 2226 2340 2339
3 2226 2227 2340
3 2227 2341 2340
3 2227 2228 2341
3 2228 2342 2341
3 2228 2229 2342
3 2229 2230 2342
3 2342 2230 2343
3 2230 2231 2343
3 2343 2231 2344
3 2231 2232 2344
3 2344 2232 2345
3 2232 2233 2345
3 2345 2233 2346
3 2233 2234 2346
3 2346 2234 2347
3 2234 2235 2347
3 2347 2235 2348
3 2235 2236 2348
3 2348 2236 2349
3 2236 2237 2349
3 2349 2237 2350
3 2237 2238 2350
3 2350 2238 2351
3 2238 2352 2351
3 2238 2239 2352
3 2239 2353 2352
3 2239 2240 2353
3 2240 2354 2353
3 2240 2241 2354
3 2241 2242 2354
3 2354 2242 2355
3 2242 2243 2355
3 2355 2243 2356
3 2243 2244 2356
3 2356 2244 2357
3 2244 2245 2357
3 2357 2245 2358
3 2245 2246 2358
3 2358 2246 2359
3 2246 2247 2359
3 2359 2247 2360
3 2247 2248 2360
3 2360 2248 2361
3 2248 2249 2361
3 2361 2249 2362
3 2249 2250 2362
3 2362 2250 2363
3 2250 2251 2363
3 2363 2251 2364
3 2251 2252 2364
3 2364 2252 2365
3 2252 2253 2365
3 2365 2253 2366
3 2253 2367 2366
3 2253 2254 2367
3 2254 2368 2367
3 2254 2255 2368
3 2255 2256 2368
3 2368 2256 2369
3 2256 2257 2369
3 2369 2257 2370
3 2257 2258 2370
3 2370 2258 2371
3 2258 2259 2371
3 2371 2259 2372
3 2259 2260 2372
3 2372 2260 2373
3 2260 2261 2373
3 2373 2261 2374
3 2261 2262 2374
3 2374 2262 2375
3 2262 2263 2375
3 2375 2263 2376
3 2263 2264 2376
3 2376 2264 2377
3 2264 2265 2377
3 2377 2265 2378
3 2265 2266 2378
3 2378 2266 2379
3 2266 2267 2379
3 2379 2267 2380
3 2267 2268 2380
3 2380 2268 2381
3 2268 2269 2381
3 2381 2269 2382
3 2269 2270 2382
3 2382 2270 2383
3 2270 2271 2383
3 2383 2271 2384
3 2271 2272 2384
3 2384 2272 2385
3 2272 2273 2385
3 2385 2273 2386
3 2273 2274 2386
3 2386 2274 2387
3 2274 2275 2387
3 2387 2275 2388
3 2275 2276 2388
3 2388 2276 2389
3 2276 2277 2389
3 2389 2277 2390
3 2277 2278 2390
3 2390 2278 2391
3 2278 2279 2391
3 2391 2279 2392
3 2279 2280 2392
3 2392 2280 2393
3 2280 2281 2393
3 2393 2281 2394
3 2281 2282 2394
3 2394 2282 2395
3 2282 2283 2395
3 2395 2283 2396
3 2283 2284 2396
3 2396 2284 2397
3 2284 2285 2397
3 2397 2285 2398
3 2285 2286 2398
3 2398 2286 2399
3 2286 2287 2399
3 2399 2287 2400
3 2288 2401 2402
3 2288 2289 2401
3 2289 2290 2401
3 2401 2290 2403
3 2290 2291 2403
3 2403 2291 2404
3 2291 2292 2404
3 2404 2292 2405
3 2292 2406 2405
3 2292 2293 2406
3 2293 2407 2406
3 2293 2294 2407
3 2294 2408 2407
3 2294 2295 2408
3 2295 2409 2408
3 2295 2296 2409
3 2296 2410 2409
3 2296 2297 2410
3 2297 2411 2410
3 2297 2298 2411
3 2298 2412 2411
3 2298 2299 2412
3 2299 2300 2412
3 2412 2300 2413
3 2300 2301 2413
3 2413 2301 2414
3 2301 2415 2414
3 2301 2302 2415
3 2302 2416 2415
3 2302 2303 2416
3 2303 2417 2416
3 2303 2304 2417
3 2304 2305 2417
3 2417 2305 2418
3 2305 2306 2418
3 2418 2306 2419
3 2306 2420 2419
3 2306 2307 2420
3 2307 2421 2420
3 2307 2308 2421
3 2308 2422 2421
3 2308 2309 2422
3 2309 2423 2422
3 2309 2310 2423
3 2310 2424 2423
3 2310 2311 2424
3 2311 2425 2424
3 2311 2312 2425
3 2312 2426 2425
3 2312 2313 2426
3 2313 2314 2426
3 2426 2314 2427
3 2314 2315 2427
3 2427 2315 2428
3 2315 2316 2428
3 2428 2316 2429
3 2316 2430 2429
3 2316 2317 2430
3 2317 2431 2430
3 2317 2318 2431
3 2318 2319 2431
3 2431 2319 2432
3 2319 2320 2432
3 2432 2320 2433
3 2320 2434 2433
3 2320 2321 2434
3 2321 2435 2434
3 2321 2322 2435
3 2322 2436 2435
3 2322 2323 2436
3 2323 2437 2436
3 2323 2324 2437
3 2324 2438 2437
3 2324 2325 2438
3 2325 2326 2438
3 2438 2326 2439
3 2326 2327 2439
3 2439 2327 2440
3 2327 2328 2440
3 2440 2328 2441
3 2328 2329 2441
3 2441 2329 2442
3 2329 2443 2442
3 2329 2330 2443
3 2330 2444 2443
3 2330 2331 2444
3 2331 2445 2444
3 2331 2332 2445
3 2332 2446 2445
3 2332 2333 2446
3 2333 2334 2446
3 2446 2334 2447
3 2334 2335 2447
3 2447 2335 2448
3 2335 2336 2448
3 2448 2336 2449
3 2336 2337 2449
3 2449 2337 2450
3 2337 2338 2450
3 2450 2338 2451
3 2338 2452 2451
3 2338 2339 2452
3 2339 2453 2452
3 2339 2340 2453
3 2340 2454 2453
3 2340 2341 2454
3 2341 2342 2454
3 2454 2342 2455
3 2342 2343 2455
3 2455 2343 2456
3 2343 2344 2456
3 2456 2344 2457
3 2344 2345 2457
3 2457 2345 2458
3 2345 2346 2458
3 2458 2346 2459
3 2346 2347 2459
3 2459 2347 2460
3 2347 2348 2460
3 2460 2348 2461
3 2348 2349 2461
3 2461 2349 2462
3 2349 2350 2462
3 2462 2350 2463
3 2350 2464 2463
3 2350 2351 2464
3 2351 2465 2464
3 2351 2352 2465
3 2352 2466 2465
3 2352 2353 2466
3 2353 2354 2466
3 2466 2354 2467
3 2354 2355 2467
3 2467 2355 2468
3 2355 2356 2468
3 2468 2356 2469
3 2356 2357 2469
3 2469 2357 2470
3 2357 2358 2470
3 2470 2358 2471
3 2358 2359 2471
3 2471 2359 2472
3 2359 2360 2472
3 2472 2360 2473
3 2360 2361 2473
3 2473 2361 2474
3 2361 2362 2474
3 2474 2362 2475
3 2362 2363 2475
3 2475 2363 2476
3 2363 2364 2476
3 2476 2364 2477
3 2364 2365 2477
3 2477 2365 2478
3 2365 2366 2478
3 2478 2366 2479
3 2366 2480 2479
3 2366 2367 2480
3 2367 2481 2480
3 2367 2368 2481
3 2368 2369 2481
3 2481 2369 2482
3 2369 2370 2482
3 2482 2370 2483
3 2370 2371 2483
3 2483 2371 2484
3 2371 2372 2484
3 2484 2372 2485
3 2372 2373 2485
3 2485 2373 2486
3 2373 2374 2486
3 2486 2374 2487
3 2374 2375 2487
3 2487 2375 2488
3 2375 2376 2488
3 2488 2376 2489
3 2376 2377 2489
3 2489 2377 2490
3 2377 2378 2490
3 2490 2378 2491
3 2378 2379 2491
3 2491 2379 2492
3 2379 2380 2492
3 2492 2380 2493
3 2380 2381 2493
3 2493 2381 2494
3 2381 2382 2494
3 2494 2382 2495
3 2382 2383 2495
3 2495 2383 2496
3 2383 2384 2496
3 2496 2384 2497
3 2384 2385 2497
3 2497 2385 2498
3 2385 2386 2498
3 2498 2386 2499
3 2386 2387 2499
3 2499 2387 2500
3 2387 2388 2500
3 2500 2388 2501
3 2388 2389 2501
3 2501 2389 2502
3 2389 2390 2502
3 2502 2390 2503
3 2390 2391 2503
3 2503 2391 2504
3 2391 2392 2504
3 2504 2392 2505
3 2392 2393 2505
3 2505 2393 2506
3 2393 2394 2506
3 2506 2394 2507
3 2394 2395 2507
3 2507 2395 2508
3 2395 2396 2508
3 2508 2396 2509
3 2396 2397 2509
3 2509 2397 2510
3 2397 2398 2510
3 2510 2398 2511
3 2398 2399 2511
3 2511 2399 2512
3 2399 2513 2512
3 2402 2401 2514
3 2401 2515 2514
3 2401 2403 2515
3 2403 2404 2515
3 2515 2404 2516
3 2404 2517 2516
3 2404 2405 2517
3 2405 2518 2517
3 2405 2406 2518
3 2406 2519 2518
3 2406 2407 2519
3 2407 2520 2519
3 2407 2408 2520
3 2408 2521 2520
3 2408 2409 2521
3 2409 2410 2521
3 2521 2410 2522
3 2410 2523 2522
3 2410 2411 2523
3 2411 2524 2523
3 2411 2412 2524
3 2412 2413 2524
3 2524 2413 2525
3 2413 2414 2525
3 2525 2414 2526
3 2414 2527 2526
3 2414 2415 2527
3 2415 2528 2527
3 2415 2416 2528
3 2416 2529 2528
3 2416 2417 2529
3 2417 2418 2529
3 2529 2418 2530
3 2418 2419 2530
3 2530 2419 2531
3 2419 2532 2531
3 2419 2420 2532
3 2420 2533 2532
3 2420 2421 2533
3 2421 2534 2533
3 2421 2422 2534
3 2422 2535 2534
3 2422 2423 2535
3 2423 2536 2535
3 2423 2424 2536
3 2424 2537 2536
3 2424 2425 2537
3 2425 2538 2537
3 2425 2426 2538
3 2426 2539 2538
3 2426 2427 2539
3 2427 2428 2539
3 2539 2428 2540
3 2428 2541 2540
3 2428 2429 2541
3 2429 2542 2541
3 2429 2430 2542
3 2430 2543 2542
3 2430 2431 2543
3 2431 2544 2543
3 2431 2432 2544
3 2432 2433 2544
3 2544 2433 2545
3 2433 2546 2545
3 2433 2434 2546
3 2434 2547 2546
3 2434 2435 2547
3 2435 2548 2547
3 2435 2436 2548
3 2436 2549 2548
3 2436 2437 2549
3 2437 2550 2549
3 2437 2438 2550
3 2438 2551 2550
3 2438 2439 2551
3 2439 2440 2551
3 2551 2440 2552
3 2440 2441 2552
3 2552 2441 2553
3 2441 2554 2553
3 2441 2442 2554
3 2442 2555 2554
3 2442 2443 2555
3 2443 2556 2555
3 2443 2444 2556
3 2444 2557 2556
3 2444 2445 2557
3 2445 2558 2557
3 2445 2446 2558
3 2446 2447 2558
3 2558 2447 2559
3 2447 2448 2559
3 2559 2448 2560
3 2448 2449 2560
3 2560 2449 2561
3 2449 2450 2561
3 2561 2450 2562
3 2450 2563 2562
3 2450 2451 2563
3 2451 2564 2563
3 2451 2452 2564
3 2452 2565 2564
3 2452 2453 2565
3 2453 2566 2565
3 2453 2454 2566
3 2454 2567 2566
3 2454 2455 2567
3 2455 2456 2567
3 2567 2456 2568
3 2456 2457 2568
3 2568 2457 2569
3 2457 2458 2569
3 2569 2458 2570
3 2458 2459 2570
3 2570 2459 2571
3 2459 2460 2571
3 2571 2460 2572
3 2460 2461 2572
3 2572 2461 2573
3 2461 2462 2573
3 2573 2462 2574
3 2462 2575 2574
3 2462 2463 2575
3 2463 2576 2575
3 2463 2464 2576
3 2464 2577 2576
3 2464 2465 2577
3 2465 2578 2577
3 2465 2466 2578
3 2466 2579 2578
3 2466 2467 2579
3 2467 2468 2579
3 2579 2468 2580
3 2468 2469 2580
3 2580 2469 2581
3 2469 2470 2581
3 2581 2470 2582
3 2470 2471 2582
3 2582 2471 2583
3 2471 2472 2583
3 2583 2472 2584
3 2472 2473 2584
3 2584 2473 2585
3 2473 2474 2585
3 2585 2474 2586
3 2474 2475 2586
3 2586 2475 2587
3 2475 2476 2587
3 2587 2476 2588
3 2476 2589 2588
3 2476 2477 2589
3 2477 2478 2589
3 2589 2478 2590
3 2478 2479 2590
3 2590 2479 2591
3 2479 2592 2591
3 2479 2480 2592
3 2480 2593 2592
3 2480 2481 2593
3 2481 2594 2593
3 2481 2482 2594
3 2482 2483 2594
3 2594 2483 2595
3 2483 2484 2595
3 2595 2484 2596
3 2484 2485 2596
3 2596 2485 2597
3 2485 2486 2597
3 2597 2486 2598
3 2486 2487 2598
3 2598 2487 2599
3 2487 2488 2599
3 2599 2488 2600
3 2488 2489 2600
3 2600 2489 2601
3 2489 2490 2601
3 2601 2490 2602
3 2490 2491 2602
3 2602 2491 2603
3 2491 2492 2603
3 2603 2492 2604
3 2492 2493 2604
3 2604 2493 2605
3 2493 2494 2605
3 2605 2494 2606
3 2494 2495 2606
3 2606 2495 2607
3 2495 2496 2607
3 2607 2496 2608
3 2496 2497 2608
3 2608 2497 2609
3 2497 2498 2609
3 2609 2498 2610
3 2498 2499 2610
3 2610 2499 2611
3 2499 2500 2611
3 2611 2500 2612
3 2500 2501 2612
3 2612 2501 2613
3 2501 2614 2613
3 2501 2502 2614
3 2502 2503 2614
3 2614 2503 2615
3 2503 2504 2615
3 2615 2504 2616
3 2504 2505 2616
3 2616 2505 2617
3 2505 2506 2617
3 2617 2506 2618
3 2506 2507 2618
3 2618 2507 2619
3 2507 2508 2619
3 2619 2508 2620
3 2508 2509 2620
3 2620 2509 2621
3 2509 2510 2621
3 2621 2510 2622
3 2510 2511 2622
3 2622 2511 2623
3 2511 2624 2623
3 2511 2512 2624
3 2514 2515 2625
3 2515 2516 2625
3 2625 2516 2626
3 2516 2517 2626
3 2626 2517 2627
3 2517 2628 2627
3 2517 2518 2628
3 2518 2629 2628
3 2518 2519 2629
3 2519 2630 2629
3 2519 2520 2630
3 2520 2631 2630
3 2520 2521 2631
3 2521 2522 2631
3 2631 2522 2632
3 2522 2633 2632
3 2522 2523 2633
3 2523 2634 2633
3 2523 2524 2634
3 2524 2525 2634
3 2634 2525 2635
3 2525 2526 2635
3 2635 2526 2636
3 2526 2637 2636
3 2526 2527 2637
3 2527 2638 2637
3 2527 2528 2638
3 2528 2639 2638
3 2528 2529 2639
3 2529 2530 2639
3 2639 2530 2640
3 2530 2531 2640
3 2640 2531 2641
3 2531 2642 2641
3 2531 2532 2642
3 2532 2643 2642
3 2532 2533 2643
3 2533 2644 2643
3 2533 2534 2644
3 2534 2645 2644
3 2534 2535 2645
3 2535 2646 2645
3 2535 2536 2646
3 2536 2647 2646
3 2536 2537 2647
3 2537 2648 2647
3 2537 2538 2648
3 2538 2649 2648
3 2538 2539 2649
3 2539 2540 2649
3 2649 2540 2650
3 2540 2651 2650
3 2540 2541 2651
3 2541 2652 2651
3 2541 2542 2652
3 2542 2653 2652
3 2542 2543 2653
3 2543 2654 2653
3 2543 2544 2654
3 2544 2655 2654
3 2544 2545 2655
3 2545 2656 2655
3 2545 2546 2656
3 2546 2657 2656
3 2546 2547 2657
3 2547 2658 2657
3 2547 2548 2658
3 2548 2659 2658
3 2548 2549 2659
3 2549 2660 2659
3 2549 2550 2660
3 2550 2661 2660
3 2550 2551 2661
3 2551 2552 2661
3 2661 2552 2662
3 2552 2663 2662
3 2552 2553 2663
3 2553 2664 2663
3 2553 2554 2664
3 2554 2665 2664
3 2554 2555 2665
3 2555 2666 2665
3 2555 2556 2666
3 2556 2667 2666
3 2556 2557 2667
3 2557 2668 2667
3 2557 2558 2668
3 2558 2559 2668
3 2668 2559 2669
3 2559 2560 2669
3 2669 2560 2670
3 2560 2561 2670
3 2670 2561 2671
3 2561 2562 2671
3 2671 2562 2672
3 2562 2673 2672
3 2562 2563 2673
3 2563 2674 2673
3 2563 2564 2674
3 2564 2675 2674
3 2564 2565 2675
3 2565 2676 2675
3 2565 2566 2676
3 2566 2677 2676
3 2566 2567 2677
3 2567 2568 2677
3 2677 2568 2678
3 2568 2569 2678
3 2678 2569 2679
3 2569 2570 2679
3 2679 2570 2680
3 2570 2571 2680
3 2680 2571 2681
3 2571 2572 2681
3 2681 2572 2682
3 2572 2573 2682
3 2682 2573 2683
3 2573 2574 2683
3 2683 2574 2684
3 2574 2685 2684
3 2574 2575 2685
3 2575 2686 2685
3 2575 2576 2686
3 2576 2687 2686
3 2576 2577 2687
3 2577 2688 2687
3 2577 2578 2688
3 2578 2689 2688
3 2578 2579 2689
3 2579 2580 2689
3 2689 2580 2690
3 2580 2581 2690
3 2690 2581 2691
3 2581 2582 2691
3 2691 2582 2692
3 2582 2583 2692
3 2692 2583 2693
3 2583 2584 2693
3 2693 2584 2694
3 2584 2585 2694
3 2694 2585 2695
3 2585 2586 2695
3 2695 2586 2696
3 2586 2587 2696
3 2696 2587 2697
3 2587 2588 2697
3 2697 2588 2698
3 2588 2699 2698
3 2588 2589 2699
3 2589 2590 2699
3 2699 2590 2700
3 2590 2591 2700
3 2700 2591 2701
3 2591 2702 2701
3 2591 2592 2702
3 2592 2703 2702
3 2592 2593 2703
3 2593 2704 2703
3 2593 2594 2704
3 2594 2595 2704
3 2704 2595 2705
3 2595 2596 2705
3 2705 2596 2706
3 2596 2597 2706
3 2706 2597 2707
3 2597 2598 2707
3 2707 2598 2708
3 2598 2599 2708
3 2708 2599 2709
3 2599 2600 2709
3 2709 2600 2710
3 2600 2601 2710
3 2710 2601 2711
3 2601 2602 2711
3 2711 2602 2712
3 2602 2603 2712
3 2712 2603 2713
3 2603 2604 2713
3 2713 2604 2714
3 2604 2605 2714
3 2714 2605 2715
3 2605 2606 2715
3 2715 2606 2716
3 2606 2607 2716
3 2716 2607 2717
3 2607 2608 2717
3 2717 2608 2718
3 2608 2609 2718
3 2718 2609 2719
3 2609 2610 2719
3 2719 2610 2720
3 2610 2611 2720
3 2720 2611 2721
3 2611 2612 2721
3 2721 2612 2722
3 2612 2613 2722
3 2722 2613 2723
3 2613 2724 2723
3 2613 2614 2724
3 2614 2725 2724
3 2614 2615 2725
3 2615 2616 2725
3 2725 2616 2726
3 2616 2617 2726
3 2726 2617 2727
3 2617 2618 2727
3 2727 2618 2728
3 2618 2619 2728
3 2728 2619 2729
3 2619 2620 2729
3 2729 2620 2730
3 2620 2621 2730
3 2730 2621 2731
3 2621 2622 2731
3 2731 2622 2732
3 2622 2623 2732
3 2732 2623 2733
3 2623 2734 2733
3 2623 2624 2734
3 2625 2626 2735
3 2735 2626 2736
3 2626 2627 2736
3 2736 2627 2737
3 2627 2738 2737
3 2627 2628 2738
3 2628 2739 2738
3 2628 2629 2739
3 2629 2740 2739
3 2629 2630 2740
3 2630 2741 2740
3 2630 2631 2741
3 2631 2742 2741
3 2631 2632 2742
3 2632 2743 2742
3 2632 2633 2743
3 2633 2744 2743
3 2633 2634 2744
3 2634 2635 2744
3 2744 2635 2745
3 2635 2636 2745
3 2745 2636 2746
3 2636 2747 2746
3 2636 2637 2747
3 2637 2748 2747
3 2637 2638 2748
3 2638 2749 2748
3 2638 2639 2749
3 2639 2640 2749
3 2749 2640 2750
3 2640 2641 2750
3 2750 2641 2751
3 2641 2752 2751
3 2641 2642 2752
3 2642 2753 2752
3 2642 2643 2753
3 2643 2754 2753
3 2643 2644 2754
3 2644 2755 2754
3 2644 2645 2755
3 2645 2756 2755
3 2645 2646 2756
3 2646 2757 2756
3 2646 2647 2757
3 2647 2758 2757
3 2647 2648 2758
3 2648 2759 2758
3 2648 2649 2759
3 2649 2650 2759
3 2759 2650 2760
3 2650 2761 2760
3 2650 2651 2761
3 2651 2762 2761
3 2651 2652 2762
3 2652 2763 2762
3 2652 2653 2763
3 2653 2764 2763
3 2653 2654 2764
3 2654 2765 2764
3 2654 2655 2765
3 2655 2766 2765
3 2655 2656 2766
3 2656 2767 2766
3 2656 2657 2767
3 2657 2768 2767
3 2657 2658 2768
3 2658 2769 2768
3 2658 2659 2769
3 2659 2770 2769
3 2659 2660 2770
3 2660 2771 2770
3 2660 2661 2771
3 2661 2772 2771
3 2661 2662 2772
3 2662 2773 2772
3 2662 2663 2773
3 2663 2664 2773
3 2773 2664 2774
3 2664 2775 2774
3 2664 2665 2775
3 2665 2776 2775
3 2665 2666 2776
3 2666 2777 2776
3 2666 2667 2777
3 2667 2778 2777
3 2667 2668 2778
3 2668 2669 2778
3 2778 2669 2779
3 2669 2670 2779
3 2779 2670 2780
3 2670 2671 2780
3 2780 2671 2781
3 2671 2672 2781
3 2781 2672 2782
3 2672 2783 2782
3 2672 2673 2783
3 2673 2784 2783
3 2673 2674 2784
3 2674 2785 2784
3 2674 2675 2785
3 2675 2786 2785
3 2675 2676 2786
3 2676 2677 2786
3 2786 2677 2787
3 2677 2678 2787
3 2787 2678 2788
3 2678 2679 2788
3 2788 2679 2789
3 2679 2680 2789
3 2789 2680 2790
3 2680 2681 2790
3 2790 2681 2791
3 2681 2682 2791
3 2791 2682 2792
3 2682 2683 2792
3 2792 2683 2793
3 2683 2684 2793
3 2793 2684 2794
3 2684 2795 2794
3 2684 2685 2795
3 2685 2796 2795
3 2685 2686 2796
3 2686 2797 2796
3 2686 2687 2797
3 2687 2798 2797
3 2687 2688 2798
3 2688 2689 2798
3 2798 2689 2799
3 2689 2690 2799
3 2799 2690 2800
3 2690 2691 2800
3 2800 2691 2801
3 2691 2692 2801
3 2801 2692 2802
3 2692 2693 2802
3 2802 2693 2803
3 2693 2694 2803
3 2803 2694 2804
3 2694 2695 2804
3 2804 2695 2805
3 2695 2696 2805
3 2805 2696 2806
3 2696 2697 2806
3 2806 2697 2807
3 2697 2698 2807
3 2807 2698 2808
3 2698 2699 2808
3 2808 2699 2809
3 2699 2700 2809
3 2809 2700 2810
3 2700 2701 2810
3 2810 2701 2811
3 2701 2812 2811
3 2701 2702 2812
3 2702 2813 2812
3 2702 2703 2813
3 2703 2704 2813
3 2813 2704 2814
3 2704 2705 2814
3 2814 2705 2815
3 2705 2706 2815
3 2815 2706 2816
3 2706 2817 2816
3 2706 2707 2817
3 2707 2708 2817
3 2817 2708 2818
3 2708 2709 2818
3 2818 2709 2819
3 2709 2710 2819
3 2819 2710 2820
3 2710 2711 2820
3 2820 2711 2821
3 2711 2712 2821
3 2821 2712 2822
3 2712 2713 2822
3 2822 2713 2823
3 2713 2714 2823
3 2823 2714 2824
3 2714 2715 2824
3 2824 2715 2825
3 2715 2716 2825
3 2825 2716 2826
3 2716 2717 2826
3 2826 2717 2827
3 2717 2718 2827
3 2827 2718 2828
3 2718 2719 2828
3 2828 2719 2829
3 2719 2720 2829
3 2829 2720 2830
3 2720 2721 2830
3 2830 2721 2831
3 2721 2722 2831
3 2831 2722 2832
3 2722 2723 2832
3 2832 2723 2833
3 2723 2834 2833
3 2723 2724 2834
3 2724 2725 2834
3 2834 2725 2835
3 2725 2726 2835
3 2835 2726 2836
3 2726 2727 2836
3 2836 2727 2837
3 2727 2728 2837
3 2837 2728 2838
3 2728 2729 2838
3 2838 2729 2839
3 2729 2730 2839
3 2839 2730 2840
3 2730 2731 2840
3 2840 2731 2841
3 2731 2732 2841
3 2841 2732 2842
3 2732 2733 2842
3 2842 2733 2843
3 2733 2844 2843
3 2733 2734 2844
3 2735 2736 2845
3 2845 2736 2846
3 2736 2737 2846
3 2846 2737 2847
3 2737 2848 2847
3 2737 2738 2848
3 2738 2849 2848
3 2738 2739 2849
3 2739 2850 2849
3 2739 2740 2850
3 2740 2851 2850
3 2740 2741 2851
3 2741 2852 2851
3 2741 2742 2852
3 2742 2853 2852
3 2742 2743 2853
3 2743 2854 2853
3 2743 2744 2854
3 2744 2745 2854
3 2854 2745 2855
3 2745 2746 2855
3 2855 2746 2856
3 2746 2857 2856
3 2746 2747 2857
3 2747 2858 2857
3 2747 2748 2858
3 2748 2859 2858
3 2748 2749 2859
3 2749 2750 2859
3 2859 2750 2860
3 2750 2751 2860
3 2860 2751 2861
3 2751 2862 2861
3 2751 2752 2862
3 2752 2863 2862
3 2752 2753 2863
3 2753 2864 2863
3 2753 2754 2864
3 2754 2865 2864
3 2754 2755 2865
3 2755 2866 2865
3 2755 2756 2866
3 2756 2867 2866
3 2756 2757 2867
3 2757 2868 2867
3 2757 2758 2868
3 2758 2869 2868
3 2758 2759 2869
3 2759 2760 2869
3 2869 2760 2870
3 2760 2871 2870
3 2760 2761 2871
3 2761 2872 2871
3 2761 2762 2872
3 2762 2873 2872
3 2762 2763 2873
3 2763 2874 2873
3 2763 2764 2874
3 2764 2875 2874
3 2764 2765 2875
3 2765 2876 2875
3 2765 2766 2876
3 2766 2877 2876
3 2766 2767 2877
3 2767 2878 2877
3 2767 2768 2878
3 2768 2879 2878
3 2768 2769 2879
3 2769 2880 2879
3 2769 2770 2880
3 2770 2881 2880
3 2770 2771 2881
3 2771 2882 2881
3 2771 2772 2882
3 2772 2773 2882
3 2882 2773 2883
3 2773 2774 2883
3 2883 2774 2884
3 2774 2885 2884
3 2774 2775 2885
3 2775 2886 2885
3 2775 2776 2886
3 2776 2887 2886
3 2776 2777 2887
3 2777 2888 2887
3 2777 2778 2888
3 2778 2779 2888
3 2888 2779 2889
3 2779 2780 2889
3 2889 2780 2890
3 2780 2781 2890
3 2890 2781 2891
3 2781 2892 2891
3 2781 2782 2892
3 2782 2893 2892
3 2782 2783 2893
3 2783 2894 2893
3 2783 2784 2894
3 2784 2895 2894
3 2784 2785 2895
3 2785 2896 2895
3 2785 2786 2896
3 2786 2897 2896
3 2786 2787 2897
3 2787 2788 2897
3 2897 2788 2898
3 2788 2789 2898
3 2898 2789 2899
3 2789 2790 2899
3 2899 2790 2900
3 2790 2791 2900
3 2900 2791 2901
3 2791 2792 2901
3 2901 2792 2902
3 2792 2903 2902
3 2792 2793 2903
3 2793 2904 2903
3 2793 2794 2904
3 2794 2905 2904
3 2794 2795 2905
3 2795 2906 2905
3 2795 2796 2906
3 2796 2907 2906
3 2796 2797 2907
3 2797 2908 2907
3 2797 2798 2908
3 2798 2909 2908
3 2798 2799 2909
3 2799 2800 2909
3 2909 2800 2910
3 2800 2801 2910
3 2910 2801 2911
3 2801 2802 2911
3 2911 2802 2912
3 2802 2913 2912
3 2802 2803 2913
3 2803 2804 2913
3 2913 2804 2914
3 2804 2805 2914
3 2914 2805 2915
3 2805 2806 2915
3 2915 2806 2916
3 2806 2807 2916
3 2916 2807 2917
3 2807 2918 2917
3 2807 2808 2918
3 2808 2919 2918
3 2808 2809 2919
3 2809 2810 2919
3 2919 2810 2920
3 2810 2921 2920
3 2810 2811 2921
3 2811 2922 2921
3 2811 2812 2922
3 2812 2923 2922
3 2812 2813 2923
3 2813 2814 2923
3 2923 2814 2924
3 2814 2815 2924
3 2924 2815 2925
3 2815 2926 2925
3 2815 2816 2926
3 2816 2927 2926
3 2816 2817 2927
3 2817 2818 2927
3 2927 2818 2928
3 2818 2819 2928
3 2928 2819 2929
3 2819 2820 2929
3 2929 2820 2930
3 2820 2821 2930
3 2930 2821 2931
3 2821 2822 2931
3 2931 2822 2932
3 2822 2823 2932
3 2932 2823 2933
3 2823 2824 2933
3 2933 2824 2934
3 2824 2825 2934
3 2934 2825 2935
3 2825 2826 2935
3 2935 2826 2936
3 2826 2827 2936
3 2936 2827 2937
3 2827 2828 2937
3 2937 2828 2938
3 2828 2829 2938
3 2938 2829 2939
3 2829 2830 2939
3 2939 2830 2940
3 2830 2831 2940
3 2940 2831 2941
3 2831 2832 2941
3 2941 2832 2942
3 2832 2833 2942
3 2942 2833 2943
3 2833 2944 2943
3 2833 2834 2944
3 2834 2835 2944
3 2944 2835 2945
3 2835 2836 2945
3 2945 2836 2946
3 2836 2837 2946
3 2946 2837 2947
3 2837 2838 2947
3 2947 2838 2948
3 2838 2839 2948
3 2948 2839 2949
3 2839 2840 2949
3 2949 2840 2950
3 2840 2841 2950
3 2950 2841 2951
3 2841 2842 2951
3 2951 2842 2952
3 2842 2843 2952
3 2952 2843 2953
3 2843 2954 2953
3 2843 2844 2954
3 2845 2846 2955
3 2955 2846 2956
3 2846 2847 2956
3 2956 2847 2957
3 2847 2958 2957
3 2847 2848 2958
3 2848 2959 2958
3 2848 2849 2959
3 2849 2960 2959
3 2849 2850 2960
3 2850 2961 2960
3 2850 2851 2961
3 2851 2852 2961
3 2961 2852 2962
3 2852 2853 2962
3 2962 2853 2963
3 2853 2854 2963
3 2963 2854 2964
3 2854 2855 2964
3 2964 2855 2965
3 2855 2856 2965
3 2965 2856 2966
3 2856 2967 2966
3 2856 2857 2967
3 2857 2968 2967
3 2857 2858 2968
3 2858 2969 2968
3 2858 2859 2969
3 2859 2860 2969
3 2969 2860 2970
3 2860 2861 2970
3 2970 2861 2971
3 2861 2972 2971
3 2861 2862 2972
3 2862 2973 2972
3 2862 2863 2973
3 2863 2974 2973
3 2863 2864 2974
3 2864 2975 2974
3 2864 2865 2975
3 2865 2976 2975
3 2865 2866 2976
3 2866 2977 2976
3 2866 2867 2977
3 2867 2978 2977
3 2867 2868 2978
3 2868 2869 2978
3 2978 2869 2979
3 2869 2870 2979
3 2979 2870 2980
3 2870 2981 2980
3 2870 2871 2981
3 2871 2982 2981
3 2871 2872 2982
3 2872 2983 2982
3 2872 2873 2983
3 2873 2874 2983
3 2983 2874 2984
3 2874 2875 2984
3 2984 2875 2985
3 2875 2986 2985
3 2875 2876 2986
3 2876 2987 2986
3 2876 2877 2987
3 2877 2988 2987
3 2877 2878 2988
3 2878 2989 2988
3 2878 2879 2989
3 2879 2990 2989
3 2879 2880 2990
3 2880 2991 2990
3 2880 2881 2991
3 2881 2992 2991
3 2881 2882 2992
3 2882 2883 2992
3 2992 2883 2993
3 2883 2884 2993
3 2993 2884 2994
3 2884 2995 2994
3 2884 2885 2995
3 2885 2996 2995
3 2885 2886 2996
3 2886 2997 2996
3 2886 2887 2997
3 2887 2998 2997
3 2887 2888 2998
3 2888 2889 2998
3 2998 2889 2999
3 2889 2890 2999
3 2999 2890 3000
3 2890 2891 3000
3 3000 2891 3001
3 2891 2892 3001
3 3001 2892 3002
3 2892 3003 3002
3 2892 2893 3003
3 2893 3004 3003
3 2893 2894 3004
3 2894 3005 3004
3 2894 2895 3005
3 2895 3006 3005
3 2895 2896 3006
3 2896 3007 3006
3 2896 2897 3007
3 2897 2898 3007
3 3007 2898 3008
3 2898 2899 3008
3 3008 2899 3009
3 2899 2900 3009
3 3009 2900 3010
3 2900 2901 3010
3 3010 2901 3011
3 2901 3012 3011
3 2901 2902 3012
3 2902 3013 3012
3 2902 2903 3013
3 2903 3014 3013
3 2903 2904 3014
3 2904 3015 3014
3 2904 2905 3015
3 2905 3016 3015
3 2905 2906 3016
3 2906 3017 3016
3 2906 2907 3017
3 2907 3018 3017
3 2907 2908 3018
3 2908 3019 3018
3 2908 2909 3019
3 2909 3020 3019
3 2909 2910 3020
3 2910 2911 3020
3 3020 2911 3021
3 2911 3022 3021
3 2911 2912 3022
3 2912 3023 3022
3 2912 2913 3023
3 2913 3024 3023
3 2913 2914 3024
3 2914 2915 3024
3 3024 2915 3025
3 2915 2916 3025
3 3025 2916 3026
3 2916 2917 3026
3 3026 2917 3027
3 2917 3028 3027
3 2917 2918 3028
3 2918 3029 3028
3 2918 2919 3029
3 2919 3030 3029
3 2919 2920 3030
3 2920 3031 3030
3 2920 2921 3031
3 2921 3032 3031
3 2921 2922 3032
3 2922 3033 3032
3 2922 2923 3033
3 2923 2924 3033
3 3033 2924 3034
3 2924 2925 3034
3 3034 2925 3035
3 2925 3036 3035
3 2925 2926 3036
3 2926 2927 3036
3 3036 2927 3037
3 2927 2928 3037
3 3037 2928 3038
3 2928 2929 3038
3 3038 2929 3039
3 2929 2930 3039
3 3039 2930 3040
3 2930 2931 3040
3 3040 2931 3041
3 2931 2932 3041
3 3041 2932 3042
3 2932 2933 3042
3 3042 2933 3043
3 2933 2934 3043
3 3043 2934 3044
3 2934 2935 3044
3 3044 2935 3045
3 2935 2936 3045
3 3045 2936 3046
3 2936 2937 3046
3 3046 2937 3047
3 2937 2938 3047
3 3047 2938 3048
3 2938 2939 3048
3 3048 2939 3049
3 2939 2940 3049
3 3049 2940 3050
3 2940 2941 3050
3 3050 2941 3051
3 2941 2942 3051
3 3051 2942 3052
3 2942 2943 3052
3 3052 2943 3053
3 2943 2944 3053
3 3053 2944 3054
3 2944 2945 3054
3 3054 2945 3055
3 2945 2946 3055
3 3055 2946 3056
3 2946 2947 3056
3 3056 2947 3057
3 2947 2948 3057
3 3057 2948 3058
3 2948 2949 3058
3 3058 2949 3059
3 2949 2950 3059
3 3059 2950 3060
3 2950 2951 3060
3 3060 2951 3061
3 2951 2952 3061
3 3061 2952 3062
3 2952 2953 3062
3 3062 2953 3063
3 2953 2954 3063
3 2955 2956 3064
3 3064 2956 3065
3 2956 2957 3065
3 3065 2957 3066
3 2957 2958 3066
3 3066 2958 3067
3 2958 2959 3067
3 3067 2959 3068
3 2959 2960 3068
3 3068 2960 3069
3 2960 2961 3069
3 3069 2961 3070
3 2961 2962 3070
3 3070 2962 3071
3 2962 2963 3071
3 3071 2963 3072
3 2963 2964 3072
3 3072 2964 3073
3 2964 2965 3073
3 3073 2965 3074
3 2965 2966 3074
3 3074 2966 3075
3 2966 2967 3075
3 3075 2967 3076
3 2967 3077 3076
3 2967 2968 3077
3 2968 3078 3077
3 2968 2969 3078
3 2969 2970 3078
3 3078 2970 3079
3 2970 2971 3079
3 3079 2971 3080
3 2971 2972 3080
3 3080 2972 3081
3 2972 3082 3081
3 2972 2973 3082
3 2973 2974 3082
3 3082 2974 3083
3 2974 2975 3083
3 3083 2975 3084
3 2975 3085 3084
3 2975 2976 3085
3 2976 3086 3085
3 2976 2977 3086
3 2977 2978 3086
3 3086 2978 3087
3 2978 2979 3087
3 3087 2979 3088
3 2979 2980 3088
3 3088 2980 3089
3 2980 2981 3089
3 3089 2981 3090
3 2981 3091 3090
3 2981 2982 3091
3 2982 2983 3091
3 3091 2983 3092
3 2983 2984 3092
3 3092 2984 3093
3 2984 2985 3093
3 3093 2985 3094
3 2985 3095 3094
3 2985 2986 3095
3 2986 3096 3095
3 2986 2987 3096
3 2987 3097 3096
3 2987 2988 3097
3 2988 3098 3097
3 2988 2989 3098
3 2989 3099 3098
3 2989 2990 3099
3 2990 3100 3099
3 2990 2991 3100
3 2991 3101 3100
3 2991 2992 3101
3 2992 2993 3101
3 3101 2993 3102
3 2993 2994 3102
3 3102 2994 3103
3 2994 3104 3103
3 2994 2995 3104
3 2995 3105 3104
3 2995 2996 3105
3 2996 3106 3105
3 2996 2997 3106
3 2997 2998 3106
3 3106 2998 3107
3 2998 2999 3107
3 3107 2999 3108
3 2999 3000 3108
3 3108 3000 3109
3 3000 3001 3109
3 3109 3001 3110
3 3001 3002 3110
3 3110 3002 3111
3 3002 3112 3111
3 3002 3003 3112
3 3003 3113 3112
3 3003 3004 3113
3 3004 3114 3113
3 3004 3005 3114
3 3005 3115 3114
3 3005 3006 3115
3 3006 3116 3115
3 3006 3007 3116
3 3007 3008 3116
3 3116 3008 3117
3 3008 3009 3117
3 3117 3009 3118
3 3009 3010 3118
3 3118 3010 3119
3 3010 3011 3119
3 3119 3011 3120
3 3011 3012 3120
3 3120 3012 3121
3 3012 3013 3121
3 3121 3013 3122
3 3013 3123 3122
3 3013 3014 3123
3 3014 3124 3123
3 3014 3015 3124
3 3015 3125 3124
3 3015 3016 3125
3 3016 3126 3125
3 3016 3017 3126
3 3017 3127 3126
3 3017 3018 3127
3 3018 3128 3127
3 3018 3019 3128
3 3019 3020 3128
3 3128 3020 3129
3 3020 3021 3129
3 3129 3021 3130
3 3021 3022 3130
3 3130 3022 3131
3 3022 3023 3131
3 3131 3023 3132
3 3023 3024 3132
3 3132 3024 3133
3 3024 3025 3133
3 3133 3025 3134
3 3025 3026 3134
3 3134 3026 3135
3 3026 3027 3135
3 3135 3027 3136
3 3027 3028 3136
3 3136 3028 3137
3 3028 3029 3137
3 3137 3029 3138
3 3029 3030 3138
3 3138 3030 3139
3 3030 3031 3139
3 3139 3031 3140
3 3031 3141 3140
3 3031 3032 3141
3 3032 3142 3141
3 3032 3033 3142
3 3033 3034 3142
3 3142 3034 3143
3 3034 3035 3143
3 3143 3035 3144
3 3035 3036 3144
3 3144 3036 3145
3 3036 3037 3145
3 3145 3037 3146
3 3037 3038 3146
3 3146 3038 3147
3 3038 3039 3147
3 3147 3039 3148
3 3039 3040 3148
3 3148 3040 3149
3 3040 3041 3149
3 3149 3041 3150
3 3041 3042 3150
3 3150 3042 3151
3 3042 3043 3151
3 3151 3043 3152
3 3043 3044 3152
3 3152 3044 3153
3 3044 3045 3153
3 3153 3045 3154
3 3045 3046 3154
3 3154 3046 3155
3 3046 3047 3155
3 3155 3047 3156
3 3047 3048 3156
3 3156 3048 3157
3 3048 3049 3157
3 3157 3049 3158
3 3049 3050 3158
3 3158 3050 3159
3 3050 3051 3159
3 3159 3051 3160
3 3051 3052 3160
3 3160 3052 3161
3 3052 3053 3161
3 3161 3053 3162
3 3053 3054 3162
3 3162 3054 3163
3 3054 3055 3163
3 3163 3055 3164
3 3055 3056 3164
3 3164 3056 3165
3 3056 3057 3165
3 3165 3057 3166
3 3057 3058 3166
3 3166 3058 3167
3 3058 3059 3167
3 3167 3059 3168
3 3059 3060 3168
3 3168 3060 3169
3 3060 3061 3169
3 3169 3061 3170
3 3061 3062 3170
3 3170 3062 3171
3 3062 3063 3171
3 3171 3063 3172
3 3173 3064 3174
3 3064 3065 3174
3 3174 3065 3175
3 3065 3066 3175
3 3175 3066 3176
3 3066 3067 3176
3 3176 3067 3177
3 3067 3068 3177
3 3177 3068 3178
3 3068 3069 3178
3 3178 3069 3179
3 3069 3070 3179
3 3179 3070 3180
3 3070 3071 3180
3 3180 3071 3181
3 3071 3072 3181
3 3181 3072 3182
3 3072 3073 3182
3 3182 3073 3183
3 3073 3074 3183
3 3183 3074 3184
3 3074 3075 3184
3 3184 3075 3185
3 3075 3076 3185
3 3185 3076 3186
3 3076 3187 3186
3 3076 3077 3187
3 3077 3078 3187
3 3187 3078 3188
3 3078 3079 3188
3 3188 3079 3189
3 3079 3080 3189
3 3189 3080 3190
3 3080 3081 3190
3 3190 3081 3191
3 3081 3192 3191
3 3081 3082 3192
3 3082 3083 3192
3 3192 3083 3193
3 3083 3084 3193
3 3193 3084 3194
3 3084 3195 3194
3 3084 3085 3195
3 3085 3196 3195
3 3085 3086 3196
3 3086 3087 3196
3 3196 3087 3197
3 3087 3088 3197
3 3197 3088 3198
3 3088 3089 3198
3 3198 3089 3199
3 3089 3090 3199
3 3199 3090 3200
3 3090 3091 3200
3 3200 3091 3201
3 3091 3092 3201
3 3201 3092 3202
3 3092 3093 3202
3 3202 3093 3203
3 3093 3094 3203
3 3203 3094 3204
3 3094 3095 3204
3 3204 3095 3205
3 3095 3206 3205
3 3095 3096 3206
3 3096 3207 3206
3 3096 3097 3207
3 3097 3208 3207
3 3097 3098 3208
3 3098 3209 3208
3 3098 3099 3209
3 3099 3210 3209
3 3099 3100 3210
3 3100 3211 3210
3 3100 3101 3211
3 3101 3102 3211
3 3211 3102 3212
3 3102 3103 3212
3 3212 3103 3213
3 3103 3104 3213
3 3213 3104 3214
3 3104 3215 3214
3 3104 3105 3215
3 3105 3216 3215
3 3105 3106 3216
3 3106 3107 3216
3 3216 3107 3217
3 3107 3108 3217
3 3217 3108 3218
3 3108 3109 3218
3 3218 3109 3219
3 3109 3110 3219
3 3219 3110 3220
3 3110 3111 3220
3 3220 3111 3221
3 3111 3222 3221
3 3111 3112 3222
3 3112 3223 3222
3 3112 3113 3223
3 3113 3224 3223
3 3113 3114 3224
3 3114 3225 3224
3 3114 3115 3225
3 3115 3116 3225
3 3225 3116 3226
3 3116 3117 3226
3 3226 3117 3227
3 3117 3118 3227
3 3227 3118 3228
3 3118 3119 3228
3 3228 3119 3229
3 3119 3120 3229
3 3229 3120 3230
3 3120 3121 3230
3 3230 3121 3231
3 3121 3122 3231
3 3231 3122 3232
3 3122 3123 3232
3 3232 3123 3233
3 3123 3234 3233
3 3123 3124 3234
3 3124 3235 3234
3 3124 3125 3235
3 3125 3236 3235
3 3125 3126 3236
3 3126 3237 3236
3 3126 3127 3237
3 3127 3128 3237
3 3237 3128 3238
3 3128 3129 3238
3 3238 3129 3239
3 3129 3130 3239
3 3239 3130 3240
3 3130 3131 3240
3 3240 3131 3241
3 3131 3132 3241
3 3241 3132 3242
3 3132 3133 3242
3 3242 3133 3243
3 3133 3134 3243
3 3243 3134 3244
3 3134 3135 3244
3 3244 3135 3245
3 3135 3136 3245
3 3245 3136 3246
3 3136 3137 3246
3 3246 3137 3247
3 3137 3138 3247
3 3247 3138 3248
3 3138 3139 3248
3 3248 3139 3249
3 3139 3140 3249
3 3249 3140 3250
3 3140 3141 3250
3 3250 3141 3251
3 3141 3252 3251
3 3141 3142 3252
3 3142 3253 3252
3 3142 3143 3253
3 3143 3144 3253
3 3253 3144 3254
3 3144 3145 3254
3 3254 3145 3255
3 3145 3146 3255
3 3255 3146 3256
3 3146 3147 3256
3 3256 3147 3257
3 3147 3148 3257
3 3257 3148 3258
3 3148 3149 3258
3 3258 3149 3259
3 3149 3150 3259
3 3259 3150 3260
3 3150 3151 3260
3 3260 3151 3261
3 3151 3152 3261
3 3261 3152 3262
3 3152 3153 3262
3 3262 3153 3263
3 3153 3154 3263
3 3263 3154 3264
3 3154 3155 3264
3 3264 3155 3265
3 3155 3156 3265
3 3265 3156 3266
3 3156 3157 3266
3 3266 3157 3267
3 3157 3158 3267
3 3267 3158 3268
3 3158 3159 3268
3 3268 3159 3269
3 3159 3160 3269
3 3269 3160 3270
3 3160 3161 3270
3 3270 3161 3271
3 3161 3162 3271
3 3271 3162 3272
3 3162 3163 3272
3 3272 3163 3273
3 3163 3164 3273
3 3273 3164 3274
3 3164 3165 3274
3 3274 3165 3275
3 3165 3166 3275
3 3275 3166 3276
3 3166 3167 3276
3 3276 3167 3277
3 3167 3168 3277
3 3277 3168 3278
3 3168 3169 3278
3 3278 3169 3279
3 3169 3170 3279
3 3279 3170 3280
3 3170 3171 3280
3 3280 3171 3281
3 3171 3172 3281
3 3281 3172 3282
3 3173 3174 3283
3 3283 3174 3284
3 3174 3175 3284
3 3284 3175 3285
3 3175 3176 3285
3 3285 3176 3286
3 3176 3177 3286
3 3286 3177 3287
3 3177 3178 3287
3 3287 3178 3288
3 3178 3179 3288
3 3288 3179 3289
3 3179 3180 3289
3 3289 3180 3290
3 3180 3181 3290
3 3290 3181 3291
3 3181 3182 3291
3 3291 3182 3292
3 3182 3183 3292
3 3292 3183 3293
3 3183 3184 3293
3 3293 3184 3294
3 3184 3185 3294
3 3294 3185 3295
3 3185 3186 3295
3 3295 3186 3296
3 3186 3187 3296
3 3296 3187 3297
3 3187 3188 3297
3 3297 3188 3298
3 3188 3189 3298
3 3298 3189 3299
3 3189 3190 3299
3 3299 3190 3300
3 3190 3191 3300
3 3300 3191 3301
3 3191 3192 3301
3 3301 3192 3302
3 3192 3193 3302
3 3302 3193 3303
3 3193 3194 3303
3 3303 3194 3304
3 3194 3195 3304
3 3304 3195 3305
3 3195 3196 3305
3 3305 3196 3306
3 3196 3197 3306
3 3306 3197 3307
3 3197 3198 3307
3 3307 3198 3308
3 3198 3199 3308
3 3308 3199 3309
3 3199 3200 3309
3 3309 3200 3310
3 3200 3311 3310
3 3200 3201 3311
3 3201 3312 3311
3 3201 3202 3312
3 3202 3203 3312
3 3312 3203 3313
3 3203 3204 3313
3 3313 3204 3314
3 3204 3315 3314
3 3204 3205 3315
3 3205 3316 3315
3 3205 3206 3316
3 3206 3317 3316
3 3206 3207 3317
3 3207 3318 3317
3 3207 3208 3318
3 3208 3319 3318
3 3208 3209 3319
3 3209 3320 3319
3 3209 3210 3320
3 3210 3321 3320
3 3210 3211 3321
3 3211 3212 3321
3 3321 3212 3322
3 3212 3213 3322
3 3322 3213 3323
3 3213 3324 3323
3 3213 3214 3324
3 3214 3325 3324
3 3214 3215 3325
3 3215 3326 3325
3 3215 3216 3326
3 3216 3217 3326
3 3326 3217 3327
3 3217 3218 3327
3 3327 3218 3328
3 3218 3219 3328
3 3328 3219 3329
3 3219 3330 3329
3 3219 3220 3330
3 3220 3331 3330
3 3220 3221 3331
3 3221 3332 3331
3 3221 3222 3332
3 3222 3333 3332
3 3222 3223 3333
3 3223 3334 3333
3 3223 3224 3334
3 3224 3335 3334
3 3224 3225 3335
3 3225 3226 3335
3 3335 3226 3336
3 3226 3227 3336
3 3336 3227 3337
3 3227 3228 3337
3 3337 3228 3338
3 3228 3229 3338
3 3338 3229 3339
3 3229 3230 3339
3 3339 3230 3340
3 3230 3231 3340
3 3340 3231 3341
3 3231 3232 3341
3 3341 3232 3342
3 3232 3233 3342
3 3342 3233 3343
3 3233 3344 3343
3 3233 3234 3344
3 3234 3345 3344
3 3234 3235 3345
3 3235 3346 3345
3 3235 3236 3346
3 3236 3347 3346
3 3236 3237 3347
3 3237 3238 3347
3 3347 3238 3348
3 3238 3239 3348
3 3348 3239 3349
3 3239 3240 3349
3 3349 3240 3350
3 3240 3241 3350
3 3350 3241 3351
3 3241 3242 3351
3 3351 3242 3352
3 3242 3243 3352
3 3352 3243 3353
3 3243 3244 3353
3 3353 3244 3354
3 3244 3245 3354
3 3354 3245 3355
3 3245 3246 3355
3 3355 3246 3356
3 3246 3247 3356
3 3356 3247 3357
3 3247 3248 3357
3 3357 3248 3358
3 3248 3249 3358
3 3358 3249 3359
3 3249 3250 3359
3 3359 3250 3360
3 3250 3251 3360
3 3360 3251 3361
3 3251 3362 3361
3 3251 3252 3362
3 3252 3363 3362
3 3252 3253 3363
3 3253 3254 3363
3 3363 3254 3364
3 3254 3255 3364
3 3364 3255 3365
3 3255 3256 3365
3 3365 3256 3366
3 3256 3257 3366
3 3366 3257 3367
3 3257 3258 3367
3 3367 3258 3368
3 3258 3259 3368
3 3368 3259 3369
3 3259 3260 3369
3 3369 3260 3370
3 3260 3261 3370
3 3370 3261 3371
3 3261 3262 3371
3 3371 3262 3372
3 3262 3263 3372
3 3372 3263 3373
3 3263 3264 3373
3 3373 3264 3374
3 3264 3265 3374
3 3374 3265 3375
3 3265 3266 3375
3 3375 3266 3376
3 3266 3267 3376
3 3376 3267 3377
3 3267 3268 3377
3 3377 3268 3378
3 3268 3269 3378
3 3378 3269 3379
3 3269 3270 3379
3 3379 3270 3380
3 3270 3271 3380
3 3380 3271 3381
3 3271 3272 3381
3 3381 3272 3382
3 3272 3273 3382
3 3382 3273 3383
3 3273 3274 3383
3 3383 3274 3384
3 3274 3275 3384
3 3384 3275 3385
3 3275 3276 3385
3 3385 3276 3386
3 3276 3277 3386
3 3386 3277 3387
3 3277 3278 3387
3 3387 3278 3388
3 3278 3279 3388
3 3388 3279 3389
3 3279 3280 3389
3 3389 3280 3390
3 3280 3281 3390
3 3390 3281 3391
3 3281 3282 3391
3 3283 3284 3392
3 3392 3284 3393
3 3284 3285 3393
3 3393 3285 3394
3 3285 3286 3394
3 3394 3286 3395
3 3286 3287 3395
3 3395 3287 3396
3 3287 3288 3396
3 3396 3288 3397
3 3288 3289 3397
3 3397 3289 3398
3 3289 3290 3398
3 3398 3290 3399
3 3290 3291 3399
3 3399 3291 3400
3 3291 3292 3400
3 3400 3292 3401
3 3292 3293 3401
3 3401 3293 3402
3 3293 3294 3402
3 3402 3294 3403
3 3294 3295 3403
3 3403 3295 3404
3 3295 3296 3404
3 3404 3296 3405
3 3296 3406 3405
3 3296 3297 3406
3 3297 3298 3406
3 3406 3298 3407
3 3298 3299 3407
3 3407 3299 3408
3 3299 3300 3408
3 3408 3300 3409
3 3300 3301 3409
3 3409 3301 3410
3 3301 3411 3410
3 3301 3302 3411
3 3302 3303 3411
3 3411 3303 3412
3 3303 3304 3412
3 3412 3304 3413
3 3304 3414 3413
3 3304 3305 3414
3 3305 3415 3414
3 3305 3306 3415
3 3306 3307 3415
3 3415 3307 3416
3 3307 3308 3416
3 3416 3308 3417
3 3308 3309 3417
3 3417 3309 3418
3 3309 3310 3418
3 3418 3310 3419
3 3310 3420 3419
3 3310 3311 3420
3 3311 3421 3420
3 3311 3312 3421
3 3312 3422 3421
3 3312 3313 3422
3 3313 3423 3422
3 3313 3314 3423
3 3314 3424 3423
3 3314 3315 3424
3 3315 3425 3424
3 3315 3316 3425
3 3316 3426 3425
3 3316 3317 3426
3 3317 3427 3426
3 3317 3318 3427
3 3318 3428 3427
3 3318 3319 3428
3 3319 3429 3428
3 3319 3320 3429
3 3320 3430 3429
3 3320 3321 3430
3 3321 3322 3430
3 3430 3322 3431
3 3322 3323 3431
3 3431 3323 3432
3 3323 3433 3432
3 3323 3324 3433
3 3324 3434 3433
3 3324 3325 3434
3 3325 3435 3434
3 3325 3326 3435
3 3326 3436 3435
3 3326 3327 3436
3 3327 3437 3436
3 3327 3328 3437
3 3328 3438 3437
3 3328 3329 3438
3 3329 3439 3438
3 3329 3330 3439
3 3330 3440 3439
3 3330 3331 3440
3 3331 3441 3440
3 3331 3332 3441
3 3332 3442 3441
3 3332 3333 3442
3 3333 3443 3442
3 3333 3334 3443
3 3334 3444 3443
3 3334 3335 3444
3 3335 3445 3444
3 3335 3336 3445
3 3336 3337 3445
3 3445 3337 3446
3 3337 3338 3446
3 3446 3338 3447
3 3338 3339 3447
3 3447 3339 3448
3 3339 3340 3448
3 3448 3340 3449
3 3340 3341 3449
3 3449 3341 3450
3 3341 3451 3450
3 3341 3342 3451
3 3342 3452 3451
3 3342 3343 3452
3 3343 3453 3452
3 3343 3344 3453
3 3344 3454 3453
3 3344 3345 3454
3 3345 3455 3454
3 3345 3346 3455
3 3346 3456 3455
3 3346 3347 3456
3 3347 3457 3456
3 3347 3348 3457
3 3348 3349 3457
3 3457 3349 3458
3 3349 3350 3458
3 3458 3350 3459
3 3350 3351 3459
3 3459 3351 3460
3 3351 3352 3460
3 3460 3352 3461
3 3352 3353 3461
3 3461 3353 3462
3 3353 3354 3462
3 3462 3354 3463
3 3354 3355 3463
3 3463 3355 3464
3 3355 3356 3464
3 3464 3356 3465
3 3356 3357 3465
3 3465 3357 3466
3 3357 3358 3466
3 3466 3358 3467
3 3358 3359 3467
3 3467 3359 3468
3 3359 3360 3468
3 3468 3360 3469
3 3360 3361 3469
3 3469 3361 3470
3 3361 3471 3470
3 3361 3362 3471
3 3362 3472 3471
3 3362 3363 3472
3 3363 3364 3472
3 3472 3364 3473
3 3364 3365 3473
3 3473 3365 3474
3 3365 3366 3474
3 3474 3366 3475
3 3366 3367 3475
3 3475 3367 3476
3 3367 3368 3476
3 3476 3368 3477
3 3368 3369 3477
3 3477 3369 3478
3 3369 3370 3478
3 3478 3370 3479
3 3370 3371 3479
3 3479 3371 3480
3 3371 3372 3480
3 3480 3372 3481
3 3372 3373 3481
3 3481 3373 3482
3 3373 3374 3482
3 3482 3374 3483
3 3374 3375 3483
3 3483 3375 3484
3 3375 3376 3484
3 3484 3376 3485
3 3376 3377 3485
3 3485 3377 3486
3 3377 3378 3486
3 3486 3378 3487
3 3378 3379 3487
3 3487 3379 3488
3 3379 3380 3488
3 3488 3380 3489
3 3380 3381 3489
3 3489 3381 3490
3 3381 3382 3490
3 3490 3382 3491
3 3382 3383 3491
3 3491 3383 3492
3 3383 3384 3492
3 3492 3384 3493
3 3384 3385 3493
3 3493 3385 3494
3 3385 3386 3494
3 3494 3386 3495
3 3386 3387 3495
3 3495 3387 3496
3 3387 3388 3496
3 3496 3388 3497
3 3388 3389 3497
3 3497 3389 3498
3 3389 3390 3498
3 3498 3390 3499
3 3390 3391 3499
3 3499 3391 3500
3 3392 3393 3501
3 3501 3393 3502
3 3393 3394 3502
3 3502 3394 3503
3 3394 3395 3503
3 3503 3395 3504
3 3395 3396 3504
3 3504 3396 3505
3 3396 3506 3505
3 3396 3397 3506
3 3397 3507 3506
3 3397 3398 3507
3 3398 3399 3507
3 3507 3399 3508
3 3399 3400 3508
3 3508 3400 3509
3 3400 3401 3509
3 3509 3401 3510
3 3401 3402 3510
3 3510 3402 3511
3 3402 3403 3511
3 3511 3403 3512
3 3403 3404 3512
3 3512 3404 3513
3 3404 3405 3513
3 3513 3405 3514
3 3405 3515 3514
3 3405 3406 3515
3 3406 3407 3515
3 3515 3407 3516
3 3407 3408 3516
3 3516 3408 3517
3 3408 3409 3517
3 3517 3409 3518
3 3409 3410 3518
3 3518 3410 3519
3 3410 3520 3519
3 3410 3411 3520
3 3411 3521 3520
3 3411 3412 3521
3 3412 3522 3521
3 3412 3413 3522
3 3413 3523 3522
3 3413 3414 3523
3 3414 3524 3523
3 3414 3415 3524
3 3415 3525 3524
3 3415 3416 3525
3 3416 3417 3525
3 3525 3417 3526
3 3417 3418 3526
3 3526 3418 3527
3 3418 3419 3527
3 3527 3419 3528
3 3419 3529 3528
3 3419 3420 3529
3 3420 3530 3529
3 3420 3421 3530
3 3421 3531 3530
3 3421 3422 3531
3 3422 3532 3531
3 3422 3423 3532
3 3423 3533 3532
3 3423 3424 3533
3 3424 3534 3533
3 3424 3425 3534
3 3425 3535 3534
3 3425 3426 3535
3 3426 3536 3535
3 3426 3427 3536
3 3427 3537 3536
3 3427 3428 3537
3 3428 3538 3537
3 3428 3429 3538
3 3429 3539 3538
3 3429 3430 3539
3 3430 3431 3539
3 3539 3431 3540
3 3431 3432 3540
3 3540 3432 3541
3 3432 3542 3541
3 3432 3433 3542
3 3433 3543 3542
3 3433 3434 3543
3 3434 3544 3543
3 3434 3435 3544
3 3435 3545 3544
3 3435 3436 3545
3 3436 3546 3545
3 3436 3437 3546
3 3437 3547 3546
3 3437 3438 3547
3 3438 3548 3547
3 3438 3439 3548
3 3439 3549 3548
3 3439 3440 3549
3 3440 3441 3549
3 3549 3441 3550
3 3441 3442 3550
3 3550 3442 3551
3 3442 3552 3551
3 3442 3443 3552
3 3443 3553 3552
3 3443 3444 3553
3 3444 3554 3553
3 3444 3445 3554
3 3445 3446 3554
3 3554 3446 3555
3 3446 3447 3555
3 3555 3447 3556
3 3447 3448 3556
3 3556 3448 3557
3 3448 3449 3557
3 3557 3449 3558
3 3449 3450 3558
3 3558 3450 3559
3 3450 3560 3559
3 3450 3451 3560
3 3451 3561 3560
3 3451 3452 3561
3 3452 3562 3561
3 3452 3453 3562
3 3453 3563 3562
3 3453 3454 3563
3 3454 3564 3563
3 3454 3455 3564
3 3455 3565 3564
3 3455 3456 3565
3 3456 3566 3565
3 3456 3457 3566
3 3457 3458 3566
3 3566 3458 3567
3 3458 3459 3567
3 3567 3459 3568
3 3459 3460 3568
3 3568 3460 3569
3 3460 3461 3569
3 3569 3461 3570
3 3461 3462 3570
3 3570 3462 3571
3 3462 3463 3571
3 3571 3463 3572
3 3463 3464 3572
3 3572 3464 3573
3 3464 3465 3573
3 3573 3465 3574
3 3465 3466 3574
3 3574 3466 3575
3 3466 3467 3575
3 3575 3467 3576
3 3467 3468 3576
3 3576 3468 3577
3 3468 3578 3577
3 3468 3469 3578
3 3469 3579 3578
3 3469 3470 3579
3 3470 3580 3579
3 3470 3471 3580
3 3471 3581 3580
3 3471 3472 3581
3 3472 3473 3581
3 3581 3473 3582
3 3473 3474 3582
3 3582 3474 3583
3 3474 3475 3583
3 3583 3475 3584
3 3475 3476 3584
3 3584 3476 3585
3 3476 3477 3585
3 3585 3477 3586
3 3477 3478 3586
3 3586 3478 3587
3 3478 3479 3587
3 3587 3479 3588
3 3479 3480 3588
3 3588 3480 3589
3 3480 3481 3589
3 3589 3481 3590
3 3481 3482 3590
3 3590 3482 3591
3 3482 3483 3591
3 3591 3483 3592
3 3483 3484 3592
3 3592 3484 3593
3 3484 3485 3593
3 3593 3485 3594
3 3485 3486 3594
3 3594 3486 3595
3 3486 3487 3595
3 3595 3487 3596
3 3487 3488 3596
3 3596 3488 3597
3 3488 3489 3597
3 3597 3489 3598
3 3489 3490 3598
3 3598 3490 3599
3 3490 3491 3599
3 3599 3491 3600
3 3491 3601 3600
3 3491 3492 3601
3 3492 3493 3601
3 3601 3493 3602
3 3493 3494 3602
3 3602 3494 3603
3 3494 3495 3603
3 3603 3495 3604
3 3495 3496 3604
3 3604 3496 3605
3 3496 3497 3605
3 3605 3497 3606
3 3497 3498 3606
3 3606 3498 3607
3 3498 3499 3607
3 3607 3499 3608
3 3499 3500 3608
3 3608 3500 3609
3 3501 3502 3610
3 3610 3502 3611
3 3502 3503 3611
3 3611 3503 3612
3 3503 3504 3612
3 3612 3504 3613
3 3504 3614 3613
3 3504 3505 3614
3 3505 3615 3614
3 3505 3506 3615
3 3506 3616 3615
3 3506 3507 3616
3 3507 3617 3616
3 3507 3508 3617
3 3508 3618 3617
3 3508 3509 3618
3 3509 3619 3618
3 3509 3510 3619
3 3510 3620 3619
3 3510 3511 3620
3 3511 3621 3620
3 3511 3512 3621
3 3512 3622 3621
3 3512 3513 3622
3 3513 3623 3622
3 3513 3514 3623
3 3514 3624 3623
3 3514 3515 3624
3 3515 3625 3624
3 3515 3516 3625
3 3516 3517 3625
3 3625 3517 3626
3 3517 3518 3626
3 3626 3518 3627
3 3518 3628 3627
3 3518 3519 3628
3 3519 3629 3628
3 3519 3520 3629
3 3520 3630 3629
3 3520 3521 3630
3 3521 3631 3630
3 3521 3522 3631
3 3522 3632 3631
3 3522 3523 3632
3 3523 3633 3632
3 3523 3524 3633
3 3524 3634 3633
3 3524 3525 3634
3 3525 3526 3634
3 3634 3526 3635
3 3526 3527 3635
3 3635 3527 3636
3 3527 3637 3636
3 3527 3528 3637
3 3528 3638 3637
3 3528 3529 3638
3 3529 3639 3638
3 3529 3530 3639
3 3530 3640 3639
3 3530 3531 3640
3 3531 3641 3640
3 3531 3532 3641
3 3532 3642 3641
3 3532 3533 3642
3 3533 3643 3642
3 3533 3534 3643
3 3534 3644 3643
3 3534 3535 3644
3 3535 3645 3644
3 3535 3536 3645
3 3536 3646 3645
3 3536 3537 3646
3 3537 3647 3646
3 3537 3538 3647
3 3538 3648 3647
3 3538 3539 3648
3 3539 3540 3648
3 3648 3540 3649
3 3540 3541 3649
3 3649 3541 3650
3 3541 3542 3650
3 3650 3542 3651
3 3542 3652 3651
3 3542 3543 3652
3 3543 3653 3652
3 3543 3544 3653
3 3544 3654 3653
3 3544 3545 3654
3 3545 3546 3654
3 3654 3546 3655
3 3546 3547 3655
3 3655 3547 3656
3 3547 3548 3656
3 3656 3548 3657
3 3548 3549 3657
3 3657 3549 3658
3 3549 3550 3658
3 3658 3550 3659
3 3550 3551 3659
3 3659 3551 3660
3 3551 3661 3660
3 3551 3552 3661
3 3552 3662 3661
3 3552 3553 3662
3 3553 3554 3662
3 3662 3554 3663
3 3554 3555 3663
3 3663 3555 3664
3 3555 3556 3664
3 3664 3556 3665
3 3556 3557 3665
3 3665 3557 3666
3 3557 3558 3666
3 3666 3558 3667
3 3558 3559 3667
3 3667 3559 3668
3 3559 3560 3668
3 3668 3560 3669
3 3560 3561 3669
3 3669 3561 3670
3 3561 3671 3670
3 3561 3562 3671
3 3562 3672 3671
3 3562 3563 3672
3 3563 3673 3672
3 3563 3564 3673
3 3564 3674 3673
3 3564 3565 3674
3 3565 3566 3674
3 3674 3566 3675
3 3566 3567 3675
3 3675 3567 3676
3 3567 3568 3676
3 3676 3568 3677
3 3568 3569 3677
3 3677 3569 3678
3 3569 3570 3678
3 3678 3570 3679
3 3570 3571 3679
3 3679 3571 3680
3 3571 3572 3680
3 3680 3572 3681
3 3572 3573 3681
3 3681 3573 3682
3 3573 3574 3682
3 3682 3574 3683
3 3574 3575 3683
3 3683 3575 3684
3 3575 3576 3684
3 3684 3576 3685
3 3576 3577 3685
3 3685 3577 3686
3 3577 3578 3686
3 3686 3578 3687
3 3578 3688 3687
3 3578 3579 3688
3 3579 3689 3688
3 3579 3580 3689
3 3580 3581 3689
3 3689 3581 3690
3 3581 3582 3690
3 3690 3582 3691
3 3582 3583 3691
3 3691 3583 3692
3 3583 3584 3692
3 3692 3584 3693
3 3584 3585 3693
3 3693 3585 3694
3 3585 3586 3694
3 3694 3586 3695
3 3586 3587 3695
3 3695 3587 3696
3 3587 3588 3696
3 3696 3588 3697
3 3588 3589 3697
3 3697 3589 3698
3 3589 3590 3698
3 3698 3590 3699
3 3590 3591 3699
3 3699 3591 3700
3 3591 3592 3700
3 3700 3592 3701
3 3592 3593 3701
3 3701 3593 3702
3 3593 3594 3702
3 3702 3594 3703
3 3594 3595 3703
3 3703 3595 3704
3 3595 3596 3704
3 3704 3596 3705
3 3596 3597 3705
3 3705 3597 3706
3 3597 3598 3706
3 3706 3598 3707
3 3598 3599 3707
3 3707 3599 3708
3 3599 3600 3708
3 3708 3600 3709
3 3600 3710 3709
3 3600 3601 3710
3 3601 3602 3710
3 3710 3602 3711
3 3602 3603 3711
3 3711 3603 3712
3 3603 3604 3712
3 3712 3604 3713
3 3604 3605 3713
3 3713 3605 3714
3 3605 3606 3714
3 3714 3606 3715
3 3606 3607 3715
3 3715 3607 3716
3 3607 3608 3716
3 3716 3608 3717
3 3608 3609 3717
3 3717 3609 3718
3 3610 3719 3720
3 3610 3611 3719
3 3611 3721 3719
3 3611 3612 3721
3 3612 3722 3721
3 3612 3613 3722
3 3613 3723 3722
3 3613 3614 3723
3 3614 3724 3723
3 3614 3615 3724
3 3615 3725 3724
3 3615 3616 3725
3 3616 3726 3725
3 3616 3617 3726
3 3617 3727 3726
3 3617 3618 3727
3 3618 3728 3727
3 3618 3619 3728
3 3619 3729 3728
3 3619 3620 3729
3 3620 3730 3729
3 3620 3621 3730
3 3621 3731 3730
3 3621 3622 3731
3 3622 3732 3731
3 3622 3623 3732
3 3623 3733 3732
3 3623 3624 3733
3 3624 3734 3733
3 3624 3625 3734
3 3625 3735 3734
3 3625 3626 3735
3 3626 3736 3735
3 3626 3627 3736
3 3627 3737 3736
3 3627 3628 3737
3 3628 3738 3737
3 3628 3629 3738
3 3629 3739 3738
3 3629 3630 3739
3 3630 3740 3739
3 3630 3631 3740
3 3631 3741 3740
3 3631 3632 3741
3 3632 3742 3741
3 3632 3633 3742
3 3633 3743 3742
3 3633 3634 3743
3 3634 3744 3743
3 3634 3635 3744
3 3635 3745 3744
3 3635 3636 3745
3 3636 3746 3745
3 3636 3637 3746
3 3637 3747 3746
3 3637 3638 3747
3 3638 3748 3747
3 3638 3639 3748
3 3639 3749 3748
3 3639 3640 3749
3 3640 3750 3749
3 3640 3641 3750
3 3641 3751 3750
3 3641 3642 3751
3 3642 3752 3751
3 3642 3643 3752
3 3643 3753 3752
3 3643 3644 3753
3 3644 3754 3753
3 3644 3645 3754
3 3645 3755 3754
3 3645 3646 3755
3 3646 3756 3755
3 3646 3647 3756
3 3647 3648 3756
3 3756 3648 3757
3 3648 3649 3757
3 3757 3649 3758
3 3649 3650 3758
3 3758 3650 3759
3 3650 3651 3759
3 3759 3651 3760
3 3651 3761 3760
3 3651 3652 3761
3 3652 3762 3761
3 3652 3653 3762
3 3653 3763 3762
3 3653 3654 3763
3 3654 3764 3763
3 3654 3655 3764
3 3655 3656 3764
3 3764 3656 3765
3 3656 3657 3765
3 3765 3657 3766
3 3657 3658 3766
3 3766 3658 3767
3 3658 3659 3767
3 3767 3659 3768
3 3659 3769 3768
3 3659 3660 3769
3 3660 3770 3769
3 3660 3661 3770
3 3661 3771 3770
3 3661 3662 3771
3 3662 3663 3771
3 3771 3663 3772
3 3663 3664 3772
3 3772 3664 3773
3 3664 3665 3773
3 3773 3665 3774
3 3665 3666 3774
3 3774 3666 3775
3 3666 3667 3775
3 3775 3667 3776
3 3667 3668 3776
3 3776 3668 3777
3 3668 3778 3777
3 3668 3669 3778
3 3669 3779 3778
3 3669 3670 3779
3 3670 3780 3779
3 3670 3671 3780
3 3671 3781 3780
3 3671 3672 3781
3 3672 3782 3781
3 3672 3673 3782
3 3673 3783 3782
3 3673 3674 3783
3 3674 3784 3783
3 3674 3675 3784
3 3675 3676 3784
3 3784 3676 3785
3 3676 3677 3785
3 3785 3677 3786
3 3677 3678 3786
3 3786 3678 3787
3 3678 3679 3787
3 3787 3679 3788
3 3679 3680 3788
3 3788 3680 3789
3 3680 3681 3789
3 3789 3681 3790
3 3681 3682 3790
3 3790 3682 3791
3 3682 3683 3791
3 3791 3683 3792
3 3683 3684 3792
3 3792 3684 3793
3 3684 3794 3793
3 3684 3685 3794
3 3685 3686 3794
3 3794 3686 3795
3 3686 3796 3795
3 3686 3687 3796
3 3687 3797 3796
3 3687 3688 3797
3 3688 3798 3797
3 3688 3689 3798
3 3689 3799 3798
3 3689 3690 3799
3 3690 3691 3799
3 3799 3691 3800
3 3691 3692 3800
3 3800 3692 3801
3 3692 3693 3801
3 3801 3693 3802
3 3693 3694 3802
3 3802 3694 3803
3 3694 3695 3803
3 3803 3695 3804
3 3695 3696 3804
3 3804 3696 3805
3 3696 3697 3805
3 3805 3697 3806
3 3697 3698 3806
3 3806 3698 3807
3 3698 3699 3807
3 3807 3699 3808
3 3699 3700 3808
3 3808 3700 3809
3 3700 3701 3809
3 3809 3701 3810
3 3701 3702 3810
3 3810 3702 3811
3 3702 3703 3811
3 3811 3703 3812
3 3703 3704 3812
3 3812 3704 3813
3 3704 3705 3813
3 3813 3705 3814
3 3705 3706 3814
3 3814 3706 3815
3 3706 3707 3815
3 3815 3707 3816
3 3707 3708 3816
3 3816 3708 3817
3 3708 3709 3817
3 3817 3709 3818
3 3709 3710 3818
3 3818 3710 3819
3 3710 3711 3819
3 3819 3711 3820
3 3711 3712 3820
3 3820 3712 3821
3 3712 3713 3821
3 3821 3713 3822
3 3713 3714 3822
3 3822 3714 3823
3 3714 3715 3823
3 3823 3715 3824
3 3715 3716 3824
3 3824 3716 3825
3 3716 3717 3825
3 3825 3717 3826
3 3717 3718 3826
3 3826 3718 3827
3 3720 3719 3828
3 3719 3829 3828
3 3719 3721 3829
3 3721 3830 3829
3 3721 3722 3830
3 3722 3831 3830
3 3722 3723 3831
3 3723 3832 3831
3 3723 3724 3832
3 3724 3833 3832
3 3724 3725 3833
3 3725 3834 3833
3 3725 3726 3834
3 3726 3835 3834
3 3726 3727 3835
3 3727 3836 3835
3 3727 3728 3836
3 3728 3837 3836
3 3728 3729 3837
3 3729 3838 3837
3 3729 3730 3838
3 3730 3839 3838
3 3730 3731 3839
3 3731 3840 3839
3 3731 3732 3840
3 3732 3841 3840
3 3732 3733 3841
3 3733 3842 3841
3 3733 3734 3842
3 3734 3843 3842
3 3734 3735 3843
3 3735 3844 3843
3 3735 3736 3844
3 3736 3845 3844
3 3736 3737 3845
3 3737 3846 3845
3 3737 3738 3846
3 3738 3847 3846
3 3738 3739 3847
3 3739 3848 3847
3 3739 3740 3848
3 3740 3849 3848
3 3740 3741 3849
3 3741 3850 3849
3 3741 3742 3850
3 3742 3851 3850
3 3742 3743 3851
3 3743 3852 3851
3 3743 3744 3852
3 3744 3853 3852
3 3744 3745 3853
3 3745 3854 3853
3 3745 3746 3854
3 3746 3855 3854
3 3746 3747 3855
3 3747 3856 3855
3 3747 3748 3856
3 3748 3857 3856
3 3748 3749 3857
3 3749 3858 3857
3 3749 3750 3858
3 3750 3859 3858
3 3750 3751 3859
3 3751 3860 3859
3 3751 3752 3860
3 3752 3861 3860
3 3752 3753 3861
3 3753 3862 3861
3 3753 3754 3862
3 3754 3863 3862
3 3754 3755 3863
3 3755 3864 3863
3 3755 3756 3864
3 3756 3757 3864
3 3864 3757 3865
3 3757 3758 3865
3 3865 3758 3866
3 3758 3759 3866
3 3866 3759 3867
3 3759 3868 3867
3 3759 3760 3868
3 3760 3869 3868
3 3760 3761 3869
3 3761 3870 3869
3 3761 3762 3870
3 3762 3871 3870
3 3762 3763 3871
3 3763 3872 3871
3 3763 3764 3872
3 3764 3765 3872
3 3872 3765 3873
3 3765 3766 3873
3 3873 3766 3874
3 3766 3767 3874
3 3874 3767 3875
3 3767 3768 3875
3 3875 3768 3876
3 3768 3877 3876
3 3768 3769 3877
3 3769 3878 3877
3 3769 3770 3878
3 3770 3879 3878
3 3770 3771 3879
3 3771 3880 3879
3 3771 3772 3880
3 3772 3773 3880
3 3880 3773 3881
3 3773 3774 3881
3 3881 3774 3882
3 3774 3775 3882
3 3882 3775 3883
3 3775 3776 3883
3 3883 3776 3884
3 3776 3777 3884
3 3884 3777 3885
3 3777 3886 3885
3 3777 3778 3886
3 3778 3887 3886
3 3778 3779 3887
3 3779 3888 3887
3 3779 3780 3888
3 3780 3889 3888
3 3780 3781 3889
3 3781 3890 3889
3 3781 3782 3890
3 3782 3891 3890
3 3782 3783 3891
3 3783 3892 3891
3 3783 3784 3892
3 3784 3785 3892
3 3892 3785 3893
3 3785 3786 3893
3 3893 3786 3894
3 3786 3787 3894
3 3894 3787 3895
3 3787 3896 3895
3 3787 3788 3896
3 3788 3789 3896
3 3896 3789 3897
3 3789 3790 3897
3 3897 3790 3898
3 3790 3791 3898
3 3898 3791 3899
3 3791 3792 3899
3 3899 3792 3900
3 3792 3793 3900
3 3900 3793 3901
3 3793 3902 3901
3 3793 3794 3902
3 3794 3795 3902
3 3902 3795 3903
3 3795 3904 3903
3 3795 3796 3904
3 3796 3905 3904
3 3796 3797 3905
3 3797 3906 3905
3 3797 3798 3906
3 3798 3907 3906
3 3798 3799 3907
3 3799 3800 3907
3 3907 3800 3908
3 3800 3801 3908
3 3908 3801 3909
3 3801 3802 3909
3 3909 3802 3910
3 3802 3803 3910
3 3910 3803 3911
3 3803 3804 3911
3 3911 3804 3912
3 3804 3805 3912
3 3912 3805 3913
3 3805 3806 3913
3 3913 3806 3914
3 3806 3915 3914
3 3806 3807 3915
3 3807 3808 3915
3 3915 3808 3916
3 3808 3809 3916
3 3916 3809 3917
3 3809 3810 3917
3 3917 3810 3918
3 3810 3811 3918
3 3918 3811 3919
3 3811 3812 3919
3 3919 3812 3920
3 3812 3813 3920
3 3920 3813 3921
3 3813 3814 3921
3 3921 3814 3922
3 3814 3815 3922
3 3922 3815 3923
3 3815 3816 3923
3 3923 3816 3924
3 3816 3817 3924
3 3924 3817 3925
3 3817 3818 3925
3 3925 3818 3926
3 3818 3819 3926
3 3926 3819 3927
3 3819 3820 3927
3 3927 3820 3928
3 3820 3821 3928
3 3928 3821 3929
3 3821 3822 3929
3 3929 3822 3930
3 3822 3823 3930
3 3930 3823 3931
3 3823 3824 3931
3 3931 3824 3932
3 3824 3825 3932
3 3932 3825 3933
3 3825 3826 3933
3 3933 3826 3934
3 3826 3827 3934
3 3828 3935 3936
3 3828 3829 3935
3 3829 3937 3935
3 3829 3830 3937
3 3830 3938 3937
3 3830 3831 3938
3 3831 3939 3938
3 3831 3832 3939
3 3832 3940 3939
3 3832 3833 3940
3 3833 3941 3940
3 3833 3834 3941
3 3834 3942 3941
3 3834 3835 3942
3 3835 3943 3942
3 3835 3836 3943
3 3836 3944 3943
3 3836 3837 3944
3 3837 3945 3944
3 3837 3838 3945
3 3838 3946 3945
3 3838 3839 3946
3 3839 3947 3946
3 3839 3840 3947
3 3840 3948 3947
3 3840 3841 3948
3 3841 3949 3948
3 3841 3842 3949
3 3842 3950 3949
3 3842 3843 3950
3 3843 3951 3950
3 3843 3844 3951
3 3844 3952 3951
3 3844 3845 3952
3 3845 3953 3952
3 3845 3846 3953
3 3846 3954 3953
3 3846 3847 3954
3 3847 3955 3954
3 3847 3848 3955
3 3848 3956 3955
3 3848 3849 3956
3 3849 3957 3956
3 3849 3850 3957
3 3850 3958 3957
3 3850 3851 3958
3 3851 3959 3958
3 3851 3852 3959
3 3852 3960 3959
3 3852 3853 3960
3 3853 3961 3960
3 3853 3854 3961
3 3854 3962 3961
3 3854 3855 3962
3 3855 3963 3962
3 3855 3856 3963
3 3856 3964 3963
3 3856 3857 3964
3 3857 3965 3964
3 3857 3858 3965
3 3858 3966 3965
3 3858 3859 3966
3 3859 3967 3966
3 3859 3860 3967
3 3860 3968 3967
3 3860 3861 3968
3 3861 3969 3968
3 3861 3862 3969
3 3862 3970 3969
3 3862 3863 3970
3 3863 3971 3970
3 3863 3864 3971
3 3864 3972 3971
3 3864 3865 3972
3 3865 3866 3972
3 3972 3866 3973
3 3866 3867 3973
3 3973 3867 3974
3 3867 3975 3974
3 3867 3868 3975
3 3868 3976 3975
3 3868 3869 3976
3 3869 3977 3976
3 3869 3870 3977
3 3870 3978 3977
3 3870 3871 3978
3 3871 3979 3978
3 3871 3872 3979
3 3872 3873 3979
3 3979 3873 3980
3 3873 3874 3980
3 3980 3874 3981
3 3874 3875 3981
3 3981 3875 3982
3 3875 3876 3982
3 3982 3876 3983
3 3876 3877 3983
3 3983 3877 3984
3 3877 3985 3984
3 3877 3878 3985
3 3878 3986 3985
3 3878 3879 3986
3 3879 3987 3986
3 3879 3880 3987
3 3880 3881 3987
3 3987 3881 3988
3 3881 3882 3988
3 3988 3882 3989
3 3882 3883 3989
3 3989 3883 3990
3 3883 3884 3990
3 3990 3884 3991
3 3884 3885 3991
3 3991 3885 3992
3 3885 3993 3992
3 3885 3886 3993
3 3886 3994 3993
3 3886 3887 3994
3 3887 3995 3994
3 3887 3888 3995
3 3888 3996 3995
3 3888 3889 3996
3 3889 3997 3996
3 3889 3890 3997
3 3890 3998 3997
3 3890 3891 3998
3 3891 3999 3998
3 3891 3892 3999
3 3892 3893 3999
3 3999 3893 4000
3 3893 3894 4000
3 4000 3894 4001
3 3894 3895 4001
3 4001 3895 4002
3 3895 4003 4002
3 3895 3896 4003
3 3896 3897 4003
3 4003 3897 4004
3 3897 3898 4004
3 4004 3898 4005
3 3898 3899 4005
3 4005 3899 4006
3 3899 3900 4006
3 4006 3900 4007
3 3900 4008 4007
3 3900 3901 4008
3 3901 4009 4008
3 3901 3902 4009
3 3902 4010 4009
3 3902 3903 4010
3 3903 4011 4010
3 3903 3904 4011
3 3904 4012 4011
3 3904 3905 4012
3 3905 4013 4012
3 3905 3906 4013
3 3906 4014 4013
3 3906 3907 4014
3 3907 3908 4014
3 4014 3908 4015
3 3908 3909 4015
3 4015 3909 4016
3 3909 3910 4016
3 4016 3910 4017
3 3910 3911 4017
3 4017 3911 4018
3 3911 3912 4018
3 4018 3912 4019
3 3912 3913 4019
3 4019 3913 4020
3 3913 3914 4020
3 4020 3914 4021
3 3914 4022 4021
3 3914 3915 4022
3 3915 3916 4022
3 4022 3916 4023
3 3916 3917 4023
3 4023 3917 4024
3 3917 3918 4024
3 4024 3918 4025
3 3918 3919 4025
3 4025 3919 4026
3 3919 3920 4026
3 4026 3920 4027
3 3920 3921 4027
3 4027 3921 4028
3 3921 3922 4028
3 4028 3922 4029
3 3922 3923 4029
3 4029 3923 4030
3 3923 3924 4030
3 4030 3924 4031
3 3924 3925 4031
3 4031 3925 4032
3 3925 3926 4032
3 4032 3926 4033
3 3926 3927 4033
3 4033 3927 4034
3 3927 3928 4034
3 4034 3928 4035
3 3928 3929 4035
3 4035 3929 4036
3 3929 3930 4036
3 4036 3930 4037
3 3930 3931 4037
3 4037 3931 4038
3 3931 3932 4038
3 4038 3932 4039
3 3932 3933 4039
3 4039 3933 4040
3 3933 3934 4040
3 4040 3934 4041
3 3936 3935 4042
3 3935 4043 4042
3 3935 3937 4043
3 3937 4044 4043
3 3937 3938 4044
3 3938 4045 4044
3 3938 3939 4045
3 3939 4046 4045
3 3939 3940 4046
3 3940 4047 4046
3 3940 3941 4047
3 3941 4048 4047
3 3941 3942 4048
3 3942 4049 4048
3 3942 3943 4049
3 3943 4050 4049
3 3943 3944 4050
3 3944 4051 4050
3 3944 3945 4051
3 3945 4052 4051
3 3945 3946 4052
3 3946 4053 4052
3 3946 3947 4053
3 3947 4054 4053
3 3947 3948 4054
3 3948 4055 4054
3 3948 3949 4055
3 3949 4056 4055
3 3949 3950 4056
3 3950 4057 4056
3 3950 3951 4057
3 3951 4058 4057
3 3951 3952 4058
3 3952 4059 4058
3 3952 3953 4059
3 3953 4060 4059
3 3953 3954 4060
3 3954 4061 4060
3 3954 3955 4061
3 3955 4062 4061
3 3955 3956 4062
3 3956 4063 4062
3 3956 3957 4063
3 3957 4064 4063
3 3957 3958 4064
3 3958 4065 4064
3 3958 3959 4065
3 3959 4066 4065
3 3959 3960 4066
3 3960 4067 4066
3 3960 3961 4067
3 3961 4068 4067
3 3961 3962 4068
3 3962 4069 4068
3 3962 3963 4069
3 3963 4070 4069
3 3963 3964 4070
3 3964 4071 4070
3 3964 3965 4071
3 3965 4072 4071
3 3965 3966 4072
3 3966 4073 4072
3 3966 3967 4073
3 3967 4074 4073
3 3967 3968 4074
3 3968 4075 4074
3 3968 3969 4075
3 3969 4076 4075
3 3969 3970 4076
3 3970 4077 4076
3 3970 3971 4077
3 3971 4078 4077
3 3971 3972 4078
3 3972 3973 4078
3 4078 3973 4079
3 3973 4080 4079
3 3973 3974 4080
3 3974 4081 4080
3 3974 3975 4081
3 3975 4082 4081
3 3975 3976 4082
3 3976 4083 4082
3 3976 3977 4083
3 3977 4084 4083
3 3977 3978 4084
3 3978 4085 4084
3 3978 3979 4085
3 3979 4086 4085
3 3979 3980 4086
3 3980 3981 4086
3 4086 3981 4087
3 3981 3982 4087
3 4087 3982 4088
3 3982 4089 4088
3 3982 3983 4089
3 3983 4090 4089
3 3983 3984 4090
3 3984 4091 4090
3 3984 3985 4091
3 3985 4092 4091
3 3985 3986 4092
3 3986 4093 4092
3 3986 3987 4093
3 3987 3988 4093
3 4093 3988 4094
3 3988 3989 4094
3 4094 3989 4095
3 3989 3990 4095
3 4095 3990 4096
3 3990 3991 4096
3 4096 3991 4097
3 3991 3992 4097
3 4097 3992 4098
3 3992 4099 4098
3 3992 3993 4099
3 3993 4100 4099
3 3993 3994 4100
3 3994 4101 4100
3 3994 3995 4101
3 3995 4102 4101
3 3995 3996 4102
3 3996 4103 4102
3 3996 3997 4103
3 3997 4104 4103
3 3997 3998 4104
3 3998 4105 4104
3 3998 3999 4105
3 3999 4000 4105
3 4105 4000 4106
3 4000 4001 4106
3 4106 4001 4107
3 4001 4108 4107
3 4001 4002 4108
3 4002 4109 4108
3 4002 4003 4109
3 4003 4004 4109
3 4109 4004 4110
3 4004 4005 4110
3 4110 4005 4111
3 4005 4112 4111
3 4005 4006 4112
3 4006 4007 4112
3 4112 4007 4113
3 4007 4114 4113
3 4007 4008 4114
3 4008 4115 4114
3 4008 4009 4115
3 4009 4116 4115
3 4009 4010 4116
3 4010 4117 4116
3 4010 4011 4117
3 4011 4118 4117
3 4011 4012 4118
3 4012 4119 4118
3 4012 4013 4119
3 4013 4120 4119
3 4013 4014 4120
3 4014 4121 4120
3 4014 4015 4121
3 4015 4016 4121
3 4121 4016 4122
3 4016 4017 4122
3 4122 4017 4123
3 4017 4018 4123
3 4123 4018 4124
3 4018 4019 4124
3 4124 4019 4125
3 4019 4020 4125
3 4125 4020 4126
3 4020 4127 4126
3 4020 4021 4127
3 4021 4128 4127
3 4021 4022 4128
3 4022 4023 4128
3 4128 4023 4129
3 4023 4024 4129
3 4129 4024 4130
3 4024 4025 4130
3 4130 4025 4131
3 4025 4026 4131
3 4131 4026 4132
3 4026 4027 4132
3 4132 4027 4133
3 4027 4134 4133
3 4027 4028 4134
3 4028 4029 4134
3 4134 4029 4135
3 4029 4030 4135
3 4135 4030 4136
3 4030 4031 4136
3 4136 4031 4137
3 4031 4032 4137
3 4137 4032 4138
3 4032 4033 4138
3 4138 4033 4139
3 4033 4140 4139
3 4033 4034 4140
3 4034 4035 4140
3 4140 4035 4141
3 4035 4036 4141
3 4141 4036 4142
3 4036 4037 4142
3 4142 4037 4143
3 4037 4038 4143
3 4143 4038 4144
3 4038 4039 4144
3 4144 4039 4145
3 4039 4040 4145
3 4145 4040 4146
3 4040 4041 4146
3 4146 4041 4147
3 4042 4148 4149
3 4042 4043 4148
3 4043 4150 4148
3 4043 4044 4150
3 4044 4151 4150
3 4044 4045 4151
3 4045 4152 4151
3 4045 4046 4152
3 4046 4153 4152
3 4046 4047 4153
3 4047 4154 4153
3 4047 4048 4154
3 4048 4155 4154
3 4048 4049 4155
3 4049 4156 4155
3 4049 4050 4156
3 4050 4157 4156
3 4050 4051 4157
3 4051 4158 4157
3 4051 4052 4158
3 4052 4159 4158
3 4052 4053 4159
3 4053 4160 4159
3 4053 4054 4160
3 4054 4161 4160
3 4054 4055 4161
3 4055 4162 4161
3 4055 4056 4162
3 4056 4163 4162
3 4056 4057 4163
3 4057 4164 4163
3 4057 4058 4164
3 4058 4165 4164
3 4058 4059 4165
3 4059 4166 4165
3 4059 4060 4166
3 4060 4167 4166
3 4060 4061 4167
3 4061 4168 4167
3 4061 4062 4168
3 4062 4169 4168
3 4062 4063 4169
3 4063 4170 4169
3 4063 4064 4170
3 4064 4171 4170
3 4064 4065 4171
3 4065 4172 4171
3 4065 4066 4172
3 4066 4173 4172
3 4066 4067 4173
3 4067 4174 4173
3 4067 4068 4174
3 4068 4175 4174
3 4068 4069 4175
3 4069 4176 4175
3 4069 4070 4176
3 4070 4177 4176
3 4070 4071 4177
3 4071 4178 4177
3 4071 4072 4178
3 4072 4179 4178
3 4072 4073 4179
3 4073 4180 4179
3 4073 4074 4180
3 4074 4181 4180
3 4074 4075 4181
3 4075 4182 4181
3 4075 4076 4182
3 4076 4183 4182
3 4076 4077 4183
3 4077 4184 4183
3 4077 4078 4184
3 4078 4185 4184
3 4078 4079 4185
3 4079 4186 4185
3 4079 4080 4186
3 4080 4187 4186
3 4080 4081 4187
3 4081 4188 4187
3 4081 4082 4188
3 4082 4189 4188
3 4082 4083 4189
3 4083 4190 4189
3 4083 4084 4190
3 4084 4191 4190
3 4084 4085 4191
3 4085 4192 4191
3 4085 4086 4192
3 4086 4193 4192
3 4086 4087 4193
3 4087 4194 4193
3 4087 4088 4194
3 4088 4195 4194
3 4088 4089 4195
3 4089 4196 4195
3 4089 4090 4196
3 4090 4197 4196
3 4090 4091 4197
3 4091 4198 4197
3 4091 4092 4198
3 4092 4199 4198
3 4092 4093 4199
3 4093 4200 4199
3 4093 4094 4200
3 4094 4201 4200
3 4094 4095 4201
3 4095 4202 4201
3 4095 4096 4202
3 4096 4097 4202
3 4202 4097 4203
3 4097 4204 4203
3 4097 4098 4204
3 4098 4205 4204
3 4098 4099 4205
3 4099 4206 4205
3 4099 4100 4206
3 4100 4207 4206
3 4100 4101 4207
3 4101 4208 4207
3 4101 4102 4208
3 4102 4209 4208
3 4102 4103 4209
3 4103 4210 4209
3 4103 4104 4210
3 4104 4211 4210
3 4104 4105 4211
3 4105 4212 4211
3 4105 4106 4212
3 4106 4213 4212
3 4106 4107 4213
3 4107 4214 4213
3 4107 4108 4214
3 4108 4215 4214
3 4108 4109 4215
3 4109 4216 4215
3 4109 4110 4216
3 4110 4217 4216
3 4110 4111 4217
3 4111 4218 4217
3 4111 4112 4218
3 4112 4219 4218
3 4112 4113 4219
3 4113 4220 4219
3 4113 4114 4220
3 4114 4221 4220
3 4114 4115 4221
3 4115 4222 4221
3 4115 4116 4222
3 4116 4223 4222
3 4116 4117 4223
3 4117 4224 4223
3 4117 4118 4224
3 4118 4225 4224
3 4118 4119 4225
3 4119 4226 4225
3 4119 4120 4226
3 4120 4227 4226
3 4120 4121 4227
3 4121 4122 4227
3 4227 4122 4228
3 4122 4229 4228
3 4122 4123 4229
3 4123 4124 4229
3 4229 4124 4230
3 4124 4125 4230
3 4230 4125 4231
3 4125 4126 4231
3 4231 4126 4232
3 4126 4233 4232
3 4126 4127 4233
3 4127 4234 4233
3 4127 4128 4234
3 4128 4129 4234
3 4234 4129 4235
3 4129 4130 4235
3 4235 4130 4236
3 4130 4237 4236
3 4130 4131 4237
3 4131 4238 4237
3 4131 4132 4238
3 4132 4239 4238
3 4132 4133 4239
3 4133 4240 4239
3 4133 4134 4240
3 4134 4241 4240
3 4134 4135 4241
3 4135 4136 4241
3 4241 4136 4242
3 4136 4137 4242
3 4242 4137 4243
3 4137 4138 4243
3 4243 4138 4244
3 4138 4245 4244
3 4138 4139 4245
3 4139 4246 4245
3 4139 4140 4246
3 4140 4247 4246
3 4140 4141 4247
3 4141 4142 4247
3 4247 4142 4248
3 4142 4143 4248
3 4248 4143 4249
3 4143 4144 4249
3 4249 4144 4250
3 4144 4145 4250
3 4250 4145 4251
3 4145 4146 4251
3 4251 4146 4252
3 4146 4147 4252
3 4149 4253 4254
3 4149 4148 4253
3 4148 4255 4253
3 4148 4150 4255
3 4150 4256 4255
3 4150 4151 4256
3 4151 4257 4256
3 4151 4152 4257
3 4152 4258 4257
3 4152 4153 4258
3 4153 4259 4258
3 4153 4154 4259
3 4154 4260 4259
3 4154 4155 4260
3 4155 4261 4260
3 4155 4156 4261
3 4156 4262 4261
3 4156 4157 4262
3 4157 4263 4262
3 4157 4158 4263
3 4158 4264 4263
3 4158 4159 4264
3 4159 4265 4264
3 4159 4160 4265
3 4160 4266 4265
3 4160 4161 4266
3 4161 4267 4266
3 4161 4162 4267
3 4162 4268 4267
3 4162 4163 4268
3 4163 4269 4268
3 4163 4164 4269
3 4164 4270 4269
3 4164 4165 4270
3 4165 4271 4270
3 4165 4166 4271
3 4166 4272 4271
3 4166 4167 4272
3 4167 4273 4272
3 4167 4168 4273
3 4168 4274 4273
3 4168 4169 4274
3 4169 4275 4274
3 4169 4170 4275
3 4170 4276 4275
3 4170 4171 4276
3 4171 4277 4276
3 4171 4172 4277
3 4172 4278 4277
3 4172 4173 4278
3 4173 4279 4278
3 4173 4174 4279
3 4174 4280 4279
3 4174 4175 4280
3 4175 4281 4280
3 4175 4176 4281
3 4176 4282 4281
3 4176 4177 4282
3 4177 4283 4282
3 4177 4178 4283
3 4178 4284 4283
3 4178 4179 4284
3 4179 4285 4284
3 4179 4180 4285
3 4180 4286 4285
3 4180 4181 4286
3 4181 4287 4286
3 4181 4182 4287
3 4182 4288 4287
3 4182 4183 4288
3 4183 4289 4288
3 4183 4184 4289
3 4184 4290 4289
3 4184 4185 4290
3 4185 4291 4290
3 4185 4186 4291
3 4186 4292 4291
3 4186 4187 4292
3 4187 4293 4292
3 4187 4188 4293
3 4188 4294 4293
3 4188 4189 4294
3 4189 4295 4294
3 4189 4190 4295
3 4190 4296 4295
3 4190 4191 4296
3 4191 4297 4296
3 4191 4192 4297
3 4192 4298 4297
3 4192 4193 4298
3 4193 4299 4298
3 4193 4194 4299
3 4194 4300 4299
3 4194 4195 4300
3 4195 4301 4300
3 4195 4196 4301
3 4196 4302 4301
3 4196 4197 4302
3 4197 4303 4302
3 4197 4198 4303
3 4198 4304 4303
3 4198 4199 4304
3 4199 4305 4304
3 4199 4200 4305
3 4200 4306 4305
3 4200 4201 4306
3 4201 4307 4306
3 4201 4202 4307
3 4202 4308 4307
3 4202 4203 4308
3 4203 4309 4308
3 4203 4204 4309
3 4204 4310 4309
3 4204 4205 4310
3 4205 4311 4310
3 4205 4206 4311
3 4206 4312 4311
3 4206 4207 4312
3 4207 4313 4312
3 4207 4208 4313
3 4208 4314 4313
3 4208 4209 4314
3 4209 4315 4314
3 4209 4210 4315
3 4210 4316 4315
3 4210 4211 4316
3 4211 4317 4316
3 4211 4212 4317
3 4212 4318 4317
3 4212 4213 4318
3 4213 4319 4318
3 4213 4214 4319
3 4214 4320 4319
3 4214 4215 4320
3 4215 4321 4320
3 4215 4216 4321
3 4216 4217 4321
3 4321 4217 4322
3 4217 4323 4322
3 4217 4218 4323
3 4218 4324 4323
3 4218 4219 4324
3 4219 4325 4324
3 4219 4220 4325
3 4220 4326 4325
3 4220 4221 4326
3 4221 4327 4326
3 4221 4222 4327
3 4222 4328 4327
3 4222 4223 4328
3 4223 4329 4328
3 4223 4224 4329
3 4224 4330 4329
3 4224 4225 4330
3 4225 4331 4330
3 4225 4226 4331
3 4226 4332 4331
3 4226 4227 4332
3 4227 4228 4332
3 4332 4228 4333
3 4228 4229 4333
3 4333 4229 4334
3 4229 4230 4334
3 4334 4230 4335
3 4230 4231 4335
3 4335 4231 4336
3 4231 4232 4336
3 4336 4232 4337
3 4232 4338 4337
3 4232 4233 4338
3 4233 4339 4338
3 4233 4234 4339
3 4234 4235 4339
3 4339 4235 4340
3 4235 4236 4340
3 4340 4236 4341
3 4236 4342 4341
3 4236 4237 4342
3 4237 4343 4342
3 4237 4238 4343
3 4238 4344 4343
3 4238 4239 4344
3 4239 4345 4344
3 4239 4240 4345
3 4240 4346 4345
3 4240 4241 4346
3 4241 4347 4346
3 4241 4242 4347
3 4242 4348 4347
3 4242 4243 4348
3 4243 4349 4348
3 4243 4244 4349
3 4244 4350 4349
3 4244 4245 4350
3 4245 4351 4350
3 4245 4246 4351
3 4246 4247 4351
3 4351 4247 4352
3 4247 4248 4352
3 4352 4248 4353
3 4248 4249 4353
3 4353 4249 4354
3 4249 4250 4354
3 4354 4250 4355
3 4250 4251 4355
3 4355 4251 4356
3 4251 4252 4356
3 4356 4252 4357
3 4254 4253 4358
3 4358 4253 4359
3 4253 4360 4359
3 4253 4255 4360
3 4255 4361 4360
3 4255 4256 4361
3 4256 4362 4361
3 4256 4257 4362
3 4257 4363 4362
3 4257 4258 4363
3 4258 4364 4363
3 4258 4259 4364
3 4259 4365 4364
3 4259 4260 4365
3 4260 4366 4365
3 4260 4261 4366
3 4261 4367 4366
3 4261 4262 4367
3 4262 4368 4367
3 4262 4263 4368
3 4263 4369 4368
3 4263 4264 4369
3 4264 4370 4369
3 4264 4265 4370
3 4265 4371 4370
3 4265 4266 4371
3 4266 4267 4371
3 4371 4267 4372
3 4267 4373 4372
3 4267 4268 4373
3 4268 4374 4373
3 4268 4269 4374
3 4269 4375 4374
3 4269 4270 4375
3 4270 4376 4375
3 4270 4271 4376
3 4271 4377 4376
3 4271 4272 4377
3 4272 4378 4377
3 4272 4273 4378
3 4273 4379 4378
3 4273 4274 4379
3 4274 4380 4379
3 4274 4275 4380
3 4275 4381 4380
3 4275 4276 4381
3 4276 4382 4381
3 4276 4277 4382
3 4277 4383 4382
3 4277 4278 4383
3 4278 4384 4383
3 4278 4279 4384
3 4279 4280 4384
3 4384 4280 4385
3 4280 4281 4385
3 4385 4281 4386
3 4281 4387 4386
3 4281 4282 4387
3 4282 4388 4387
3 4282 4283 4388
3 4283 4389 4388
3 4283 4284 4389
3 4284 4390 4389
3 4284 4285 4390
3 4285 4391 4390
3 4285 4286 4391
3 4286 4392 4391
3 4286 4287 4392
3 4287 4393 4392
3 4287 4288 4393
3 4288 4394 4393
3 4288 4289 4394
3 4289 4395 4394
3 4289 4290 4395
3 4290 4396 4395
3 4290 4291 4396
3 4291 4397 4396
3 4291 4292 4397
3 4292 4398 4397
3 4292 4293 4398
3 4293 4399 4398
3 4293 4294 4399
3 4294 4400 4399
3 4294 4295 4400
3 4295 4401 4400
3 4295 4296 4401
3 4296 4402 4401
3 4296 4297 4402
3 4297 4403 4402
3 4297 4298 4403
3 4298 4404 4403
3 4298 4299 4404
3 4299 4405 4404
3 4299 4300 4405
3 4300 4406 4405
3 4300 4301 4406
3 4301 4407 4406
3 4301 4302 4407
3 4302 4408 4407
3 4302 4303 4408
3 4303 4409 4408
3 4303 4304 4409
3 4304 4410 4409
3 4304 4305 4410
3 4305 4411 4410
3 4305 4306 4411
3 4306 4412 4411
3 4306 4307 4412
3 4307 4308 4412
3 4412 4308 4413
3 4308 4414 4413
3 4308 4309 4414
3 4309 4415 4414
3 4309 4310 4415
3 4310 4416 4415
3 4310 4311 4416
3 4311 4417 4416
3 4311 4312 4417
3 4312 4418 4417
3 4312 4313 4418
3 4313 4419 4418
3 4313 4314 4419
3 4314 4420 4419
3 4314 4315 4420
3 4315 4421 4420
3 4315 4316 4421
3 4316 4422 4421
3 4316 4317 4422
3 4317 4318 4422
3 4422 4318 4423
3 4318 4424 4423
3 4318 4319 4424
3 4319 4425 4424
3 4319 4320 4425
3 4320 4426 4425
3 4320 4321 4426
3 4321 4427 4426
3 4321 4322 4427
3 4322 4428 4427
3 4322 4323 4428
3 4323 4429 4428
3 4323 4324 4429
3 4324 4430 4429
3 4324 4325 4430
3 4325 4431 4430
3 4325 4326 4431
3 4326 4432 4431
3 4326 4327 4432
3 4327 4433 4432
3 4327 4328 4433
3 4328 4434 4433
3 4328 4329 4434
3 4329 4435 4434
3 4329 4330 4435
3 4330 4436 4435
3 4330 4331 4436
3 4331 4437 4436
3 4331 4332 4437
3 4332 4333 4437
3 4437 4333 4438
3 4333 4334 4438
3 4438 4334 4439
3 4334 4335 4439
3 4439 4335 4440
3 4335 4336 4440
3 4440 4336 4441
3 4336 4337 4441
3 4441 4337 4442
3 4337 4443 4442
3 4337 4338 4443
3 4338 4444 4443
3 4338 4339 4444
3 4339 4340 4444
3 4444 4340 4445
3 4340 4341 4445
3 4445 4341 4446
3 4341 4342 4446
3 4446 4342 4447
3 4342 4448 4447
3 4342 4343 4448
3 4343 4449 4448
3 4343 4344 4449
3 4344 4450 4449
3 4344 4345 4450
3 4345 4451 4450
3 4345 4346 4451
3 4346 4452 4451
3 4346 4347 4452
3 4347 4453 4452
3 4347 4348 4453
3 4348 4454 4453
3 4348 4349 4454
3 4349 4350 4454
3 4454 4350 4455
3 4350 4456 4455
3 4350 4351 4456
3 4351 4352 4456
3 4456 4352 4457
3 4352 4353 4457
3 4457 4353 4458
3 4353 4354 4458
3 4458 4354 4459
3 4354 4355 4459
3 4459 4355 4460
3 4355 4356 4460
3 4460 4356 4461
3 4356 4357 4461
3 4461 4357 4462
3 4357 4463 4462
3 4462 4463 4464
3 4465 4359 4466
3 4359 4467 4466
3 4359 4360 4467
3 4360 4468 4467
3 4360 4361 4468
3 4361 4469 4468
3 4361 4362 4469
3 4362 4470 4469
3 4362 4363 4470
3 4363 4364 4470
3 4470 4364 4471
3 4364 4472 4471
3 4364 4365 4472
3 4365 4473 4472
3 4365 4366 4473
3 4366 4367 4473
3 4473 4367 4474
3 4367 4475 4474
3 4367 4368 4475
3 4368 4476 4475
3 4368 4369 4476
3 4369 4477 4476
3 4369 4370 4477
3 4370 4478 4477
3 4370 4371 4478
3 4371 4372 4478
3 4478 4372 4479
3 4372 4373 4479
3 4479 4373 4480
3 4373 4481 4480
3 4373 4374 4481
3 4374 4482 4481
3 4374 4375 4482
3 4375 4483 4482
3 4375 4376 4483
3 4376 4484 4483
3 4376 4377 4484
3 4377 4485 4484
3 4377 4378 4485
3 4378 4486 4485
3 4378 4379 4486
3 4379 4487 4486
3 4379 4380 4487
3 4380 4488 4487
3 4380 4381 4488
3 4381 4489 4488
3 4381 4382 4489
3 4382 4490 4489
3 4382 4383 4490
3 4383 4491 4490
3 4383 4384 4491
3 4384 4385 4491
3 4491 4385 4492
3 4385 4386 4492
3 4492 4386 4493
3 4386 4494 4493
3 4386 4387 4494
3 4387 4495 4494
3 4387 4388 4495
3 4388 4496 4495
3 4388 4389 4496
3 4389 4497 4496
3 4389 4390 4497
3 4390 4498 4497
3 4390 4391 4498
3 4391 4499 4498
3 4391 4392 4499
3 4392 4500 4499
3 4392 4393 4500
3 4393 4501 4500
3 4393 4394 4501
3 4394 4395 4501
3 4501 4395 4502
3 4395 4503 4502
3 4395 4396 4503
3 4396 4504 4503
3 4396 4397 4504
3 4397 4505 4504
3 4397 4398 4505
3 4398 4506 4505
3 4398 4399 4506
3 4399 4507 4506
3 4399 4400 4507
3 4400 4508 4507
3 4400 4401 4508
3 4401 4509 4508
3 4401 4402 4509
3 4402 4510 4509
3 4402 4403 4510
3 4403 4511 4510
3 4403 4404 4511
3 4404 4512 4511
3 4404 4405 4512
3 4405 4513 4512
3 4405 4406 4513
3 4406 4514 4513
3 4406 4407 4514
3 4407 4515 4514
3 4407 4408 4515
3 4408 4516 4515
3 4408 4409 4516
3 4409 4517 4516
3 4409 4410 4517
3 4410 4411 4517
3 4517 4411 4518
3 4411 4412 4518
3 4518 4412 4519
3 4412 4413 4519
3 4519 4413 4520
3 4413 4521 4520
3 4413 4414 4521
3 4414 4522 4521
3 4414 4415 4522
3 4415 4523 4522
3 4415 4416 4523
3 4416 4524 4523
3 4416 4417 4524
3 4417 4525 4524
3 4417 4418 4525
3 4418 4526 4525
3 4418 4419 4526
3 4419 4527 4526
3 4419 4420 4527
3 4420 4528 4527
3 4420 4421 4528
3 4421 4529 4528
3 4421 4422 4529
3 4422 4423 4529
3 4529 4423 4530
3 4423 4531 4530
3 4423 4424 4531
3 4424 4532 4531
3 4424 4425 4532
3 4425 4533 4532
3 4425 4426 4533
3 4426 4534 4533
3 4426 4427 4534
3 4427 4535 4534
3 4427 4428 4535
3 4428 4536 4535
3 4428 4429 4536
3 4429 4537 4536
3 4429 4430 4537
3 4430 4538 4537
3 4430 4431 4538
3 4431 4539 4538
3 4431 4432 4539
3 4432 4540 4539
3 4432 4433 4540
3 4433 4541 4540
3 4433 4434 4541
3 4434 4542 4541
3 4434 4435 4542
3 4435 4543 4542
3 4435 4436 4543
3 4436 4544 4543
3 4436 4437 4544
3 4437 4438 4544
3 4544 4438 4545
3 4438 4439 4545
3 4545 4439 4546
3 4439 4440 4546
3 4546 4440 4547
3 4440 4441 4547
3 4547 4441 4548
3 4441 4442 4548
3 4548 4442 4549
3 4442 4550 4549
3 4442 4443 4550
3 4443 4551 4550
3 4443 4444 4551
3 4444 4445 4551
3 4551 4445 4552
3 4445 4446 4552
3 4552 4446 4553
3 4446 4554 4553
3 4446 4447 4554
3 4447 4555 4554
3 4447 4448 4555
3 4448 4556 4555
3 4448 4449 4556
3 4449 4557 4556
3 4449 4450 4557
3 4450 4558 4557
3 4450 4451 4558
3 4451 4559 4558
3 4451 4452 4559
3 4452 4560 4559
3 4452 4453 4560
3 4453 4454 4560
3 4560 4454 4561
3 4454 4455 4561
3 4561 4455 4562
3 4455 4563 4562
3 4455 4456 4563
3 4456 4457 4563
3 4563 4457 4564
3 4457 4458 4564
3 4564 4458 4565
3 4458 4459 4565
3 4565 4459 4566
3 4459 4460 4566
3 4566 4460 4567
3 4460 4461 4567
3 4567 4461 4568
3 4461 4462 4568
3 4568 4462 4569
3 4462 4464 4569
3 4569 4464 4570
3 4466 4571 4572
3 4466 4467 4571
3 4467 4573 4571
3 4467 4468 4573
3 4468 4574 4573
3 4468 4469 4574
3 4469 4575 4574
3 4469 4470 4575
3 4470 4471 4575
3 4575 4471 4576
3 4471 4577 4576
3 4471 4472 4577
3 4472 4578 4577
3 4472 4473 4578
3 4473 4579 4578
3 4473 4474 4579
3 4474 4580 4579
3 4474 4475 4580
3 4475 4581 4580
3 4475 4476 4581
3 4476 4582 4581
3 4476 4477 4582
3 4477 4583 4582
3 4477 4478 4583
3 4478 4479 4583
3 4583 4479 4584
3 4479 4480 4584
3 4584 4480 4585
3 4480 4586 4585
3 4480 4481 4586
3 4481 4587 4586
3 4481 4482 4587
3 4482 4588 4587
3 4482 4483 4588
3 4483 4589 4588
3 4483 4484 4589
3 4484 4590 4589
3 4484 4485 4590
3 4485 4591 4590
3 4485 4486 4591
3 4486 4592 4591
3 4486 4487 4592
3 4487 4593 4592
3 4487 4488 4593
3 4488 4594 4593
3 4488 4489 4594
3 4489 4595 4594
3 4489 4490 4595
3 4490 4596 4595
3 4490 4491 4596
3 4491 4492 4596
3 4596 4492 4597
3 4492 4598 4597
3 4492 4493 4598
3 4493 4599 4598
3 4493 4494 4599
3 4494 4600 4599
3 4494 4495 4600
3 4495 4601 4600
3 4495 4496 4601
3 4496 4602 4601
3 4496 4497 4602
3 4497 4603 4602
3 4497 4498 4603
3 4498 4604 4603
3 4498 4499 4604
3 4499 4605 4604
3 4499 4500 4605
3 4500 4606 4605
3 4500 4501 4606
3 4501 4502 4606
3 4606 4502 4607
3 4502 4608 4607
3 4502 4503 4608
3 4503 4609 4608
3 4503 4504 4609
3 4504 4610 4609
3 4504 4505 4610
3 4505 4611 4610
3 4505 4506 4611
3 4506 4612 4611
3 4506 4507 4612
3 4507 4613 4612
3 4507 4508 4613
3 4508 4614 4613
3 4508 4509 4614
3 4509 4615 4614
3 4509 4510 4615
3 4510 4616 4615
3 4510 4511 4616
3 4511 4617 4616
3 4511 4512 4617
3 4512 4618 4617
3 4512 4513 4618
3 4513 4619 4618
3 4513 4514 4619
3 4514 4620 4619
3 4514 4515 4620
3 4515 4621 4620
3 4515 4516 4621
3 4516 4622 4621
3 4516 4517 4622
3 4517 4623 4622
3 4517 4518 4623
3 4518 4624 4623
3 4518 4519 4624
3 4519 4520 4624
3 4624 4520 4625
3 4520 4626 4625
3 4520 4521 4626
3 4521 4627 4626
3 4521 4522 4627
3 4522 4628 4627
3 4522 4523 4628
3 4523 4629 4628
3 4523 4524 4629
3 4524 4630 4629
3 4524 4525 4630
3 4525 4631 4630
3 4525 4526 4631
3 4526 4632 4631
3 4526 4527 4632
3 4527 4633 4632
3 4527 4528 4633
3 4528 4634 4633
3 4528 4529 4634
3 4529 4635 4634
3 4529 4530 4635
3 4530 4636 4635
3 4530 4531 4636
3 4531 4637 4636
3 4531 4532 4637
3 4532 4638 4637
3 4532 4533 4638
3 4533 4639 4638
3 4533 4534 4639
3 4534 4640 4639
3 4534 4535 4640
3 4535 4641 4640
3 4535 4536 4641
3 4536 4642 4641
3 4536 4537 4642
3 4537 4643 4642
3 4537 4538 4643
3 4538 4644 4643
3 4538 4539 4644
3 4539 4645 4644
3 4539 4540 4645
3 4540 4646 4645
3 4540 4541 4646
3 4541 4647 4646
3 4541 4542 4647
3 4542 4648 4647
3 4542 4543 4648
3 4543 4649 4648
3 4543 4544 4649
3 4544 4545 4649
3 4649 4545 4650
3 4545 4651 4650
3 4545 4546 4651
3 4546 4547 4651
3 4651 4547 4652
3 4547 4548 4652
3 4652 4548 4653
3 4548 4549 4653
3 4653 4549 4654
3 4549 4655 4654
3 4549 4550 4655
3 4550 4656 4655
3 4550 4551 4656
3 4551 4552 4656
3 4656 4552 4657
3 4552 4658 4657
3 4552 4553 4658
3 4553 4659 4658
3 4553 4554 4659
3 4554 4660 4659
3 4554 4555 4660
3 4555 4661 4660
3 4555 4556 4661
3 4556 4662 4661
3 4556 4557 4662
3 4557 4663 4662
3 4557 4558 4663
3 4558 4664 4663
3 4558 4559 4664
3 4559 4665 4664
3 4559 4560 4665
3 4560 4666 4665
3 4560 4561 4666
3 4561 4562 4666
3 4666 4562 4667
3 4562 4668 4667
3 4562 4563 4668
3 4563 4564 4668
3 4668 4564 4669
3 4564 4565 4669
3 4669 4565 4670
3 4565 4566 4670
3 4670 4566 4671
3 4566 4567 4671
3 4671 4567 4672
3 4567 4568 4672
3 4672 4568 4673
3 4568 4569 4673
3 4673 4569 4674
3 4569 4570 4674
3 4674 4570 4675
3 4572 4676 4677
3 4572 4571 4676
3 4571 4678 4676
3 4571 4573 4678
3 4573 4679 4678
3 4573 4574 4679
3 4574 4575 4679
3 4679 4575 4680
3 4575 4576 4680
3 4680 4576 4681
3 4576 4577 4681
3 4681 4577 4682
3 4577 4578 4682
3 4682 4578 4683
3 4578 4579 4683
3 4683 4579 4684
3 4579 4580 4684
3 4684 4580 4685
3 4580 4686 4685
3 4580 4581 4686
3 4581 4687 4686
3 4581 4582 4687
3 4582 4688 4687
3 4582 4583 4688
3 4583 4584 4688
3 4688 4584 4689
3 4584 4585 4689
3 4689 4585 4690
3 4585 4691 4690
3 4585 4586 4691
3 4586 4692 4691
3 4586 4587 4692
3 4587 4693 4692
3 4587 4588 4693
3 4588 4694 4693
3 4588 4589 4694
3 4589 4695 4694
3 4589 4590 4695
3 4590 4696 4695
3 4590 4591 4696
3 4591 4697 4696
3 4591 4592 4697
3 4592 4698 4697
3 4592 4593 4698
3 4593 4699 4698
3 4593 4594 4699
3 4594 4700 4699
3 4594 4595 4700
3 4595 4701 4700
3 4595 4596 4701
3 4596 4597 4701
3 4701 4597 4702
3 4597 4598 4702
3 4702 4598 4703
3 4598 4704 4703
3 4598 4599 4704
3 4599 4705 4704
3 4599 4600 4705
3 4600 4706 4705
3 4600 4601 4706
3 4601 4707 4706
3 4601 4602 4707
3 4602 4708 4707
3 4602 4603 4708
3 4603 4709 4708
3 4603 4604 4709
3 4604 4710 4709
3 4604 4605 4710
3 4605 4711 4710
3 4605 4606 4711
3 4606 4607 4711
3 4711 4607 4712
3 4607 4713 4712
3 4607 4608 4713
3 4608 4714 4713
3 4608 4609 4714
3 4609 4715 4714
3 4609 4610 4715
3 4610 4716 4715
3 4610 4611 4716
3 4611 4717 4716
3 4611 4612 4717
3 4612 4718 4717
3 4612 4613 4718
3 4613 4614 4718
3 4718 4614 4719
3 4614 4615 4719
3 4719 4615 4720
3 4615 4616 4720
3 4720 4616 4721
3 4616 4722 4721
3 4616 4617 4722
3 4617 4723 4722
3 4617 4618 4723
3 4618 4724 4723
3 4618 4619 4724
3 4619 4725 4724
3 4619 4620 4725
3 4620 4726 4725
3 4620 4621 4726
3 4621 4727 4726
3 4621 4622 4727
3 4622 4623 4727
3 4727 4623 4728
3 4623 4624 4728
3 4728 4624 4729
3 4624 4625 4729
3 4729 4625 4730
3 4625 4731 4730
3 4625 4626 4731
3 4626 4732 4731
3 4626 4627 4732
3 4627 4733 4732
3 4627 4628 4733
3 4628 4734 4733
3 4628 4629 4734
3 4629 4735 4734
3 4629 4630 4735
3 4630 4736 4735
3 4630 4631 4736
3 4631 4737 4736
3 4631 4632 4737
3 4632 4738 4737
3 4632 4633 4738
3 4633 4634 4738
3 4738 4634 4739
3 4634 4635 4739
3 4739 4635 4740
3 4635 4741 4740
3 4635 4636 4741
3 4636 4742 4741
3 4636 4637 4742
3 4637 4743 4742
3 4637 4638 4743
3 4638 4744 4743
3 4638 4639 4744
3 4639 4640 4744
3 4744 4640 4745
3 4640 4641 4745
3 4745 4641 4746
3 4641 4747 4746
3 4641 4642 4747
3 4642 4748 4747
3 4642 4643 4748
3 4643 4749 4748
3 4643 4644 4749
3 4644 4750 4749
3 4644 4645 4750
3 4645 4751 4750
3 4645 4646 4751
3 4646 4752 4751
3 4646 4647 4752
3 4647 4753 4752
3 4647 4648 4753
3 4648 4649 4753
3 4753 4649 4754
3 4649 4650 4754
3 4754 4650 4755
3 4650 4756 4755
3 4650 4651 4756
3 4651 4652 4756
3 4756 4652 4757
3 4652 4653 4757
3 4757 4653 4758
3 4653 4654 4758
3 4758 4654 4759
3 4654 4760 4759
3 4654 4655 4760
3 4655 4761 4760
3 4655 4656 4761
3 4656 4657 4761
3 4761 4657 4762
3 4657 4658 4762
3 4762 4658 4763
3 4658 4659 4763
3 4763 4659 4764
3 4659 4660 4764
3 4764 4660 4765
3 4660 4661 4765
3 4765 4661 4766
3 4661 4767 4766
3 4661 4662 4767
3 4662 4768 4767
3 4662 4663 4768
3 4663 4769 4768
3 4663 4664 4769
3 4664 4770 4769
3 4664 4665 4770
3 4665 4666 4770
3 4770 4666 4771
3 4666 4667 4771
3 4771 4667 4772
3 4667 4773 4772
3 4667 4668 4773
3 4668 4669 4773
3 4773 4669 4774
3 4669 4670 4774
3 4774 4670 4775
3 4670 4671 4775
3 4775 4671 4776
3 4671 4672 4776
3 4776 4672 4777
3 4672 4673 4777
3 4777 4673 4778
3 4673 4674 4778
3 4778 4674 4779
3 4674 4675 4779
3 4779 4675 4780
3 4781 4677 4782
3 4677 4783 4782
3 4677 4676 4783
3 4676 4784 4783
3 4676 4678 4784
3 4678 4679 4784
3 4784 4679 4785
3 4679 4680 4785
3 4785 4680 4786
3 4680 4681 4786
3 4786 4681 4787
3 4681 4682 4787
3 4787 4682 4788
3 4682 4683 4788
3 4788 4683 4789
3 4683 4684 4789
3 4789 4684 4790
3 4684 4685 4790
3 4790 4685 4791
3 4685 4792 4791
3 4685 4686 4792
3 4686 4793 4792
3 4686 4687 4793
3 4687 4794 4793
3 4687 4688 4794
3 4688 4689 4794
3 4794 4689 4795
3 4689 4690 4795
3 4795 4690 4796
3 4690 4797 4796
3 4690 4691 4797
3 4691 4798 4797
3 4691 4692 4798
3 4692 4799 4798
3 4692 4693 4799
3 4693 4800 4799
3 4693 4694 4800
3 4694 4801 4800
3 4694 4695 4801
3 4695 4802 4801
3 4695 4696 4802
3 4696 4803 4802
3 4696 4697 4803
3 4697 4804 4803
3 4697 4698 4804
3 4698 4805 4804
3 4698 4699 4805
3 4699 4806 4805
3 4699 4700 4806
3 4700 4807 4806
3 4700 4701 4807
3 4701 4702 4807
3 4807 4702 4808
3 4702 4703 4808
3 4808 4703 4809
3 4703 4810 4809
3 4703 4704 4810
3 4704 4811 4810
3 4704 4705 4811
3 4705 4812 4811
3 4705 4706 4812
3 4706 4813 4812
3 4706 4707 4813
3 4707 4814 4813
3 4707 4708 4814
3 4708 4815 4814
3 4708 4709 4815
3 4709 4816 4815
3 4709 4710 4816
3 4710 4711 4816
3 4816 4711 4817
3 4711 4712 4817
3 4817 4712 4818
3 4712 4713 4818
3 4818 4713 4819
3 4713 4820 4819
3 4713 4714 4820
3 4714 4821 4820
3 4714 4715 4821
3 4715 4822 4821
3 4715 4716 4822
3 4716 4823 4822
3 4716 4717 4823
3 4717 4824 4823
3 4717 4718 4824
3 4718 4719 4824
3 4824 4719 4825
3 4719 4720 4825
3 4825 4720 4826
3 4720 4721 4826
3 4826 4721 4827
3 4721 4722 4827
3 4827 4722 4828
3 4722 4829 4828
3 4722 4723 4829
3 4723 4830 4829
3 4723 4724 4830
3 4724 4831 4830
3 4724 4725 4831
3 4725 4832 4831
3 4725 4726 4832
3 4726 4727 4832
3 4832 4727 4833
3 4727 4728 4833
3 4833 4728 4834
3 4728 4729 4834
3 4834 4729 4835
3 4729 4730 4835
3 4835 4730 4836
3 4730 4731 4836
3 4836 4731 4837
3 4731 4838 4837
3 4731 4732 4838
3 4732 4839 4838
3 4732 4733 4839
3 4733 4840 4839
3 4733 4734 4840
3 4734 4841 4840
3 4734 4735 4841
3 4735 4842 4841
3 4735 4736 4842
3 4736 4843 4842
3 4736 4737 4843
3 4737 4844 4843
3 4737 4738 4844
3 4738 4739 4844
3 4844 4739 4845
3 4739 4740 4845
3 4845 4740 4846
3 4740 4741 4846
3 4846 4741 4847
3 4741 4848 4847
3 4741 4742 4848
3 4742 4849 4848
3 4742 4743 4849
3 4743 4850 4849
3 4743 4744 4850
3 4744 4745 4850
3 4850 4745 4851
3 4745 4746 4851
3 4851 4746 4852
3 4746 4747 4852
3 4852 4747 4853
3 4747 4854 4853
3 4747 4748 4854
3 4748 4855 4854
3 4748 4749 4855
3 4749 4856 4855
3 4749 4750 4856
3 4750 4857 4856
3 4750 4751 4857
3 4751 4858 4857
3 4751 4752 4858
3 4752 4859 4858
3 4752 4753 4859
3 4753 4754 4859
3 4859 4754 4860
3 4754 4755 4860
3 4860 4755 4861
3 4755 4756 4861
3 4861 4756 4862
3 4756 4757 4862
3 4862 4757 4863
3 4757 4758 4863
3 4863 4758 4864
3 4758 4759 4864
3 4864 4759 4865
3 4759 4760 4865
3 4865 4760 4866
3 4760 4761 4866
3 4866 4761 4867
3 4761 4762 4867
3 4867 4762 4868
3 4762 4763 4868
3 4868 4763 4869
3 4763 4764 4869
3 4869 4764 4870
3 4764 4765 4870
3 4870 4765 4871
3 4765 4766 4871
3 4871 4766 4872
3 4766 4873 4872
3 4766 4767 4873
3 4767 4874 4873
3 4767 4768 4874
3 4768 4769 4874
3 4874 4769 4875
3 4769 4770 4875
3 4875 4770 4876
3 4770 4771 4876
3 4876 4771 4877
3 4771 4772 4877
3 4877 4772 4878
3 4772 4773 4878
3 4878 4773 4879
3 4773 4774 4879
3 4879 4774 4880
3 4774 4775 4880
3 4880 4775 4881
3 4775 4776 4881
3 4881 4776 4882
3 4776 4777 4882
3 4882 4777 4883
3 4777 4778 4883
3 4883 4778 4884
3 4778 4779 4884
3 4884 4779 4885
3 4779 4780 4885
3 4781 4886 4887
3 4781 4782 4886
3 4782 4888 4886
3 4782 4783 4888
3 4783 4889 4888
3 4783 4784 4889
3 4784 4890 4889
3 4784 4785 4890
3 4785 4786 4890
3 4890 4786 4891
3 4786 4787 4891
3 4891 4787 4892
3 4787 4788 4892
3 4892 4788 4893
3 4788 4789 4893
3 4893 4789 4894
3 4789 4790 4894
3 4894 4790 4895
3 4790 4896 4895
3 4790 4791 4896
3 4791 4897 4896
3 4791 4792 4897
3 4792 4898 4897
3 4792 4793 4898
3 4793 4899 4898
3 4793 4794 4899
3 4794 4795 4899
3 4899 4795 4900
3 4795 4796 4900
3 4900 4796 4901
3 4796 4902 4901
3 4796 4797 4902
3 4797 4903 4902
3 4797 4798 4903
3 4798 4904 4903
3 4798 4799 4904
3 4799 4905 4904
3 4799 4800 4905
3 4800 4906 4905
3 4800 4801 4906
3 4801 4907 4906
3 4801 4802 4907
3 4802 4908 4907
3 4802 4803 4908
3 4803 4909 4908
3 4803 4804 4909
3 4804 4910 4909
3 4804 4805 4910
3 4805 4911 4910
3 4805 4806 4911
3 4806 4912 4911
3 4806 4807 4912
3 4807 4808 4912
3 4912 4808 4913
3 4808 4809 4913
3 4913 4809 4914
3 4809 4915 4914
3 4809 4810 4915
3 4810 4916 4915
3 4810 4811 4916
3 4811 4917 4916
3 4811 4812 4917
3 4812 4918 4917
3 4812 4813 4918
3 4813 4919 4918
3 4813 4814 4919
3 4814 4920 4919
3 4814 4815 4920
3 4815 4921 4920
3 4815 4816 4921
3 4816 4817 4921
3 4921 4817 4922
3 4817 4818 4922
3 4922 4818 4923
3 4818 4924 4923
3 4818 4819 4924
3 4819 4925 4924
3 4819 4820 4925
3 4820 4926 4925
3 4820 4821 4926
3 4821 4927 4926
3 4821 4822 4927
3 4822 4928 4927
3 4822 4823 4928
3 4823 4824 4928
3 4928 4824 4929
3 4824 4825 4929
3 4929 4825 4930
3 4825 4826 4930
3 4930 4826 4931
3 4826 4827 4931
3 4931 4827 4932
3 4827 4828 4932
3 4932 4828 4933
3 4828 4934 4933
3 4828 4829 4934
3 4829 4935 4934
3 4829 4830 4935
3 4830 4936 4935
3 4830 4831 4936
3 4831 4937 4936
3 4831 4832 4937
3 4832 4833 4937
3 4937 4833 4938
3 4833 4834 4938
3 4938 4834 4939
3 4834 4835 4939
3 4939 4835 4940
3 4835 4836 4940
3 4940 4836 4941
3 4836 4837 4941
3 4941 4837 4942
3 4837 4943 4942
3 4837 4838 4943
3 4838 4944 4943
3 4838 4839 4944
3 4839 4945 4944
3 4839 4840 4945
3 4840 4946 4945
3 4840 4841 4946
3 4841 4947 4946
3 4841 4842 4947
3 4842 4948 4947
3 4842 4843 4948
3 4843 4949 4948
3 4843 4844 4949
3 4844 4845 4949
3 4949 4845 4950
3 4845 4846 4950
3 4950 4846 4951
3 4846 4847 4951
3 4951 4847 4952
3 4847 4953 4952
3 4847 4848 4953
3 4848 4849 4953
3 4953 4849 4954
3 4849 4850 4954
3 4954 4850 4955
3 4850 4851 4955
3 4955 4851 4956
3 4851 4852 4956
3 4956 4852 4957
3 4852 4853 4957
3 4957 4853 4958
3 4853 4959 4958
3 4853 4854 4959
3 4854 4960 4959
3 4854 4855 4960
3 4855 4961 4960
3 4855 4856 4961
3 4856 4962 4961
3 4856 4857 4962
3 4857 4963 4962
3 4857 4858 4963
3 4858 4964 4963
3 4858 4859 4964
3 4859 4860 4964
3 4964 4860 4965
3 4860 4861 4965
3 4965 4861 4966
3 4861 4862 4966
3 4966 4862 4967
3 4862 4863 4967
3 4967 4863 4968
3 4863 4864 4968
3 4968 4864 4969
3 4864 4865 4969
3 4969 4865 4970
3 4865 4866 4970
3 4970 4866 4971
3 4866 4867 4971
3 4971 4867 4972
3 4867 4868 4972
3 4972 4868 4973
3 4868 4869 4973
3 4973 4869 4974
3 4869 4870 4974
3 4974 4870 4975
3 4870 4871 4975
3 4975 4871 4976
3 4871 4872 4976
3 4976 4872 4977
3 4872 4873 4977
3 4977 4873 4978
3 4873 4979 4978
3 4873 4874 4979
3 4874 4875 4979
3 4979 4875 4980
3 4875 4876 4980
3 4980 4876 4981
3 4876 4877 4981
3 4981 4877 4982
3 4877 4878 4982
3 4982 4878 4983
3 4878 4879 4983
3 4983 4879 4984
3 4879 4880 4984
3 4984 4880 4985
3 4880 4881 4985
3 4985 4881 4986
3 4881 4882 4986
3 4986 4882 4987
3 4882 4883 4987
3 4987 4883 4988
3 4883 4884 4988
3 4988 4884 4989
3 4884 4885 4989
3 4989 4885 4990
3 4885 4991 4990
3 4992 4886 4993
3 4886 4994 4993
3 4886 4888 4994
3 4888 4995 4994
3 4888 4889 4995
3 4889 4996 4995
3 4889 4890 4996
3 4890 4891 4996
3 4996 4891 4997
3 4891 4892 4997
3 4997 4892 4998
3 4892 4893 4998
3 4998 4893 4999
3 4893 4894 4999
3 4999 4894 5000
3 4894 4895 5000
3 5000 4895 5001
3 4895 5002 5001
3 4895 4896 5002
3 4896 5003 5002
3 4896 4897 5003
3 4897 5004 5003
3 4897 4898 5004
3 4898 5005 5004
3 4898 4899 5005
3 4899 4900 5005
3 5005 4900 5006
3 4900 4901 5006
3 5006 4901 5007
3 4901 5008 5007
3 4901 4902 5008
3 4902 5009 5008
3 4902 4903 5009
3 4903 5010 5009
3 4903 4904 5010
3 4904 5011 5010
3 4904 4905 5011
3 4905 5012 5011
3 4905 4906 5012
3 4906 5013 5012
3 4906 4907 5013
3 4907 5014 5013
3 4907 4908 5014
3 4908 5015 5014
3 4908 4909 5015
3 4909 5016 5015
3 4909 4910 5016
3 4910 5017 5016
3 4910 4911 5017
3 4911 5018 5017
3 4911 4912 5018
3 4912 4913 5018
3 5018 4913 5019
3 4913 4914 5019
3 5019 4914 5020
3 4914 5021 5020
3 4914 4915 5021
3 4915 5022 5021
3 4915 4916 5022
3 4916 5023 5022
3 4916 4917 5023
3 4917 5024 5023
3 4917 4918 5024
3 4918 5025 5024
3 4918 4919 5025
3 4919 5026 5025
3 4919 4920 5026
3 4920 5027 5026
3 4920 4921 5027
3 4921 5028 5027
3 4921 4922 5028
3 4922 4923 5028
3 5028 4923 5029
3 4923 5030 5029
3 4923 4924 5030
3 4924 5031 5030
3 4924 4925 5031
3 4925 5032 5031
3 4925 4926 5032
3 4926 5033 5032
3 4926 4927 5033
3 4927 5034 5033
3 4927 4928 5034
3 4928 4929 5034
3 5034 4929 5035
3 4929 4930 5035
3 5035 4930 5036
3 4930 4931 5036
3 5036 4931 5037
3 4931 4932 5037
3 5037 4932 5038
3 4932 4933 5038
3 5038 4933 5039
3 4933 5040 5039
3 4933 4934 5040
3 4934 5041 5040
3 4934 4935 5041
3 4935 5042 5041
3 4935 4936 5042
3 4936 5043 5042
3 4936 4937 5043
3 4937 5044 5043
3 4937 4938 5044
3 4938 4939 5044
3 5044 4939 5045
3 4939 4940 5045
3 5045 4940 5046
3 4940 4941 5046
3 5046 4941 5047
3 4941 4942 5047
3 5047 4942 5048
3 4942 5049 5048
3 4942 4943 5049
3 4943 5050 5049
3 4943 4944 5050
3 4944 5051 5050
3 4944 4945 5051
3 4945 5052 5051
3 4945 4946 5052
3 4946 5053 5052
3 4946 4947 5053
3 4947 5054 5053
3 4947 4948 5054
3 4948 5055 5054
3 4948 4949 5055
3 4949 4950 5055
3 5055 4950 5056
3 4950 4951 5056
3 5056 4951 5057
3 4951 5058 5057
3 4951 4952 5058
3 4952 5059 5058
3 4952 4953 5059
3 4953 5060 5059
3 4953 4954 5060
3 4954 5061 5060
3 4954 4955 5061
3 4955 5062 5061
3 4955 4956 5062
3 4956 4957 5062
3 5062 4957 5063
3 4957 4958 5063
3 5063 4958 5064
3 4958 5065 5064
3 4958 4959 5065
3 4959 5066 5065
3 4959 4960 5066
3 4960 5067 5066
3 4960 4961 5067
3 4961 5068 5067
3 4961 4962 5068
3 4962 5069 5068
3 4962 4963 5069
3 4963 5070 5069
3 4963 4964 5070
3 4964 5071 5070
3 4964 4965 5071
3 4965 4966 5071
3 5071 4966 5072
3 4966 4967 5072
3 5072 4967 5073
3 4967 4968 5073
3 5073 4968 5074
3 4968 4969 5074
3 5074 4969 5075
3 4969 4970 5075
3 5075 4970 5076
3 4970 4971 5076
3 5076 4971 5077
3 4971 4972 5077
3 5077 4972 5078
3 4972 4973 5078
3 5078 4973 5079
3 4973 4974 5079
3 5079 4974 5080
3 4974 4975 5080
3 5080 4975 5081
3 4975 4976 5081
3 5081 4976 5082
3 4976 4977 5082
3 5082 4977 5083
3 4977 5084 5083
3 4977 4978 5084
3 4978 5085 5084
3 4978 4979 5085
3 4979 4980 5085
3 5085 4980 5086
3 4980 4981 5086
3 5086 4981 5087
3 4981 4982 5087
3 5087 4982 5088
3 4982 4983 5088
3 5088 4983 5089
3 4983 4984 5089
3 5089 4984 5090
3 4984 4985 5090
3 5090 4985 5091
3 4985 4986 5091
3 5091 4986 5092
3 4986 4987 5092
3 5092 4987 5093
3 4987 4988 5093
3 5093 4988 5094
3 4988 4989 5094
3 5094 4989 5095
3 4989 4990 5095
3 5095 4990 5096
3 4992 4993 5097
3 4993 5098 5097
3 4993 4994 5098
3 4994 5099 5098
3 4994 4995 5099
3 4995 5100 5099
3 4995 4996 5100
3 4996 5101 5100
3 4996 4997 5101
3 4997 4998 5101
3 5101 4998 5102
3 4998 5103 5102
3 4998 4999 5103
3 4999 5104 5103
3 4999 5000 5104
3 5000 5105 5104
3 5000 5001 5105
3 5001 5106 5105
3 5001 5002 5106
3 5002 5107 5106
3 5002 5003 5107
3 5003 5108 5107
3 5003 5004 5108
3 5004 5109 5108
3 5004 5005 5109
3 5005 5006 5109
3 5109 5006 5110
3 5006 5007 5110
3 5110 5007 5111
3 5007 5112 5111
3 5007 5008 5112
3 5008 5113 5112
3 5008 5009 5113
3 5009 5114 5113
3 5009 5010 5114
3 5010 5115 5114
3 5010 5011 5115
3 5011 5116 5115
3 5011 5012 5116
3 5012 5117 5116
3 5012 5013 5117
3 5013 5118 5117
3 5013 5014 5118
3 5014 5119 5118
3 5014 5015 5119
3 5015 5120 5119
3 5015 5016 5120
3 5016 5121 5120
3 5016 5017 5121
3 5017 5122 5121
3 5017 5018 5122
3 5018 5019 5122
3 5122 5019 5123
3 5019 5020 5123
3 5123 5020 5124
3 5020 5125 5124
3 5020 5021 5125
3 5021 5126 5125
3 5021 5022 5126
3 5022 5127 5126
3 5022 5023 5127
3 5023 5128 5127
3 5023 5024 5128
3 5024 5129 5128
3 5024 5025 5129
3 5025 5130 5129
3 5025 5026 5130
3 5026 5131 5130
3 5026 5027 5131
3 5027 5132 5131
3 5027 5028 5132
3 5028 5029 5132
3 5132 5029 5133
3 5029 5134 5133
3 5029 5030 5134
3 5030 5135 5134
3 5030 5031 5135
3 5031 5136 5135
3 5031 5032 5136
3 5032 5137 5136
3 5032 5033 5137
3 5033 5138 5137
3 5033 5034 5138
3 5034 5139 5138
3 5034 5035 5139
3 5035 5036 5139
3 5139 5036 5140
3 5036 5037 5140
3 5140 5037 5141
3 5037 5038 5141
3 5141 5038 5142
3 5038 5143 5142
3 5038 5039 5143
3 5039 5144 5143
3 5039 5040 5144
3 5040 5145 5144
3 5040 5041 5145
3 5041 5146 5145
3 5041 5042 5146
3 5042 5147 5146
3 5042 5043 5147
3 5043 5148 5147
3 5043 5044 5148
3 5044 5045 5148
3 5148 5045 5149
3 5045 5046 5149
3 5149 5046 5150
3 5046 5047 5150
3 5150 5047 5151
3 5047 5048 5151
3 5151 5048 5152
3 5048 5153 5152
3 5048 5049 5153
3 5049 5154 5153
3 5049 5050 5154
3 5050 5155 5154
3 5050 5051 5155
3 5051 5156 5155
3 5051 5052 5156
3 5052 5157 5156
3 5052 5053 5157
3 5053 5158 5157
3 5053 5054 5158
3 5054 5159 5158
3 5054 5055 5159
3 5055 5160 5159
3 5055 5056 5160
3 5056 5057 5160
3 5160 5057 5161
3 5057 5162 5161
3 5057 5058 5162
3 5058 5163 5162
3 5058 5059 5163
3 5059 5164 5163
3 5059 5060 5164
3 5060 5165 5164
3 5060 5061 5165
3 5061 5166 5165
3 5061 5062 5166
3 5062 5063 5166
3 5166 5063 5167
3 5063 5064 5167
3 5167 5064 5168
3 5064 5169 5168
3 5064 5065 5169
3 5065 5170 5169
3 5065 5066 5170
3 5066 5171 5170
3 5066 5067 5171
3 5067 5172 5171
3 5067 5068 5172
3 5068 5173 5172
3 5068 5069 5173
3 5069 5174 5173
3 5069 5070 5174
3 5070 5175 5174
3 5070 5071 5175
3 5071 5072 5175
3 5175 5072 5176
3 5072 5073 5176
3 5176 5073 5177
3 5073 5074 5177
3 5177 5074 5178
3 5074 5075 5178
3 5178 5075 5179
3 5075 5076 5179
3 5179 5076 5180
3 5076 5077 5180
3 5180 5077 5181
3 5077 5078 5181
3 5181 5078 5182
3 5078 5079 5182
3 5182 5079 5183
3 5079 5080 5183
3 5183 5080 5184
3 5080 5081 5184
3 5184 5081 5185
3 5081 5082 5185
3 5185 5082 5186
3 5082 5083 5186
3 5186 5083 5187
3 5083 5188 5187
3 5083 5084 5188
3 5084 5189 5188
3 5084 5085 5189
3 5085 5086 5189
3 5189 5086 5190
3 5086 5087 5190
3 5190 5087 5191
3 5087 5088 5191
3 5191 5088 5192
3 5088 5089 5192
3 5192 5089 5193
3 5089 5090 5193
3 5193 5090 5194
3 5090 5091 5194
3 5194 5091 5195
3 5091 5092 5195
3 5195 5092 5196
3 5092 5093 5196
3 5196 5093 5197
3 5093 5094 5197
3 5197 5094 5198
3 5094 5095 5198
3 5198 5095 5199
3 5095 5096 5199
3 5199 5096 5200
3 5097 5201 5202
3 5097 5098 5201
3 5098 5203 5201
3 5098 5099 5203
3 5099 5204 5203
3 5099 5100 5204
3 5100 5101 5204
3 5204 5101 5205
3 5101 5102 5205
3 5205 5102 5206
3 5102 5103 5206
3 5206 5103 5207
3 5103 5208 5207
3 5103 5104 5208
3 5104 5105 5208
3 5208 5105 5209
3 5105 5210 5209
3 5105 5106 5210
3 5106 5211 5210
3 5106 5107 5211
3 5107 5212 5211
3 5107 5108 5212
3 5108 5213 5212
3 5108 5109 5213
3 5109 5110 5213
3 5213 5110 5214
3 5110 5111 5214
3 5214 5111 5215
3 5111 5216 5215
3 5111 5112 5216
3 5112 5217 5216
3 5112 5113 5217
3 5113 5218 5217
3 5113 5114 5218
3 5114 5219 5218
3 5114 5115 5219
3 5115 5220 5219
3 5115 5116 5220
3 5116 5221 5220
3 5116 5117 5221
3 5117 5222 5221
3 5117 5118 5222
3 5118 5223 5222
3 5118 5119 5223
3 5119 5224 5223
3 5119 5120 5224
3 5120 5225 5224
3 5120 5121 5225
3 5121 5122 5225
3 5225 5122 5226
3 5122 5123 5226
3 5226 5123 5227
3 5123 5124 5227
3 5227 5124 5228
3 5124 5229 5228
3 5124 5125 5229
3 5125 5230 5229
3 5125 5126 5230
3 5126 5231 5230
3 5126 5127 5231
3 5127 5232 5231
3 5127 5128 5232
3 5128 5233 5232
3 5128 5129 5233
3 5129 5234 5233
3 5129 5130 5234
3 5130 5235 5234
3 5130 5131 5235
3 5131 5236 5235
3 5131 5132 5236
3 5132 5133 5236
3 5236 5133 5237
3 5133 5238 5237
3 5133 5134 5238
3 5134 5239 5238
3 5134 5135 5239
3 5135 5240 5239
3 5135 5136 5240
3 5136 5241 5240
3 5136 5137 5241
3 5137 5242 5241
3 5137 5138 5242
3 5138 5139 5242
3 5242 5139 5243
3 5139 5140 5243
3 5243 5140 5244
3 5140 5141 5244
3 5244 5141 5245
3 5141 5142 5245
3 5245 5142 5246
3 5142 5247 5246
3 5142 5143 5247
3 5143 5248 5247
3 5143 5144 5248
3 5144 5249 5248
3 5144 5145 5249
3 5145 5250 5249
3 5145 5146 5250
3 5146 5251 5250
3 5146 5147 5251
3 5147 5148 5251
3 5251 5148 5252
3 5148 5149 5252
3 5252 5149 5253
3 5149 5150 5253
3 5253 5150 5254
3 5150 5151 5254
3 5254 5151 5255
3 5151 5152 5255
3 5255 5152 5256
3 5152 5257 5256
3 5152 5153 5257
3 5153 5258 5257
3 5153 5154 5258
3 5154 5259 5258
3 5154 5155 5259
3 5155 5260 5259
3 5155 5156 5260
3 5156 5261 5260
3 5156 5157 5261
3 5157 5262 5261
3 5157 5158 5262
3 5158 5263 5262
3 5158 5159 5263
3 5159 5264 5263
3 5159 5160 5264
3 5160 5161 5264
3 5264 5161 5265
3 5161 5162 5265
3 5265 5162 5266
3 5162 5267 5266
3 5162 5163 5267
3 5163 5164 5267
3 5267 5164 5268
3 5164 5165 5268
3 5268 5165 5269
3 5165 5166 5269
3 5269 5166 5270
3 5166 5167 5270
3 5270 5167 5271
3 5167 5168 5271
3 5271 5168 5272
3 5168 5169 5272
3 5272 5169 5273
3 5169 5170 5273
3 5273 5170 5274
3 5170 5275 5274
3 5170 5171 5275
3 5171 5276 5275
3 5171 5172 5276
3 5172 5277 5276
3 5172 5173 5277
3 5173 5278 5277
3 5173 5174 5278
3 5174 5175 5278
3 5278 5175 5279
3 5175 5176 5279
3 5279 5176 5280
3 5176 5177 5280
3 5280 5177 5281
3 5177 5178 5281
3 5281 5178 5282
3 5178 5179 5282
3 5282 5179 5283
3 5179 5180 5283
3 5283 5180 5284
3 5180 5181 5284
3 5284 5181 5285
3 5181 5182 5285
3 5285 5182 5286
3 5182 5183 5286
3 5286 5183 5287
3 5183 5184 5287
3 5287 5184 5288
3 5184 5185 5288
3 5288 5185 5289
3 5185 5186 5289
3 5289 5186 5290
3 5186 5187 5290
3 5290 5187 5291
3 5187 5292 5291
3 5187 5188 5292
3 5188 5293 5292
3 5188 5189 5293
3 5189 5190 5293
3 5293 5190 5294
3 5190 5191 5294
3 5294 5191 5295
3 5191 5192 5295
3 5295 5192 5296
3 5192 5193 5296
3 5296 5193 5297
3 5193 5194 5297
3 5297 5194 5298
3 5194 5195 5298
3 5298 5195 5299
3 5195 5196 5299
3 5299 5196 5300
3 5196 5197 5300
3 5300 5197 5301
3 5197 5198 5301
3 5301 5198 5302
3 5198 5199 5302
3 5302 5199 5303
3 5199 5200 5303
3 5304 5202 5305
3 5202 5306 5305
3 5202 5201 5306
3 5201 5307 5306
3 5201 5203 5307
3 5203 5308 5307
3 5203 5204 5308
3 5204 5205 5308
3 5308 5205 5309
3 5205 5206 5309
3 5309 5206 5310
3 5206 5207 5310
3 5310 5207 5311
3 5207 5208 5311
3 5311 5208 5312
3 5208 5209 5312
3 5312 5209 5313
3 5209 5210 5313
3 5313 5210 5314
3 5210 5315 5314
3 5210 5211 5315
3 5211 5316 5315
3 5211 5212 5316
3 5212 5317 5316
3 5212 5213 5317
3 5213 5214 5317
3 5317 5214 5318
3 5214 5215 5318
3 5318 5215 5319
3 5215 5320 5319
3 5215 5216 5320
3 5216 5321 5320
3 5216 5217 5321
3 5217 5322 5321
3 5217 5218 5322
3 5218 5323 5322
3 5218 5219 5323
3 5219 5324 5323
3 5219 5220 5324
3 5220 5325 5324
3 5220 5221 5325
3 5221 5326 5325
3 5221 5222 5326
3 5222 5327 5326
3 5222 5223 5327
3 5223 5328 5327
3 5223 5224 5328
3 5224 5329 5328
3 5224 5225 5329
3 5225 5226 5329
3 5329 5226 5330
3 5226 5227 5330
3 5330 5227 5331
3 5227 5228 5331
3 5331 5228 5332
3 5228 5333 5332
3 5228 5229 5333
3 5229 5334 5333
3 5229 5230 5334
3 5230 5335 5334
3 5230 5231 5335
3 5231 5336 5335
3 5231 5232 5336
3 5232 5337 5336
3 5232 5233 5337
3 5233 5338 5337
3 5233 5234 5338
3 5234 5339 5338
3 5234 5235 5339
3 5235 5236 5339
3 5339 5236 5340
3 5236 5237 5340
3 5340 5237 5341
3 5237 5342 5341
3 5237 5238 5342
3 5238 5343 5342
3 5238 5239 5343
3 5239 5344 5343
3 5239 5240 5344
3 5240 5345 5344
3 5240 5241 5345
3 5241 5346 5345
3 5241 5242 5346
3 5242 5243 5346
3 5346 5243 5347
3 5243 5244 5347
3 5347 5244 5348
3 5244 5245 5348
3 5348 5245 5349
3 5245 5246 5349
3 5349 5246 5350
3 5246 5247 5350
3 5350 5247 5351
3 5247 5352 5351
3 5247 5248 5352
3 5248 5353 5352
3 5248 5249 5353
3 5249 5354 5353
3 5249 5250 5354
3 5250 5355 5354
3 5250 5251 5355
3 5251 5252 5355
3 5355 5252 5356
3 5252 5253 5356
3 5356 5253 5357
3 5253 5254 5357
3 5357 5254 5358
3 5254 5255 5358
3 5358 5255 5359
3 5255 5256 5359
3 5359 5256 5360
3 5256 5257 5360
3 5360 5257 5361
3 5257 5258 5361
3 5361 5258 5362
3 5258 5363 5362
3 5258 5259 5363
3 5259 5364 5363
3 5259 5260 5364
3 5260 5365 5364
3 5260 5261 5365
3 5261 5366 5365
3 5261 5262 5366
3 5262 5367 5366
3 5262 5263 5367
3 5263 5264 5367
3 5367 5264 5368
3 5264 5265 5368
3 5368 5265 5369
3 5265 5266 5369
3 5369 5266 5370
3 5266 5267 5370
3 5370 5267 5371
3 5267 5268 5371
3 5371 5268 5372
3 5268 5269 5372
3 5372 5269 5373
3 5269 5270 5373
3 5373 5270 5374
3 5270 5271 5374
3 5374 5271 5375
3 5271 5272 5375
3 5375 5272 5376
3 5272 5273 5376
3 5376 5273 5377
3 5273 5274 5377
3 5377 5274 5378
3 5274 5275 5378
3 5378 5275 5379
3 5275 5380 5379
3 5275 5276 5380
3 5276 5381 5380
3 5276 5277 5381
3 5277 5382 5381
3 5277 5278 5382
3 5278 5279 5382
3 5382 5279 5383
3 5279 5280 5383
3 5383 5280 5384
3 5280 5281 5384
3 5384 5281 5385
3 5281 5282 5385
3 5385 5282 5386
3 5282 5283 5386
3 5386 5283 5387
3 5283 5284 5387
3 5387 5284 5388
3 5284 5285 5388
3 5388 5285 5389
3 5285 5286 5389
3 5389 5286 5390
3 5286 5287 5390
3 5390 5287 5391
3 5287 5288 5391
3 5391 5288 5392
3 5288 5289 5392
3 5392 5289 5393
3 5289 5290 5393
3 5393 5290 5394
3 5290 5291 5394
3 5394 5291 5395
3 5291 5292 5395
3 5395 5292 5396
3 5292 5293 5396
3 5396 5293 5397
3 5293 5294 5397
3 5397 5294 5398
3 5294 5295 5398
3 5398 5295 5399
3 5295 5296 5399
3 5399 5296 5400
3 5296 5297 5400
3 5400 5297 5401
3 5297 5298 5401
3 5401 5298 5402
3 5298 5299 5402
3 5402 5299 5403
3 5299 5300 5403
3 5403 5300 5404
3 5300 5301 5404
3 5404 5301 5405
3 5301 5302 5405
3 5405 5302 5406
3 5302 5303 5406
3 5406 5303 5407
3 5304 5408 5409
3 5304 5305 5408
3 5305 5410 5408
3 5305 5306 5410
3 5306 5411 5410
3 5306 5307 5411
3 5307 5412 5411
3 5307 5308 5412
3 5308 5413 5412
3 5308 5309 5413
3 5309 5310 5413
3 5413 5310 5414
3 5310 5311 5414
3 5414 5311 5415
3 5311 5416 5415
3 5311 5312 5416
3 5312 5313 5416
3 5416 5313 5417
3 5313 5418 5417
3 5313 5314 5418
3 5314 5419 5418
3 5314 5315 5419
3 5315 5420 5419
3 5315 5316 5420
3 5316 5421 5420
3 5316 5317 5421
3 5317 5318 5421
3 5421 5318 5422
3 5318 5319 5422
3 5422 5319 5423
3 5319 5424 5423
3 5319 5320 5424
3 5320 5425 5424
3 5320 5321 5425
3 5321 5426 5425
3 5321 5322 5426
3 5322 5427 5426
3 5322 5323 5427
3 5323 5428 5427
3 5323 5324 5428
3 5324 5429 5428
3 5324 5325 5429
3 5325 5430 5429
3 5325 5326 5430
3 5326 5431 5430
3 5326 5327 5431
3 5327 5432 5431
3 5327 5328 5432
3 5328 5433 5432
3 5328 5329 5433
3 5329 5434 5433
3 5329 5330 5434
3 5330 5331 5434
3 5434 5331 5435
3 5331 5332 5435
3 5435 5332 5436
3 5332 5437 5436
3 5332 5333 5437
3 5333 5438 5437
3 5333 5334 5438
3 5334 5439 5438
3 5334 5335 5439
3 5335 5440 5439
3 5335 5336 5440
3 5336 5441 5440
3 5336 5337 5441
3 5337 5442 5441
3 5337 5338 5442
3 5338 5443 5442
3 5338 5339 5443
3 5339 5444 5443
3 5339 5340 5444
3 5340 5341 5444
3 5444 5341 5445
3 5341 5446 5445
3 5341 5342 5446
3 5342 5447 5446
3 5342 5343 5447
3 5343 5448 5447
3 5343 5344 5448
3 5344 5449 5448
3 5344 5345 5449
3 5345 5450 5449
3 5345 5346 5450
3 5346 5451 5450
3 5346 5347 5451
3 5347 5452 5451
3 5347 5348 5452
3 5348 5453 5452
3 5348 5349 5453
3 5349 5454 5453
3 5349 5350 5454
3 5350 5455 5454
3 5350 5351 5455
3 5351 5456 5455
3 5351 5352 5456
3 5352 5457 5456
3 5352 5353 5457
3 5353 5458 5457
3 5353 5354 5458
3 5354 5459 5458
3 5354 5355 5459
3 5355 5460 5459
3 5355 5356 5460
3 5356 5357 5460
3 5460 5357 5461
3 5357 5358 5461
3 5461 5358 5462
3 5358 5359 5462
3 5462 5359 5463
3 5359 5360 5463
3 5463 5360 5464
3 5360 5465 5464
3 5360 5361 5465
3 5361 5466 5465
3 5361 5362 5466
3 5362 5467 5466
3 5362 5363 5467
3 5363 5468 5467
3 5363 5364 5468
3 5364 5469 5468
3 5364 5365 5469
3 5365 5470 5469
3 5365 5366 5470
3 5366 5471 5470
3 5366 5367 5471
3 5367 5472 5471
3 5367 5368 5472
3 5368 5369 5472
3 5472 5369 5473
3 5369 5474 5473
3 5369 5370 5474
3 5370 5475 5474
3 5370 5371 5475
3 5371 5476 5475
3 5371 5372 5476
3 5372 5477 5476
3 5372 5373 5477
3 5373 5478 5477
3 5373 5374 5478
3 5374 5375 5478
3 5478 5375 5479
3 5375 5480 5479
3 5375 5376 5480
3 5376 5481 5480
3 5376 5377 5481
3 5377 5482 5481
3 5377 5378 5482
3 5378 5483 5482
3 5378 5379 5483
3 5379 5484 5483
3 5379 5380 5484
3 5380 5485 5484
3 5380 5381 5485
3 5381 5486 5485
3 5381 5382 5486
3 5382 5487 5486
3 5382 5383 5487
3 5383 5384 5487
3 5487 5384 5488
3 5384 5385 5488
3 5488 5385 5489
3 5385 5386 5489
3 5489 5386 5490
3 5386 5387 5490
3 5490 5387 5491
3 5387 5388 5491
3 5491 5388 5492
3 5388 5389 5492
3 5492 5389 5493
3 5389 5390 5493
3 5493 5390 5494
3 5390 5391 5494
3 5494 5391 5495
3 5391 5392 5495
3 5495 5392 5496
3 5392 5393 5496
3 5496 5393 5497
3 5393 5394 5497
3 5497 5394 5498
3 5394 5395 5498
3 5498 5395 5499
3 5395 5500 5499
3 5395 5396 5500
3 5396 5501 5500
3 5396 5397 5501
3 5397 5398 5501
3 5501 5398 5502
3 5398 5399 5502
3 5502 5399 5503
3 5399 5400 5503
3 5503 5400 5504
3 5400 5401 5504
3 5504 5401 5505
3 5401 5402 5505
3 5505 5402 5506
3 5402 5403 5506
3 5506 5403 5507
3 5403 5404 5507
3 5507 5404 5508
3 5404 5405 5508
3 5508 5405 5509
3 5405 5406 5509
3 5509 5406 5510
3 5406 5407 5510
3 5510 5407 5511
3 5408 5512 5513
3 5408 5410 5512
3 5410 5514 5512
3 5410 5411 5514
3 5411 5515 5514
3 5411 5412 5515
3 5412 5516 5515
3 5412 5413 5516
3 5413 5414 5516
3 5516 5414 5517
3 5414 5415 5517
3 5517 5415 5518
3 5415 5519 5518
3 5415 5416 5519
3 5416 5417 5519
3 5519 5417 5520
3 5417 5521 5520
3 5417 5418 5521
3 5418 5522 5521
3 5418 5419 5522
3 5419 5523 5522
3 5419 5420 5523
3 5420 5524 5523
3 5420 5421 5524
3 5421 5525 5524
3 5421 5422 5525
3 5422 5526 5525
3 5422 5423 5526
3 5423 5527 5526
3 5423 5424 5527
3 5424 5528 5527
3 5424 5425 5528
3 5425 5529 5528
3 5425 5426 5529
3 5426 5530 5529
3 5426 5427 5530
3 5427 5531 5530
3 5427 5428 5531
3 5428 5532 5531
3 5428 5429 5532
3 5429 5533 5532
3 5429 5430 5533
3 5430 5534 5533
3 5430 5431 5534
3 5431 5535 5534
3 5431 5432 5535
3 5432 5536 5535
3 5432 5433 5536
3 5433 5537 5536
3 5433 5434 5537
3 5434 5435 5537
3 5537 5435 5538
3 5435 5436 5538
3 5538 5436 5539
3 5436 5540 5539
3 5436 5437 5540
3 5437 5541 5540
3 5437 5438 5541
3 5438 5542 5541
3 5438 5439 5542
3 5439 5543 5542
3 5439 5440 5543
3 5440 5544 5543
3 5440 5441 5544
3 5441 5545 5544
3 5441 5442 5545
3 5442 5546 5545
3 5442 5443 5546
3 5443 5547 5546
3 5443 5444 5547
3 5444 5445 5547
3 5547 5445 5548
3 5445 5549 5548
3 5445 5446 5549
3 5446 5550 5549
3 5446 5447 5550
3 5447 5551 5550
3 5447 5448 5551
3 5448 5552 5551
3 5448 5449 5552
3 5449 5553 5552
3 5449 5450 5553
3 5450 5554 5553
3 5450 5451 5554
3 5451 5555 5554
3 5451 5452 5555
3 5452 5556 5555
3 5452 5453 5556
3 5453 5454 5556
3 5556 5454 5557
3 5454 5558 5557
3 5454 5455 5558
3 5455 5559 5558
3 5455 5456 5559
3 5456 5560 5559
3 5456 5457 5560
3 5457 5561 5560
3 5457 5458 5561
3 5458 5562 5561
3 5458 5459 5562
3 5459 5563 5562
3 5459 5460 5563
3 5460 5564 5563
3 5460 5461 5564
3 5461 5462 5564
3 5564 5462 5565
3 5462 5463 5565
3 5565 5463 5566
3 5463 5567 5566
3 5463 5464 5567
3 5464 5568 5567
3 5464 5465 5568
3 5465 5569 5568
3 5465 5466 5569
3 5466 5570 5569
3 5466 5467 5570
3 5467 5571 5570
3 5467 5468 5571
3 5468 5572 5571
3 5468 5469 5572
3 5469 5573 5572
3 5469 5470 5573
3 5470 5574 5573
3 5470 5471 5574
3 5471 5575 5574
3 5471 5472 5575
3 5472 5473 5575
3 5575 5473 5576
3 5473 5577 5576
3 5473 5474 5577
3 5474 5578 5577
3 5474 5475 5578
3 5475 5579 5578
3 5475 5476 5579
3 5476 5580 5579
3 5476 5477 5580
3 5477 5581 5580
3 5477 5478 5581
3 5478 5582 5581
3 5478 5479 5582
3 5479 5583 5582
3 5479 5480 5583
3 5480 5584 5583
3 5480 5481 5584
3 5481 5585 5584
3 5481 5482 5585
3 5482 5586 5585
3 5482 5483 5586
3 5483 5587 5586
3 5483 5484 5587
3 5484 5588 5587
3 5484 5485 5588
3 5485 5589 5588
3 5485 5486 5589
3 5486 5590 5589
3 5486 5487 5590
3 5487 5488 5590
3 5590 5488 5591
3 5488 5489 5591
3 5591 5489 5592
3 5489 5490 5592
3 5592 5490 5593
3 5490 5491 5593
3 5593 5491 5594
3 5491 5492 5594
3 5594 5492 5595
3 5492 5596 5595
3 5492 5493 5596
3 5493 5597 5596
3 5493 5494 5597
3 5494 5495 5597
3 5597 5495 5598
3 5495 5496 5598
3 5598 5496 5599
3 5496 5497 5599
3 5599 5497 5600
3 5497 5498 5600
3 5600 5498 5601
3 5498 5499 5601
3 5601 5499 5602
3 5499 5603 5602
3 5499 5500 5603
3 5500 5604 5603
3 5500 5501 5604
3 5501 5605 5604
3 5501 5502 5605
3 5502 5606 5605
3 5502 5503 5606
3 5503 5504 5606
3 5606 5504 5607
3 5504 5505 5607
3 5607 5505 5608
3 5505 5609 5608
3 5505 5506 5609
3 5506 5507 5609
3 5609 5507 5610
3 5507 5508 5610
3 5610 5508 5611
3 5508 5509 5611
3 5611 5509 5612
3 5509 5510 5612
3 5612 5510 5613
3 5510 5511 5613
3 5613 5511 5614
3 5513 5615 5616
3 5513 5512 5615
3 5512 5617 5615
3 5512 5514 5617
3 5514 5618 5617
3 5514 5515 5618
3 5515 5516 5618
3 5618 5516 5619
3 5516 5517 5619
3 5619 5517 5620
3 5517 5518 5620
3 5620 5518 5621
3 5518 5519 5621
3 5621 5519 5622
3 5519 5520 5622
3 5622 5520 5623
3 5520 5521 5623
3 5623 5521 5624
3 5521 5625 5624
3 5521 5522 5625
3 5522 5626 5625
3 5522 5523 5626
3 5523 5627 5626
3 5523 5524 5627
3 5524 5525 5627
3 5627 5525 5628
3 5525 5526 5628
3 5628 5526 5629
3 5526 5630 5629
3 5526 5527 5630
3 5527 5631 5630
3 5527 5528 5631
3 5528 5632 5631
3 5528 5529 5632
3 5529 5633 5632
3 5529 5530 5633
3 5530 5634 5633
3 5530 5531 5634
3 5531 5635 5634
3 5531 5532 5635
3 5532 5636 5635
3 5532 5533 5636
3 5533 5637 5636
3 5533 5534 5637
3 5534 5638 5637
3 5534 5535 5638
3 5535 5639 5638
3 5535 5536 5639
3 5536 5537 5639
3 5639 5537 5640
3 5537 5538 5640
3 5640 5538 5641
3 5538 5539 5641
3 5641 5539 5642
3 5539 5643 5642
3 5539 5540 5643
3 5540 5644 5643
3 5540 5541 5644
3 5541 5645 5644
3 5541 5542 5645
3 5542 5646 5645
3 5542 5543 5646
3 5543 5647 5646
3 5543 5544 5647
3 5544 5648 5647
3 5544 5545 5648
3 5545 5649 5648
3 5545 5546 5649
3 5546 5650 5649
3 5546 5547 5650
3 5547 5548 5650
3 5650 5548 5651
3 5548 5652 5651
3 5548 5549 5652
3 5549 5653 5652
3 5549 5550 5653
3 5550 5654 5653
3 5550 5551 5654
3 5551 5655 5654
3 5551 5552 5655
3 5552 5656 5655
3 5552 5553 5656
3 5553 5657 5656
3 5553 5554 5657
3 5554 5555 5657
3 5657 5555 5658
3 5555 5556 5658
3 5658 5556 5659
3 5556 5557 5659
3 5659 5557 5660
3 5557 5558 5660
3 5660 5558 5661
3 5558 5662 5661
3 5558 5559 5662
3 5559 5663 5662
3 5559 5560 5663
3 5560 5664 5663
3 5560 5561 5664
3 5561 5665 5664
3 5561 5562 5665
3 5562 5563 5665
3 5665 5563 5666
3 5563 5564 5666
3 5666 5564 5667
3 5564 5565 5667
3 5667 5565 5668
3 5565 5566 5668
3 5668 5566 5669
3 5566 5567 5669
3 5669 5567 5670
3 5567 5671 5670
3 5567 5568 5671
3 5568 5672 5671
3 5568 5569 5672
3 5569 5673 5672
3 5569 5570 5673
3 5570 5674 5673
3 5570 5571 5674
3 5571 5675 5674
3 5571 5572 5675
3 5572 5676 5675
3 5572 5573 5676
3 5573 5677 5676
3 5573 5574 5677
3 5574 5575 5677
3 5677 5575 5678
3 5575 5576 5678
3 5678 5576 5679
3 5576 5577 5679
3 5679 5577 5680
3 5577 5681 5680
3 5577 5578 5681
3 5578 5682 5681
3 5578 5579 5682
3 5579 5683 5682
3 5579 5580 5683
3 5580 5684 5683
3 5580 5581 5684
3 5581 5582 5684
3 5684 5582 5685
3 5582 5686 5685
3 5582 5583 5686
3 5583 5687 5686
3 5583 5584 5687
3 5584 5688 5687
3 5584 5585 5688
3 5585 5689 5688
3 5585 5586 5689
3 5586 5690 5689
3 5586 5587 5690
3 5587 5691 5690
3 5587 5588 5691
3 5588 5692 5691
3 5588 5589 5692
3 5589 5693 5692
3 5589 5590 5693
3 5590 5591 5693
3 5693 5591 5694
3 5591 5592 5694
3 5694 5592 5695
3 5592 5593 5695
3 5695 5593 5696
3 5593 5594 5696
3 5696 5594 5697
3 5594 5595 5697
3 5697 5595 5698
3 5595 5596 5698
3 5698 5596 5699
3 5596 5700 5699
3 5596 5597 5700
3 5597 5598 5700
3 5700 5598 5701
3 5598 5599 5701
3 5701 5599 5702
3 5599 5600 5702
3 5702 5600 5703
3 5600 5601 5703
3 5703 5601 5704
3 5601 5602 5704
3 5704 5602 5705
3 5602 5706 5705
3 5602 5603 5706
3 5603 5707 5706
3 5603 5604 5707
3 5604 5708 5707
3 5604 5605 5708
3 5605 5606 5708
3 5708 5606 5709
3 5606 5607 5709
3 5709 5607 5710
3 5607 5608 5710
3 5710 5608 5711
3 5608 5712 5711
3 5608 5609 5712
3 5609 5610 5712
3 5712 5610 5713
3 5610 5611 5713
3 5713 5611 5714
3 5611 5612 5714
3 5714 5612 5715
3 5612 5613 5715
3 5715 5613 5716
3 5613 5614 5716
3 5716 5614 5717
3 5718 5616 5719
3 5616 5720 5719
3 5616 5615 5720
3 5615 5721 5720
3 5615 5617 5721
3 5617 5618 5721
3 5721 5618 5722
3 5618 5619 5722
3 5722 5619 5723
3 5619 5620 5723
3 5723 5620 5724
3 5620 5621 5724
3 5724 5621 5725
3 5621 5622 5725
3 5725 5622 5726
3 5622 5623 5726
3 5726 5623 5727
3 5623 5624 5727
3 5727 5624 5728
3 5624 5729 5728
3 5624 5625 5729
3 5625 5730 5729
3 5625 5626 5730
3 5626 5731 5730
3 5626 5627 5731
3 5627 5628 5731
3 5731 5628 5732
3 5628 5629 5732
3 5732 5629 5733
3 5629 5734 5733
3 5629 5630 5734
3 5630 5735 5734
3 5630 5631 5735
3 5631 5736 5735
3 5631 5632 5736
3 5632 5737 5736
3 5632 5633 5737
3 5633 5738 5737
3 5633 5634 5738
3 5634 5739 5738
3 5634 5635 5739
3 5635 5740 5739
3 5635 5636 5740
3 5636 5741 5740
3 5636 5637 5741
3 5637 5742 5741
3 5637 5638 5742
3 5638 5743 5742
3 5638 5639 5743
3 5639 5640 5743
3 5743 5640 5744
3 5640 5641 5744
3 5744 5641 5745
3 5641 5642 5745
3 5745 5642 5746
3 5642 5643 5746
3 5746 5643 5747
3 5643 5748 5747
3 5643 5644 5748
3 5644 5749 5748
3 5644 5645 5749
3 5645 5750 5749
3 5645 5646 5750
3 5646 5751 5750
3 5646 5647 5751
3 5647 5752 5751
3 5647 5648 5752
3 5648 5649 5752
3 5752 5649 5753
3 5649 5650 5753
3 5753 5650 5754
3 5650 5651 5754
3 5754 5651 5755
3 5651 5652 5755
3 5755 5652 5756
3 5652 5757 5756
3 5652 5653 5757
3 5653 5758 5757
3 5653 5654 5758
3 5654 5759 5758
3 5654 5655 5759
3 5655 5760 5759
3 5655 5656 5760
3 5656 5761 5760
3 5656 5657 5761
3 5657 5658 5761
3 5761 5658 5762
3 5658 5659 5762
3 5762 5659 5763
3 5659 5660 5763
3 5763 5660 5764
3 5660 5661 5764
3 5764 5661 5765
3 5661 5766 5765
3 5661 5662 5766
3 5662 5767 5766
3 5662 5663 5767
3 5663 5768 5767
3 5663 5664 5768
3 5664 5769 5768
3 5664 5665 5769
3 5665 5666 5769
3 5769 5666 5770
3 5666 5667 5770
3 5770 5667 5771
3 5667 5668 5771
3 5771 5668 5772
3 5668 5669 5772
3 5772 5669 5773
3 5669 5670 5773
3 5773 5670 5774
3 5670 5671 5774
3 5774 5671 5775
3 5671 5776 5775
3 5671 5672 5776
3 5672 5777 5776
3 5672 5673 5777
3 5673 5778 5777
3 5673 5674 5778
3 5674 5779 5778
3 5674 5675 5779
3 5675 5780 5779
3 5675 5676 5780
3 5676 5781 5780
3 5676 5677 5781
3 5677 5678 5781
3 5781 5678 5782
3 5678 5679 5782
3 5782 5679 5783
3 5679 5680 5783
3 5783 5680 5784
3 5680 5785 5784
3 5680 5681 5785
3 5681 5682 5785
3 5785 5682 5786
3 5682 5683 5786
3 5786 5683 5787
3 5683 5684 5787
3 5787 5684 5788
3 5684 5685 5788
3 5788 5685 5789
3 5685 5686 5789
3 5789 5686 5790
3 5686 5791 5790
3 5686 5687 5791
3 5687 5688 5791
3 5791 5688 5792
3 5688 5793 5792
3 5688 5689 5793
3 5689 5794 5793
3 5689 5690 5794
3 5690 5795 5794
3 5690 5691 5795
3 5691 5796 5795
3 5691 5692 5796
3 5692 5693 5796
3 5796 5693 5797
3 5693 5694 5797
3 5797 5694 5798
3 5694 5695 5798
3 5798 5695 5799
3 5695 5696 5799
3 5799 5696 5800
3 5696 5697 5800
3 5800 5697 5801
3 5697 5698 5801
3 5801 5698 5802
3 5698 5699 5802
3 5802 5699 5803
3 5699 5700 5803
3 5803 5700 5804
3 5700 5701 5804
3 5804 5701 5805
3 5701 5702 5805
3 5805 5702 5806
3 5702 5703 5806
3 5806 5703 5807
3 5703 5704 5807
3 5807 5704 5808
3 5704 5705 5808
3 5808 5705 5809
3 5705 5810 5809
3 5705 5706 5810
3 5706 5811 5810
3 5706 5707 5811
3 5707 5708 5811
3 5811 5708 5812
3 5708 5709 5812
3 5812 5709 5813
3 5709 5710 5813
3 5813 5710 5814
3 5710 5711 5814
3 5814 5711 5815
3 5711 5712 5815
3 5815 5712 5816
3 5712 5713 5816
3 5816 5713 5817
3 5713 5714 5817
3 5817 5714 5818
3 5714 5715 5818
3 5818 5715 5819
3 5715 5716 5819
3 5819 5716 5820
3 5716 5717 5820
3 5820 5717 5821
3 5718 5719 5822
3 5822 5719 5823
3 5719 5824 5823
3 5719 5720 5824
3 5720 5825 5824
3 5720 5721 5825
3 5721 5722 5825
3 5825 5722 5826
3 5722 5723 5826
3 5826 5723 5827
3 5723 5724 5827
3 5827 5724 5828
3 5724 5725 5828
3 5828 5725 5829
3 5725 5726 5829
3 5829 5726 5830
3 5726 5727 5830
3 5830 5727 5831
3 5727 5728 5831
3 5831 5728 5832
3 5728 5833 5832
3 5728 5729 5833
3 5729 5834 5833
3 5729 5730 5834
3 5730 5835 5834
3 5730 5731 5835
3 5731 5732 5835
3 5835 5732 5836
3 5732 5733 5836
3 5836 5733 5837
3 5733 5838 5837
3 5733 5734 5838
3 5734 5839 5838
3 5734 5735 5839
3 5735 5840 5839
3 5735 5736 5840
3 5736 5841 5840
3 5736 5737 5841
3 5737 5842 5841
3 5737 5738 5842
3 5738 5843 5842
3 5738 5739 5843
3 5739 5844 5843
3 5739 5740 5844
3 5740 5845 5844
3 5740 5741 5845
3 5741 5846 5845
3 5741 5742 5846
3 5742 5847 5846
3 5742 5743 5847
3 5743 5744 5847
3 5847 5744 5848
3 5744 5745 5848
3 5848 5745 5849
3 5745 5746 5849
3 5849 5746 5850
3 5746 5851 5850
3 5746 5747 5851
3 5747 5852 5851
3 5747 5748 5852
3 5748 5853 5852
3 5748 5749 5853
3 5749 5854 5853
3 5749 5750 5854
3 5750 5855 5854
3 5750 5751 5855
3 5751 5856 5855
3 5751 5752 5856
3 5752 5857 5856
3 5752 5753 5857
3 5753 5754 5857
3 5857 5754 5858
3 5754 5755 5858
3 5858 5755 5859
3 5755 5860 5859
3 5755 5756 5860
3 5756 5861 5860
3 5756 5757 5861
3 5757 5862 5861
3 5757 5758 5862
3 5758 5863 5862
3 5758 5759 5863
3 5759 5864 5863
3 5759 5760 5864
3 5760 5865 5864
3 5760 5761 5865
3 5761 5866 5865
3 5761 5762 5866
3 5762 5763 5866
3 5866 5763 5867
3 5763 5764 5867
3 5867 5764 5868
3 5764 5869 5868
3 5764 5765 5869
3 5765 5870 5869
3 5765 5766 5870
3 5766 5871 5870
3 5766 5767 5871
3 5767 5872 5871
3 5767 5768 5872
3 5768 5873 5872
3 5768 5769 5873
3 5769 5874 5873
3 5769 5770 5874
3 5770 5771 5874
3 5874 5771 5875
3 5771 5772 5875
3 5875 5772 5876
3 5772 5773 5876
3 5876 5773 5877
3 5773 5774 5877
3 5877 5774 5878
3 5774 5879 5878
3 5774 5775 5879
3 5775 5880 5879
3 5775 5776 5880
3 5776 5881 5880
3 5776 5777 5881
3 5777 5882 5881
3 5777 5778 5882
3 5778 5883 5882
3 5778 5779 5883
3 5779 5884 5883
3 5779 5780 5884
3 5780 5885 5884
3 5780 5781 5885
3 5781 5782 5885
3 5885 5782 5886
3 5782 5783 5886
3 5886 5783 5887
3 5783 5888 5887
3 5783 5784 5888
3 5784 5889 5888
3 5784 5785 5889
3 5785 5890 5889
3 5785 5786 5890
3 5786 5891 5890
3 5786 5787 5891
3 5787 5892 5891
3 5787 5788 5892
3 5788 5789 5892
3 5892 5789 5893
3 5789 5894 5893
3 5789 5790 5894
3 5790 5895 5894
3 5790 5791 5895
3 5791 5896 5895
3 5791 5792 5896
3 5792 5897 5896
3 5792 5793 5897
3 5793 5898 5897
3 5793 5794 5898
3 5794 5899 5898
3 5794 5795 5899
3 5795 5900 5899
3 5795 5796 5900
3 5796 5901 5900
3 5796 5797 5901
3 5797 5798 5901
3 5901 5798 5902
3 5798 5799 5902
3 5902 5799 5903
3 5799 5800 5903
3 5903 5800 5904
3 5800 5801 5904
3 5904 5801 5905
3 5801 5802 5905
3 5905 5802 5906
3 5802 5907 5906
3 5802 5803 5907
3 5803 5908 5907
3 5803 5804 5908
3 5804 5805 5908
3 5908 5805 5909
3 5805 5806 5909
3 5909 5806 5910
3 5806 5807 5910
3 5910 5807 5911
3 5807 5808 5911
3 5911 5808 5912
3 5808 5809 5912
3 5912 5809 5913
3 5809 5914 5913
3 5809 5810 5914
3 5810 5915 5914
3 5810 5811 5915
3 5811 5812 5915
3 5915 5812 5916
3 5812 5813 5916
3 5916 5813 5917
3 5813 5814 5917
3 5917 5814 5918
3 5814 5815 5918
3 5918 5815 5919
3 5815 5816 5919
3 5919 5816 5920
3 5816 5817 5920
3 5920 5817 5921
3 5817 5818 5921
3 5921 5818 5922
3 5818 5819 5922
3 5922 5819 5923
3 5819 5820 5923
3 5923 5820 5924
3 5820 5821 5924
3 5822 5823 5925
3 5925 5823 5926
3 5823 5824 5926
3 5926 5824 5927
3 5824 5825 5927
3 5927 5825 5928
3 5825 5826 5928
3 5928 5826 5929
3 5826 5827 5929
3 5929 5827 5930
3 5827 5828 5930
3 5930 5828 5931
3 5828 5829 5931
3 5931 5829 5932
3 5829 5830 5932
3 5932 5830 5933
3 5830 5831 5933
3 5933 5831 5934
3 5831 5832 5934
3 5934 5832 5935
3 5832 5936 5935
3 5832 5833 5936
3 5833 5937 5936
3 5833 5834 5937
3 5834 5835 5937
3 5937 5835 5938
3 5835 5836 5938
3 5938 5836 5939
3 5836 5837 5939
3 5939 5837 5940
3 5837 5838 5940
3 5940 5838 5941
3 5838 5942 5941
3 5838 5839 5942
3 5839 5943 5942
3 5839 5840 5943
3 5840 5944 5943
3 5840 5841 5944
3 5841 5945 5944
3 5841 5842 5945
3 5842 5946 5945
3 5842 5843 5946
3 5843 5947 5946
3 5843 5844 5947
3 5844 5948 5947
3 5844 5845 5948
3 5845 5949 5948
3 5845 5846 5949
3 5846 5950 5949
3 5846 5847 5950
3 5847 5848 5950
3 5950 5848 5951
3 5848 5849 5951
3 5951 5849 5952
3 5849 5850 5952
3 5952 5850 5953
3 5850 5851 5953
3 5953 5851 5954
3 5851 5955 5954
3 5851 5852 5955
3 5852 5956 5955
3 5852 5853 5956
3 5853 5957 5956
3 5853 5854 5957
3 5854 5958 5957
3 5854 5855 5958
3 5855 5959 5958
3 5855 5856 5959
3 5856 5857 5959
3 5959 5857 5960
3 5857 5858 5960
3 5960 5858 5961
3 5858 5859 5961
3 5961 5859 5962
3 5859 5860 5962
3 5962 5860 5963
3 5860 5964 5963
3 5860 5861 5964
3 5861 5965 5964
3 5861 5862 5965
3 5862 5966 5965
3 5862 5863 5966
3 5863 5967 5966
3 5863 5864 5967
3 5864 5968 5967
3 5864 5865 5968
3 5865 5866 5968
3 5968 5866 5969
3 5866 5867 5969
3 5969 5867 5970
3 5867 5868 5970
3 5970 5868 5971
3 5868 5869 5971
3 5971 5869 5972
3 5869 5973 5972
3 5869 5870 5973
3 5870 5974 5973
3 5870 5871 5974
3 5871 5975 5974
3 5871 5872 5975
3 5872 5976 5975
3 5872 5873 5976
3 5873 5874 5976
3 5976 5874 5977
3 5874 5875 5977
3 5977 5875 5978
3 5875 5876 5978
3 5978 5876 5979
3 5876 5877 5979
3 5979 5877 5980
3 5877 5878 5980
3 5980 5878 5981
3 5878 5982 5981
3 5878 5879 5982
3 5879 5983 5982
3 5879 5880 5983
3 5880 5984 5983
3 5880 5881 5984
3 5881 5985 5984
3 5881 5882 5985
3 5882 5986 5985
3 5882 5883 5986
3 5883 5987 5986
3 5883 5884 5987
3 5884 5988 5987
3 5884 5885 5988
3 5885 5886 5988
3 5988 5886 5989
3 5886 5887 5989
3 5989 5887 5990
3 5887 5888 5990
3 5990 5888 5991
3 5888 5992 5991
3 5888 5889 5992
3 5889 5890 5992
3 5992 5890 5993
3 5890 5891 5993
3 5993 5891 5994
3 5891 5892 5994
3 5994 5892 5995
3 5892 5893 5995
3 5995 5893 5996
3 5893 5894 5996
3 5996 5894 5997
3 5894 5998 5997
3 5894 5895 5998
3 5895 5999 5998
3 5895 5896 5999
3 5896 6000 5999
3 5896 5897 6000
3 5897 6001 6000
3 5897 5898 6001
3 5898 6002 6001
3 5898 5899 6002
3 5899 6003 6002
3 5899 5900 6003
3 5900 6004 6003
3 5900 5901 6004
3 5901 5902 6004
3 6004 5902 6005
3 5902 5903 6005
3 6005 5903 6006
3 5903 5904 6006
3 6006 5904 6007
3 5904 5905 6007
3 6007 5905 6008
3 5905 5906 6008
3 6008 5906 6009
3 5906 5907 6009
3 6009 5907 6010
3 5907 5908 6010
3 6010 5908 6011
3 5908 5909 6011
3 6011 5909 6012
3 5909 5910 6012
3 6012 5910 6013
3 5910 5911 6013
3 6013 5911 6014
3 5911 5912 6014
3 6014 5912 6015
3 5912 5913 6015
3 6015 5913 6016
3 5913 6017 6016
3 5913 5914 6017
3 5914 6018 6017
3 5914 5915 6018
3 5915 5916 6018
3 6018 5916 6019
3 5916 5917 6019
3 6019 5917 6020
3 5917 5918 6020
3 6020 5918 6021
3 5918 5919 6021
3 6021 5919 6022
3 5919 5920 6022
3 6022 5920 6023
3 5920 5921 6023
3 6023 5921 6024
3 5921 5922 6024
3 6024 5922 6025
3 5922 5923 6025
3 6025 5923 6026
3 5923 5924 6026
3 6026 5924 6027
3 5925 5926 6028
3 6028 5926 6029
3 5926 6030 6029
3 5926 5927 6030
3 5927 6031 6030
3 5927 5928 6031
3 5928 5929 6031
3 6031 5929 6032
3 5929 5930 6032
3 6032 5930 6033
3 5930 5931 6033
3 6033 5931 6034
3 5931 5932 6034
3 6034 5932 6035
3 5932 5933 6035
3 6035 5933 6036
3 5933 5934 6036
3 6036 5934 6037
3 5934 5935 6037
3 6037 5935 6038
3 5935 6039 6038
3 5935 5936 6039
3 5936 6040 6039
3 5936 5937 6040
3 5937 6041 6040
3 5937 5938 6041
3 5938 5939 6041
3 6041 5939 6042
3 5939 5940 6042
3 6042 5940 6043
3 5940 6044 6043
3 5940 5941 6044
3 5941 6045 6044
3 5941 5942 6045
3 5942 6046 6045
3 5942 5943 6046
3 5943 6047 6046
3 5943 5944 6047
3 5944 6048 6047
3 5944 5945 6048
3 5945 6049 6048
3 5945 5946 6049
3 5946 6050 6049
3 5946 5947 6050
3 5947 6051 6050
3 5947 5948 6051
3 5948 6052 6051
3 5948 5949 6052
3 5949 6053 6052
3 5949 5950 6053
3 5950 5951 6053
3 6053 5951 6054
3 5951 5952 6054
3 6054 5952 6055
3 5952 5953 6055
3 6055 5953 6056
3 5953 6057 6056
3 5953 5954 6057
3 5954 6058 6057
3 5954 5955 6058
3 5955 6059 6058
3 5955 5956 6059
3 5956 6060 6059
3 5956 5957 6060
3 5957 6061 6060
3 5957 5958 6061
3 5958 6062 6061
3 5958 5959 6062
3 5959 6063 6062
3 5959 5960 6063
3 5960 6064 6063
3 5960 5961 6064
3 5961 5962 6064
3 6064 5962 6065
3 5962 6066 6065
3 5962 5963 6066
3 5963 6067 6066
3 5963 5964 6067
3 5964 6068 6067
3 5964 5965 6068
3 5965 6069 6068
3 5965 5966 6069
3 5966 6070 6069
3 5966 5967 6070
3 5967 6071 6070
3 5967 5968 6071
3 5968 5969 6071
3 6071 5969 6072
3 5969 5970 6072
3 6072 5970 6073
3 5970 5971 6073
3 6073 5971 6074
3 5971 5972 6074
3 6074 5972 6075
3 5972 6076 6075
3 5972 5973 6076
3 5973 6077 6076
3 5973 5974 6077
3 5974 6078 6077
3 5974 5975 6078
3 5975 6079 6078
3 5975 5976 6079
3 5976 5977 6079
3 6079 5977 6080
3 5977 5978 6080
3 6080 5978 6081
3 5978 5979 6081
3 6081 5979 6082
3 5979 5980 6082
3 6082 5980 6083
3 5980 5981 6083
3 6083 5981 6084
3 5981 6085 6084
3 5981 5982 6085
3 5982 6086 6085
3 5982 5983 6086
3 5983 6087 6086
3 5983 5984 6087
3 5984 6088 6087
3 5984 5985 6088
3 5985 6089 6088
3 5985 5986 6089
3 5986 6090 6089
3 5986 5987 6090
3 5987 6091 6090
3 5987 5988 6091
3 5988 5989 6091
3 6091 5989 6092
3 5989 5990 6092
3 6092 5990 6093
3 5990 5991 6093
3 6093 5991 6094
3 5991 6095 6094
3 5991 5992 6095
3 5992 5993 6095
3 6095 5993 6096
3 5993 5994 6096
3 6096 5994 6097
3 5994 5995 6097
3 6097 5995 6098
3 5995 5996 6098
3 6098 5996 6099
3 5996 5997 6099
3 6099 5997 6100
3 5997 6101 6100
3 5997 5998 6101
3 5998 5999 6101
3 6101 5999 6102
3 5999 6103 6102
3 5999 6000 6103
3 6000 6104 6103
3 6000 6001 6104
3 6001 6105 6104
3 6001 6002 6105
3 6002 6106 6105
3 6002 6003 6106
3 6003 6004 6106
3 6106 6004 6107
3 6004 6005 6107
3 6107 6005 6108
3 6005 6006 6108
3 6108 6006 6109
3 6006 6007 6109
3 6109 6007 6110
3 6007 6008 6110
3 6110 6008 6111
3 6008 6009 6111
3 6111 6009 6112
3 6009 6010 6112
3 6112 6010 6113
3 6010 6011 6113
3 6113 6011 6114
3 6011 6012 6114
3 6114 6012 6115
3 6012 6013 6115
3 6115 6013 6116
3 6013 6014 6116
3 6116 6014 6117
3 6014 6015 6117
3 6117 6015 6118
3 6015 6016 6118
3 6118 6016 6119
3 6016 6120 6119
3 6016 6017 6120
3 6017 6121 6120
3 6017 6018 6121
3 6018 6122 6121
3 6018 6019 6122
3 6019 6020 6122
3 6122 6020 6123
3 6020 6021 6123
3 6123 6021 6124
3 6021 6022 6124
3 6124 6022 6125
3 6022 6023 6125
3 6125 6023 6126
3 6023 6024 6126
3 6126 6024 6127
3 6024 6025 6127
3 6127 6025 6128
3 6025 6026 6128
3 6128 6026 6129
3 6026 6027 6129
3 6129 6027 6130
3 6131 6028 6132
3 6028 6029 6132
3 6132 6029 6133
3 6029 6134 6133
3 6029 6030 6134
3 6030 6135 6134
3 6030 6031 6135
3 6031 6136 6135
3 6031 6032 6136
3 6032 6033 6136
3 6136 6033 6137
3 6033 6034 6137
3 6137 6034 6138
3 6034 6035 6138
3 6138 6035 6139
3 6035 6036 6139
3 6139 6036 6140
3 6036 6037 6140
3 6140 6037 6141
3 6037 6038 6141
3 6141 6038 6142
3 6038 6143 6142
3 6038 6039 6143
3 6039 6144 6143
3 6039 6040 6144
3 6040 6145 6144
3 6040 6041 6145
3 6041 6042 6145
3 6145 6042 6146
3 6042 6043 6146
3 6146 6043 6147
3 6043 6148 6147
3 6043 6044 6148
3 6044 6149 6148
3 6044 6045 6149
3 6045 6150 6149
3 6045 6046 6150
3 6046 6151 6150
3 6046 6047 6151
3 6047 6152 6151
3 6047 6048 6152
3 6048 6153 6152
3 6048 6049 6153
3 6049 6154 6153
3 6049 6050 6154
3 6050 6155 6154
3 6050 6051 6155
3 6051 6156 6155
3 6051 6052 6156
3 6052 6157 6156
3 6052 6053 6157
3 6053 6054 6157
3 6157 6054 6158
3 6054 6055 6158
3 6158 6055 6159
3 6055 6056 6159
3 6159 6056 6160
3 6056 6161 6160
3 6056 6057 6161
3 6057 6162 6161
3 6057 6058 6162
3 6058 6163 6162
3 6058 6059 6163
3 6059 6164 6163
3 6059 6060 6164
3 6060 6165 6164
3 6060 6061 6165
3 6061 6166 6165
3 6061 6062 6166
3 6062 6167 6166
3 6062 6063 6167
3 6063 6168 6167
3 6063 6064 6168
3 6064 6065 6168
3 6168 6065 6169
3 6065 6170 6169
3 6065 6066 6170
3 6066 6171 6170
3 6066 6067 6171
3 6067 6172 6171
3 6067 6068 6172
3 6068 6173 6172
3 6068 6069 6173
3 6069 6174 6173
3 6069 6070 6174
3 6070 6175 6174
3 6070 6071 6175
3 6071 6176 6175
3 6071 6072 6176
3 6072 6073 6176
3 6176 6073 6177
3 6073 6074 6177
3 6177 6074 6178
3 6074 6179 6178
3 6074 6075 6179
3 6075 6180 6179
3 6075 6076 6180
3 6076 6181 6180
3 6076 6077 6181
3 6077 6182 6181
3 6077 6078 6182
3 6078 6183 6182
3 6078 6079 6183
3 6079 6080 6183
3 6183 6080 6184
3 6080 6081 6184
3 6184 6081 6185
3 6081 6082 6185
3 6185 6082 6186
3 6082 6083 6186
3 6186 6083 6187
3 6083 6084 6187
3 6187 6084 6188
3 6084 6189 6188
3 6084 6085 6189
3 6085 6190 6189
3 6085 6086 6190
3 6086 6191 6190
3 6086 6087 6191
3 6087 6192 6191
3 6087 6088 6192
3 6088 6193 6192
3 6088 6089 6193
3 6089 6194 6193
3 6089 6090 6194
3 6090 6195 6194
3 6090 6091 6195
3 6091 6196 6195
3 6091 6092 6196
3 6092 6093 6196
3 6196 6093 6197
3 6093 6198 6197
3 6093 6094 6198
3 6094 6199 6198
3 6094 6095 6199
3 6095 6200 6199
3 6095 6096 6200
3 6096 6201 6200
3 6096 6097 6201
3 6097 6202 6201
3 6097 6098 6202
3 6098 6099 6202
3 6202 6099 6203
3 6099 6204 6203
3 6099 6100 6204
3 6100 6205 6204
3 6100 6101 6205
3 6101 6206 6205
3 6101 6102 6206
3 6102 6207 6206
3 6102 6103 6207
3 6103 6208 6207
3 6103 6104 6208
3 6104 6209 6208
3 6104 6105 6209
3 6105 6210 6209
3 6105 6106 6210
3 6106 6211 6210
3 6106 6107 6211
3 6107 6108 6211
3 6211 6108 6212
3 6108 6109 6212
3 6212 6109 6213
3 6109 6110 6213
3 6213 6110 6214
3 6110 6111 6214
3 6214 6111 6215
3 6111 6112 6215
3 6215 6112 6216
3 6112 6113 6216
3 6216 6113 6217
3 6113 6114 6217
3 6217 6114 6218
3 6114 6115 6218
3 6218 6115 6219
3 6115 6116 6219
3 6219 6116 6220
3 6116 6117 6220
3 6220 6117 6221
3 6117 6118 6221
3 6221 6118 6222
3 6118 6119 6222
3 6222 6119 6223
3 6119 6224 6223
3 6119 6120 6224
3 6120 6225 6224
3 6120 6121 6225
3 6121 6226 6225
3 6121 6122 6226
3 6122 6123 6226
3 6226 6123 6227
3 6123 6124 6227
3 6227 6124 6228
3 6124 6125 6228
3 6228 6125 6229
3 6125 6126 6229
3 6229 6126 6230
3 6126 6127 6230
3 6230 6127 6231
3 6127 6128 6231
3 6231 6128 6232
3 6128 6129 6232
3 6232 6129 6233
3 6129 6130 6233
3 6233 6130 6234
3 6235 6132 6236
3 6132 6133 6236
3 6236 6133 6237
3 6133 6238 6237
3 6133 6134 6238
3 6134 6239 6238
3 6134 6135 6239
3 6135 6136 6239
3 6239 6136 6240
3 6136 6137 6240
3 6240 6137 6241
3 6137 6138 6241
3 6241 6138 6242
3 6138 6139 6242
3 6242 6139 6243
3 6139 6140 6243
3 6243 6140 6244
3 6140 6141 6244
3 6244 6141 6245
3 6141 6142 6245
3 6245 6142 6246
3 6142 6247 6246
3 6142 6143 6247
3 6143 6248 6247
3 6143 6144 6248
3 6144 6145 6248
3 6248 6145 6249
3 6145 6146 6249
3 6249 6146 6250
3 6146 6147 6250
3 6250 6147 6251
3 6147 6252 6251
3 6147 6148 6252
3 6148 6253 6252
3 6148 6149 6253
3 6149 6254 6253
3 6149 6150 6254
3 6150 6255 6254
3 6150 6151 6255
3 6151 6256 6255
3 6151 6152 6256
3 6152 6257 6256
3 6152 6153 6257
3 6153 6258 6257
3 6153 6154 6258
3 6154 6259 6258
3 6154 6155 6259
3 6155 6260 6259
3 6155 6156 6260
3 6156 6261 6260
3 6156 6157 6261
3 6157 6158 6261
3 6261 6158 6262
3 6158 6159 6262
3 6262 6159 6263
3 6159 6160 6263
3 6263 6160 6264
3 6160 6161 6264
3 6264 6161 6265
3 6161 6266 6265
3 6161 6162 6266
3 6162 6267 6266
3 6162 6163 6267
3 6163 6268 6267
3 6163 6164 6268
3 6164 6269 6268
3 6164 6165 6269
3 6165 6270 6269
3 6165 6166 6270
3 6166 6271 6270
3 6166 6167 6271
3 6167 6168 6271
3 6271 6168 6272
3 6168 6169 6272
3 6272 6169 6273
3 6169 6274 6273
3 6169 6170 6274
3 6170 6275 6274
3 6170 6171 6275
3 6171 6276 6275
3 6171 6172 6276
3 6172 6277 6276
3 6172 6173 6277
3 6173 6278 6277
3 6173 6174 6278
3 6174 6279 6278
3 6174 6175 6279
3 6175 6280 6279
3 6175 6176 6280
3 6176 6177 6280
3 6280 6177 6281
3 6177 6178 6281
3 6281 6178 6282
3 6178 6179 6282
3 6282 6179 6283
3 6179 6284 6283
3 6179 6180 6284
3 6180 6285 6284
3 6180 6181 6285
3 6181 6286 6285
3 6181 6182 6286
3 6182 6287 6286
3 6182 6183 6287
3 6183 6184 6287
3 6287 6184 6288
3 6184 6185 6288
3 6288 6185 6289
3 6185 6186 6289
3 6289 6186 6290
3 6186 6187 6290
3 6290 6187 6291
3 6187 6188 6291
3 6291 6188 6292
3 6188 6293 6292
3 6188 6189 6293
3 6189 6294 6293
3 6189 6190 6294
3 6190 6295 6294
3 6190 6191 6295
3 6191 6296 6295
3 6191 6192 6296
3 6192 6297 6296
3 6192 6193 6297
3 6193 6298 6297
3 6193 6194 6298
3 6194 6299 6298
3 6194 6195 6299
3 6195 6196 6299
3 6299 6196 6300
3 6196 6197 6300
3 6300 6197 6301
3 6197 6198 6301
3 6301 6198 6302
3 6198 6303 6302
3 6198 6199 6303
3 6199 6304 6303
3 6199 6200 6304
3 6200 6305 6304
3 6200 6201 6305
3 6201 6306 6305
3 6201 6202 6306
3 6202 6203 6306
3 6306 6203 6307
3 6203 6308 6307
3 6203 6204 6308
3 6204 6309 6308
3 6204 6205 6309
3 6205 6310 6309
3 6205 6206 6310
3 6206 6311 6310
3 6206 6207 6311
3 6207 6312 6311
3 6207 6208 6312
3 6208 6313 6312
3 6208 6209 6313
3 6209 6314 6313
3 6209 6210 6314
3 6210 6315 6314
3 6210 6211 6315
3 6211 6212 6315
3 6315 6212 6316
3 6212 6213 6316
3 6316 6213 6317
3 6213 6214 6317
3 6317 6214 6318
3 6214 6215 6318
3 6318 6215 6319
3 6215 6216 6319
3 6319 6216 6320
3 6216 6217 6320
3 6320 6217 6321
3 6217 6218 6321
3 6321 6218 6322
3 6218 6219 6322
3 6322 6219 6323
3 6219 6220 6323
3 6323 6220 6324
3 6220 6221 6324
3 6324 6221 6325
3 6221 6222 6325
3 6325 6222 6326
3 6222 6223 6326
3 6326 6223 6327
3 6223 6328 6327
3 6223 6224 6328
3 6224 6329 6328
3 6224 6225 6329
3 6225 6330 6329
3 6225 6226 6330
3 6226 6227 6330
3 6330 6227 6331
3 6227 6228 6331
3 6331 6228 6332
3 6228 6229 6332
3 6332 6229 6333
3 6229 6230 6333
3 6333 6230 6334
3 6230 6231 6334
3 6334 6231 6335
3 6231 6232 6335
3 6335 6232 6336
3 6232 6233 6336
3 6336 6233 6337
3 6233 6234 6337
3 6337 6234 6338
3 6235 6236 6339
3 6339 6236 6340
3 6236 6237 6340
3 6340 6237 6341
3 6237 6238 6341
3 6341 6238 6342
3 6238 6239 6342
3 6342 6239 6343
3 6239 6240 6343
3 6343 6240 6344
3 6240 6241 6344
3 6344 6241 6345
3 6241 6242 6345
3 6345 6242 6346
3 6242 6243 6346
3 6346 6243 6347
3 6243 6244 6347
3 6347 6244 6348
3 6244 6245 6348
3 6348 6245 6349
3 6245 6246 6349
3 6349 6246 6350
3 6246 6247 6350
3 6350 6247 6351
3 6247 6352 6351
3 6247 6248 6352
3 6248 6249 6352
3 6352 6249 6353
3 6249 6250 6353
3 6353 6250 6354
3 6250 6251 6354
3 6354 6251 6355
3 6251 6252 6355
3 6355 6252 6356
3 6252 6357 6356
3 6252 6253 6357
3 6253 6358 6357
3 6253 6254 6358
3 6254 6359 6358
3 6254 6255 6359
3 6255 6360 6359
3 6255 6256 6360
3 6256 6361 6360
3 6256 6257 6361
3 6257 6362 6361
3 6257 6258 6362
3 6258 6363 6362
3 6258 6259 6363
3 6259 6364 6363
3 6259 6260 6364
3 6260 6261 6364
3 6364 6261 6365
3 6261 6262 6365
3 6365 6262 6366
3 6262 6263 6366
3 6366 6263 6367
3 6263 6264 6367
3 6367 6264 6368
3 6264 6265 6368
3 6368 6265 6369
3 6265 6370 6369
3 6265 6266 6370
3 6266 6371 6370
3 6266 6267 6371
3 6267 6372 6371
3 6267 6268 6372
3 6268 6373 6372
3 6268 6269 6373
3 6269 6270 6373
3 6373 6270 6374
3 6270 6271 6374
3 6374 6271 6375
3 6271 6272 6375
3 6375 6272 6376
3 6272 6273 6376
3 6376 6273 6377
3 6273 6274 6377
3 6377 6274 6378
3 6274 6379 6378
3 6274 6275 6379
3 6275 6380 6379
3 6275 6276 6380
3 6276 6381 6380
3 6276 6277 6381
3 6277 6278 6381
3 6381 6278 6382
3 6278 6279 6382
3 6382 6279 6383
3 6279 6280 6383
3 6383 6280 6384
3 6280 6281 6384
3 6384 6281 6385
3 6281 6282 6385
3 6385 6282 6386
3 6282 6283 6386
3 6386 6283 6387
3 6283 6388 6387
3 6283 6284 6388
3 6284 6389 6388
3 6284 6285 6389
3 6285 6390 6389
3 6285 6286 6390
3 6286 6391 6390
3 6286 6287 6391
3 6287 6288 6391
3 6391 6288 6392
3 6288 6289 6392
3 6392 6289 6393
3 6289 6290 6393
3 6393 6290 6394
3 6290 6291 6394
3 6394 6291 6395
3 6291 6292 6395
3 6395 6292 6396
3 6292 6397 6396
3 6292 6293 6397
3 6293 6398 6397
3 6293 6294 6398
3 6294 6399 6398
3 6294 6295 6399
3 6295 6400 6399
3 6295 6296 6400
3 6296 6401 6400
3 6296 6297 6401
3 6297 6402 6401
3 6297 6298 6402
3 6298 6403 6402
3 6298 6299 6403
3 6299 6300 6403
3 6403 6300 6404
3 6300 6301 6404
3 6404 6301 6405
3 6301 6302 6405
3 6405 6302 6406
3 6302 6407 6406
3 6302 6303 6407
3 6303 6304 6407
3 6407 6304 6408
3 6304 6305 6408
3 6408 6305 6409
3 6305 6306 6409
3 6409 6306 6410
3 6306 6307 6410
3 6410 6307 6411
3 6307 6308 6411
3 6411 6308 6412
3 6308 6413 6412
3 6308 6309 6413
3 6309 6310 6413
3 6413 6310 6414
3 6310 6415 6414
3 6310 6311 6415
3 6311 6416 6415
3 6311 6312 6416
3 6312 6417 6416
3 6312 6313 6417
3 6313 6418 6417
3 6313 6314 6418
3 6314 6315 6418
3 6418 6315 6419
3 6315 6316 6419
3 6419 6316 6420
3 6316 6317 6420
3 6420 6317 6421
3 6317 6318 6421
3 6421 6318 6422
3 6318 6319 6422
3 6422 6319 6423
3 6319 6320 6423
3 6423 6320 6424
3 6320 6321 6424
3 6424 6321 6425
3 6321 6322 6425
3 6425 6322 6426
3 6322 6323 6426
3 6426 6323 6427
3 6323 6324 6427
3 6427 6324 6428
3 6324 6325 6428
3 6428 6325 6429
3 6325 6326 6429
3 6429 6326 6430
3 6326 6327 6430
3 6430 6327 6431
3 6327 6432 6431
3 6327 6328 6432
3 6328 6433 6432
3 6328 6329 6433
3 6329 6330 6433
3 6433 6330 6434
3 6330 6331 6434
3 6434 6331 6435
3 6331 6332 6435
3 6435 6332 6436
3 6332 6333 6436
3 6436 6333 6437
3 6333 6334 6437
3 6437 6334 6438
3 6334 6335 6438
3 6438 6335 6439
3 6335 6336 6439
3 6439 6336 6440
3 6336 6337 6440
3 6440 6337 6441
3 6337 6338 6441
3 6339 6340 6442
3 6442 6340 6443
3 6340 6341 6443
3 6443 6341 6444
3 6341 6342 6444
3 6444 6342 6445
3 6342 6343 6445
3 6445 6343 6446
3 6343 6344 6446
3 6446 6344 6447
3 6344 6345 6447
3 6447 6345 6448
3 6345 6346 6448
3 6448 6346 6449
3 6346 6347 6449
3 6449 6347 6450
3 6347 6348 6450
3 6450 6348 6451
3 6348 6349 6451
3 6451 6349 6452
3 6349 6350 6452
3 6452 6350 6453
3 6350 6351 6453
3 6453 6351 6454
3 6351 6352 6454
3 6454 6352 6455
3 6352 6353 6455
3 6455 6353 6456
3 6353 6354 6456
3 6456 6354 6457
3 6354 6355 6457
3 6457 6355 6458
3 6355 6356 6458
3 6458 6356 6459
3 6356 6460 6459
3 6356 6357 6460
3 6357 6358 6460
3 6460 6358 6461
3 6358 6359 6461
3 6461 6359 6462
3 6359 6463 6462
3 6359 6360 6463
3 6360 6464 6463
3 6360 6361 6464
3 6361 6465 6464
3 6361 6362 6465
3 6362 6466 6465
3 6362 6363 6466
3 6363 6364 6466
3 6466 6364 6467
3 6364 6365 6467
3 6467 6365 6468
3 6365 6366 6468
3 6468 6366 6469
3 6366 6367 6469
3 6469 6367 6470
3 6367 6368 6470
3 6470 6368 6471
3 6368 6369 6471
3 6471 6369 6472
3 6369 6473 6472
3 6369 6370 6473
3 6370 6474 6473
3 6370 6371 6474
3 6371 6475 6474
3 6371 6372 6475
3 6372 6476 6475
3 6372 6373 6476
3 6373 6374 6476
3 6476 6374 6477
3 6374 6375 6477
3 6477 6375 6478
3 6375 6376 6478
3 6478 6376 6479
3 6376 6377 6479
3 6479 6377 6480
3 6377 6378 6480
3 6480 6378 6481
3 6378 6482 6481
3 6378 6379 6482
3 6379 6483 6482
3 6379 6380 6483
3 6380 6484 6483
3 6380 6381 6484
3 6381 6485 6484
3 6381 6382 6485
3 6382 6383 6485
3 6485 6383 6486
3 6383 6384 6486
3 6486 6384 6487
3 6384 6385 6487
3 6487 6385 6488
3 6385 6386 6488
3 6488 6386 6489
3 6386 6387 6489
3 6489 6387 6490
3 6387 6388 6490
3 6490 6388 6491
3 6388 6492 6491
3 6388 6389 6492
3 6389 6493 6492
3 6389 6390 6493
3 6390 6391 6493
3 6493 6391 6494
3 6391 6392 6494
3 6494 6392 6495
3 6392 6393 6495
3 6495 6393 6496
3 6393 6394 6496
3 6496 6394 6497
3 6394 6395 6497
3 6497 6395 6498
3 6395 6396 6498
3 6498 6396 6499
3 6396 6397 6499
3 6499 6397 6500
3 6397 6398 6500
3 6500 6398 6501
3 6398 6502 6501
3 6398 6399 6502
3 6399 6503 6502
3 6399 6400 6503
3 6400 6504 6503
3 6400 6401 6504
3 6401 6505 6504
3 6401 6402 6505
3 6402 6506 6505
3 6402 6403 6506
3 6403 6404 6506
3 6506 6404 6507
3 6404 6405 6507
3 6507 6405 6508
3 6405 6406 6508
3 6508 6406 6509
3 6406 6407 6509
3 6509 6407 6510
3 6407 6408 6510
3 6510 6408 6511
3 6408 6409 6511
3 6511 6409 6512
3 6409 6410 6512
3 6512 6410 6513
3 6410 6411 6513
3 6513 6411 6514
3 6411 6412 6514
3 6514 6412 6515
3 6412 6413 6515
3 6515 6413 6516
3 6413 6414 6516
3 6516 6414 6517
3 6414 6415 6517
3 6517 6415 6518
3 6415 6519 6518
3 6415 6416 6519
3 6416 6520 6519
3 6416 6417 6520
3 6417 6521 6520
3 6417 6418 6521
3 6418 6419 6521
3 6521 6419 6522
3 6419 6420 6522
3 6522 6420 6523
3 6420 6421 6523
3 6523 6421 6524
3 6421 6422 6524
3 6524 6422 6525
3 6422 6423 6525
3 6525 6423 6526
3 6423 6424 6526
3 6526 6424 6527
3 6424 6425 6527
3 6527 6425 6528
3 6425 6426 6528
3 6528 6426 6529
3 6426 6427 6529
3 6529 6427 6530
3 6427 6428 6530
3 6530 6428 6531
3 6428 6429 6531
3 6531 6429 6532
3 6429 6430 6532
3 6532 6430 6533
3 6430 6431 6533
3 6533 6431 6534
3 6431 6432 6534
3 6534 6432 6535
3 6432 6536 6535
3 6432 6433 6536
3 6433 6434 6536
3 6536 6434 6537
3 6434 6435 6537
3 6537 6435 6538
3 6435 6436 6538
3 6538 6436 6539
3 6436 6437 6539
3 6539 6437 6540
3 6437 6438 6540
3 6540 6438 6541
3 6438 6439 6541
3 6541 6439 6542
3 6439 6440 6542
3 6542 6440 6543
3 6440 6441 6543
3 6543 6441 6544
3 6545 6442 6546
3 6442 6443 6546
3 6546 6443 6547
3 6443 6444 6547
3 6547 6444 6548
3 6444 6445 6548
3 6548 6445 6549
3 6445 6446 6549
3 6549 6446 6550
3 6446 6447 6550
3 6550 6447 6551
3 6447 6448 6551
3 6551 6448 6552
3 6448 6449 6552
3 6552 6449 6553
3 6449 6450 6553
3 6553 6450 6554
3 6450 6451 6554
3 6554 6451 6555
3 6451 6452 6555
3 6555 6452 6556
3 6452 6453 6556
3 6556 6453 6557
3 6453 6454 6557
3 6557 6454 6558
3 6454 6455 6558
3 6558 6455 6559
3 6455 6456 6559
3 6559 6456 6560
3 6456 6457 6560
3 6560 6457 6561
3 6457 6458 6561
3 6561 6458 6562
3 6458 6459 6562
3 6562 6459 6563
3 6459 6564 6563
3 6459 6460 6564
3 6460 6565 6564
3 6460 6461 6565
3 6461 6566 6565
3 6461 6462 6566
3 6462 6567 6566
3 6462 6463 6567
3 6463 6568 6567
3 6463 6464 6568
3 6464 6569 6568
3 6464 6465 6569
3 6465 6570 6569
3 6465 6466 6570
3 6466 6467 6570
3 6570 6467 6571
3 6467 6468 6571
3 6571 6468 6572
3 6468 6469 6572
3 6572 6469 6573
3 6469 6470 6573
3 6573 6470 6574
3 6470 6471 6574
3 6574 6471 6575
3 6471 6472 6575
3 6575 6472 6576
3 6472 6577 6576
3 6472 6473 6577
3 6473 6578 6577
3 6473 6474 6578
3 6474 6579 6578
3 6474 6475 6579
3 6475 6580 6579
3 6475 6476 6580
3 6476 6477 6580
3 6580 6477 6581
3 6477 6478 6581
3 6581 6478 6582
3 6478 6479 6582
3 6582 6479 6583
3 6479 6480 6583
3 6583 6480 6584
3 6480 6481 6584
3 6584 6481 6585
3 6481 6586 6585
3 6481 6482 6586
3 6482 6587 6586
3 6482 6483 6587
3 6483 6588 6587
3 6483 6484 6588
3 6484 6589 6588
3 6484 6485 6589
3 6485 6486 6589
3 6589 6486 6590
3 6486 6487 6590
3 6590 6487 6591
3 6487 6488 6591
3 6591 6488 6592
3 6488 6489 6592
3 6592 6489 6593
3 6489 6490 6593
3 6593 6490 6594
3 6490 6491 6594
3 6594 6491 6595
3 6491 6596 6595
3 6491 6492 6596
3 6492 6597 6596
3 6492 6493 6597
3 6493 6494 6597
3 6597 6494 6598
3 6494 6495 6598
3 6598 6495 6599
3 6495 6496 6599
3 6599 6496 6600
3 6496 6497 6600
3 6600 6497 6601
3 6497 6498 6601
3 6601 6498 6602
3 6498 6499 6602
3 6602 6499 6603
3 6499 6500 6603
3 6603 6500 6604
3 6500 6501 6604
3 6604 6501 6605
3 6501 6606 6605
3 6501 6502 6606
3 6502 6607 6606
3 6502 6503 6607
3 6503 6608 6607
3 6503 6504 6608
3 6504 6609 6608
3 6504 6505 6609
3 6505 6610 6609
3 6505 6506 6610
3 6506 6507 6610
3 6610 6507 6611
3 6507 6508 6611
3 6611 6508 6612
3 6508 6509 6612
3 6612 6509 6613
3 6509 6510 6613
3 6613 6510 6614
3 6510 6511 6614
3 6614 6511 6615
3 6511 6512 6615
3 6615 6512 6616
3 6512 6513 6616
3 6616 6513 6617
3 6513 6514 6617
3 6617 6514 6618
3 6514 6515 6618
3 6618 6515 6619
3 6515 6516 6619
3 6619 6516 6620
3 6516 6517 6620
3 6620 6517 6621
3 6517 6518 6621
3 6621 6518 6622
3 6518 6623 6622
3 6518 6519 6623
3 6519 6624 6623
3 6519 6520 6624
3 6520 6521 6624
3 6624 6521 6625
3 6521 6522 6625
3 6625 6522 6626
3 6522 6523 6626
3 6626 6523 6627
3 6523 6524 6627
3 6627 6524 6628
3 6524 6525 6628
3 6628 6525 6629
3 6525 6526 6629
3 6629 6526 6630
3 6526 6527 6630
3 6630 6527 6631
3 6527 6528 6631
3 6631 6528 6632
3 6528 6529 6632
3 6632 6529 6633
3 6529 6530 6633
3 6633 6530 6634
3 6530 6531 6634
3 6634 6531 6635
3 6531 6532 6635
3 6635 6532 6636
3 6532 6533 6636
3 6636 6533 6637
3 6533 6534 6637
3 6637 6534 6638
3 6534 6535 6638
3 6638 6535 6639
3 6535 6536 6639
3 6639 6536 6640
3 6536 6537 6640
3 6640 6537 6641
3 6537 6538 6641
3 6641 6538 6642
3 6538 6539 6642
3 6642 6539 6643
3 6539 6540 6643
3 6643 6540 6644
3 6540 6541 6644
3 6644 6541 6645
3 6541 6542 6645
3 6645 6542 6646
3 6542 6543 6646
3 6646 6543 6647
3 6543 6544 6647
3 6545 6546 6648
3 6648 6546 6649
3 6546 6547 6649
3 6649 6547 6650
3 6547 6548 6650
3 6650 6548 6651
3 6548 6549 6651
3 6651 6549 6652
3 6549 6550 6652
3 6652 6550 6653
3 6550 6551 6653
3 6653 6551 6654
3 6551 6552 6654
3 6654 6552 6655
3 6552 6553 6655
3 6655 6553 6656
3 6553 6554 6656
3 6656 6554 6657
3 6554 6555 6657
3 6657 6555 6658
3 6555 6556 6658
3 6658 6556 6659
3 6556 6557 6659
3 6659 6557 6660
3 6557 6558 6660
3 6660 6558 6661
3 6558 6559 6661
3 6661 6559 6662
3 6559 6560 6662
3 6662 6560 6663
3 6560 6561 6663
3 6663 6561 6664
3 6561 6562 6664
3 6664 6562 6665
3 6562 6563 6665
3 6665 6563 6666
3 6563 6564 6666
3 6666 6564 6667
3 6564 6565 6667
3 6667 6565 6668
3 6565 6566 6668
3 6668 6566 6669
3 6566 6670 6669
3 6566 6567 6670
3 6567 6671 6670
3 6567 6568 6671
3 6568 6672 6671
3 6568 6569 6672
3 6569 6673 6672
3 6569 6570 6673
3 6570 6571 6673
3 6673 6571 6674
3 6571 6572 6674
3 6674 6572 6675
3 6572 6573 6675
3 6675 6573 6676
3 6573 6574 6676
3 6676 6574 6677
3 6574 6575 6677
3 6677 6575 6678
3 6575 6576 6678
3 6678 6576 6679
3 6576 6577 6679
3 6679 6577 6680
3 6577 6681 6680
3 6577 6578 6681
3 6578 6682 6681
3 6578 6579 6682
3 6579 6683 6682
3 6579 6580 6683
3 6580 6581 6683
3 6683 6581 6684
3 6581 6582 6684
3 6684 6582 6685
3 6582 6583 6685
3 6685 6583 6686
3 6583 6584 6686
3 6686 6584 6687
3 6584 6585 6687
3 6687 6585 6688
3 6585 6586 6688
3 6688 6586 6689
3 6586 6690 6689
3 6586 6587 6690
3 6587 6691 6690
3 6587 6588 6691
3 6588 6589 6691
3 6691 6589 6692
3 6589 6590 6692
3 6692 6590 6693
3 6590 6591 6693
3 6693 6591 6694
3 6591 6592 6694
3 6694 6592 6695
3 6592 6593 6695
3 6695 6593 6696
3 6593 6594 6696
3 6696 6594 6697
3 6594 6595 6697
3 6697 6595 6698
3 6595 6596 6698
3 6698 6596 6699
3 6596 6597 6699
3 6699 6597 6700
3 6597 6598 6700
3 6700 6598 6701
3 6598 6599 6701
3 6701 6599 6702
3 6599 6600 6702
3 6702 6600 6703
3 6600 6601 6703
3 6703 6601 6704
3 6601 6602 6704
3 6704 6602 6705
3 6602 6603 6705
3 6705 6603 6706
3 6603 6604 6706
3 6706 6604 6707
3 6604 6605 6707
3 6707 6605 6708
3 6605 6606 6708
3 6708 6606 6709
3 6606 6607 6709
3 6709 6607 6710
3 6607 6608 6710
3 6710 6608 6711
3 6608 6609 6711
3 6711 6609 6712
3 6609 6610 6712
3 6712 6610 6713
3 6610 6611 6713
3 6713 6611 6714
3 6611 6612 6714
3 6714 6612 6715
3 6612 6613 6715
3 6715 6613 6716
3 6613 6614 6716
3 6716 6614 6717
3 6614 6615 6717
3 6717 6615 6718
3 6615 6616 6718
3 6718 6616 6719
3 6616 6617 6719
3 6719 6617 6720
3 6617 6618 6720
3 6720 6618 6721
3 6618 6619 6721
3 6721 6619 6722
3 6619 6620 6722
3 6722 6620 6723
3 6620 6621 6723
3 6723 6621 6724
3 6621 6622 6724
3 6724 6622 6725
3 6622 6623 6725
3 6725 6623 6726
3 6623 6624 6726
3 6726 6624 6727
3 6624 6625 6727
3 6727 6625 6728
3 6625 6626 6728
3 6728 6626 6729
3 6626 6627 6729
3 6729 6627 6730
3 6627 6628 6730
3 6730 6628 6731
3 6628 6629 6731
3 6731 6629 6732
3 6629 6630 6732
3 6732 6630 6733
3 6630 6631 6733
3 6733 6631 6734
3 6631 6632 6734
3 6734 6632 6735
3 6632 6633 6735
3 6735 6633 6736
3 6633 6634 6736
3 6736 6634 6737
3 6634 6635 6737
3 6737 6635 6738
3 6635 6636 6738
3 6738 6636 6739
3 6636 6637 6739
3 6739 6637 6740
3 6637 6638 6740
3 6740 6638 6741
3 6638 6639 6741
3 6741 6639 6742
3 6639 6640 6742
3 6742 6640 6743
3 6640 6641 6743
3 6743 6641 6744
3 6641 6642 6744
3 6744 6642 6745
3 6642 6643 6745
3 6745 6643 6746
3 6643 6644 6746
3 6746 6644 6747
3 6644 6645 6747
3 6747 6645 6748
3 6645 6646 6748
3 6748 6646 6749
3 6646 6647 6749
3 6749 6647 6750
3 6647 6751 6750
3 6752 6648 6753
3 6648 6649 6753
3 6753 6649 6754
3 6649 6650 6754
3 6754 6650 6755
3 6650 6651 6755
3 6755 6651 6756
3 6651 6652 6756
3 6756 6652 6757
3 6652 6653 6757
3 6757 6653 6758
3 6653 6654 6758
3 6758 6654 6759
3 6654 6655 6759
3 6759 6655 6760
3 6655 6656 6760
3 6760 6656 6761
3 6656 6657 6761
3 6761 6657 6762
3 6657 6658 6762
3 6762 6658 6763
3 6658 6659 6763
3 6763 6659 6764
3 6659 6660 6764
3 6764 6660 6765
3 6660 6661 6765
3 6765 6661 6766
3 6661 6662 6766
3 6766 6662 6767
3 6662 6663 6767
3 6767 6663 6768
3 6663 6664 6768
3 6768 6664 6769
3 6664 6665 6769
3 6769 6665 6770
3 6665 6666 6770
3 6770 6666 6771
3 6666 6667 6771
3 6771 6667 6772
3 6667 6668 6772
3 6772 6668 6773
3 6668 6669 6773
3 6773 6669 6774
3 6669 6670 6774
3 6774 6670 6775
3 6670 6671 6775
3 6775 6671 6776
3 6671 6672 6776
3 6776 6672 6777
3 6672 6673 6777
3 6777 6673 6778
3 6673 6674 6778
3 6778 6674 6779
3 6674 6675 6779
3 6779 6675 6780
3 6675 6676 6780
3 6780 6676 6781
3 6676 6677 6781
3 6781 6677 6782
3 6677 6678 6782
3 6782 6678 6783
3 6678 6679 6783
3 6783 6679 6784
3 6679 6680 6784
3 6784 6680 6785
3 6680 6681 6785
3 6785 6681 6786
3 6681 6682 6786
3 6786 6682 6787
3 6682 6683 6787
3 6787 6683 6788
3 6683 6684 6788
3 6788 6684 6789
3 6684 6685 6789
3 6789 6685 6790
3 6685 6686 6790
3 6790 6686 6791
3 6686 6687 6791
3 6791 6687 6792
3 6687 6688 6792
3 6792 6688 6793
3 6688 6689 6793
3 6793 6689 6794
3 6689 6690 6794
3 6794 6690 6795
3 6690 6691 6795
3 6795 6691 6796
3 6691 6692 6796
3 6796 6692 6797
3 6692 6693 6797
3 6797 6693 6798
3 6693 6694 6798
3 6798 6694 6799
3 6694 6695 6799
3 6799 6695 6800
3 6695 6696 6800
3 6800 6696 6801
3 6696 6697 6801
3 6801 6697 6802
3 6697 6698 6802
3 6802 6698 6803
3 6698 6699 6803
3 6803 6699 6804
3 6699 6700 6804
3 6804 6700 6805
3 6700 6701 6805
3 6805 6701 6806
3 6701 6702 6806
3 6806 6702 6807
3 6702 6703 6807
3 6807 6703 6808
3 6703 6704 6808
3 6808 6704 6809
3 6704 6705 6809
3 6809 6705 6810
3 6705 6706 6810
3 6810 6706 6811
3 6706 6707 6811
3 6811 6707 6812
3 6707 6708 6812
3 6812 6708 6813
3 6708 6709 6813
3 6813 6709 6814
3 6709 6710 6814
3 6814 6710 6815
3 6710 6711 6815
3 6815 6711 6816
3 6711 6712 6816
3 6816 6712 6817
3 6712 6713 6817
3 6817 6713 6818
3 6713 6714 6818
3 6818 6714 6819
3 6714 6715 6819
3 6819 6715 6820
3 6715 6716 6820
3 6820 6716 6821
3 6716 6717 6821
3 6821 6717 6822
3 6717 6718 6822
3 6822 6718 6823
3 6718 6719 6823
3 6823 6719 6824
3 6719 6720 6824
3 6824 6720 6825
3 6720 6721 6825
3 6825 6721 6826
3 6721 6722 6826
3 6826 6722 6827
3 6722 6723 6827
3 6827 6723 6828
3 6723 6724 6828
3 6828 6724 6829
3 6724 6725 6829
3 6829 6725 6830
3 6725 6726 6830
3 6830 6726 6831
3 6726 6727 6831
3 6831 6727 6832
3 6727 6728 6832
3 6832 6728 6833
3 6728 6729 6833
3 6833 6729 6834
3 6729 6730 6834
3 6834 6730 6835
3 6730 6731 6835
3 6835 6731 6836
3 6731 6732 6836
3 6836 6732 6837
3 6732 6733 6837
3 6837 6733 6838
3 6733 6734 6838
3 6838 6734 6839
3 6734 6735 6839
3 6839 6735 6840
3 6735 6736 6840
3 6840 6736 6841
3 6736 6737 6841
3 6841 6737 6842
3 6737 6738 6842
3 6842 6738 6843
3 6738 6739 6843
3 6843 6739 6844
3 6739 6740 6844
3 6844 6740 6845
3 6740 6741 6845
3 6845 6741 6846
3 6741 6742 6846
3 6846 6742 6847
3 6742 6743 6847
3 6847 6743 6848
3 6743 6744 6848
3 6848 6744 6849
3 6744 6745 6849
3 6849 6745 6850
3 6745 6746 6850
3 6850 6746 6851
3 6746 6747 6851
3 6851 6747 6852
3 6747 6748 6852
3 6852 6748 6853
3 6748 6749 6853
3 6853 6749 6854
3 6749 6750 6854
3 6855 6752 6856
3 6752 6753 6856
3 6856 6753 6857
3 6753 6754 6857
3 6857 6754 6858
3 6754 6755 6858
3 6858 6755 6859
3 6755 6756 6859
3 6859 6756 6860
3 6756 6757 6860
3 6860 6757 6861
3 6757 6758 6861
3 6861 6758 6862
3 6758 6759 6862
3 6862 6759 6863
3 6759 6760 6863
3 6863 6760 6864
3 6760 6761 6864
3 6864 6761 6865
3 6761 6762 6865
3 6865 6762 6866
3 6762 6763 6866
3 6866 6763 6867
3 6763 6764 6867
3 6867 6764 6868
3 6764 6765 6868
3 6868 6765 6869
3 6765 6766 6869
3 6869 6766 6870
3 6766 6767 6870
3 6870 6767 6871
3 6767 6768 6871
3 6871 6768 6872
3 6768 6769 6872
3 6872 6769 6873
3 6769 6770 6873
3 6873 6770 6874
3 6770 6771 6874
3 6874 6771 6875
3 6771 6772 6875
3 6875 6772 6876
3 6772 6773 6876
3 6876 6773 6877
3 6773 6774 6877
3 6877 6774 6878
3 6774 6775 6878
3 6878 6775 6879
3 6775 6776 6879
3 6879 6776 6880
3 6776 6881 6880
3 6776 6777 6881
3 6777 6778 6881
3 6881 6778 6882
3 6778 6779 6882
3 6882 6779 6883
3 6779 6780 6883
3 6883 6780 6884
3 6780 6781 6884
3 6884 6781 6885
3 6781 6782 6885
3 6885 6782 6886
3 6782 6783 6886
3 6886 6783 6887
3 6783 6784 6887
3 6887 6784 6888
3 6784 6785 6888
3 6888 6785 6889
3 6785 6890 6889
3 6785 6786 6890
3 6786 6891 6890
3 6786 6787 6891
3 6787 6788 6891
3 6891 6788 6892
3 6788 6789 6892
3 6892 6789 6893
3 6789 6790 6893
3 6893 6790 6894
3 6790 6791 6894
3 6894 6791 6895
3 6791 6792 6895
3 6895 6792 6896
3 6792 6793 6896
3 6896 6793 6897
3 6793 6794 6897
3 6897 6794 6898
3 6794 6795 6898
3 6898 6795 6899
3 6795 6796 6899
3 6899 6796 6900
3 6796 6797 6900
3 6900 6797 6901
3 6797 6798 6901
3 6901 6798 6902
3 6798 6799 6902
3 6902 6799 6903
3 6799 6800 6903
3 6903 6800 6904
3 6800 6801 6904
3 6904 6801 6905
3 6801 6802 6905
3 6905 6802 6906
3 6802 6803 6906
3 6906 6803 6907
3 6803 6804 6907
3 6907 6804 6908
3 6804 6805 6908
3 6908 6805 6909
3 6805 6806 6909
3 6909 6806 6910
3 6806 6807 6910
3 6910 6807 6911
3 6807 6808 6911
3 6911 6808 6912
3 6808 6809 6912
3 6912 6809 6913
3 6809 6810 6913
3 6913 6810 6914
3 6810 6811 6914
3 6914 6811 6915
3 6811 6812 6915
3 6915 6812 6916
3 6812 6813 6916
3 6916 6813 6917
3 6813 6814 6917
3 6917 6814 6918
3 6814 6815 6918
3 6918 6815 6919
3 6815 6816 6919
3 6919 6816 6920
3 6816 6817 6920
3 6920 6817 6921
3 6817 6818 6921
3 6921 6818 6922
3 6818 6819 6922
3 6922 6819 6923
3 6819 6820 6923
3 6923 6820 6924
3 6820 6821 6924
3 6924 6821 6925
3 6821 6822 6925
3 6925 6822 6926
3 6822 6823 6926
3 6926 6823 6927
3 6823 6824 6927
3 6927 6824 6928
3 6824 6825 6928
3 6928 6825 6929
3 6825 6826 6929
3 6929 6826 6930
3 6826 6827 6930
3 6930 6827 6931
3 6827 6828 6931
3 6931 6828 6932
3 6828 6829 6932
3 6932 6829 6933
3 6829 6830 6933
3 6933 6830 6934
3 6830 6831 6934
3 6934 6831 6935
3 6831 6832 6935
3 6935 6832 6936
3 6832 6833 6936
3 6936 6833 6937
3 6833 6834 6937
3 6937 6834 6938
3 6834 6835 6938
3 6938 6835 6939
3 6835 6836 6939
3 6939 6836 6940
3 6836 6837 6940
3 6940 6837 6941
3 6837 6838 6941
3 6941 6838 6942
3 6838 6839 6942
3 6942 6839 6943
3 6839 6840 6943
3 6943 6840 6944
3 6840 6841 6944
3 6944 6841 6945
3 6841 6842 6945
3 6945 6842 6946
3 6842 6843 6946
3 6946 6843 6947
3 6843 6844 6947
3 6947 6844 6948
3 6844 6845 6948
3 6948 6845 6949
3 6845 6846 6949
3 6949 6846 6950
3 6846 6847 6950
3 6950 6847 6951
3 6847 6848 6951
3 6951 6848 6952
3 6848 6849 6952
3 6952 6849 6953
3 6849 6850 6953
3 6953 6850 6954
3 6850 6851 6954
3 6954 6851 6955
3 6851 6852 6955
3 6955 6852 6956
3 6852 6853 6956
3 6956 6853 6957
3 6853 6854 6957
3 6957 6854 6958
3 6959 6855 6960
3 6855 6856 6960
3 6960 6856 6961
3 6856 6857 6961
3 6961 6857 6962
3 6857 6858 6962
3 6962 6858 6963
3 6858 6859 6963
3 6963 6859 6964
3 6859 6860 6964
3 6964 6860 6965
3 6860 6861 6965
3 6965 6861 6966
3 6861 6862 6966
3 6966 6862 6967
3 6862 6863 6967
3 6967 6863 6968
3 6863 6864 6968
3 6968 6864 6969
3 6864 6865 6969
3 6969 6865 6970
3 6865 6866 6970
3 6970 6866 6971
3 6866 6867 6971
3 6971 6867 6972
3 6867 6868 6972
3 6972 6868 6973
3 6868 6869 6973
3 6973 6869 6974
3 6869 6870 6974
3 6974 6870 6975
3 6870 6871 6975
3 6975 6871 6976
3 6871 6872 6976
3 6976 6872 6977
3 6872 6873 6977
3 6977 6873 6978
3 6873 6874 6978
3 6978 6874 6979
3 6874 6875 6979
3 6979 6875 6980
3 6875 6876 6980
3 6980 6876 6981
3 6876 6877 6981
3 6981 6877 6982
3 6877 6878 6982
3 6982 6878 6983
3 6878 6984 6983
3 6878 6879 6984
3 6879 6985 6984
3 6879 6880 6985
3 6880 6986 6985
3 6880 6881 6986
3 6881 6987 6986
3 6881 6882 6987
3 6882 6883 6987
3 6987 6883 6988
3 6883 6884 6988
3 6988 6884 6989
3 6884 6885 6989
3 6989 6885 6990
3 6885 6886 6990
3 6990 6886 6991
3 6886 6887 6991
3 6991 6887 6992
3 6887 6888 6992
3 6992 6888 6993
3 6888 6994 6993
3 6888 6889 6994
3 6889 6995 6994
3 6889 6890 6995
3 6890 6996 6995
3 6890 6891 6996
3 6891 6892 6996
3 6996 6892 6997
3 6892 6893 6997
3 6997 6893 6998
3 6893 6894 6998
3 6998 6894 6999
3 6894 6895 6999
3 6999 6895 7000
3 6895 6896 7000
3 7000 6896 7001
3 6896 6897 7001
3 7001 6897 7002
3 6897 7003 7002
3 6897 6898 7003
3 6898 7004 7003
3 6898 6899 7004
3 6899 7005 7004
3 6899 6900 7005
3 6900 6901 7005
3 7005 6901 7006
3 6901 6902 7006
3 7006 6902 7007
3 6902 6903 7007
3 7007 6903 7008
3 6903 6904 7008
3 7008 6904 7009
3 6904 6905 7009
3 7009 6905 7010
3 6905 6906 7010
3 7010 6906 7011
3 6906 6907 7011
3 7011 6907 7012
3 6907 7013 7012
3 6907 6908 7013
3 6908 7014 7013
3 6908 6909 7014
3 6909 6910 7014
3 7014 6910 7015
3 6910 6911 7015
3 7015 6911 7016
3 6911 6912 7016
3 7016 6912 7017
3 6912 6913 7017
3 7017 6913 7018
3 6913 6914 7018
3 7018 6914 7019
3 6914 6915 7019
3 7019 6915 7020
3 6915 6916 7020
3 7020 6916 7021
3 6916 6917 7021
3 7021 6917 7022
3 6917 7023 7022
3 6917 6918 7023
3 6918 7024 7023
3 6918 6919 7024
3 6919 7025 7024
3 6919 6920 7025
3 6920 7026 7025
3 6920 6921 7026
3 6921 7027 7026
3 6921 6922 7027
3 6922 6923 7027
3 7027 6923 7028
3 6923 6924 7028
3 7028 6924 7029
3 6924 6925 7029
3 7029 6925 7030
3 6925 6926 7030
3 7030 6926 7031
3 6926 6927 7031
3 7031 6927 7032
3 6927 6928 7032
3 7032 6928 7033
3 6928 6929 7033
3 7033 6929 7034
3 6929 6930 7034
3 7034 6930 7035
3 6930 6931 7035
3 7035 6931 7036
3 6931 6932 7036
3 7036 6932 7037
3 6932 6933 7037
3 7037 6933 7038
3 6933 6934 7038
3 7038 6934 7039
3 6934 7040 7039
3 6934 6935 7040
3 6935 7041 7040
3 6935 6936 7041
3 6936 6937 7041
3 7041 6937 7042
3 6937 6938 7042
3 7042 6938 7043
3 6938 6939 7043
3 7043 6939 7044
3 6939 6940 7044
3 7044 6940 7045
3 6940 6941 7045
3 7045 6941 7046
3 6941 6942 7046
3 7046 6942 7047
3 6942 6943 7047
3 7047 6943 7048
3 6943 6944 7048
3 7048 6944 7049
3 6944 6945 7049
3 7049 6945 7050
3 6945 6946 7050
3 7050 6946 7051
3 6946 6947 7051
3 7051 6947 7052
3 6947 6948 7052
3 7052 6948 7053
3 6948 6949 7053
3 7053 6949 7054
3 6949 6950 7054
3 7054 6950 7055
3 6950 6951 7055
3 7055 6951 7056
3 6951 6952 7056
3 7056 6952 7057
3 6952 6953 7057
3 7057 6953 7058
3 6953 6954 7058
3 7058 6954 7059
3 6954 6955 7059
3 7059 6955 7060
3 6955 6956 7060
3 7060 6956 7061
3 6956 6957 7061
3 7061 6957 7062
3 6957 6958 7062
3 7063 6959 7064
3 6959 6960 7064
3 7064 6960 7065
3 6960 6961 7065
3 7065 6961 7066
3 6961 6962 7066
3 7066 6962 7067
3 6962 6963 7067
3 7067 6963 7068
3 6963 6964 7068
3 7068 6964 7069
3 6964 6965 7069
3 7069 6965 7070
3 6965 6966 7070
3 7070 6966 7071
3 6966 6967 7071
3 7071 6967 7072
3 6967 6968 7072
3 7072 6968 7073
3 6968 6969 7073
3 7073 6969 7074
3 6969 6970 7074
3 7074 6970 7075
3 6970 6971 7075
3 7075 6971 7076
3 6971 6972 7076
3 7076 6972 7077
3 6972 6973 7077
3 7077 6973 7078
3 6973 6974 7078
3 7078 6974 7079
3 6974 6975 7079
3 7079 6975 7080
3 6975 6976 7080
3 7080 6976 7081
3 6976 6977 7081
3 7081 6977 7082
3 6977 6978 7082
3 7082 6978 7083
3 6978 6979 7083
3 7083 6979 7084
3 6979 6980 7084
3 7084 6980 7085
3 6980 6981 7085
3 7085 6981 7086
3 6981 6982 7086
3 7086 6982 7087
3 6982 7088 7087
3 6982 6983 7088
3 6983 7089 7088
3 6983 6984 7089
3 6984 7090 7089
3 6984 6985 7090
3 6985 7091 7090
3 6985 6986 7091
3 6986 7092 7091
3 6986 6987 7092
3 6987 7093 7092
3 6987 6988 7093
3 6988 7094 7093
3 6988 6989 7094
3 6989 6990 7094
3 7094 6990 7095
3 6990 6991 7095
3 7095 6991 7096
3 6991 6992 7096
3 7096 6992 7097
3 6992 6993 7097
3 7097 6993 7098
3 6993 7099 7098
3 6993 6994 7099
3 6994 7100 7099
3 6994 6995 7100
3 6995 7101 7100
3 6995 6996 7101
3 6996 7102 7101
3 6996 6997 7102
3 6997 6998 7102
3 7102 6998 7103
3 6998 6999 7103
3 7103 6999 7104
3 6999 7000 7104
3 7104 7000 7105
3 7000 7001 7105
3 7105 7001 7106
3 7001 7002 7106
3 7106 7002 7107
3 7002 7108 7107
3 7002 7003 7108
3 7003 7109 7108
3 7003 7004 7109
3 7004 7110 7109
3 7004 7005 7110
3 7005 7111 7110
3 7005 7006 7111
3 7006 7007 7111
3 7111 7007 7112
3 7007 7008 7112
3 7112 7008 7113
3 7008 7009 7113
3 7113 7009 7114
3 7009 7010 7114
3 7114 7010 7115
3 7010 7011 7115
3 7115 7011 7116
3 7011 7117 7116
3 7011 7012 7117
3 7012 7118 7117
3 7012 7013 7118
3 7013 7119 7118
3 7013 7014 7119
3 7014 7120 7119
3 7014 7015 7120
3 7015 7016 7120
3 7120 7016 7121
3 7016 7017 7121
3 7121 7017 7122
3 7017 7018 7122
3 7122 7018 7123
3 7018 7019 7123
3 7123 7019 7124
3 7019 7020 7124
3 7124 7020 7125
3 7020 7021 7125
3 7125 7021 7126
3 7021 7127 7126
3 7021 7022 7127
3 7022 7128 7127
3 7022 7023 7128
3 7023 7129 7128
3 7023 7024 7129
3 7024 7130 7129
3 7024 7025 7130
3 7025 7131 7130
3 7025 7026 7131
3 7026 7132 7131
3 7026 7027 7132
3 7027 7028 7132
3 7132 7028 7133
3 7028 7029 7133
3 7133 7029 7134
3 7029 7030 7134
3 7134 7030 7135
3 7030 7136 7135
3 7030 7031 7136
3 7031 7032 7136
3 7136 7032 7137
3 7032 7033 7137
3 7137 7033 7138
3 7033 7034 7138
3 7138 7034 7139
3 7034 7035 7139
3 7139 7035 7140
3 7035 7036 7140
3 7140 7036 7141
3 7036 7037 7141
3 7141 7037 7142
3 7037 7038 7142
3 7142 7038 7143
3 7038 7144 7143
3 7038 7039 7144
3 7039 7145 7144
3 7039 7040 7145
3 7040 7146 7145
3 7040 7041 7146
3 7041 7147 7146
3 7041 7042 7147
3 7042 7043 7147
3 7147 7043 7148
3 7043 7044 7148
3 7148 7044 7149
3 7044 7045 7149
3 7149 7045 7150
3 7045 7046 7150
3 7150 7046 7151
3 7046 7047 7151
3 7151 7047 7152
3 7047 7048 7152
3 7152 7048 7153
3 7048 7049 7153
3 7153 7049 7154
3 7049 7050 7154
3 7154 7050 7155
3 7050 7051 7155
3 7155 7051 7156
3 7051 7052 7156
3 7156 7052 7157
3 7052 7053 7157
3 7157 7053 7158
3 7053 7054 7158
3 7158 7054 7159
3 7054 7055 7159
3 7159 7055 7160
3 7055 7161 7160
3 7055 7056 7161
3 7056 7162 7161
3 7056 7057 7162
3 7057 7163 7162
3 7057 7058 7163
3 7058 7059 7163
3 7163 7059 7164
3 7059 7060 7164
3 7164 7060 7165
3 7060 7061 7165
3 7165 7061 7166
3 7061 7062 7166
3 7166 7062 7167
3 7063 7064 7168
3 7168 7064 7169
3 7064 7065 7169
3 7169 7065 7170
3 7065 7066 7170
3 7170 7066 7171
3 7066 7067 7171
3 7171 7067 7172
3 7067 7068 7172
3 7172 7068 7173
3 7068 7069 7173
3 7173 7069 7174
3 7069 7070 7174
3 7174 7070 7175
3 7070 7071 7175
3 7175 7071 7176
3 7071 7072 7176
3 7176 7072 7177
3 7072 7073 7177
3 7177 7073 7178
3 7073 7074 7178
3 7178 7074 7179
3 7074 7075 7179
3 7179 7075 7180
3 7075 7076 7180
3 7180 7076 7181
3 7076 7077 7181
3 7181 7077 7182
3 7077 7078 7182
3 7182 7078 7183
3 7078 7079 7183
3 7183 7079 7184
3 7079 7080 7184
3 7184 7080 7185
3 7080 7081 7185
3 7185 7081 7186
3 7081 7082 7186
3 7186 7082 7187
3 7082 7083 7187
3 7187 7083 7188
3 7083 7084 7188
3 7188 7084 7189
3 7084 7085 7189
3 7189 7085 7190
3 7085 7086 7190
3 7190 7086 7191
3 7086 7087 7191
3 7191 7087 7192
3 7087 7193 7192
3 7087 7088 7193
3 7088 7194 7193
3 7088 7089 7194
3 7089 7195 7194
3 7089 7090 7195
3 7090 7196 7195
3 7090 7091 7196
3 7091 7197 7196
3 7091 7092 7197
3 7092 7198 7197
3 7092 7093 7198
3 7093 7199 7198
3 7093 7094 7199
3 7094 7200 7199
3 7094 7095 7200
3 7095 7096 7200
3 7200 7096 7201
3 7096 7097 7201
3 7201 7097 7202
3 7097 7098 7202
3 7202 7098 7203
3 7098 7204 7203
3 7098 7099 7204
3 7099 7205 7204
3 7099 7100 7205
3 7100 7206 7205
3 7100 7101 7206
3 7101 7207 7206
3 7101 7102 7207
3 7102 7208 7207
3 7102 7103 7208
3 7103 7209 7208
3 7103 7104 7209
3 7104 7105 7209
3 7209 7105 7210
3 7105 7106 7210
3 7210 7106 7211
3 7106 7107 7211
3 7211 7107 7212
3 7107 7213 7212
3 7107 7108 7213
3 7108 7214 7213
3 7108 7109 7214
3 7109 7215 7214
3 7109 7110 7215
3 7110 7216 7215
3 7110 7111 7216
3 7111 7217 7216
3 7111 7112 7217
3 7112 7218 7217
3 7112 7113 7218
3 7113 7114 7218
3 7218 7114 7219
3 7114 7115 7219
3 7219 7115 7220
3 7115 7116 7220
3 7220 7116 7221
3 7116 7117 7221
3 7221 7117 7222
3 7117 7223 7222
3 7117 7118 7223
3 7118 7224 7223
3 7118 7119 7224
3 7119 7120 7224
3 7224 7120 7225
3 7120 7121 7225
3 7225 7121 7226
3 7121 7122 7226
3 7226 7122 7227
3 7122 7123 7227
3 7227 7123 7228
3 7123 7124 7228
3 7228 7124 7229
3 7124 7125 7229
3 7229 7125 7230
3 7125 7126 7230
3 7230 7126 7231
3 7126 7127 7231
3 7231 7127 7232
3 7127 7233 7232
3 7127 7128 7233
3 7128 7234 7233
3 7128 7129 7234
3 7129 7235 7234
3 7129 7130 7235
3 7130 7236 7235
3 7130 7131 7236
3 7131 7237 7236
3 7131 7132 7237
3 7132 7133 7237
3 7237 7133 7238
3 7133 7134 7238
3 7238 7134 7239
3 7134 7135 7239
3 7239 7135 7240
3 7135 7136 7240
3 7240 7136 7241
3 7136 7137 7241
3 7241 7137 7242
3 7137 7138 7242
3 7242 7138 7243
3 7138 7139 7243
3 7243 7139 7244
3 7139 7140 7244
3 7244 7140 7245
3 7140 7141 7245
3 7245 7141 7246
3 7141 7142 7246
3 7246 7142 7247
3 7142 7143 7247
3 7247 7143 7248
3 7143 7249 7248
3 7143 7144 7249
3 7144 7250 7249
3 7144 7145 7250
3 7145 7251 7250
3 7145 7146 7251
3 7146 7252 7251
3 7146 7147 7252
3 7147 7148 7252
3 7252 7148 7253
3 7148 7149 7253
3 7253 7149 7254
3 7149 7150 7254
3 7254 7150 7255
3 7150 7151 7255
3 7255 7151 7256
3 7151 7152 7256
3 7256 7152 7257
3 7152 7153 7257
3 7257 7153 7258
3 7153 7154 7258
3 7258 7154 7259
3 7154 7155 7259
3 7259 7155 7260
3 7155 7156 7260
3 7260 7156 7261
3 7156 7157 7261
3 7261 7157 7262
3 7157 7158 7262
3 7262 7158 7263
3 7158 7159 7263
3 7263 7159 7264
3 7159 7160 7264
3 7264 7160 7265
3 7160 7266 7265
3 7160 7161 7266
3 7161 7267 7266
3 7161 7162 7267
3 7162 7163 7267
3 7267 7163 7268
3 7163 7164 7268
3 7268 7164 7269
3 7164 7165 7269
3 7269 7165 7270
3 7165 7166 7270
3 7270 7166 7271
3 7166 7167 7271
3 7271 7167 7272
3 7273 7168 7274
3 7168 7169 7274
3 7274 7169 7275
3 7169 7170 7275
3 7275 7170 7276
3 7170 7171 7276
3 7276 7171 7277
3 7171 7172 7277
3 7277 7172 7278
3 7172 7173 7278
3 7278 7173 7279
3 7173 7174 7279
3 7279 7174 7280
3 7174 7175 7280
3 7280 7175 7281
3 7175 7176 7281
3 7281 7176 7282
3 7176 7177 7282
3 7282 7177 7283
3 7177 7178 7283
3 7283 7178 7284
3 7178 7179 7284
3 7284 7179 7285
3 7179 7180 7285
3 7285 7180 7286
3 7180 7181 7286
3 7286 7181 7287
3 7181 7288 7287
3 7181 7182 7288
3 7182 7289 7288
3 7182 7183 7289
3 7183 7184 7289
3 7289 7184 7290
3 7184 7185 7290
3 7290 7185 7291
3 7185 7186 7291
3 7291 7186 7292
3 7186 7187 7292
3 7292 7187 7293
3 7187 7188 7293
3 7293 7188 7294
3 7188 7189 7294
3 7294 7189 7295
3 7189 7190 7295
3 7295 7190 7296
3 7190 7191 7296
3 7296 7191 7297
3 7191 7192 7297
3 7297 7192 7298
3 7192 7193 7298
3 7298 7193 7299
3 7193 7300 7299
3 7193 7194 7300
3 7194 7301 7300
3 7194 7195 7301
3 7195 7302 7301
3 7195 7196 7302
3 7196 7303 7302
3 7196 7197 7303
3 7197 7304 7303
3 7197 7198 7304
3 7198 7305 7304
3 7198 7199 7305
3 7199 7200 7305
3 7305 7200 7306
3 7200 7201 7306
3 7306 7201 7307
3 7201 7202 7307
3 7307 7202 7308
3 7202 7203 7308
3 7308 7203 7309
3 7203 7310 7309
3 7203 7204 7310
3 7204 7311 7310
3 7204 7205 7311
3 7205 7312 7311
3 7205 7206 7312
3 7206 7313 7312
3 7206 7207 7313
3 7207 7314 7313
3 7207 7208 7314
3 7208 7209 7314
3 7314 7209 7315
3 7209 7210 7315
3 7315 7210 7316
3 7210 7211 7316
3 7316 7211 7317
3 7211 7212 7317
3 7317 7212 7318
3 7212 7319 7318
3 7212 7213 7319
3 7213 7320 7319
3 7213 7214 7320
3 7214 7321 7320
3 7214 7215 7321
3 7215 7322 7321
3 7215 7216 7322
3 7216 7217 7322
3 7322 7217 7323
3 7217 7218 7323
3 7323 7218 7324
3 7218 7219 7324
3 7324 7219 7325
3 7219 7220 7325
3 7325 7220 7326
3 7220 7221 7326
3 7326 7221 7327
3 7221 7222 7327
3 7327 7222 7328
3 7222 7329 7328
3 7222 7223 7329
3 7223 7330 7329
3 7223 7224 7330
3 7224 7225 7330
3 7330 7225 7331
3 7225 7226 7331
3 7331 7226 7332
3 7226 7227 7332
3 7332 7227 7333
3 7227 7228 7333
3 7333 7228 7334
3 7228 7229 7334
3 7334 7229 7335
3 7229 7230 7335
3 7335 7230 7336
3 7230 7231 7336
3 7336 7231 7337
3 7231 7232 7337
3 7337 7232 7338
3 7232 7339 7338
3 7232 7233 7339
3 7233 7340 7339
3 7233 7234 7340
3 7234 7341 7340
3 7234 7235 7341
3 7235 7342 7341
3 7235 7236 7342
3 7236 7343 7342
3 7236 7237 7343
3 7237 7238 7343
3 7343 7238 7344
3 7238 7239 7344
3 7344 7239 7345
3 7239 7240 7345
3 7345 7240 7346
3 7240 7347 7346
3 7240 7241 7347
3 7241 7242 7347
3 7347 7242 7348
3 7242 7243 7348
3 7348 7243 7349
3 7243 7244 7349
3 7349 7244 7350
3 7244 7245 7350
3 7350 7245 7351
3 7245 7246 7351
3 7351 7246 7352
3 7246 7247 7352
3 7352 7247 7353
3 7247 7248 7353
3 7353 7248 7354
3 7248 7355 7354
3 7248 7249 7355
3 7249 7356 7355
3 7249 7250 7356
3 7250 7357 7356
3 7250 7251 7357
3 7251 7358 7357
3 7251 7252 7358
3 7252 7253 7358
3 7358 7253 7359
3 7253 7254 7359
3 7359 7254 7360
3 7254 7255 7360
3 7360 7255 7361
3 7255 7256 7361
3 7361 7256 7362
3 7256 7257 7362
3 7362 7257 7363
3 7257 7258 7363
3 7363 7258 7364
3 7258 7259 7364
3 7364 7259 7365
3 7259 7260 7365
3 7365 7260 7366
3 7260 7261 7366
3 7366 7261 7367
3 7261 7262 7367
3 7367 7262 7368
3 7262 7263 7368
3 7368 7263 7369
3 7263 7264 7369
3 7369 7264 7370
3 7264 7265 7370
3 7370 7265 7371
3 7265 7266 7371
3 7371 7266 7372
3 7266 7267 7372
3 7372 7267 7373
3 7267 7268 7373
3 7373 7268 7374
3 7268 7269 7374
3 7374 7269 7375
3 7269 7270 7375
3 7375 7270 7376
3 7270 7271 7376
3 7376 7271 7377
3 7271 7272 7377
3 7273 7274 7378
3 7378 7274 7379
3 7274 7275 7379
3 7379 7275 7380
3 7275 7276 7380
3 7380 7276 7381
3 7276 7277 7381
3 7381 7277 7382
3 7277 7278 7382
3 7382 7278 7383
3 7278 7279 7383
3 7383 7279 7384
3 7279 7280 7384
3 7384 7280 7385
3 7280 7281 7385
3 7385 7281 7386
3 7281 7387 7386
3 7281 7282 7387
3 7282 7283 7387
3 7387 7283 7388
3 7283 7284 7388
3 7388 7284 7389
3 7284 7390 7389
3 7284 7285 7390
3 7285 7391 7390
3 7285 7286 7391
3 7286 7392 7391
3 7286 7287 7392
3 7287 7393 7392
3 7287 7288 7393
3 7288 7394 7393
3 7288 7289 7394
3 7289 7290 7394
3 7394 7290 7395
3 7290 7396 7395
3 7290 7291 7396
3 7291 7397 7396
3 7291 7292 7397
3 7292 7293 7397
3 7397 7293 7398
3 7293 7294 7398
3 7398 7294 7399
3 7294 7295 7399
3 7399 7295 7400
3 7295 7296 7400
3 7400 7296 7401
3 7296 7297 7401
3 7401 7297 7402
3 7297 7298 7402
3 7402 7298 7403
3 7298 7299 7403
3 7403 7299 7404
3 7299 7405 7404
3 7299 7300 7405
3 7300 7406 7405
3 7300 7301 7406
3 7301 7407 7406
3 7301 7302 7407
3 7302 7408 7407
3 7302 7303 7408
3 7303 7409 7408
3 7303 7304 7409
3 7304 7410 7409
3 7304 7305 7410
3 7305 7306 7410
3 7410 7306 7411
3 7306 7307 7411
3 7411 7307 7412
3 7307 7308 7412
3 7412 7308 7413
3 7308 7414 7413
3 7308 7309 7414
3 7309 7415 7414
3 7309 7310 7415
3 7310 7416 7415
3 7310 7311 7416
3 7311 7417 7416
3 7311 7312 7417
3 7312 7418 7417
3 7312 7313 7418
3 7313 7314 7418
3 7418 7314 7419
3 7314 7315 7419
3 7419 7315 7420
3 7315 7316 7420
3 7420 7316 7421
3 7316 7317 7421
3 7421 7317 7422
3 7317 7318 7422
3 7422 7318 7423
3 7318 7319 7423
3 7423 7319 7424
3 7319 7425 7424
3 7319 7320 7425
3 7320 7426 7425
3 7320 7321 7426
3 7321 7322 7426
3 7426 7322 7427
3 7322 7323 7427
3 7427 7323 7428
3 7323 7324 7428
3 7428 7324 7429
3 7324 7325 7429
3 7429 7325 7430
3 7325 7326 7430
3 7430 7326 7431
3 7326 7327 7431
3 7431 7327 7432
3 7327 7328 7432
3 7432 7328 7433
3 7328 7329 7433
3 7433 7329 7434
3 7329 7435 7434
3 7329 7330 7435
3 7330 7331 7435
3 7435 7331 7436
3 7331 7332 7436
3 7436 7332 7437
3 7332 7333 7437
3 7437 7333 7438
3 7333 7334 7438
3 7438 7334 7439
3 7334 7335 7439
3 7439 7335 7440
3 7335 7336 7440
3 7440 7336 7441
3 7336 7337 7441
3 7441 7337 7442
3 7337 7338 7442
3 7442 7338 7443
3 7338 7339 7443
3 7443 7339 7444
3 7339 7445 7444
3 7339 7340 7445
3 7340 7446 7445
3 7340 7341 7446
3 7341 7447 7446
3 7341 7342 7447
3 7342 7448 7447
3 7342 7343 7448
3 7343 7344 7448
3 7448 7344 7449
3 7344 7345 7449
3 7449 7345 7450
3 7345 7346 7450
3 7450 7346 7451
3 7346 7347 7451
3 7451 7347 7452
3 7347 7348 7452
3 7452 7348 7453
3 7348 7349 7453
3 7453 7349 7454
3 7349 7350 7454
3 7454 7350 7455
3 7350 7351 7455
3 7455 7351 7456
3 7351 7352 7456
3 7456 7352 7457
3 7352 7353 7457
3 7457 7353 7458
3 7353 7354 7458
3 7458 7354 7459
3 7354 7460 7459
3 7354 7355 7460
3 7355 7461 7460
3 7355 7356 7461
3 7356 7462 7461
3 7356 7357 7462
3 7357 7358 7462
3 7462 7358 7463
3 7358 7359 7463
3 7463 7359 7464
3 7359 7360 7464
3 7464 7360 7465
3 7360 7361 7465
3 7465 7361 7466
3 7361 7362 7466
3 7466 7362 7467
3 7362 7363 7467
3 7467 7363 7468
3 7363 7364 7468
3 7468 7364 7469
3 7364 7365 7469
3 7469 7365 7470
3 7365 7366 7470
3 7470 7366 7471
3 7366 7367 7471
3 7471 7367 7472
3 7367 7368 7472
3 7472 7368 7473
3 7368 7369 7473
3 7473 7369 7474
3 7369 7370 7474
3 7474 7370 7475
3 7370 7371 7475
3 7475 7371 7476
3 7371 7372 7476
3 7476 7372 7477
3 7372 7373 7477
3 7477 7373 7478
3 7373 7374 7478
3 7478 7374 7479
3 7374 7375 7479
3 7479 7375 7480
3 7375 7376 7480
3 7480 7376 7481
3 7376 7377 7481
3 7481 7377 7482
3 7378 7379 7483
3 7379 7380 7483
3 7483 7380 7484
3 7380 7381 7484
3 7484 7381 7485
3 7381 7382 7485
3 7485 7382 7486
3 7382 7383 7486
3 7486 7383 7487
3 7383 7384 7487
3 7487 7384 7488
3 7384 7385 7488
3 7488 7385 7489
3 7385 7386 7489
3 7489 7386 7490
3 7386 7491 7490
3 7386 7387 7491
3 7387 7492 7491
3 7387 7388 7492
3 7388 7493 7492
3 7388 7389 7493
3 7389 7494 7493
3 7389 7390 7494
3 7390 7495 7494
3 7390 7391 7495
3 7391 7496 7495
3 7391 7392 7496
3 7392 7497 7496
3 7392 7393 7497
3 7393 7394 7497
3 7497 7394 7498
3 7394 7395 7498
3 7498 7395 7499
3 7395 7396 7499
3 7499 7396 7500
3 7396 7501 7500
3 7396 7397 7501
3 7397 7502 7501
3 7397 7398 7502
3 7398 7399 7502
3 7502 7399 7503
3 7399 7400 7503
3 7503 7400 7504
3 7400 7401 7504
3 7504 7401 7505
3 7401 7402 7505
3 7505 7402 7506
3 7402 7403 7506
3 7506 7403 7507
3 7403 7404 7507
3 7507 7404 7508
3 7404 7509 7508
3 7404 7405 7509
3 7405 7510 7509
3 7405 7406 7510
3 7406 7511 7510
3 7406 7407 7511
3 7407 7512 7511
3 7407 7408 7512
3 7408 7513 7512
3 7408 7409 7513
3 7409 7410 7513
3 7513 7410 7514
3 7410 7411 7514
3 7514 7411 7515
3 7411 7412 7515
3 7515 7412 7516
3 7412 7413 7516
3 7516 7413 7517
3 7413 7414 7517
3 7517 7414 7518
3 7414 7519 7518
3 7414 7415 7519
3 7415 7520 7519
3 7415 7416 7520
3 7416 7521 7520
3 7416 7417 7521
3 7417 7522 7521
3 7417 7418 7522
3 7418 7419 7522
3 7522 7419 7523
3 7419 7420 7523
3 7523 7420 7524
3 7420 7421 7524
3 7524 7421 7525
3 7421 7422 7525
3 7525 7422 7526
3 7422 7423 7526
3 7526 7423 7527
3 7423 7424 7527
3 7527 7424 7528
3 7424 7529 7528
3 7424 7425 7529
3 7425 7426 7529
3 7529 7426 7530
3 7426 7427 7530
3 7530 7427 7531
3 7427 7428 7531
3 7531 7428 7532
3 7428 7429 7532
3 7532 7429 7533
3 7429 7430 7533
3 7533 7430 7534
3 7430 7431 7534
3 7534 7431 7535
3 7431 7432 7535
3 7535 7432 7536
3 7432 7433 7536
3 7536 7433 7537
3 7433 7434 7537
3 7537 7434 7538
3 7434 7435 7538
3 7538 7435 7539
3 7435 7436 7539
3 7539 7436 7540
3 7436 7437 7540
3 7540 7437 7541
3 7437 7438 7541
3 7541 7438 7542
3 7438 7439 7542
3 7542 7439 7543
3 7439 7440 7543
3 7543 7440 7544
3 7440 7441 7544
3 7544 7441 7545
3 7441 7442 7545
3 7545 7442 7546
3 7442 7443 7546
3 7546 7443 7547
3 7443 7444 7547
3 7547 7444 7548
3 7444 7445 7548
3 7548 7445 7549
3 7445 7446 7549
3 7549 7446 7550
3 7446 7447 7550
3 7550 7447 7551
3 7447 7448 7551
3 7551 7448 7552
3 7448 7449 7552
3 7552 7449 7553
3 7449 7450 7553
3 7553 7450 7554
3 7450 7451 7554
3 7554 7451 7555
3 7451 7452 7555
3 7555 7452 7556
3 7452 7453 7556
3 7556 7453 7557
3 7453 7454 7557
3 7557 7454 7558
3 7454 7455 7558
3 7558 7455 7559
3 7455 7456 7559
3 7559 7456 7560
3 7456 7457 7560
3 7560 7457 7561
3 7457 7458 7561
3 7561 7458 7562
3 7458 7459 7562
3 7562 7459 7563
3 7459 7460 7563
3 7563 7460 7564
3 7460 7461 7564
3 7564 7461 7565
3 7461 7462 7565
3 7565 7462 7566
3 7462 7463 7566
3 7566 7463 7567
3 7463 7464 7567
3 7567 7464 7568
3 7464 7465 7568
3 7568 7465 7569
3 7465 7466 7569
3 7569 7466 7570
3 7466 7467 7570
3 7570 7467 7571
3 7467 7468 7571
3 7571 7468 7572
3 7468 7469 7572
3 7572 7469 7573
3 7469 7470 7573
3 7573 7470 7574
3 7470 7471 7574
3 7574 7471 7575
3 7471 7472 7575
3 7575 7472 7576
3 7472 7473 7576
3 7576 7473 7577
3 7473 7474 7577
3 7577 7474 7578
3 7474 7475 7578
3 7578 7475 7579
3 7475 7476 7579
3 7579 7476 7580
3 7476 7477 7580
3 7580 7477 7581
3 7477 7478 7581
3 7581 7478 7582
3 7478 7479 7582
3 7582 7479 7583
3 7479 7480 7583
3 7583 7480 7584
3 7480 7481 7584
3 7584 7481 7585
3 7481 7482 7585
3 7585 7482 7586
3 7587 7483 7588
3 7588 7483 7589
3 7483 7484 7589
3 7589 7484 7590
3 7484 7485 7590
3 7590 7485 7591
3 7485 7486 7591
3 7591 7486 7592
3 7486 7487 7592
3 7592 7487 7593
3 7487 7488 7593
3 7593 7488 7594
3 7488 7489 7594
3 7594 7489 7595
3 7489 7490 7595
3 7595 7490 7596
3 7490 7597 7596
3 7490 7491 7597
3 7491 7598 7597
3 7491 7492 7598
3 7492 7599 7598
3 7492 7493 7599
3 7493 7600 7599
3 7493 7494 7600
3 7494 7601 7600
3 7494 7495 7601
3 7495 7602 7601
3 7495 7496 7602
3 7496 7497 7602
3 7602 7497 7603
3 7497 7498 7603
3 7603 7498 7604
3 7498 7499 7604
3 7604 7499 7605
3 7499 7500 7605
3 7605 7500 7606
3 7500 7501 7606
3 7606 7501 7607
3 7501 7502 7607
3 7607 7502 7608
3 7502 7503 7608
3 7608 7503 7609
3 7503 7504 7609
3 7609 7504 7610
3 7504 7505 7610
3 7610 7505 7611
3 7505 7506 7611
3 7611 7506 7612
3 7506 7507 7612
3 7612 7507 7613
3 7507 7508 7613
3 7613 7508 7614
3 7508 7509 7614
3 7614 7509 7615
3 7509 7616 7615
3 7509 7510 7616
3 7510 7617 7616
3 7510 7511 7617
3 7511 7618 7617
3 7511 7512 7618
3 7512 7513 7618
3 7618 7513 7619
3 7513 7514 7619
3 7619 7514 7620
3 7514 7515 7620
3 7620 7515 7621
3 7515 7516 7621
3 7621 7516 7622
3 7516 7517 7622
3 7622 7517 7623
3 7517 7518 7623
3 7623 7518 7624
3 7518 7519 7624
3 7624 7519 7625
3 7519 7626 7625
3 7519 7520 7626
3 7520 7627 7626
3 7520 7521 7627
3 7521 7628 7627
3 7521 7522 7628
3 7522 7523 7628
3 7628 7523 7629
3 7523 7524 7629
3 7629 7524 7630
3 7524 7525 7630
3 7630 7525 7631
3 7525 7526 7631
3 7631 7526 7632
3 7526 7527 7632
3 7632 7527 7633
3 7527 7528 7633
3 7633 7528 7634
3 7528 7529 7634
3 7634 7529 7635
3 7529 7530 7635
3 7635 7530 7636
3 7530 7531 7636
3 7636 7531 7637
3 7531 7532 7637
3 7637 7532 7638
3 7532 7533 7638
3 7638 7533 7639
3 7533 7534 7639
3 7639 7534 7640
3 7534 7535 7640
3 7640 7535 7641
3 7535 7536 7641
3 7641 7536 7642
3 7536 7537 7642
3 7642 7537 7643
3 7537 7538 7643
3 7643 7538 7644
3 7538 7539 7644
3 7644 7539 7645
3 7539 7540 7645
3 7645 7540 7646
3 7540 7541 7646
3 7646 7541 7647
3 7541 7542 7647
3 7647 7542 7648
3 7542 7543 7648
3 7648 7543 7649
3 7543 7544 7649
3 7649 7544 7650
3 7544 7545 7650
3 7650 7545 7651
3 7545 7546 7651
3 7651 7546 7652
3 7546 7547 7652
3 7652 7547 7653
3 7547 7548 7653
3 7653 7548 7654
3 7548 7549 7654
3 7654 7549 7655
3 7549 7550 7655
3 7655 7550 7656
3 7550 7551 7656
3 7656 7551 7657
3 7551 7552 7657
3 7657 7552 7658
3 7552 7553 7658
3 7658 7553 7659
3 7553 7554 7659
3 7659 7554 7660
3 7554 7555 7660
3 7660 7555 7661
3 7555 7556 7661
3 7661 7556 7662
3 7556 7557 7662
3 7662 7557 7663
3 7557 7558 7663
3 7663 7558 7664
3 7558 7559 7664
3 7664 7559 7665
3 7559 7560 7665
3 7665 7560 7666
3 7560 7561 7666
3 7666 7561 7667
3 7561 7562 7667
3 7667 7562 7668
3 7562 7563 7668
3 7668 7563 7669
3 7563 7564 7669
3 7669 7564 7670
3 7564 7565 7670
3 7670 7565 7671
3 7565 7566 7671
3 7671 7566 7672
3 7566 7567 7672
3 7672 7567 7673
3 7567 7568 7673
3 7673 7568 7674
3 7568 7569 7674
3 7674 7569 7675
3 7569 7570 7675
3 7675 7570 7676
3 7570 7571 7676
3 7676 7571 7677
3 7571 7572 7677
3 7677 7572 7678
3 7572 7573 7678
3 7678 7573 7679
3 7573 7574 7679
3 7679 7574 7680
3 7574 7575 7680
3 7680 7575 7681
3 7575 7576 7681
3 7681 7576 7682
3 7576 7577 7682
3 7682 7577 7683
3 7577 7578 7683
3 7683 7578 7684
3 7578 7579 7684
3 7684 7579 7685
3 7579 7580 7685
3 7685 7580 7686
3 7580 7581 7686
3 7686 7581 7687
3 7581 7582 7687
3 7687 7582 7688
3 7582 7583 7688
3 7688 7583 7689
3 7583 7584 7689
3 7689 7584 7690
3 7584 7585 7690
3 7690 7585 7691
3 7585 7586 7691
3 7588 7589 7692
3 7692 7589 7693
3 7589 7590 7693
3 7693 7590 7694
3 7590 7591 7694
3 7694 7591 7695
3 7591 7592 7695
3 7695 7592 7696
3 7592 7593 7696
3 7696 7593 7697
3 7593 7594 7697
3 7697 7594 7698
3 7594 7595 7698
3 7698 7595 7699
3 7595 7700 7699
3 7595 7596 7700
3 7596 7701 7700
3 7596 7597 7701
3 7597 7702 7701
3 7597 7598 7702
3 7598 7703 7702
3 7598 7599 7703
3 7599 7704 7703
3 7599 7600 7704
3 7600 7705 7704
3 7600 7601 7705
3 7601 7602 7705
3 7705 7602 7706
3 7602 7603 7706
3 7706 7603 7707
3 7603 7604 7707
3 7707 7604 7708
3 7604 7605 7708
3 7708 7605 7709
3 7605 7606 7709
3 7709 7606 7710
3 7606 7607 7710
3 7710 7607 7711
3 7607 7608 7711
3 7711 7608 7712
3 7608 7609 7712
3 7712 7609 7713
3 7609 7610 7713
3 7713 7610 7714
3 7610 7611 7714
3 7714 7611 7715
3 7611 7612 7715
3 7715 7612 7716
3 7612 7613 7716
3 7716 7613 7717
3 7613 7614 7717
3 7717 7614 7718
3 7614 7615 7718
3 7718 7615 7719
3 7615 7616 7719
3 7719 7616 7720
3 7616 7721 7720
3 7616 7617 7721
3 7617 7722 7721
3 7617 7618 7722
3 7618 7619 7722
3 7722 7619 7723
3 7619 7620 7723
3 7723 7620 7724
3 7620 7621 7724
3 7724 7621 7725
3 7621 7622 7725
3 7725 7622 7726
3 7622 7623 7726
3 7726 7623 7727
3 7623 7624 7727
3 7727 7624 7728
3 7624 7625 7728
3 7728 7625 7729
3 7625 7730 7729
3 7625 7626 7730
3 7626 7731 7730
3 7626 7627 7731
3 7627 7732 7731
3 7627 7628 7732
3 7628 7629 7732
3 7732 7629 7733
3 7629 7630 7733
3 7733 7630 7734
3 7630 7631 7734
3 7734 7631 7735
3 7631 7632 7735
3 7735 7632 7736
3 7632 7633 7736
3 7736 7633 7737
3 7633 7634 7737
3 7737 7634 7738
3 7634 7635 7738
3 7738 7635 7739
3 7635 7636 7739
3 7739 7636 7740
3 7636 7637 7740
3 7740 7637 7741
3 7637 7638 7741
3 7741 7638 7742
3 7638 7639 7742
3 7742 7639 7743
3 7639 7640 7743
3 7743 7640 7744
3 7640 7641 7744
3 7744 7641 7745
3 7641 7642 7745
3 7745 7642 7746
3 7642 7643 7746
3 7746 7643 7747
3 7643 7644 7747
3 7747 7644 7748
3 7644 7645 7748
3 7748 7645 7749
3 7645 7646 7749
3 7749 7646 7750
3 7646 7647 7750
3 7750 7647 7751
3 7647 7648 7751
3 7751 7648 7752
3 7648 7649 7752
3 7752 7649 7753
3 7649 7650 7753
3 7753 7650 7754
3 7650 7651 7754
3 7754 7651 7755
3 7651 7652 7755
3 7755 7652 7756
3 7652 7653 7756
3 7756 7653 7757
3 7653 7654 7757
3 7757 7654 7758
3 7654 7759 7758
3 7654 7655 7759
3 7655 7760 7759
3 7655 7656 7760
3 7656 7761 7760
3 7656 7657 7761
3 7657 7658 7761
3 7761 7658 7762
3 7658 7659 7762
3 7762 7659 7763
3 7659 7660 7763
3 7763 7660 7764
3 7660 7661 7764
3 7764 7661 7765
3 7661 7662 7765
3 7765 7662 7766
3 7662 7663 7766
3 7766 7663 7767
3 7663 7664 7767
3 7767 7664 7768
3 7664 7665 7768
3 7768 7665 7769
3 7665 7666 7769
3 7769 7666 7770
3 7666 7667 7770
3 7770 7667 7771
3 7667 7668 7771
3 7771 7668 7772
3 7668 7669 7772
3 7772 7669 7773
3 7669 7670 7773
3 7773 7670 7774
3 7670 7671 7774
3 7774 7671 7775
3 7671 7672 7775
3 7775 7672 7776
3 7672 7673 7776
3 7776 7673 7777
3 7673 7674 7777
3 7777 7674 7778
3 7674 7675 7778
3 7778 7675 7779
3 7675 7676 7779
3 7779 7676 7780
3 7676 7677 7780
3 7780 7677 7781
3 7677 7678 7781
3 7781 7678 7782
3 7678 7679 7782
3 7782 7679 7783
3 7679 7680 7783
3 7783 7680 7784
3 7680 7681 7784
3 7784 7681 7785
3 7681 7682 7785
3 7785 7682 7786
3 7682 7683 7786
3 7786 7683 7787
3 7683 7684 7787
3 7787 7684 7788
3 7684 7685 7788
3 7788 7685 7789
3 7685 7686 7789
3 7789 7686 7790
3 7686 7687 7790
3 7790 7687 7791
3 7687 7688 7791
3 7791 7688 7792
3 7688 7689 7792
3 7792 7689 7793
3 7689 7690 7793
3 7793 7690 7794
3 7690 7691 7794
3 7794 7691 7795
3 7692 7693 7796
3 7796 7693 7797
3 7693 7694 7797
3 7797 7694 7798
3 7694 7695 7798
3 7798 7695 7799
3 7695 7696 7799
3 7799 7696 7800
3 7696 7697 7800
3 7800 7697 7801
3 7697 7698 7801
3 7801 7698 7802
3 7698 7699 7802
3 7802 7699 7803
3 7699 7700 7803
3 7803 7700 7804
3 7700 7805 7804
3 7700 7701 7805
3 7701 7806 7805
3 7701 7702 7806
3 7702 7807 7806
3 7702 7703 7807
3 7703 7808 7807
3 7703 7704 7808
3 7704 7809 7808
3 7704 7705 7809
3 7705 7706 7809
3 7809 7706 7810
3 7706 7707 7810
3 7810 7707 7811
3 7707 7708 7811
3 7811 7708 7812
3 7708 7709 7812
3 7812 7709 7813
3 7709 7710 7813
3 7813 7710 7814
3 7710 7711 7814
3 7814 7711 7815
3 7711 7712 7815
3 7815 7712 7816
3 7712 7713 7816
3 7816 7713 7817
3 7713 7714 7817
3 7817 7714 7818
3 7714 7715 7818
3 7818 7715 7819
3 7715 7716 7819
3 7819 7716 7820
3 7716 7717 7820
3 7820 7717 7821
3 7717 7718 7821
3 7821 7718 7822
3 7718 7823 7822
3 7718 7719 7823
3 7719 7824 7823
3 7719 7720 7824
3 7720 7825 7824
3 7720 7721 7825
3 7721 7826 7825
3 7721 7722 7826
3 7722 7723 7826
3 7826 7723 7827
3 7723 7724 7827
3 7827 7724 7828
3 7724 7725 7828
3 7828 7725 7829
3 7725 7726 7829
3 7829 7726 7830
3 7726 7727 7830
3 7830 7727 7831
3 7727 7728 7831
3 7831 7728 7832
3 7728 7833 7832
3 7728 7729 7833
3 7729 7834 7833
3 7729 7730 7834
3 7730 7835 7834
3 7730 7731 7835
3 7731 7732 7835
3 7835 7732 7836
3 7732 7733 7836
3 7836 7733 7837
3 7733 7734 7837
3 7837 7734 7838
3 7734 7735 7838
3 7838 7735 7839
3 7735 7736 7839
3 7839 7736 7840
3 7736 7737 7840
3 7840 7737 7841
3 7737 7738 7841
3 7841 7738 7842
3 7738 7739 7842
3 7842 7739 7843
3 7739 7740 7843
3 7843 7740 7844
3 7740 7741 7844
3 7844 7741 7845
3 7741 7742 7845
3 7845 7742 7846
3 7742 7743 7846
3 7846 7743 7847
3 7743 7744 7847
3 7847 7744 7848
3 7744 7745 7848
3 7848 7745 7849
3 7745 7746 7849
3 7849 7746 7850
3 7746 7747 7850
3 7850 7747 7851
3 7747 7748 7851
3 7851 7748 7852
3 7748 7749 7852
3 7852 7749 7853
3 7749 7750 7853
3 7853 7750 7854
3 7750 7751 7854
3 7854 7751 7855
3 7751 7752 7855
3 7855 7752 7856
3 7752 7753 7856
3 7856 7753 7857
3 7753 7754 7857
3 7857 7754 7858
3 7754 7755 7858
3 7858 7755 7859
3 7755 7756 7859
3 7859 7756 7860
3 7756 7757 7860
3 7860 7757 7861
3 7757 7758 7861
3 7861 7758 7862
3 7758 7863 7862
3 7758 7759 7863
3 7759 7864 7863
3 7759 7760 7864
3 7760 7865 7864
3 7760 7761 7865
3 7761 7866 7865
3 7761 7762 7866
3 7762 7763 7866
3 7866 7763 7867
3 7763 7764 7867
3 7867 7764 7868
3 7764 7765 7868
3 7868 7765 7869
3 7765 7766 7869
3 7869 7766 7870
3 7766 7767 7870
3 7870 7767 7871
3 7767 7768 7871
3 7871 7768 7872
3 7768 7769 7872
3 7872 7769 7873
3 7769 7770 7873
3 7873 7770 7874
3 7770 7771 7874
3 7874 7771 7875
3 7771 7772 7875
3 7875 7772 7876
3 7772 7773 7876
3 7876 7773 7877
3 7773 7774 7877
3 7877 7774 7878
3 7774 7775 7878
3 7878 7775 7879
3 7775 7776 7879
3 7879 7776 7880
3 7776 7777 7880
3 7880 7777 7881
3 7777 7778 7881
3 7881 7778 7882
3 7778 7779 7882
3 7882 7779 7883
3 7779 7780 7883
3 7883 7780 7884
3 7780 7781 7884
3 7884 7781 7885
3 7781 7782 7885
3 7885 7782 7886
3 7782 7783 7886
3 7886 7783 7887
3 7783 7784 7887
3 7887 7784 7888
3 7784 7785 7888
3 7888 7785 7889
3 7785 7786 7889
3 7889 7786 7890
3 7786 7787 7890
3 7890 7787 7891
3 7787 7788 7891
3 7891 7788 7892
3 7788 7789 7892
3 7892 7789 7893
3 7789 7790 7893
3 7893 7790 7894
3 7790 7791 7894
3 7894 7791 7895
3 7791 7792 7895
3 7895 7792 7896
3 7792 7793 7896
3 7896 7793 7897
3 7793 7794 7897
3 7897 7794 7898
3 7899 7796 7900
3 7900 7796 7901
3 7796 7797 7901
3 7901 7797 7902
3 7797 7798 7902
3 7902 7798 7903
3 7798 7799 7903
3 7903 7799 7904
3 7799 7800 7904
3 7904 7800 7905
3 7800 7801 7905
3 7905 7801 7906
3 7803 7804 7907
3 7907 7804 7908
3 7804 7805 7908
3 7908 7805 7909
3 7805 7806 7909
3 7909 7806 7910
3 7806 7807 7910
3 7910 7807 7911
3 7807 7808 7911
3 7911 7808 7912
3 7808 7913 7912
3 7808 7809 7913
3 7809 7810 7913
3 7913 7810 7914
3 7810 7811 7914
3 7914 7811 7915
3 7811 7812 7915
3 7915 7812 7916
3 7812 7813 7916
3 7916 7813 7917
3 7813 7814 7917
3 7917 7814 7918
3 7814 7815 7918
3 7918 7815 7919
3 7815 7816 7919
3 7919 7816 7920
3 7816 7817 7920
3 7920 7817 7921
3 7817 7818 7921
3 7921 7818 7922
3 7818 7819 7922
3 7922 7819 7923
3 7819 7820 7923
3 7923 7820 7924
3 7820 7821 7924
3 7924 7821 7925
3 7821 7822 7925
3 7925 7822 7926
3 7822 7823 7926
3 7926 7823 7927
3 7823 7824 7927
3 7927 7824 7928
3 7824 7825 7928
3 7928 7825 7929
3 7825 7826 7929
3 7929 7826 7930
3 7826 7827 7930
3 7930 7827 7931
3 7827 7828 7931
3 7931 7828 7932
3 7828 7829 7932
3 7932 7829 7933
3 7829 7830 7933
3 7933 7830 7934
3 7830 7831 7934
3 7934 7831 7935
3 7831 7832 7935
3 7935 7832 7936
3 7832 7833 7936
3 7936 7833 7937
3 7833 7938 7937
3 7833 7834 7938
3 7834 7939 7938
3 7834 7835 7939
3 7835 7836 7939
3 7939 7836 7940
3 7836 7837 7940
3 7940 7837 7941
3 7837 7838 7941
3 7941 7838 7942
3 7838 7839 7942
3 7942 7839 7943
3 7839 7840 7943
3 7943 7840 7944
3 7840 7841 7944
3 7944 7841 7945
3 7841 7842 7945
3 7945 7842 7946
3 7842 7843 7946
3 7946 7843 7947
3 7843 7844 7947
3 7947 7844 7948
3 7844 7845 7948
3 7948 7845 7949
3 7845 7846 7949
3 7949 7846 7950
3 7846 7847 7950
3 7950 7847 7951
3 7847 7848 7951
3 7951 7848 7952
3 7848 7849 7952
3 7952 7849 7953
3 7849 7850 7953
3 7953 7850 7954
3 7850 7851 7954
3 7954 7851 7955
3 7851 7852 7955
3 7955 7852 7956
3 7852 7853 7956
3 7956 7853 7957
3 7853 7854 7957
3 7957 7854 7958
3 7854 7855 7958
3 7958 7855 7959
3 7855 7856 7959
3 7959 7856 7960
3 7856 7857 7960
3 7960 7857 7961
3 7857 7858 7961
3 7961 7858 7962
3 7858 7859 7962
3 7962 7859 7963
3 7859 7860 7963
3 7963 7860 7964
3 7860 7861 7964
3 7964 7861 7965
3 7861 7862 7965
3 7965 7862 7966
3 7862 7863 7966
3 7966 7863 7967
3 7863 7864 7967
3 7967 7864 7968
3 7864 7969 7968
3 7864 7865 7969
3 7865 7866 7969
3 7969 7866 7970
3 7866 7867 7970
3 7970 7867 7971
3 7867 7868 7971
3 7971 7868 7972
3 7868 7869 7972
3 7972 7869 7973
3 7869 7870 7973
3 7973 7870 7974
3 7870 7871 7974
3 7974 7871 7975
3 7871 7872 7975
3 7975 7872 7976
3 7872 7873 7976
3 7976 7873 7977
3 7873 7874 7977
3 7977 7874 7978
3 7874 7875 7978
3 7978 7875 7979
3 7875 7876 7979
3 7979 7876 7980
3 7876 7877 7980
3 7980 7877 7981
3 7877 7878 7981
3 7981 7878 7982
3 7878 7879 7982
3 7982 7879 7983
3 7879 7880 7983
3 7983 7880 7984
3 7880 7881 7984
3 7984 7881 7985
3 7881 7882 7985
3 7985 7882 7986
3 7882 7883 7986
3 7986 7883 7987
3 7883 7884 7987
3 7987 7884 7988
3 7884 7885 7988
3 7988 7885 7989
3 7885 7886 7989
3 7989 7886 7990
3 7886 7887 7990
3 7990 7887 7991
3 7887 7888 7991
3 7991 7888 7992
3 7888 7889 7992
3 7992 7889 7993
3 7889 7890 7993
3 7993 7890 7994
3 7890 7891 7994
3 7994 7891 7995
3 7891 7892 7995
3 7995 7892 7996
3 7892 7893 7996
3 7996 7893 7997
3 7893 7894 7997
3 7997 7894 7998
3 7894 7895 7998
3 7998 7895 7999
3 7895 7896 7999
3 7999 7896 8000
3 7896 7897 8000
3 8000 7897 8001
3 7897 7898 8001
3 8002 7900 8003
3 7900 7901 8003
3 8003 7901 8004
3 7901 7902 8004
3 8004 7902 8005
3 7902 7903 8005
3 8005 7903 8006
3 7903 7904 8006
3 8006 7904 8007
3 7904 7905 8007
3 8007 7905 8008
3 8008 7906 8009
3 7907 7908 8010
3 8010 7908 8011
3 7908 7909 8011
3 8011 7909 8012
3 7909 7910 8012
3 8012 7910 8013
3 7910 7911 8013
3 8013 7911 8014
3 7911 7912 8014
3 8014 7912 8015
3 7912 7913 8015
3 8015 7913 8016
3 7913 7914 8016
3 8016 7914 8017
3 7914 7915 8017
3 8017 7915 8018
3 7915 7916 8018
3 8018 7916 8019
3 7916 7917 8019
3 8019 7917 8020
3 7917 7918 8020
3 8020 7918 8021
3 7918 7919 8021
3 8021 7919 8022
3 7919 7920 8022
3 8022 7920 8023
3 7920 7921 8023
3 8023 7921 8024
3 7921 7922 8024
3 8024 7922 8025
3 7922 7923 8025
3 8025 7923 8026
3 7923 7924 8026
3 8026 7924 8027
3 7924 7925 8027
3 8027 7925 8028
3 7925 7926 8028
3 8028 7926 8029
3 7926 7927 8029
3 8029 7927 8030
3 7927 7928 8030
3 8030 7928 8031
3 7928 7929 8031
3 8031 7929 8032
3 7929 7930 8032
3 8032 7930 8033
3 7930 7931 8033
3 8033 7931 8034
3 7931 7932 8034
3 8034 7932 8035
3 7932 7933 8035
3 8035 7933 8036
3 7933 7934 8036
3 8036 7934 8037
3 7934 7935 8037
3 8037 7935 8038
3 7935 7936 8038
3 8038 7936 8039
3 7936 7937 8039
3 8039 7937 8040
3 7937 7938 8040
3 8040 7938 8041
3 7938 7939 8041
3 8041 7939 8042
3 7939 7940 8042
3 8042 7940 8043
3 7940 7941 8043
3 8043 7941 8044
3 7941 7942 8044
3 8044 7942 8045
3 7942 7943 8045
3 8045 7943 8046
3 7943 7944 8046
3 8046 7944 8047
3 7944 7945 8047
3 8047 7945 8048
3 7945 7946 8048
3 8048 7946 8049
3 7946 7947 8049
3 8049 7947 8050
3 7947 7948 8050
3 8050 7948 8051
3 7948 7949 8051
3 8051 7949 8052
3 7949 7950 8052
3 8052 7950 8053
3 7950 7951 8053
3 8053 7951 8054
3 7951 7952 8054
3 8054 7952 8055
3 7952 7953 8055
3 8055 7953 8056
3 7953 7954 8056
3 8056 7954 8057
3 7954 7955 8057
3 8057 7955 8058
3 7955 7956 8058
3 8058 7956 8059
3 7956 7957 8059
3 8059 7957 8060
3 7957 7958 8060
3 8060 7958 8061
3 7958 7959 8061
3 8061 7959 8062
3 7959 7960 8062
3 8062 7960 8063
3 7960 7961 8063
3 8063 7961 8064
3 7961 7962 8064
3 8064 7962 8065
3 7962 7963 8065
3 8065 7963 8066
3 7963 7964 8066
3 8066 7964 8067
3 7964 7965 8067
3 8067 7965 8068
3 7965 7966 8068
3 8068 7966 8069
3 7966 7967 8069
3 8069 7967 8070
3 7967 7968 8070
3 8070 7968 8071
3 7968 7969 8071
3 8071 7969 8072
3 7969 7970 8072
3 8072 7970 8073
3 7970 7971 8073
3 8073 7971 8074
3 7971 7972 8074
3 8074 7972 8075
3 7972 7973 8075
3 8075 7973 8076
3 7973 7974 8076
3 8076 7974 8077
3 7974 7975 8077
3 8077 7975 8078
3 7975 7976 8078
3 8078 7976 8079
3 7976 7977 8079
3 8079 7977 8080
3 7977 7978 8080
3 8080 7978 8081
3 7978 7979 8081
3 8081 7979 8082
3 7979 7980 8082
3 8082 7980 8083
3 7980 7981 8083
3 8083 7981 8084
3 7981 7982 8084
3 8084 7982 8085
3 7982 7983 8085
3 8085 7983 8086
3 7983 7984 8086
3 8086 7984 8087
3 7984 7985 8087
3 8087 7985 8088
3 7985 7986 8088
3 8088 7986 8089
3 7986 7987 8089
3 8089 7987 8090
3 7987 7988 8090
3 8090 7988 8091
3 7988 7989 8091
3 8091 7989 8092
3 7989 7990 8092
3 8092 7990 8093
3 7990 7991 8093
3 8093 7991 8094
3 7991 7992 8094
3 8094 7992 8095
3 7992 7993 8095
3 8095 7993 8096
3 7993 7994 8096
3 8096 7994 8097
3 7994 7995 8097
3 8097 7995 8098
3 7995 7996 8098
3 8098 7996 8099
3 7996 7997 8099
3 8099 7997 8100
3 7997 7998 8100
3 8100 7998 8101
3 7998 7999 8101
3 8101 7999 8102
3 7999 8000 8102
3 8102 8000 8103
3 8000 8001 8103
3 8103 8001 8104
3 8105 8106 8107
3 8105 8002 8106
3 8002 8003 8106
3 8106 8003 8108
3 8003 8004 8108
3 8108 8004 8109
3 8004 8005 8109
3 8109 8005 8110
3 8005 8006 8110
3 8110 8006 8111
3 8006 8007 8111
3 8111 8007 8112
3 8007 8008 8112
3 8112 8008 8113
3 8008 8009 8113
3 8113 8009 8114
3 8010 8011 8115
3 8115 8011 8116
3 8011 8012 8116
3 8116 8012 8117
3 8012 8013 8117
3 8117 8013 8118
3 8013 8014 8118
3 8118 8014 8119
3 8014 8015 8119
3 8119 8015 8120
3 8015 8016 8120
3 8120 8016 8121
3 8016 8017 8121
3 8121 8017 8122
3 8017 8018 8122
3 8122 8018 8123
3 8018 8019 8123
3 8123 8019 8124
3 8019 8020 8124
3 8124 8020 8125
3 8020 8021 8125
3 8125 8021 8126
3 8021 8022 8126
3 8126 8022 8127
3 8022 8023 8127
3 8127 8023 8128
3 8023 8024 8128
3 8128 8024 8129
3 8024 8025 8129
3 8129 8025 8130
3 8025 8026 8130
3 8130 8026 8131
3 8026 8027 8131
3 8131 8027 8132
3 8027 8028 8132
3 8132 8028 8133
3 8028 8029 8133
3 8133 8029 8134
3 8029 8030 8134
3 8134 8030 8135
3 8030 8031 8135
3 8135 8031 8136
3 8031 8032 8136
3 8136 8032 8137
3 8032 8033 8137
3 8137 8033 8138
3 8033 8034 8138
3 8138 8034 8139
3 8034 8035 8139
3 8139 8035 8140
3 8035 8036 8140
3 8140 8036 8141
3 8036 8037 8141
3 8141 8037 8142
3 8037 8038 8142
3 8142 8038 8143
3 8038 8039 8143
3 8143 8039 8144
3 8039 8040 8144
3 8144 8040 8145
3 8040 8146 8145
3 8040 8041 8146
3 8041 8147 8146
3 8041 8042 8147
3 8042 8043 8147
3 8147 8043 8148
3 8043 8044 8148
3 8148 8044 8149
3 8044 8045 8149
3 8149 8045 8150
3 8045 8046 8150
3 8150 8046 8151
3 8046 8047 8151
3 8151 8047 8152
3 8047 8048 8152
3 8152 8048 8153
3 8048 8049 8153
3 8153 8049 8154
3 8049 8155 8154
3 8049 8050 8155
3 8050 8051 8155
3 8155 8051 8156
3 8051 8052 8156
3 8156 8052 8157
3 8052 8053 8157
3 8157 8053 8158
3 8053 8054 8158
3 8158 8054 8159
3 8054 8055 8159
3 8159 8055 8160
3 8055 8056 8160
3 8160 8056 8161
3 8056 8057 8161
3 8161 8057 8162
3 8057 8058 8162
3 8162 8058 8163
3 8058 8059 8163
3 8163 8059 8164
3 8059 8060 8164
3 8164 8060 8165
3 8060 8061 8165
3 8165 8061 8166
3 8061 8062 8166
3 8166 8062 8167
3 8062 8063 8167
3 8167 8063 8168
3 8063 8064 8168
3 8168 8064 8169
3 8064 8065 8169
3 8169 8065 8170
3 8065 8066 8170
3 8170 8066 8171
3 8066 8067 8171
3 8171 8067 8172
3 8067 8068 8172
3 8172 8068 8173
3 8068 8069 8173
3 8173 8069 8174
3 8069 8070 8174
3 8174 8070 8175
3 8070 8071 8175
3 8175 8071 8176
3 8071 8072 8176
3 8176 8072 8177
3 8072 8073 8177
3 8177 8073 8178
3 8073 8074 8178
3 8178 8074 8179
3 8074 8075 8179
3 8179 8075 8180
3 8075 8076 8180
3 8180 8076 8181
3 8076 8077 8181
3 8181 8077 8182
3 8077 8078 8182
3 8182 8078 8183
3 8078 8079 8183
3 8183 8079 8184
3 8079 8080 8184
3 8184 8080 8185
3 8080 8081 8185
3 8185 8081 8186
3 8081 8082 8186
3 8186 8082 8187
3 8082 8083 8187
3 8187 8083 8188
3 8083 8084 8188
3 8188 8084 8189
3 8084 8085 8189
3 8189 8085 8190
3 8085 8086 8190
3 8190 8086 8191
3 8086 8087 8191
3 8191 8087 8192
3 8087 8088 8192
3 8192 8088 8193
3 8088 8089 8193
3 8193 8089 8194
3 8089 8090 8194
3 8194 8090 8195
3 8090 8091 8195
3 8195 8091 8196
3 8091 8092 8196
3 8196 8092 8197
3 8092 8093 8197
3 8197 8093 8198
3 8093 8094 8198
3 8198 8094 8199
3 8094 8095 8199
3 8199 8095 8200
3 8095 8096 8200
3 8200 8096 8201
3 8096 8097 8201
3 8201 8097 8202
3 8097 8098 8202
3 8202 8098 8203
3 8098 8099 8203
3 8203 8099 8204
3 8099 8100 8204
3 8204 8100 8205
3 8100 8101 8205
3 8205 8101 8206
3 8101 8102 8206
3 8206 8102 8207
3 8102 8103 8207
3 8207 8103 8208
3 8103 8104 8208
3 8209 8210 8211
3 8210 8212 8211
3 8210 8107 8212
3 8107 8213 8212
3 8107 8106 8213
3 8106 8214 8213
3 8106 8108 8214
3 8108 8109 8214
3 8214 8109 8215
3 8109 8110 8215
3 8215 8110 8216
3 8110 8111 8216
3 8216 8111 8217
3 8111 8112 8217
3 8217 8112 8218
3 8112 8113 8218
3 8218 8113 8219
3 8113 8114 8219
3 8219 8114 8220
3 8114 8221 8220
3 8220 8221 8222
3 8221 8115 8222
3 8222 8115 8223
3 8115 8116 8223
3 8223 8116 8224
3 8116 8117 8224
3 8224 8117 8225
3 8117 8118 8225
3 8225 8118 8226
3 8118 8119 8226
3 8226 8119 8227
3 8119 8120 8227
3 8227 8120 8228
3 8120 8229 8228
3 8120 8121 8229
3 8121 8230 8229
3 8121 8122 8230
3 8122 8123 8230
3 8230 8123 8231
3 8123 8124 8231
3 8231 8124 8232
3 8124 8125 8232
3 8232 8125 8233
3 8125 8126 8233
3 8233 8126 8234
3 8126 8127 8234
3 8234 8127 8235
3 8127 8128 8235
3 8235 8128 8236
3 8128 8129 8236
3 8236 8129 8237
3 8129 8130 8237
3 8237 8130 8238
3 8130 8131 8238
3 8238 8131 8239
3 8131 8132 8239
3 8239 8132 8240
3 8132 8133 8240
3 8240 8133 8241
3 8133 8134 8241
3 8241 8134 8242
3 8134 8243 8242
3 8134 8135 8243
3 8135 8244 8243
3 8135 8136 8244
3 8136 8245 8244
3 8136 8137 8245
3 8137 8246 8245
3 8137 8138 8246
3 8138 8139 8246
3 8246 8139 8247
3 8139 8140 8247
3 8247 8140 8248
3 8140 8141 8248
3 8248 8141 8249
3 8141 8142 8249
3 8249 8142 8250
3 8142 8143 8250
3 8250 8143 8251
3 8143 8144 8251
3 8251 8144 8252
3 8144 8253 8252
3 8144 8145 8253
3 8145 8254 8253
3 8145 8146 8254
3 8146 8255 8254
3 8146 8147 8255
3 8147 8256 8255
3 8147 8148 8256
3 8148 8149 8256
3 8256 8149 8257
3 8149 8150 8257
3 8257 8150 8258
3 8150 8151 8258
3 8258 8151 8259
3 8151 8152 8259
3 8259 8152 8260
3 8152 8153 8260
3 8260 8153 8261
3 8153 8262 8261
3 8153 8154 8262
3 8154 8263 8262
3 8154 8155 8263
3 8155 8264 8263
3 8155 8156 8264
3 8156 8265 8264
3 8156 8157 8265
3 8157 8158 8265
3 8265 8158 8266
3 8158 8159 8266
3 8266 8159 8267
3 8159 8160 8267
3 8267 8160 8268
3 8160 8161 8268
3 8268 8161 8269
3 8161 8162 8269
3 8269 8162 8270
3 8162 8163 8270
3 8270 8163 8271
3 8163 8164 8271
3 8271 8164 8272
3 8164 8165 8272
3 8272 8165 8273
3 8165 8166 8273
3 8273 8166 8274
3 8166 8167 8274
3 8274 8167 8275
3 8167 8168 8275
3 8275 8168 8276
3 8168 8169 8276
3 8276 8169 8277
3 8169 8170 8277
3 8277 8170 8278
3 8170 8171 8278
3 8278 8171 8279
3 8171 8172 8279
3 8279 8172 8280
3 8172 8173 8280
3 8280 8173 8281
3 8173 8174 8281
3 8281 8174 8282
3 8174 8283 8282
3 8174 8175 8283
3 8175 8284 8283
3 8175 8176 8284
3 8176 8285 8284
3 8176 8177 8285
3 8177 8286 8285
3 8177 8178 8286
3 8178 8179 8286
3 8286 8179 8287
3 8179 8180 8287
3 8287 8180 8288
3 8180 8289 8288
3 8180 8181 8289
3 8181 8290 8289
3 8181 8182 8290
3 8182 8291 8290
3 8182 8183 8291
3 8183 8292 8291
3 8183 8184 8292
3 8184 8185 8292
3 8292 8185 8293
3 8185 8186 8293
3 8293 8186 8294
3 8186 8187 8294
3 8294 8187 8295
3 8187 8296 8295
3 8187 8188 8296
3 8188 8297 8296
3 8188 8189 8297
3 8189 8298 8297
3 8189 8190 8298
3 8190 8299 8298
3 8190 8191 8299
3 8191 8300 8299
3 8191 8192 8300
3 8192 8301 8300
3 8192 8193 8301
3 8193 8302 8301
3 8193 8194 8302
3 8194 8195 8302
3 8302 8195 8303
3 8195 8196 8303
3 8303 8196 8304
3 8196 8197 8304
3 8304 8197 8305
3 8197 8198 8305
3 8305 8198 8306
3 8198 8199 8306
3 8306 8199 8307
3 8199 8200 8307
3 8307 8200 8308
3 8200 8309 8308
3 8200 8201 8309
3 8201 8310 8309
3 8201 8202 8310
3 8202 8311 8310
3 8202 8203 8311
3 8203 8312 8311
3 8203 8204 8312
3 8204 8205 8312
3 8312 8205 8313
3 8205 8206 8313
3 8313 8206 8314
3 8206 8315 8314
3 8206 8207 8315
3 8207 8316 8315
3 8207 8208 8316
3 8208 8317 8316
3 8318 8319 8320
3 8321 8322 8319
3 8321 8211 8322
3 8211 8323 8322
3 8211 8212 8323
3 8212 8324 8323
3 8212 8213 8324
3 8213 8325 8324
3 8213 8214 8325
3 8214 8215 8325
3 8325 8215 8326
3 8215 8216 8326
3 8326 8216 8327
3 8216 8217 8327
3 8327 8217 8328
3 8217 8218 8328
3 8328 8218 8329
3 8218 8219 8329
3 8329 8219 8330
3 8219 8220 8330
3 8330 8220 8331
3 8220 8222 8331
3 8331 8222 8332
3 8222 8333 8332
3 8222 8223 8333
3 8223 8334 8333
3 8223 8224 8334
3 8224 8335 8334
3 8224 8225 8335
3 8225 8336 8335
3 8225 8226 8336
3 8226 8337 8336
3 8226 8227 8337
3 8227 8338 8337
3 8227 8228 8338
3 8228 8339 8338
3 8228 8229 8339
3 8229 8340 8339
3 8229 8230 8340
3 8230 8341 8340
3 8230 8231 8341
3 8231 8232 8341
3 8341 8232 8342
3 8232 8233 8342
3 8342 8233 8343
3 8233 8344 8343
3 8233 8234 8344
3 8234 8345 8344
3 8234 8235 8345
3 8235 8346 8345
3 8235 8236 8346
3 8236 8347 8346
3 8236 8237 8347
3 8237 8238 8347
3 8347 8238 8348
3 8238 8349 8348
3 8238 8239 8349
3 8239 8350 8349
3 8239 8240 8350
3 8240 8351 8350
3 8240 8241 8351
3 8241 8352 8351
3 8241 8242 8352
3 8242 8353 8352
3 8242 8243 8353
3 8243 8354 8353
3 8243 8244 8354
3 8244 8355 8354
3 8244 8245 8355
3 8245 8356 8355
3 8245 8246 8356
3 8246 8357 8356
3 8246 8247 8357
3 8247 8358 8357
3 8247 8248 8358
3 8248 8359 8358
3 8248 8249 8359
3 8249 8360 8359
3 8249 8250 8360
3 8250 8361 8360
3 8250 8251 8361
3 8251 8362 8361
3 8251 8252 8362
3 8252 8363 8362
3 8252 8253 8363
3 8253 8364 8363
3 8253 8254 8364
3 8254 8365 8364
3 8254 8255 8365
3 8255 8366 8365
3 8255 8256 8366
3 8256 8367 8366
3 8256 8257 8367
3 8257 8368 8367
3 8257 8258 8368
3 8258 8369 8368
3 8258 8259 8369
3 8259 8370 8369
3 8259 8260 8370
3 8260 8371 8370
3 8260 8261 8371
3 8261 8372 8371
3 8261 8262 8372
3 8262 8373 8372
3 8262 8263 8373
3 8263 8374 8373
3 8263 8264 8374
3 8264 8375 8374
3 8264 8265 8375
3 8265 8376 8375
3 8265 8266 8376
3 8266 8377 8376
3 8266 8267 8377
3 8267 8378 8377
3 8267 8268 8378
3 8268 8379 8378
3 8268 8269 8379
3 8269 8380 8379
3 8269 8270 8380
3 8270 8381 8380
3 8270 8271 8381
3 8271 8382 8381
3 8271 8272 8382
3 8272 8383 8382
3 8272 8273 8383
3 8273 8274 8383
3 8383 8274 8384
3 8274 8275 8384
3 8384 8275 8385
3 8275 8386 8385
3 8275 8276 8386
3 8276 8387 8386
3 8276 8277 8387
3 8277 8388 8387
3 8277 8278 8388
3 8278 8389 8388
3 8278 8279 8389
3 8279 8390 8389
3 8279 8280 8390
3 8280 8391 8390
3 8280 8281 8391
3 8281 8392 8391
3 8281 8282 8392
3 8282 8393 8392
3 8282 8283 8393
3 8283 8394 8393
3 8283 8284 8394
3 8284 8395 8394
3 8284 8285 8395
3 8285 8396 8395
3 8285 8286 8396
3 8286 8397 8396
3 8286 8287 8397
3 8287 8398 8397
3 8287 8288 8398
3 8288 8399 8398
3 8288 8289 8399
3 8289 8400 8399
3 8289 8290 8400
3 8290 8401 8400
3 8290 8291 8401
3 8291 8402 8401
3 8291 8292 8402
3 8292 8403 8402
3 8292 8293 8403
3 8293 8404 8403
3 8293 8294 8404
3 8294 8405 8404
3 8294 8295 8405
3 8295 8406 8405
3 8295 8296 8406
3 8296 8407 8406
3 8296 8297 8407
3 8297 8408 8407
3 8297 8298 8408
3 8298 8409 8408
3 8298 8299 8409
3 8299 8410 8409
3 8299 8300 8410
3 8300 8411 8410
3 8300 8301 8411
3 8301 8412 8411
3 8301 8302 8412
3 8302 8413 8412
3 8302 8303 8413
3 8303 8414 8413
3 8303 8304 8414
3 8304 8415 8414
3 8304 8305 8415
3 8305 8416 8415
3 8305 8306 8416
3 8306 8417 8416
3 8306 8307 8417
3 8307 8418 8417
3 8307 8308 8418
3 8308 8419 8418
3 8308 8309 8419
3 8309 8420 8419
3 8309 8310 8420
3 8310 8421 8420
3 8310 8311 8421
3 8311 8422 8421
3 8311 8312 8422
3 8312 8423 8422
3 8312 8313 8423
3 8313 8424 8423
3 8313 8314 8424
3 8314 8425 8424
3 8314 8315 8425
3 8315 8426 8425
3 8315 8316 8426
3 8316 8427 8426
3 8428 8320 8429
3 8320 8430 8429
3 8320 8319 8430
3 8319 8431 8430
3 8319 8322 8431
3 8322 8432 8431
3 8322 8323 8432
3 8323 8433 8432
3 8323 8324 8433
3 8324 8434 8433
3 8324 8325 8434
3 8325 8326 8434
3 8434 8326 8435
3 8326 8327 8435
3 8435 8327 8436
3 8327 8328 8436
3 8436 8328 8437
3 8328 8329 8437
3 8437 8329 8438
3 8329 8330 8438
3 8438 8330 8439
3 8330 8331 8439
3 8439 8331 8440
3 8331 8332 8440
3 8440 8332 8441
3 8332 8442 8441
3 8332 8333 8442
3 8333 8443 8442
3 8333 8334 8443
3 8334 8444 8443
3 8334 8335 8444
3 8335 8445 8444
3 8335 8336 8445
3 8336 8446 8445
3 8336 8337 8446
3 8337 8447 8446
3 8337 8338 8447
3 8338 8448 8447
3 8338 8339 8448
3 8339 8449 8448
3 8339 8340 8449
3 8340 8450 8449
3 8340 8341 8450
3 8341 8342 8450
3 8450 8342 8451
3 8342 8343 8451
3 8451 8343 8452
3 8343 8453 8452
3 8343 8344 8453
3 8344 8454 8453
3 8344 8345 8454
3 8345 8455 8454
3 8345 8346 8455
3 8346 8456 8455
3 8346 8347 8456
3 8347 8457 8456
3 8347 8348 8457
3 8348 8458 8457
3 8348 8349 8458
3 8349 8459 8458
3 8349 8350 8459
3 8350 8460 8459
3 8350 8351 8460
3 8351 8461 8460
3 8351 8352 8461
3 8352 8462 8461
3 8352 8353 8462
3 8353 8463 8462
3 8353 8354 8463
3 8354 8464 8463
3 8354 8355 8464
3 8355 8465 8464
3 8355 8356 8465
3 8356 8466 8465
3 8356 8357 8466
3 8357 8467 8466
3 8357 8358 8467
3 8358 8468 8467
3 8358 8359 8468
3 8359 8469 8468
3 8359 8360 8469
3 8360 8470 8469
3 8360 8361 8470
3 8361 8471 8470
3 8361 8362 8471
3 8362 8472 8471
3 8362 8363 8472
3 8363 8473 8472
3 8363 8364 8473
3 8364 8474 8473
3 8364 8365 8474
3 8365 8475 8474
3 8365 8366 8475
3 8366 8476 8475
3 8366 8367 8476
3 8367 8477 8476
3 8367 8368 8477
3 8368 8478 8477
3 8368 8369 8478
3 8369 8479 8478
3 8369 8370 8479
3 8370 8480 8479
3 8370 8371 8480
3 8371 8481 8480
3 8371 8372 8481
3 8372 8482 8481
3 8372 8373 8482
3 8373 8483 8482
3 8373 8374 8483
3 8374 8484 8483
3 8374 8375 8484
3 8375 8485 8484
3 8375 8376 8485
3 8376 8486 8485
3 8376 8377 8486
3 8377 8487 8486
3 8377 8378 8487
3 8378 8488 8487
3 8378 8379 8488
3 8379 8489 8488
3 8379 8380 8489
3 8380 8490 8489
3 8380 8381 8490
3 8381 8491 8490
3 8381 8382 8491
3 8382 8492 8491
3 8382 8383 8492
3 8383 8384 8492
3 8492 8384 8493
3 8384 8385 8493
3 8493 8385 8494
3 8385 8495 8494
3 8385 8386 8495
3 8386 8496 8495
3 8386 8387 8496
3 8387 8497 8496
3 8387 8388 8497
3 8388 8498 8497
3 8388 8389 8498
3 8389 8499 8498
3 8389 8390 8499
3 8390 8500 8499
3 8390 8391 8500
3 8391 8501 8500
3 8391 8392 8501
3 8392 8502 8501
3 8392 8393 8502
3 8393 8503 8502
3 8393 8394 8503
3 8394 8504 8503
3 8394 8395 8504
3 8395 8505 8504
3 8395 8396 8505
3 8396 8506 8505
3 8396 8397 8506
3 8397 8507 8506
3 8397 8398 8507
3 8398 8508 8507
3 8398 8399 8508
3 8399 8509 8508
3 8399 8400 8509
3 8400 8510 8509
3 8400 8401 8510
3 8401 8511 8510
3 8401 8402 8511
3 8402 8512 8511
3 8402 8403 8512
3 8403 8513 8512
3 8403 8404 8513
3 8404 8514 8513
3 8404 8405 8514
3 8405 8515 8514
3 8405 8406 8515
3 8406 8516 8515
3 8406 8407 8516
3 8407 8517 8516
3 8407 8408 8517
3 8408 8518 8517
3 8408 8409 8518
3 8409 8519 8518
3 8409 8410 8519
3 8410 8520 8519
3 8410 8411 8520
3 8411 8521 8520
3 8411 8412 8521
3 8412 8522 8521
3 8412 8413 8522
3 8413 8523 8522
3 8413 8414 8523
3 8414 8524 8523
3 8414 8415 8524
3 8415 8525 8524
3 8415 8416 8525
3 8416 8526 8525
3 8416 8417 8526
3 8417 8527 8526
3 8417 8418 8527
3 8418 8528 8527
3 8418 8419 8528
3 8419 8529 8528
3 8419 8420 8529
3 8420 8530 8529
3 8420 8421 8530
3 8421 8531 8530
3 8421 8422 8531
3 8422 8532 8531
3 8422 8423 8532
3 8423 8533 8532
3 8423 8424 8533
3 8424 8534 8533
3 8424 8425 8534
3 8425 8535 8534
3 8425 8426 8535
3 8426 8536 8535
3 8426 8427 8536
3 8537 8538 8539
3 8537 8429 8538
3 8429 8540 8538
3 8429 8430 8540
3 8430 8541 8540
3 8430 8431 8541
3 8431 8542 8541
3 8431 8432 8542
3 8432 8543 8542
3 8432 8433 8543
3 8433 8544 8543
3 8433 8434 8544
3 8434 8435 8544
3 8544 8435 8545
3 8435 8436 8545
3 8545 8436 8546
3 8436 8437 8546
3 8546 8437 8547
3 8437 8438 8547
3 8547 8438 8548
3 8438 8439 8548
3 8548 8439 8549
3 8439 8440 8549
3 8549 8440 8550
3 8440 8441 8550
3 8550 8441 8551
3 8441 8552 8551
3 8441 8442 8552
3 8442 8553 8552
3 8442 8443 8553
3 8443 8554 8553
3 8443 8444 8554
3 8444 8555 8554
3 8444 8445 8555
3 8445 8556 8555
3 8445 8446 8556
3 8446 8557 8556
3 8446 8447 8557
3 8447 8558 8557
3 8447 8448 8558
3 8448 8559 8558
3 8448 8449 8559
3 8449 8560 8559
3 8449 8450 8560
3 8450 8561 8560
3 8450 8451 8561
3 8451 8452 8561
3 8561 8452 8562
3 8452 8563 8562
3 8452 8453 8563
3 8453 8564 8563
3 8453 8454 8564
3 8454 8565 8564
3 8454 8455 8565
3 8455 8566 8565
3 8455 8456 8566
3 8456 8567 8566
3 8456 8457 8567
3 8457 8568 8567
3 8457 8458 8568
3 8458 8569 8568
3 8458 8459 8569
3 8459 8570 8569
3 8459 8460 8570
3 8460 8571 8570
3 8460 8461 8571
3 8461 8572 8571
3 8461 8462 8572
3 8462 8573 8572
3 8462 8463 8573
3 8463 8574 8573
3 8463 8464 8574
3 8464 8575 8574
3 8464 8465 8575
3 8465 8576 8575
3 8465 8466 8576
3 8466 8577 8576
3 8466 8467 8577
3 8467 8578 8577
3 8467 8468 8578
3 8468 8579 8578
3 8468 8469 8579
3 8469 8580 8579
3 8469 8470 8580
3 8470 8581 8580
3 8470 8471 8581
3 8471 8582 8581
3 8471 8472 8582
3 8472 8583 8582
3 8472 8473 8583
3 8473 8584 8583
3 8473 8474 8584
3 8474 8585 8584
3 8474 8475 8585
3 8475 8586 8585
3 8475 8476 8586
3 8476 8587 8586
3 8476 8477 8587
3 8477 8588 8587
3 8477 8478 8588
3 8478 8589 8588
3 8478 8479 8589
3 8479 8590 8589
3 8479 8480 8590
3 8480 8591 8590
3 8480 8481 8591
3 8481 8592 8591
3 8481 8482 8592
3 8482 8593 8592
3 8482 8483 8593
3 8483 8594 8593
3 8483 8484 8594
3 8484 8595 8594
3 8484 8485 8595
3 8485 8596 8595
3 8485 8486 8596
3 8486 8597 8596
3 8486 8487 8597
3 8487 8598 8597
3 8487 8488 8598
3 8488 8599 8598
3 8488 8489 8599
3 8489 8600 8599
3 8489 8490 8600
3 8490 8601 8600
3 8490 8491 8601
3 8491 8602 8601
3 8491 8492 8602
3 8492 8603 8602
3 8492 8493 8603
3 8493 8604 8603
3 8493 8494 8604
3 8494 8605 8604
3 8494 8495 8605
3 8495 8606 8605
3 8495 8496 8606
3 8496 8607 8606
3 8496 8497 8607
3 8497 8608 8607
3 8497 8498 8608
3 8498 8609 8608
3 8498 8499 8609
3 8499 8610 8609
3 8499 8500 8610
3 8500 8611 8610
3 8500 8501 8611
3 8501 8612 8611
3 8501 8502 8612
3 8502 8613 8612
3 8502 8503 8613
3 8503 8614 8613
3 8503 8504 8614
3 8504 8615 8614
3 8504 8505 8615
3 8505 8616 8615
3 8505 8506 8616
3 8506 8617 8616
3 8506 8507 8617
3 8507 8618 8617
3 8507 8508 8618
3 8508 8619 8618
3 8508 8509 8619
3 8509 8620 8619
3 8509 8510 8620
3 8510 8621 8620
3 8510 8511 8621
3 8511 8622 8621
3 8511 8512 8622
3 8512 8623 8622
3 8512 8513 8623
3 8513 8624 8623
3 8513 8514 8624
3 8514 8625 8624
3 8514 8515 8625
3 8515 8626 8625
3 8515 8516 8626
3 8516 8627 8626
3 8516 8517 8627
3 8517 8628 8627
3 8517 8518 8628
3 8518 8629 8628
3 8518 8519 8629
3 8519 8630 8629
3 8519 8520 8630
3 8520 8631 8630
3 8520 8521 8631
3 8521 8632 8631
3 8521 8522 8632
3 8522 8633 8632
3 8522 8523 8633
3 8523 8634 8633
3 8523 8524 8634
3 8524 8635 8634
3 8524 8525 8635
3 8525 8636 8635
3 8525 8526 8636
3 8526 8637 8636
3 8526 8527 8637
3 8527 8638 8637
3 8527 8528 8638
3 8528 8639 8638
3 8528 8529 8639
3 8529 8640 8639
3 8529 8530 8640
3 8530 8641 8640
3 8530 8531 8641
3 8531 8642 8641
3 8531 8532 8642
3 8532 8643 8642
3 8532 8533 8643
3 8533 8644 8643
3 8533 8534 8644
3 8534 8645 8644
3 8534 8535 8645
3 8535 8646 8645
3 8535 8536 8646
3 8539 8647 8648
3 8539 8538 8647
3 8538 8649 8647
3 8538 8540 8649
3 8540 8650 8649
3 8540 8541 8650
3 8541 8651 8650
3 8541 8542 8651
3 8542 8652 8651
3 8542 8543 8652
3 8543 8653 8652
3 8543 8544 8653
3 8544 8545 8653
3 8653 8545 8654
3 8545 8546 8654
3 8654 8546 8655
3 8546 8547 8655
3 8655 8547 8656
3 8547 8548 8656
3 8656 8548 8657
3 8548 8549 8657
3 8657 8549 8658
3 8549 8550 8658
3 8658 8550 8659
3 8550 8660 8659
3 8550 8551 8660
3 8551 8661 8660
3 8551 8552 8661
3 8552 8662 8661
3 8552 8553 8662
3 8553 8663 8662
3 8553 8554 8663
3 8554 8664 8663
3 8554 8555 8664
3 8555 8665 8664
3 8555 8556 8665
3 8556 8666 8665
3 8556 8557 8666
3 8557 8667 8666
3 8557 8558 8667
3 8558 8668 8667
3 8558 8559 8668
3 8559 8669 8668
3 8559 8560 8669
3 8560 8670 8669
3 8560 8561 8670
3 8561 8671 8670
3 8561 8562 8671
3 8562 8672 8671
3 8562 8563 8672
3 8563 8673 8672
3 8563 8564 8673
3 8564 8674 8673
3 8564 8565 8674
3 8565 8675 8674
3 8565 8566 8675
3 8566 8676 8675
3 8566 8567 8676
3 8567 8677 8676
3 8567 8568 8677
3 8568 8678 8677
3 8568 8569 8678
3 8569 8679 8678
3 8569 8570 8679
3 8570 8680 8679
3 8570 8571 8680
3 8571 8681 8680
3 8571 8572 8681
3 8572 8682 8681
3 8572 8573 8682
3 8573 8683 8682
3 8573 8574 8683
3 8574 8684 8683
3 8574 8575 8684
3 8575 8685 8684
3 8575 8576 8685
3 8576 8686 8685
3 8576 8577 8686
3 8577 8687 8686
3 8577 8578 8687
3 8578 8688 8687
3 8578 8579 8688
3 8579 8689 8688
3 8579 8580 8689
3 8580 8690 8689
3 8580 8581 8690
3 8581 8691 8690
3 8581 8582 8691
3 8582 8692 8691
3 8582 8583 8692
3 8583 8693 8692
3 8583 8584 8693
3 8584 8694 8693
3 8584 8585 8694
3 8585 8695 8694
3 8585 8586 8695
3 8586 8696 8695
3 8586 8587 8696
3 8587 8697 8696
3 8587 8588 8697
3 8588 8698 8697
3 8588 8589 8698
3 8589 8699 8698
3 8589 8590 8699
3 8590 8700 8699
3 8590 8591 8700
3 8591 8701 8700
3 8591 8592 8701
3 8592 8702 8701
3 8592 8593 8702
3 8593 8703 8702
3 8593 8594 8703
3 8594 8704 8703
3 8594 8595 8704
3 8595 8705 8704
3 8595 8596 8705
3 8596 8706 8705
3 8596 8597 8706
3 8597 8707 8706
3 8597 8598 8707
3 8598 8708 8707
3 8598 8599 8708
3 8599 8709 8708
3 8599 8600 8709
3 8600 8710 8709
3 8600 8601 8710
3 8601 8711 8710
3 8601 8602 8711
3 8602 8712 8711
3 8602 8603 8712
3 8603 8713 8712
3 8603 8604 8713
3 8604 8714 8713
3 8604 8605 8714
3 8605 8715 8714
3 8605 8606 8715
3 8606 8716 8715
3 8606 8607 8716
3 8607 8717 8716
3 8607 8608 8717
3 8608 8718 8717
3 8608 8609 8718
3 8609 8719 8718
3 8609 8610 8719
3 8610 8720 8719
3 8610 8611 8720
3 8611 8721 8720
3 8611 8612 8721
3 8612 8722 8721
3 8612 8613 8722
3 8613 8723 8722
3 8613 8614 8723
3 8614 8724 8723
3 8614 8615 8724
3 8615 8725 8724
3 8615 8616 8725
3 8616 8726 8725
3 8616 8617 8726
3 8617 8727 8726
3 8617 8618 8727
3 8618 8728 8727
3 8618 8619 8728
3 8619 8729 8728
3 8619 8620 8729
3 8620 8730 8729
3 8620 8621 8730
3 8621 8731 8730
3 8621 8622 8731
3 8622 8732 8731
3 8622 8623 8732
3 8623 8733 8732
3 8623 8624 8733
3 8624 8734 8733
3 8624 8625 8734
3 8625 8735 8734
3 8625 8626 8735
3 8626 8736 8735
3 8626 8627 8736
3 8627 8737 8736
3 8627 8628 8737
3 8628 8738 8737
3 8628 8629 8738
3 8629 8739 8738
3 8629 8630 8739
3 8630 8740 8739
3 8630 8631 8740
3 8631 8741 8740
3 8631 8632 8741
3 8632 8742 8741
3 8632 8633 8742
3 8633 8743 8742
3 8633 8634 8743
3 8634 8744 8743
3 8634 8635 8744
3 8635 8745 8744
3 8635 8636 8745
3 8636 8746 8745
3 8636 8637 8746
3 8637 8747 8746
3 8637 8638 8747
3 8638 8748 8747
3 8638 8639 8748
3 8639 8749 8748
3 8639 8640 8749
3 8640 8750 8749
3 8640 8641 8750
3 8641 8751 8750
3 8641 8642 8751
3 8642 8752 8751
3 8642 8643 8752
3 8643 8753 8752
3 8643 8644 8753
3 8644 8754 8753
3 8644 8645 8754
3 8645 8755 8754
3 8645 8646 8755
3 8646 8756 8755
3 8646 8757 8756
3 8648 8758 8759
3 8648 8647 8758
3 8647 8760 8758
3 8647 8649 8760
3 8649 8761 8760
3 8649 8650 8761
3 8650 8762 8761
3 8650 8651 8762
3 8651 8763 8762
3 8651 8652 8763
3 8652 8764 8763
3 8652 8653 8764
3 8653 8654 8764
3 8764 8654 8765
3 8654 8655 8765
3 8765 8655 8766
3 8655 8656 8766
3 8766 8656 8767
3 8656 8657 8767
3 8767 8657 8768
3 8657 8658 8768
3 8768 8658 8769
3 8658 8659 8769
3 8769 8659 8770
3 8659 8660 8770
3 8770 8660 8771
3 8660 8772 8771
3 8660 8661 8772
3 8661 8773 8772
3 8661 8662 8773
3 8662 8774 8773
3 8662 8663 8774
3 8663 8775 8774
3 8663 8664 8775
3 8664 8776 8775
3 8664 8665 8776
3 8665 8777 8776
3 8665 8666 8777
3 8666 8778 8777
3 8666 8667 8778
3 8667 8779 8778
3 8667 8668 8779
3 8668 8780 8779
3 8668 8669 8780
3 8669 8781 8780
3 8669 8670 8781
3 8670 8671 8781
3 8781 8671 8782
3 8671 8783 8782
3 8671 8672 8783
3 8672 8784 8783
3 8672 8673 8784
3 8673 8785 8784
3 8673 8674 8785
3 8674 8786 8785
3 8674 8675 8786
3 8675 8676 8786
3 8786 8676 8787
3 8676 8788 8787
3 8676 8677 8788
3 8677 8789 8788
3 8677 8678 8789
3 8678 8790 8789
3 8678 8679 8790
3 8679 8791 8790
3 8679 8680 8791
3 8680 8792 8791
3 8680 8681 8792
3 8681 8793 8792
3 8681 8682 8793
3 8682 8794 8793
3 8682 8683 8794
3 8683 8795 8794
3 8683 8684 8795
3 8684 8796 8795
3 8684 8685 8796
3 8685 8797 8796
3 8685 8686 8797
3 8686 8798 8797
3 8686 8687 8798
3 8687 8799 8798
3 8687 8688 8799
3 8688 8800 8799
3 8688 8689 8800
3 8689 8801 8800
3 8689 8690 8801
3 8690 8802 8801
3 8690 8691 8802
3 8691 8803 8802
3 8691 8692 8803
3 8692 8804 8803
3 8692 8693 8804
3 8693 8805 8804
3 8693 8694 8805
3 8694 8806 8805
3 8694 8695 8806
3 8695 8807 8806
3 8695 8696 8807
3 8696 8808 8807
3 8696 8697 8808
3 8697 8809 8808
3 8697 8698 8809
3 8698 8810 8809
3 8698 8699 8810
3 8699 8811 8810
3 8699 8700 8811
3 8700 8812 8811
3 8700 8701 8812
3 8701 8813 8812
3 8701 8702 8813
3 8702 8814 8813
3 8702 8703 8814
3 8703 8815 8814
3 8703 8704 8815
3 8704 8816 8815
3 8704 8705 8816
3 8705 8817 8816
3 8705 8706 8817
3 8706 8818 8817
3 8706 8707 8818
3 8707 8819 8818
3 8707 8708 8819
3 8708 8820 8819
3 8708 8709 8820
3 8709 8821 8820
3 8709 8710 8821
3 8710 8822 8821
3 8710 8711 8822
3 8711 8712 8822
3 8822 8712 8823
3 8712 8713 8823
3 8823 8713 8824
3 8713 8825 8824
3 8713 8714 8825
3 8714 8826 8825
3 8714 8715 8826
3 8715 8827 8826
3 8715 8716 8827
3 8716 8828 8827
3 8716 8717 8828
3 8717 8829 8828
3 8717 8718 8829
3 8718 8830 8829
3 8718 8719 8830
3 8719 8831 8830
3 8719 8720 8831
3 8720 8832 8831
3 8720 8721 8832
3 8721 8833 8832
3 8721 8722 8833
3 8722 8834 8833
3 8722 8723 8834
3 8723 8835 8834
3 8723 8724 8835
3 8724 8836 8835
3 8724 8725 8836
3 8725 8837 8836
3 8725 8726 8837
3 8726 8838 8837
3 8726 8727 8838
3 8727 8839 8838
3 8727 8728 8839
3 8728 8840 8839
3 8728 8729 8840
3 8729 8841 8840
3 8729 8730 8841
3 8730 8842 8841
3 8730 8731 8842
3 8731 8843 8842
3 8731 8732 8843
3 8732 8844 8843
3 8732 8733 8844
3 8733 8845 8844
3 8733 8734 8845
3 8734 8846 8845
3 8734 8735 8846
3 8735 8847 8846
3 8735 8736 8847
3 8736 8848 8847
3 8736 8737 8848
3 8737 8849 8848
3 8737 8738 8849
3 8738 8850 8849
3 8738 8739 8850
3 8739 8851 8850
3 8739 8740 8851
3 8740 8852 8851
3 8740 8741 8852
3 8741 8853 8852
3 8741 8742 8853
3 8742 8854 8853
3 8742 8743 8854
3 8743 8855 8854
3 8743 8744 8855
3 8744 8856 8855
3 8744 8745 8856
3 8745 8857 8856
3 8745 8746 8857
3 8746 8858 8857
3 8746 8747 8858
3 8747 8859 8858
3 8747 8748 8859
3 8748 8860 8859
3 8748 8749 8860
3 8749 8861 8860
3 8749 8750 8861
3 8750 8862 8861
3 8750 8751 8862
3 8751 8863 8862
3 8751 8752 8863
3 8752 8864 8863
3 8752 8753 8864
3 8753 8865 8864
3 8753 8754 8865
3 8754 8866 8865
3 8754 8755 8866
3 8755 8867 8866
3 8755 8756 8867
3 8756 8868 8867
3 8759 8869 8870
3 8759 8758 8869
3 8758 8871 8869
3 8758 8760 8871
3 8760 8872 8871
3 8760 8761 8872
3 8761 8873 8872
3 8761 8762 8873
3 8762 8874 8873
3 8762 8763 8874
3 8763 8875 8874
3 8763 8764 8875
3 8764 8876 8875
3 8764 8765 8876
3 8765 8766 8876
3 8876 8766 8877
3 8766 8767 8877
3 8877 8767 8878
3 8767 8879 8878
3 8767 8768 8879
3 8768 8880 8879
3 8768 8769 8880
3 8769 8770 8880
3 8880 8770 8881
3 8770 8882 8881
3 8770 8771 8882
3 8771 8883 8882
3 8771 8772 8883
3 8772 8884 8883
3 8772 8773 8884
3 8773 8885 8884
3 8773 8774 8885
3 8774 8886 8885
3 8774 8775 8886
3 8775 8887 8886
3 8775 8776 8887
3 8776 8888 8887
3 8776 8777 8888
3 8777 8889 8888
3 8777 8778 8889
3 8778 8890 8889
3 8778 8779 8890
3 8779 8891 8890
3 8779 8780 8891
3 8780 8892 8891
3 8780 8781 8892
3 8781 8893 8892
3 8781 8782 8893
3 8782 8894 8893
3 8782 8783 8894
3 8783 8895 8894
3 8783 8784 8895
3 8784 8896 8895
3 8784 8785 8896
3 8785 8897 8896
3 8785 8786 8897
3 8786 8898 8897
3 8786 8787 8898
3 8787 8899 8898
3 8787 8788 8899
3 8788 8900 8899
3 8788 8789 8900
3 8789 8901 8900
3 8789 8790 8901
3 8790 8902 8901
3 8790 8791 8902
3 8791 8903 8902
3 8791 8792 8903
3 8792 8904 8903
3 8792 8793 8904
3 8793 8905 8904
3 8793 8794 8905
3 8794 8906 8905
3 8794 8795 8906
3 8795 8907 8906
3 8795 8796 8907
3 8796 8908 8907
3 8796 8797 8908
3 8797 8909 8908
3 8797 8798 8909
3 8798 8910 8909
3 8798 8799 8910
3 8799 8911 8910
3 8799 8800 8911
3 8800 8912 8911
3 8800 8801 8912
3 8801 8913 8912
3 8801 8802 8913
3 8802 8914 8913
3 8802 8803 8914
3 8803 8915 8914
3 8803 8804 8915
3 8804 8916 8915
3 8804 8805 8916
3 8805 8917 8916
3 8805 8806 8917
3 8806 8918 8917
3 8806 8807 8918
3 8807 8919 8918
3 8807 8808 8919
3 8808 8920 8919
3 8808 8809 8920
3 8809 8921 8920
3 8809 8810 8921
3 8810 8922 8921
3 8810 8811 8922
3 8811 8923 8922
3 8811 8812 8923
3 8812 8924 8923
3 8812 8813 8924
3 8813 8925 8924
3 8813 8814 8925
3 8814 8926 8925
3 8814 8815 8926
3 8815 8927 8926
3 8815 8816 8927
3 8816 8928 8927
3 8816 8817 8928
3 8817 8929 8928
3 8817 8818 8929
3 8818 8930 8929
3 8818 8819 8930
3 8819 8931 8930
3 8819 8820 8931
3 8820 8932 8931
3 8820 8821 8932
3 8821 8933 8932
3 8821 8822 8933
3 8822 8934 8933
3 8822 8823 8934
3 8823 8935 8934
3 8823 8824 8935
3 8824 8936 8935
3 8824 8825 8936
3 8825 8937 8936
3 8825 8826 8937
3 8826 8938 8937
3 8826 8827 8938
3 8827 8939 8938
3 8827 8828 8939
3 8828 8940 8939
3 8828 8829 8940
3 8829 8941 8940
3 8829 8830 8941
3 8830 8942 8941
3 8830 8831 8942
3 8831 8943 8942
3 8831 8832 8943
3 8832 8944 8943
3 8832 8833 8944
3 8833 8945 8944
3 8833 8834 8945
3 8834 8946 8945
3 8834 8835 8946
3 8835 8947 8946
3 8835 8836 8947
3 8836 8948 8947
3 8836 8837 8948
3 8837 8949 8948
3 8837 8838 8949
3 8838 8950 8949
3 8838 8839 8950
3 8839 8951 8950
3 8839 8840 8951
3 8840 8952 8951
3 8840 8841 8952
3 8841 8953 8952
3 8841 8842 8953
3 8842 8954 8953
3 8842 8843 8954
3 8843 8955 8954
3 8843 8844 8955
3 8844 8956 8955
3 8844 8845 8956
3 8845 8957 8956
3 8845 8846 8957
3 8846 8958 8957
3 8846 8847 8958
3 8847 8959 8958
3 8847 8848 8959
3 8848 8960 8959
3 8848 8849 8960
3 8849 8961 8960
3 8849 8850 8961
3 8850 8962 8961
3 8850 8851 8962
3 8851 8963 8962
3 8851 8852 8963
3 8852 8964 8963
3 8852 8853 8964
3 8853 8965 8964
3 8853 8854 8965
3 8854 8966 8965
3 8854 8855 8966
3 8855 8967 8966
3 8855 8856 8967
3 8856 8968 8967
3 8856 8857 8968
3 8857 8969 8968
3 8857 8858 8969
3 8858 8970 8969
3 8858 8859 8970
3 8859 8971 8970
3 8859 8860 8971
3 8860 8972 8971
3 8860 8861 8972
3 8861 8973 8972
3 8861 8862 8973
3 8862 8974 8973
3 8862 8863 8974
3 8863 8975 8974
3 8863 8864 8975
3 8864 8976 8975
3 8864 8865 8976
3 8865 8977 8976
3 8865 8866 8977
3 8866 8978 8977
3 8866 8867 8978
3 8867 8979 8978
3 8867 8868 8979
3 8980 8870 8981
3 8870 8982 8981
3 8870 8869 8982
3 8869 8983 8982
3 8869 8871 8983
3 8871 8984 8983
3 8871 8872 8984
3 8872 8985 8984
3 8872 8873 8985
3 8873 8986 8985
3 8873 8874 8986
3 8874 8987 8986
3 8874 8875 8987
3 8875 8988 8987
3 8875 8876 8988
3 8876 8877 8988
3 8988 8877 8989
3 8877 8878 8989
3 8989 8878 8990
3 8878 8991 8990
3 8878 8879 8991
3 8879 8992 8991
3 8879 8880 8992
3 8880 8993 8992
3 8880 8881 8993
3 8881 8994 8993
3 8881 8882 8994
3 8882 8995 8994
3 8882 8883 8995
3 8883 8996 8995
3 8883 8884 8996
3 8884 8997 8996
3 8884 8885 8997
3 8885 8998 8997
3 8885 8886 8998
3 8886 8999 8998
3 8886 8887 8999
3 8887 9000 8999
3 8887 8888 9000
3 8888 9001 9000
3 8888 8889 9001
3 8889 9002 9001
3 8889 8890 9002
3 8890 9003 9002
3 8890 8891 9003
3 8891 9004 9003
3 8891 8892 9004
3 8892 9005 9004
3 8892 8893 9005
3 8893 9006 9005
3 8893 8894 9006
3 8894 9007 9006
3 8894 8895 9007
3 8895 9008 9007
3 8895 8896 9008
3 8896 9009 9008
3 8896 8897 9009
3 8897 9010 9009
3 8897 8898 9010
3 8898 9011 9010
3 8898 8899 9011
3 8899 9012 9011
3 8899 8900 9012
3 8900 9013 9012
3 8900 8901 9013
3 8901 9014 9013
3 8901 8902 9014
3 8902 9015 9014
3 8902 8903 9015
3 8903 9016 9015
3 8903 8904 9016
3 8904 9017 9016
3 8904 8905 9017
3 8905 9018 9017
3 8905 8906 9018
3 8906 9019 9018
3 8906 8907 9019
3 8907 9020 9019
3 8907 8908 9020
3 8908 9021 9020
3 8908 8909 9021
3 8909 9022 9021
3 8909 8910 9022
3 8910 9023 9022
3 8910 8911 9023
3 8911 9024 9023
3 8911 8912 9024
3 8912 9025 9024
3 8912 8913 9025
3 8913 9026 9025
3 8913 8914 9026
3 8914 9027 9026
3 8914 8915 9027
3 8915 9028 9027
3 8915 8916 9028
3 8916 9029 9028
3 8916 8917 9029
3 8917 9030 9029
3 8917 8918 9030
3 8918 9031 9030
3 8918 8919 9031
3 8919 9032 9031
3 8919 8920 9032
3 8920 9033 9032
3 8920 8921 9033
3 8921 9034 9033
3 8921 8922 9034
3 8922 9035 9034
3 8922 8923 9035
3 8923 9036 9035
3 8923 8924 9036
3 8924 9037 9036
3 8924 8925 9037
3 8925 9038 9037
3 8925 8926 9038
3 8926 9039 9038
3 8926 8927 9039
3 8927 9040 9039
3 8927 8928 9040
3 8928 9041 9040
3 8928 8929 9041
3 8929 9042 9041
3 8929 8930 9042
3 8930 9043 9042
3 8930 8931 9043
3 8931 9044 9043
3 8931 8932 9044
3 8932 9045 9044
3 8932 8933 9045
3 8933 9046 9045
3 8933 8934 9046
3 8934 9047 9046
3 8934 8935 9047
3 8935 9048 9047
3 8935 8936 9048
3 8936 9049 9048
3 8936 8937 9049
3 8937 9050 9049
3 8937 8938 9050
3 8938 9051 9050
3 8938 8939 9051
3 8939 9052 9051
3 8939 8940 9052
3 8940 9053 9052
3 8940 8941 9053
3 8941 9054 9053
3 8941 8942 9054
3 8942 9055 9054
3 8942 8943 9055
3 8943 9056 9055
3 8943 8944 9056
3 8944 9057 9056
3 8944 8945 9057
3 8945 9058 9057
3 8945 8946 9058
3 8946 9059 9058
3 8946 8947 9059
3 8947 9060 9059
3 8947 8948 9060
3 8948 9061 9060
3 8948 8949 9061
3 8949 9062 9061
3 8949 8950 9062
3 8950 9063 9062
3 8950 8951 9063
3 8951 9064 9063
3 8951 8952 9064
3 8952 9065 9064
3 8952 8953 9065
3 8953 9066 9065
3 8953 8954 9066
3 8954 9067 9066
3 8954 8955 9067
3 8955 9068 9067
3 8955 8956 9068
3 8956 9069 9068
3 8956 8957 9069
3 8957 9070 9069
3 8957 8958 9070
3 8958 9071 9070
3 8958 8959 9071
3 8959 9072 9071
3 8959 8960 9072
3 8960 9073 9072
3 8960 8961 9073
3 8961 9074 9073
3 8961 8962 9074
3 8962 9075 9074
3 8962 8963 9075
3 8963 9076 9075
3 8963 8964 9076
3 8964 9077 9076
3 8964 8965 9077
3 8965 9078 9077
3 8965 8966 9078
3 8966 9079 9078
3 8966 8967 9079
3 8967 9080 9079
3 8967 8968 9080
3 8968 9081 9080
3 8968 8969 9081
3 8969 9082 9081
3 8969 8970 9082
3 8970 9083 9082
3 8970 8971 9083
3 8971 9084 9083
3 8971 8972 9084
3 8972 9085 9084
3 8972 8973 9085
3 8973 9086 9085
3 8973 8974 9086
3 8974 9087 9086
3 8974 8975 9087
3 8975 9088 9087
3 8975 8976 9088
3 8976 9089 9088
3 8976 8977 9089
3 8977 9090 9089
3 8977 8978 9090
3 8978 9091 9090
3 8978 8979 9091
3 8979 9092 9091
3 9093 9094 9095
3 9093 9096 9094
3 9096 9097 9094
3 9096 8981 9097
3 8981 8982 9098
3 8982 9099 9098
3 8982 8983 9099
3 8983 9100 9099
3 8983 8984 9100
3 8984 9101 9100
3 8984 8985 9101
3 8985 9102 9101
3 8985 8986 9102
3 8986 9103 9102
3 8986 8987 9103
3 8987 9104 9103
3 8987 8988 9104
3 8988 8989 9104
3 9104 8989 9105
3 8989 8990 9105
3 9105 8990 9106
3 8990 9107 9106
3 8990 8991 9107
3 8991 9108 9107
3 8991 8992 9108
3 8992 9109 9108
3 8992 8993 9109
3 8993 9110 9109
3 8993 8994 9110
3 8994 9111 9110
3 8994 8995 9111
3 8995 9112 9111
3 8995 8996 9112
3 8996 9113 9112
3 8996 8997 9113
3 8997 9114 9113
3 8997 8998 9114
3 8998 9115 9114
3 8998 8999 9115
3 8999 9116 9115
3 8999 9000 9116
3 9000 9117 9116
3 9000 9001 9117
3 9001 9118 9117
3 9001 9002 9118
3 9002 9119 9118
3 9002 9003 9119
3 9003 9120 9119
3 9003 9004 9120
3 9004 9121 9120
3 9004 9005 9121
3 9005 9122 9121
3 9005 9006 9122
3 9006 9123 9122
3 9006 9007 9123
3 9007 9124 9123
3 9007 9008 9124
3 9008 9125 9124
3 9008 9009 9125
3 9009 9126 9125
3 9009 9010 9126
3 9010 9127 9126
3 9010 9011 9127
3 9011 9128 9127
3 9011 9012 9128
3 9012 9129 9128
3 9012 9013 9129
3 9013 9130 9129
3 9013 9014 9130
3 9014 9131 9130
3 9014 9015 9131
3 9015 9132 9131
3 9015 9016 9132
3 9016 9133 9132
3 9016 9017 9133
3 9017 9134 9133
3 9017 9018 9134
3 9018 9135 9134
3 9018 9019 9135
3 9019 9136 9135
3 9019 9020 9136
3 9020 9137 9136
3 9020 9021 9137
3 9021 9138 9137
3 9021 9022 9138
3 9022 9139 9138
3 9022 9023 9139
3 9023 9140 9139
3 9023 9024 9140
3 9024 9141 9140
3 9024 9025 9141
3 9025 9142 9141
3 9025 9026 9142
3 9026 9143 9142
3 9026 9027 9143
3 9027 9144 9143
3 9027 9028 9144
3 9028 9145 9144
3 9028 9029 9145
3 9029 9146 9145
3 9029 9030 9146
3 9030 9147 9146
3 9030 9031 9147
3 9031 9148 9147
3 9031 9032 9148
3 9032 9149 9148
3 9032 9033 9149
3 9033 9150 9149
3 9033 9034 9150
3 9034 9151 9150
3 9034 9035 9151
3 9035 9152 9151
3 9035 9036 9152
3 9036 9153 9152
3 9036 9037 9153
3 9037 9154 9153
3 9037 9038 9154
3 9038 9155 9154
3 9038 9039 9155
3 9039 9156 9155
3 9039 9040 9156
3 9040 9157 9156
3 9040 9041 9157
3 9041 9158 9157
3 9041 9042 9158
3 9042 9159 9158
3 9042 9043 9159
3 9043 9160 9159
3 9043 9044 9160
3 9044 9161 9160
3 9044 9045 9161
3 9045 9162 9161
3 9045 9046 9162
3 9046 9163 9162
3 9046 9047 9163
3 9047 9164 9163
3 9047 9048 9164
3 9048 9165 9164
3 9048 9049 9165
3 9049 9166 9165
3 9049 9050 9166
3 9050 9167 9166
3 9050 9051 9167
3 9051 9168 9167
3 9051 9052 9168
3 9052 9169 9168
3 9052 9053 9169
3 9053 9170 9169
3 9053 9054 9170
3 9054 9171 9170
3 9054 9055 9171
3 9055 9172 9171
3 9055 9056 9172
3 9056 9173 9172
3 9056 9057 9173
3 9057 9174 9173
3 9057 9058 9174
3 9058 9175 9174
3 9058 9059 9175
3 9059 9176 9175
3 9059 9060 9176
3 9060 9177 9176
3 9060 9061 9177
3 9061 9178 9177
3 9061 9062 9178
3 9062 9179 9178
3 9062 9063 9179
3 9063 9180 9179
3 9063 9064 9180
3 9064 9181 9180
3 9064 9065 9181
3 9065 9182 9181
3 9065 9066 9182
3 9066 9183 9182
3 9066 9067 9183
3 9067 9184 9183
3 9067 9068 9184
3 9068 9185 9184
3 9068 9069 9185
3 9069 9186 9185
3 9069 9070 9186
3 9070 9187 9186
3 9070 9071 9187
3 9071 9188 9187
3 9071 9072 9188
3 9072 9189 9188
3 9072 9073 9189
3 9073 9190 9189
3 9073 9074 9190
3 9074 9191 9190
3 9074 9075 9191
3 9075 9192 9191
3 9075 9076 9192
3 9076 9193 9192
3 9076 9077 9193
3 9077 9194 9193
3 9077 9078 9194
3 9078 9195 9194
3 9078 9079 9195
3 9079 9196 9195
3 9079 9080 9196
3 9080 9197 9196
3 9080 9081 9197
3 9081 9198 9197
3 9081 9082 9198
3 9082 9199 9198
3 9082 9083 9199
3 9083 9200 9199
3 9083 9084 9200
3 9084 9201 9200
3 9084 9085 9201
3 9085 9202 9201
3 9085 9086 9202
3 9086 9203 9202
3 9086 9087 9203
3 9087 9204 9203
3 9087 9088 9204
3 9088 9205 9204
3 9088 9089 9205
3 9089 9206 9205
3 9089 9090 9206
3 9090 9207 9206
3 9090 9091 9207
3 9091 9208 9207
3 9095 9209 9210
3 9095 9094 9209
3 9094 9211 9209
3 9094 9097 9211
3 9097 9212 9211
3 9097 9098 9212
3 9098 9213 9212
3 9098 9099 9213
3 9099 9214 9213
3 9099 9100 9214
3 9100 9215 9214
3 9100 9101 9215
3 9101 9216 9215
3 9101 9102 9216
3 9102 9217 9216
3 9102 9103 9217
3 9103 9218 9217
3 9103 9104 9218
3 9104 9105 9218
3 9218 9105 9219
3 9105 9106 9219
3 9219 9106 9220
3 9106 9221 9220
3 9106 9107 9221
3 9107 9222 9221
3 9107 9108 9222
3 9108 9223 9222
3 9108 9109 9223
3 9109 9224 9223
3 9109 9110 9224
3 9110 9225 9224
3 9110 9111 9225
3 9111 9226 9225
3 9111 9112 9226
3 9112 9227 9226
3 9112 9113 9227
3 9113 9228 9227
3 9113 9114 9228
3 9114 9229 9228
3 9114 9115 9229
3 9115 9230 9229
3 9115 9116 9230
3 9116 9231 9230
3 9116 9117 9231
3 9117 9232 9231
3 9117 9118 9232
3 9118 9233 9232
3 9118 9119 9233
3 9119 9234 9233
3 9119 9120 9234
3 9120 9235 9234
3 9120 9121 9235
3 9121 9236 9235
3 9121 9122 9236
3 9122 9237 9236
3 9122 9123 9237
3 9123 9238 9237
3 9123 9124 9238
3 9124 9239 9238
3 9124 9125 9239
3 9125 9240 9239
3 9125 9126 9240
3 9126 9241 9240
3 9126 9127 9241
3 9127 9242 9241
3 9127 9128 9242
3 9128 9243 9242
3 9128 9129 9243
3 9129 9244 9243
3 9129 9130 9244
3 9130 9245 9244
3 9130 9131 9245
3 9131 9246 9245
3 9131 9132 9246
3 9132 9247 9246
3 9132 9133 9247
3 9133 9248 9247
3 9133 9134 9248
3 9134 9249 9248
3 9134 9135 9249
3 9135 9250 9249
3 9135 9136 9250
3 9136 9251 9250
3 9136 9137 9251
3 9137 9252 9251
3 9137 9138 9252
3 9138 9253 9252
3 9138 9139 9253
3 9139 9254 9253
3 9139 9140 9254
3 9140 9255 9254
3 9140 9141 9255
3 9141 9256 9255
3 9141 9142 9256
3 9142 9257 9256
3 9142 9143 9257
3 9143 9258 9257
3 9143 9144 9258
3 9144 9259 9258
3 9144 9145 9259
3 9145 9260 9259
3 9145 9146 9260
3 9146 9261 9260
3 9146 9147 9261
3 9147 9262 9261
3 9147 9148 9262
3 9148 9263 9262
3 9148 9149 9263
3 9149 9264 9263
3 9149 9150 9264
3 9150 9265 9264
3 9150 9151 9265
3 9151 9266 9265
3 9151 9152 9266
3 9152 9267 9266
3 9152 9153 9267
3 9153 9268 9267
3 9153 9154 9268
3 9154 9269 9268
3 9154 9155 9269
3 9155 9270 9269
3 9155 9156 9270
3 9156 9271 9270
3 9156 9157 9271
3 9157 9272 9271
3 9157 9158 9272
3 9158 9273 9272
3 9158 9159 9273
3 9159 9274 9273
3 9159 9160 9274
3 9160 9275 9274
3 9160 9161 9275
3 9161 9276 9275
3 9161 9162 9276
3 9162 9277 9276
3 9162 9163 9277
3 9163 9278 9277
3 9163 9164 9278
3 9164 9279 9278
3 9164 9165 9279
3 9165 9280 9279
3 9165 9166 9280
3 9166 9281 9280
3 9166 9167 9281
3 9167 9282 9281
3 9167 9168 9282
3 9168 9283 9282
3 9168 9169 9283
3 9169 9284 9283
3 9169 9170 9284
3 9170 9285 9284
3 9170 9171 9285
3 9171 9286 9285
3 9171 9172 9286
3 9172 9287 9286
3 9172 9173 9287
3 9173 9288 9287
3 9173 9174 9288
3 9174 9289 9288
3 9174 9175 9289
3 9175 9290 9289
3 9175 9176 9290
3 9176 9291 9290
3 9176 9177 9291
3 9177 9292 9291
3 9177 9178 9292
3 9178 9293 9292
3 9178 9179 9293
3 9179 9294 9293
3 9179 9180 9294
3 9180 9295 9294
3 9180 9181 9295
3 9181 9296 9295
3 9181 9182 9296
3 9182 9297 9296
3 9182 9183 9297
3 9183 9298 9297
3 9183 9184 9298
3 9184 9299 9298
3 9184 9185 9299
3 9185 9300 9299
3 9185 9186 9300
3 9186 9301 9300
3 9186 9187 9301
3 9187 9302 9301
3 9187 9188 9302
3 9188 9303 9302
3 9188 9189 9303
3 9189 9304 9303
3 9189 9190 9304
3 9190 9305 9304
3 9190 9191 9305
3 9191 9306 9305
3 9191 9192 9306
3 9192 9307 9306
3 9192 9193 9307
3 9193 9308 9307
3 9193 9194 9308
3 9194 9309 9308
3 9194 9195 9309
3 9195 9310 9309
3 9195 9196 9310
3 9196 9311 9310
3 9196 9197 9311
3 9197 9312 9311
3 9197 9198 9312
3 9198 9313 9312
3 9198 9199 9313
3 9199 9314 9313
3 9199 9200 9314
3 9200 9315 9314
3 9200 9201 9315
3 9201 9316 9315
3 9201 9202 9316
3 9202 9317 9316
3 9202 9203 9317
3 9203 9318 9317
3 9203 9204 9318
3 9204 9319 9318
3 9204 9205 9319
3 9205 9320 9319
3 9205 9206 9320
3 9206 9321 9320
3 9206 9207 9321
3 9207 9322 9321
3 9207 9208 9322
3 9323 9324 9325
3 9323 9210 9324
3 9210 9326 9324
3 9210 9209 9326
3 9209 9327 9326
3 9209 9211 9327
3 9211 9328 9327
3 9211 9212 9328
3 9212 9329 9328
3 9212 9213 9329
3 9213 9330 9329
3 9213 9214 9330
3 9214 9331 9330
3 9214 9215 9331
3 9215 9332 9331
3 9215 9216 9332
3 9216 9333 9332
3 9216 9217 9333
3 9217 9218 9333
3 9333 9218 9334
3 9218 9219 9334
3 9334 9219 9335
3 9219 9220 9335
3 9335 9220 9336
3 9220 9337 9336
3 9220 9221 9337
3 9221 9338 9337
3 9221 9222 9338
3 9222 9223 9338
3 9338 9223 9339
3 9223 9340 9339
3 9223 9224 9340
3 9224 9341 9340
3 9224 9225 9341
3 9225 9342 9341
3 9225 9226 9342
3 9226 9343 9342
3 9226 9227 9343
3 9227 9344 9343
3 9227 9228 9344
3 9228 9345 9344
3 9228 9229 9345
3 9229 9346 9345
3 9229 9230 9346
3 9230 9347 9346
3 9230 9231 9347
3 9231 9348 9347
3 9231 9232 9348
3 9232 9349 9348
3 9232 9233 9349
3 9233 9350 9349
3 9233 9234 9350
3 9234 9235 9350
3 9350 9235 9351
3 9235 9352 9351
3 9235 9236 9352
3 9236 9353 9352
3 9236 9237 9353
3 9237 9354 9353
3 9237 9238 9354
3 9238 9355 9354
3 9238 9239 9355
3 9239 9356 9355
3 9239 9240 9356
3 9240 9357 9356
3 9240 9241 9357
3 9241 9358 9357
3 9241 9242 9358
3 9242 9359 9358
3 9242 9243 9359
3 9243 9360 9359
3 9243 9244 9360
3 9244 9361 9360
3 9244 9245 9361
3 9245 9362 9361
3 9245 9246 9362
3 9246 9363 9362
3 9246 9247 9363
3 9247 9364 9363
3 9247 9248 9364
3 9248 9365 9364
3 9248 9249 9365
3 9249 9366 9365
3 9249 9250 9366
3 9250 9367 9366
3 9250 9251 9367
3 9251 9368 9367
3 9251 9252 9368
3 9252 9369 9368
3 9252 9253 9369
3 9253 9370 9369
3 9253 9254 9370
3 9254 9371 9370
3 9254 9255 9371
3 9255 9372 9371
3 9255 9256 9372
3 9256 9373 9372
3 9256 9257 9373
3 9257 9374 9373
3 9257 9258 9374
3 9258 9375 9374
3 9258 9259 9375
3 9259 9376 9375
3 9259 9260 9376
3 9260 9377 9376
3 9260 9261 9377
3 9261 9378 9377
3 9261 9262 9378
3 9262 9379 9378
3 9262 9263 9379
3 9263 9380 9379
3 9263 9264 9380
3 9264 9381 9380
3 9264 9265 9381
3 9265 9382 9381
3 9265 9266 9382
3 9266 9383 9382
3 9266 9267 9383
3 9267 9384 9383
3 9267 9268 9384
3 9268 9385 9384
3 9268 9269 9385
3 9269 9386 9385
3 9269 9270 9386
3 9270 9387 9386
3 9270 9271 9387
3 9271 9388 9387
3 9271 9272 9388
3 9272 9389 9388
3 9272 9273 9389
3 9273 9390 9389
3 9273 9274 9390
3 9274 9391 9390
3 9274 9275 9391
3 9275 9392 9391
3 9275 9276 9392
3 9276 9393 9392
3 9276 9277 9393
3 9277 9394 9393
3 9277 9278 9394
3 9278 9395 9394
3 9278 9279 9395
3 9279 9396 9395
3 9279 9280 9396
3 9280 9397 9396
3 9280 9281 9397
3 9281 9398 9397
3 9281 9282 9398
3 9282 9399 9398
3 9282 9283 9399
3 9283 9400 9399
3 9283 9284 9400
3 9284 9401 9400
3 9284 9285 9401
3 9285 9402 9401
3 9285 9286 9402
3 9286 9403 9402
3 9286 9287 9403
3 9287 9404 9403
3 9287 9288 9404
3 9288 9405 9404
3 9288 9289 9405
3 9289 9406 9405
3 9289 9290 9406
3 9290 9407 9406
3 9290 9291 9407
3 9291 9408 9407
3 9291 9292 9408
3 9292 9409 9408
3 9292 9293 9409
3 9293 9410 9409
3 9293 9294 9410
3 9294 9411 9410
3 9294 9295 9411
3 9295 9412 9411
3 9295 9296 9412
3 9296 9413 9412
3 9296 9297 9413
3 9297 9414 9413
3 9297 9298 9414
3 9298 9415 9414
3 9298 9299 9415
3 9299 9416 9415
3 9299 9300 9416
3 9300 9417 9416
3 9300 9301 9417
3 9301 9418 9417
3 9301 9302 9418
3 9302 9419 9418
3 9302 9303 9419
3 9303 9420 9419
3 9303 9304 9420
3 9304 9421 9420
3 9304 9305 9421
3 9305 9422 9421
3 9305 9306 9422
3 9306 9423 9422
3 9306 9307 9423
3 9307 9424 9423
3 9307 9308 9424
3 9308 9425 9424
3 9308 9309 9425
3 9309 9426 9425
3 9309 9310 9426
3 9310 9427 9426
3 9310 9311 9427
3 9311 9428 9427
3 9311 9312 9428
3 9312 9429 9428
3 9312 9313 9429
3 9313 9430 9429
3 9313 9314 9430
3 9314 9431 9430
3 9314 9315 9431
3 9315 9432 9431
3 9315 9316 9432
3 9316 9433 9432
3 9316 9317 9433
3 9317 9434 9433
3 9317 9318 9434
3 9318 9435 9434
3 9318 9319 9435
3 9319 9436 9435
3 9319 9320 9436
3 9320 9437 9436
3 9320 9321 9437
3 9321 9438 9437
3 9321 9322 9438
3 9322 9439 9438
3 9325 9440 9441
3 9325 9324 9440
3 9324 9442 9440
3 9324 9326 9442
3 9326 9443 9442
3 9326 9327 9443
3 9327 9444 9443
3 9327 9328 9444
3 9328 9445 9444
3 9328 9329 9445
3 9329 9446 9445
3 9329 9330 9446
3 9330 9447 9446
3 9330 9331 9447
3 9331 9448 9447
3 9331 9332 9448
3 9332 9449 9448
3 9332 9333 9449
3 9333 9334 9449
3 9449 9334 9450
3 9334 9335 9450
3 9450 9335 9451
3 9335 9336 9451
3 9451 9336 9452
3 9336 9453 9452
3 9336 9337 9453
3 9337 9454 9453
3 9337 9338 9454
3 9338 9455 9454
3 9338 9339 9455
3 9339 9456 9455
3 9339 9340 9456
3 9340 9457 9456
3 9340 9341 9457
3 9341 9458 9457
3 9341 9342 9458
3 9342 9459 9458
3 9342 9343 9459
3 9343 9460 9459
3 9343 9344 9460
3 9344 9345 9460
3 9460 9345 9461
3 9345 9462 9461
3 9345 9346 9462
3 9346 9463 9462
3 9346 9347 9463
3 9347 9464 9463
3 9347 9348 9464
3 9348 9465 9464
3 9348 9349 9465
3 9349 9350 9465
3 9465 9350 9466
3 9350 9351 9466
3 9466 9351 9467
3 9351 9352 9467
3 9467 9352 9468
3 9352 9469 9468
3 9352 9353 9469
3 9353 9354 9470
3 9354 9471 9470
3 9354 9355 9471
3 9355 9472 9471
3 9355 9356 9472
3 9356 9473 9472
3 9356 9357 9473
3 9357 9474 9473
3 9357 9358 9474
3 9358 9475 9474
3 9358 9359 9475
3 9359 9476 9475
3 9359 9360 9476
3 9360 9477 9476
3 9360 9361 9477
3 9361 9478 9477
3 9361 9362 9478
3 9362 9479 9478
3 9362 9363 9479
3 9363 9480 9479
3 9363 9364 9480
3 9364 9481 9480
3 9364 9365 9481
3 9365 9482 9481
3 9365 9366 9482
3 9366 9483 9482
3 9366 9367 9483
3 9367 9484 9483
3 9367 9368 9484
3 9368 9485 9484
3 9368 9369 9485
3 9369 9486 9485
3 9369 9370 9486
3 9370 9487 9486
3 9370 9371 9487
3 9371 9488 9487
3 9371 9372 9488
3 9372 9489 9488
3 9372 9373 9489
3 9373 9490 9489
3 9373 9374 9490
3 9374 9491 9490
3 9374 9375 9491
3 9375 9492 9491
3 9375 9376 9492
3 9376 9493 9492
3 9376 9377 9493
3 9377 9494 9493
3 9377 9378 9494
3 9378 9495 9494
3 9378 9379 9495
3 9379 9496 9495
3 9379 9380 9496
3 9380 9497 9496
3 9380 9381 9497
3 9381 9498 9497
3 9381 9382 9498
3 9382 9499 9498
3 9382 9383 9499
3 9383 9500 9499
3 9383 9384 9500
3 9384 9501 9500
3 9384 9385 9501
3 9385 9502 9501
3 9385 9386 9502
3 9386 9503 9502
3 9386 9387 9503
3 9387 9388 9503
3 9503 9388 9504
3 9388 9505 9504
3 9388 9389 9505
3 9389 9506 9505
3 9389 9390 9506
3 9390 9507 9506
3 9390 9391 9507
3 9391 9508 9507
3 9391 9392 9508
3 9392 9509 9508
3 9392 9393 9509
3 9393 9510 9509
3 9393 9394 9510
3 9394 9511 9510
3 9394 9395 9511
3 9395 9512 9511
3 9395 9396 9512
3 9396 9513 9512
3 9396 9397 9513
3 9397 9514 9513
3 9397 9398 9514
3 9398 9515 9514
3 9398 9399 9515
3 9399 9516 9515
3 9399 9400 9516
3 9400 9517 9516
3 9400 9401 9517
3 9401 9518 9517
3 9401 9402 9518
3 9402 9519 9518
3 9402 9403 9519
3 9403 9520 9519
3 9403 9404 9520
3 9404 9521 9520
3 9404 9405 9521
3 9405 9522 9521
3 9405 9406 9522
3 9406 9523 9522
3 9406 9407 9523
3 9407 9524 9523
3 9407 9408 9524
3 9408 9525 9524
3 9408 9409 9525
3 9409 9526 9525
3 9409 9410 9526
3 9410 9527 9526
3 9410 9411 9527
3 9411 9528 9527
3 9411 9412 9528
3 9412 9529 9528
3 9412 9413 9529
3 9413 9530 9529
3 9413 9414 9530
3 9414 9531 9530
3 9414 9415 9531
3 9415 9532 9531
3 9415 9416 9532
3 9416 9533 9532
3 9416 9417 9533
3 9417 9534 9533
3 9417 9418 9534
3 9418 9535 9534
3 9418 9419 9535
3 9419 9536 9535
3 9419 9420 9536
3 9420 9537 9536
3 9420 9421 9537
3 9421 9538 9537
3 9421 9422 9538
3 9422 9539 9538
3 9422 9423 9539
3 9423 9540 9539
3 9423 9424 9540
3 9424 9541 9540
3 9424 9425 9541
3 9425 9542 9541
3 9425 9426 9542
3 9426 9543 9542
3 9426 9427 9543
3 9427 9544 9543
3 9427 9428 9544
3 9428 9545 9544
3 9428 9429 9545
3 9429 9546 9545
3 9429 9430 9546
3 9430 9547 9546
3 9430 9431 9547
3 9431 9548 9547
3 9431 9432 9548
3 9432 9549 9548
3 9432 9433 9549
3 9433 9550 9549
3 9433 9434 9550
3 9434 9551 9550
3 9434 9435 9551
3 9435 9552 9551
3 9435 9436 9552
3 9436 9553 9552
3 9436 9437 9553
3 9437 9554 9553
3 9437 9438 9554
3 9438 9555 9554
3 9438 9439 9555
3 9441 9556 9557
3 9441 9440 9556
3 9440 9558 9556
3 9440 9442 9558
3 9442 9559 9558
3 9442 9443 9559
3 9443 9560 9559
3 9443 9444 9560
3 9444 9561 9560
3 9444 9445 9561
3 9445 9562 9561
3 9445 9446 9562
3 9446 9447 9563
3 9447 9564 9563
3 9447 9448 9564
3 9448 9565 9564
3 9448 9449 9565
3 9449 9566 9565
3 9449 9450 9566
3 9450 9451 9566
3 9566 9451 9567
3 9451 9452 9567
3 9567 9452 9568
3 9452 9453 9568
3 9568 9453 9569
3 9453 9570 9569
3 9453 9454 9570
3 9454 9571 9570
3 9454 9455 9571
3 9455 9572 9571
3 9455 9456 9572
3 9456 9573 9572
3 9456 9457 9573
3 9457 9574 9573
3 9457 9458 9574
3 9458 9575 9574
3 9458 9459 9575
3 9459 9576 9575
3 9459 9460 9576
3 9460 9461 9576
3 9576 9461 9577
3 9461 9462 9577
3 9577 9462 9578
3 9462 9579 9578
3 9462 9463 9579
3 9463 9580 9579
3 9463 9464 9580
3 9464 9581 9580
3 9464 9465 9581
3 9465 9466 9581
3 9581 9466 9582
3 9466 9467 9582
3 9582 9467 9583
3 9467 9584 9583
3 9467 9468 9584
3 9468 9585 9584
3 9468 9469 9585
3 9469 9586 9585
3 9469 9470 9586
3 9470 9587 9586
3 9471 9588 9587
3 9471 9472 9588
3 9472 9589 9588
3 9472 9473 9589
3 9473 9590 9589
3 9473 9474 9590
3 9474 9591 9590
3 9474 9475 9591
3 9475 9592 9591
3 9475 9476 9592
3 9476 9593 9592
3 9476 9477 9593
3 9477 9594 9593
3 9477 9478 9594
3 9478 9595 9594
3 9478 9479 9595
3 9479 9596 9595
3 9479 9480 9596
3 9480 9597 9596
3 9480 9481 9597
3 9481 9598 9597
3 9481 9482 9598
3 9482 9483 9598
3 9598 9483 9599
3 9483 9484 9599
3 9599 9484 9600
3 9484 9485 9600
3 9600 9485 9601
3 9485 9602 9601
3 9485 9486 9602
3 9486 9603 9602
3 9486 9487 9603
3 9487 9604 9603
3 9487 9488 9604
3 9488 9605 9604
3 9488 9489 9605
3 9489 9606 9605
3 9489 9490 9606
3 9490 9607 9606
3 9490 9491 9607
3 9491 9608 9607
3 9491 9492 9608
3 9492 9609 9608
3 9492 9493 9609
3 9493 9494 9609
3 9609 9494 9610
3 9494 9611 9610
3 9494 9495 9611
3 9495 9612 9611
3 9495 9496 9612
3 9496 9613 9612
3 9496 9497 9613
3 9497 9614 9613
3 9497 9498 9614
3 9498 9615 9614
3 9498 9499 9615
3 9499 9616 9615
3 9499 9500 9616
3 9500 9617 9616
3 9500 9501 9617
3 9501 9618 9617
3 9501 9502 9618
3 9502 9619 9618
3 9502 9503 9619
3 9503 9504 9619
3 9619 9504 9620
3 9504 9505 9620
3 9620 9505 9621
3 9505 9622 9621
3 9505 9506 9622
3 9506 9623 9622
3 9506 9507 9623
3 9507 9508 9623
3 9623 9508 9624
3 9508 9509 9624
3 9624 9509 9625
3 9509 9510 9625
3 9625 9510 9626
3 9510 9511 9626
3 9626 9511 9627
3 9511 9512 9627
3 9627 9512 9628
3 9512 9629 9628
3 9512 9513 9629
3 9513 9630 9629
3 9513 9514 9630
3 9514 9631 9630
3 9514 9515 9631
3 9515 9632 9631
3 9515 9516 9632
3 9516 9633 9632
3 9516 9517 9633
3 9517 9634 9633
3 9517 9518 9634
3 9518 9635 9634
3 9518 9519 9635
3 9519 9636 9635
3 9519 9520 9636
3 9520 9637 9636
3 9520 9521 9637
3 9521 9638 9637
3 9521 9522 9638
3 9522 9639 9638
3 9522 9523 9639
3 9523 9640 9639
3 9523 9524 9640
3 9524 9641 9640
3 9524 9525 9641
3 9525 9642 9641
3 9525 9526 9642
3 9526 9643 9642
3 9526 9527 9643
3 9527 9644 9643
3 9527 9528 9644
3 9528 9645 9644
3 9528 9529 9645
3 9529 9646 9645
3 9529 9530 9646
3 9530 9647 9646
3 9530 9531 9647
3 9531 9648 9647
3 9531 9532 9648
3 9532 9649 9648
3 9532 9533 9649
3 9533 9650 9649
3 9533 9534 9650
3 9534 9651 9650
3 9534 9535 9651
3 9535 9652 9651
3 9535 9536 9652
3 9536 9653 9652
3 9536 9537 9653
3 9537 9654 9653
3 9537 9538 9654
3 9538 9539 9654
3 9654 9539 9655
3 9539 9540 9655
3 9655 9540 9656
3 9540 9541 9656
3 9656 9541 9657
3 9541 9658 9657
3 9541 9542 9658
3 9542 9659 9658
3 9542 9543 9659
3 9543 9660 9659
3 9543 9544 9660
3 9544 9661 9660
3 9544 9545 9661
3 9545 9662 9661
3 9545 9546 9662
3 9546 9663 9662
3 9546 9547 9663
3 9547 9664 9663
3 9547 9548 9664
3 9548 9665 9664
3 9548 9549 9665
3 9549 9666 9665
3 9549 9550 9666
3 9550 9667 9666
3 9550 9551 9667
3 9551 9668 9667
3 9551 9552 9668
3 9552 9669 9668
3 9552 9553 9669
3 9553 9670 9669
3 9553 9554 9670
3 9554 9671 9670
3 9554 9555 9671
3 9557 9672 9673
3 9557 9556 9672
3 9556 9674 9672
3 9556 9558 9674
3 9558 9675 9674
3 9558 9559 9675
3 9559 9676 9675
3 9559 9560 9676
3 9560 9677 9676
3 9560 9561 9677
3 9561 9678 9677
3 9561 9562 9678
3 9562 9679 9678
3 9562 9563 9679
3 9563 9680 9679
3 9564 9681 9680
3 9564 9565 9681
3 9565 9682 9681
3 9565 9566 9682
3 9566 9567 9682
3 9682 9567 9683
3 9567 9568 9683
3 9683 9568 9684
3 9568 9569 9684
3 9684 9569 9685
3 9569 9570 9685
3 9685 9570 9686
3 9570 9687 9686
3 9570 9571 9687
3 9571 9688 9687
3 9571 9572 9688
3 9572 9689 9688
3 9572 9573 9689
3 9573 9690 9689
3 9573 9574 9690
3 9574 9691 9690
3 9574 9575 9691
3 9575 9692 9691
3 9575 9576 9692
3 9576 9693 9692
3 9576 9577 9693
3 9577 9694 9693
3 9577 9578 9694
3 9578 9695 9694
3 9578 9579 9695
3 9579 9696 9695
3 9579 9580 9696
3 9580 9697 9696
3 9580 9581 9697
3 9581 9698 9697
3 9581 9582 9698
3 9582 9583 9698
3 9698 9583 9699
3 9583 9700 9699
3 9583 9584 9700
3 9584 9701 9700
3 9584 9585 9701
3 9585 9702 9701
3 9585 9586 9702
3 9586 9703 9702
3 9587 9704 9703
3 9587 9588 9704
3 9588 9705 9704
3 9588 9589 9705
3 9589 9706 9705
3 9589 9590 9706
3 9590 9707 9706
3 9590 9591 9707
3 9591 9708 9707
3 9591 9592 9708
3 9592 9709 9708
3 9592 9593 9709
3 9593 9710 9709
3 9593 9594 9710
3 9594 9711 9710
3 9594 9595 9711
3 9595 9712 9711
3 9595 9596 9712
3 9596 9713 9712
3 9596 9597 9713
3 9597 9714 9713
3 9597 9598 9714
3 9598 9599 9714
3 9714 9599 9715
3 9599 9600 9715
3 9715 9600 9716
3 9600 9601 9716
3 9716 9601 9717
3 9601 9718 9717
3 9601 9602 9718
3 9602 9719 9718
3 9602 9603 9719
3 9603 9720 9719
3 9603 9604 9720
3 9604 9721 9720
3 9604 9605 9721
3 9605 9722 9721
3 9605 9606 9722
3 9606 9723 9722
3 9606 9607 9723
3 9607 9724 9723
3 9607 9608 9724
3 9608 9725 9724
3 9608 9609 9725
3 9609 9610 9725
3 9725 9610 9726
3 9610 9727 9726
3 9610 9611 9727
3 9611 9728 9727
3 9611 9612 9728
3 9612 9729 9728
3 9612 9613 9729
3 9613 9730 9729
3 9613 9614 9730
3 9614 9731 9730
3 9614 9615 9731
3 9615 9732 9731
3 9615 9616 9732
3 9616 9733 9732
3 9616 9617 9733
3 9617 9734 9733
3 9617 9618 9734
3 9618 9735 9734
3 9618 9619 9735
3 9619 9736 9735
3 9619 9620 9736
3 9620 9621 9736
3 9736 9621 9737
3 9621 9622 9737
3 9737 9622 9738
3 9622 9623 9738
3 9738 9623 9739
3 9623 9624 9739
3 9739 9624 9740
3 9624 9625 9740
3 9740 9625 9741
3 9625 9626 9741
3 9741 9626 9742
3 9626 9627 9742
3 9742 9627 9743
3 9627 9628 9743
3 9743 9628 9744
3 9628 9629 9744
3 9744 9629 9745
3 9629 9630 9745
3 9745 9630 9746
3 9630 9747 9746
3 9630 9631 9747
3 9631 9748 9747
3 9631 9632 9748
3 9632 9749 9748
3 9632 9633 9749
3 9633 9750 9749
3 9633 9634 9750
3 9634 9751 9750
3 9634 9635 9751
3 9635 9752 9751
3 9635 9636 9752
3 9636 9637 9752
3 9752 9637 9753
3 9637 9638 9753
3 9753 9638 9754
3 9638 9639 9754
3 9754 9639 9755
3 9639 9640 9755
3 9755 9640 9756
3 9640 9641 9756
3 9756 9641 9757
3 9641 9642 9757
3 9757 9642 9758
3 9642 9643 9758
3 9758 9643 9759
3 9643 9760 9759
3 9643 9644 9760
3 9644 9761 9760
3 9644 9645 9761
3 9645 9762 9761
3 9645 9646 9762
3 9646 9647 9762
3 9762 9647 9763
3 9647 9648 9763
3 9763 9648 9764
3 9648 9765 9764
3 9648 9649 9765
3 9649 9650 9765
3 9765 9650 9766
3 9650 9767 9766
3 9650 9651 9767
3 9651 9652 9767
3 9767 9652 9768
3 9652 9653 9768
3 9768 9653 9769
3 9653 9654 9769
3 9769 9654 9770
3 9654 9655 9770
3 9770 9655 9771
3 9655 9656 9771
3 9771 9656 9772
3 9656 9657 9772
3 9772 9657 9773
3 9657 9658 9773
3 9773 9658 9774
3 9658 9775 9774
3 9658 9659 9775
3 9659 9660 9775
3 9775 9660 9776
3 9660 9661 9776
3 9776 9661 9777
3 9661 9662 9777
3 9777 9662 9778
3 9662 9663 9778
3 9778 9663 9779
3 9663 9664 9779
3 9779 9664 9780
3 9664 9781 9780
3 9664 9665 9781
3 9665 9782 9781
3 9665 9666 9782
3 9666 9783 9782
3 9666 9667 9783
3 9667 9668 9783
3 9783 9668 9784
3 9668 9669 9784
3 9784 9669 9785
3 9669 9670 9785
3 9785 9670 9786
3 9670 9787 9786
3 9670 9671 9787
3 9673 9788 9789
3 9673 9672 9788
3 9672 9790 9788
3 9672 9674 9790
3 9674 9791 9790
3 9674 9675 9791
3 9675 9792 9791
3 9675 9676 9792
3 9676 9793 9792
3 9676 9677 9793
3 9677 9794 9793
3 9677 9678 9794
3 9678 9795 9794
3 9678 9679 9795
3 9679 9796 9795
3 9679 9680 9796
3 9680 9797 9796
3 9680 9681 9797
3 9681 9682 9797
3 9797 9682 9798
3 9682 9683 9798
3 9798 9683 9799
3 9683 9684 9799
3 9799 9684 9800
3 9684 9685 9800
3 9800 9685 9801
3 9685 9686 9801
3 9801 9686 9802
3 9686 9687 9802
3 9802 9687 9803
3 9687 9804 9803
3 9687 9688 9804
3 9688 9805 9804
3 9688 9689 9805
3 9689 9806 9805
3 9689 9690 9806
3 9690 9807 9806
3 9690 9691 9807
3 9691 9808 9807
3 9691 9692 9808
3 9692 9809 9808
3 9692 9693 9809
3 9693 9694 9809
3 9809 9694 9810
3 9694 9811 9810
3 9694 9695 9811
3 9695 9812 9811
3 9695 9696 9812
3 9696 9813 9812
3 9696 9697 9813
3 9697 9698 9813
3 9813 9698 9814
3 9698 9699 9814
3 9814 9699 9815
3 9699 9700 9815
3 9815 9700 9816
3 9700 9817 9816
3 9700 9701 9817
3 9701 9818 9817
3 9701 9702 9818
3 9702 9819 9818
3 9702 9703 9819
3 9703 9704 9819
3 9819 9704 9820
3 9704 9705 9820
3 9820 9705 9821
3 9705 9822 9821
3 9705 9706 9822
3 9706 9823 9822
3 9706 9707 9823
3 9707 9708 9823
3 9823 9708 9824
3 9708 9825 9824
3 9708 9709 9825
3 9709 9826 9825
3 9709 9710 9826
3 9710 9827 9826
3 9710 9711 9827
3 9711 9828 9827
3 9711 9712 9828
3 9712 9829 9828
3 9712 9713 9829
3 9713 9714 9829
3 9829 9714 9830
3 9714 9715 9830
3 9830 9715 9831
3 9715 9716 9831
3 9831 9716 9832
3 9716 9717 9832
3 9832 9717 9833
3 9717 9718 9833
3 9833 9718 9834
3 9718 9835 9834
3 9718 9719 9835
3 9719 9836 9835
3 9719 9720 9836
3 9720 9837 9836
3 9720 9721 9837
3 9721 9838 9837
3 9721 9722 9838
3 9722 9839 9838
3 9722 9723 9839
3 9723 9840 9839
3 9723 9724 9840
3 9724 9725 9840
3 9840 9725 9841
3 9725 9726 9841
3 9841 9726 9842
3 9726 9727 9842
3 9842 9727 9843
3 9727 9844 9843
3 9727 9728 9844
3 9728 9845 9844
3 9728 9729 9845
3 9729 9846 9845
3 9729 9730 9846
3 9730 9847 9846
3 9730 9731 9847
3 9731 9732 9847
3 9847 9732 9848
3 9732 9733 9848
3 9848 9733 9849
3 9733 9734 9849
3 9849 9734 9850
3 9734 9735 9850
3 9850 9735 9851
3 9735 9736 9851
3 9851 9736 9852
3 9736 9737 9852
3 9852 9737 9853
3 9737 9738 9853
3 9853 9738 9854
3 9738 9739 9854
3 9854 9739 9855
3 9739 9740 9855
3 9855 9740 9856
3 9740 9741 9856
3 9856 9741 9857
3 9741 9742 9857
3 9857 9742 9858
3 9742 9743 9858
3 9858 9743 9859
3 9743 9744 9859
3 9859 9744 9860
3 9744 9745 9860
3 9860 9745 9861
3 9745 9746 9861
3 9861 9746 9862
3 9746 9747 9862
3 9862 9747 9863
3 9747 9748 9863
3 9863 9748 9864
3 9748 9749 9864
3 9864 9749 9865
3 9749 9750 9865
3 9865 9750 9866
3 9750 9751 9866
3 9866 9751 9867
3 9751 9752 9867
3 9867 9752 9868
3 9752 9753 9868
3 9868 9753 9869
3 9753 9754 9869
3 9869 9754 9870
3 9754 9755 9870
3 9870 9755 9871
3 9755 9756 9871
3 9871 9756 9872
3 9756 9757 9872
3 9872 9757 9873
3 9757 9758 9873
3 9873 9758 9874
3 9758 9759 9874
3 9874 9759 9875
3 9759 9760 9875
3 9875 9760 9876
3 9760 9761 9876
3 9876 9761 9877
3 9761 9762 9877
3 9877 9762 9878
3 9762 9763 9878
3 9878 9763 9879
3 9763 9764 9879
3 9879 9764 9880
3 9764 9765 9880
3 9880 9765 9881
3 9765 9766 9881
3 9881 9766 9882
3 9766 9767 9882
3 9882 9767 9883
3 9767 9768 9883
3 9883 9768 9884
3 9768 9769 9884
3 9884 9769 9885
3 9769 9770 9885
3 9885 9770 9886
3 9770 9771 9886
3 9886 9771 9887
3 9771 9772 9887
3 9887 9772 9888
3 9772 9773 9888
3 9888 9773 9889
3 9773 9774 9889
3 9889 9774 9890
3 9774 9775 9890
3 9890 9775 9891
3 9775 9776 9891
3 9891 9776 9892
3 9776 9777 9892
3 9892 9777 9893
3 9777 9778 9893
3 9893 9778 9894
3 9778 9779 9894
3 9894 9779 9895
3 9779 9780 9895
3 9895 9780 9896
3 9780 9781 9896
3 9896 9781 9897
3 9781 9782 9897
3 9897 9782 9898
3 9782 9783 9898
3 9898 9783 9899
3 9783 9784 9899
3 9899 9784 9900
3 9784 9785 9900
3 9900 9785 9901
3 9785 9786 9901
3 9901 9786 9902
3 9786 9787 9902
3 9902 9787 9903
3 9904 9905 9906
3 9789 9907 9905
3 9789 9788 9907
3 9788 9908 9907
3 9788 9790 9908
3 9790 9909 9908
3 9790 9791 9909
3 9791 9910 9909
3 9791 9792 9910
3 9792 9911 9910
3 9792 9793 9911
3 9793 9912 9911
3 9793 9794 9912
3 9794 9913 9912
3 9794 9795 9913
3 9795 9914 9913
3 9795 9796 9914
3 9796 9915 9914
3 9796 9797 9915
3 9797 9798 9915
3 9915 9798 9916
3 9798 9799 9916
3 9916 9799 9917
3 9799 9800 9917
3 9917 9800 9918
3 9800 9801 9918
3 9918 9801 9919
3 9801 9802 9919
3 9919 9802 9920
3 9802 9803 9920
3 9920 9803 9921
3 9803 9922 9921
3 9803 9804 9922
3 9804 9923 9922
3 9804 9805 9923
3 9805 9924 9923
3 9805 9806 9924
3 9806 9925 9924
3 9806 9807 9925
3 9807 9926 9925
3 9807 9808 9926
3 9808 9927 9926
3 9808 9809 9927
3 9809 9810 9927
3 9927 9810 9928
3 9810 9929 9928
3 9810 9811 9929
3 9811 9930 9929
3 9811 9812 9930
3 9812 9931 9930
3 9812 9813 9931
3 9813 9814 9931
3 9931 9814 9932
3 9814 9815 9932
3 9932 9815 9933
3 9815 9816 9933
3 9933 9816 9934
3 9816 9935 9934
3 9816 9817 9935
3 9817 9936 9935
3 9817 9818 9936
3 9818 9937 9936
3 9819 9820 9937
3 9937 9820 9938
3 9820 9821 9938
3 9938 9821 9939
3 9821 9822 9939
3 9939 9822 9940
3 9822 9823 9940
3 9940 9823 9941
3 9823 9824 9941
3 9941 9824 9942
3 9824 9943 9942
3 9824 9825 9943
3 9825 9944 9943
3 9825 9826 9944
3 9826 9945 9944
3 9826 9827 9945
3 9827 9946 9945
3 9827 9828 9946
3 9828 9829 9946
3 9946 9829 9947
3 9829 9830 9947
3 9947 9830 9948
3 9830 9831 9948
3 9948 9831 9949
3 9831 9832 9949
3 9949 9832 9950
3 9832 9833 9950
3 9950 9833 9951
3 9833 9834 9951
3 9951 9834 9952
3 9834 9953 9952
3 9834 9835 9953
3 9835 9954 9953
3 9835 9836 9954
3 9836 9955 9954
3 9836 9837 9955
3 9837 9956 9955
3 9837 9838 9956
3 9838 9839 9956
3 9956 9839 9957
3 9839 9840 9957
3 9957 9840 9958
3 9840 9841 9958
3 9958 9841 9959
3 9841 9842 9959
3 9959 9842 9960
3 9842 9843 9960
3 9960 9843 9961
3 9843 9962 9961
3 9843 9844 9962
3 9844 9963 9962
3 9844 9845 9963
3 9845 9964 9963
3 9845 9846 9964
3 9846 9847 9964
3 9964 9847 9965
3 9847 9848 9965
3 9965 9848 9966
3 9848 9849 9966
3 9966 9849 9967
3 9849 9850 9967
3 9967 9850 9968
3 9850 9851 9968
3 9968 9851 9969
3 9851 9852 9969
3 9969 9852 9970
3 9852 9853 9970
3 9970 9853 9971
3 9853 9854 9971
3 9971 9854 9972
3 9854 9855 9972
3 9972 9855 9973
3 9855 9856 9973
3 9973 9856 9974
3 9856 9857 9974
3 9974 9857 9975
3 9857 9858 9975
3 9975 9858 9976
3 9858 9859 9976
3 9976 9859 9977
3 9859 9860 9977
3 9977 9860 9978
3 9860 9861 9978
3 9978 9861 9979
3 9861 9862 9979
3 9979 9862 9980
3 9862 9863 9980
3 9980 9863 9981
3 9863 9864 9981
3 9981 9864 9982
3 9864 9865 9982
3 9982 9865 9983
3 9865 9866 9983
3 9983 9866 9984
3 9866 9985 9984
3 9866 9867 9985
3 9867 9986 9985
3 9867 9868 9986
3 9868 9869 9986
3 9986 9869 9987
3 9869 9870 9987
3 9987 9870 9988
3 9870 9871 9988
3 9988 9871 9989
3 9871 9872 9989
3 9989 9872 9990
3 9872 9873 9990
3 9990 9873 9991
3 9873 9874 9991
3 9991 9874 9992
3 9874 9875 9992
3 9992 9875 9993
3 9875 9876 9993
3 9993 9876 9994
3 9876 9877 9994
3 9994 9877 9995
3 9877 9878 9995
3 9995 9878 9996
3 9878 9879 9996
3 9996 9879 9997
3 9879 9880 9997
3 9997 9880 9998
3 9880 9881 9998
3 9998 9881 9999
3 9881 9882 9999
3 9999 9882 10000
3 9882 9883 10000
3 10000 9883 10001
3 9883 9884 10001
3 10001 9884 10002
3 9884 9885 10002
3 10002 9885 10003
3 9885 9886 10003
3 10003 9886 10004
3 9886 9887 10004
3 10004 9887 10005
3 9887 9888 10005
3 10005 9888 10006
3 9888 9889 10006
3 10006 9889 10007
3 9889 9890 10007
3 10007 9890 10008
3 9890 9891 10008
3 10008 9891 10009
3 9891 9892 10009
3 10009 9892 10010
3 9892 9893 10010
3 10010 9893 10011
3 9893 9894 10011
3 10011 9894 10012
3 9894 9895 10012
3 10012 9895 10013
3 9895 9896 10013
3 10013 9896 10014
3 9896 9897 10014
3 10014 9897 10015
3 9897 9898 10015
3 10015 9898 10016
3 9898 9899 10016
3 10016 9899 10017
3 9899 9900 10017
3 10017 9900 10018
3 9900 9901 10018
3 10018 9901 10019
3 9901 9902 10019
3 10019 9902 10020
3 9902 9903 10020
3 10020 9903 10021
3 10022 9906 10023
3 9906 10024 10023
3 9906 9905 10024
3 9905 10025 10024
3 9905 9907 10025
3 9907 9908 10025
3 10025 9908 10026
3 9908 9909 10026
3 10026 9909 10027
3 9909 10028 10027
3 9909 9910 10028
3 9910 10029 10028
3 9910 9911 10029
3 9911 10030 10029
3 9911 9912 10030
3 9912 10031 10030
3 9912 9913 10031
3 9913 10032 10031
3 9913 9914 10032
3 9914 9915 10032
3 10032 9915 10033
3 9915 9916 10033
3 10033 9916 10034
3 9916 9917 10034
3 10034 9917 10035
3 9917 9918 10035
3 10035 9918 10036
3 9918 9919 10036
3 10036 9919 10037
3 9919 9920 10037
3 10037 9920 10038
3 9920 9921 10038
3 10038 9921 10039
3 9921 9922 10039
3 10039 9922 10040
3 9922 9923 10040
3 10040 9923 10041
3 9923 10042 10041
3 9923 9924 10042
3 9924 10043 10042
3 9924 9925 10043
3 9925 9926 10043
3 10043 9926 10044
3 9926 9927 10044
3 10044 9927 10045
3 9927 9928 10045
3 10045 9928 10046
3 9928 9929 10046
3 10046 9929 10047
3 9929 9930 10047
3 10047 9930 10048
3 9930 9931 10048
3 10048 9931 10049
3 9931 9932 10049
3 10049 9932 10050
3 9932 9933 10050
3 10050 9933 10051
3 9933 9934 10051
3 10051 9934 10052
3 9934 9935 10052
3 10052 9935 10053
3 9935 10054 10053
3 9935 9936 10054
3 9936 10055 10054
3 9936 9937 10055
3 9937 9938 10055
3 10055 9938 10056
3 9938 9939 10056
3 10056 9939 10057
3 9939 9940 10057
3 10057 9940 10058
3 9940 9941 10058
3 10058 9941 10059
3 9941 9942 10059
3 10059 9942 10060
3 9942 9943 10060
3 10060 9943 10061
3 9943 9944 10061
3 10061 9944 10062
3 9944 9945 10062
3 10062 9945 10063
3 9945 9946 10063
3 10063 9946 10064
3 9946 9947 10064
3 10064 9947 10065
3 9947 9948 10065
3 10065 9948 10066
3 9948 9949 10066
3 10066 9949 10067
3 9949 9950 10067
3 10067 9950 10068
3 9950 9951 10068
3 10068 9951 10069
3 9951 9952 10069
3 10069 9952 10070
3 9952 9953 10070
3 10070 9953 10071
3 9953 10072 10071
3 9953 9954 10072
3 9954 10073 10072
3 9954 9955 10073
3 9955 9956 10073
3 10073 9956 10074
3 9956 9957 10074
3 10074 9957 10075
3 9957 9958 10075
3 10075 9958 10076
3 9958 9959 10076
3 10076 9959 10077
3 9959 9960 10077
3 10077 9960 10078
3 9960 9961 10078
3 10078 9961 10079
3 9961 9962 10079
3 10079 9962 10080
3 9962 10081 10080
3 9962 9963 10081
3 9963 10082 10081
3 9963 9964 10082
3 9964 9965 10082
3 10082 9965 10083
3 9965 9966 10083
3 10083 9966 10084
3 9966 9967 10084
3 10084 9967 10085
3 9967 9968 10085
3 10085 9968 10086
3 9968 9969 10086
3 10086 9969 10087
3 9969 9970 10087
3 10087 9970 10088
3 9970 9971 10088
3 10088 9971 10089
3 9971 9972 10089
3 10089 9972 10090
3 9972 9973 10090
3 10090 9973 10091
3 9973 9974 10091
3 10091 9974 10092
3 9974 9975 10092
3 10092 9975 10093
3 9975 9976 10093
3 10093 9976 10094
3 9976 9977 10094
3 10094 9977 10095
3 9977 9978 10095
3 10095 9978 10096
3 9978 9979 10096
3 10096 9979 10097
3 9979 9980 10097
3 10097 9980 10098
3 9980 9981 10098
3 10098 9981 10099
3 9981 9982 10099
3 10099 9982 10100
3 9982 9983 10100
3 10100 9983 10101
3 9983 9984 10101
3 10101 9984 10102
3 9984 9985 10102
3 10102 9985 10103
3 9985 9986 10103
3 10103 9986 10104
3 9986 9987 10104
3 10104 9987 10105
3 9987 9988 10105
3 10105 9988 10106
3 9988 9989 10106
3 10106 9989 10107
3 9989 9990 10107
3 10107 9990 10108
3 9990 9991 10108
3 10108 9991 10109
3 9991 9992 10109
3 10109 9992 10110
3 9992 9993 10110
3 10110 9993 10111
3 9993 9994 10111
3 10111 9994 10112
3 9994 9995 10112
3 10112 9995 10113
3 9995 9996 10113
3 10113 9996 10114
3 9996 9997 10114
3 10114 9997 10115
3 9997 9998 10115
3 10115 9998 10116
3 9998 9999 10116
3 10116 9999 10117
3 9999 10000 10117
3 10117 10000 10118
3 10000 10001 10118
3 10118 10001 10119
3 10001 10002 10119
3 10119 10002 10120
3 10002 10003 10120
3 10120 10003 10121
3 10003 10004 10121
3 10121 10004 10122
3 10004 10005 10122
3 10122 10005 10123
3 10005 10006 10123
3 10123 10006 10124
3 10006 10007 10124
3 10124 10007 10125
3 10007 10008 10125
3 10125 10008 10126
3 10008 10009 10126
3 10126 10009 10127
3 10009 10010 10127
3 10127 10010 10128
3 10010 10011 10128
3 10128 10011 10129
3 10011 10012 10129
3 10129 10012 10130
3 10012 10013 10130
3 10130 10013 10131
3 10013 10014 10131
3 10131 10014 10132
3 10014 10015 10132
3 10132 10015 10133
3 10015 10016 10133
3 10133 10016 10134
3 10016 10017 10134
3 10134 10017 10135
3 10017 10018 10135
3 10135 10018 10136
3 10018 10019 10136
3 10136 10019 10137
3 10019 10020 10137
3 10137 10020 10138
3 10020 10021 10138
3 10139 10140 10141
3 10140 10023 10141
3 10141 10023 10142
3 10023 10024 10142
3 10142 10024 10143
3 10024 10025 10143
3 10143 10025 10144
3 10025 10026 10144
3 10144 10026 10145
3 10026 10027 10145
3 10145 10027 10146
3 10027 10028 10146
3 10146 10028 10147
3 10028 10148 10147
3 10028 10029 10148
3 10029 10149 10148
3 10029 10030 10149
3 10030 10150 10149
3 10030 10031 10150
3 10031 10032 10150
3 10150 10032 10151
3 10032 10033 10151
3 10151 10033 10152
3 10033 10034 10152
3 10152 10034 10153
3 10034 10035 10153
3 10153 10035 10154
3 10035 10036 10154
3 10154 10036 10155
3 10036 10037 10155
3 10155 10037 10156
3 10037 10038 10156
3 10156 10038 10157
3 10038 10039 10157
3 10157 10039 10158
3 10039 10040 10158
3 10158 10040 10159
3 10040 10041 10159
3 10159 10041 10160
3 10041 10042 10160
3 10160 10042 10161
3 10042 10043 10161
3 10161 10043 10162
3 10043 10044 10162
3 10162 10044 10163
3 10044 10045 10163
3 10163 10045 10164
3 10045 10046 10164
3 10164 10046 10165
3 10046 10047 10165
3 10165 10047 10166
3 10047 10048 10166
3 10166 10048 10167
3 10048 10049 10167
3 10167 10049 10168
3 10049 10050 10168
3 10168 10050 10169
3 10050 10051 10169
3 10169 10051 10170
3 10051 10052 10170
3 10170 10052 10171
3 10052 10053 10171
3 10171 10053 10172
3 10053 10054 10172
3 10172 10054 10173
3 10054 10055 10173
3 10173 10055 10174
3 10055 10056 10174
3 10174 10056 10175
3 10056 10057 10175
3 10175 10057 10176
3 10057 10058 10176
3 10176 10058 10177
3 10058 10059 10177
3 10177 10059 10178
3 10059 10060 10178
3 10178 10060 10179
3 10060 10061 10179
3 10179 10061 10180
3 10061 10062 10180
3 10180 10062 10181
3 10062 10063 10181
3 10181 10063 10182
3 10063 10064 10182
3 10182 10064 10183
3 10064 10065 10183
3 10183 10065 10184
3 10065 10066 10184
3 10184 10066 10185
3 10066 10067 10185
3 10185 10067 10186
3 10067 10068 10186
3 10186 10068 10187
3 10068 10069 10187
3 10187 10069 10188
3 10069 10070 10188
3 10188 10070 10189
3 10070 10071 10189
3 10189 10071 10190
3 10071 10072 10190
3 10190 10072 10191
3 10072 10073 10191
3 10191 10073 10192
3 10073 10074 10192
3 10192 10074 10193
3 10074 10075 10193
3 10193 10075 10194
3 10075 10076 10194
3 10194 10076 10195
3 10076 10077 10195
3 10195 10077 10196
3 10077 10078 10196
3 10196 10078 10197
3 10078 10079 10197
3 10197 10079 10198
3 10079 10080 10198
3 10198 10080 10199
3 10080 10081 10199
3 10199 10081 10200
3 10081 10082 10200
3 10200 10082 10201
3 10082 10083 10201
3 10201 10083 10202
3 10083 10084 10202
3 10202 10084 10203
3 10084 10085 10203
3 10203 10085 10204
3 10085 10086 10204
3 10204 10086 10205
3 10086 10087 10205
3 10205 10087 10206
3 10087 10088 10206
3 10206 10088 10207
3 10088 10089 10207
3 10207 10089 10208
3 10089 10090 10208
3 10208 10090 10209
3 10090 10091 10209
3 10209 10091 10210
3 10091 10092 10210
3 10210 10092 10211
3 10092 10093 10211
3 10211 10093 10212
3 10093 10094 10212
3 10212 10094 10213
3 10094 10095 10213
3 10213 10095 10214
3 10095 10096 10214
3 10214 10096 10215
3 10096 10097 10215
3 10215 10097 10216
3 10097 10098 10216
3 10216 10098 10217
3 10098 10099 10217
3 10217 10099 10218
3 10099 10100 10218
3 10218 10100 10219
3 10100 10101 10219
3 10219 10101 10220
3 10101 10102 10220
3 10220 10102 10221
3 10102 10103 10221
3 10221 10103 10222
3 10103 10104 10222
3 10222 10104 10223
3 10104 10105 10223
3 10223 10105 10224
3 10105 10106 10224
3 10224 10106 10225
3 10106 10107 10225
3 10225 10107 10226
3 10107 10108 10226
3 10226 10108 10227
3 10108 10109 10227
3 10227 10109 10228
3 10109 10110 10228
3 10228 10110 10229
3 10110 10111 10229
3 10229 10111 10230
3 10111 10112 10230
3 10230 10112 10231
3 10112 10113 10231
3 10231 10113 10232
3 10113 10114 10232
3 10232 10114 10233
3 10114 10115 10233
3 10233 10115 10234
3 10115 10116 10234
3 10234 10116 10235
3 10116 10117 10235
3 10235 10117 10236
3 10117 10118 10236
3 10236 10118 10237
3 10118 10119 10237
3 10237 10119 10238
3 10119 10120 10238
3 10238 10120 10239
3 10120 10121 10239
3 10239 10121 10240
3 10121 10122 10240
3 10240 10122 10241
3 10122 10123 10241
3 10241 10123 10242
3 10123 10124 10242
3 10242 10124 10243
3 10124 10125 10243
3 10243 10125 10244
3 10125 10126 10244
3 10244 10126 10245
3 10126 10127 10245
3 10245 10127 10246
3 10127 10128 10246
3 10246 10128 10247
3 10128 10129 10247
3 10247 10129 10248
3 10129 10130 10248
3 10248 10130 10249
3 10130 10131 10249
3 10249 10131 10250
3 10131 10132 10250
3 10250 10132 10251
3 10132 10133 10251
3 10251 10133 10252
3 10133 10134 10252
3 10252 10134 10253
3 10134 10135 10253
3 10253 10135 10254
3 10135 10136 10254
3 10254 10136 10255
3 10136 10137 10255
3 10255 10137 10256
3 10137 10138 10256
3 10256 10138 10257
3 10139 10141 10258
3 10258 10141 10259
3 10141 10142 10259
3 10259 10142 10260
3 10142 10143 10260
3 10260 10143 10261
3 10143 10144 10261
3 10261 10144 10262
3 10144 10145 10262
3 10262 10145 10263
3 10145 10146 10263
3 10263 10146 10264
3 10146 10147 10264
3 10264 10147 10265
3 10147 10148 10265
3 10265 10148 10266
3 10148 10149 10266
3 10266 10149 10267
3 10149 10150 10267
3 10267 10150 10268
3 10150 10151 10268
3 10268 10151 10269
3 10151 10152 10269
3 10269 10152 10270
3 10152 10153 10270
3 10270 10153 10271
3 10153 10154 10271
3 10271 10154 10272
3 10154 10155 10272
3 10272 10155 10273
3 10155 10156 10273
3 10273 10156 10274
3 10156 10157 10274
3 10274 10157 10275
3 10157 10158 10275
3 10275 10158 10276
3 10158 10159 10276
3 10276 10159 10277
3 10159 10160 10277
3 10277 10160 10278
3 10160 10161 10278
3 10278 10161 10279
3 10161 10162 10279
3 10279 10162 10280
3 10162 10163 10280
3 10280 10163 10281
3 10163 10164 10281
3 10281 10164 10282
3 10164 10165 10282
3 10282 10165 10283
3 10165 10166 10283
3 10283 10166 10284
3 10166 10167 10284
3 10284 10167 10285
3 10167 10168 10285
3 10285 10168 10286
3 10168 10169 10286
3 10286 10169 10287
3 10169 10170 10287
3 10180 10181 10288
3 10288 10181 10289
3 10181 10182 10289
3 10289 10182 10290
3 10182 10183 10290
3 10290 10183 10291
3 10183 10184 10291
3 10291 10184 10292
3 10184 10185 10292
3 10292 10185 10293
3 10185 10186 10293
3 10293 10186 10294
3 10186 10187 10294
3 10294 10187 10295
3 10187 10188 10295
3 10295 10188 10296
3 10188 10189 10296
3 10296 10189 10297
3 10189 10190 10297
3 10297 10190 10298
3 10190 10191 10298
3 10298 10191 10299
3 10191 10192 10299
3 10299 10192 10300
3 10192 10193 10300
3 10300 10193 10301
3 10193 10194 10301
3 10301 10194 10302
3 10194 10195 10302
3 10302 10195 10303
3 10195 10196 10303
3 10303 10196 10304
3 10196 10197 10304
3 10304 10197 10305
3 10197 10198 10305
3 10305 10198 10306
3 10198 10199 10306
3 10306 10199 10307
3 10199 10200 10307
3 10307 10200 10308
3 10200 10201 10308
3 10308 10201 10309
3 10201 10202 10309
3 10309 10202 10310
3 10202 10203 10310
3 10310 10203 10311
3 10203 10204 10311
3 10311 10204 10312
3 10204 10205 10312
3 10312 10205 10313
3 10205 10206 10313
3 10313 10206 10314
3 10206 10207 10314
3 10314 10207 10315
3 10207 10208 10315
3 10315 10208 10316
3 10208 10209 10316
3 10316 10209 10317
3 10209 10210 10317
3 10317 10210 10318
3 10210 10211 10318
3 10318 10211 10319
3 10211 10212 10319
3 10319 10212 10320
3 10212 10213 10320
3 10320 10213 10321
3 10213 10214 10321
3 10321 10214 10322
3 10214 10215 10322
3 10322 10215 10323
3 10215 10216 10323
3 10323 10216 10324
3 10216 10217 10324
3 10324 10217 10325
3 10217 10218 10325
3 10325 10218 10326
3 10218 10219 10326
3 10326 10219 10327
3 10219 10220 10327
3 10327 10220 10328
3 10220 10221 10328
3 10328 10221 10329
3 10221 10222 10329
3 10329 10222 10330
3 10222 10223 10330
3 10330 10223 10331
3 10223 10224 10331
3 10331 10224 10332
3 10224 10225 10332
3 10332 10225 10333
3 10225 10226 10333
3 10333 10226 10334
3 10226 10227 10334
3 10334 10227 10335
3 10227 10228 10335
3 10335 10228 10336
3 10228 10229 10336
3 10336 10229 10337
3 10229 10230 10337
3 10337 10230 10338
3 10230 10231 10338
3 10338 10231 10339
3 10231 10232 10339
3 10339 10232 10340
3 10232 10233 10340
3 10340 10233 10341
3 10233 10234 10341
3 10341 10234 10342
3 10234 10235 10342
3 10342 10235 10343
3 10235 10236 10343
3 10343 10236 10344
3 10236 10237 10344
3 10344 10237 10345
3 10237 10238 10345
3 10345 10238 10346
3 10238 10239 10346
3 10346 10239 10347
3 10239 10240 10347
3 10347 10240 10348
3 10240 10241 10348
3 10348 10241 10349
3 10241 10242 10349
3 10349 10242 10350
3 10242 10243 10350
3 10350 10243 10351
3 10243 10244 10351
3 10351 10244 10352
3 10244 10245 10352
3 10352 10245 10353
3 10245 10246 10353
3 10353 10246 10354
3 10246 10247 10354
3 10354 10247 10355
3 10247 10248 10355
3 10355 10248 10356
3 10248 10249 10356
3 10356 10249 10357
3 10249 10250 10357
3 10357 10250 10358
3 10250 10251 10358
3 10358 10251 10359
3 10251 10252 10359
3 10359 10252 10360
3 10252 10253 10360
3 10360 10253 10361
3 10253 10254 10361
3 10361 10254 10362
3 10254 10255 10362
3 10362 10255 10363
3 10255 10256 10363
3 10363 10256 10364
3 10256 10257 10364
3 10365 10258 10366
3 10366 10258 10367
3 10258 10259 10367
3 10367 10259 10368
3 10259 10260 10368
3 10368 10260 10369
3 10260 10261 10369
3 10369 10261 10370
3 10261 10262 10370
3 10370 10262 10371
3 10262 10263 10371
3 10371 10263 10372
3 10263 10264 10372
3 10372 10264 10373
3 10264 10265 10373
3 10373 10265 10374
3 10265 10375 10374
3 10265 10266 10375
3 10266 10376 10375
3 10266 10267 10376
3 10267 10268 10376
3 10376 10268 10377
3 10268 10269 10377
3 10377 10269 10378
3 10269 10270 10378
3 10378 10270 10379
3 10270 10271 10379
3 10379 10271 10380
3 10271 10272 10380
3 10380 10272 10381
3 10272 10273 10381
3 10381 10273 10382
3 10273 10274 10382
3 10382 10274 10383
3 10274 10275 10383
3 10383 10275 10384
3 10275 10276 10384
3 10384 10276 10385
3 10276 10277 10385
3 10385 10277 10386
3 10277 10278 10386
3 10386 10278 10387
3 10278 10279 10387
3 10387 10279 10388
3 10279 10280 10388
3 10388 10280 10389
3 10280 10281 10389
3 10389 10281 10390
3 10281 10282 10390
3 10282 10283 10391
3 10289 10290 10392
3 10290 10291 10393
3 10393 10291 10394
3 10291 10292 10394
3 10394 10292 10395
3 10292 10293 10395
3 10395 10293 10396
3 10293 10294 10396
3 10396 10294 10397
3 10294 10295 10397
3 10397 10295 10398
3 10295 10296 10398
3 10398 10296 10399
3 10296 10297 10399
3 10399 10297 10400
3 10297 10298 10400
3 10400 10298 10401
3 10298 10299 10401
3 10401 10299 10402
3 10299 10300 10402
3 10402 10300 10403
3 10300 10301 10403
3 10403 10301 10404
3 10301 10302 10404
3 10404 10302 10405
3 10302 10303 10405
3 10405 10303 10406
3 10303 10304 10406
3 10406 10304 10407
3 10304 10305 10407
3 10407 10305 10408
3 10305 10306 10408
3 10408 10306 10409
3 10306 10307 10409
3 10409 10307 10410
3 10307 10411 10410
3 10307 10308 10411
3 10308 10309 10411
3 10411 10309 10412
3 10309 10310 10412
3 10412 10310 10413
3 10310 10311 10413
3 10413 10311 10414
3 10311 10312 10414
3 10414 10312 10415
3 10312 10313 10415
3 10415 10313 10416
3 10313 10314 10416
3 10416 10314 10417
3 10314 10315 10417
3 10417 10315 10418
3 10315 10316 10418
3 10418 10316 10419
3 10316 10317 10419
3 10419 10317 10420
3 10317 10318 10420
3 10420 10318 10421
3 10318 10319 10421
3 10421 10319 10422
3 10319 10320 10422
3 10422 10320 10423
3 10320 10321 10423
3 10423 10321 10424
3 10321 10322 10424
3 10424 10322 10425
3 10322 10323 10425
3 10425 10323 10426
3 10323 10324 10426
3 10426 10324 10427
3 10324 10325 10427
3 10427 10325 10428
3 10325 10326 10428
3 10428 10326 10429
3 10326 10327 10429
3 10429 10327 10430
3 10327 10328 10430
3 10430 10328 10431
3 10328 10329 10431
3 10431 10329 10432
3 10329 10330 10432
3 10432 10330 10433
3 10330 10331 10433
3 10433 10331 10434
3 10331 10332 10434
3 10434 10332 10435
3 10332 10333 10435
3 10435 10333 10436
3 10333 10334 10436
3 10436 10334 10437
3 10334 10335 10437
3 10437 10335 10438
3 10335 10336 10438
3 10438 10336 10439
3 10336 10337 10439
3 10439 10337 10440
3 10337 10338 10440
3 10440 10338 10441
3 10338 10339 10441
3 10441 10339 10442
3 10339 10340 10442
3 10442 10340 10443
3 10340 10341 10443
3 10443 10341 10444
3 10341 10342 10444
3 10444 10342 10445
3 10342 10343 10445
3 10445 10343 10446
3 10343 10344 10446
3 10446 10344 10447
3 10344 10345 10447
3 10447 10345 10448
3 10345 10346 10448
3 10448 10346 10449
3 10346 10347 10449
3 10449 10347 10450
3 10347 10348 10450
3 10450 10348 10451
3 10348 10349 10451
3 10451 10349 10452
3 10349 10350 10452
3 10452 10350 10453
3 10350 10351 10453
3 10453 10351 10454
3 10351 10352 10454
3 10454 10352 10455
3 10352 10353 10455
3 10455 10353 10456
3 10353 10354 10456
3 10456 10354 10457
3 10354 10355 10457
3 10457 10355 10458
3 10355 10356 10458
3 10458 10356 10459
3 10356 10357 10459
3 10459 10357 10460
3 10357 10358 10460
3 10460 10358 10461
3 10358 10359 10461
3 10461 10359 10462
3 10359 10360 10462
3 10462 10360 10463
3 10360 10361 10463
3 10463 10361 10464
3 10361 10362 10464
3 10464 10362 10465
3 10362 10363 10465
3 10465 10363 10466
3 10363 10364 10466
3 10466 10364 10467
3 10468 10366 10469
3 10366 10367 10469
3 10469 10367 10470
3 10367 10368 10470
3 10470 10368 10471
3 10368 10369 10471
3 10471 10369 10472
3 10369 10473 10472
3 10369 10370 10473
3 10370 10371 10473
3 10473 10371 10474
3 10371 10372 10474
3 10474 10372 10475
3 10372 10373 10475
3 10475 10373 10476
3 10373 10374 10476
3 10476 10374 10477
3 10374 10478 10477
3 10374 10375 10478
3 10375 10479 10478
3 10375 10376 10479
3 10376 10480 10479
3 10376 10377 10480
3 10377 10481 10480
3 10377 10378 10481
3 10378 10379 10481
3 10481 10379 10482
3 10379 10380 10482
3 10482 10380 10483
3 10380 10381 10483
3 10483 10381 10484
3 10381 10382 10484
3 10484 10382 10485
3 10382 10383 10485
3 10485 10383 10486
3 10383 10384 10486
3 10384 10385 10487
3 10395 10396 10488
3 10488 10396 10489
3 10396 10397 10489
3 10489 10397 10490
3 10397 10398 10490
3 10490 10398 10491
3 10398 10399 10491
3 10491 10399 10492
3 10399 10400 10492
3 10492 10400 10493
3 10400 10401 10493
3 10493 10401 10494
3 10401 10495 10494
3 10401 10402 10495
3 10402 10496 10495
3 10402 10403 10496
3 10403 10497 10496
3 10403 10404 10497
3 10404 10405 10497
3 10497 10405 10498
3 10405 10406 10498
3 10498 10406 10499
3 10406 10407 10499
3 10499 10407 10500
3 10407 10408 10500
3 10500 10408 10501
3 10408 10409 10501
3 10501 10409 10502
3 10409 10503 10502
3 10409 10410 10503
3 10410 10504 10503
3 10410 10411 10504
3 10411 10505 10504
3 10411 10412 10505
3 10412 10413 10505
3 10505 10413 10506
3 10413 10414 10506
3 10506 10414 10507
3 10414 10415 10507
3 10507 10415 10508
3 10415 10416 10508
3 10508 10416 10509
3 10416 10417 10509
3 10509 10417 10510
3 10417 10418 10510
3 10510 10418 10511
3 10418 10419 10511
3 10511 10419 10512
3 10419 10420 10512
3 10512 10420 10513
3 10420 10421 10513
3 10513 10421 10514
3 10421 10422 10514
3 10514 10422 10515
3 10422 10423 10515
3 10515 10423 10516
3 10423 10424 10516
3 10516 10424 10517
3 10424 10425 10517
3 10517 10425 10518
3 10425 10426 10518
3 10518 10426 10519
3 10426 10427 10519
3 10519 10427 10520
3 10427 10428 10520
3 10520 10428 10521
3 10428 10429 10521
3 10521 10429 10522
3 10429 10430 10522
3 10522 10430 10523
3 10430 10431 10523
3 10523 10431 10524
3 10431 10432 10524
3 10524 10432 10525
3 10432 10433 10525
3 10525 10433 10526
3 10433 10434 10526
3 10526 10434 10527
3 10434 10435 10527
3 10527 10435 10528
3 10435 10436 10528
3 10528 10436 10529
3 10436 10437 10529
3 10529 10437 10530
3 10437 10438 10530
3 10530 10438 10531
3 10438 10439 10531
3 10531 10439 10532
3 10439 10440 10532
3 10532 10440 10533
3 10440 10441 10533
3 10533 10441 10534
3 10441 10442 10534
3 10534 10442 10535
3 10442 10443 10535
3 10535 10443 10536
3 10443 10444 10536
3 10536 10444 10537
3 10444 10445 10537
3 10537 10445 10538
3 10445 10446 10538
3 10538 10446 10539
3 10446 10540 10539
3 10446 10447 10540
3 10447 10448 10540
3 10540 10448 10541
3 10448 10542 10541
3 10448 10449 10542
3 10449 10450 10542
3 10542 10450 10543
3 10450 10451 10543
3 10543 10451 10544
3 10451 10452 10544
3 10544 10452 10545
3 10452 10453 10545
3 10545 10453 10546
3 10453 10454 10546
3 10546 10454 10547
3 10454 10455 10547
3 10547 10455 10548
3 10455 10456 10548
3 10548 10456 10549
3 10456 10550 10549
3 10456 10457 10550
3 10457 10551 10550
3 10457 10458 10551
3 10458 10552 10551
3 10458 10459 10552
3 10459 10553 10552
3 10459 10460 10553
3 10460 10554 10553
3 10460 10461 10554
3 10461 10555 10554
3 10461 10462 10555
3 10462 10556 10555
3 10462 10463 10556
3 10463 10557 10556
3 10463 10464 10557
3 10464 10558 10557
3 10464 10465 10558
3 10465 10559 10558
3 10465 10466 10559
3 10466 10467 10559
3 10559 10467 10560
3 10468 10469 10561
3 10561 10469 10562
3 10469 10563 10562
3 10469 10470 10563
3 10470 10564 10563
3 10470 10471 10564
3 10471 10565 10564
3 10471 10472 10565
3 10472 10566 10565
3 10472 10473 10566
3 10473 10567 10566
3 10473 10474 10567
3 10474 10475 10567
3 10567 10475 10568
3 10475 10476 10568
3 10568 10476 10569
3 10476 10570 10569
3 10476 10477 10570
3 10477 10571 10570
3 10477 10478 10571
3 10478 10572 10571
3 10478 10479 10572
3 10479 10573 10572
3 10479 10480 10573
3 10480 10574 10573
3 10480 10481 10574
3 10481 10482 10574
3 10574 10482 10575
3 10482 10483 10575
3 10575 10483 10576
3 10483 10484 10576
3 10493 10494 10577
3 10494 10578 10577
3 10494 10495 10578
3 10495 10579 10578
3 10495 10496 10579
3 10496 10580 10579
3 10496 10497 10580
3 10497 10581 10580
3 10497 10498 10581
3 10498 10582 10581
3 10498 10499 10582
3 10499 10583 10582
3 10499 10500 10583
3 10500 10501 10583
3 10583 10501 10584
3 10501 10585 10584
3 10501 10502 10585
3 10502 10586 10585
3 10502 10503 10586
3 10503 10587 10586
3 10503 10504 10587
3 10504 10588 10587
3 10504 10505 10588
3 10505 10589 10588
3 10505 10506 10589
3 10506 10590 10589
3 10506 10507 10590
3 10507 10591 10590
3 10507 10508 10591
3 10508 10592 10591
3 10508 10509 10592
3 10509 10593 10592
3 10509 10510 10593
3 10510 10594 10593
3 10510 10511 10594
3 10511 10595 10594
3 10511 10512 10595
3 10512 10513 10595
3 10595 10513 10596
3 10513 10514 10596
3 10596 10514 10597
3 10514 10515 10597
3 10597 10515 10598
3 10515 10516 10598
3 10598 10516 10599
3 10516 10517 10599
3 10599 10517 10600
3 10517 10518 10600
3 10600 10518 10601
3 10518 10519 10601
3 10601 10519 10602
3 10519 10603 10602
3 10519 10520 10603
3 10520 10604 10603
3 10520 10521 10604
3 10521 10605 10604
3 10521 10522 10605
3 10522 10523 10605
3 10605 10523 10606
3 10523 10524 10606
3 10606 10524 10607
3 10524 10608 10607
3 10524 10525 10608
3 10525 10609 10608
3 10525 10526 10609
3 10526 10610 10609
3 10526 10527 10610
3 10527 10611 10610
3 10527 10528 10611
3 10528 10529 10611
3 10611 10529 10612
3 10529 10613 10612
3 10529 10530 10613
3 10530 10614 10613
3 10530 10531 10614
3 10531 10615 10614
3 10531 10532 10615
3 10532 10616 10615
3 10532 10533 10616
3 10533 10617 10616
3 10533 10534 10617
3 10534 10618 10617
3 10534 10535 10618
3 10535 10619 10618
3 10535 10536 10619
3 10536 10620 10619
3 10536 10537 10620
3 10537 10621 10620
3 10537 10538 10621
3 10538 10622 10621
3 10538 10539 10622
3 10539 10623 10622
3 10539 10540 10623
3 10540 10624 10623
3 10540 10541 10624
3 10541 10625 10624
3 10541 10542 10625
3 10542 10626 10625
3 10542 10543 10626
3 10543 10627 10626
3 10543 10544 10627
3 10544 10628 10627
3 10544 10545 10628
3 10545 10629 10628
3 10545 10546 10629
3 10546 10547 10629
3 10629 10547 10630
3 10547 10631 10630
3 10547 10548 10631
3 10548 10632 10631
3 10548 10549 10632
3 10549 10633 10632
3 10549 10550 10633
3 10550 10634 10633
3 10550 10551 10634
3 10551 10635 10634
3 10551 10552 10635
3 10552 10636 10635
3 10552 10553 10636
3 10553 10637 10636
3 10553 10554 10637
3 10554 10638 10637
3 10554 10555 10638
3 10555 10639 10638
3 10555 10556 10639
3 10556 10640 10639
3 10556 10557 10640
3 10557 10641 10640
3 10557 10558 10641
3 10558 10642 10641
3 10558 10559 10642
3 10559 10643 10642
3 10559 10560 10643
3 10561 10562 10644
3 10644 10562 10645
3 10562 10563 10646
3 10563 10564 10647
3 10564 10565 10648
3 10565 10566 10649
3 10566 10567 10650
3 10567 10568 10651
3 10578 10579 10652
3 10579 10653 10652
3 10579 10580 10653
3 10580 10654 10653
3 10580 10581 10654
3 10581 10655 10654
3 10581 10582 10655
3 10582 10656 10655
3 10582 10583 10656
3 10583 10657 10656
3 10583 10584 10657
3 10584 10658 10657
3 10584 10585 10658
3 10585 10659 10658
3 10585 10586 10659
3 10586 10660 10659
3 10586 10587 10660
3 10587 10661 10660
3 10587 10588 10661
3 10588 10662 10661
3 10588 10589 10662
3 10589 10663 10662
3 10589 10590 10663
3 10590 10664 10663
3 10590 10591 10664
3 10591 10665 10664
3 10591 10592 10665
3 10592 10666 10665
3 10592 10593 10666
3 10593 10667 10666
3 10593 10594 10667
3 10594 10668 10667
3 10594 10595 10668
3 10595 10669 10668
3 10595 10596 10669
3 10596 10670 10669
3 10596 10597 10670
3 10597 10671 10670
3 10597 10598 10671
3 10598 10672 10671
3 10598 10599 10672
3 10599 10673 10672
3 10599 10600 10673
3 10600 10674 10673
3 10600 10601 10674
3 10601 10675 10674
3 10601 10602 10675
3 10602 10676 10675
3 10602 10603 10676
3 10603 10677 10676
3 10603 10604 10677
3 10604 10678 10677
3 10604 10605 10678
3 10605 10679 10678
3 10605 10606 10679
3 10606 10680 10679
3 10606 10607 10680
3 10607 10681 10680
3 10607 10608 10681
3 10608 10682 10681
3 10608 10609 10682
3 10609 10683 10682
3 10609 10610 10683
3 10610 10684 10683
3 10610 10611 10684
3 10611 10685 10684
3 10611 10612 10685
3 10612 10686 10685
3 10612 10613 10686
3 10613 10687 10686
3 10613 10614 10687
3 10614 10688 10687
3 10614 10615 10688
3 10615 10689 10688
3 10615 10616 10689
3 10616 10690 10689
3 10616 10617 10690
3 10617 10691 10690
3 10617 10618 10691
3 10618 10692 10691
3 10618 10619 10692
3 10619 10693 10692
3 10619 10620 10693
3 10620 10694 10693
3 10620 10621 10694
3 10621 10695 10694
3 10621 10622 10695
3 10622 10696 10695
3 10622 10623 10696
3 10623 10697 10696
3 10623 10624 10697
3 10624 10698 10697
3 10624 10625 10698
3 10625 10699 10698
3 10625 10626 10699
3 10626 10700 10699
3 10626 10627 10700
3 10627 10701 10700
3 10627 10628 10701
3 10628 10702 10701
3 10628 10629 10702
3 10629 10703 10702
3 10629 10630 10703
3 10630 10704 10703
3 10630 10631 10704
3 10631 10705 10704
3 10631 10632 10705
3 10632 10706 10705
3 10632 10633 10706
3 10633 10707 10706
3 10633 10634 10707
3 10634 10708 10707
3 10634 10635 10708
3 10635 10709 10708
3 10635 10636 10709
3 10636 10710 10709
3 10636 10637 10710
3 10637 10711 10710
3 10637 10638 10711
3 10638 10712 10711
3 10638 10639 10712
3 10639 10713 10712
3 10639 10640 10713
3 10640 10714 10713
3 10640 10641 10714
3 10641 10715 10714
3 10641 10642 10715
3 10642 10716 10715
3 10642 10643 10716
3 10643 10717 10716
3 10653 10654 10718
3 10654 10719 10718
3 10654 10655 10719
3 10655 10720 10719
3 10655 10656 10720
3 10656 10721 10720
3 10656 10657 10721
3 10657 10722 10721
3 10657 10658 10722
3 10658 10723 10722
3 10658 10659 10723
3 10659 10724 10723
3 10659 10660 10724
3 10660 10725 10724
3 10660 10661 10725
3 10661 10726 10725
3 10661 10662 10726
3 10662 10727 10726
3 10662 10663 10727
3 10663 10728 10727
3 10663 10664 10728
3 10664 10729 10728
3 10664 10665 10729
3 10665 10730 10729
3 10665 10666 10730
3 10666 10731 10730
3 10666 10667 10731
3 10667 10732 10731
3 10667 10668 10732
3 10668 10733 10732
3 10668 10669 10733
3 10669 10734 10733
3 10669 10670 10734
3 10670 10735 10734
3 10670 10671 10735
3 10671 10672 10735
3 10735 10672 10736
3 10672 10673 10736
3 10736 10673 10737
3 10673 10674 10737
3 10737 10674 10738
3 10674 10739 10738
3 10674 10675 10739
3 10675 10740 10739
3 10675 10676 10740
3 10676 10741 10740
3 10676 10677 10741
3 10677 10742 10741
3 10677 10678 10742
3 10678 10743 10742
3 10678 10679 10743
3 10679 10744 10743
3 10679 10680 10744
3 10680 10745 10744
3 10680 10681 10745
3 10681 10746 10745
3 10681 10682 10746
3 10682 10747 10746
3 10682 10683 10747
3 10683 10748 10747
3 10683 10684 10748
3 10684 10749 10748
3 10684 10685 10749
3 10685 10750 10749
3 10685 10686 10750
3 10686 10751 10750
3 10686 10687 10751
3 10687 10752 10751
3 10687 10688 10752
3 10688 10753 10752
3 10688 10689 10753
3 10689 10754 10753
3 10689 10690 10754
3 10690 10755 10754
3 10690 10691 10755
3 10691 10756 10755
3 10691 10692 10756
3 10692 10757 10756
3 10692 10693 10757
3 10693 10758 10757
3 10693 10694 10758
3 10694 10759 10758
3 10694 10695 10759
3 10695 10760 10759
3 10695 10696 10760
3 10696 10761 10760
3 10696 10697 10761
3 10697 10762 10761
3 10697 10698 10762
3 10698 10763 10762
3 10698 10699 10763
3 10699 10764 10763
3 10699 10700 10764
3 10700 10765 10764
3 10700 10701 10765
3 10701 10766 10765
3 10701 10702 10766
3 10702 10767 10766
3 10702 10703 10767
3 10703 10768 10767
3 10703 10704 10768
3 10704 10769 10768
3 10704 10705 10769
3 10705 10770 10769
3 10705 10706 10770
3 10706 10771 10770
3 10706 10707 10771
3 10707 10772 10771
3 10707 10708 10772
3 10708 10773 10772
3 10708 10709 10773
3 10709 10774 10773
3 10709 10710 10774
3 10710 10775 10774
3 10710 10711 10775
3 10711 10776 10775
3 10711 10712 10776
3 10712 10777 10776
3 10712 10713 10777
3 10713 10778 10777
3 10713 10714 10778
3 10714 10779 10778
3 10714 10715 10779
3 10715 10780 10779
3 10715 10716 10780
3 10716 10781 10780
3 10716 10717 10781
3 10717 10782 10781
3 10720 10721 10783
3 10721 10784 10785
3 10721 10722 10784
3 10722 10786 10784
3 10722 10723 10786
3 10723 10787 10786
3 10723 10724 10787
3 10724 10788 10787
3 10724 10725 10788
3 10725 10789 10788
3 10725 10726 10789
3 10726 10790 10789
3 10726 10727 10790
3 10727 10791 10790
3 10727 10728 10791
3 10728 10792 10791
3 10728 10729 10792
3 10729 10793 10792
3 10729 10730 10793
3 10730 10794 10793
3 10730 10731 10794
3 10731 10795 10794
3 10731 10732 10795
3 10732 10796 10795
3 10732 10733 10796
3 10733 10797 10796
3 10733 10734 10797
3 10734 10735 10797
3 10797 10735 10798
3 10735 10736 10798
3 10798 10736 10799
3 10736 10737 10799
3 10799 10737 10800
3 10737 10738 10800
3 10800 10738 10801
3 10738 10739 10801
3 10801 10739 10802
3 10739 10740 10802
3 10802 10740 10803
3 10740 10804 10803
3 10740 10741 10804
3 10741 10805 10804
3 10741 10742 10805
3 10742 10806 10805
3 10742 10743 10806
3 10743 10807 10806
3 10743 10744 10807
3 10744 10808 10807
3 10744 10745 10808
3 10745 10809 10808
3 10745 10746 10809
3 10746 10810 10809
3 10746 10747 10810
3 10747 10811 10810
3 10747 10748 10811
3 10748 10749 10811
3 10811 10749 10812
3 10749 10813 10812
3 10749 10750 10813
3 10750 10814 10813
3 10750 10751 10814
3 10751 10815 10814
3 10751 10752 10815
3 10752 10816 10815
3 10752 10753 10816
3 10753 10817 10816
3 10753 10754 10817
3 10754 10818 10817
3 10754 10755 10818
3 10755 10819 10818
3 10755 10756 10819
3 10756 10820 10819
3 10756 10757 10820
3 10757 10821 10820
3 10757 10758 10821
3 10758 10822 10821
3 10758 10759 10822
3 10759 10823 10822
3 10759 10760 10823
3 10760 10824 10823
3 10760 10761 10824
3 10761 10825 10824
3 10761 10762 10825
3 10762 10826 10825
3 10762 10763 10826
3 10763 10827 10826
3 10763 10764 10827
3 10764 10828 10827
3 10764 10765 10828
3 10765 10829 10828
3 10765 10766 10829
3 10766 10767 10829
3 10829 10767 10830
3 10767 10831 10830
3 10767 10768 10831
3 10768 10832 10831
3 10768 10769 10832
3 10769 10833 10832
3 10769 10770 10833
3 10770 10834 10833
3 10770 10771 10834
3 10771 10835 10834
3 10771 10772 10835
3 10772 10836 10835
3 10772 10773 10836
3 10773 10837 10836
3 10773 10774 10837
3 10774 10838 10837
3 10774 10775 10838
3 10775 10839 10838
3 10775 10776 10839
3 10776 10840 10839
3 10776 10777 10840
3 10777 10841 10840
3 10777 10778 10841
3 10778 10842 10841
3 10778 10779 10842
3 10779 10843 10842
3 10779 10780 10843
3 10780 10844 10843
3 10780 10781 10844
3 10781 10845 10844
3 10786 10787 10846
3 10787 10847 10846
3 10787 10788 10847
3 10788 10848 10847
3 10788 10789 10848
3 10789 10849 10848
3 10789 10790 10849
3 10790 10850 10849
3 10790 10791 10850
3 10791 10851 10850
3 10791 10792 10851
3 10792 10852 10851
3 10792 10793 10852
3 10793 10853 10852
3 10793 10794 10853
3 10794 10854 10853
3 10794 10795 10854
3 10795 10855 10854
3 10795 10796 10855
3 10796 10856 10855
3 10796 10797 10856
3 10797 10857 10856
3 10797 10798 10857
3 10798 10858 10857
3 10798 10799 10858
3 10799 10859 10858
3 10799 10800 10859
3 10800 10860 10859
3 10800 10801 10860
3 10801 10861 10860
3 10801 10802 10861
3 10802 10862 10861
3 10802 10803 10862
3 10803 10863 10862
3 10803 10804 10863
3 10804 10864 10863
3 10804 10805 10864
3 10805 10865 10864
3 10805 10806 10865
3 10806 10866 10865
3 10806 10807 10866
3 10807 10867 10866
3 10807 10808 10867
3 10808 10868 10867
3 10808 10809 10868
3 10809 10869 10868
3 10809 10810 10869
3 10810 10870 10869
3 10810 10811 10870
3 10811 10871 10870
3 10811 10812 10871
3 10812 10872 10871
3 10812 10813 10872
3 10813 10873 10872
3 10813 10814 10873
3 10814 10874 10873
3 10814 10815 10874
3 10815 10875 10874
3 10815 10816 10875
3 10816 10876 10875
3 10816 10817 10876
3 10817 10877 10876
3 10817 10818 10877
3 10818 10878 10877
3 10818 10819 10878
3 10819 10879 10878
3 10819 10820 10879
3 10820 10880 10879
3 10820 10821 10880
3 10821 10881 10880
3 10821 10822 10881
3 10822 10882 10881
3 10822 10823 10882
3 10823 10883 10882
3 10823 10824 10883
3 10824 10884 10883
3 10824 10825 10884
3 10825 10885 10884
3 10825 10826 10885
3 10826 10886 10885
3 10826 10827 10886
3 10827 10887 10886
3 10827 10828 10887
3 10828 10888 10887
3 10828 10829 10888
3 10829 10889 10888
3 10829 10830 10889
3 10830 10890 10889
3 10830 10831 10890
3 10831 10891 10890
3 10831 10832 10891
3 10832 10892 10891
3 10832 10833 10892
3 10833 10893 10892
3 10833 10834 10893
3 10834 10894 10893
3 10834 10835 10894
3 10835 10895 10894
3 10835 10836 10895
3 10836 10896 10895
3 10836 10837 10896
3 10837 10897 10896
3 10837 10838 10897
3 10838 10898 10897
3 10838 10839 10898
3 10839 10899 10898
3 10839 10840 10899
3 10840 10900 10899
3 10840 10841 10900
3 10841 10901 10900
3 10841 10842 10901
3 10842 10902 10901
3 10842 10843 10902
3 10843 10903 10902
3 10843 10844 10903
3 10844 10904 10903
3 10844 10845 10904
3 10848 10849 10905
3 10849 10850 10906
3 10850 10907 10906
3 10850 10851 10907
3 10851 10908 10907
3 10851 10852 10908
3 10852 10909 10908
3 10852 10853 10909
3 10853 10910 10909
3 10853 10854 10910
3 10854 10911 10910
3 10854 10855 10911
3 10855 10912 10911
3 10855 10856 10912
3 10856 10913 10912
3 10856 10857 10913
3 10857 10914 10913
3 10857 10858 10914
3 10858 10915 10914
3 10858 10859 10915
3 10859 10916 10915
3 10859 10860 10916
3 10860 10917 10916
3 10860 10861 10917
3 10861 10918 10917
3 10861 10862 10918
3 10862 10919 10918
3 10862 10863 10919
3 10863 10920 10919
3 10863 10864 10920
3 10864 10921 10920
3 10864 10865 10921
3 10865 10922 10921
3 10865 10866 10922
3 10866 10923 10922
3 10866 10867 10923
3 10867 10924 10923
3 10867 10868 10924
3 10868 10925 10924
3 10868 10869 10925
3 10869 10926 10925
3 10869 10870 10926
3 10870 10927 10926
3 10870 10871 10927
3 10871 10928 10927
3 10871 10872 10928
3 10872 10929 10928
3 10872 10873 10929
3 10873 10930 10929
3 10873 10874 10930
3 10874 10931 10930
3 10874 10875 10931
3 10875 10932 10931
3 10875 10876 10932
3 10876 10933 10932
3 10876 10877 10933
3 10877 10934 10933
3 10877 10878 10934
3 10878 10935 10934
3 10878 10879 10935
3 10879 10936 10935
3 10879 10880 10936
3 10880 10937 10936
3 10880 10881 10937
3 10881 10938 10937
3 10881 10882 10938
3 10882 10939 10938
3 10882 10883 10939
3 10883 10940 10939
3 10883 10884 10940
3 10884 10941 10940
3 10884 10885 10941
3 10885 10942 10941
3 10885 10886 10942
3 10886 10943 10942
3 10886 10887 10943
3 10887 10944 10943
3 10887 10888 10944
3 10888 10945 10944
3 10888 10889 10945
3 10889 10946 10945
3 10889 10890 10946
3 10890 10947 10946
3 10890 10891 10947
3 10891 10948 10947
3 10891 10892 10948
3 10892 10949 10948
3 10892 10893 10949
3 10893 10950 10949
3 10893 10894 10950
3 10894 10951 10950
3 10894 10895 10951
3 10895 10952 10951
3 10895 10896 10952
3 10896 10953 10952
3 10896 10897 10953
3 10897 10954 10953
3 10897 10898 10954
3 10898 10955 10954
3 10898 10899 10955
3 10899 10956 10955
3 10899 10900 10956
3 10900 10957 10956
3 10900 10901 10957
3 10901 10958 10957
3 10901 10902 10958
3 10902 10959 10958
3 10902 10903 10959
3 10903 10960 10959
3 10903 10904 10960
3 10904 10961 10960
3 10908 10909 10962
3 10909 10963 10962
3 10909 10910 10963
3 10910 10964 10963
3 10910 10911 10964
3 10911 10965 10964
3 10911 10912 10965
3 10912 10966 10965
3 10912 10913 10966
3 10913 10967 10966
3 10913 10914 10967
3 10914 10968 10967
3 10914 10915 10968
3 10915 10969 10968
3 10915 10916 10969
3 10916 10970 10969
3 10916 10917 10970
3 10917 10971 10970
3 10917 10918 10971
3 10918 10972 10971
3 10918 10919 10972
3 10919 10973 10972
3 10919 10920 10973
3 10920 10974 10973
3 10920 10921 10974
3 10921 10975 10974
3 10921 10922 10975
3 10922 10976 10975
3 10922 10923 10976
3 10923 10977 10976
3 10923 10924 10977
3 10924 10978 10977
3 10924 10925 10978
3 10925 10979 10978
3 10925 10926 10979
3 10926 10980 10979
3 10926 10927 10980
3 10927 10981 10980
3 10927 10928 10981
3 10928 10982 10981
3 10928 10929 10982
3 10929 10983 10982
3 10929 10930 10983
3 10930 10984 10983
3 10930 10931 10984
3 10931 10985 10984
3 10931 10932 10985
3 10932 10986 10985
3 10932 10933 10986
3 10933 10987 10986
3 10933 10934 10987
3 10934 10988 10987
3 10934 10935 10988
3 10935 10989 10988
3 10935 10936 10989
3 10936 10990 10989
3 10936 10937 10990
3 10937 10991 10990
3 10937 10938 10991
3 10938 10992 10991
3 10938 10939 10992
3 10939 10993 10992
3 10939 10940 10993
3 10940 10994 10993
3 10940 10941 10994
3 10941 10995 10994
3 10941 10942 10995
3 10942 10996 10995
3 10942 10943 10996
3 10943 10997 10996
3 10943 10944 10997
3 10944 10998 10997
3 10944 10945 10998
3 10945 10999 10998
3 10945 10946 10999
3 10946 11000 10999
3 10946 10947 11000
3 10947 11001 11000
3 10947 10948 11001
3 10948 11002 11001
3 10948 10949 11002
3 10949 11003 11002
3 10949 10950 11003
3 10950 11004 11003
3 10950 10951 11004
3 10951 11005 11004
3 10951 10952 11005
3 10952 11006 11005
3 10952 10953 11006
3 10953 11007 11006
3 10953 10954 11007
3 10954 11008 11007
3 10954 10955 11008
3 10955 11009 11008
3 10955 10956 11009
3 10956 11010 11009
3 10956 10957 11010
3 10957 11011 11010
3 10957 10958 11011
3 10958 11012 11011
3 10958 10959 11012
3 10959 11013 11012
3 10959 10960 11013
3 10960 11014 11013
3 10960 10961 11014
3 10969 10970 11015
3 10970 11016 11015
3 10970 10971 11016
3 10971 11017 11016
3 10971 10972 11017
3 10972 11018 11017
3 10972 10973 11018
3 10973 11019 11018
3 10973 10974 11019
3 10974 11020 11019
3 10974 10975 11020
3 10975 11021 11020
3 10975 10976 11021
3 10976 11022 11021
3 10976 10977 11022
3 10977 11023 11022
3 10977 10978 11023
3 10978 11024 11023
3 10978 10979 11024
3 10979 11025 11024
3 10979 10980 11025
3 10980 11026 11025
3 10980 10981 11026
3 10981 11027 11026
3 10981 10982 11027
3 10982 11028 11027
3 10982 10983 11028
3 10983 11029 11028
3 10983 10984 11029
3 10984 11030 11029
3 10984 10985 11030
3 10985 11031 11030
3 10985 10986 11031
3 10986 11032 11031
3 10986 10987 11032
3 10987 11033 11032
3 10987 10988 11033
3 10988 11034 11033
3 10988 10989 11034
3 10989 11035 11034
3 10989 10990 11035
3 10990 11036 11035
3 10990 10991 11036
3 10991 11037 11036
3 10991 10992 11037
3 10992 11038 11037
3 10992 10993 11038
3 10993 11039 11038
3 10993 10994 11039
3 10994 11040 11039
3 10994 10995 11040
3 10995 11041 11040
3 10995 10996 11041
3 10996 11042 11041
3 10996 10997 11042
3 10997 11043 11042
3 10997 10998 11043
3 10998 11044 11043
3 10998 10999 11044
3 10999 11045 11044
3 10999 11000 11045
3 11000 11046 11045
3 11000 11001 11046
3 11001 11047 11046
3 11001 11002 11047
3 11002 11048 11047
3 11002 11003 11048
3 11003 11049 11048
3 11003 11004 11049
3 11004 11050 11049
3 11004 11005 11050
3 11005 11051 11050
3 11005 11006 11051
3 11006 11052 11051
3 11006 11007 11052
3 11007 11053 11052
3 11007 11008 11053
3 11008 11054 11053
3 11008 11009 11054
3 11009 11055 11054
3 11009 11010 11055
3 11010 11056 11055
3 11010 11011 11056
3 11011 11057 11056
3 11011 11012 11057
3 11012 11058 11057
3 11012 11013 11058
3 11013 11059 11058
3 11013 11014 11059
3 11014 11060 11059
3 11014 11061 11060
3 11017 11018 11062
3 11018 11063 11062
3 11018 11019 11063
3 11019 11064 11063
3 11019 11020 11064
3 11020 11065 11064
3 11020 11021 11065
3 11021 11066 11065
3 11021 11022 11066
3 11022 11067 11066
3 11022 11023 11067
3 11023 11068 11067
3 11023 11024 11068
3 11024 11069 11068
3 11024 11025 11069
3 11025 11070 11069
3 11025 11026 11070
3 11026 11071 11070
3 11026 11027 11071
3 11027 11072 11071
3 11027 11028 11072
3 11028 11073 11072
3 11028 11029 11073
3 11029 11074 11073
3 11029 11030 11074
3 11030 11075 11074
3 11030 11031 11075
3 11031 11076 11075
3 11031 11032 11076
3 11032 11077 11076
3 11032 11033 11077
3 11033 11078 11077
3 11033 11034 11078
3 11034 11079 11078
3 11034 11035 11079
3 11035 11080 11079
3 11035 11036 11080
3 11036 11081 11080
3 11036 11037 11081
3 11037 11082 11081
3 11037 11038 11082
3 11038 11083 11082
3 11038 11039 11083
3 11039 11084 11083
3 11039 11040 11084
3 11040 11085 11084
3 11040 11041 11085
3 11041 11086 11085
3 11041 11042 11086
3 11042 11087 11086
3 11042 11043 11087
3 11043 11088 11087
3 11043 11044 11088
3 11044 11089 11088
3 11044 11045 11089
3 11045 11090 11089
3 11045 11046 11090
3 11046 11091 11090
3 11046 11047 11091
3 11047 11092 11091
3 11047 11048 11092
3 11048 11093 11092
3 11048 11049 11093
3 11049 11094 11093
3 11049 11050 11094
3 11050 11095 11094
3 11050 11051 11095
3 11051 11096 11095
3 11051 11052 11096
3 11052 11097 11096
3 11052 11053 11097
3 11053 11098 11097
3 11053 11054 11098
3 11054 11099 11098
3 11054 11055 11099
3 11055 11100 11099
3 11055 11056 11100
3 11056 11101 11100
3 11056 11057 11101
3 11057 11102 11101
3 11057 11058 11102
3 11058 11103 11102
3 11058 11059 11103
3 11059 11104 11103
3 11059 11060 11104
3 11065 11066 11105
3 11066 11106 11105
3 11066 11067 11106
3 11067 11107 11106
3 11067 11068 11107
3 11068 11108 11107
3 11068 11069 11108
3 11069 11109 11108
3 11069 11070 11109
3 11070 11110 11109
3 11070 11071 11110
3 11071 11111 11110
3 11071 11072 11111
3 11072 11112 11111
3 11072 11073 11112
3 11073 11113 11112
3 11073 11074 11113
3 11074 11114 11113
3 11074 11075 11114
3 11075 11115 11114
3 11075 11076 11115
3 11076 11116 11115
3 11076 11077 11116
3 11077 11117 11116
3 11077 11078 11117
3 11078 11118 11117
3 11078 11079 11118
3 11079 11119 11118
3 11079 11080 11119
3 11080 11120 11119
3 11080 11081 11120
3 11081 11121 11120
3 11081 11082 11121
3 11082 11122 11121
3 11082 11083 11122
3 11083 11123 11122
3 11083 11084 11123
3 11084 11124 11123
3 11084 11085 11124
3 11085 11125 11124
3 11085 11086 11125
3 11086 11126 11125
3 11086 11087 11126
3 11087 11127 11126
3 11087 11088 11127
3 11088 11128 11127
3 11088 11089 11128
3 11089 11129 11128
3 11089 11090 11129
3 11090 11130 11129
3 11090 11091 11130
3 11091 11131 11130
3 11091 11092 11131
3 11092 11132 11131
3 11092 11093 11132
3 11093 11133 11132
3 11093 11094 11133
3 11094 11134 11133
3 11094 11095 11134
3 11095 11135 11134
3 11095 11096 11135
3 11096 11136 11135
3 11096 11097 11136
3 11097 11137 11136
3 11097 11098 11137
3 11098 11138 11137
3 11098 11099 11138
3 11099 11139 11138
3 11099 11100 11139
3 11100 11140 11139
3 11100 11101 11140
3 11101 11141 11140
3 11101 11102 11141
3 11102 11142 11141
3 11102 11103 11142
3 11103 11143 11142
3 11103 11104 11143
3 11106 11107 11144
3 11107 11145 11144
3 11107 11108 11145
3 11108 11146 11145
3 11108 11109 11146
3 11109 11147 11146
3 11109 11110 11147
3 11110 11148 11147
3 11110 11111 11148
3 11111 11149 11148
3 11111 11112 11149
3 11112 11150 11149
3 11112 11113 11150
3 11113 11151 11150
3 11113 11114 11151
3 11114 11152 11151
3 11114 11115 11152
3 11115 11153 11152
3 11115 11116 11153
3 11116 11154 11153
3 11116 11117 11154
3 11117 11155 11154
3 11117 11118 11155
3 11118 11156 11155
3 11118 11119 11156
3 11119 11157 11156
3 11119 11120 11157
3 11120 11158 11157
3 11120 11121 11158
3 11121 11159 11158
3 11121 11122 11159
3 11122 11160 11159
3 11122 11123 11160
3 11123 11161 11160
3 11123 11124 11161
3 11124 11162 11161
3 11124 11125 11162
3 11125 11163 11162
3 11125 11126 11163
3 11126 11164 11163
3 11126 11127 11164
3 11127 11165 11164
3 11127 11128 11165
3 11128 11166 11165
3 11128 11129 11166
3 11129 11167 11166
3 11129 11130 11167
3 11130 11168 11167
3 11130 11131 11168
3 11131 11169 11168
3 11131 11132 11169
3 11132 11170 11169
3 11132 11133 11170
3 11133 11171 11170
3 11133 11134 11171
3 11134 11172 11171
3 11134 11135 11172
3 11135 11173 11172
3 11135 11136 11173
3 11136 11174 11173
3 11136 11137 11174
3 11137 11175 11174
3 11137 11138 11175
3 11138 11176 11175
3 11138 11139 11176
3 11139 11177 11176
3 11139 11140 11177
3 11140 11178 11177
3 11140 11141 11178
3 11141 11179 11178
3 11141 11142 11179
3 11142 11180 11179
3 11142 11143 11180
3 11143 11181 11180
3 11146 11147 11182
3 11147 11183 11182
3 11147 11148 11183
3 11148 11184 11183
3 11148 11149 11184
3 11149 11185 11184
3 11149 11150 11185
3 11150 11186 11185
3 11150 11151 11186
3 11151 11187 11186
3 11151 11152 11187
3 11152 11188 11187
3 11152 11153 11188
3 11153 11189 11188
3 11153 11154 11189
3 11154 11190 11189
3 11154 11155 11190
3 11155 11191 11190
3 11155 11156 11191
3 11156 11192 11191
3 11156 11157 11192
3 11157 11193 11192
3 11157 11158 11193
3 11158 11194 11193
3 11158 11159 11194
3 11159 11195 11194
3 11159 11160 11195
3 11160 11196 11195
3 11160 11161 11196
3 11161 11197 11196
3 11161 11162 11197
3 11162 11198 11197
3 11162 11163 11198
3 11163 11199 11198
3 11163 11164 11199
3 11164 11200 11199
3 11164 11165 11200
3 11165 11201 11200
3 11165 11166 11201
3 11166 11202 11201
3 11166 11167 11202
3 11167 11203 11202
3 11167 11168 11203
3 11168 11204 11203
3 11168 11169 11204
3 11169 11205 11204
3 11169 11170 11205
3 11170 11206 11205
3 11170 11171 11206
3 11171 11207 11206
3 11171 11172 11207
3 11172 11208 11207
3 11172 11173 11208
3 11173 11209 11208
3 11173 11174 11209
3 11174 11210 11209
3 11174 11175 11210
3 11175 11211 11210
3 11175 11176 11211
3 11176 11212 11211
3 11176 11177 11212
3 11177 11213 11212
3 11177 11178 11213
3 11178 11214 11213
3 11178 11179 11214
3 11179 11215 11214
3 11179 11180 11215
3 11180 11216 11215
3 11180 11181 11216
3 11183 11184 11217
3 11184 11218 11217
3 11184 11185 11218
3 11185 11219 11218
3 11185 11186 11219
3 11186 11220 11219
3 11186 11187 11220
3 11187 11221 11220
3 11187 11188 11221
3 11188 11222 11221
3 11188 11189 11222
3 11189 11223 11222
3 11189 11190 11223
3 11190 11224 11223
3 11190 11191 11224
3 11191 11225 11224
3 11191 11192 11225
3 11192 11226 11225
3 11192 11193 11226
3 11193 11227 11226
3 11193 11194 11227
3 11194 11228 11227
3 11194 11195 11228
3 11195 11229 11228
3 11195 11196 11229
3 11196 11230 11229
3 11196 11197 11230
3 11197 11231 11230
3 11197 11198 11231
3 11198 11232 11231
3 11198 11199 11232
3 11199 11233 11232
3 11199 11200 11233
3 11200 11234 11233
3 11200 11201 11234
3 11201 11235 11234
3 11201 11202 11235
3 11202 11236 11235
3 11202 11203 11236
3 11203 11237 11236
3 11203 11204 11237
3 11204 11238 11237
3 11204 11205 11238
3 11205 11239 11238
3 11205 11206 11239
3 11206 11240 11239
3 11206 11207 11240
3 11207 11241 11240
3 11207 11208 11241
3 11208 11242 11241
3 11208 11209 11242
3 11209 11243 11242
3 11209 11210 11243
3 11210 11244 11243
3 11210 11211 11244
3 11211 11245 11244
3 11211 11212 11245
3 11212 11246 11245
3 11212 11213 11246
3 11213 11247 11246
3 11213 11214 11247
3 11214 11248 11247
3 11214 11215 11248
3 11215 11249 11248
3 11215 11216 11249
3 11216 11250 11249
3 11218 11219 11251
3 11219 11220 11252
3 11220 11253 11252
3 11220 11221 11253
3 11221 11254 11253
3 11221 11222 11254
3 11222 11255 11254
3 11222 11223 11255
3 11223 11256 11255
3 11223 11224 11256
3 11224 11257 11256
3 11224 11225 11257
3 11225 11258 11257
3 11225 11226 11258
3 11226 11259 11258
3 11226 11227 11259
3 11227 11260 11259
3 11227 11228 11260
3 11228 11261 11260
3 11228 11229 11261
3 11229 11262 11261
3 11229 11230 11262
3 11230 11263 11262
3 11230 11231 11263
3 11231 11264 11263
3 11231 11232 11264
3 11232 11265 11264
3 11232 11233 11265
3 11233 11266 11265
3 11233 11234 11266
3 11234 11267 11266
3 11234 11235 11267
3 11235 11268 11267
3 11235 11236 11268
3 11236 11269 11268
3 11236 11237 11269
3 11237 11270 11269
3 11237 11238 11270
3 11238 11271 11270
3 11238 11239 11271
3 11239 11272 11271
3 11239 11240 11272
3 11240 11273 11272
3 11240 11241 11273
3 11241 11274 11273
3 11241 11242 11274
3 11242 11275 11274
3 11242 11243 11275
3 11243 11276 11275
3 11243 11244 11276
3 11244 11277 11276
3 11244 11245 11277
3 11245 11278 11277
3 11245 11246 11278
3 11246 11279 11278
3 11246 11247 11279
3 11247 11280 11279
3 11247 11248 11280
3 11248 11281 11280
3 11248 11249 11281
3 11249 11282 11281
3 11249 11250 11282
3 11253 11254 11283
3 11254 11284 11283
3 11254 11255 11284
3 11255 11285 11284
3 11255 11256 11285
3 11256 11286 11285
3 11256 11257 11286
3 11257 11287 11286
3 11257 11258 11287
3 11258 11288 11287
3 11258 11259 11288
3 11259 11289 11288
3 11259 11260 11289
3 11260 11290 11289
3 11260 11261 11290
3 11261 11291 11290
3 11261 11262 11291
3 11262 11292 11291
3 11262 11263 11292
3 11263 11293 11292
3 11263 11264 11293
3 11264 11294 11293
3 11264 11265 11294
3 11265 11295 11294
3 11265 11266 11295
3 11266 11296 11295
3 11266 11267 11296
3 11267 11297 11296
3 11267 11268 11297
3 11268 11298 11297
3 11268 11269 11298
3 11269 11299 11298
3 11269 11270 11299
3 11270 11300 11299
3 11270 11271 11300
3 11271 11301 11300
3 11271 11272 11301
3 11272 11302 11301
3 11272 11273 11302
3 11273 11303 11302
3 11273 11274 11303
3 11274 11304 11303
3 11274 11275 11304
3 11275 11305 11304
3 11275 11276 11305
3 11276 11306 11305
3 11276 11277 11306
3 11277 11307 11306
3 11277 11278 11307
3 11278 11308 11307
3 11278 11279 11308
3 11279 11309 11308
3 11279 11280 11309
3 11280 11310 11309
3 11280 11281 11310
3 11281 11311 11310
3 11281 11282 11311
3 11282 11312 11311
3 11284 11313 11314
3 11284 11285 11313
3 11285 11315 11313
3 11285 11286 11315
3 11286 11316 11315
3 11286 11287 11316
3 11287 11317 11316
3 11287 11288 11317
3 11288 11318 11317
3 11288 11289 11318
3 11289 11319 11318
3 11289 11290 11319
3 11290 11320 11319
3 11290 11291 11320
3 11291 11321 11320
3 11291 11292 11321
3 11292 11322 11321
3 11292 11293 11322
3 11293 11323 11322
3 11293 11294 11323
3 11294 11324 11323
3 11294 11295 11324
3 11295 11325 11324
3 11295 11296 11325
3 11296 11326 11325
3 11296 11297 11326
3 11297 11327 11326
3 11297 11298 11327
3 11298 11328 11327
3 11298 11299 11328
3 11299 11329 11328
3 11299 11300 11329
3 11300 11330 11329
3 11300 11301 11330
3 11301 11331 11330
3 11301 11302 11331
3 11302 11332 11331
3 11302 11303 11332
3 11303 11333 11332
3 11303 11304 11333
3 11304 11334 11333
3 11304 11305 11334
3 11305 11335 11334
3 11305 11306 11335
3 11306 11336 11335
3 11306 11307 11336
3 11307 11337 11336
3 11307 11308 11337
3 11308 11338 11337
3 11308 11309 11338
3 11309 11339 11338
3 11309 11310 11339
3 11310 11340 11339
3 11310 11311 11340
3 11311 11341 11340
3 11313 11315 11342
3 11315 11343 11342
3 11315 11316 11343
3 11316 11344 11343
3 11316 11317 11344
3 11317 11345 11344
3 11317 11318 11345
3 11318 11346 11345
3 11318 11319 11346
3 11319 11347 11346
3 11319 11320 11347
3 11320 11321 11347
3 11347 11321 11348
3 11321 11322 11348
3 11348 11322 11349
3 11322 11323 11349
3 11349 11323 11350
3 11323 11351 11350
3 11323 11324 11351
3 11324 11352 11351
3 11324 11325 11352
3 11325 11353 11352
3 11325 11326 11353
3 11326 11354 11353
3 11326 11327 11354
3 11327 11355 11354
3 11327 11328 11355
3 11328 11356 11355
3 11328 11329 11356
3 11329 11357 11356
3 11329 11330 11357
3 11330 11358 11357
3 11330 11331 11358
3 11331 11359 11358
3 11331 11332 11359
3 11332 11360 11359
3 11332 11333 11360
3 11333 11361 11360
3 11333 11334 11361
3 11334 11362 11361
3 11334 11335 11362
3 11335 11363 11362
3 11335 11336 11363
3 11336 11364 11363
3 11336 11337 11364
3 11337 11365 11364
3 11337 11338 11365
3 11338 11366 11365
3 11338 11339 11366
3 11339 11367 11366
3 11339 11340 11367
3 11340 11368 11367
3 11340 11341 11368
3 11343 11344 11369
3 11344 11370 11369
3 11344 11345 11370
3 11345 11346 11370
3 11370 11346 11371
3 11346 11347 11371
3 11371 11347 11372
3 11347 11348 11372
3 11372 11348 11373
3 11348 11349 11373
3 11373 11349 11374
3 11349 11350 11374
3 11374 11350 11375
3 11350 11376 11375
3 11350 11351 11376
3 11351 11377 11376
3 11351 11352 11377
3 11352 11378 11377
3 11352 11353 11378
3 11353 11354 11378
3 11378 11354 11379
3 11354 11355 11379
3 11379 11355 11380
3 11355 11356 11380
3 11380 11356 11381
3 11356 11382 11381
3 11356 11357 11382
3 11357 11383 11382
3 11357 11358 11383
3 11358 11384 11383
3 11358 11359 11384
3 11359 11385 11384
3 11359 11360 11385
3 11360 11361 11385
3 11385 11361 11386
3 11361 11387 11386
3 11361 11362 11387
3 11362 11388 11387
3 11362 11363 11388
3 11363 11389 11388
3 11363 11364 11389
3 11364 11390 11389
3 11364 11365 11390
3 11365 11391 11390
3 11365 11366 11391
3 11366 11392 11391
3 11366 11367 11392
3 11367 11393 11392
3 11367 11368 11393
3 11370 11371 11394
3 11371 11372 11395
3 11395 11372 11396
3 11372 11373 11396
3 11396 11373 11397
3 11373 11398 11397
3 11373 11374 11398
3 11374 11399 11398
3 11374 11375 11399
3 11375 11400 11399
3 11375 11376 11400
3 11376 11401 11400
3 11376 11377 11401
3 11377 11378 11401
3 11401 11378 11402
3 11378 11379 11402
3 11402 11379 11403
3 11379 11380 11403
3 11403 11380 11404
3 11380 11381 11404
3 11404 11381 11405
3 11381 11406 11405
3 11381 11382 11406
3 11382 11407 11406
3 11382 11383 11407
3 11383 11408 11407
3 11383 11384 11408
3 11384 11385 11408
3 11408 11385 11409
3 11385 11386 11409
3 11409 11386 11410
3 11386 11387 11410
3 11410 11387 11411
3 11387 11412 11411
3 11387 11388 11412
3 11388 11413 11412
3 11388 11389 11413
3 11389 11414 11413
3 11389 11390 11414
3 11390 11415 11414
3 11390 11391 11415
3 11391 11416 11415
3 11391 11392 11416
3 11392 11417 11416
3 11392 11393 11417
3 11399 11400 11418
3 11400 11419 11418
3 11400 11401 11419
3 11401 11420 11419
3 11401 11402 11420
3 11402 11403 11420
3 11420 11403 11421
3 11403 11404 11421
3 11421 11404 11422
3 11404 11405 11422
3 11422 11405 11423
3 11405 11406 11423
3 11423 11406 11424
3 11406 11425 11424
3 11406 11407 11425
3 11407 11426 11425
3 11407 11408 11426
3 11408 11409 11426
3 11426 11409 11427
3 11409 11410 11427
3 11427 11410 11428
3 11410 11411 11428
3 11428 11411 11429
3 11411 11430 11429
3 11411 11412 11430
3 11412 11431 11430
3 11412 11413 11431
3 11413 11432 11431
3 11413 11414 11432
3 11414 11433 11432
3 11414 11415 11433
3 11415 11434 11433
3 11415 11416 11434
3 11416 11435 11434
3 11416 11417 11435
3 11419 11420 11436
3 11420 11421 11436
3 11436 11421 11437
3 11421 11422 11437
3 11437 11422 11438
3 11422 11423 11438
3 11438 11423 11439
3 11423 11440 11439
3 11423 11424 11440
3 11424 11441 11440
3 11424 11425 11441
3 11425 11442 11441
3 11425 11426 11442
3 11426 11443 11442
3 11426 11427 11443
3 11427 11428 11443
3 11443 11428 11444
3 11428 11429 11444
3 11444 11429 11445
3 11429 11446 11445
3 11429 11430 11446
3 11430 11447 11446
3 11430 11431 11447
3 11431 11448 11447
3 11431 11432 11448
3 11432 11449 11448
3 11432 11433 11449
3 11433 11450 11449
3 11433 11434 11450
3 11434 11451 11450
3 11434 11435 11451
3 11437 11438 11452
3 11438 11439 11453
3 11453 11439 11454
3 11439 11455 11454
3 11439 11440 11455
3 11440 11456 11455
3 11440 11441 11456
3 11441 11457 11456
3 11441 11442 11457
3 11442 11443 11457
3 11457 11443 11458
3 11443 11444 11458
3 11458 11444 11459
3 11444 11445 11459
3 11459 11445 11460
3 11445 11461 11460
3 11445 11446 11461
3 11446 11462 11461
3 11446 11447 11462
3 11447 11463 11462
3 11447 11448 11463
3 11448 11464 11463
3 11448 11449 11464
3 11449 11465 11464
3 11449 11450 11465
3 11450 11466 11465
3 11450 11451 11466
3 11454 11455 11467
3 11455 11468 11467
3 11455 11456 11468
3 11456 11469 11468
3 11456 11457 11469
3 11457 11458 11469
3 11469 11458 11470
3 11458 11459 11470
3 11470 11459 11471
3 11459 11460 11471
3 11471 11460 11472
3 11460 11473 11472
3 11460 11461 11473
3 11461 11474 11473
3 11461 11462 11474
3 11462 11475 11474
3 11462 11463 11475
3 11463 11476 11475
3 11463 11464 11476
3 11464 11477 11476
3 11464 11465 11477
3 11465 11478 11477
3 11465 11466 11478
3 11468 11469 11479
3 11469 11480 11479
3 11469 11470 11480
3 11470 11471 11480
3 11480 11471 11481
3 11471 11482 11481
3 11471 11472 11482
3 11472 11483 11482
3 11472 11473 11483
3 11473 11484 11483
3 11473 11474 11484
3 11474 11485 11484
3 11474 11475 11485
3 11475 11486 11485
3 11475 11476 11486
3 11476 11487 11486
3 11476 11477 11487
3 11477 11488 11487
3 11477 11478 11488
3 11482 11483 11489
3 11483 11490 11489
3 11483 11484 11490
3 11484 11491 11490
3 11484 11485 11491
3 11485 11492 11491
3 11485 11486 11492
3 11486 11493 11492
3 11486 11487 11493
3 11487 11494 11493
3 11490 11495 11496
3 11490 11491 11495
3 11491 11497 11495
3 11491 11492 11497
3 11492 11498 11497
3 11492 11493 11498
3 11493 11499 11498
3 11493 11494 11499
3 11495 11500 11501
3 11495 11497 11500
3 11497 11502 11500
3 11497 11498 11502
3 11498 11503 11502
3 11498 11499 11503
3 11500 11502 11504
3 11502 11505 11504
3 11502 11503 11505
3 11503 11506 11505
3 11504 11505 11507
3 11505 11508 11507
3 11505 11506 11508
CELL_DATA 22399
SCALARS brightness_temperature float
LOOKUP_TABLE default
POINT_DATA 11509
CELL_DATA 22399
SCALARS emission_angle float
LOOKUP_TABLE default
POINT_DATA 11509
CELL_DATA 22399
SCALARS incidence_angle float
LOOKUP_TABLE default
POINT_DATA 11509
CELL_DATA 22399
SCALARS phase_angle float
LOOKUP_TABLE default
POINT_DATA 11509
CELL_DATA 22399
SCALARS local_solar_time float
LOOKUP_TABLE default
POINT_DATA 11509
CELL_DATA 22399
SCALARS local_solar_time_normal_vector float
LOOKUP_TABLE default
CELL_DATA 22399
SCALARS pixel_x float
LOOKUP_TABLE default
POINT_DATA 11509
CELL_DATA 22399
SCALARS pixel_y float
LOOKUP_TABLE default
POINT_DATA 11509
CELL_DATA 22399
SCALARS longitude float
LOOKUP_TABLE default
POINT_DATA 11509
CELL_DATA 22399
SCALARS latitude float
LOOKUP_TABLE default
