# vtk DataFile Version 3.0
SHAPE_sfm_50k_v20200323
ASCII
DATASET POLYDATA
POINTS 10275 float
0.25915 -0.04693 0.3656
0.2573 -0.0488 0.36729
0.25959 -0.04919 0.36579
0.25772 -0.05106 0.36757
0.25992 -0.05148 0.36597
0.25788 -0.05337 0.36769
0.26112 -0.04527 0.36425
0.26151 -0.04753 0.36429
0.26181 -0.04981 0.36428
0.26203 -0.0521 0.3643
0.25995 -0.0538 0.36594
0.26195 -0.05441 0.36416
0.26288 -0.04146 0.3628
0.26078 -0.04299 0.3642
0.26312 -0.04372 0.36289
0.2634 -0.04599 0.36285
0.26362 -0.04825 0.36265
0.26383 -0.05052 0.36254
0.26395 -0.0528 0.36246
0.26394 -0.05508 0.36239
0.26486 -0.03985 0.36123
0.26512 -0.04209 0.36127
0.26533 -0.04434 0.3613
0.26551 -0.04659 0.36115
0.26574 -0.04883 0.36098
0.26594 -0.05108 0.36086
0.26606 -0.05334 0.36077
0.26598 -0.0556 0.36062
0.26387 -0.05736 0.36228
0.26577 -0.05784 0.36036
0.26632 -0.03608 0.35919
0.26457 -0.03761 0.36117
0.26666 -0.03829 0.35945
0.26708 -0.04048 0.35966
0.26738 -0.0427 0.35978
0.2675 -0.04495 0.35968
0.26767 -0.04718 0.35951
0.26791 -0.04941 0.35936
0.26826 -0.05164 0.35944
0.26825 -0.05389 0.35919
0.26801 -0.0561 0.35883
0.26773 -0.05831 0.3585
0.26771 -0.0321 0.35692
0.26601 -0.03387 0.35895
0.26811 -0.03429 0.35713
0.2685 -0.03646 0.35748
0.26895 -0.03861 0.35788
0.26932 -0.04081 0.35805
0.26972 -0.04301 0.35829
0.26969 -0.04524 0.35799
0.2698 -0.04746 0.35777
0.27014 -0.04966 0.35775
0.27048 -0.05191 0.35778
0.27022 -0.05411 0.35727
0.26988 -0.05628 0.35683
0.26972 -0.0585 0.35662
0.26772 -0.06055 0.35831
0.26969 -0.06073 0.35642
0.26738 -0.02989 0.35688
0.26927 -0.03033 0.35483
0.26972 -0.03251 0.35499
0.27022 -0.03465 0.35532
0.2707 -0.03677 0.35578
0.27113 -0.03892 0.35617
0.27155 -0.04109 0.3564
0.27188 -0.04329 0.35655
0.27188 -0.04551 0.35631
0.27188 -0.04771 0.35594
0.27211 -0.04992 0.35581
0.27214 -0.05212 0.35555
0.27201 -0.0543 0.35517
0.27176 -0.05649 0.35483
0.27166 -0.05872 0.35469
0.27155 -0.06092 0.35441
0.26953 -0.06293 0.35606
0.27149 -0.06313 0.35416
0.27058 -0.02606 0.3532
0.26892 -0.02813 0.35498
0.27098 -0.02824 0.35305
0.27145 -0.0304 0.35305
0.27178 -0.0326 0.35309
0.27217 -0.03477 0.3533
0.27262 -0.03689 0.35375
0.27302 -0.03905 0.3541
0.27361 -0.04114 0.35452
0.27401 -0.04331 0.35475
0.27397 -0.04551 0.35447
0.27404 -0.04771 0.35419
0.27416 -0.0499 0.35394
0.27424 -0.05211 0.35375
0.27421 -0.05431 0.3535
0.27395 -0.05648 0.35315
0.2737 -0.05866 0.35285
0.27362 -0.06087 0.3526
0.27359 -0.06308 0.35242
0.27345 -0.06529 0.35245
0.27226 -0.02391 0.35133
0.27253 -0.0261 0.35117
0.27305 -0.02825 0.35115
0.27358 -0.0304 0.3512
0.27392 -0.03258 0.35126
0.2743 -0.03474 0.35148
0.27471 -0.03687 0.35188
0.27513 -0.03901 0.35227
0.27575 -0.04108 0.35274
0.27613 -0.04324 0.35294
0.27622 -0.04544 0.35282
0.27634 -0.04764 0.35263
0.2765 -0.04983 0.35246
0.27656 -0.05203 0.35224
0.27651 -0.05422 0.35199
0.27616 -0.05636 0.35151
0.2759 -0.05853 0.3512
0.27587 -0.06074 0.35104
0.27588 -0.06295 0.35092
0.27572 -0.06515 0.35094
0.27387 -0.01975 0.34958
0.27222 -0.02172 0.35162
0.27396 -0.02194 0.34941
0.27415 -0.02413 0.34926
0.27439 -0.02632 0.34907
0.27494 -0.02846 0.34907
0.27539 -0.03062 0.34904
0.27588 -0.03276 0.34926
0.27628 -0.03491 0.34949
0.27671 -0.03703 0.34993
0.27723 -0.03911 0.35044
0.278 -0.0411 0.35108
0.27831 -0.04329 0.35122
0.27846 -0.04549 0.35118
0.27863 -0.04768 0.35107
0.27878 -0.04986 0.3509
0.27893 -0.05207 0.35082
0.27868 -0.0542 0.35029
0.27842 -0.05636 0.34995
0.27822 -0.05855 0.34973
0.27828 -0.06075 0.34973
0.27838 -0.06296 0.34978
0.27807 -0.06514 0.34956
0.27784 -0.06731 0.34929
0.27572 -0.01785 0.34766
0.27574 -0.02004 0.34748
0.27588 -0.02223 0.34735
0.27611 -0.02441 0.34725
0.27639 -0.02659 0.34708
0.27687 -0.02874 0.34702
0.27744 -0.03087 0.34711
0.27787 -0.03302 0.34726
0.27841 -0.03511 0.34767
0.27881 -0.03723 0.34809
0.27925 -0.03933 0.34853
0.27981 -0.0414 0.34896
0.28032 -0.0435 0.3493
0.28069 -0.04565 0.34953
0.28095 -0.04783 0.34956
0.28094 -0.04999 0.34918
0.28103 -0.05218 0.34903
0.28097 -0.05436 0.34876
0.28073 -0.05652 0.34847
0.28054 -0.0587 0.34828
0.28061 -0.0609 0.34829
0.28053 -0.06308 0.34808
0.28017 -0.06523 0.34783
0.2799 -0.06737 0.34751
0.27791 -0.06949 0.34899
0.27992 -0.06954 0.34717
0.2783 -0.01391 0.34658
0.27588 -0.01568 0.34802
0.27803 -0.01604 0.34621
0.27784 -0.01819 0.34581
0.27784 -0.02038 0.3456
0.27807 -0.02256 0.34558
0.27837 -0.02473 0.34558
0.2787 -0.0269 0.34546
0.27926 -0.02902 0.34551
0.27981 -0.03113 0.34558
0.28024 -0.03327 0.34574
0.28059 -0.03542 0.34592
0.28099 -0.03753 0.34636
0.28143 -0.03963 0.34681
0.28186 -0.04175 0.34709
0.28238 -0.04384 0.34745
0.28291 -0.04592 0.34787
0.28307 -0.0481 0.34779
0.28304 -0.05025 0.34741
0.28305 -0.05242 0.34716
0.28304 -0.0546 0.34697
0.28296 -0.05679 0.34688
0.28286 -0.05897 0.34683
0.28286 -0.06116 0.34676
0.28269 -0.06331 0.34642
0.28229 -0.06543 0.34614
0.28202 -0.06757 0.34582
0.28206 -0.06974 0.34551
0.28012 -0.07172 0.34692
0.28102 -0.01213 0.34531
0.28062 -0.01425 0.34499
0.28024 -0.01633 0.34448
0.28013 -0.01849 0.34418
0.28013 -0.02066 0.34397
0.28032 -0.02283 0.34391
0.28068 -0.02499 0.34398
0.28126 -0.02708 0.34425
0.28177 -0.0292 0.34422
0.28224 -0.03132 0.34418
0.28258 -0.03347 0.3442
0.28291 -0.03562 0.34435
0.2833 -0.03773 0.34479
0.28372 -0.03982 0.34521
0.28414 -0.04194 0.34547
0.28468 -0.04401 0.34588
0.28504 -0.04614 0.3461
0.28516 -0.0483 0.34598
0.28513 -0.05044 0.34561
0.28511 -0.0526 0.34533
0.28517 -0.05479 0.34523
0.28518 -0.05697 0.34527
0.28515 -0.05914 0.34533
0.28519 -0.06133 0.34531
0.28497 -0.06347 0.34492
0.28453 -0.06557 0.3446
0.28429 -0.06771 0.34434
0.2843 -0.06986 0.34398
0.28224 -0.07191 0.34525
0.28436 -0.072 0.34356
0.28355 -0.008 0.34373
0.28131 -0.00998 0.34553
0.28352 -0.01021 0.34372
0.28326 -0.01238 0.34354
0.28272 -0.01445 0.34308
0.28237 -0.01654 0.34263
0.2823 -0.01869 0.34239
0.2823 -0.02086 0.34219
0.2826 -0.02302 0.34226
0.28314 -0.0251 0.3426
0.28359 -0.02722 0.34268
0.28407 -0.02934 0.34261
0.2846 -0.03144 0.34265
0.28493 -0.03358 0.34267
0.2852 -0.03573 0.34273
0.2856 -0.03782 0.34319
0.28611 -0.03986 0.34375
0.28647 -0.04199 0.34396
0.28703 -0.04405 0.34439
0.28731 -0.0462 0.34449
0.28729 -0.04836 0.3442
0.28727 -0.05049 0.34385
0.28726 -0.05265 0.34359
0.2873 -0.05482 0.34348
0.28738 -0.05699 0.34362
0.28732 -0.05915 0.34364
0.28734 -0.06132 0.3436
0.28717 -0.06346 0.34329
0.28676 -0.06557 0.34304
0.28658 -0.06772 0.34286
0.28643 -0.06981 0.34229
0.28655 -0.07194 0.34195
0.2845 -0.07415 0.34327
0.28682 -0.07411 0.34182
0.28498 -0.00618 0.34125
0.28531 -0.00836 0.34148
0.28524 -0.01055 0.34144
0.28496 -0.0127 0.34125
0.28457 -0.01481 0.34096
0.28433 -0.01693 0.34063
0.28413 -0.01906 0.34026
0.28431 -0.02125 0.34024
0.28482 -0.02334 0.34056
0.28527 -0.02544 0.34077
0.28563 -0.02757 0.34075
0.28622 -0.02965 0.34083
0.28685 -0.03171 0.34099
0.28714 -0.03385 0.34096
0.28749 -0.03597 0.34114
0.28781 -0.03808 0.3415
0.28821 -0.04016 0.34192
0.28866 -0.04224 0.34226
0.2892 -0.0443 0.34265
0.28937 -0.04645 0.34263
0.28943 -0.04859 0.34244
0.28949 -0.05073 0.3422
0.28954 -0.05289 0.34203
0.28972 -0.05504 0.34214
0.28974 -0.0572 0.34223
0.28962 -0.05935 0.34215
0.28948 -0.06148 0.3419
0.28919 -0.06357 0.34147
0.28883 -0.06569 0.34126
0.28858 -0.06781 0.34101
0.28844 -0.06989 0.34046
0.28854 -0.07202 0.3401
0.28866 -0.07416 0.33979
0.28674 -0.07624 0.34132
0.28863 -0.07628 0.33937
0.28464 -0.00044 0.3372
0.28342 -0.00232 0.33996
0.28528 -0.00242 0.33778
0.28418 -0.00422 0.34066
0.28582 -0.00443 0.33832
0.28637 -0.00648 0.33874
0.28653 -0.00865 0.33889
0.28645 -0.0108 0.33885
0.28632 -0.01294 0.33875
0.28613 -0.01508 0.33859
0.28604 -0.01723 0.33838
0.28614 -0.01941 0.33828
0.28652 -0.02154 0.33849
0.28691 -0.02364 0.33868
0.28735 -0.02574 0.33889
0.28781 -0.02784 0.33899
0.28831 -0.02993 0.33897
0.28889 -0.03201 0.33907
0.28929 -0.03412 0.33917
0.28967 -0.03622 0.3394
0.29001 -0.03831 0.33979
0.29039 -0.04039 0.3402
0.29075 -0.04249 0.34044
0.29116 -0.04459 0.34068
0.29128 -0.04673 0.34064
0.29148 -0.04887 0.34061
0.29168 -0.05101 0.34055
0.29188 -0.05316 0.34059
0.29219 -0.05528 0.34092
0.29225 -0.05744 0.34106
0.29208 -0.05961 0.34091
0.29168 -0.06166 0.34028
0.29125 -0.06368 0.33968
0.29087 -0.06579 0.33947
0.29065 -0.06791 0.33925
0.29049 -0.06998 0.33869
0.29045 -0.07207 0.33818
0.29043 -0.07418 0.33774
0.29037 -0.07629 0.3373
0.28846 -0.07838 0.33888
0.29023 -0.07839 0.33685
0.28533 0.00337 0.33441
0.28397 0.00155 0.33677
0.28597 0.00135 0.3347
0.28668 -0.00062 0.33517
0.28714 -0.00269 0.3356
0.28732 -0.00481 0.33591
0.28772 -0.0069 0.33626
0.28783 -0.00904 0.33638
0.28792 -0.01118 0.33644
0.28795 -0.01333 0.33645
0.28799 -0.01547 0.33648
0.28812 -0.01762 0.33648
0.28845 -0.01975 0.33665
0.28886 -0.02184 0.33694
0.28925 -0.02394 0.33713
0.28973 -0.02602 0.33738
0.28987 -0.02817 0.33711
0.29036 -0.03029 0.33707
0.29103 -0.03233 0.33727
0.29146 -0.03442 0.33742
0.29177 -0.03653 0.33758
0.29206 -0.03863 0.33794
0.29239 -0.04072 0.3383
0.29259 -0.04285 0.33839
0.29291 -0.04497 0.33854
0.29325 -0.04708 0.3387
0.29348 -0.04921 0.33872
0.29387 -0.05132 0.33888
0.29404 -0.05345 0.33893
0.29422 -0.05559 0.33907
0.29418 -0.05773 0.33909
0.29399 -0.05986 0.33892
0.29369 -0.06192 0.33843
0.29329 -0.06396 0.33789
0.29284 -0.06604 0.33762
0.29259 -0.06815 0.33737
0.29253 -0.07025 0.33692
0.29249 -0.07234 0.3364
0.29232 -0.0744 0.33581
0.29218 -0.07648 0.3353
0.29193 -0.07855 0.33476
0.28981 -0.08049 0.33659
0.28612 0.00699 0.33177
0.28505 0.00552 0.33439
0.28676 0.00497 0.33211
0.28738 0.00294 0.33241
0.28795 0.00089 0.33264
0.28845 -0.00117 0.33295
0.28879 -0.00326 0.33332
0.28905 -0.00535 0.3337
0.2894 -0.00744 0.33403
0.28966 -0.00956 0.33425
0.2898 -0.01169 0.33436
0.28986 -0.01383 0.33441
0.28998 -0.01597 0.33452
0.29024 -0.01809 0.33467
0.29055 -0.02021 0.33483
0.29085 -0.02232 0.33501
0.29123 -0.02441 0.3352
0.29142 -0.02655 0.33518
0.29187 -0.02867 0.33521
0.29263 -0.03068 0.33543
0.29336 -0.03268 0.33571
0.29353 -0.03481 0.33557
0.29361 -0.03696 0.33552
0.29386 -0.03908 0.33585
0.29418 -0.04117 0.3362
0.29453 -0.04326 0.33642
0.29483 -0.04538 0.33655
0.29526 -0.04747 0.33681
0.29566 -0.04956 0.33701
0.29601 -0.05166 0.33717
0.29597 -0.05378 0.337
0.29584 -0.05593 0.33684
0.29595 -0.05808 0.33701
0.29601 -0.06021 0.3371
0.2957 -0.06227 0.33661
0.29526 -0.06429 0.33602
0.29479 -0.06636 0.33575
0.29452 -0.06847 0.33548
0.29463 -0.0706 0.33523
0.2945 -0.07267 0.3346
0.29411 -0.07462 0.33379
0.2938 -0.07663 0.33315
0.29351 -0.07869 0.33259
0.29134 -0.08058 0.33438
0.29293 -0.08072 0.33222
0.29216 -0.08269 0.33203
0.28608 0.01277 0.32851
0.28501 0.01109 0.3312
0.28663 0.01073 0.32882
0.28559 0.00905 0.33152
0.28721 0.0087 0.32915
0.28782 0.00668 0.32946
0.28846 0.00467 0.3298
0.28904 0.00263 0.33006
0.28949 0.00055 0.33022
0.29005 -0.00147 0.33058
0.29039 -0.00355 0.33096
0.29075 -0.0056 0.33141
0.2912 -0.00766 0.33181
0.29146 -0.00978 0.33204
0.29141 -0.01192 0.33202
0.29143 -0.01406 0.33205
0.29162 -0.01619 0.33223
0.29211 -0.01824 0.33256
0.29241 -0.02034 0.33272
0.29259 -0.02245 0.33279
0.29273 -0.0246 0.33278
0.29318 -0.02671 0.33297
0.29387 -0.02874 0.33323
0.29472 -0.03067 0.33356
0.29527 -0.0327 0.33364
0.29548 -0.03482 0.33357
0.2956 -0.03695 0.33355
0.29576 -0.03908 0.33379
0.29608 -0.04117 0.33415
0.29653 -0.04323 0.33447
0.29696 -0.0453 0.33474
0.29741 -0.04736 0.33503
0.2977 -0.04945 0.33514
0.29791 -0.05156 0.33515
0.29795 -0.05368 0.33507
0.29792 -0.05581 0.335
0.29793 -0.05796 0.33509
0.29793 -0.06008 0.33514
0.29779 -0.06218 0.33484
0.29749 -0.06425 0.33444
0.29689 -0.06625 0.33401
0.2965 -0.06832 0.33363
0.29663 -0.07046 0.33339
0.29634 -0.07243 0.33261
0.29599 -0.0744 0.33186
0.29561 -0.07638 0.33116
0.29515 -0.07835 0.33048
0.29446 -0.08032 0.33004
0.29375 -0.08232 0.32991
0.29328 -0.08441 0.32994
0.28743 0.01503 0.32606
0.2879 0.01297 0.32627
0.2884 0.01093 0.32654
0.28895 0.0089 0.32685
0.28955 0.00689 0.32715
0.29015 0.00488 0.32747
0.29059 0.00281 0.32764
0.29104 0.00074 0.32781
0.29148 -0.00131 0.3281
0.29177 -0.00338 0.32844
0.29222 -0.00539 0.32896
0.29276 -0.0074 0.32944
0.29293 -0.00952 0.3296
0.29281 -0.01164 0.32956
0.2927 -0.01377 0.32952
0.29286 -0.01591 0.3297
0.29348 -0.01792 0.33012
0.2943 -0.01982 0.33066
0.29445 -0.02196 0.33073
0.29474 -0.02405 0.33085
0.29508 -0.02615 0.33095
0.29554 -0.02824 0.33103
0.29632 -0.0302 0.33131
0.29706 -0.03218 0.33154
0.29713 -0.0343 0.33137
0.29727 -0.03642 0.33138
0.29744 -0.03855 0.33162
0.2979 -0.04058 0.33211
0.2984 -0.0426 0.33251
0.29894 -0.04462 0.33291
0.29954 -0.04659 0.33342
0.29991 -0.04867 0.33362
0.29993 -0.05079 0.33342
0.3001 -0.05291 0.3335
0.30007 -0.05502 0.33346
0.29987 -0.05713 0.33332
0.2998 -0.05924 0.3333
0.29978 -0.06135 0.33316
0.29959 -0.06344 0.33289
0.29903 -0.06545 0.33254
0.29865 -0.0675 0.33217
0.29852 -0.06956 0.33166
0.29828 -0.07154 0.33094
0.29803 -0.07354 0.33028
0.29772 -0.07556 0.32969
0.29734 -0.07756 0.32913
0.29668 -0.07953 0.32873
0.29594 -0.08152 0.32859
0.29531 -0.08353 0.32846
0.29483 -0.08558 0.32817
0.28842 0.01925 0.32331
0.28688 0.01706 0.32574
0.28882 0.0172 0.32359
0.28931 0.01516 0.32385
0.28983 0.01314 0.32411
0.2903 0.01111 0.32437
0.29088 0.00911 0.32472
0.2915 0.00712 0.32504
0.29198 0.00507 0.32525
0.29243 0.00302 0.32544
0.29278 0.00095 0.32553
0.29313 -0.00111 0.32577
0.29346 -0.00316 0.32614
0.29379 -0.00519 0.32657
0.29432 -0.00717 0.32705
0.29467 -0.00925 0.32737
0.29442 -0.01136 0.32722
0.29421 -0.01347 0.32712
0.2943 -0.01561 0.32725
0.29477 -0.01767 0.32759
0.29547 -0.01962 0.32807
0.2962 -0.02152 0.32857
0.2966 -0.02357 0.32879
0.29673 -0.02568 0.32874
0.29719 -0.02775 0.32882
0.29776 -0.02978 0.32893
0.29826 -0.03181 0.32901
0.29855 -0.03389 0.32899
0.29885 -0.03597 0.3291
0.29919 -0.03804 0.32949
0.29965 -0.04004 0.33
0.30022 -0.04201 0.33048
0.30074 -0.04402 0.33088
0.30131 -0.04598 0.33137
0.30176 -0.04801 0.33167
0.30203 -0.05009 0.33177
0.30218 -0.05219 0.33184
0.30229 -0.05428 0.332
0.30209 -0.05636 0.33186
0.30178 -0.05844 0.33158
0.30185 -0.06055 0.33154
0.30167 -0.06264 0.33131
0.30114 -0.06465 0.33101
0.30069 -0.06666 0.33059
0.30046 -0.06866 0.32997
0.30029 -0.07066 0.32934
0.30011 -0.07268 0.32877
0.29991 -0.07473 0.32833
0.29951 -0.07673 0.32776
0.2989 -0.07872 0.32746
0.29824 -0.08072 0.32745
0.29758 -0.08272 0.32732
0.29698 -0.08469 0.32685
0.29667 -0.08676 0.32672
0.28793 0.02343 0.323
0.29025 0.02179 0.32116
0.28991 0.02385 0.32092
0.28819 0.02134 0.32317
0.29044 0.01971 0.32128
0.29083 0.01768 0.32155
0.29125 0.01564 0.32174
0.29178 0.01363 0.32203
0.29226 0.01162 0.3223
0.29288 0.00966 0.3227
0.2936 0.00773 0.32315
0.29383 0.00562 0.32311
0.29409 0.00354 0.32313
0.29451 0.0015 0.32329
0.29486 -0.00054 0.32355
0.29514 -0.00258 0.32389
0.29541 -0.00462 0.32428
0.29591 -0.0066 0.32475
0.29621 -0.00865 0.32504
0.2962 -0.01075 0.32509
0.29604 -0.01284 0.32502
0.29603 -0.01494 0.32507
0.29629 -0.01704 0.32526
0.29683 -0.01905 0.32564
0.29748 -0.02097 0.32612
0.29792 -0.02297 0.32638
0.29809 -0.02506 0.32637
0.29849 -0.02713 0.32641
0.29904 -0.02915 0.32651
0.29945 -0.03121 0.32652
0.30001 -0.03322 0.32667
0.30047 -0.03524 0.32691
0.30087 -0.03725 0.32739
0.30137 -0.0392 0.32797
0.30193 -0.04115 0.32846
0.30245 -0.04313 0.32886
0.30293 -0.04512 0.32927
0.30338 -0.04712 0.32959
0.30374 -0.04916 0.32981
0.30404 -0.05121 0.33007
0.30423 -0.05327 0.33033
0.30413 -0.05536 0.33032
0.30373 -0.05739 0.32996
0.30358 -0.05946 0.3297
0.3035 -0.06155 0.32959
0.30307 -0.06358 0.32943
0.30262 -0.06557 0.32901
0.30238 -0.06756 0.32841
0.3022 -0.06954 0.32777
0.302 -0.07154 0.3272
0.30184 -0.07359 0.32681
0.30155 -0.07562 0.3264
0.30095 -0.07761 0.32613
0.30029 -0.0796 0.32612
0.29967 -0.0816 0.32606
0.29915 -0.0836 0.32573
0.29874 -0.08562 0.32546
0.29864 -0.08769 0.3254
0.28915 0.02793 0.3204
0.29167 0.02628 0.31872
0.29144 0.02834 0.31863
0.28949 0.02587 0.32062
0.29195 0.02423 0.31887
0.29222 0.02217 0.31905
0.29252 0.02013 0.31929
0.29293 0.01812 0.31958
0.29336 0.0161 0.31981
0.29382 0.01409 0.32002
0.29433 0.0121 0.32033
0.29488 0.01013 0.32067
0.29552 0.00817 0.32102
0.29586 0.00611 0.32111
0.29614 0.00406 0.32116
0.29653 0.00202 0.32131
0.29688 -0.0 0.32157
0.29716 -0.00203 0.32192
0.29734 -0.00408 0.32223
0.29749 -0.00614 0.32241
0.29765 -0.0082 0.32262
0.298 -0.01023 0.32294
0.298 -0.01231 0.32303
0.29793 -0.0144 0.32304
0.29817 -0.01646 0.32321
0.29861 -0.01847 0.32351
0.29894 -0.02051 0.32375
0.29917 -0.02256 0.32388
0.29948 -0.02462 0.32396
0.29986 -0.02667 0.32399
0.30037 -0.02869 0.32405
0.30101 -0.03068 0.32422
0.30167 -0.03265 0.32445
0.30231 -0.03456 0.32489
0.30276 -0.03651 0.32545
0.30323 -0.03845 0.32602
0.30376 -0.0404 0.32648
0.30426 -0.04237 0.32689
0.30477 -0.04433 0.32734
0.30528 -0.0463 0.32773
0.30558 -0.04834 0.32791
0.30576 -0.0504 0.32808
0.30588 -0.05244 0.32829
0.30578 -0.0545 0.3283
0.30567 -0.05657 0.32822
0.30559 -0.05864 0.32804
0.30542 -0.06069 0.32785
0.30508 -0.06274 0.32779
0.30463 -0.06472 0.3274
0.30442 -0.0667 0.32684
0.30428 -0.06869 0.32625
0.3041 -0.07069 0.32571
0.30387 -0.0727 0.32527
0.30362 -0.07474 0.32492
0.30304 -0.07672 0.3247
0.30237 -0.07869 0.32469
0.30172 -0.08066 0.32461
0.30127 -0.08267 0.32438
0.30087 -0.08469 0.32413
0.30066 -0.08674 0.32392
0.30071 -0.0888 0.3238
0.2936 0.03045 0.31679
0.2937 0.02838 0.31677
0.29387 0.02633 0.31681
0.29422 0.02431 0.31705
0.29465 0.02231 0.31741
0.29477 0.02023 0.31744
0.29506 0.0182 0.3176
0.29549 0.01619 0.31783
0.29603 0.01423 0.31815
0.29653 0.01225 0.31846
0.29707 0.01027 0.31878
0.29751 0.00825 0.31893
0.29796 0.00624 0.31913
0.29838 0.00423 0.31935
0.29886 0.00224 0.31962
0.2992 0.00022 0.31988
0.29938 -0.00184 0.3201
0.29929 -0.00391 0.32014
0.29915 -0.00598 0.3201
0.2992 -0.00804 0.32023
0.29939 -0.01009 0.32045
0.29955 -0.01214 0.32065
0.29974 -0.01418 0.32088
0.29995 -0.01623 0.32104
0.30015 -0.01829 0.32116
0.30035 -0.02034 0.3213
0.30059 -0.02239 0.32145
0.30092 -0.02444 0.32154
0.30145 -0.02645 0.32166
0.30202 -0.02846 0.32176
0.30282 -0.03036 0.32207
0.30357 -0.03226 0.3224
0.30424 -0.03414 0.3229
0.30475 -0.03603 0.32355
0.3052 -0.03796 0.32411
0.30574 -0.03988 0.3246
0.30613 -0.04189 0.32489
0.30654 -0.04389 0.32525
0.30696 -0.04588 0.32557
0.30735 -0.04787 0.32585
0.30761 -0.04989 0.32611
0.30754 -0.05195 0.32616
0.30745 -0.05402 0.32618
0.30744 -0.05608 0.32618
0.30754 -0.05815 0.32617
0.30748 -0.06021 0.32612
0.30717 -0.06225 0.32612
0.30687 -0.06428 0.3259
0.30648 -0.06618 0.32515
0.30623 -0.06811 0.32446
0.30617 -0.07015 0.32406
0.30602 -0.07218 0.32372
0.30571 -0.07419 0.32333
0.30512 -0.07616 0.3231
0.30446 -0.07812 0.32313
0.30383 -0.08008 0.32307
0.30336 -0.08208 0.32281
0.30297 -0.08409 0.32258
0.30272 -0.08612 0.32232
0.30266 -0.08817 0.32207
0.30255 -0.09022 0.32178
0.29554 0.03424 0.31469
0.29344 0.03251 0.31669
0.29572 0.03218 0.31487
0.29576 0.03012 0.31484
0.29577 0.02806 0.31474
0.29601 0.02602 0.31487
0.29635 0.024 0.31509
0.29663 0.02196 0.31529
0.29689 0.01992 0.31547
0.29716 0.01789 0.31562
0.29764 0.0159 0.3159
0.29814 0.01392 0.31616
0.29862 0.01194 0.31646
0.29907 0.00994 0.31669
0.29951 0.00794 0.31686
0.3001 0.00599 0.3172
0.3007 0.00405 0.31759
0.30114 0.00203 0.3178
0.30132 -3e-05 0.31789
0.30133 -0.00211 0.31796
0.301 -0.00415 0.31784
0.30085 -0.00619 0.31781
0.3009 -0.00825 0.31795
0.30109 -0.01028 0.31818
0.30139 -0.0123 0.31848
0.30141 -0.01437 0.3186
0.30144 -0.01644 0.31864
0.30165 -0.01849 0.31878
0.30187 -0.02054 0.31893
0.30214 -0.02259 0.31908
0.30261 -0.0246 0.31927
0.30322 -0.02657 0.31946
0.30397 -0.0285 0.3197
0.30484 -0.03034 0.3201
0.30572 -0.03213 0.32058
0.30638 -0.034 0.32108
0.30683 -0.03591 0.32169
0.30721 -0.03787 0.32219
0.30763 -0.03984 0.32256
0.30798 -0.04185 0.32282
0.30834 -0.04386 0.32314
0.30882 -0.04583 0.32352
0.3092 -0.04782 0.32381
0.30919 -0.04988 0.32385
0.30908 -0.05194 0.32389
0.30909 -0.054 0.32398
0.30916 -0.05606 0.32406
0.30944 -0.0581 0.32421
0.30952 -0.06015 0.32431
0.30916 -0.06217 0.32426
0.3087 -0.06414 0.32389
0.30832 -0.06603 0.32317
0.30824 -0.06802 0.32263
0.3082 -0.07005 0.32227
0.30825 -0.07211 0.3222
0.30797 -0.07414 0.32187
0.30739 -0.07611 0.32168
0.30662 -0.07802 0.32155
0.30588 -0.07994 0.32136
0.30535 -0.0819 0.32103
0.30494 -0.0839 0.32078
0.30473 -0.08594 0.32056
0.30465 -0.08798 0.32028
0.30442 -0.09 0.31988
0.30398 -0.09199 0.31962
0.29732 0.03824 0.31246
0.29525 0.03626 0.3144
0.29763 0.03622 0.31269
0.29774 0.03417 0.31274
0.29774 0.03211 0.31274
0.29779 0.03005 0.31273
0.29789 0.028 0.31274
0.29812 0.02597 0.31285
0.29846 0.02396 0.31308
0.29868 0.02192 0.31322
0.29896 0.01989 0.31343
0.29931 0.01788 0.31365
0.29967 0.01587 0.31381
0.30004 0.01385 0.31398
0.30038 0.01183 0.31415
0.30081 0.00984 0.31438
0.30144 0.00791 0.31467
0.30193 0.0059 0.31491
0.30211 0.00385 0.31502
0.30236 0.00181 0.31513
0.3026 -0.00024 0.31526
0.30245 -0.0023 0.31528
0.30247 -0.00435 0.31538
0.30276 -0.00639 0.31562
0.30254 -0.00844 0.31561
0.30254 -0.01049 0.31573
0.30265 -0.01253 0.31593
0.30296 -0.01454 0.31623
0.3032 -0.01657 0.31642
0.30327 -0.01864 0.31645
0.30357 -0.02067 0.31666
0.30395 -0.02268 0.3169
0.30443 -0.02468 0.3171
0.30512 -0.02662 0.31735
0.30597 -0.02848 0.3177
0.30691 -0.03025 0.31817
0.30783 -0.032 0.31872
0.30844 -0.03387 0.31918
0.30881 -0.03581 0.31971
0.30911 -0.03779 0.32015
0.30946 -0.03978 0.32047
0.30982 -0.04179 0.32074
0.31019 -0.04378 0.32107
0.31056 -0.04577 0.32137
0.31069 -0.04781 0.32148
0.31069 -0.04986 0.32154
0.3106 -0.05191 0.32159
0.31061 -0.05396 0.32169
0.31063 -0.05601 0.32176
0.31086 -0.05805 0.32187
0.31103 -0.0601 0.322
0.31071 -0.06214 0.32199
0.3101 -0.06406 0.32156
0.31001 -0.06606 0.32103
0.31017 -0.06808 0.32073
0.31026 -0.07012 0.32051
0.31051 -0.07217 0.32074
0.31035 -0.07424 0.32062
0.3097 -0.07619 0.32033
0.30872 -0.07796 0.31989
0.30788 -0.07981 0.31959
0.3073 -0.08174 0.31921
0.30688 -0.08373 0.31894
0.30674 -0.08578 0.31879
0.30668 -0.08781 0.31855
0.30651 -0.08984 0.31821
0.30609 -0.09184 0.31796
0.30558 -0.09379 0.31757
0.29879 0.04184 0.31001
0.29686 0.04021 0.31207
0.29925 0.03984 0.31038
0.29951 0.03781 0.31057
0.29981 0.03579 0.31077
0.29994 0.03374 0.31085
0.29992 0.03169 0.31083
0.29987 0.02965 0.31071
0.29989 0.0276 0.31065
0.3001 0.02557 0.31075
0.30035 0.02354 0.3109
0.30059 0.02152 0.31107
0.30089 0.01951 0.31127
0.3012 0.01749 0.31147
0.30157 0.01549 0.31165
0.30189 0.01346 0.31177
0.30215 0.01143 0.31189
0.3024 0.00941 0.31199
0.30286 0.00742 0.31218
0.30305 0.00537 0.31228
0.303 0.00331 0.31231
0.30295 0.00127 0.31234
0.30296 -0.00078 0.31241
0.30308 -0.00283 0.31252
0.30355 -0.00483 0.31276
0.30357 -0.00688 0.31287
0.30338 -0.00893 0.31291
0.30361 -0.01096 0.31314
0.30393 -0.01296 0.31344
0.30422 -0.01497 0.31372
0.30474 -0.01692 0.31408
0.30515 -0.01891 0.31435
0.30554 -0.02089 0.31465
0.30593 -0.02289 0.3149
0.30654 -0.02483 0.31523
0.30736 -0.02667 0.31563
0.30828 -0.02845 0.31606
0.30926 -0.03016 0.31661
0.3101 -0.03197 0.31706
0.31069 -0.03386 0.3175
0.31091 -0.03586 0.31787
0.31107 -0.03787 0.31817
0.31126 -0.0399 0.31836
0.31152 -0.04192 0.31856
0.31187 -0.04392 0.31886
0.3121 -0.04594 0.31908
0.31207 -0.04799 0.3191
0.312 -0.05003 0.31913
0.31173 -0.05206 0.3191
0.31156 -0.0541 0.31912
0.31141 -0.05615 0.31914
0.31139 -0.05819 0.31918
0.31135 -0.06024 0.31927
0.31129 -0.06229 0.31931
0.31145 -0.06433 0.31921
0.31191 -0.06632 0.3191
0.31227 -0.06834 0.31903
0.31256 -0.07036 0.31908
0.31275 -0.07242 0.31923
0.31265 -0.07452 0.31919
0.31194 -0.07647 0.31884
0.31087 -0.07815 0.31829
0.30986 -0.07985 0.31779
0.30921 -0.08173 0.31734
0.30861 -0.08364 0.3169
0.30842 -0.08568 0.31671
0.30869 -0.08772 0.31675
0.30862 -0.08979 0.31651
0.30775 -0.09158 0.31587
0.30714 -0.09349 0.31542
0.30652 -0.09539 0.31499
0.30509 -0.09576 0.31722
0.30579 -0.09722 0.31441
0.29753 0.04761 0.30549
0.29605 0.04688 0.30773
0.29806 0.0457 0.30597
0.2968 0.04508 0.30836
0.29903 0.04407 0.30676
0.29784 0.04351 0.30919
0.30011 0.04254 0.3076
0.30095 0.04074 0.30828
0.30112 0.03867 0.30843
0.30141 0.03667 0.30864
0.30197 0.03472 0.30906
0.30215 0.03263 0.30919
0.30178 0.03061 0.30883
0.30156 0.0286 0.30857
0.3016 0.02656 0.30852
0.30189 0.02454 0.30869
0.30215 0.02252 0.30885
0.30229 0.02048 0.30894
0.30252 0.01846 0.3091
0.30286 0.01646 0.30931
0.30332 0.01448 0.30955
0.30361 0.01244 0.30965
0.30367 0.0104 0.30964
0.30384 0.00837 0.3097
0.30425 0.00637 0.30986
0.30446 0.00429 0.30996
0.30394 0.00228 0.30979
0.30375 0.00025 0.30977
0.30397 -0.00178 0.30991
0.30412 -0.00382 0.31004
0.30412 -0.00586 0.31012
0.30428 -0.0079 0.31028
0.30468 -0.00989 0.31056
0.30497 -0.01189 0.31082
0.30536 -0.01387 0.31116
0.30582 -0.01581 0.31154
0.30656 -0.01768 0.31201
0.30696 -0.01967 0.3123
0.30721 -0.02169 0.31253
0.30779 -0.02362 0.31293
0.30862 -0.02542 0.31343
0.3096 -0.02712 0.31398
0.31069 -0.02874 0.3146
0.31174 -0.0304 0.3152
0.31263 -0.03222 0.31571
0.31304 -0.03426 0.31592
0.31292 -0.03633 0.31597
0.3127 -0.03836 0.31599
0.31285 -0.0404 0.31614
0.31313 -0.04242 0.31633
0.31323 -0.04445 0.31649
0.31325 -0.04649 0.31661
0.31317 -0.04854 0.31663
0.31282 -0.05055 0.31655
0.31236 -0.05255 0.31648
0.31217 -0.05459 0.31649
0.31201 -0.05663 0.31651
0.31189 -0.05868 0.31652
0.31205 -0.06072 0.31667
0.31224 -0.06275 0.31679
0.31267 -0.06476 0.31682
0.31359 -0.06659 0.31699
0.31433 -0.06849 0.31726
0.31479 -0.0705 0.3175
0.31492 -0.07258 0.31756
0.31457 -0.07463 0.31725
0.31391 -0.07659 0.31696
0.31276 -0.07822 0.31638
0.31166 -0.07984 0.3158
0.31087 -0.08164 0.31524
0.31021 -0.08351 0.31477
0.30981 -0.0855 0.31443
0.30988 -0.08755 0.31433
0.30997 -0.08961 0.31416
0.30923 -0.09147 0.31365
0.30857 -0.09334 0.31317
0.30786 -0.09519 0.31269
0.3072 -0.09706 0.31216
0.30675 -0.09903 0.31181
0.29858 0.05089 0.30255
0.29716 0.04959 0.30513
0.29898 0.04894 0.30295
0.29944 0.047 0.30338
0.29998 0.04508 0.30386
0.30089 0.04341 0.30461
0.30189 0.04181 0.30538
0.30247 0.03991 0.30587
0.30279 0.03792 0.30611
0.30322 0.03596 0.30645
0.30363 0.03397 0.30674
0.30352 0.03193 0.30664
0.30335 0.02991 0.30646
0.30328 0.02788 0.30631
0.30334 0.02584 0.30629
0.30363 0.02383 0.30646
0.30386 0.02181 0.3066
0.30396 0.01977 0.30667
0.30416 0.01775 0.3068
0.30447 0.01575 0.307
0.30476 0.01374 0.30712
0.30477 0.0117 0.30708
0.30492 0.00967 0.30713
0.30507 0.00764 0.30718
0.30518 0.0056 0.30722
0.30504 0.00357 0.30718
0.30472 0.00155 0.3071
0.30474 -0.00049 0.30717
0.305 -0.0025 0.30733
0.30519 -0.00453 0.30747
0.30546 -0.00653 0.30767
0.30581 -0.00852 0.30793
0.30614 -0.01051 0.3082
0.30636 -0.01252 0.30843
0.3068 -0.01448 0.3088
0.30718 -0.01645 0.30914
0.30747 -0.01845 0.3094
0.30795 -0.0204 0.30973
0.30858 -0.02229 0.31015
0.30936 -0.02411 0.31064
0.31027 -0.02585 0.31119
0.31148 -0.02735 0.31185
0.31275 -0.02885 0.3125
0.31378 -0.03059 0.31303
0.31434 -0.03265 0.31329
0.31412 -0.03474 0.31329
0.31367 -0.03674 0.31331
0.31366 -0.03879 0.31342
0.31388 -0.04081 0.31359
0.31389 -0.04283 0.31368
0.3137 -0.04485 0.31377
0.31358 -0.04687 0.31387
0.3134 -0.0489 0.31389
0.31321 -0.05093 0.31385
0.31306 -0.05296 0.31385
0.31296 -0.05499 0.31389
0.31286 -0.05702 0.31392
0.31283 -0.05906 0.31397
0.31282 -0.06111 0.31407
0.31335 -0.06309 0.31432
0.31431 -0.06486 0.31464
0.31545 -0.06652 0.31501
0.3163 -0.06839 0.31534
0.31672 -0.07044 0.31548
0.31668 -0.07253 0.31538
0.31635 -0.07461 0.31513
0.31541 -0.07643 0.31469
0.3143 -0.07808 0.31418
0.31324 -0.07973 0.31365
0.31235 -0.08145 0.31302
0.31159 -0.08328 0.31249
0.31107 -0.08522 0.31209
0.31081 -0.08724 0.31183
0.31078 -0.08926 0.31161
0.31064 -0.09128 0.31139
0.31034 -0.09332 0.31113
0.30936 -0.09503 0.3105
0.30862 -0.09685 0.30992
0.30812 -0.0988 0.30954
0.30774 -0.10079 0.30928
0.2974 0.05678 0.30141
0.29766 0.05477 0.30166
0.29972 0.05488 0.29959
0.3 0.05289 0.29987
0.29812 0.05282 0.3021
0.30039 0.05094 0.30027
0.30086 0.04902 0.30073
0.30135 0.04711 0.30118
0.3019 0.04522 0.30166
0.30257 0.04339 0.30221
0.30335 0.04163 0.30284
0.30424 0.03995 0.30354
0.30489 0.03808 0.30404
0.30512 0.03606 0.30421
0.30513 0.03404 0.30421
0.30524 0.03202 0.30427
0.30522 0.02999 0.30421
0.30517 0.02798 0.30408
0.30513 0.02595 0.30399
0.3054 0.02395 0.30416
0.30567 0.02194 0.30432
0.30558 0.01991 0.30426
0.30558 0.01789 0.30427
0.30574 0.01588 0.30438
0.30598 0.01388 0.30449
0.30613 0.01186 0.30453
0.30622 0.00983 0.30455
0.30617 0.00781 0.30451
0.3061 0.00578 0.30449
0.30597 0.00377 0.30446
0.30584 0.00175 0.30445
0.30586 -0.00027 0.30452
0.30605 -0.00228 0.30467
0.30631 -0.00427 0.30485
0.30665 -0.00625 0.30509
0.30704 -0.00821 0.30538
0.30746 -0.01017 0.3057
0.30769 -0.01217 0.30594
0.30803 -0.01413 0.30626
0.30831 -0.01611 0.30656
0.30858 -0.0181 0.30683
0.30896 -0.02006 0.30712
0.30944 -0.022 0.30748
0.31017 -0.02383 0.30796
0.31095 -0.02562 0.30847
0.3117 -0.02744 0.30899
0.31258 -0.02918 0.30955
0.31374 -0.03078 0.31006
0.31428 -0.03274 0.31036
0.31412 -0.03478 0.31046
0.31414 -0.0368 0.31056
0.31444 -0.0388 0.31074
0.3146 -0.0408 0.3109
0.31462 -0.04281 0.311
0.31432 -0.04481 0.31106
0.31396 -0.04679 0.31113
0.31359 -0.04879 0.31113
0.31361 -0.05082 0.31112
0.31381 -0.05283 0.3112
0.31392 -0.05485 0.31131
0.3138 -0.05687 0.31135
0.31371 -0.05889 0.31139
0.31377 -0.06094 0.31151
0.31464 -0.06276 0.31194
0.31582 -0.06432 0.31243
0.31702 -0.06595 0.31281
0.3177 -0.06793 0.31299
0.31775 -0.07 0.31293
0.31755 -0.07203 0.3128
0.31728 -0.07405 0.31259
0.3166 -0.07596 0.31229
0.31567 -0.07773 0.3119
0.31482 -0.07952 0.3115
0.3139 -0.0812 0.31085
0.31302 -0.08293 0.31026
0.31236 -0.08479 0.30979
0.31196 -0.08675 0.30946
0.3117 -0.08874 0.30915
0.31156 -0.09074 0.30893
0.31151 -0.09278 0.30875
0.31093 -0.09469 0.30836
0.31024 -0.09652 0.30783
0.30967 -0.09842 0.30741
0.30921 -0.10038 0.3071
0.30886 -0.10238 0.30691
0.372 -0.21146 0.17494
0.37426 -0.20976 0.17304
0.37242 -0.209 0.17491
0.36945 -0.20737 0.1791
0.37178 -0.20603 0.17727
0.37055 -0.20518 0.17953
0.37082 -0.20832 0.17698
0.37306 -0.20659 0.17495
0.37474 -0.2073 0.17292
0.36863 -0.20337 0.18425
0.37055 -0.20215 0.1824
0.36969 -0.20125 0.18481
0.36943 -0.20425 0.18181
0.37172 -0.20309 0.18014
0.37274 -0.2038 0.17773
0.37377 -0.20422 0.17525
0.37499 -0.20481 0.17288
0.37654 -0.20538 0.17071
0.36782 -0.19993 0.18974
0.36978 -0.19836 0.18799
0.36867 -0.19776 0.19041
0.36899 -0.20057 0.18737
0.37061 -0.1991 0.18551
0.37163 -0.20009 0.18319
0.37285 -0.20105 0.18094
0.3736 -0.20156 0.17837
0.37454 -0.20192 0.17584
0.37564 -0.20243 0.1734
0.37692 -0.20293 0.17105
0.37816 -0.20339 0.16868
0.36717 -0.19718 0.19261
0.36969 -0.19562 0.19092
0.36812 -0.19501 0.19308
0.37076 -0.19618 0.18847
0.37169 -0.19697 0.18604
0.37281 -0.19802 0.18378
0.37385 -0.19883 0.18141
0.37474 -0.19942 0.17891
0.3757 -0.19977 0.17639
0.37671 -0.20022 0.1739
0.37781 -0.20062 0.17144
0.3791 -0.20109 0.16907
0.3648 -0.19317 0.19699
0.36739 -0.19207 0.19551
0.36591 -0.19113 0.1976
0.36641 -0.19421 0.19505
0.36893 -0.19275 0.19336
0.37065 -0.19342 0.19134
0.37203 -0.19416 0.18908
0.37286 -0.19491 0.18657
0.37389 -0.19587 0.18424
0.37481 -0.1966 0.18179
0.37581 -0.19722 0.17934
0.37694 -0.19768 0.1769
0.378 -0.19816 0.17444
0.37893 -0.19844 0.17189
0.37981 -0.19869 0.16932
0.36199 -0.18791 0.204
0.3642 -0.18686 0.20237
0.36286 -0.18575 0.20448
0.36335 -0.18902 0.20191
0.3658 -0.18812 0.20052
0.36469 -0.19014 0.19983
0.36705 -0.18911 0.19829
0.36816 -0.18982 0.1959
0.36961 -0.19045 0.19368
0.37131 -0.19108 0.19162
0.37267 -0.19179 0.18934
0.37355 -0.1926 0.18687
0.3747 -0.19356 0.1846
0.37567 -0.19432 0.18216
0.37696 -0.1951 0.17989
0.37829 -0.1957 0.17758
0.37931 -0.19616 0.17508
0.3801 -0.19631 0.17247
0.38069 -0.1964 0.1698
0.38104 -0.19666 0.16712
0.35994 -0.18454 0.20895
0.36228 -0.1829 0.20722
0.36059 -0.18229 0.20928
0.36141 -0.18503 0.2067
0.36385 -0.18369 0.20513
0.36497 -0.18466 0.20284
0.36619 -0.18573 0.20065
0.36744 -0.18672 0.19844
0.36858 -0.18746 0.19607
0.37002 -0.18808 0.19383
0.37145 -0.18864 0.19157
0.37275 -0.18934 0.18928
0.37382 -0.19017 0.18691
0.37511 -0.19114 0.18471
0.37644 -0.192 0.18249
0.37808 -0.19296 0.18054
0.37965 -0.19378 0.17844
0.3808 -0.19438 0.176
0.38169 -0.19462 0.17339
0.38182 -0.19432 0.17065
0.38202 -0.19449 0.16795
0.38238 -0.19482 0.16526
0.35905 -0.18149 0.21138
0.36145 -0.18024 0.21007
0.35987 -0.17942 0.21214
0.36304 -0.18077 0.20792
0.36475 -0.18165 0.20595
0.3658 -0.18255 0.20358
0.36667 -0.18344 0.20115
0.36784 -0.1844 0.19887
0.36904 -0.18514 0.19654
0.37036 -0.18571 0.19422
0.37157 -0.18623 0.19182
0.37289 -0.18692 0.18953
0.37421 -0.18779 0.1873
0.37551 -0.18875 0.18511
0.37689 -0.18961 0.18293
0.37847 -0.19052 0.1809
0.38051 -0.19156 0.17935
0.38222 -0.19267 0.17741
0.38343 -0.1932 0.17475
0.38325 -0.19267 0.17192
0.38312 -0.1926 0.16921
0.38332 -0.19283 0.16651
0.35544 -0.17643 0.21831
0.35806 -0.17522 0.21711
0.35625 -0.17434 0.21898
0.35728 -0.17732 0.21646
0.3596 -0.17636 0.21514
0.3587 -0.17838 0.21437
0.36077 -0.17739 0.21291
0.36224 -0.17812 0.21073
0.36382 -0.17864 0.20856
0.36531 -0.17937 0.20638
0.3665 -0.18034 0.20414
0.36728 -0.18118 0.20166
0.36825 -0.18207 0.19925
0.36939 -0.18279 0.19688
0.37059 -0.18332 0.19447
0.37199 -0.18386 0.19218
0.37318 -0.18452 0.18981
0.3744 -0.18537 0.1875
0.37593 -0.18635 0.18546
0.37732 -0.18721 0.18328
0.37895 -0.18812 0.18128
0.38087 -0.18907 0.17957
0.38276 -0.19016 0.17787
0.38442 -0.19085 0.17557
0.38429 -0.19051 0.17268
0.38415 -0.19043 0.16994
0.38445 -0.1907 0.16724
0.38487 -0.19042 0.16456
0.35451 -0.17407 0.22112
0.35729 -0.17233 0.21955
0.35545 -0.172 0.22158
0.35898 -0.17312 0.21754
0.36054 -0.17426 0.21557
0.3617 -0.17529 0.21332
0.36308 -0.17594 0.21104
0.36476 -0.1765 0.20894
0.36627 -0.17723 0.20676
0.36746 -0.17819 0.20447
0.36802 -0.17892 0.20188
0.36871 -0.17971 0.19933
0.3698 -0.18042 0.1969
0.37099 -0.18094 0.19448
0.37231 -0.18146 0.19212
0.37349 -0.18212 0.18973
0.37473 -0.18296 0.18743
0.37629 -0.18393 0.18539
0.37789 -0.18481 0.18334
0.37979 -0.18581 0.18165
0.38186 -0.18683 0.18012
0.38357 -0.18781 0.17813
0.38494 -0.18835 0.17571
0.38529 -0.18822 0.17291
0.38539 -0.18825 0.17016
0.38557 -0.18845 0.16744
0.38602 -0.18819 0.16476
0.35385 -0.17174 0.22381
0.35644 -0.16998 0.22215
0.35464 -0.16962 0.2242
0.35824 -0.17028 0.22008
0.35982 -0.17099 0.21793
0.36123 -0.17204 0.2158
0.36244 -0.17308 0.21357
0.36401 -0.17381 0.21143
0.36572 -0.17438 0.20934
0.3671 -0.17502 0.20703
0.36859 -0.17605 0.20486
0.3689 -0.17671 0.20213
0.36919 -0.17736 0.19943
0.37033 -0.17807 0.197
0.37142 -0.17856 0.19452
0.37253 -0.17904 0.19204
0.37368 -0.1797 0.18962
0.37492 -0.18054 0.18729
0.37652 -0.18149 0.18525
0.37835 -0.18239 0.18341
0.38037 -0.1834 0.18183
0.38253 -0.18441 0.18042
0.3845 -0.18549 0.17864
0.38552 -0.18594 0.17599
0.38613 -0.18589 0.17327
0.38656 -0.18605 0.17055
0.38685 -0.18632 0.16784
0.38742 -0.18614 0.16517
0.3866 -0.18789 0.1621
0.38817 -0.18596 0.16252
0.35156 -0.1683 0.22855
0.35334 -0.16688 0.22681
0.35197 -0.16614 0.2291
0.35316 -0.16914 0.22648
0.35515 -0.16748 0.2248
0.35711 -0.1679 0.2229
0.35892 -0.16819 0.22082
0.36041 -0.16882 0.21858
0.36171 -0.16981 0.21632
0.36296 -0.17086 0.2141
0.36462 -0.17163 0.21203
0.36635 -0.17218 0.20994
0.36753 -0.17273 0.20748
0.36861 -0.17362 0.20509
0.3695 -0.17444 0.2026
0.36969 -0.17506 0.19986
0.3707 -0.17572 0.19735
0.37187 -0.17622 0.19489
0.37272 -0.17664 0.19229
0.37378 -0.17727 0.1898
0.37491 -0.1781 0.1874
0.37633 -0.17903 0.18518
0.37827 -0.17992 0.1834
0.3803 -0.18091 0.18179
0.38241 -0.18188 0.1803
0.38446 -0.18292 0.17874
0.38596 -0.18353 0.1765
0.38706 -0.18367 0.17395
0.38777 -0.18398 0.17128
0.38822 -0.18435 0.16858
0.38892 -0.18426 0.16594
0.38976 -0.18414 0.1633
0.34899 -0.16449 0.23345
0.3506 -0.16318 0.23189
0.34929 -0.16237 0.2342
0.35049 -0.16538 0.23131
0.35206 -0.16392 0.22964
0.35346 -0.16467 0.22735
0.35527 -0.16524 0.22532
0.35719 -0.16562 0.22335
0.35917 -0.16596 0.22143
0.36076 -0.16662 0.21925
0.36203 -0.16758 0.21695
0.36342 -0.16867 0.21481
0.36499 -0.16939 0.21265
0.36674 -0.16993 0.21057
0.36805 -0.17053 0.20818
0.36885 -0.1713 0.20564
0.36964 -0.17209 0.2031
0.37024 -0.1728 0.20049
0.37103 -0.17339 0.19789
0.37199 -0.17383 0.19532
0.37296 -0.17426 0.19274
0.37379 -0.17485 0.19015
0.37483 -0.17566 0.18767
0.37624 -0.17657 0.1854
0.37817 -0.17744 0.18355
0.38021 -0.17842 0.18193
0.38232 -0.17939 0.18041
0.38444 -0.18042 0.17896
0.3865 -0.18122 0.17727
0.38808 -0.18163 0.17499
0.38894 -0.18203 0.17236
0.38949 -0.18246 0.16966
0.39031 -0.18247 0.16703
0.39095 -0.18214 0.16434
0.39148 -0.18245 0.16159
0.34791 -0.16165 0.23649
0.34948 -0.16024 0.23495
0.34813 -0.15953 0.23728
0.35072 -0.16102 0.23258
0.35203 -0.16171 0.2302
0.3535 -0.16245 0.22792
0.35537 -0.16302 0.22591
0.35743 -0.16343 0.22407
0.35945 -0.16376 0.22216
0.36115 -0.16445 0.22005
0.36243 -0.16541 0.21774
0.3637 -0.16645 0.21549
0.3652 -0.16712 0.21323
0.36714 -0.16772 0.21128
0.36884 -0.16852 0.20918
0.36967 -0.16926 0.2066
0.3703 -0.16995 0.20397
0.37079 -0.17059 0.2013
0.37145 -0.17113 0.19864
0.37233 -0.17153 0.19601
0.37331 -0.17195 0.19342
0.3741 -0.17251 0.1908
0.37486 -0.17324 0.18816
0.37641 -0.17416 0.18596
0.3782 -0.17499 0.18395
0.38024 -0.17594 0.18228
0.38236 -0.17687 0.1807
0.38459 -0.17796 0.17941
0.38691 -0.17893 0.17816
0.3889 -0.1796 0.17623
0.38994 -0.18011 0.17364
0.39072 -0.18071 0.17101
0.39189 -0.18107 0.16846
0.39249 -0.18065 0.16571
0.39266 -0.18062 0.1629
0.34508 -0.15783 0.24167
0.34706 -0.15657 0.24021
0.34558 -0.15578 0.24248
0.34664 -0.15866 0.23946
0.34847 -0.15741 0.23794
0.34977 -0.15808 0.23556
0.35088 -0.15882 0.23309
0.35219 -0.1595 0.23069
0.35377 -0.16025 0.22849
0.35563 -0.16081 0.22644
0.35782 -0.16125 0.22474
0.35994 -0.16161 0.22292
0.36181 -0.16239 0.22094
0.36288 -0.16322 0.21843
0.3641 -0.16424 0.21613
0.36558 -0.16488 0.21383
0.36753 -0.16547 0.21187
0.36956 -0.16646 0.21011
0.37057 -0.1673 0.2076
0.37124 -0.16798 0.20496
0.37165 -0.16856 0.20224
0.37213 -0.16899 0.19952
0.3728 -0.16928 0.19681
0.37362 -0.16965 0.19413
0.37442 -0.1702 0.19149
0.37524 -0.17092 0.18887
0.37655 -0.17175 0.18649
0.37847 -0.1726 0.18457
0.38059 -0.17357 0.18298
0.38282 -0.17454 0.18156
0.38504 -0.17562 0.18025
0.38735 -0.17665 0.17907
0.38952 -0.17754 0.17748
0.39083 -0.17822 0.17505
0.3917 -0.17887 0.17245
0.39299 -0.1793 0.16998
0.39385 -0.17914 0.16727
0.39416 -0.17924 0.16444
0.39413 -0.17939 0.16165
0.34424 -0.15517 0.24489
0.34629 -0.15375 0.24316
0.34499 -0.15318 0.2456
0.34763 -0.15447 0.24079
0.34888 -0.15523 0.2384
0.35024 -0.15592 0.23603
0.35132 -0.15663 0.23354
0.35258 -0.15728 0.2311
0.3541 -0.15802 0.22884
0.35592 -0.15856 0.22675
0.35799 -0.15894 0.22489
0.36012 -0.15929 0.22308
0.36233 -0.16012 0.22147
0.36374 -0.16115 0.21919
0.36459 -0.162 0.21663
0.36605 -0.16263 0.2143
0.36803 -0.16323 0.21235
0.37028 -0.16428 0.21088
0.37153 -0.1653 0.20848
0.37213 -0.16592 0.20578
0.3727 -0.16656 0.20309
0.37305 -0.16692 0.20033
0.37369 -0.16716 0.1976
0.37415 -0.16736 0.19481
0.37485 -0.16788 0.19213
0.37571 -0.16859 0.18951
0.37702 -0.16941 0.18711
0.37894 -0.17024 0.18516
0.38118 -0.1713 0.18379
0.38359 -0.17258 0.18303
0.38588 -0.17395 0.18208
0.38821 -0.17497 0.18077
0.39036 -0.17572 0.17898
0.39172 -0.17638 0.17654
0.39253 -0.17696 0.17387
0.39382 -0.17732 0.1714
0.39474 -0.17719 0.16872
0.39557 -0.17769 0.166
0.39552 -0.17781 0.16315
0.39543 -0.17729 0.16036
0.34402 -0.15289 0.24824
0.34568 -0.15111 0.2461
0.34437 -0.15068 0.24856
0.34682 -0.15161 0.24358
0.34807 -0.15229 0.24114
0.34914 -0.153 0.23864
0.35039 -0.15366 0.2362
0.3517 -0.15442 0.23383
0.35311 -0.1551 0.23148
0.35449 -0.15578 0.22913
0.3561 -0.15626 0.22686
0.35799 -0.15663 0.22479
0.36006 -0.15697 0.22289
0.3623 -0.15774 0.22134
0.3643 -0.15884 0.21955
0.36518 -0.15977 0.21698
0.36656 -0.16036 0.21458
0.36842 -0.16092 0.21251
0.37069 -0.16187 0.21103
0.37259 -0.16309 0.2091
0.37297 -0.16372 0.20623
0.37336 -0.16427 0.20349
0.37373 -0.16466 0.20073
0.37476 -0.16505 0.19813
0.37528 -0.16526 0.19536
0.37564 -0.16558 0.19255
0.37654 -0.16631 0.18993
0.37791 -0.16715 0.18756
0.37977 -0.16794 0.18553
0.38207 -0.16902 0.18419
0.38452 -0.17032 0.1836
0.38692 -0.17181 0.1831
0.38943 -0.17303 0.1821
0.39161 -0.17376 0.18014
0.39269 -0.17422 0.17742
0.39355 -0.17486 0.1748
0.39461 -0.17505 0.1722
0.39559 -0.17496 0.16956
0.3964 -0.17538 0.16688
0.39653 -0.17561 0.16406
0.39673 -0.17529 0.16128
0.39734 -0.17487 0.15857
0.34153 -0.14896 0.25311
0.34314 -0.14758 0.25105
0.34191 -0.14679 0.25348
0.34287 -0.14978 0.25077
0.34454 -0.14844 0.24876
0.34598 -0.14889 0.24638
0.34719 -0.14941 0.24389
0.34832 -0.15005 0.24138
0.34958 -0.1508 0.23896
0.35061 -0.15141 0.2364
0.35186 -0.15216 0.23397
0.35337 -0.15284 0.23168
0.35487 -0.15354 0.22939
0.35639 -0.15398 0.22704
0.35811 -0.15431 0.22482
0.35999 -0.15464 0.22272
0.36216 -0.15542 0.22105
0.36417 -0.15647 0.21933
0.36569 -0.15749 0.21717
0.36707 -0.15808 0.21478
0.36866 -0.15858 0.21248
0.37052 -0.1595 0.21054
0.37255 -0.16059 0.20881
0.37356 -0.16137 0.20621
0.37365 -0.16186 0.20338
0.37419 -0.16228 0.20062
0.37546 -0.16273 0.19811
0.37658 -0.1632 0.19555
0.37695 -0.1635 0.19271
0.37794 -0.16427 0.19014
0.37932 -0.16512 0.1878
0.38115 -0.16587 0.18572
0.38347 -0.16699 0.18441
0.38593 -0.16827 0.18378
0.38833 -0.16964 0.18306
0.39073 -0.17071 0.18183
0.39292 -0.17147 0.18001
0.39429 -0.17226 0.17752
0.39497 -0.17278 0.17478
0.39584 -0.17285 0.17209
0.39691 -0.1728 0.16947
0.39763 -0.17316 0.16675
0.398 -0.17352 0.16397
0.39834 -0.17328 0.16119
0.39904 -0.17293 0.1585
0.34062 -0.14625 0.25596
0.34246 -0.14465 0.25371
0.34142 -0.14421 0.25634
0.34358 -0.14539 0.2512
0.34495 -0.14624 0.24886
0.34644 -0.14669 0.2465
0.34766 -0.1472 0.24399
0.3487 -0.14783 0.24143
0.3498 -0.14855 0.23892
0.35094 -0.14917 0.23639
0.35226 -0.14992 0.23398
0.35376 -0.1506 0.23167
0.35529 -0.15129 0.22938
0.35691 -0.15174 0.2271
0.35857 -0.15204 0.22482
0.36038 -0.15234 0.22265
0.36231 -0.15312 0.22072
0.36427 -0.15418 0.21895
0.36589 -0.15518 0.21686
0.36746 -0.15578 0.21457
0.36912 -0.15627 0.21233
0.37078 -0.15717 0.21021
0.37216 -0.15831 0.20802
0.37394 -0.15904 0.20588
0.37454 -0.15964 0.20314
0.37522 -0.1601 0.20043
0.37628 -0.16048 0.19782
0.37744 -0.16094 0.19528
0.37857 -0.16167 0.19279
0.37967 -0.16254 0.19031
0.38108 -0.1634 0.18801
0.38295 -0.16418 0.18601
0.38515 -0.16518 0.18449
0.38758 -0.1664 0.18364
0.3899 -0.16773 0.18262
0.39202 -0.1687 0.18096
0.39417 -0.1694 0.17917
0.39579 -0.17028 0.1769
0.39636 -0.17078 0.17411
0.39724 -0.17085 0.17142
0.39837 -0.17084 0.1688
0.39911 -0.1712 0.16608
0.39949 -0.17156 0.16329
0.39997 -0.1714 0.16053
0.34213 -0.14279 0.25912
0.34254 -0.1423 0.25634
0.3432 -0.14255 0.25358
0.34425 -0.14326 0.25102
0.34557 -0.14409 0.24864
0.34699 -0.14452 0.24622
0.34826 -0.14504 0.24372
0.34923 -0.14565 0.24112
0.35025 -0.14635 0.23855
0.35148 -0.14699 0.23605
0.3528 -0.14774 0.23364
0.3544 -0.14843 0.23137
0.35603 -0.14914 0.22915
0.35774 -0.1496 0.22692
0.35926 -0.14985 0.22453
0.361 -0.15013 0.22229
0.36292 -0.15089 0.22034
0.36467 -0.15195 0.21836
0.36626 -0.15295 0.21623
0.36805 -0.15356 0.2141
0.36977 -0.15404 0.21189
0.3711 -0.15491 0.20953
0.37258 -0.15605 0.20738
0.37441 -0.15677 0.20531
0.37575 -0.15755 0.20288
0.37639 -0.15802 0.20013
0.37731 -0.15832 0.19746
0.37861 -0.15883 0.19497
0.37996 -0.15969 0.19261
0.3813 -0.16074 0.19033
0.38291 -0.16177 0.18824
0.38466 -0.16241 0.18608
0.38682 -0.16335 0.18444
0.38922 -0.16454 0.18343
0.39155 -0.16589 0.18237
0.39347 -0.16675 0.18038
0.39542 -0.16737 0.17837
0.39684 -0.16815 0.17599
0.39786 -0.16886 0.17344
0.39916 -0.16926 0.17094
0.39999 -0.16899 0.1682
0.40064 -0.16927 0.16543
0.40099 -0.16958 0.16263
0.40167 -0.16956 0.15991
0.4008 -0.17114 0.15785
0.34264 -0.14111 0.26156
0.34293 -0.1407 0.25871
0.34293 -0.14018 0.25587
0.34387 -0.14047 0.25318
0.34501 -0.14119 0.25066
0.34622 -0.14199 0.24821
0.34758 -0.1424 0.24573
0.34874 -0.1429 0.24317
0.34984 -0.14352 0.24062
0.35093 -0.14424 0.23808
0.35219 -0.14488 0.23559
0.35361 -0.14565 0.23323
0.35513 -0.14633 0.23091
0.35677 -0.14703 0.22868
0.35838 -0.14746 0.22636
0.35992 -0.1477 0.22397
0.36155 -0.14797 0.22164
0.3635 -0.14872 0.21969
0.36535 -0.14977 0.21779
0.36691 -0.15078 0.21562
0.36895 -0.1514 0.2137
0.37063 -0.15188 0.2114
0.37177 -0.15272 0.20891
0.37313 -0.15385 0.20668
0.3749 -0.15456 0.20454
0.37659 -0.15537 0.20234
0.37746 -0.15592 0.19965
0.37855 -0.15628 0.19704
0.37991 -0.15681 0.19458
0.38135 -0.15773 0.19228
0.38284 -0.15886 0.19012
0.38445 -0.15987 0.18801
0.3864 -0.16067 0.18609
0.38859 -0.16161 0.18448
0.39094 -0.16275 0.18331
0.39325 -0.16404 0.18202
0.39466 -0.16472 0.17951
0.39638 -0.16528 0.17729
0.39817 -0.16615 0.17524
0.39988 -0.16731 0.17321
0.40111 -0.16768 0.17058
0.4017 -0.16717 0.16776
0.4022 -0.16732 0.16495
0.40257 -0.16763 0.16215
0.40331 -0.16763 0.15943
0.40251 -0.1693 0.15722
0.34176 -0.13867 0.2635
0.34269 -0.13896 0.26076
0.34257 -0.13863 0.25783
0.34318 -0.13813 0.25505
0.34441 -0.13844 0.25247
0.34561 -0.13915 0.24997
0.3468 -0.13994 0.24749
0.3481 -0.14034 0.24497
0.34935 -0.14084 0.24244
0.35046 -0.14148 0.23988
0.3517 -0.14221 0.2374
0.35317 -0.1429 0.23503
0.35445 -0.14365 0.23257
0.3558 -0.1443 0.23013
0.35726 -0.14499 0.22777
0.35888 -0.14541 0.22544
0.36049 -0.14565 0.22307
0.36214 -0.14591 0.22075
0.36386 -0.14669 0.2186
0.36565 -0.14774 0.21664
0.36758 -0.1487 0.21476
0.36965 -0.14928 0.21283
0.37125 -0.14977 0.21047
0.37256 -0.15065 0.20808
0.37397 -0.15177 0.20587
0.3757 -0.15248 0.20368
0.3774 -0.15329 0.2015
0.37871 -0.15396 0.19905
0.38006 -0.15445 0.19657
0.3815 -0.15503 0.19418
0.38271 -0.15581 0.19168
0.38416 -0.15692 0.18944
0.38599 -0.15803 0.18753
0.38816 -0.15896 0.18587
0.39052 -0.16006 0.18464
0.39273 -0.16105 0.18307
0.39438 -0.16202 0.18091
0.39599 -0.16278 0.17867
0.39785 -0.16338 0.17657
0.39993 -0.16434 0.17481
0.40158 -0.16543 0.17264
0.40257 -0.16566 0.16989
0.40333 -0.16533 0.16712
0.40385 -0.16549 0.1643
0.40423 -0.16578 0.16148
0.40509 -0.16587 0.15877
0.4044 -0.16757 0.15679
0.33896 -0.13718 0.26752
0.34033 -0.13874 0.26601
0.34017 -0.13684 0.26493
0.34135 -0.13684 0.26231
0.3421 -0.13715 0.25954
0.34274 -0.1367 0.25674
0.34385 -0.13621 0.25413
0.345 -0.13651 0.25152
0.34612 -0.13721 0.24897
0.34738 -0.138 0.24651
0.34874 -0.1384 0.244
0.35005 -0.13891 0.2415
0.35123 -0.13955 0.23895
0.35262 -0.14032 0.23655
0.35403 -0.141 0.23414
0.35514 -0.14172 0.23158
0.35629 -0.14237 0.22901
0.35783 -0.14306 0.22667
0.35948 -0.14348 0.22434
0.3611 -0.14372 0.22197
0.36267 -0.14397 0.21959
0.3642 -0.14478 0.21729
0.36596 -0.14585 0.21529
0.36801 -0.14676 0.21349
0.36994 -0.14737 0.21143
0.37174 -0.14782 0.20922
0.37348 -0.14867 0.20711
0.37493 -0.14982 0.2049
0.37689 -0.15055 0.20291
0.3786 -0.15136 0.20072
0.38 -0.15207 0.19831
0.3816 -0.15267 0.196
0.38296 -0.15321 0.19353
0.38416 -0.15397 0.19101
0.38571 -0.15513 0.18884
0.38765 -0.1563 0.18705
0.38992 -0.15727 0.18558
0.39251 -0.15842 0.18476
0.39485 -0.15944 0.18305
0.39582 -0.16008 0.18026
0.39728 -0.16078 0.17789
0.39885 -0.16134 0.17554
0.401 -0.16222 0.17379
0.40262 -0.16328 0.1716
0.40363 -0.16356 0.1689
0.40494 -0.16352 0.16632
0.40539 -0.16364 0.16346
0.40601 -0.16411 0.16069
0.40698 -0.16429 0.15801
0.33748 -0.13549 0.26924
0.33873 -0.13518 0.26666
0.33987 -0.13488 0.26403
0.34096 -0.13491 0.26137
0.34194 -0.13514 0.25865
0.34323 -0.13464 0.2561
0.34452 -0.13417 0.25357
0.34549 -0.13444 0.25086
0.34663 -0.13514 0.2483
0.34792 -0.13592 0.24584
0.3494 -0.13633 0.2434
0.35083 -0.13686 0.24094
0.35199 -0.1375 0.23837
0.35329 -0.13826 0.23591
0.35474 -0.13893 0.2335
0.35588 -0.13967 0.23095
0.35692 -0.14029 0.22832
0.35827 -0.14098 0.22585
0.35989 -0.14139 0.22349
0.36141 -0.14163 0.22105
0.36279 -0.1419 0.21853
0.36429 -0.14271 0.2162
0.36599 -0.14382 0.21411
0.36789 -0.14481 0.21217
0.36996 -0.14535 0.21022
0.37191 -0.14574 0.20812
0.37384 -0.14653 0.20613
0.37554 -0.14767 0.2041
0.37752 -0.14836 0.20211
0.37928 -0.14918 0.19997
0.38115 -0.14999 0.19792
0.38276 -0.1506 0.1956
0.38448 -0.15131 0.19338
0.38566 -0.15208 0.19084
0.38704 -0.15314 0.18853
0.38877 -0.15423 0.18646
0.39108 -0.1552 0.18499
0.39366 -0.15621 0.18401
0.39592 -0.15709 0.18216
0.39683 -0.15794 0.17943
0.39788 -0.15859 0.17682
0.39929 -0.15919 0.17433
0.40115 -0.16011 0.17229
0.4029 -0.16107 0.17027
0.40475 -0.16144 0.16809
0.40608 -0.16138 0.16553
0.4069 -0.1617 0.16277
0.40787 -0.16243 0.16016
0.40891 -0.16266 0.1575
0.33584 -0.13399 0.27114
0.33723 -0.13339 0.26868
0.33847 -0.13309 0.26608
0.33955 -0.1328 0.26341
0.34075 -0.13281 0.26078
0.342 -0.13299 0.25816
0.34348 -0.13249 0.25571
0.34483 -0.13201 0.2532
0.34598 -0.13228 0.25056
0.34709 -0.13297 0.24797
0.34845 -0.13375 0.24554
0.34986 -0.13415 0.24304
0.35127 -0.13467 0.24056
0.35236 -0.1353 0.23795
0.35345 -0.13606 0.23538
0.35483 -0.13673 0.23291
0.35601 -0.13747 0.23037
0.35724 -0.1381 0.22782
0.35868 -0.13877 0.22541
0.36005 -0.13918 0.22288
0.36154 -0.13941 0.22041
0.36296 -0.13966 0.2179
0.36456 -0.14045 0.21561
0.36625 -0.14156 0.21351
0.36807 -0.14255 0.21149
0.37001 -0.14314 0.20942
0.37203 -0.1435 0.20738
0.37388 -0.14431 0.2053
0.37546 -0.14547 0.20317
0.37743 -0.14615 0.20115
0.37932 -0.14693 0.19908
0.38165 -0.14766 0.1975
0.38376 -0.14838 0.19561
0.38527 -0.14901 0.19319
0.38668 -0.14988 0.19082
0.38804 -0.15093 0.18849
0.38954 -0.15191 0.1862
0.3916 -0.15287 0.18437
0.39375 -0.15397 0.18279
0.39568 -0.15481 0.18085
0.39703 -0.15564 0.17843
0.3983 -0.1563 0.1759
0.39979 -0.15685 0.17342
0.40179 -0.15777 0.17148
0.40376 -0.15877 0.16963
0.40566 -0.15916 0.1675
0.40734 -0.15921 0.16513
0.40851 -0.15974 0.16254
0.40948 -0.16045 0.15991
0.4106 -0.16073 0.15727
0.33402 -0.13244 0.27306
0.3357 -0.13184 0.27076
0.33704 -0.13125 0.26825
0.33819 -0.13098 0.26559
0.33931 -0.13069 0.26292
0.34055 -0.13068 0.2603
0.34196 -0.13084 0.25775
0.34339 -0.13032 0.25527
0.345 -0.12982 0.25291
0.34626 -0.13009 0.2503
0.34756 -0.13079 0.2478
0.34901 -0.13158 0.2454
0.35048 -0.13198 0.24292
0.35171 -0.13246 0.24032
0.35235 -0.13307 0.23753
0.35339 -0.13385 0.23492
0.3546 -0.13453 0.23236
0.35586 -0.13526 0.22985
0.35728 -0.13586 0.22739
0.35873 -0.13653 0.22495
0.36015 -0.13693 0.22245
0.36157 -0.13714 0.21992
0.3631 -0.13738 0.21746
0.36478 -0.13816 0.21522
0.36636 -0.13927 0.21302
0.36826 -0.14025 0.21105
0.37015 -0.14084 0.20893
0.37198 -0.14123 0.20671
0.37367 -0.14207 0.2045
0.37531 -0.14322 0.20238
0.37736 -0.14387 0.20039
0.37955 -0.14458 0.1986
0.382 -0.1453 0.19718
0.38428 -0.14597 0.19542
0.3856 -0.14663 0.19286
0.38691 -0.14749 0.19039
0.38861 -0.14857 0.18829
0.39043 -0.14962 0.18628
0.39229 -0.15049 0.18423
0.39414 -0.15157 0.18228
0.39594 -0.15244 0.1802
0.39743 -0.15325 0.17783
0.39893 -0.15391 0.17543
0.40077 -0.15449 0.17324
0.4026 -0.15538 0.17115
0.40462 -0.15641 0.16933
0.40644 -0.15678 0.16712
0.40826 -0.15685 0.16485
0.40964 -0.15745 0.16235
0.41067 -0.15819 0.15974
0.41203 -0.15859 0.15722
0.33194 -0.13065 0.27484
0.33379 -0.13032 0.27263
0.33545 -0.12971 0.27032
0.33674 -0.12914 0.26777
0.3379 -0.12887 0.26511
0.33908 -0.12856 0.26246
0.34043 -0.12854 0.25988
0.34192 -0.12867 0.25738
0.34371 -0.12814 0.25513
0.34524 -0.12762 0.25271
0.34649 -0.12788 0.25008
0.34801 -0.1286 0.24769
0.34959 -0.1294 0.24538
0.35103 -0.12979 0.24286
0.35206 -0.13023 0.24014
0.35238 -0.13081 0.23727
0.35321 -0.13161 0.23458
0.35447 -0.13229 0.23204
0.35566 -0.13303 0.22949
0.35717 -0.13361 0.22707
0.35868 -0.13426 0.22467
0.36009 -0.13465 0.22215
0.36155 -0.13485 0.21963
0.3631 -0.13507 0.21717
0.36474 -0.13585 0.2149
0.3663 -0.13697 0.21268
0.36819 -0.13794 0.21068
0.37007 -0.13852 0.20854
0.37192 -0.1389 0.20633
0.37353 -0.13974 0.20405
0.37515 -0.14089 0.20189
0.37737 -0.14151 0.20007
0.37974 -0.14218 0.1985
0.38186 -0.14295 0.19666
0.38408 -0.14358 0.19485
0.38567 -0.14424 0.19247
0.38733 -0.1451 0.19025
0.38906 -0.14619 0.18817
0.39118 -0.14727 0.18648
0.3931 -0.14813 0.18446
0.39459 -0.14914 0.18216
0.39616 -0.14999 0.17989
0.3977 -0.15079 0.17755
0.39939 -0.15147 0.17527
0.40149 -0.15209 0.17334
0.40337 -0.15299 0.17133
0.40508 -0.15394 0.16916
0.40714 -0.15434 0.16715
0.4086 -0.15435 0.16461
0.40987 -0.1549 0.16205
0.41125 -0.15569 0.1596
0.413 -0.15622 0.15733
0.41344 -0.15876 0.15469
0.41466 -0.1565 0.15496
0.32994 -0.13032 0.2769
0.33155 -0.12856 0.27445
0.32939 -0.12831 0.27634
0.3335 -0.12819 0.27233
0.33506 -0.1276 0.26994
0.33625 -0.12706 0.26733
0.33758 -0.12674 0.26476
0.33882 -0.12641 0.26214
0.34025 -0.12637 0.2596
0.34212 -0.12649 0.25736
0.3438 -0.12594 0.25503
0.3453 -0.12541 0.2526
0.34683 -0.12567 0.25014
0.34835 -0.12638 0.24776
0.35 -0.12719 0.24548
0.35139 -0.12756 0.24292
0.3524 -0.12799 0.24019
0.3527 -0.12856 0.23731
0.3531 -0.12933 0.23451
0.35445 -0.13003 0.23199
0.35548 -0.13076 0.22936
0.35683 -0.13136 0.22684
0.35848 -0.13198 0.22452
0.3599 -0.13236 0.222
0.36143 -0.13254 0.21952
0.36296 -0.13275 0.21706
0.36449 -0.13353 0.21469
0.36609 -0.13464 0.2125
0.36794 -0.13562 0.21048
0.36976 -0.13621 0.20829
0.3716 -0.13658 0.20605
0.37345 -0.13737 0.20395
0.37488 -0.13853 0.20168
0.37687 -0.13924 0.19962
0.37911 -0.13994 0.19789
0.38124 -0.1407 0.19605
0.38349 -0.14129 0.19429
0.38548 -0.14184 0.19223
0.38744 -0.14266 0.19025
0.38932 -0.14375 0.18831
0.39136 -0.14477 0.18651
0.39324 -0.14562 0.18445
0.39483 -0.14666 0.18222
0.39646 -0.1475 0.17999
0.39793 -0.14831 0.17759
0.39938 -0.14898 0.17512
0.40163 -0.14959 0.17333
0.40372 -0.15049 0.17151
0.40528 -0.15143 0.16922
0.40704 -0.1518 0.16695
0.40859 -0.15182 0.16448
0.41019 -0.15237 0.16211
0.41186 -0.15321 0.15987
0.41377 -0.15379 0.15774
0.4156 -0.15416 0.1555
0.31743 -0.11924 0.28954
0.31879 -0.11779 0.28701
0.3175 -0.11717 0.28956
0.31886 -0.11987 0.28708
0.32013 -0.11882 0.28463
0.32034 -0.12089 0.28479
0.32161 -0.1202 0.28252
0.32161 -0.12231 0.28256
0.32295 -0.12164 0.28032
0.32322 -0.12374 0.28053
0.3248 -0.12316 0.27859
0.32513 -0.12526 0.27887
0.32676 -0.12494 0.2773
0.3272 -0.12701 0.27771
0.3289 -0.12626 0.27587
0.33114 -0.12647 0.27406
0.33317 -0.12606 0.27199
0.33453 -0.12553 0.26946
0.33587 -0.12494 0.26695
0.33722 -0.12461 0.26438
0.33861 -0.12426 0.26184
0.34043 -0.12418 0.25957
0.34253 -0.1243 0.2575
0.34399 -0.12373 0.25499
0.34531 -0.12319 0.25246
0.34704 -0.12344 0.25013
0.34868 -0.12416 0.24783
0.35042 -0.12498 0.2456
0.35176 -0.12533 0.24299
0.35281 -0.12574 0.24024
0.35298 -0.12631 0.23734
0.35333 -0.12707 0.23455
0.35479 -0.12775 0.2321
0.35548 -0.12849 0.22933
0.3566 -0.1291 0.22669
0.35813 -0.12973 0.22428
0.35984 -0.13006 0.22193
0.36132 -0.13023 0.21942
0.36265 -0.13045 0.21683
0.36437 -0.1312 0.21459
0.36595 -0.1323 0.21238
0.36763 -0.13329 0.21022
0.36943 -0.13388 0.20799
0.3714 -0.13422 0.20587
0.37333 -0.13501 0.20382
0.37479 -0.13614 0.20159
0.37628 -0.13693 0.19916
0.37848 -0.13769 0.19731
0.38085 -0.13835 0.19571
0.38315 -0.13891 0.19401
0.38503 -0.13949 0.19184
0.38692 -0.14032 0.18979
0.38899 -0.14132 0.18799
0.3908 -0.14239 0.18598
0.3927 -0.14321 0.18396
0.39463 -0.14418 0.182
0.39627 -0.14502 0.17976
0.39784 -0.14582 0.17744
0.39966 -0.1465 0.17526
0.40166 -0.14709 0.17324
0.40369 -0.14797 0.17134
0.40546 -0.14891 0.16922
0.40702 -0.14928 0.1668
0.4087 -0.14928 0.16441
0.41055 -0.14985 0.16222
0.41264 -0.1508 0.1604
0.41465 -0.1514 0.15834
0.41622 -0.15167 0.15587
0.41773 -0.15194 0.15339
0.31642 -0.11634 0.29216
0.31759 -0.1151 0.28966
0.31664 -0.11431 0.29232
0.31881 -0.11571 0.28706
0.32005 -0.11673 0.28462
0.3213 -0.11813 0.28237
0.32267 -0.11956 0.28019
0.32441 -0.12109 0.27835
0.32632 -0.12287 0.27697
0.32843 -0.12418 0.27549
0.33073 -0.12437 0.27373
0.33261 -0.124 0.27153
0.33401 -0.12345 0.26903
0.33548 -0.12282 0.26659
0.33692 -0.12247 0.26407
0.33863 -0.12208 0.26174
0.3406 -0.12199 0.25958
0.3424 -0.12209 0.25726
0.34379 -0.12154 0.25473
0.3454 -0.12098 0.25239
0.34707 -0.12121 0.25001
0.34891 -0.12191 0.24786
0.35076 -0.12271 0.2457
0.35218 -0.12306 0.24306
0.35297 -0.1234 0.24016
0.35264 -0.12407 0.23726
0.35323 -0.12478 0.2345
0.35426 -0.12548 0.23191
0.35558 -0.12618 0.22939
0.35628 -0.12685 0.22659
0.35786 -0.12746 0.22419
0.35961 -0.12776 0.22187
0.36123 -0.1279 0.21943
0.36232 -0.12815 0.21671
0.36399 -0.12891 0.21441
0.36619 -0.12995 0.21272
0.36767 -0.13095 0.21038
0.36932 -0.13152 0.20804
0.37136 -0.13185 0.20595
0.37315 -0.13264 0.20379
0.37483 -0.13375 0.20169
0.37618 -0.13448 0.19918
0.37794 -0.13535 0.19696
0.38021 -0.13608 0.19521
0.38243 -0.13667 0.19342
0.38453 -0.13715 0.19146
0.38639 -0.13798 0.18937
0.38828 -0.13904 0.18742
0.39011 -0.14009 0.18541
0.39223 -0.14082 0.18355
0.39427 -0.14174 0.18168
0.39596 -0.14256 0.17946
0.39748 -0.14339 0.17708
0.39965 -0.14399 0.17519
0.40146 -0.14461 0.17299
0.40346 -0.14547 0.17105
0.40531 -0.1464 0.16899
0.4071 -0.14675 0.16673
0.40887 -0.14675 0.1644
0.41082 -0.14733 0.1623
0.41287 -0.14823 0.16043
0.41485 -0.14879 0.15835
0.41643 -0.14909 0.1559
0.41808 -0.14937 0.15351
0.31492 -0.11266 0.29765
0.31628 -0.11149 0.29504
0.31499 -0.11063 0.29752
0.31599 -0.11351 0.29507
0.31688 -0.11227 0.29227
0.3179 -0.11306 0.28962
0.31915 -0.11366 0.28704
0.32019 -0.11465 0.28449
0.32125 -0.11604 0.28213
0.32249 -0.11747 0.27987
0.32411 -0.11902 0.27794
0.32599 -0.1208 0.27652
0.32814 -0.1221 0.27505
0.33042 -0.12228 0.27324
0.3322 -0.12195 0.27095
0.33379 -0.12133 0.26857
0.33537 -0.12066 0.2662
0.33683 -0.12032 0.26368
0.33881 -0.11988 0.26156
0.34061 -0.11981 0.25925
0.3423 -0.11992 0.25684
0.34388 -0.11936 0.25445
0.3456 -0.11878 0.25217
0.34726 -0.11899 0.24978
0.34913 -0.11967 0.24763
0.35085 -0.12043 0.24533
0.35229 -0.12073 0.24265
0.3524 -0.12117 0.2396
0.35147 -0.12218 0.23686
0.35206 -0.12285 0.23401
0.35307 -0.12357 0.23133
0.35467 -0.12409 0.22892
0.356 -0.1246 0.22636
0.35757 -0.1252 0.22396
0.35928 -0.1255 0.2216
0.36082 -0.12564 0.21911
0.36211 -0.12584 0.21649
0.36375 -0.12659 0.21417
0.36587 -0.12763 0.21239
0.36811 -0.12854 0.21064
0.36964 -0.12911 0.20819
0.37099 -0.12955 0.20559
0.37281 -0.13033 0.20343
0.37472 -0.13138 0.20148
0.37651 -0.13208 0.19928
0.37786 -0.13292 0.19678
0.37976 -0.13374 0.19465
0.38214 -0.1343 0.19299
0.38443 -0.13473 0.1912
0.38635 -0.13554 0.18914
0.38817 -0.13662 0.18712
0.38984 -0.13767 0.18495
0.39179 -0.13846 0.18292
0.39389 -0.13935 0.1811
0.3957 -0.14014 0.17896
0.39729 -0.14095 0.17663
0.39923 -0.14161 0.17454
0.40101 -0.14226 0.17229
0.40321 -0.14303 0.17051
0.40526 -0.14391 0.16862
0.40708 -0.14425 0.16637
0.40905 -0.14423 0.16419
0.41112 -0.1448 0.1622
0.41291 -0.14569 0.16007
0.41458 -0.14626 0.15775
0.4163 -0.14654 0.15542
0.41793 -0.14682 0.15299
0.41987 -0.14961 0.15121
0.41977 -0.14703 0.15071
0.31218 -0.10904 0.3024
0.31382 -0.10774 0.29994
0.31246 -0.10704 0.30245
0.3136 -0.10976 0.29994
0.31519 -0.10859 0.2975
0.31642 -0.10945 0.29498
0.31734 -0.11026 0.29232
0.31813 -0.11101 0.28959
0.31912 -0.1116 0.28688
0.3202 -0.11258 0.28433
0.32144 -0.11394 0.28204
0.3224 -0.11535 0.27963
0.32387 -0.11693 0.27757
0.32568 -0.11873 0.27606
0.32781 -0.12002 0.27456
0.33005 -0.12022 0.27269
0.33184 -0.11988 0.27039
0.33353 -0.11922 0.26808
0.335 -0.11858 0.26563
0.33671 -0.11817 0.26328
0.33854 -0.11776 0.26102
0.34041 -0.11767 0.25876
0.34226 -0.11777 0.25649
0.34408 -0.11718 0.25425
0.34578 -0.11659 0.25193
0.3474 -0.11678 0.24949
0.34924 -0.11742 0.2473
0.35103 -0.11816 0.24496
0.35167 -0.11859 0.24192
0.35114 -0.1193 0.23902
0.34997 -0.1205 0.23636
0.35081 -0.121 0.23339
0.35217 -0.12153 0.23077
0.35384 -0.12202 0.22838
0.35585 -0.12233 0.22622
0.3573 -0.12294 0.22374
0.35885 -0.12327 0.22127
0.36053 -0.12336 0.21885
0.36189 -0.12354 0.21626
0.36359 -0.12428 0.21398
0.36548 -0.12536 0.21199
0.36745 -0.1263 0.21003
0.36901 -0.12688 0.2076
0.37052 -0.12729 0.20511
0.37244 -0.12803 0.203
0.37442 -0.12905 0.2011
0.37643 -0.12971 0.19907
0.37805 -0.13052 0.19676
0.37988 -0.13131 0.19459
0.38192 -0.13193 0.19256
0.38406 -0.1324 0.19061
0.3862 -0.13315 0.18876
0.38834 -0.13419 0.18702
0.39023 -0.13521 0.18502
0.39183 -0.13599 0.18269
0.39363 -0.13694 0.1806
0.39542 -0.13773 0.17843
0.39717 -0.13849 0.1762
0.39879 -0.13922 0.17386
0.4006 -0.13986 0.17162
0.40278 -0.14065 0.1698
0.40498 -0.14148 0.16803
0.407 -0.14177 0.16594
0.40909 -0.14172 0.16388
0.41122 -0.14227 0.16196
0.41293 -0.14313 0.15974
0.41472 -0.14367 0.15749
0.41638 -0.14395 0.15511
0.41794 -0.14422 0.15262
0.41976 -0.14442 0.15029
0.31071 -0.10666 0.30477
0.31269 -0.10503 0.3025
0.31071 -0.10465 0.30464
0.31416 -0.10574 0.30005
0.3156 -0.10659 0.29765
0.31671 -0.10742 0.29506
0.31773 -0.10824 0.29243
0.31859 -0.10899 0.28973
0.31929 -0.10952 0.28691
0.32023 -0.1105 0.28428
0.32159 -0.11185 0.28203
0.32251 -0.11324 0.2796
0.3237 -0.1148 0.27738
0.32535 -0.11663 0.27571
0.32745 -0.11794 0.27415
0.3296 -0.11817 0.27218
0.33148 -0.11778 0.26996
0.33307 -0.11715 0.26757
0.33464 -0.11647 0.26518
0.33643 -0.11604 0.26289
0.3382 -0.11564 0.26058
0.34012 -0.11555 0.25837
0.34216 -0.11559 0.25626
0.34428 -0.11496 0.25426
0.34586 -0.11436 0.2518
0.34745 -0.11454 0.24932
0.34906 -0.11517 0.24696
0.35092 -0.11584 0.24455
0.35097 -0.11647 0.24138
0.34988 -0.11744 0.23869
0.34891 -0.11845 0.23582
0.35019 -0.1188 0.23295
0.35165 -0.11932 0.23039
0.35346 -0.11978 0.22808
0.35559 -0.12007 0.22601
0.35691 -0.12071 0.22345
0.35844 -0.12103 0.22096
0.36012 -0.12111 0.21855
0.36164 -0.12124 0.21604
0.36342 -0.12196 0.21381
0.36521 -0.12306 0.21174
0.36697 -0.12405 0.20961
0.36862 -0.12459 0.20724
0.37032 -0.12494 0.20488
0.37227 -0.12567 0.2028
0.37405 -0.12672 0.20071
0.37626 -0.12734 0.19886
0.37821 -0.12813 0.19682
0.38007 -0.1289 0.19468
0.38171 -0.12954 0.19231
0.38373 -0.13003 0.19021
0.38608 -0.13074 0.18858
0.38832 -0.13174 0.18695
0.39045 -0.13272 0.18513
0.39172 -0.13355 0.18255
0.39331 -0.13451 0.18028
0.3951 -0.13529 0.1781
0.39701 -0.13602 0.17599
0.39878 -0.1367 0.17375
0.40051 -0.13731 0.17146
0.40239 -0.13818 0.16936
0.40462 -0.13901 0.1676
0.40678 -0.13927 0.16564
0.40897 -0.1392 0.16368
0.4113 -0.13971 0.16198
0.41313 -0.14057 0.15984
0.41498 -0.1411 0.15763
0.41648 -0.14134 0.15512
0.41814 -0.14158 0.15268
0.42014 -0.14178 0.15051
0.42201 -0.14224 0.14831
0.30873 -0.10441 0.30681
0.31074 -0.10261 0.30464
0.31281 -0.10301 0.30259
0.31455 -0.10376 0.30034
0.31594 -0.1046 0.2979
0.317 -0.10541 0.29528
0.31771 -0.10619 0.29253
0.31883 -0.10695 0.28992
0.31963 -0.10749 0.28714
0.32026 -0.10841 0.28441
0.32144 -0.10976 0.28207
0.32245 -0.11113 0.27966
0.32367 -0.11266 0.27745
0.32514 -0.11448 0.27564
0.3271 -0.11582 0.27393
0.3292 -0.11606 0.27192
0.33107 -0.11567 0.26968
0.33269 -0.11502 0.26732
0.33431 -0.11432 0.26498
0.33602 -0.11391 0.26262
0.33782 -0.1135 0.26034
0.33981 -0.11338 0.2582
0.34196 -0.11338 0.2562
0.34404 -0.1127 0.2542
0.34579 -0.11211 0.25184
0.34729 -0.11231 0.24923
0.34864 -0.11296 0.24668
0.35014 -0.11364 0.2441
0.35 -0.11442 0.24102
0.3486 -0.11554 0.23845
0.34837 -0.11621 0.23541
0.34976 -0.11659 0.23268
0.35125 -0.1171 0.23017
0.35291 -0.11762 0.22778
0.35484 -0.11795 0.22557
0.35651 -0.11847 0.22322
0.35805 -0.11877 0.22073
0.35969 -0.11885 0.21829
0.36131 -0.11895 0.21585
0.36312 -0.11965 0.21364
0.36495 -0.12073 0.2116
0.36645 -0.12178 0.2093
0.36823 -0.12229 0.20702
0.36998 -0.12261 0.20467
0.37221 -0.12329 0.20286
0.37396 -0.12434 0.20074
0.37608 -0.12496 0.1988
0.37808 -0.12574 0.19681
0.37989 -0.12651 0.19462
0.38156 -0.12713 0.19228
0.38346 -0.12764 0.19009
0.38582 -0.12831 0.18846
0.38791 -0.12933 0.18665
0.38983 -0.13033 0.18466
0.39136 -0.13113 0.1823
0.39289 -0.13209 0.17998
0.39485 -0.13282 0.17792
0.3968 -0.13354 0.17585
0.39881 -0.1342 0.17382
0.40055 -0.13478 0.17154
0.4023 -0.13562 0.16933
0.40439 -0.1365 0.16743
0.40641 -0.13678 0.16533
0.40858 -0.13671 0.16333
0.41094 -0.1372 0.16166
0.41334 -0.13802 0.16015
0.41532 -0.13857 0.15803
0.41677 -0.13876 0.15547
0.4187 -0.13907 0.15324
0.42102 -0.13941 0.15142
0.42259 -0.13973 0.14892
0.42334 -0.14013 0.14607
0.31102 -0.1006 0.30478
0.3129 -0.10098 0.30256
0.31477 -0.10174 0.30042
0.31631 -0.1026 0.29807
0.31715 -0.10337 0.29536
0.31777 -0.10414 0.29258
0.31874 -0.10489 0.2899
0.31979 -0.10543 0.28721
0.32044 -0.10634 0.2845
0.32147 -0.10767 0.28207
0.32248 -0.10901 0.27966
0.32372 -0.11053 0.27747
0.32512 -0.11234 0.27562
0.32701 -0.11367 0.27383
0.32901 -0.11392 0.27171
0.33081 -0.11353 0.26943
0.33253 -0.11285 0.26714
0.33405 -0.11217 0.26472
0.33566 -0.11177 0.26231
0.33737 -0.11138 0.25996
0.33935 -0.11125 0.25782
0.34155 -0.11122 0.25589
0.34353 -0.11058 0.25382
0.34573 -0.1099 0.25183
0.34719 -0.11011 0.24912
0.3482 -0.11081 0.24637
0.34908 -0.11168 0.24361
0.34863 -0.11261 0.24072
0.34744 -0.11357 0.23799
0.34804 -0.11396 0.23495
0.34939 -0.11438 0.23229
0.35084 -0.1149 0.22977
0.35248 -0.11542 0.22737
0.35423 -0.11581 0.22504
0.35599 -0.11629 0.22274
0.35763 -0.11655 0.22031
0.3593 -0.1166 0.2179
0.36105 -0.11666 0.21555
0.36262 -0.1174 0.21319
0.36427 -0.11854 0.21102
0.36596 -0.11954 0.20884
0.36775 -0.12002 0.20656
0.36986 -0.12026 0.20451
0.37184 -0.12097 0.20247
0.37385 -0.12196 0.20059
0.37573 -0.12262 0.19844
0.37771 -0.1234 0.19642
0.37951 -0.12416 0.19423
0.38123 -0.12477 0.19193
0.3831 -0.12527 0.18971
0.38521 -0.12603 0.18782
0.38718 -0.12709 0.18594
0.38903 -0.12811 0.18391
0.39077 -0.12881 0.18168
0.39254 -0.12969 0.1795
0.39464 -0.13037 0.17757
0.39676 -0.13105 0.17565
0.39902 -0.13171 0.17389
0.40101 -0.13231 0.17185
0.40246 -0.13311 0.16942
0.40436 -0.13398 0.16732
0.40643 -0.13424 0.16526
0.40849 -0.13417 0.16318
0.41073 -0.13468 0.1614
0.41326 -0.13543 0.16009
0.41579 -0.13601 0.15855
0.41743 -0.1363 0.15604
0.41915 -0.13655 0.15368
0.42165 -0.1369 0.15201
0.42346 -0.13726 0.14956
0.42366 -0.13753 0.14648
0.31147 -0.09864 0.3051
0.31311 -0.09897 0.30268
0.31478 -0.09971 0.30038
0.31653 -0.10054 0.29812
0.31741 -0.10133 0.29539
0.3179 -0.1021 0.29257
0.31887 -0.10284 0.28989
0.3198 -0.10336 0.28715
0.32071 -0.10428 0.28452
0.32163 -0.10558 0.28204
0.32264 -0.10691 0.27961
0.3238 -0.10841 0.27737
0.32518 -0.1102 0.2755
0.32703 -0.11151 0.27366
0.32895 -0.11176 0.27145
0.33073 -0.11137 0.26915
0.33248 -0.11067 0.26688
0.33381 -0.11002 0.26433
0.33523 -0.10968 0.26178
0.33684 -0.10934 0.25936
0.33889 -0.10917 0.2573
0.34115 -0.10911 0.25546
0.3434 -0.1084 0.25369
0.34557 -0.1077 0.25166
0.34743 -0.10786 0.24906
0.34779 -0.10863 0.24603
0.34806 -0.10972 0.24326
0.34758 -0.11064 0.24045
0.34695 -0.11132 0.23752
0.34785 -0.11169 0.23463
0.34906 -0.11215 0.23195
0.35047 -0.11269 0.22941
0.35205 -0.11322 0.22696
0.35383 -0.1136 0.22465
0.35558 -0.11407 0.22233
0.35728 -0.1143 0.21994
0.35901 -0.11433 0.21756
0.36073 -0.11438 0.21519
0.36226 -0.11513 0.2128
0.3638 -0.1163 0.21056
0.36556 -0.11727 0.20841
0.36751 -0.1177 0.20625
0.36967 -0.11792 0.20426
0.37169 -0.11861 0.20226
0.37353 -0.11963 0.20021
0.37524 -0.12032 0.19792
0.37727 -0.12109 0.19593
0.3791 -0.12184 0.19376
0.38104 -0.12238 0.19161
0.38275 -0.12292 0.18927
0.38461 -0.12375 0.18717
0.38663 -0.1248 0.18531
0.38846 -0.12581 0.18326
0.3903 -0.12646 0.18108
0.39221 -0.12728 0.179
0.3944 -0.12793 0.17715
0.39673 -0.12857 0.17546
0.3993 -0.12916 0.17406
0.40155 -0.12974 0.17214
0.40296 -0.13058 0.16962
0.40408 -0.13151 0.167
0.40587 -0.13184 0.16468
0.40777 -0.13184 0.16243
0.41016 -0.13227 0.1608
0.41281 -0.1329 0.15968
0.41543 -0.13334 0.15831
0.41773 -0.13365 0.15642
0.41961 -0.13401 0.15416
0.42192 -0.13424 0.15227
0.42372 -0.13458 0.14979
0.4241 -0.13493 0.14677
0.424 -0.13547 0.14372
0.31183 -0.09667 0.30536
0.3133 -0.09696 0.30283
0.31464 -0.09768 0.30031
0.31599 -0.09856 0.29784
0.31697 -0.09933 0.29517
0.31777 -0.10007 0.29242
0.31884 -0.10078 0.28977
0.3199 -0.1013 0.28707
0.32086 -0.1022 0.28445
0.32176 -0.10349 0.28195
0.32277 -0.10481 0.27952
0.32387 -0.10629 0.27722
0.32522 -0.10807 0.2753
0.32685 -0.1094 0.27327
0.32873 -0.10965 0.27103
0.33059 -0.10923 0.26878
0.33221 -0.10853 0.26639
0.33337 -0.10794 0.26374
0.33471 -0.10766 0.26113
0.33628 -0.10734 0.25868
0.33838 -0.10714 0.25666
0.34084 -0.10697 0.25509
0.34326 -0.10615 0.25353
0.34563 -0.10534 0.2516
0.34769 -0.10532 0.24882
0.34739 -0.10635 0.2456
0.34727 -0.10764 0.24291
0.3465 -0.10863 0.24011
0.34684 -0.10904 0.23715
0.34773 -0.10943 0.23433
0.34889 -0.1099 0.23163
0.35026 -0.11044 0.22906
0.35177 -0.11099 0.22658
0.35341 -0.11141 0.22416
0.3552 -0.11187 0.22186
0.35698 -0.11206 0.21951
0.35882 -0.11205 0.21721
0.36038 -0.11212 0.21472
0.36191 -0.11287 0.21232
0.36338 -0.11406 0.21005
0.36516 -0.11502 0.20791
0.36711 -0.11544 0.20574
0.36942 -0.11559 0.20391
0.37166 -0.11623 0.20211
0.37346 -0.11726 0.19999
0.37516 -0.11793 0.19769
0.37706 -0.11873 0.19559
0.37881 -0.11949 0.19333
0.38065 -0.12005 0.19111
0.38253 -0.12053 0.18889
0.38446 -0.12134 0.18683
0.38646 -0.12238 0.18495
0.38828 -0.12338 0.18286
0.3901 -0.12402 0.18065
0.39189 -0.12486 0.17845
0.39417 -0.1255 0.17667
0.39647 -0.12615 0.17495
0.39871 -0.12682 0.17317
0.40075 -0.12742 0.17114
0.40249 -0.12818 0.1689
0.40402 -0.12902 0.16654
0.40553 -0.12941 0.16405
0.40721 -0.1295 0.1616
0.40938 -0.13009 0.15967
0.41206 -0.1307 0.15851
0.41467 -0.13106 0.15719
0.41706 -0.13123 0.15548
0.41958 -0.13139 0.15394
0.42189 -0.13158 0.15203
0.42376 -0.13189 0.1496
0.42437 -0.1323 0.14664
0.42401 -0.13284 0.14353
0.31219 -0.09471 0.3057
0.31343 -0.09495 0.30304
0.31469 -0.09566 0.30047
0.3157 -0.09653 0.29784
0.31663 -0.0973 0.29515
0.31764 -0.09802 0.29246
0.31886 -0.09872 0.28987
0.32 -0.09924 0.2872
0.32093 -0.10013 0.28455
0.32189 -0.1014 0.28207
0.32286 -0.1027 0.2796
0.32392 -0.10416 0.27727
0.32511 -0.10593 0.27523
0.32676 -0.10725 0.27319
0.32861 -0.10749 0.27092
0.33032 -0.10709 0.26854
0.33163 -0.10647 0.26596
0.33282 -0.10587 0.26333
0.33417 -0.10559 0.26073
0.33564 -0.10531 0.25819
0.33783 -0.10507 0.25626
0.34032 -0.10482 0.25474
0.34261 -0.10393 0.25307
0.34495 -0.10297 0.25108
0.34664 -0.10302 0.24807
0.34595 -0.10453 0.24511
0.34582 -0.10586 0.24245
0.34595 -0.10648 0.23952
0.3469 -0.10679 0.2367
0.34769 -0.10721 0.23388
0.34873 -0.1077 0.23114
0.35022 -0.10822 0.22862
0.3516 -0.10879 0.22607
0.35312 -0.10923 0.22358
0.35495 -0.10967 0.22129
0.35677 -0.10984 0.21898
0.35868 -0.10979 0.21673
0.36032 -0.10984 0.21427
0.36167 -0.11062 0.21177
0.36301 -0.11183 0.20944
0.36453 -0.11288 0.20712
0.36656 -0.11328 0.20498
0.36909 -0.11331 0.20339
0.37154 -0.11385 0.20176
0.37311 -0.11496 0.19945
0.3751 -0.11557 0.19736
0.37696 -0.11637 0.19521
0.37873 -0.11711 0.19297
0.38055 -0.11767 0.19073
0.38225 -0.11818 0.18837
0.38429 -0.11896 0.18638
0.38634 -0.11999 0.18453
0.38841 -0.12094 0.18266
0.39028 -0.12156 0.18047
0.39197 -0.12237 0.17817
0.39422 -0.12303 0.17637
0.39639 -0.1237 0.17451
0.39837 -0.12445 0.17246
0.4004 -0.12505 0.17041
0.40227 -0.12576 0.16824
0.40393 -0.12657 0.16596
0.40547 -0.12694 0.16349
0.40681 -0.12711 0.16082
0.40898 -0.12769 0.15885
0.41133 -0.12855 0.15724
0.41391 -0.12896 0.15582
0.41664 -0.1288 0.15468
0.41945 -0.12881 0.15364
0.42172 -0.12899 0.15166
0.42336 -0.12931 0.14915
0.4243 -0.12968 0.14634
0.42409 -0.13022 0.14326
0.42541 -0.13075 0.14053
0.3122 -0.09269 0.30586
0.31342 -0.09294 0.30318
0.31472 -0.09364 0.30063
0.31583 -0.0945 0.29804
0.31657 -0.09525 0.29528
0.31756 -0.09597 0.29259
0.31863 -0.09667 0.28993
0.31989 -0.09718 0.28731
0.32095 -0.09806 0.28472
0.32192 -0.09932 0.28224
0.32304 -0.10061 0.27983
0.32407 -0.10205 0.27748
0.32515 -0.10379 0.27536
0.32664 -0.1051 0.2732
0.32855 -0.10532 0.27098
0.33001 -0.10494 0.26842
0.33116 -0.10437 0.26577
0.33237 -0.10375 0.26316
0.33367 -0.10347 0.26054
0.33522 -0.10317 0.25807
0.33712 -0.10304 0.25584
0.33945 -0.10285 0.25408
0.34153 -0.10211 0.25212
0.34361 -0.10132 0.24994
0.34481 -0.10171 0.24699
0.34426 -0.10316 0.2442
0.34491 -0.10405 0.24141
0.34601 -0.10437 0.23866
0.34712 -0.10467 0.23595
0.34783 -0.10508 0.23312
0.34866 -0.1056 0.23032
0.35012 -0.10612 0.2278
0.35153 -0.10668 0.22527
0.35294 -0.10714 0.22272
0.35466 -0.10761 0.22036
0.35653 -0.10775 0.21808
0.35857 -0.10762 0.21595
0.36041 -0.1076 0.21363
0.36166 -0.1084 0.21107
0.36295 -0.10962 0.20871
0.36448 -0.11064 0.2064
0.36651 -0.11104 0.20427
0.36884 -0.11115 0.20246
0.37122 -0.1117 0.20078
0.373 -0.11274 0.19865
0.37504 -0.11331 0.19659
0.37709 -0.11406 0.1946
0.37886 -0.1148 0.19235
0.38072 -0.11534 0.19014
0.38234 -0.11585 0.18773
0.38425 -0.11665 0.18563
0.38647 -0.11764 0.18394
0.38868 -0.11854 0.18221
0.39061 -0.11915 0.18008
0.39244 -0.11995 0.1779
0.3945 -0.12061 0.17592
0.39658 -0.12128 0.17396
0.39844 -0.12204 0.1718
0.40033 -0.12267 0.16962
0.40227 -0.12336 0.16752
0.4039 -0.12417 0.16521
0.40511 -0.1246 0.16257
0.40659 -0.12471 0.15994
0.40882 -0.12526 0.158
0.41122 -0.12607 0.15643
0.41377 -0.12648 0.15498
0.41653 -0.12633 0.15393
0.41939 -0.12628 0.15309
0.4219 -0.12643 0.15139
0.42361 -0.12676 0.1489
0.42452 -0.1271 0.14605
0.42425 -0.1276 0.143
0.42544 -0.12816 0.14022
0.31232 -0.09068 0.30608
0.31344 -0.09091 0.30335
0.31455 -0.09161 0.30071
0.31557 -0.09247 0.2981
0.31653 -0.09321 0.29541
0.31751 -0.09392 0.29271
0.31851 -0.09462 0.29003
0.31975 -0.09512 0.2874
0.32093 -0.09598 0.28486
0.32195 -0.09723 0.28239
0.32309 -0.0985 0.27999
0.32423 -0.09994 0.27768
0.32536 -0.10167 0.27559
0.32669 -0.10295 0.27333
0.32834 -0.10317 0.27091
0.32966 -0.10281 0.26829
0.33087 -0.10222 0.26567
0.33194 -0.10163 0.263
0.3332 -0.10135 0.26036
0.33493 -0.10099 0.25802
0.33652 -0.10095 0.25554
0.33842 -0.10105 0.25333
0.34037 -0.10046 0.25121
0.34229 -0.09987 0.24889
0.34314 -0.10053 0.24599
0.34352 -0.10128 0.24314
0.34467 -0.10197 0.24049
0.34603 -0.10224 0.23789
0.34738 -0.10252 0.23528
0.34795 -0.10293 0.23241
0.3484 -0.1035 0.22952
0.34982 -0.10405 0.22695
0.35121 -0.1046 0.22442
0.35268 -0.10503 0.2219
0.35428 -0.10554 0.21946
0.35623 -0.10563 0.21725
0.35836 -0.10543 0.21521
0.3602 -0.1054 0.21289
0.36169 -0.10615 0.21045
0.36303 -0.10736 0.2081
0.36462 -0.10837 0.20584
0.36658 -0.10876 0.20366
0.36878 -0.10892 0.2017
0.37088 -0.10959 0.19975
0.37294 -0.11049 0.19786
0.37495 -0.11106 0.19578
0.37708 -0.11177 0.19386
0.37882 -0.11253 0.19159
0.38067 -0.11305 0.18936
0.38243 -0.11353 0.18705
0.3844 -0.11431 0.185
0.3867 -0.11527 0.18341
0.38878 -0.11618 0.18155
0.3907 -0.11678 0.1794
0.39282 -0.11753 0.1775
0.39475 -0.11819 0.1754
0.39655 -0.11891 0.17318
0.39859 -0.11963 0.17117
0.40042 -0.12026 0.16896
0.40238 -0.12094 0.16686
0.4039 -0.12176 0.16448
0.40507 -0.12215 0.16178
0.40685 -0.12219 0.15935
0.40913 -0.12274 0.15749
0.41145 -0.12355 0.15583
0.41401 -0.12395 0.1544
0.41676 -0.12381 0.15334
0.41956 -0.12378 0.15239
0.4224 -0.12383 0.1512
0.42439 -0.1242 0.14872
0.42487 -0.1245 0.14567
0.42444 -0.125 0.14268
0.425 -0.12569 0.1397
0.4272 -0.12874 0.1378
0.42699 -0.12625 0.13737
0.3126 -0.08868 0.30635
0.31361 -0.0889 0.30357
0.3146 -0.08958 0.30088
0.31551 -0.09044 0.29821
0.31641 -0.09117 0.29549
0.31741 -0.09187 0.2928
0.31858 -0.09255 0.29018
0.31963 -0.09305 0.28746
0.32085 -0.09391 0.28492
0.32206 -0.09513 0.28252
0.3231 -0.09639 0.28007
0.32432 -0.09781 0.27778
0.3255 -0.09953 0.2757
0.3268 -0.10079 0.2734
0.32823 -0.10102 0.27085
0.32951 -0.10066 0.26821
0.33072 -0.10007 0.26558
0.33183 -0.09947 0.26291
0.33288 -0.09921 0.26017
0.33432 -0.09891 0.25762
0.33576 -0.09895 0.25505
0.33751 -0.09917 0.25272
0.33933 -0.09873 0.25043
0.34105 -0.09836 0.248
0.3421 -0.09874 0.24521
0.34311 -0.09916 0.24247
0.34436 -0.09983 0.23988
0.34584 -0.10006 0.23734
0.34743 -0.10029 0.23483
0.34831 -0.10069 0.23198
0.34814 -0.10133 0.22903
0.34929 -0.10193 0.22634
0.35073 -0.10247 0.22381
0.35223 -0.10288 0.2213
0.35388 -0.10336 0.21889
0.35576 -0.10347 0.21661
0.35772 -0.10335 0.21441
0.35969 -0.10322 0.21221
0.36153 -0.10386 0.20997
0.36307 -0.10505 0.20772
0.36473 -0.10605 0.20552
0.36667 -0.10643 0.20333
0.36862 -0.10664 0.20113
0.37053 -0.10737 0.199
0.37243 -0.10833 0.19696
0.3745 -0.10887 0.19493
0.37661 -0.10957 0.19299
0.37862 -0.11022 0.19094
0.38047 -0.11074 0.18869
0.38236 -0.11118 0.18647
0.38437 -0.11195 0.18444
0.38666 -0.1129 0.18282
0.38875 -0.1138 0.18097
0.3907 -0.11438 0.17885
0.39285 -0.11511 0.17697
0.39495 -0.11574 0.17502
0.39697 -0.11642 0.17296
0.39868 -0.11719 0.17067
0.40043 -0.11782 0.16839
0.40232 -0.1185 0.16623
0.40408 -0.11929 0.164
0.40551 -0.11965 0.16145
0.40734 -0.11969 0.15909
0.40965 -0.12024 0.1573
0.41189 -0.12103 0.15554
0.41439 -0.12142 0.15402
0.41709 -0.12129 0.15285
0.41988 -0.12124 0.15182
0.42273 -0.12117 0.15054
0.42466 -0.12152 0.14795
0.42506 -0.12192 0.14484
0.42436 -0.12252 0.14191
0.4244 -0.12337 0.13888
0.42619 -0.12404 0.13637
0.31296 -0.08671 0.30668
0.31395 -0.08692 0.30391
0.31485 -0.08758 0.30117
0.31567 -0.08842 0.29846
0.31641 -0.08913 0.29569
0.31724 -0.08983 0.29293
0.31848 -0.0905 0.29033
0.31948 -0.091 0.28759
0.32062 -0.09184 0.285
0.32182 -0.09305 0.28258
0.32292 -0.0943 0.28014
0.3242 -0.09569 0.27786
0.3254 -0.09738 0.27575
0.3267 -0.09863 0.27344
0.32822 -0.09886 0.27094
0.32969 -0.0985 0.26839
0.33083 -0.09791 0.26571
0.33185 -0.0973 0.26299
0.33277 -0.09704 0.26019
0.33365 -0.09685 0.25738
0.33498 -0.09694 0.25476
0.33677 -0.09714 0.25244
0.33844 -0.0968 0.25002
0.34004 -0.0965 0.24752
0.34127 -0.09672 0.24481
0.3425 -0.09703 0.24214
0.34378 -0.09768 0.23956
0.34533 -0.09788 0.23705
0.34714 -0.098 0.23464
0.34806 -0.09835 0.23171
0.34753 -0.09921 0.22878
0.34858 -0.09981 0.22604
0.34995 -0.10036 0.22347
0.35158 -0.10072 0.22102
0.35333 -0.10115 0.21867
0.35514 -0.10127 0.21634
0.35697 -0.1012 0.21402
0.35881 -0.10112 0.21171
0.36083 -0.10166 0.20961
0.36271 -0.10275 0.20758
0.36458 -0.1037 0.20552
0.36638 -0.1041 0.20321
0.36811 -0.10435 0.20081
0.37021 -0.10503 0.19883
0.37208 -0.10598 0.19677
0.37402 -0.10655 0.19462
0.37611 -0.10726 0.19266
0.37813 -0.1079 0.1906
0.38006 -0.10838 0.18841
0.38194 -0.10882 0.18615
0.38408 -0.10955 0.18425
0.38637 -0.11049 0.18263
0.38841 -0.11139 0.18071
0.39035 -0.11195 0.17857
0.39235 -0.11271 0.17655
0.39453 -0.1133 0.17467
0.39674 -0.11392 0.17277
0.3984 -0.11472 0.17043
0.4001 -0.11536 0.16811
0.4021 -0.116 0.16604
0.40423 -0.11673 0.16407
0.40583 -0.11713 0.1616
0.40749 -0.11716 0.15916
0.40966 -0.11769 0.15723
0.41189 -0.11847 0.15546
0.41419 -0.1189 0.15367
0.41676 -0.11881 0.1522
0.41948 -0.11876 0.15098
0.42208 -0.11874 0.14937
0.42412 -0.11895 0.14695
0.4248 -0.11935 0.14384
0.42374 -0.12017 0.14095
0.42346 -0.12112 0.13793
0.42508 -0.12189 0.13528
0.42861 -0.12435 0.13457
0.42731 -0.12243 0.13326
0.31337 -0.08475 0.30701
0.31439 -0.08497 0.30425
0.31523 -0.08561 0.30149
0.31592 -0.08641 0.29873
0.31647 -0.0871 0.2959
0.31711 -0.08778 0.29308
0.31812 -0.08846 0.29039
0.31912 -0.08896 0.28765
0.32033 -0.08979 0.28508
0.32163 -0.09097 0.2827
0.32268 -0.0922 0.28021
0.32396 -0.09358 0.27793
0.32524 -0.09525 0.27585
0.32655 -0.09648 0.27353
0.32805 -0.0967 0.27102
0.32957 -0.09632 0.26851
0.33096 -0.09574 0.26594
0.33203 -0.09515 0.26321
0.33262 -0.09487 0.2603
0.33312 -0.09473 0.25739
0.33446 -0.09483 0.25477
0.33607 -0.09508 0.25232
0.3376 -0.09479 0.24981
0.33909 -0.09455 0.24725
0.34045 -0.09467 0.24462
0.34168 -0.09495 0.24193
0.34302 -0.09557 0.23939
0.34457 -0.09574 0.23687
0.34635 -0.09578 0.23438
0.34658 -0.09651 0.2314
0.34674 -0.09711 0.22847
0.34796 -0.09763 0.2258
0.34949 -0.09813 0.22331
0.35112 -0.09849 0.22087
0.35286 -0.09891 0.21852
0.35446 -0.09909 0.21603
0.35622 -0.09903 0.21365
0.35812 -0.09892 0.21138
0.36016 -0.09944 0.20929
0.36204 -0.10053 0.20725
0.36403 -0.10143 0.20528
0.36608 -0.10175 0.20317
0.36794 -0.10198 0.20089
0.36993 -0.10268 0.1988
0.37171 -0.10363 0.19666
0.37364 -0.10419 0.19449
0.37573 -0.1049 0.19253
0.37773 -0.10554 0.19044
0.3798 -0.10597 0.18837
0.38165 -0.10641 0.18609
0.38369 -0.10716 0.18408
0.38619 -0.10804 0.18271
0.38839 -0.10891 0.1809
0.39006 -0.1095 0.17851
0.39186 -0.1103 0.17632
0.39388 -0.11092 0.17429
0.3959 -0.1116 0.17223
0.39783 -0.11231 0.17011
0.3998 -0.11287 0.16799
0.40173 -0.11352 0.16586
0.40358 -0.11429 0.16366
0.40558 -0.1146 0.16152
0.40736 -0.11463 0.15915
0.40922 -0.11519 0.15693
0.41126 -0.11603 0.15493
0.41364 -0.11642 0.15321
0.41595 -0.11649 0.15136
0.41839 -0.11672 0.14969
0.42078 -0.11684 0.14795
0.42299 -0.11674 0.14579
0.42368 -0.1171 0.14274
0.42285 -0.11795 0.13983
0.42285 -0.11869 0.13678
0.42418 -0.11955 0.13406
0.42607 -0.1204 0.13176
0.31398 -0.08285 0.30747
0.31481 -0.08302 0.30464
0.31566 -0.08366 0.30187
0.31629 -0.08445 0.29909
0.31647 -0.08507 0.29619
0.31696 -0.08575 0.29333
0.31788 -0.08643 0.2906
0.3188 -0.08692 0.28782
0.31992 -0.08775 0.28521
0.32131 -0.0889 0.28285
0.32239 -0.09012 0.28037
0.32367 -0.09148 0.27807
0.32494 -0.09313 0.27596
0.32633 -0.09434 0.27367
0.32781 -0.09455 0.27115
0.32937 -0.09415 0.26866
0.33094 -0.09356 0.2662
0.33224 -0.09296 0.26353
0.33281 -0.09267 0.26057
0.33259 -0.09262 0.25754
0.33381 -0.09274 0.25483
0.33533 -0.09302 0.25233
0.33684 -0.09273 0.2498
0.33819 -0.09254 0.24717
0.33967 -0.0926 0.2446
0.3408 -0.0929 0.24186
0.34208 -0.09352 0.23928
0.34334 -0.09385 0.23662
0.34472 -0.09412 0.23401
0.34538 -0.0946 0.23114
0.34619 -0.0949 0.22831
0.34745 -0.09542 0.22569
0.34906 -0.09589 0.22326
0.35073 -0.09624 0.22084
0.35258 -0.09663 0.21855
0.35399 -0.09684 0.21594
0.3557 -0.09677 0.21353
0.35757 -0.09667 0.21123
0.35943 -0.09724 0.209
0.36134 -0.09832 0.20696
0.3634 -0.09917 0.20505
0.36537 -0.09951 0.20288
0.36729 -0.09972 0.20063
0.36975 -0.10027 0.19898
0.37139 -0.10128 0.19669
0.37348 -0.10181 0.19467
0.37541 -0.10253 0.19254
0.3774 -0.10315 0.19045
0.37936 -0.1036 0.18826
0.38121 -0.10403 0.18599
0.38308 -0.10483 0.18383
0.38545 -0.10573 0.18227
0.38766 -0.10656 0.18051
0.38948 -0.10711 0.17828
0.39135 -0.10788 0.17614
0.39298 -0.10863 0.17378
0.39506 -0.10929 0.17176
0.3972 -0.10991 0.16979
0.39945 -0.11039 0.16795
0.40135 -0.11104 0.16578
0.40324 -0.11179 0.1636
0.4053 -0.1121 0.16151
0.40722 -0.1121 0.15925
0.40914 -0.11263 0.15709
0.41086 -0.11348 0.15481
0.41295 -0.11397 0.15276
0.41523 -0.11405 0.15085
0.41747 -0.11441 0.14894
0.41965 -0.11471 0.14697
0.4215 -0.11488 0.14462
0.42213 -0.11517 0.14171
0.422 -0.11566 0.13871
0.42275 -0.11612 0.13579
0.4242 -0.11687 0.13322
0.42587 -0.1177 0.13083
0.31479 -0.08108 0.30804
0.31539 -0.08113 0.30513
0.31618 -0.08175 0.30233
0.31695 -0.08257 0.29956
0.31667 -0.08308 0.29661
0.31679 -0.08373 0.2937
0.31766 -0.0844 0.29093
0.31858 -0.08489 0.28816
0.31957 -0.08572 0.28549
0.32078 -0.08688 0.28304
0.32207 -0.08805 0.28064
0.32334 -0.08939 0.27831
0.32457 -0.09103 0.27615
0.32597 -0.09222 0.27386
0.32751 -0.09241 0.27137
0.32912 -0.09201 0.26892
0.33068 -0.09139 0.26645
0.33201 -0.09071 0.26377
0.33229 -0.09046 0.26075
0.33201 -0.09053 0.25774
0.33313 -0.09066 0.25498
0.33461 -0.09095 0.25245
0.33612 -0.09066 0.24992
0.33748 -0.09046 0.24729
0.33904 -0.09048 0.24475
0.34002 -0.09081 0.24194
0.34096 -0.09158 0.23925
0.34187 -0.09212 0.23647
0.34325 -0.09242 0.23386
0.34452 -0.09251 0.23118
0.34564 -0.09271 0.22845
0.34689 -0.09323 0.22583
0.34844 -0.09371 0.22337
0.35005 -0.09406 0.2209
0.35177 -0.09447 0.21852
0.35349 -0.09459 0.21612
0.3551 -0.09454 0.21363
0.35688 -0.09444 0.21126
0.35863 -0.09505 0.20894
0.36045 -0.09616 0.20683
0.36246 -0.09703 0.20486
0.36441 -0.09737 0.20267
0.36623 -0.09761 0.20032
0.36866 -0.09812 0.19865
0.37099 -0.09892 0.197
0.37308 -0.09945 0.19497
0.37509 -0.10016 0.1929
0.37697 -0.10079 0.19069
0.37873 -0.10127 0.18834
0.38051 -0.10171 0.18601
0.38229 -0.10251 0.18377
0.38454 -0.10347 0.18205
0.387 -0.10419 0.18056
0.38901 -0.10469 0.17846
0.39075 -0.10547 0.17621
0.39254 -0.10616 0.17397
0.39447 -0.10684 0.1718
0.3967 -0.10745 0.16994
0.39886 -0.10795 0.168
0.40083 -0.10858 0.1659
0.40275 -0.10932 0.16372
0.4049 -0.10961 0.16171
0.40711 -0.1096 0.15973
0.40891 -0.11012 0.15744
0.4105 -0.11094 0.15507
0.41231 -0.11145 0.15276
0.41436 -0.11162 0.15061
0.41643 -0.11206 0.14852
0.41842 -0.11246 0.14639
0.42026 -0.11267 0.14408
0.42105 -0.1128 0.14123
0.42162 -0.113 0.13831
0.42261 -0.11344 0.1355
0.42408 -0.11416 0.13297
0.42591 -0.11494 0.13071
0.42779 -0.11575 0.12852
0.31593 -0.07951 0.30872
0.31619 -0.07936 0.30574
0.31677 -0.07988 0.30287
0.31754 -0.08067 0.30005
0.31687 -0.08111 0.29712
0.31667 -0.08174 0.2942
0.31735 -0.08242 0.29136
0.31833 -0.08289 0.2886
0.31925 -0.08371 0.28591
0.32028 -0.08488 0.28338
0.32162 -0.08602 0.28097
0.32294 -0.08733 0.27866
0.32425 -0.08894 0.2765
0.3256 -0.09012 0.27417
0.32715 -0.0903 0.27169
0.32886 -0.08988 0.26929
0.33036 -0.08923 0.26677
0.33117 -0.08864 0.2639
0.33099 -0.08859 0.26088
0.33129 -0.08848 0.25792
0.33243 -0.0886 0.25518
0.33398 -0.08886 0.25268
0.33546 -0.08858 0.25012
0.33696 -0.08832 0.24757
0.33834 -0.08838 0.24493
0.33949 -0.08865 0.24218
0.3404 -0.08941 0.23946
0.34126 -0.08994 0.23667
0.34241 -0.09033 0.23397
0.34368 -0.09042 0.23129
0.34497 -0.09055 0.22863
0.34626 -0.09105 0.22601
0.34778 -0.09154 0.22353
0.34939 -0.09189 0.22106
0.35116 -0.09228 0.21871
0.35275 -0.09241 0.21621
0.35438 -0.09234 0.21374
0.35618 -0.09222 0.21137
0.35792 -0.09283 0.20904
0.35971 -0.09394 0.20692
0.36177 -0.0948 0.20499
0.36366 -0.09513 0.20274
0.36542 -0.09537 0.20035
0.36758 -0.096 0.19838
0.37003 -0.09673 0.19685
0.37227 -0.09718 0.19496
0.37426 -0.09789 0.19287
0.37627 -0.09846 0.19076
0.37812 -0.09893 0.18849
0.38036 -0.09929 0.18655
0.3818 -0.10012 0.18403
0.38377 -0.10114 0.18201
0.38633 -0.10184 0.18064
0.38853 -0.10228 0.17871
0.39042 -0.10304 0.17657
0.39236 -0.10372 0.17444
0.39423 -0.10439 0.17223
0.39643 -0.10499 0.17032
0.39858 -0.10548 0.16835
0.40049 -0.1061 0.16618
0.40238 -0.10683 0.16398
0.40458 -0.10712 0.16201
0.40668 -0.10709 0.15992
0.40873 -0.1076 0.15784
0.41022 -0.1084 0.15539
0.4119 -0.1089 0.15298
0.41376 -0.10908 0.15067
0.41569 -0.10954 0.14844
0.41777 -0.10991 0.14637
0.41963 -0.11014 0.14407
0.42085 -0.11015 0.14136
0.42156 -0.11032 0.13846
0.42256 -0.11074 0.13567
0.42405 -0.11147 0.13316
0.42581 -0.11226 0.13086
0.42767 -0.11306 0.12865
0.31668 -0.07765 0.30909
0.31696 -0.07753 0.30611
0.31736 -0.07798 0.30321
0.31788 -0.07863 0.30028
0.31695 -0.07909 0.29743
0.31657 -0.07972 0.29451
0.31702 -0.0804 0.29163
0.3179 -0.08088 0.28882
0.31898 -0.08166 0.28617
0.31983 -0.08285 0.28356
0.32111 -0.08398 0.28113
0.32253 -0.08525 0.27884
0.32394 -0.08683 0.27675
0.32527 -0.088 0.2744
0.3268 -0.08817 0.27188
0.32844 -0.08773 0.26943
0.32991 -0.08708 0.26688
0.33048 -0.08657 0.26393
0.33034 -0.0865 0.26093
0.33079 -0.08635 0.258
0.33186 -0.08649 0.25525
0.33342 -0.08675 0.25274
0.33492 -0.08644 0.25019
0.33628 -0.0862 0.24756
0.33781 -0.08622 0.24501
0.33902 -0.08648 0.24227
0.33989 -0.08723 0.23953
0.34074 -0.08775 0.23674
0.34215 -0.08808 0.23415
0.34333 -0.08819 0.23142
0.34435 -0.08838 0.22864
0.34562 -0.08888 0.22601
0.34722 -0.08934 0.22357
0.34909 -0.08963 0.22128
0.35077 -0.09005 0.21885
0.35226 -0.09017 0.21628
0.35388 -0.09009 0.21378
0.35546 -0.09001 0.21127
0.35724 -0.0906 0.20897
0.359 -0.09171 0.20681
0.3612 -0.09252 0.205
0.36342 -0.09277 0.20302
0.36509 -0.09301 0.20054
0.36703 -0.09369 0.1984
0.36923 -0.0945 0.19659
0.37166 -0.09484 0.19486
0.37345 -0.09565 0.19258
0.37509 -0.0964 0.1902
0.37719 -0.09672 0.18811
0.37978 -0.09688 0.18655
0.3818 -0.09767 0.18447
0.38324 -0.09874 0.18202
0.38562 -0.09949 0.18037
0.38796 -0.09988 0.17862
0.39006 -0.10059 0.17666
0.39224 -0.10125 0.17476
0.39407 -0.10192 0.1725
0.39605 -0.10252 0.17037
0.39809 -0.10301 0.16828
0.40024 -0.10359 0.16632
0.40216 -0.10432 0.16415
0.40437 -0.10458 0.16218
0.40643 -0.10456 0.16003
0.40843 -0.10506 0.1579
0.41008 -0.10585 0.15554
0.41179 -0.10632 0.15316
0.41359 -0.10649 0.15079
0.41561 -0.10693 0.14864
0.41769 -0.10729 0.14655
0.41944 -0.10753 0.14415
0.42074 -0.10751 0.14148
0.42181 -0.10767 0.13872
0.42277 -0.10808 0.13591
0.42429 -0.10882 0.13344
0.42589 -0.10959 0.13102
0.42768 -0.11037 0.12875
0.42954 -0.11093 0.12649
0.31733 -0.07575 0.3094
0.3178 -0.07572 0.30646
0.31792 -0.07605 0.30351
0.31762 -0.07658 0.3006
0.31657 -0.07711 0.29781
0.31644 -0.0777 0.29485
0.31679 -0.07837 0.29195
0.31734 -0.0789 0.28906
0.3185 -0.07964 0.28642
0.31918 -0.08087 0.28376
0.32053 -0.08196 0.28131
0.32191 -0.08323 0.27899
0.32347 -0.08475 0.27694
0.32495 -0.08589 0.27465
0.32634 -0.08606 0.27206
0.32778 -0.08564 0.26949
0.32916 -0.085 0.2669
0.32984 -0.08447 0.26399
0.32985 -0.08438 0.26099
0.33051 -0.08419 0.25809
0.3315 -0.08434 0.25529
0.33285 -0.08463 0.25267
0.33429 -0.08433 0.25008
0.33563 -0.08408 0.24744
0.33728 -0.08404 0.24495
0.33882 -0.08421 0.24233
0.33931 -0.08505 0.23946
0.34018 -0.08556 0.23667
0.34167 -0.08585 0.23412
0.34354 -0.08583 0.23167
0.34388 -0.08616 0.22861
0.34505 -0.08669 0.22593
0.34666 -0.08714 0.22348
0.34853 -0.0874 0.22118
0.35038 -0.08778 0.21887
0.35201 -0.08789 0.21637
0.35352 -0.0878 0.2138
0.35494 -0.08774 0.21118
0.35662 -0.08835 0.20879
0.35874 -0.08938 0.20691
0.36056 -0.09027 0.20475
0.3628 -0.09049 0.20279
0.36463 -0.09068 0.20042
0.36633 -0.09144 0.19809
0.36846 -0.09227 0.19622
0.37078 -0.09264 0.19438
0.37277 -0.09337 0.19223
0.37418 -0.09422 0.18969
0.37636 -0.0945 0.18764
0.37874 -0.09473 0.18586
0.38109 -0.09533 0.18415
0.38309 -0.0963 0.18217
0.38523 -0.09707 0.18026
0.38773 -0.09742 0.1787
0.38996 -0.09812 0.17686
0.39197 -0.09877 0.17478
0.39372 -0.09945 0.17247
0.39546 -0.10008 0.17012
0.39757 -0.10056 0.16806
0.39977 -0.10112 0.16614
0.40171 -0.10184 0.16398
0.40367 -0.10216 0.16177
0.4057 -0.10214 0.15958
0.40791 -0.10256 0.15765
0.40994 -0.10329 0.1556
0.41184 -0.10375 0.15337
0.41365 -0.1039 0.151
0.41567 -0.10433 0.14884
0.41771 -0.10469 0.1467
0.4193 -0.1049 0.14419
0.42092 -0.10488 0.14168
0.42214 -0.10506 0.13897
0.42301 -0.10544 0.13613
0.42437 -0.10616 0.13355
0.42609 -0.10693 0.13121
0.42784 -0.1077 0.1289
0.4297 -0.10824 0.12664
0.43145 -0.11099 0.12423
0.31789 -0.07382 0.30966
0.31882 -0.07396 0.30679
0.31881 -0.0742 0.30375
0.31765 -0.07458 0.30099
0.31631 -0.07507 0.29827
0.31626 -0.07569 0.29526
0.31665 -0.07635 0.29235
0.31672 -0.07694 0.2894
0.31779 -0.07771 0.28669
0.31853 -0.0789 0.28403
0.31987 -0.07997 0.28156
0.32124 -0.08122 0.27921
0.32273 -0.08274 0.2771
0.32442 -0.0838 0.27491
0.3258 -0.08397 0.2723
0.32701 -0.08361 0.26959
0.32822 -0.08303 0.26692
0.32906 -0.08243 0.26411
0.32953 -0.08222 0.26116
0.33039 -0.08202 0.25831
0.33137 -0.08217 0.2555
0.33248 -0.08248 0.25276
0.33369 -0.08221 0.25005
0.33494 -0.08199 0.24735
0.33645 -0.08197 0.24479
0.33806 -0.08207 0.24222
0.33892 -0.08283 0.23942
0.33965 -0.08337 0.23659
0.3409 -0.08372 0.23393
0.34244 -0.08372 0.23135
0.34342 -0.08393 0.22853
0.34466 -0.08445 0.22588
0.34617 -0.08492 0.22337
0.34789 -0.08522 0.22096
0.34981 -0.08556 0.21871
0.35192 -0.08556 0.21654
0.35317 -0.08551 0.21378
0.35458 -0.08544 0.21115
0.35628 -0.08603 0.20877
0.35836 -0.08707 0.20685
0.36025 -0.08795 0.20473
0.362 -0.08831 0.20234
0.3638 -0.08851 0.19997
0.36529 -0.08936 0.1975
0.36734 -0.09027 0.19551
0.36965 -0.09064 0.19365
0.37178 -0.09125 0.19165
0.37359 -0.0919 0.18935
0.3757 -0.0922 0.18724
0.37809 -0.09242 0.18545
0.38048 -0.09301 0.18377
0.38269 -0.09391 0.18198
0.38497 -0.09463 0.1802
0.38751 -0.09497 0.1787
0.39023 -0.09566 0.17751
0.39205 -0.09631 0.17514
0.39358 -0.09695 0.17264
0.39534 -0.09756 0.1703
0.39728 -0.09806 0.16809
0.39922 -0.09867 0.16592
0.40115 -0.09939 0.16374
0.40312 -0.09969 0.1615
0.40541 -0.0996 0.15957
0.40766 -0.10001 0.15767
0.40979 -0.10073 0.15572
0.41183 -0.10118 0.1536
0.4138 -0.10134 0.15136
0.41562 -0.10174 0.14901
0.41774 -0.10208 0.14691
0.41921 -0.10228 0.14431
0.42067 -0.10226 0.1417
0.42237 -0.10243 0.13924
0.42356 -0.10286 0.13654
0.42459 -0.10352 0.1338
0.42607 -0.10426 0.13128
0.42801 -0.10504 0.12909
0.42982 -0.10556 0.12679
0.43129 -0.10829 0.12413
0.4314 -0.10559 0.12426
0.31845 -0.07188 0.30995
0.31941 -0.07199 0.30706
0.31935 -0.07221 0.30396
0.31784 -0.07257 0.30128
0.31674 -0.07302 0.2985
0.31626 -0.07363 0.29555
0.31634 -0.07432 0.29262
0.31642 -0.0749 0.28966
0.31716 -0.07572 0.28686
0.31812 -0.07684 0.28424
0.31928 -0.07795 0.2817
0.32075 -0.07916 0.27938
0.32207 -0.0807 0.27718
0.32372 -0.08176 0.27495
0.32515 -0.08191 0.27234
0.32633 -0.08155 0.26961
0.32746 -0.08099 0.2669
0.32852 -0.08032 0.26418
0.32936 -0.08004 0.26132
0.33044 -0.07984 0.25853
0.33115 -0.08 0.25562
0.33228 -0.0803 0.25288
0.3333 -0.08005 0.25007
0.33446 -0.07983 0.24733
0.33578 -0.07986 0.24465
0.3372 -0.08001 0.24201
0.33834 -0.08067 0.23931
0.33917 -0.08117 0.23648
0.34023 -0.08157 0.23373
0.34139 -0.08173 0.23099
0.3427 -0.0818 0.2283
0.34412 -0.08225 0.22572
0.34577 -0.08267 0.22327
0.34729 -0.08303 0.22073
0.34923 -0.08335 0.21851
0.35159 -0.08322 0.21652
0.35264 -0.08326 0.21361
0.35392 -0.08323 0.2109
0.35589 -0.08373 0.2087
0.35784 -0.0848 0.20666
0.35988 -0.08563 0.20465
0.36158 -0.086 0.20222
0.36326 -0.08622 0.19975
0.36482 -0.08702 0.19731
0.36651 -0.08806 0.19507
0.36868 -0.08853 0.19305
0.37107 -0.08901 0.19129
0.3731 -0.08955 0.18916
0.37521 -0.08984 0.18704
0.37762 -0.09005 0.18526
0.37987 -0.09068 0.18341
0.38213 -0.09156 0.18164
0.38477 -0.09217 0.18034
0.38724 -0.0925 0.17872
0.38986 -0.09312 0.17739
0.39239 -0.09373 0.17568
0.39371 -0.09447 0.17295
0.39559 -0.09507 0.1707
0.39717 -0.09556 0.16821
0.39887 -0.09617 0.16582
0.40071 -0.09691 0.16356
0.40275 -0.09719 0.16136
0.40527 -0.09706 0.15972
0.40778 -0.09746 0.15812
0.4099 -0.09817 0.15609
0.41177 -0.09861 0.15379
0.41374 -0.09876 0.15154
0.41571 -0.09916 0.14932
0.41744 -0.09947 0.1469
0.419 -0.09966 0.14436
0.42047 -0.09963 0.14176
0.42213 -0.09979 0.13927
0.42353 -0.10022 0.13666
0.42503 -0.10091 0.13417
0.42635 -0.10161 0.13156
0.42792 -0.10236 0.1291
0.42993 -0.10289 0.12692
0.43155 -0.1029 0.12441
0.43309 -0.10542 0.12181
0.43301 -0.10271 0.12181
0.31874 -0.06985 0.31009
0.31979 -0.06993 0.30717
0.31939 -0.07015 0.30408
0.31806 -0.07055 0.30135
0.31706 -0.07101 0.29853
0.31647 -0.07156 0.29561
0.31628 -0.07224 0.29267
0.31633 -0.07281 0.2897
0.31683 -0.07366 0.28685
0.31785 -0.07476 0.28424
0.31887 -0.07588 0.28165
0.32025 -0.07709 0.27928
0.32178 -0.07857 0.27718
0.32319 -0.07968 0.2748
0.32457 -0.07983 0.27215
0.32584 -0.07944 0.26946
0.32694 -0.07888 0.26673
0.32809 -0.07818 0.26406
0.32918 -0.07785 0.26128
0.33023 -0.07765 0.25847
0.33107 -0.07781 0.2556
0.33206 -0.07812 0.25279
0.33307 -0.07786 0.24998
0.33416 -0.07764 0.2472
0.33539 -0.07768 0.24447
0.33674 -0.07784 0.2418
0.33803 -0.07845 0.23915
0.33886 -0.07896 0.2363
0.33965 -0.07941 0.23346
0.34092 -0.07953 0.23075
0.3424 -0.07957 0.22814
0.34355 -0.08007 0.22542
0.34515 -0.08051 0.22293
0.34666 -0.08087 0.22038
0.34863 -0.08116 0.21816
0.35095 -0.08098 0.21613
0.35208 -0.08103 0.21327
0.35337 -0.08099 0.21056
0.35516 -0.08156 0.20823
0.35729 -0.08255 0.20633
0.35932 -0.08337 0.2043
0.36117 -0.08369 0.20197
0.36288 -0.08391 0.19952
0.36448 -0.08467 0.1971
0.36621 -0.08569 0.19487
0.36826 -0.08618 0.19273
0.3705 -0.08672 0.19082
0.37266 -0.08721 0.18879
0.37488 -0.08746 0.18679
0.37736 -0.08765 0.1851
0.37966 -0.08826 0.18329
0.38183 -0.08914 0.1814
0.38434 -0.08979 0.17991
0.38695 -0.09006 0.17846
0.38941 -0.0907 0.17686
0.39151 -0.09139 0.17482
0.39348 -0.092 0.17263
0.39532 -0.0926 0.17033
0.39689 -0.09311 0.16783
0.39862 -0.0937 0.16545
0.40049 -0.09442 0.16319
0.40283 -0.09465 0.16132
0.40505 -0.09457 0.1593
0.40749 -0.09495 0.15761
0.40974 -0.09562 0.15574
0.4119 -0.09603 0.15372
0.41373 -0.09617 0.15136
0.41569 -0.09657 0.14912
0.41751 -0.09686 0.14676
0.41909 -0.09704 0.14422
0.4205 -0.097 0.14158
0.4219 -0.09717 0.13892
0.4237 -0.09757 0.13655
0.42524 -0.09826 0.13408
0.42685 -0.09899 0.13165
0.42834 -0.09971 0.12914
0.43011 -0.10021 0.12678
0.43189 -0.10022 0.12436
0.4332 -0.10002 0.12167
0.43425 -0.10213 0.11915
0.4344 -0.09942 0.11898
0.31868 -0.06779 0.31011
0.3196 -0.06779 0.30715
0.31923 -0.06806 0.30406
0.31804 -0.06854 0.30128
0.3173 -0.06899 0.29838
0.31692 -0.06953 0.29545
0.31662 -0.07019 0.29253
0.31652 -0.07075 0.28957
0.31656 -0.07161 0.28667
0.31737 -0.07274 0.28398
0.31852 -0.07382 0.28142
0.31986 -0.07502 0.27903
0.32137 -0.07649 0.27691
0.32284 -0.07757 0.27454
0.3242 -0.07771 0.27188
0.32542 -0.07732 0.26917
0.32655 -0.07675 0.26646
0.32763 -0.07607 0.26375
0.32875 -0.07573 0.26098
0.32988 -0.07549 0.25821
0.33106 -0.07562 0.25545
0.33195 -0.07594 0.2526
0.33291 -0.07567 0.24977
0.33391 -0.07545 0.24696
0.33509 -0.07548 0.2442
0.33637 -0.07566 0.2415
0.33772 -0.07624 0.23887
0.33867 -0.07674 0.23605
0.33937 -0.07719 0.23317
0.34056 -0.07732 0.23043
0.34216 -0.07733 0.22787
0.3432 -0.07786 0.22509
0.34469 -0.07832 0.22254
0.34609 -0.07871 0.21992
0.34795 -0.07903 0.2176
0.35007 -0.07892 0.21543
0.35142 -0.07888 0.21272
0.35297 -0.07873 0.21017
0.35472 -0.0793 0.20781
0.35677 -0.08032 0.20585
0.35907 -0.08104 0.20405
0.36086 -0.08138 0.20166
0.36265 -0.08157 0.19926
0.3644 -0.08231 0.19694
0.36611 -0.08331 0.1947
0.36805 -0.08381 0.19247
0.37012 -0.0844 0.19037
0.37232 -0.08486 0.18839
0.37458 -0.08508 0.18641
0.37713 -0.08525 0.18482
0.37964 -0.08582 0.18327
0.38167 -0.08671 0.18121
0.38419 -0.08735 0.17972
0.38665 -0.08765 0.17806
0.38893 -0.08834 0.17622
0.39082 -0.08912 0.17404
0.39292 -0.08965 0.17196
0.39466 -0.09031 0.16958
0.39653 -0.09069 0.16728
0.39844 -0.09123 0.16503
0.40059 -0.09189 0.16303
0.4028 -0.09213 0.16103
0.40486 -0.09208 0.15884
0.4072 -0.09248 0.15701
0.40948 -0.09312 0.15516
0.41194 -0.09346 0.15347
0.41399 -0.09359 0.15129
0.41571 -0.09398 0.14886
0.41757 -0.09426 0.14652
0.41913 -0.09442 0.14397
0.42063 -0.09436 0.14139
0.42206 -0.09452 0.13874
0.42382 -0.09493 0.13634
0.42566 -0.09563 0.13407
0.4272 -0.09635 0.1316
0.42876 -0.09706 0.12912
0.43051 -0.09756 0.12673
0.4319 -0.09753 0.12407
0.43325 -0.09732 0.12141
0.4345 -0.09672 0.11875
0.31823 -0.06574 0.30999
0.31868 -0.06589 0.30695
0.31815 -0.06627 0.30397
0.31738 -0.06661 0.30104
0.31772 -0.067 0.29804
0.31781 -0.06767 0.29511
0.31721 -0.06823 0.29222
0.31663 -0.06871 0.28931
0.31616 -0.06959 0.28643
0.31686 -0.07073 0.28368
0.31809 -0.07177 0.28112
0.3195 -0.07294 0.27875
0.32097 -0.07441 0.2766
0.32244 -0.07548 0.27423
0.32378 -0.07562 0.27155
0.32499 -0.07522 0.26884
0.3261 -0.07464 0.26611
0.32714 -0.07397 0.26339
0.32834 -0.0736 0.26066
0.32954 -0.07335 0.25792
0.33085 -0.07345 0.25521
0.33175 -0.07376 0.25236
0.33267 -0.07349 0.24952
0.33359 -0.07327 0.24668
0.33479 -0.07329 0.24393
0.33611 -0.07345 0.24125
0.33737 -0.07405 0.23859
0.33859 -0.0745 0.23587
0.33936 -0.07494 0.23299
0.3404 -0.07508 0.23019
0.34163 -0.07516 0.22746
0.34292 -0.07563 0.2248
0.34441 -0.07609 0.22224
0.34572 -0.07649 0.21958
0.3473 -0.07691 0.21706
0.34913 -0.07695 0.21469
0.35073 -0.07675 0.21216
0.35231 -0.07656 0.20962
0.35432 -0.07702 0.20746
0.35627 -0.07808 0.20541
0.35839 -0.07886 0.20345
0.36043 -0.0791 0.20126
0.36229 -0.07926 0.19892
0.36414 -0.07996 0.19666
0.36597 -0.08094 0.19452
0.36789 -0.08144 0.19227
0.36993 -0.08202 0.19014
0.3721 -0.08248 0.18811
0.37457 -0.08265 0.18641
0.37697 -0.08283 0.18461
0.37939 -0.08341 0.18296
0.38157 -0.08427 0.18108
0.38411 -0.0849 0.1796
0.38665 -0.08514 0.17797
0.38838 -0.086 0.17562
0.39011 -0.08685 0.17334
0.39206 -0.08745 0.17113
0.39389 -0.08805 0.16882
0.39591 -0.08835 0.16663
0.39817 -0.08875 0.1647
0.40044 -0.08938 0.16282
0.4025 -0.08965 0.16065
0.40468 -0.08955 0.15858
0.40708 -0.08993 0.15682
0.4094 -0.09055 0.15504
0.41164 -0.09092 0.15307
0.41397 -0.091 0.15118
0.41584 -0.09138 0.14886
0.41751 -0.09165 0.14638
0.41941 -0.0918 0.14405
0.42099 -0.09175 0.1415
0.42227 -0.09188 0.13878
0.42388 -0.09228 0.13627
0.42604 -0.09301 0.13427
0.42764 -0.09372 0.13181
0.42901 -0.0944 0.1292
0.43074 -0.09488 0.12678
0.43218 -0.09484 0.12414
0.4333 -0.09461 0.12136
0.43461 -0.094 0.11873
0.43588 -0.09586 0.11624
0.436 -0.09313 0.11623
0.31713 -0.064 0.3097
0.31761 -0.06416 0.3067
0.31707 -0.06453 0.3037
0.31737 -0.06456 0.30068
0.31803 -0.06499 0.29777
0.31829 -0.06566 0.29482
0.31755 -0.06622 0.29193
0.31662 -0.06666 0.2891
0.31582 -0.06754 0.28629
0.31631 -0.06872 0.28348
0.31756 -0.06975 0.28091
0.31899 -0.07089 0.27854
0.32052 -0.07232 0.2764
0.32202 -0.07337 0.27403
0.32334 -0.07351 0.27134
0.32455 -0.0731 0.26863
0.32564 -0.07252 0.2659
0.32671 -0.07183 0.26319
0.32801 -0.07144 0.26051
0.32919 -0.0712 0.25775
0.33052 -0.07128 0.25505
0.33157 -0.07157 0.25224
0.33236 -0.07132 0.24935
0.33316 -0.07111 0.24647
0.3345 -0.07109 0.24379
0.33595 -0.07123 0.24117
0.33718 -0.07182 0.23849
0.33842 -0.07226 0.23578
0.33945 -0.07268 0.23299
0.34055 -0.07282 0.2302
0.34169 -0.0729 0.22743
0.34258 -0.0734 0.22461
0.34405 -0.07385 0.22204
0.34555 -0.0742 0.21947
0.34688 -0.07468 0.21683
0.34856 -0.07476 0.21434
0.34999 -0.0746 0.2117
0.35161 -0.07437 0.2092
0.35365 -0.07482 0.20705
0.35587 -0.07577 0.20522
0.35772 -0.07665 0.20303
0.3597 -0.0769 0.20077
0.36192 -0.07693 0.19875
0.36387 -0.07761 0.19658
0.36575 -0.07858 0.19446
0.36753 -0.07909 0.1921
0.36961 -0.07964 0.19
0.37197 -0.08007 0.18818
0.3744 -0.08024 0.18642
0.37703 -0.08042 0.18497
0.37935 -0.08099 0.18315
0.38144 -0.08183 0.18116
0.38363 -0.0825 0.17924
0.38603 -0.08278 0.17745
0.3879 -0.08359 0.17523
0.38916 -0.08463 0.17268
0.39098 -0.08532 0.17036
0.39306 -0.08577 0.16821
0.39524 -0.08597 0.16616
0.3976 -0.08632 0.16433
0.39991 -0.08692 0.1625
0.40216 -0.08714 0.16053
0.40441 -0.08702 0.15856
0.4066 -0.08743 0.15654
0.40902 -0.08802 0.15485
0.41144 -0.08834 0.15311
0.41368 -0.08843 0.15112
0.41554 -0.0888 0.1488
0.41719 -0.08906 0.1463
0.41925 -0.08918 0.14409
0.42123 -0.08913 0.14181
0.42255 -0.08926 0.13911
0.42384 -0.0896 0.13637
0.42595 -0.09033 0.13431
0.42796 -0.09108 0.13217
0.42919 -0.09175 0.12946
0.4307 -0.0922 0.1269
0.43216 -0.09215 0.12428
0.43338 -0.09191 0.12155
0.4346 -0.09129 0.11887
0.43604 -0.09042 0.11639
0.43745 -0.09204 0.11382
0.43774 -0.08934 0.11413
0.31599 -0.06241 0.30925
0.31656 -0.06248 0.30629
0.31659 -0.06258 0.30326
0.31738 -0.06256 0.30034
0.3181 -0.06298 0.29746
0.31797 -0.06362 0.29453
0.31728 -0.06418 0.29166
0.31648 -0.06461 0.2888
0.31569 -0.06545 0.28598
0.31575 -0.0667 0.28313
0.31704 -0.06774 0.28052
0.31853 -0.06885 0.27816
0.32006 -0.07027 0.27601
0.32161 -0.07129 0.27365
0.32296 -0.07141 0.27097
0.32416 -0.071 0.26825
0.3253 -0.0704 0.26554
0.32636 -0.06971 0.26282
0.3276 -0.06934 0.2601
0.32873 -0.0691 0.25732
0.32999 -0.0692 0.25459
0.33128 -0.06943 0.25187
0.33205 -0.06917 0.24897
0.33294 -0.06894 0.24612
0.33439 -0.06889 0.2435
0.33589 -0.069 0.2409
0.33729 -0.06959 0.23829
0.33847 -0.07002 0.23554
0.33946 -0.07043 0.23273
0.34044 -0.07056 0.2299
0.34188 -0.07058 0.22722
0.34233 -0.07117 0.22424
0.34361 -0.07167 0.22158
0.34507 -0.07201 0.21898
0.34652 -0.07246 0.21639
0.34798 -0.07261 0.21377
0.34947 -0.07241 0.21117
0.35125 -0.07212 0.20877
0.35313 -0.07261 0.20649
0.35531 -0.07358 0.20463
0.35727 -0.07441 0.20251
0.35938 -0.0746 0.20038
0.36192 -0.07453 0.1987
0.36385 -0.07524 0.19646
0.36537 -0.07626 0.19408
0.3671 -0.07679 0.19166
0.36945 -0.07726 0.18983
0.37188 -0.07768 0.18811
0.37444 -0.07783 0.18655
0.37705 -0.07799 0.18505
0.37943 -0.07855 0.18327
0.38136 -0.0794 0.18111
0.38332 -0.08009 0.17895
0.38548 -0.08044 0.1769
0.38716 -0.0813 0.1746
0.38847 -0.08228 0.17207
0.39027 -0.08298 0.16971
0.39244 -0.0834 0.16761
0.39481 -0.08351 0.16573
0.39733 -0.08382 0.16412
0.39965 -0.08441 0.16229
0.40193 -0.08462 0.16035
0.40427 -0.08449 0.15848
0.40647 -0.08487 0.15647
0.40868 -0.08548 0.15452
0.41118 -0.08579 0.15286
0.41359 -0.08584 0.15106
0.41549 -0.0862 0.14876
0.41722 -0.08643 0.14631
0.41906 -0.08656 0.14394
0.42106 -0.08649 0.1417
0.4227 -0.08662 0.13918
0.42448 -0.08703 0.13679
0.42614 -0.08768 0.13438
0.42799 -0.08841 0.1321
0.42936 -0.08908 0.1295
0.43081 -0.08952 0.12689
0.43213 -0.08945 0.1242
0.43339 -0.0892 0.12149
0.43474 -0.08858 0.11887
0.43612 -0.0877 0.11634
0.43817 -0.08662 0.11431
0.43875 -0.08867 0.11136
0.43937 -0.08599 0.11159
0.31499 -0.06072 0.30876
0.31565 -0.06073 0.30583
0.31619 -0.06062 0.30287
0.31713 -0.06057 0.30001
0.31814 -0.06094 0.29718
0.31821 -0.0616 0.29422
0.31734 -0.06212 0.29137
0.31653 -0.06253 0.2885
0.3158 -0.06335 0.28567
0.3156 -0.06459 0.28282
0.31659 -0.06571 0.2801
0.31808 -0.06682 0.27771
0.31963 -0.06822 0.27555
0.32119 -0.06923 0.27319
0.32255 -0.06933 0.27051
0.3238 -0.0689 0.26782
0.32494 -0.06829 0.2651
0.32593 -0.06762 0.26235
0.32715 -0.06725 0.25962
0.3284 -0.06699 0.25689
0.32957 -0.0671 0.25412
0.33099 -0.06729 0.25145
0.33184 -0.06701 0.24857
0.33279 -0.06676 0.24574
0.33425 -0.06668 0.24313
0.33562 -0.06681 0.24046
0.33735 -0.06731 0.23803
0.33851 -0.06777 0.23526
0.33972 -0.06816 0.23249
0.34007 -0.06835 0.22948
0.34112 -0.06843 0.22667
0.34225 -0.0689 0.22393
0.34331 -0.06945 0.22118
0.34463 -0.06983 0.21852
0.34615 -0.07025 0.21596
0.34758 -0.07039 0.21332
0.34917 -0.07015 0.21078
0.35104 -0.06983 0.20845
0.35288 -0.07032 0.20613
0.35486 -0.07135 0.20409
0.35674 -0.07221 0.2019
0.35895 -0.07235 0.19986
0.36142 -0.07224 0.1981
0.36364 -0.07285 0.19607
0.36494 -0.074 0.19354
0.36659 -0.07455 0.19106
0.36876 -0.07511 0.18898
0.37144 -0.07539 0.18755
0.37422 -0.07542 0.18637
0.37696 -0.07552 0.18505
0.37907 -0.07615 0.18294
0.38092 -0.07703 0.18072
0.38308 -0.07766 0.17872
0.38523 -0.07799 0.17666
0.38689 -0.07884 0.17432
0.38832 -0.07977 0.17185
0.38988 -0.08049 0.16932
0.39218 -0.08088 0.16732
0.39469 -0.08098 0.16564
0.39716 -0.0813 0.16396
0.39953 -0.08188 0.16219
0.40189 -0.08208 0.16036
0.40414 -0.08195 0.15837
0.40645 -0.08231 0.15648
0.40858 -0.08289 0.15443
0.41094 -0.08321 0.15258
0.41329 -0.08326 0.15073
0.41545 -0.08359 0.14869
0.41734 -0.08381 0.14637
0.41922 -0.08392 0.14403
0.42123 -0.08386 0.14179
0.42318 -0.08403 0.1395
0.42494 -0.08443 0.13712
0.42646 -0.08504 0.13461
0.42805 -0.08574 0.13214
0.42929 -0.08641 0.12947
0.43073 -0.08683 0.12685
0.43217 -0.08676 0.12421
0.43353 -0.0865 0.12155
0.4349 -0.08587 0.11894
0.43643 -0.08499 0.11653
0.43804 -0.08388 0.11422
0.43947 -0.08325 0.11164
0.4404 -0.08343 0.10881
0.31442 -0.05879 0.30847
0.31503 -0.05881 0.30553
0.31562 -0.05869 0.30257
0.31667 -0.0586 0.29974
0.31779 -0.05892 0.29696
0.31845 -0.05954 0.29403
0.31795 -0.06014 0.29109
0.31714 -0.06055 0.28822
0.3162 -0.06131 0.28545
0.31563 -0.0625 0.28266
0.3162 -0.06365 0.27981
0.31768 -0.06476 0.27738
0.31923 -0.06615 0.27521
0.32074 -0.06715 0.27282
0.32213 -0.06724 0.27016
0.3235 -0.06677 0.26752
0.32475 -0.06613 0.26484
0.32546 -0.06551 0.26198
0.32667 -0.06515 0.25925
0.32813 -0.06482 0.25663
0.32922 -0.06497 0.25381
0.33054 -0.06516 0.25111
0.33152 -0.06485 0.24827
0.33241 -0.06459 0.24541
0.3338 -0.06452 0.24275
0.3352 -0.06463 0.2401
0.33673 -0.06516 0.23756
0.33825 -0.06549 0.23497
0.33951 -0.06585 0.23219
0.33975 -0.06612 0.22916
0.34044 -0.06631 0.22627
0.34175 -0.06672 0.2236
0.34303 -0.06722 0.22093
0.34439 -0.06758 0.21829
0.34583 -0.06801 0.21568
0.34731 -0.06812 0.21308
0.34914 -0.06781 0.21071
0.35083 -0.06751 0.20825
0.35276 -0.06798 0.206
0.35458 -0.06905 0.20383
0.35643 -0.06989 0.20162
0.35839 -0.07012 0.19935
0.36059 -0.07016 0.1973
0.36271 -0.07079 0.19524
0.3644 -0.07177 0.19294
0.36611 -0.07227 0.1905
0.36814 -0.07288 0.1883
0.37082 -0.07319 0.18684
0.37364 -0.07316 0.18573
0.37644 -0.07316 0.18453
0.37863 -0.07379 0.18251
0.38046 -0.07469 0.18027
0.38276 -0.07525 0.1784
0.38503 -0.07554 0.17645
0.38685 -0.07636 0.17421
0.38845 -0.07727 0.17185
0.38987 -0.07793 0.16921
0.39223 -0.07834 0.16726
0.39497 -0.07848 0.16592
0.39734 -0.07878 0.1641
0.39968 -0.07936 0.1623
0.40193 -0.07955 0.16032
0.40427 -0.0794 0.15843
0.40659 -0.07975 0.15655
0.40881 -0.08031 0.1546
0.41112 -0.0806 0.15272
0.41343 -0.08065 0.15081
0.41561 -0.08099 0.14877
0.41758 -0.08121 0.14652
0.41938 -0.0813 0.14412
0.42139 -0.08123 0.14187
0.42377 -0.08148 0.14
0.42582 -0.08198 0.13782
0.42719 -0.08252 0.13517
0.42838 -0.08311 0.13246
0.42944 -0.08374 0.12969
0.43078 -0.08415 0.12702
0.43235 -0.08407 0.12446
0.43367 -0.0838 0.12177
0.43485 -0.08315 0.11907
0.43618 -0.08225 0.11652
0.43767 -0.08114 0.11413
0.43934 -0.0805 0.1117
0.44051 -0.0807 0.109
0.31445 -0.05676 0.30842
0.31465 -0.05681 0.30541
0.31508 -0.05673 0.30242
0.31603 -0.05668 0.29955
0.31718 -0.05697 0.29678
0.31816 -0.05746 0.29393
0.3183 -0.05804 0.29091
0.31763 -0.05853 0.28797
0.31654 -0.0593 0.28526
0.31545 -0.06046 0.28262
0.31576 -0.0616 0.2797
0.31725 -0.06269 0.27723
0.31889 -0.06403 0.2751
0.32029 -0.06505 0.27265
0.32171 -0.06512 0.27
0.32302 -0.06465 0.26733
0.32435 -0.06397 0.2647
0.32489 -0.06341 0.26176
0.32605 -0.06307 0.259
0.3274 -0.06277 0.25633
0.32864 -0.06287 0.25358
0.33004 -0.06303 0.25092
0.33104 -0.0627 0.24809
0.33192 -0.06244 0.24523
0.33332 -0.06236 0.24257
0.33468 -0.06247 0.23989
0.33585 -0.06311 0.23719
0.33718 -0.06352 0.23452
0.33842 -0.06383 0.23179
0.33912 -0.06396 0.22886
0.34018 -0.06408 0.22607
0.34142 -0.06451 0.22338
0.34261 -0.065 0.22067
0.34409 -0.06534 0.21808
0.34567 -0.06573 0.21555
0.34712 -0.06583 0.21293
0.34866 -0.06556 0.21036
0.35036 -0.06525 0.20791
0.35247 -0.06566 0.2058
0.35436 -0.06672 0.20367
0.35608 -0.06759 0.20137
0.35786 -0.06786 0.19896
0.35978 -0.06803 0.19665
0.36185 -0.06869 0.19457
0.36373 -0.06955 0.19239
0.36566 -0.06995 0.19013
0.36766 -0.07054 0.18792
0.37013 -0.07097 0.18619
0.37291 -0.071 0.18496
0.37562 -0.07102 0.18364
0.37798 -0.07154 0.18184
0.38007 -0.07232 0.17982
0.38233 -0.07289 0.17792
0.38465 -0.07314 0.17603
0.38676 -0.07389 0.17406
0.38858 -0.07479 0.17186
0.39037 -0.07548 0.16952
0.39259 -0.07587 0.16748
0.39525 -0.07599 0.16603
0.39773 -0.0763 0.16438
0.39996 -0.07685 0.16241
0.40215 -0.07702 0.16037
0.40452 -0.07687 0.1585
0.40704 -0.07726 0.15691
0.40933 -0.07782 0.15504
0.41162 -0.07809 0.15312
0.41386 -0.07811 0.15113
0.41593 -0.07842 0.14898
0.41763 -0.07859 0.14651
0.41941 -0.07867 0.14407
0.42149 -0.07859 0.14186
0.42374 -0.07882 0.13987
0.42611 -0.07932 0.13804
0.42787 -0.07995 0.13563
0.42887 -0.08051 0.13281
0.42973 -0.08109 0.12996
0.431 -0.08148 0.12725
0.43263 -0.08141 0.12472
0.43387 -0.08111 0.12199
0.4352 -0.08047 0.11937
0.4364 -0.07954 0.11677
0.43774 -0.07839 0.1143
0.43935 -0.07775 0.11183
0.44067 -0.07794 0.10921
0.44164 -0.07876 0.10652
0.31464 -0.05474 0.30838
0.31471 -0.05477 0.30536
0.31475 -0.05472 0.30235
0.3154 -0.05475 0.2994
0.31641 -0.05508 0.29658
0.31747 -0.05549 0.29374
0.31736 -0.05612 0.29075
0.31696 -0.05657 0.28779
0.31619 -0.05731 0.285
0.31495 -0.05845 0.28238
0.31528 -0.05957 0.27941
0.31672 -0.06066 0.2769
0.31841 -0.06198 0.27478
0.3199 -0.06296 0.27236
0.32124 -0.06303 0.26968
0.32246 -0.06258 0.26698
0.32364 -0.06193 0.26429
0.32443 -0.0613 0.26146
0.3255 -0.06098 0.25866
0.32678 -0.06071 0.25595
0.32816 -0.06076 0.25328
0.32958 -0.06091 0.25062
0.33051 -0.06059 0.24778
0.33166 -0.06026 0.24502
0.33306 -0.06017 0.24235
0.33435 -0.06029 0.23963
0.33556 -0.06091 0.23695
0.33665 -0.06138 0.23418
0.33783 -0.0617 0.23143
0.33884 -0.06173 0.22859
0.33986 -0.06185 0.22579
0.34135 -0.06223 0.22323
0.34261 -0.06273 0.22053
0.34384 -0.06309 0.21782
0.34534 -0.06348 0.21526
0.34691 -0.06355 0.21269
0.34826 -0.06331 0.21002
0.34982 -0.06303 0.20747
0.35199 -0.06339 0.20541
0.35391 -0.06444 0.20332
0.35562 -0.06532 0.201
0.35755 -0.06554 0.19871
0.35944 -0.06571 0.19637
0.3613 -0.06642 0.19413
0.36319 -0.06727 0.19195
0.36515 -0.06765 0.18969
0.36735 -0.06817 0.18769
0.3696 -0.06866 0.18574
0.3721 -0.0689 0.18404
0.37474 -0.069 0.1826
0.37735 -0.06929 0.18116
0.37982 -0.0699 0.17954
0.38195 -0.0705 0.17751
0.38416 -0.07078 0.17551
0.38648 -0.07144 0.17374
0.38851 -0.07232 0.17171
0.39059 -0.07301 0.16966
0.39281 -0.0734 0.16764
0.39546 -0.0735 0.16617
0.39811 -0.0738 0.16474
0.40025 -0.07435 0.16265
0.4023 -0.0745 0.16046
0.40462 -0.07434 0.15852
0.40724 -0.07472 0.15707
0.40966 -0.0753 0.15538
0.41197 -0.07556 0.15349
0.41417 -0.07556 0.15145
0.41612 -0.07583 0.14919
0.41779 -0.07598 0.14669
0.41963 -0.07604 0.1443
0.42165 -0.07596 0.14206
0.42379 -0.07618 0.13995
0.42589 -0.07666 0.13786
0.42763 -0.07726 0.13551
0.42901 -0.07784 0.1329
0.43025 -0.07848 0.13023
0.43142 -0.07884 0.12748
0.43298 -0.07874 0.12491
0.43435 -0.07845 0.12226
0.43562 -0.07779 0.1196
0.43675 -0.07684 0.11699
0.43796 -0.07566 0.11444
0.43973 -0.07501 0.11205
0.44118 -0.0752 0.1095
0.44217 -0.07603 0.10682
0.31447 -0.05272 0.30827
0.31456 -0.05276 0.30526
0.31476 -0.05268 0.30226
0.3151 -0.05273 0.29927
0.31559 -0.05322 0.29634
0.3165 -0.05369 0.29347
0.31609 -0.05446 0.29055
0.31575 -0.05488 0.28759
0.31557 -0.05536 0.28466
0.31465 -0.0564 0.2819
0.31501 -0.05749 0.27896
0.31635 -0.05861 0.27642
0.31784 -0.05999 0.27419
0.31934 -0.06096 0.27177
0.3208 -0.06098 0.26914
0.32206 -0.06051 0.26646
0.32324 -0.05985 0.26377
0.32409 -0.0592 0.26097
0.32509 -0.0589 0.25814
0.32638 -0.05863 0.25544
0.3278 -0.05866 0.25279
0.32911 -0.05884 0.25008
0.33037 -0.05843 0.24738
0.33161 -0.05807 0.24466
0.33295 -0.05797 0.24197
0.33425 -0.05809 0.23926
0.33548 -0.05871 0.23658
0.33655 -0.05917 0.23379
0.33754 -0.05952 0.23097
0.33846 -0.05955 0.22811
0.33947 -0.05967 0.22531
0.34094 -0.06003 0.22273
0.34252 -0.06047 0.22018
0.34362 -0.06086 0.2174
0.34505 -0.06125 0.2148
0.34662 -0.06131 0.21224
0.34803 -0.06105 0.20959
0.34962 -0.06075 0.20706
0.35142 -0.06123 0.20472
0.3534 -0.06225 0.20267
0.3552 -0.06309 0.20042
0.3572 -0.06327 0.19817
0.35935 -0.06337 0.19606
0.36115 -0.06408 0.19375
0.36305 -0.06491 0.19158
0.36503 -0.06528 0.18934
0.36713 -0.06582 0.18726
0.36932 -0.06631 0.18524
0.37165 -0.0666 0.18333
0.37423 -0.06676 0.18177
0.3768 -0.06709 0.18026
0.37935 -0.06762 0.17878
0.38167 -0.06813 0.17696
0.38387 -0.06839 0.17493
0.38618 -0.06905 0.17315
0.38844 -0.06985 0.17136
0.39069 -0.07052 0.16948
0.39298 -0.07091 0.16756
0.39543 -0.07101 0.1658
0.39793 -0.07131 0.16416
0.40031 -0.07184 0.16239
0.40259 -0.07199 0.16046
0.40498 -0.07182 0.15861
0.40746 -0.07218 0.15696
0.40983 -0.07274 0.1552
0.41224 -0.073 0.15344
0.41454 -0.073 0.15153
0.41646 -0.07325 0.14923
0.41826 -0.0734 0.14683
0.42014 -0.07347 0.14449
0.42206 -0.07336 0.14218
0.42406 -0.07355 0.13993
0.42606 -0.07401 0.13774
0.42776 -0.0746 0.13534
0.42932 -0.07519 0.13283
0.43091 -0.07588 0.13035
0.43201 -0.07622 0.12757
0.43336 -0.07607 0.12489
0.43472 -0.07576 0.12224
0.43588 -0.07509 0.11953
0.4369 -0.07412 0.11686
0.43849 -0.07294 0.11449
0.44061 -0.0724 0.11237
0.44232 -0.07271 0.10998
0.44292 -0.07336 0.10713
0.44359 -0.07411 0.10431
0.44307 -0.07684 0.10407
0.31424 -0.05071 0.30818
0.31447 -0.05074 0.30518
0.31482 -0.05065 0.30219
0.31518 -0.0507 0.2992
0.31526 -0.05119 0.29622
0.31566 -0.05184 0.2933
0.31517 -0.05258 0.2904
0.31489 -0.05295 0.2874
0.31505 -0.05335 0.28442
0.31455 -0.0543 0.28156
0.31494 -0.05536 0.27866
0.3161 -0.0565 0.27606
0.31752 -0.0579 0.27378
0.31904 -0.05885 0.27136
0.32043 -0.05889 0.2687
0.32168 -0.05842 0.266
0.32289 -0.05775 0.26332
0.32375 -0.05709 0.26052
0.32473 -0.05679 0.25768
0.32601 -0.05653 0.25496
0.32739 -0.05657 0.25229
0.32896 -0.05669 0.24972
0.33018 -0.05627 0.24699
0.33145 -0.0559 0.24429
0.33284 -0.05578 0.24161
0.33416 -0.05589 0.2389
0.33564 -0.05645 0.23631
0.33658 -0.05692 0.23347
0.33742 -0.05729 0.2306
0.33824 -0.05735 0.2277
0.3392 -0.05747 0.22488
0.34067 -0.05783 0.22231
0.34236 -0.05823 0.21983
0.34351 -0.05861 0.21705
0.34488 -0.05901 0.2144
0.34646 -0.05905 0.21184
0.34806 -0.05874 0.20931
0.34978 -0.0584 0.20685
0.35112 -0.05897 0.2042
0.35291 -0.06005 0.20202
0.3548 -0.06085 0.19981
0.35683 -0.06102 0.19758
0.35907 -0.06107 0.19555
0.36101 -0.06175 0.19335
0.36292 -0.06257 0.19117
0.36489 -0.06293 0.18893
0.36704 -0.06345 0.18688
0.36922 -0.06393 0.18485
0.37154 -0.0642 0.18294
0.37397 -0.06442 0.18115
0.37666 -0.06469 0.1798
0.37916 -0.06525 0.17822
0.38142 -0.06578 0.1763
0.38377 -0.06597 0.17443
0.38617 -0.0666 0.17273
0.38874 -0.06736 0.17137
0.39107 -0.06805 0.1696
0.39327 -0.06843 0.16759
0.39555 -0.06851 0.16562
0.39791 -0.06882 0.16374
0.40038 -0.06932 0.16208
0.40288 -0.06946 0.16042
0.40541 -0.06931 0.15879
0.40787 -0.06965 0.15708
0.41023 -0.07019 0.15531
0.41264 -0.07044 0.15354
0.41494 -0.07044 0.15161
0.417 -0.07071 0.14943
0.41869 -0.07083 0.14693
0.42046 -0.07086 0.1445
0.42242 -0.07075 0.14222
0.4243 -0.07092 0.13987
0.42621 -0.07137 0.13759
0.42793 -0.07196 0.13519
0.42967 -0.07255 0.1328
0.43132 -0.07321 0.13033
0.4324 -0.07355 0.12754
0.43338 -0.07337 0.12469
0.43463 -0.07305 0.12198
0.43596 -0.07237 0.11935
0.43742 -0.07142 0.11688
0.43939 -0.07036 0.11479
0.44186 -0.07 0.11303
0.44399 -0.07056 0.11083
0.44418 -0.07094 0.10771
0.44421 -0.07144 0.10471
0.44525 -0.07194 0.10187
0.31415 -0.04869 0.30816
0.3147 -0.04872 0.30519
0.31505 -0.04864 0.30219
0.3156 -0.0487 0.29922
0.31574 -0.04918 0.29621
0.31499 -0.04987 0.29332
0.31472 -0.05053 0.29038
0.31452 -0.05087 0.28736
0.31479 -0.05128 0.28438
0.31454 -0.0522 0.28148
0.31504 -0.05322 0.27862
0.31605 -0.05436 0.27597
0.31727 -0.05577 0.27358
0.31868 -0.05674 0.2711
0.32013 -0.05677 0.26845
0.3213 -0.0563 0.26571
0.32244 -0.05564 0.26299
0.32342 -0.05495 0.26023
0.32446 -0.05464 0.2574
0.32586 -0.05437 0.25474
0.32725 -0.0544 0.25206
0.32886 -0.05452 0.2495
0.33006 -0.05408 0.24676
0.33124 -0.05371 0.24401
0.33281 -0.05356 0.24143
0.33412 -0.05366 0.23869
0.33504 -0.05428 0.23588
0.33607 -0.05473 0.23308
0.33722 -0.05504 0.23031
0.33817 -0.05508 0.22743
0.33898 -0.05525 0.22456
0.3403 -0.05563 0.22191
0.34197 -0.05602 0.21942
0.34334 -0.05636 0.21674
0.34467 -0.05675 0.21406
0.34636 -0.05676 0.21157
0.34789 -0.05645 0.20898
0.34937 -0.05614 0.20636
0.35088 -0.05668 0.20382
0.35269 -0.05775 0.20162
0.35461 -0.05853 0.19943
0.35659 -0.0587 0.19717
0.35857 -0.05884 0.1949
0.36064 -0.05947 0.1928
0.3626 -0.06027 0.19066
0.36453 -0.06064 0.18835
0.36685 -0.0611 0.18646
0.36917 -0.06154 0.18458
0.37146 -0.0618 0.18263
0.37372 -0.06207 0.18062
0.37625 -0.06241 0.17901
0.37879 -0.06296 0.17747
0.38112 -0.06344 0.17563
0.38354 -0.06359 0.17384
0.3861 -0.06416 0.17236
0.38889 -0.06484 0.17138
0.39148 -0.06554 0.16989
0.39341 -0.06596 0.16754
0.39571 -0.066 0.16557
0.39804 -0.06629 0.16365
0.4006 -0.0668 0.16208
0.40334 -0.06699 0.16082
0.40586 -0.06683 0.15916
0.40831 -0.06716 0.15745
0.41072 -0.0677 0.15572
0.41291 -0.06787 0.15366
0.41522 -0.06786 0.15173
0.41732 -0.06813 0.14958
0.41908 -0.06825 0.14715
0.42072 -0.06825 0.1446
0.42261 -0.06812 0.14225
0.42454 -0.06829 0.13993
0.42638 -0.06873 0.13759
0.42796 -0.06931 0.1351
0.42938 -0.06992 0.1325
0.43084 -0.07057 0.12992
0.43224 -0.07087 0.12727
0.43351 -0.07068 0.12455
0.43492 -0.07035 0.1219
0.4364 -0.06969 0.11936
0.43802 -0.06878 0.11698
0.44022 -0.06776 0.11516
0.44288 -0.06736 0.11362
0.44548 -0.06788 0.11157
0.44588 -0.06858 0.10824
0.44487 -0.06881 0.10508
0.44532 -0.06917 0.10206
0.3143 -0.04666 0.30813
0.3148 -0.04669 0.30515
0.31541 -0.04664 0.30218
0.31592 -0.04666 0.29918
0.31602 -0.04711 0.29613
0.31491 -0.0478 0.2933
0.31452 -0.04846 0.29037
0.31436 -0.04878 0.28735
0.31451 -0.04922 0.28436
0.31455 -0.05011 0.28144
0.31521 -0.05112 0.27864
0.31609 -0.05222 0.27595
0.31716 -0.05363 0.27349
0.31844 -0.0546 0.27094
0.31977 -0.05464 0.26822
0.32088 -0.05418 0.26546
0.32192 -0.05354 0.2627
0.32299 -0.05282 0.25997
0.32425 -0.05247 0.25724
0.32578 -0.05219 0.25464
0.32722 -0.05221 0.25199
0.32878 -0.05233 0.24939
0.32993 -0.05189 0.24663
0.33118 -0.0515 0.2439
0.33271 -0.05135 0.24129
0.33393 -0.05144 0.23851
0.33467 -0.05209 0.23565
0.33569 -0.05254 0.23285
0.33672 -0.05285 0.23002
0.33776 -0.05286 0.22718
0.33873 -0.053 0.22435
0.34011 -0.05338 0.22173
0.34166 -0.05378 0.21916
0.34313 -0.05409 0.21653
0.34446 -0.05448 0.21385
0.34596 -0.05452 0.21123
0.34757 -0.05418 0.20869
0.34892 -0.05389 0.206
0.35055 -0.05438 0.20352
0.35284 -0.05539 0.20177
0.35488 -0.05619 0.19968
0.35658 -0.05633 0.19717
0.35825 -0.05648 0.19465
0.36013 -0.05718 0.19237
0.36226 -0.05794 0.19035
0.36418 -0.05829 0.18804
0.36647 -0.05875 0.1861
0.36897 -0.05914 0.18442
0.37104 -0.05946 0.18221
0.37344 -0.05966 0.18036
0.37582 -0.06004 0.17856
0.37825 -0.06064 0.17687
0.3805 -0.06115 0.17491
0.383 -0.06126 0.17321
0.38554 -0.06185 0.17168
0.38819 -0.06258 0.17045
0.39078 -0.06321 0.16905
0.39323 -0.06349 0.16732
0.39564 -0.0635 0.1655
0.39816 -0.06377 0.16385
0.4006 -0.06427 0.16207
0.4034 -0.06446 0.16091
0.40618 -0.06438 0.15972
0.4087 -0.06473 0.15813
0.411 -0.06519 0.15623
0.41323 -0.06535 0.15421
0.41553 -0.06534 0.15226
0.41761 -0.0656 0.15008
0.4193 -0.06569 0.14759
0.42083 -0.06565 0.14498
0.42256 -0.06549 0.14248
0.42445 -0.06565 0.14013
0.42613 -0.06609 0.13769
0.42756 -0.06668 0.13511
0.42887 -0.0673 0.13245
0.43022 -0.06797 0.12979
0.43199 -0.0682 0.12732
0.43358 -0.06798 0.12475
0.43514 -0.06764 0.1222
0.43636 -0.06697 0.1195
0.43775 -0.06609 0.11694
0.44003 -0.06501 0.11518
0.44248 -0.06446 0.11343
0.44474 -0.0648 0.11129
0.44623 -0.06565 0.10851
0.44572 -0.06621 0.10533
0.44603 -0.0665 0.10233
0.44648 -0.0665 0.09928
0.31468 -0.04468 0.30806
0.31485 -0.04467 0.30505
0.31558 -0.04459 0.30209
0.31578 -0.0446 0.29904
0.31551 -0.04507 0.29603
0.31505 -0.04574 0.29311
0.31442 -0.0464 0.29021
0.31448 -0.04671 0.28719
0.31442 -0.04714 0.28419
0.31446 -0.04803 0.28127
0.31529 -0.04903 0.2785
0.31623 -0.0501 0.27584
0.31718 -0.05149 0.27332
0.31831 -0.05246 0.2707
0.31955 -0.05251 0.26794
0.32058 -0.05205 0.26514
0.32166 -0.05139 0.26239
0.32285 -0.05065 0.25972
0.32416 -0.0503 0.25701
0.3258 -0.05001 0.25448
0.32729 -0.05003 0.25184
0.32874 -0.05015 0.24919
0.33009 -0.04969 0.24652
0.33133 -0.04929 0.24379
0.33277 -0.04911 0.24111
0.334 -0.04918 0.23832
0.33483 -0.04984 0.23548
0.33559 -0.05031 0.23259
0.33655 -0.05063 0.22974
0.33744 -0.05066 0.22686
0.33844 -0.05078 0.22402
0.33996 -0.05113 0.22145
0.34142 -0.05155 0.21883
0.34282 -0.05186 0.21616
0.34418 -0.05224 0.21349
0.34584 -0.05223 0.21096
0.34724 -0.05192 0.20829
0.34863 -0.05161 0.20563
0.35035 -0.05207 0.20318
0.35265 -0.05307 0.20145
0.35527 -0.05376 0.19994
0.35688 -0.05398 0.19728
0.35847 -0.05411 0.1947
0.36003 -0.0548 0.19219
0.36199 -0.05559 0.19002
0.36399 -0.05592 0.18777
0.36629 -0.05638 0.18584
0.36858 -0.05681 0.18391
0.37084 -0.05706 0.1819
0.37326 -0.05725 0.18008
0.37581 -0.05759 0.17849
0.37812 -0.0582 0.17665
0.38032 -0.05868 0.17463
0.3826 -0.05886 0.17264
0.3851 -0.05946 0.17103
0.38761 -0.0603 0.16952
0.39038 -0.06083 0.16837
0.39308 -0.06101 0.16703
0.39576 -0.06099 0.16564
0.39827 -0.06126 0.16398
0.40076 -0.06174 0.16229
0.40351 -0.06193 0.16102
0.40638 -0.06187 0.16004
0.4091 -0.0623 0.15882
0.41148 -0.06279 0.15702
0.41369 -0.06292 0.15498
0.41585 -0.06284 0.15288
0.41782 -0.06306 0.1506
0.41937 -0.06311 0.14802
0.42098 -0.06307 0.14544
0.42275 -0.0629 0.14298
0.42453 -0.06304 0.14056
0.42588 -0.06346 0.13791
0.42722 -0.06404 0.13527
0.4285 -0.06465 0.13259
0.42976 -0.06533 0.12988
0.43164 -0.06554 0.12746
0.433 -0.06533 0.12477
0.43433 -0.065 0.12207
0.43571 -0.06432 0.11945
0.43737 -0.0634 0.11708
0.43922 -0.0624 0.11488
0.44141 -0.06194 0.11286
0.44364 -0.06221 0.11085
0.44547 -0.06285 0.10842
0.44601 -0.06347 0.10542
0.44629 -0.06373 0.10238
0.44731 -0.06383 0.0995
0.31512 -0.0427 0.308
0.31487 -0.04264 0.30497
0.31532 -0.04256 0.30196
0.31542 -0.04259 0.29893
0.31512 -0.04307 0.29594
0.31457 -0.04374 0.29303
0.31404 -0.04439 0.29009
0.31456 -0.04464 0.28707
0.31431 -0.04507 0.28407
0.31434 -0.04593 0.28113
0.31526 -0.04692 0.27838
0.31627 -0.04798 0.27573
0.31721 -0.04935 0.27321
0.31825 -0.05031 0.27054
0.31936 -0.05036 0.26773
0.32044 -0.04988 0.26495
0.32159 -0.04922 0.26223
0.32278 -0.04847 0.25956
0.32411 -0.04812 0.25686
0.32575 -0.04783 0.25433
0.32727 -0.04784 0.25171
0.32866 -0.04796 0.24902
0.33004 -0.04748 0.24637
0.33118 -0.04708 0.24359
0.33247 -0.0469 0.24084
0.33352 -0.04699 0.238
0.33457 -0.0476 0.23523
0.33558 -0.04806 0.23241
0.33644 -0.04838 0.22953
0.33743 -0.04841 0.22668
0.33834 -0.04853 0.2238
0.33966 -0.04891 0.22113
0.34114 -0.04932 0.21852
0.34252 -0.04963 0.21584
0.34395 -0.04998 0.21321
0.34555 -0.04997 0.21064
0.347 -0.04964 0.20801
0.34849 -0.04929 0.2054
0.35056 -0.04973 0.20324
0.35234 -0.05077 0.20099
0.35464 -0.05153 0.19917
0.35669 -0.05164 0.19692
0.3583 -0.05177 0.19436
0.36008 -0.05243 0.19201
0.36183 -0.05324 0.18967
0.36384 -0.05356 0.18741
0.36596 -0.05405 0.18529
0.36841 -0.05444 0.18351
0.37079 -0.05465 0.18165
0.37328 -0.05483 0.17993
0.37585 -0.05516 0.17837
0.3781 -0.05577 0.17644
0.38032 -0.05622 0.17444
0.38257 -0.05637 0.17243
0.385 -0.05698 0.17072
0.38753 -0.05777 0.16924
0.39019 -0.05837 0.16788
0.39307 -0.05852 0.16689
0.39581 -0.05849 0.16562
0.39845 -0.05876 0.16418
0.40112 -0.05928 0.16284
0.40375 -0.05943 0.16134
0.40659 -0.05935 0.16026
0.40947 -0.05985 0.15947
0.41211 -0.06051 0.15807
0.41437 -0.06064 0.15602
0.41635 -0.06044 0.15374
0.41798 -0.06053 0.15119
0.41941 -0.06055 0.14853
0.42097 -0.06049 0.14591
0.42283 -0.06032 0.14351
0.42457 -0.06044 0.14105
0.42567 -0.06084 0.13828
0.42703 -0.06141 0.13565
0.42819 -0.06202 0.13292
0.42928 -0.06269 0.13012
0.43084 -0.06297 0.1275
0.43218 -0.06275 0.12478
0.43364 -0.06237 0.12214
0.43539 -0.06163 0.11977
0.43687 -0.06073 0.11729
0.4385 -0.05976 0.11492
0.44029 -0.05942 0.11255
0.44245 -0.05973 0.11053
0.44442 -0.06026 0.1083
0.44608 -0.06073 0.1058
0.44703 -0.06111 0.1029
0.44812 -0.06125 0.10007
0.44922 -0.06121 0.09724
0.31552 -0.0407 0.30798
0.31529 -0.04065 0.30494
0.31516 -0.04054 0.30192
0.31517 -0.04058 0.29889
0.31506 -0.04105 0.2959
0.31456 -0.04167 0.29297
0.31386 -0.04232 0.29007
0.31437 -0.04257 0.28705
0.31425 -0.04299 0.28404
0.31439 -0.04382 0.28111
0.31528 -0.0448 0.27835
0.31631 -0.04585 0.27571
0.31727 -0.04721 0.27319
0.31823 -0.04816 0.27049
0.31928 -0.0482 0.26765
0.32033 -0.04772 0.26486
0.32154 -0.04704 0.26217
0.32274 -0.04628 0.25951
0.32405 -0.04594 0.25681
0.32552 -0.04566 0.25418
0.32714 -0.04566 0.25162
0.32846 -0.04578 0.24889
0.32973 -0.04531 0.24618
0.33097 -0.04488 0.24345
0.33197 -0.04474 0.24059
0.33303 -0.04482 0.23777
0.33429 -0.04537 0.23508
0.33554 -0.0458 0.23234
0.33637 -0.04612 0.22943
0.33736 -0.04614 0.22658
0.33823 -0.04627 0.22369
0.33941 -0.04666 0.22095
0.34087 -0.04707 0.21833
0.34231 -0.04736 0.21569
0.3437 -0.04771 0.21303
0.34526 -0.04769 0.21044
0.34662 -0.04736 0.20776
0.34843 -0.04697 0.20538
0.35076 -0.04739 0.20349
0.35249 -0.04843 0.20119
0.35423 -0.04924 0.19885
0.35621 -0.04936 0.19658
0.3581 -0.04942 0.19421
0.35984 -0.05009 0.19183
0.36151 -0.05091 0.18943
0.36363 -0.05119 0.18727
0.36584 -0.05163 0.18523
0.36825 -0.05202 0.18344
0.37062 -0.05223 0.18156
0.37295 -0.05243 0.17963
0.37543 -0.05279 0.17794
0.37799 -0.05333 0.17641
0.38025 -0.05377 0.17446
0.38246 -0.0539 0.17242
0.38486 -0.05449 0.17069
0.38725 -0.0553 0.16901
0.38988 -0.05592 0.16757
0.39272 -0.05609 0.16647
0.39552 -0.05602 0.16533
0.39829 -0.05627 0.16417
0.4011 -0.05677 0.16314
0.4038 -0.05694 0.16177
0.40652 -0.05684 0.16046
0.4094 -0.05729 0.15968
0.41231 -0.05799 0.15894
0.41492 -0.05832 0.15723
0.41688 -0.05809 0.15482
0.41817 -0.05808 0.15205
0.41929 -0.05805 0.14922
0.42077 -0.05796 0.14656
0.42246 -0.05777 0.14404
0.4242 -0.05788 0.14159
0.42555 -0.05827 0.13895
0.4267 -0.05883 0.13622
0.42805 -0.05942 0.13356
0.429 -0.06008 0.13072
0.43029 -0.06036 0.12797
0.4316 -0.06012 0.12524
0.4331 -0.05974 0.12263
0.43473 -0.05903 0.12017
0.43623 -0.05811 0.11772
0.43789 -0.05712 0.11537
0.43965 -0.05676 0.11297
0.44163 -0.05712 0.11077
0.44343 -0.05766 0.10842
0.44525 -0.05807 0.10607
0.44699 -0.05845 0.1036
0.4484 -0.05864 0.10093
0.44981 -0.05869 0.09825
0.45091 -0.05876 0.09541
0.3155 -0.03866 0.30788
0.31579 -0.03868 0.30485
0.31551 -0.03854 0.30182
0.31528 -0.03854 0.2988
0.31524 -0.03904 0.29581
0.31453 -0.03962 0.29292
0.31381 -0.04024 0.29002
0.314 -0.04053 0.28698
0.31427 -0.04091 0.28399
0.31472 -0.04174 0.28111
0.31546 -0.0427 0.27832
0.31639 -0.04373 0.27564
0.31742 -0.04507 0.27313
0.31835 -0.04601 0.27041
0.31937 -0.04604 0.26757
0.32033 -0.04555 0.26475
0.32154 -0.04486 0.26206
0.32282 -0.0441 0.25943
0.32397 -0.04376 0.25665
0.32535 -0.04349 0.25397
0.32704 -0.04349 0.25146
0.32845 -0.0436 0.24878
0.32968 -0.04311 0.24605
0.33083 -0.04268 0.24327
0.33174 -0.04254 0.24038
0.33279 -0.04261 0.23756
0.33399 -0.04316 0.23484
0.3352 -0.04357 0.23209
0.33628 -0.04386 0.22927
0.33717 -0.04389 0.22638
0.33809 -0.04402 0.22351
0.33937 -0.04441 0.2208
0.34076 -0.04482 0.21814
0.34206 -0.04511 0.21543
0.34353 -0.04544 0.21281
0.34497 -0.04543 0.21016
0.34639 -0.04507 0.20752
0.34813 -0.04468 0.20509
0.35059 -0.04503 0.20335
0.35277 -0.04607 0.20141
0.35407 -0.04691 0.19874
0.35587 -0.04705 0.19631
0.35759 -0.04714 0.19383
0.3594 -0.04778 0.19149
0.36112 -0.04858 0.18912
0.36325 -0.04885 0.18692
0.36583 -0.04923 0.18535
0.36839 -0.04963 0.18377
0.37071 -0.04981 0.18184
0.37294 -0.04998 0.17981
0.37517 -0.05034 0.17779
0.3777 -0.05091 0.17618
0.38007 -0.05133 0.17438
0.38229 -0.05145 0.17235
0.38463 -0.05202 0.17053
0.38701 -0.05281 0.16884
0.38955 -0.05344 0.16723
0.39235 -0.05365 0.16601
0.3952 -0.05357 0.16499
0.39804 -0.05378 0.16398
0.40086 -0.05427 0.16296
0.40357 -0.05443 0.16164
0.40619 -0.05436 0.16014
0.40904 -0.05479 0.15921
0.41196 -0.05535 0.15857
0.41492 -0.05553 0.15752
0.41705 -0.05538 0.15513
0.41809 -0.0555 0.15218
0.41914 -0.05547 0.14932
0.42076 -0.05536 0.14675
0.42236 -0.05516 0.1442
0.424 -0.05527 0.14167
0.42542 -0.05565 0.13904
0.42665 -0.05619 0.13634
0.42756 -0.05679 0.1335
0.4288 -0.05742 0.13079
0.4303 -0.05769 0.12818
0.43165 -0.05743 0.12551
0.43307 -0.05704 0.12287
0.43444 -0.05633 0.12025
0.43602 -0.0554 0.11783
0.43788 -0.0544 0.11561
0.43968 -0.05403 0.11319
0.4416 -0.05437 0.11088
0.44355 -0.05491 0.10863
0.44537 -0.05533 0.10625
0.4471 -0.05571 0.10381
0.44883 -0.05595 0.10134
0.4501 -0.05593 0.09859
0.45151 -0.05607 0.0959
0.31502 -0.03669 0.30765
0.31576 -0.03663 0.30471
0.3159 -0.03655 0.30167
0.31585 -0.03659 0.29865
0.31589 -0.03712 0.29565
0.31488 -0.03758 0.2928
0.31409 -0.03818 0.28993
0.31395 -0.03846 0.28689
0.31441 -0.03883 0.28392
0.315 -0.03966 0.28106
0.31576 -0.04061 0.27829
0.31662 -0.04162 0.27558
0.31751 -0.04294 0.27301
0.31856 -0.04387 0.27033
0.31964 -0.04389 0.26751
0.32053 -0.04338 0.26466
0.32174 -0.04269 0.26198
0.32289 -0.04192 0.25929
0.324 -0.04157 0.2565
0.32539 -0.04131 0.25381
0.32712 -0.04133 0.25133
0.32855 -0.04141 0.24865
0.32963 -0.04091 0.24586
0.33054 -0.04049 0.243
0.33151 -0.04034 0.24014
0.33267 -0.04039 0.23735
0.33385 -0.04093 0.23463
0.33509 -0.04132 0.23189
0.33621 -0.0416 0.22908
0.33698 -0.04164 0.22615
0.33811 -0.04175 0.22337
0.33945 -0.04214 0.22068
0.34065 -0.04255 0.21794
0.34189 -0.04285 0.2152
0.34327 -0.04317 0.21254
0.34459 -0.04318 0.20982
0.34612 -0.04278 0.20726
0.34786 -0.04238 0.20484
0.35012 -0.04276 0.2029
0.35249 -0.04367 0.20114
0.3542 -0.04452 0.19873
0.3555 -0.04475 0.19598
0.35727 -0.04482 0.19353
0.35901 -0.04546 0.19114
0.36084 -0.04622 0.18883
0.36316 -0.04643 0.18683
0.36568 -0.04683 0.18516
0.36842 -0.04723 0.18392
0.37101 -0.04745 0.18235
0.37308 -0.04757 0.18013
0.37516 -0.04789 0.17795
0.37748 -0.04847 0.17607
0.37981 -0.04888 0.17419
0.3821 -0.04897 0.17222
0.38455 -0.04953 0.17056
0.38701 -0.05031 0.16897
0.38949 -0.05092 0.16733
0.39209 -0.05115 0.16575
0.39486 -0.05112 0.16449
0.3977 -0.05134 0.16348
0.40052 -0.05181 0.16248
0.40319 -0.05197 0.1611
0.40578 -0.05191 0.15956
0.40847 -0.05246 0.1583
0.41132 -0.05308 0.15745
0.41411 -0.05321 0.15627
0.41622 -0.05303 0.15406
0.41772 -0.05305 0.15141
0.41926 -0.05292 0.1488
0.42106 -0.05278 0.14639
0.42261 -0.05256 0.14382
0.42409 -0.05266 0.1412
0.42557 -0.05304 0.13859
0.42676 -0.05358 0.13588
0.42773 -0.05415 0.13305
0.42926 -0.05479 0.13049
0.43065 -0.05505 0.12784
0.43194 -0.05478 0.12514
0.43328 -0.05437 0.12247
0.43465 -0.05364 0.11983
0.43651 -0.05271 0.11761
0.4385 -0.05174 0.1155
0.44038 -0.05137 0.11314
0.44228 -0.05171 0.11083
0.44405 -0.05221 0.10842
0.44612 -0.05268 0.10625
0.44793 -0.05308 0.10386
0.44994 -0.05341 0.10159
0.45136 -0.05343 0.09889
0.45238 -0.05342 0.09599
0.45323 -0.05614 0.09343
0.4541 -0.05349 0.0935
0.31446 -0.03476 0.30745
0.31532 -0.03464 0.30455
0.31602 -0.0345 0.3016
0.31643 -0.03462 0.2986
0.31671 -0.03523 0.2956
0.31581 -0.03574 0.29269
0.3147 -0.03619 0.28992
0.3142 -0.03639 0.28692
0.31441 -0.03675 0.2839
0.31518 -0.03758 0.28109
0.31606 -0.03851 0.27834
0.31676 -0.0395 0.27558
0.31762 -0.0408 0.273
0.3187 -0.04172 0.27033
0.31981 -0.04174 0.26752
0.32101 -0.04127 0.26479
0.32198 -0.04051 0.26203
0.32296 -0.03972 0.25929
0.32429 -0.0394 0.25657
0.32578 -0.03916 0.25395
0.32752 -0.03919 0.25146
0.32856 -0.03922 0.2486
0.32934 -0.03873 0.24572
0.33021 -0.03831 0.24286
0.33136 -0.03813 0.24007
0.33251 -0.03817 0.23728
0.33358 -0.0387 0.23451
0.33478 -0.03908 0.23176
0.33585 -0.03935 0.22894
0.33686 -0.03937 0.2261
0.33802 -0.03948 0.22333
0.33948 -0.03985 0.2207
0.34044 -0.04029 0.21785
0.34165 -0.04058 0.2151
0.34292 -0.04092 0.21239
0.34421 -0.04091 0.20967
0.34566 -0.04053 0.20706
0.34748 -0.04008 0.20472
0.34951 -0.04053 0.20255
0.35149 -0.0416 0.2005
0.35338 -0.04233 0.19826
0.35527 -0.0424 0.1959
0.35717 -0.04245 0.19356
0.3588 -0.04309 0.19108
0.36073 -0.04382 0.18884
0.3632 -0.04403 0.18707
0.36567 -0.04441 0.18536
0.36831 -0.04482 0.18392
0.37092 -0.04503 0.18242
0.37309 -0.04515 0.18034
0.37528 -0.04547 0.1783
0.37738 -0.04602 0.17618
0.37965 -0.04642 0.17421
0.38208 -0.04649 0.17242
0.38451 -0.04705 0.17075
0.38696 -0.04783 0.16915
0.38947 -0.04843 0.16757
0.39198 -0.04864 0.16587
0.39457 -0.04861 0.16427
0.39734 -0.04887 0.16306
0.40017 -0.04935 0.16207
0.40296 -0.04945 0.16094
0.40557 -0.04936 0.15944
0.40794 -0.05 0.1577
0.41061 -0.05079 0.15647
0.41325 -0.05106 0.15508
0.41534 -0.05081 0.15294
0.41726 -0.05056 0.15062
0.41945 -0.0503 0.14855
0.42134 -0.05017 0.14623
0.42282 -0.04993 0.14363
0.4244 -0.05003 0.14106
0.42573 -0.05039 0.13839
0.42688 -0.05092 0.13566
0.42795 -0.05148 0.13286
0.42952 -0.05213 0.13031
0.43107 -0.0524 0.12775
0.43214 -0.05209 0.12494
0.4334 -0.05166 0.12222
0.43502 -0.05092 0.11972
0.43702 -0.05003 0.11762
0.4389 -0.04903 0.11543
0.44104 -0.04871 0.11331
0.44277 -0.049 0.11088
0.44473 -0.04954 0.10865
0.44666 -0.04998 0.10637
0.44865 -0.05043 0.10412
0.45076 -0.05076 0.10194
0.45259 -0.05092 0.09946
0.45357 -0.05091 0.09654
0.45506 -0.05088 0.09394
0.45701 -0.05097 0.09163
0.31403 -0.03279 0.30733
0.31486 -0.03266 0.30443
0.31554 -0.03251 0.30149
0.31644 -0.03254 0.2986
0.31725 -0.03316 0.29566
0.3167 -0.03386 0.29265
0.31563 -0.03435 0.28985
0.31495 -0.03444 0.28691
0.31449 -0.03467 0.28391
0.31523 -0.03549 0.28108
0.31621 -0.0364 0.27836
0.31693 -0.03738 0.2756
0.31783 -0.03867 0.27303
0.31899 -0.03959 0.2704
0.32027 -0.03963 0.26766
0.32183 -0.03927 0.26509
0.32297 -0.03855 0.26234
0.32344 -0.03759 0.25948
0.32463 -0.03724 0.2567
0.3263 -0.03704 0.25418
0.32805 -0.03704 0.25165
0.32873 -0.03702 0.24865
0.32926 -0.03654 0.24572
0.33023 -0.03611 0.24291
0.33137 -0.03591 0.24012
0.33251 -0.03594 0.23732
0.33343 -0.03647 0.23448
0.33434 -0.03687 0.23163
0.3354 -0.03714 0.22882
0.33658 -0.03712 0.22605
0.33778 -0.03722 0.22329
0.33906 -0.0376 0.22058
0.34025 -0.03802 0.21782
0.34123 -0.03834 0.21498
0.34247 -0.03868 0.21226
0.3438 -0.03866 0.20955
0.34523 -0.03826 0.20693
0.3471 -0.0378 0.20461
0.34907 -0.03826 0.20239
0.35076 -0.0394 0.20013
0.35264 -0.04013 0.19788
0.35477 -0.04011 0.19572
0.35669 -0.04013 0.19338
0.35857 -0.04074 0.1911
0.36058 -0.04144 0.18892
0.36326 -0.04167 0.18745
0.36591 -0.0421 0.18607
0.36842 -0.04244 0.18443
0.3709 -0.04261 0.18272
0.37325 -0.04277 0.18086
0.37527 -0.04307 0.17867
0.37733 -0.04359 0.1765
0.3795 -0.04397 0.17441
0.38198 -0.04405 0.17268
0.38442 -0.04459 0.17103
0.38673 -0.04536 0.16923
0.38921 -0.04597 0.16759
0.39171 -0.04616 0.16589
0.39434 -0.0461 0.16437
0.39699 -0.04635 0.16293
0.39977 -0.04686 0.16178
0.40255 -0.04698 0.16063
0.40518 -0.04687 0.15919
0.40761 -0.04744 0.15754
0.41011 -0.04826 0.15606
0.41264 -0.0486 0.15448
0.41487 -0.04823 0.15249
0.41728 -0.0479 0.15069
0.41951 -0.04767 0.1487
0.4215 -0.04755 0.14647
0.42311 -0.04731 0.14395
0.42455 -0.04739 0.14131
0.4259 -0.04775 0.13866
0.427 -0.04827 0.1359
0.4282 -0.04883 0.13316
0.42958 -0.04946 0.13051
0.43126 -0.04973 0.12799
0.43251 -0.04942 0.12526
0.43367 -0.04895 0.12249
0.43543 -0.04825 0.1201
0.4373 -0.04733 0.11791
0.43923 -0.04634 0.11578
0.44125 -0.04598 0.11357
0.44304 -0.04629 0.1112
0.44496 -0.04681 0.10893
0.44701 -0.04727 0.10676
0.44897 -0.0477 0.10448
0.45102 -0.04799 0.10225
0.45282 -0.0481 0.09979
0.4541 -0.0482 0.09702
0.45553 -0.04815 0.09438
0.45742 -0.04818 0.09203
0.31345 -0.03088 0.30702
0.31428 -0.03075 0.30411
0.31502 -0.03056 0.3012
0.31588 -0.03057 0.2983
0.31711 -0.03102 0.2955
0.31728 -0.03182 0.29246
0.31658 -0.03247 0.2895
0.31551 -0.03245 0.28666
0.31458 -0.03261 0.28375
0.31518 -0.03341 0.28087
0.31621 -0.03431 0.27817
0.31729 -0.03529 0.27554
0.31821 -0.03657 0.27297
0.3194 -0.03748 0.27035
0.32087 -0.03755 0.26772
0.32246 -0.03714 0.26516
0.32346 -0.03638 0.26236
0.32404 -0.03549 0.25952
0.32532 -0.03517 0.2568
0.32683 -0.03492 0.25418
0.32794 -0.03482 0.25134
0.32861 -0.03485 0.24839
0.3294 -0.03437 0.24553
0.33053 -0.03393 0.24277
0.33169 -0.03373 0.23998
0.33275 -0.03374 0.23714
0.33346 -0.03425 0.23423
0.33427 -0.03466 0.23135
0.33533 -0.03491 0.22855
0.33637 -0.0349 0.22572
0.3376 -0.03499 0.22296
0.33872 -0.0354 0.22018
0.34004 -0.03579 0.21749
0.34114 -0.0361 0.21469
0.3424 -0.03644 0.21197
0.34378 -0.03639 0.20929
0.34538 -0.03596 0.20679
0.34703 -0.0355 0.20432
0.34906 -0.03595 0.20215
0.35074 -0.03707 0.19987
0.35257 -0.03779 0.19759
0.35441 -0.03784 0.19519
0.35633 -0.03786 0.19284
0.35845 -0.0384 0.19075
0.36077 -0.03907 0.18889
0.36355 -0.03932 0.18766
0.36639 -0.03984 0.18674
0.36902 -0.04026 0.18529
0.37147 -0.04038 0.18352
0.37359 -0.04041 0.18139
0.37544 -0.04066 0.17904
0.3773 -0.04116 0.17668
0.37946 -0.04153 0.17456
0.38188 -0.04159 0.17273
0.38435 -0.04212 0.17113
0.38654 -0.04289 0.1692
0.38891 -0.04351 0.16738
0.39147 -0.04369 0.16571
0.3942 -0.04359 0.1644
0.39684 -0.04383 0.16297
0.39949 -0.04434 0.16156
0.40223 -0.04447 0.1603
0.40491 -0.04434 0.15894
0.40742 -0.04487 0.15741
0.40995 -0.04567 0.15599
0.41254 -0.046 0.15448
0.41493 -0.0456 0.15268
0.4175 -0.04532 0.15111
0.41987 -0.04512 0.14924
0.42168 -0.04495 0.14684
0.42334 -0.04472 0.14434
0.42478 -0.04479 0.14171
0.42609 -0.04514 0.13903
0.42717 -0.04564 0.13626
0.42848 -0.04621 0.13358
0.42955 -0.04679 0.13077
0.43115 -0.04705 0.12819
0.43253 -0.04674 0.12553
0.43403 -0.0463 0.12293
0.4358 -0.0456 0.12056
0.43757 -0.04465 0.11831
0.4395 -0.04364 0.11618
0.44153 -0.04328 0.11399
0.44326 -0.04357 0.11158
0.44519 -0.04409 0.10932
0.44726 -0.04456 0.10716
0.44914 -0.04496 0.10479
0.45105 -0.04521 0.10245
0.45305 -0.04532 0.10014
0.4544 -0.04543 0.0974
0.4557 -0.04537 0.09467
0.45735 -0.04536 0.09216
0.45901 -0.04565 0.08966
0.31283 -0.02902 0.30653
0.31366 -0.02888 0.30362
0.31427 -0.02873 0.30067
0.31512 -0.02873 0.29779
0.31646 -0.02905 0.29506
0.31716 -0.02969 0.29206
0.31669 -0.03035 0.28902
0.31542 -0.0304 0.28624
0.31458 -0.03059 0.28331
0.31524 -0.03137 0.28044
0.31632 -0.03225 0.27776
0.31756 -0.03321 0.27518
0.31863 -0.03449 0.27267
0.31983 -0.03539 0.27006
0.32131 -0.03543 0.26743
0.32262 -0.03497 0.26473
0.32355 -0.03422 0.26195
0.32451 -0.03338 0.25923
0.32613 -0.03312 0.25667
0.32724 -0.03277 0.25382
0.32764 -0.03271 0.2508
0.32863 -0.0327 0.24795
0.32977 -0.03222 0.24521
0.33097 -0.03177 0.24246
0.33206 -0.03154 0.23963
0.33306 -0.03153 0.23675
0.33357 -0.03204 0.2338
0.33449 -0.03244 0.23096
0.33541 -0.03269 0.2281
0.33631 -0.03269 0.22523
0.3375 -0.03279 0.22246
0.33866 -0.0332 0.2197
0.34003 -0.03357 0.21704
0.34149 -0.03386 0.21441
0.34281 -0.0342 0.21171
0.34411 -0.03414 0.20899
0.34555 -0.03369 0.2064
0.34719 -0.03321 0.20393
0.34932 -0.03361 0.20182
0.35092 -0.03476 0.19949
0.3526 -0.0355 0.1971
0.35441 -0.03553 0.19467
0.35647 -0.03551 0.19245
0.35858 -0.03605 0.19033
0.3611 -0.03673 0.18874
0.36392 -0.03697 0.18763
0.36689 -0.0375 0.18715
0.36974 -0.03809 0.18618
0.3723 -0.03828 0.18447
0.3743 -0.03821 0.18214
0.37567 -0.03828 0.17943
0.37727 -0.03875 0.17687
0.37934 -0.03909 0.17463
0.38172 -0.03914 0.17275
0.3841 -0.03966 0.17101
0.38632 -0.04042 0.16911
0.38864 -0.04101 0.16722
0.39126 -0.04117 0.16562
0.39402 -0.04108 0.16437
0.39672 -0.0413 0.16307
0.39934 -0.0418 0.16161
0.40203 -0.04192 0.16024
0.40478 -0.04178 0.159
0.40747 -0.04232 0.1578
0.40985 -0.04309 0.15613
0.41238 -0.04342 0.15453
0.41493 -0.04303 0.15296
0.41751 -0.04274 0.15141
0.42005 -0.04255 0.14975
0.42185 -0.04237 0.1473
0.42333 -0.04211 0.1447
0.42482 -0.04219 0.14209
0.42612 -0.04252 0.1394
0.42734 -0.04303 0.13669
0.42858 -0.04358 0.13398
0.42987 -0.04417 0.1313
0.43103 -0.04437 0.12849
0.43269 -0.04408 0.12596
0.43424 -0.04365 0.1234
0.43596 -0.04292 0.12101
0.4378 -0.04198 0.1188
0.4399 -0.04101 0.11682
0.44166 -0.04058 0.11441
0.44357 -0.0409 0.11215
0.44559 -0.04145 0.10997
0.44744 -0.04185 0.10761
0.44936 -0.04226 0.10528
0.4509 -0.04244 0.10267
0.45269 -0.04253 0.10023
0.45438 -0.04265 0.09771
0.45577 -0.04259 0.09503
0.45725 -0.04256 0.09241
0.45889 -0.04286 0.0899
0.46064 -0.04294 0.08745
0.31242 -0.02709 0.30606
0.31301 -0.02703 0.30311
0.31329 -0.02704 0.30011
0.31417 -0.02701 0.29723
0.31559 -0.02723 0.29453
0.31634 -0.02777 0.29158
0.31613 -0.02837 0.28855
0.31509 -0.02844 0.28569
0.31482 -0.02861 0.28269
0.31557 -0.02939 0.27986
0.31662 -0.03025 0.27718
0.31784 -0.03119 0.27459
0.31901 -0.03246 0.27211
0.32027 -0.03334 0.26953
0.32165 -0.03336 0.26685
0.3228 -0.03289 0.26409
0.32382 -0.03214 0.26135
0.325 -0.03131 0.25873
0.32668 -0.031 0.25617
0.32708 -0.03067 0.25311
0.32781 -0.03063 0.25019
0.32889 -0.03061 0.24738
0.33011 -0.03009 0.24468
0.33114 -0.02961 0.24186
0.33225 -0.02936 0.23903
0.33314 -0.02934 0.23612
0.33354 -0.02988 0.23315
0.33446 -0.03027 0.2303
0.3354 -0.03052 0.22746
0.3364 -0.03051 0.22463
0.33753 -0.03062 0.22184
0.33887 -0.03101 0.21916
0.3402 -0.03138 0.21648
0.34164 -0.03164 0.21385
0.34333 -0.03193 0.21134
0.34444 -0.03188 0.20852
0.34578 -0.03142 0.20589
0.34724 -0.03095 0.20329
0.34896 -0.03144 0.20089
0.35071 -0.03256 0.19868
0.35263 -0.03324 0.19646
0.35498 -0.03323 0.19453
0.35705 -0.03321 0.19233
0.35898 -0.03373 0.19005
0.36141 -0.03442 0.18837
0.36417 -0.03469 0.18713
0.36716 -0.03509 0.18677
0.37018 -0.03557 0.18635
0.37307 -0.0358 0.18502
0.37506 -0.03581 0.18252
0.37592 -0.03591 0.1795
0.37722 -0.03636 0.17676
0.3794 -0.03666 0.17462
0.38164 -0.03669 0.17257
0.38398 -0.0372 0.17073
0.38628 -0.03794 0.16891
0.38879 -0.0385 0.16729
0.39143 -0.03866 0.16582
0.39416 -0.03856 0.16452
0.39681 -0.03877 0.16309
0.39943 -0.03926 0.16166
0.40214 -0.03937 0.16036
0.40491 -0.03923 0.15914
0.40766 -0.03979 0.15805
0.41012 -0.04056 0.15651
0.41234 -0.04083 0.15452
0.41475 -0.04045 0.15272
0.41737 -0.04015 0.15122
0.41995 -0.03993 0.14968
0.42213 -0.03977 0.1476
0.42343 -0.0395 0.14489
0.42474 -0.03956 0.14217
0.42612 -0.03989 0.1395
0.42751 -0.0404 0.13687
0.42877 -0.04093 0.13417
0.43018 -0.04152 0.13157
0.43138 -0.04171 0.12883
0.43294 -0.0414 0.12625
0.43466 -0.04099 0.1238
0.43643 -0.04027 0.12145
0.43818 -0.03931 0.11919
0.44005 -0.03828 0.11703
0.44189 -0.03786 0.11465
0.44384 -0.03817 0.11237
0.44609 -0.03877 0.1104
0.44793 -0.03917 0.10803
0.44968 -0.03954 0.10559
0.4513 -0.03973 0.10304
0.45289 -0.03977 0.10047
0.45451 -0.03988 0.09793
0.45603 -0.03982 0.09535
0.45776 -0.03984 0.09287
0.45915 -0.04008 0.0902
0.46087 -0.04016 0.08774
0.31185 -0.0252 0.30561
0.31227 -0.02521 0.30263
0.31253 -0.02522 0.29963
0.31332 -0.02524 0.29673
0.31452 -0.02558 0.29398
0.31535 -0.02603 0.29109
0.31558 -0.02643 0.28807
0.31492 -0.02646 0.2851
0.31526 -0.02665 0.28212
0.31607 -0.02742 0.27934
0.31709 -0.02826 0.27665
0.31829 -0.02918 0.27405
0.31932 -0.03042 0.27151
0.3206 -0.03129 0.26893
0.32186 -0.03129 0.2662
0.32302 -0.03082 0.26345
0.32402 -0.03005 0.26072
0.32521 -0.02922 0.25811
0.32662 -0.02891 0.25543
0.32731 -0.02859 0.25249
0.32809 -0.02855 0.24958
0.32917 -0.02852 0.24678
0.3301 -0.02798 0.24397
0.3311 -0.02749 0.24116
0.33214 -0.02723 0.23832
0.33292 -0.02722 0.23539
0.33359 -0.02773 0.23249
0.3344 -0.02812 0.22962
0.33539 -0.02835 0.2268
0.33654 -0.02833 0.22403
0.33765 -0.02843 0.22124
0.33907 -0.0288 0.21861
0.34041 -0.02917 0.21593
0.34162 -0.02944 0.21319
0.34304 -0.02974 0.21055
0.34437 -0.02966 0.20786
0.34565 -0.0292 0.20518
0.34708 -0.02874 0.20257
0.34874 -0.02924 0.20014
0.35072 -0.03029 0.1981
0.35281 -0.03094 0.19604
0.35525 -0.03088 0.19425
0.35742 -0.03087 0.19214
0.35925 -0.03139 0.18978
0.36136 -0.03213 0.18771
0.36396 -0.03254 0.18613
0.36689 -0.03306 0.18547
0.36986 -0.03342 0.18503
0.37264 -0.03348 0.18385
0.37477 -0.03344 0.18164
0.37584 -0.03363 0.17876
0.3773 -0.03403 0.17608
0.37962 -0.03428 0.17408
0.38199 -0.03428 0.1722
0.38427 -0.03478 0.17028
0.38664 -0.0355 0.16854
0.38924 -0.03607 0.16705
0.39207 -0.03624 0.16601
0.3948 -0.03614 0.16472
0.39739 -0.03632 0.16318
0.40003 -0.03679 0.16178
0.40276 -0.03691 0.16056
0.40551 -0.03676 0.15934
0.40813 -0.03728 0.15798
0.4107 -0.03806 0.15663
0.41286 -0.03828 0.15458
0.41517 -0.03787 0.15267
0.41759 -0.03758 0.15091
0.42009 -0.03735 0.14923
0.42233 -0.03716 0.14724
0.42352 -0.03691 0.14448
0.42484 -0.03696 0.14176
0.42623 -0.03727 0.13909
0.42785 -0.03777 0.13659
0.42927 -0.03831 0.13399
0.43072 -0.03891 0.13143
0.43209 -0.03911 0.12878
0.43372 -0.03881 0.12627
0.43554 -0.03842 0.1239
0.43721 -0.03767 0.12149
0.43894 -0.03669 0.11922
0.44068 -0.03561 0.11697
0.44256 -0.03519 0.11462
0.44447 -0.0355 0.1123
0.44673 -0.03608 0.11035
0.44857 -0.03648 0.10797
0.45019 -0.03683 0.10547
0.45184 -0.03701 0.10295
0.45329 -0.03702 0.1003
0.45494 -0.03712 0.09778
0.45673 -0.03711 0.09541
0.45831 -0.03709 0.09284
0.45959 -0.03731 0.09011
0.46113 -0.03737 0.08752
0.46251 -0.04033 0.0852
0.4628 -0.03755 0.08501
0.31103 -0.02342 0.30511
0.31163 -0.02334 0.30217
0.3121 -0.02329 0.2992
0.31288 -0.02331 0.2963
0.31381 -0.02378 0.29348
0.31447 -0.02426 0.29058
0.31486 -0.02455 0.28761
0.31501 -0.02445 0.28463
0.31563 -0.02464 0.28171
0.31646 -0.02539 0.27894
0.31744 -0.02622 0.27623
0.31864 -0.02712 0.27364
0.31954 -0.02835 0.27104
0.3208 -0.0292 0.26844
0.32199 -0.02919 0.26568
0.32309 -0.02871 0.26293
0.32418 -0.02793 0.26024
0.32531 -0.02709 0.25761
0.32686 -0.02677 0.255
0.32769 -0.02647 0.25209
0.32848 -0.02644 0.24918
0.32923 -0.02638 0.24627
0.33009 -0.02584 0.24345
0.33101 -0.02535 0.24063
0.33193 -0.02508 0.23776
0.33281 -0.02505 0.23488
0.33363 -0.02553 0.23203
0.33445 -0.02591 0.22916
0.33543 -0.02614 0.22635
0.33645 -0.02611 0.22352
0.33745 -0.02624 0.2207
0.33897 -0.02658 0.21812
0.34036 -0.02693 0.21546
0.34144 -0.02723 0.21267
0.34285 -0.02752 0.21005
0.34427 -0.02741 0.2074
0.34556 -0.02694 0.20473
0.34694 -0.02647 0.20211
0.34867 -0.02694 0.19973
0.35064 -0.028 0.19769
0.35268 -0.02864 0.19559
0.35487 -0.02863 0.19352
0.35727 -0.02854 0.19169
0.35937 -0.02903 0.18959
0.36119 -0.02978 0.18726
0.36359 -0.03023 0.18542
0.36631 -0.03101 0.18427
0.36922 -0.03158 0.1836
0.37193 -0.03166 0.18236
0.37404 -0.03153 0.18025
0.37555 -0.03149 0.17761
0.37763 -0.0317 0.17539
0.37996 -0.03192 0.17347
0.38231 -0.0319 0.17157
0.38469 -0.03236 0.16979
0.38711 -0.03308 0.16812
0.38975 -0.03367 0.16671
0.39258 -0.03383 0.16568
0.39526 -0.03372 0.16432
0.39796 -0.0339 0.16298
0.40074 -0.03438 0.16191
0.40353 -0.03451 0.16086
0.40629 -0.03436 0.15968
0.40875 -0.03482 0.15804
0.41118 -0.03555 0.15643
0.41355 -0.03579 0.15465
0.41583 -0.03535 0.15275
0.41792 -0.03501 0.15062
0.4201 -0.03482 0.14857
0.42222 -0.03463 0.14649
0.42361 -0.03436 0.14386
0.42506 -0.03437 0.14121
0.42672 -0.03468 0.13871
0.42838 -0.03519 0.13625
0.42987 -0.03574 0.1337
0.43129 -0.03632 0.13111
0.43276 -0.03653 0.12851
0.43456 -0.03624 0.12612
0.43645 -0.03587 0.12381
0.43813 -0.03512 0.12143
0.43982 -0.03411 0.11916
0.4416 -0.03303 0.11695
0.44331 -0.03256 0.1145
0.44532 -0.03288 0.11229
0.44722 -0.03339 0.11001
0.44908 -0.03379 0.10768
0.45084 -0.03415 0.10527
0.45241 -0.03431 0.10271
0.45421 -0.03439 0.10029
0.45584 -0.03447 0.09776
0.45758 -0.03444 0.09534
0.45904 -0.03438 0.0927
0.46016 -0.03457 0.08991
0.4616 -0.03461 0.08728
0.46334 -0.0348 0.08482
0.3103 -0.0216 0.30463
0.31116 -0.02142 0.30176
0.31197 -0.02129 0.29888
0.31284 -0.0213 0.29601
0.31365 -0.0218 0.29315
0.31385 -0.02236 0.2902
0.31443 -0.02258 0.28726
0.31502 -0.0224 0.28434
0.31577 -0.02257 0.28146
0.31661 -0.02331 0.27869
0.3177 -0.02413 0.27602
0.31879 -0.02501 0.27337
0.31984 -0.02623 0.27084
0.32094 -0.02706 0.26817
0.32205 -0.02705 0.26538
0.32312 -0.02656 0.26261
0.3242 -0.02577 0.25993
0.32537 -0.02492 0.25732
0.32666 -0.02462 0.25461
0.32781 -0.02429 0.25183
0.32875 -0.02426 0.24896
0.32931 -0.0242 0.246
0.32996 -0.02367 0.24313
0.33084 -0.02317 0.2403
0.33177 -0.02289 0.23745
0.33264 -0.02285 0.23457
0.33357 -0.0233 0.23175
0.3345 -0.02368 0.22892
0.33531 -0.02391 0.22604
0.33634 -0.02388 0.22323
0.33749 -0.02399 0.22047
0.33867 -0.02437 0.21774
0.34018 -0.02471 0.21515
0.34145 -0.02496 0.21244
0.34265 -0.02527 0.20972
0.34416 -0.02513 0.20713
0.34549 -0.02464 0.20449
0.34686 -0.02416 0.20187
0.34855 -0.02463 0.19945
0.35048 -0.02568 0.19739
0.3525 -0.02633 0.19526
0.35471 -0.02629 0.19322
0.35704 -0.02621 0.19131
0.35924 -0.02668 0.18933
0.36116 -0.02736 0.1871
0.36356 -0.02777 0.18528
0.36592 -0.02864 0.1836
0.36859 -0.02953 0.18243
0.37119 -0.02978 0.18099
0.37341 -0.02951 0.179
0.37552 -0.02913 0.17689
0.37788 -0.02929 0.17502
0.38014 -0.02951 0.17305
0.38264 -0.02945 0.17136
0.38507 -0.02991 0.16968
0.38738 -0.03062 0.16787
0.38997 -0.03121 0.16638
0.39267 -0.03139 0.16504
0.39539 -0.03125 0.16375
0.39822 -0.03142 0.16266
0.4011 -0.0319 0.16188
0.40399 -0.03203 0.16108
0.40675 -0.03186 0.15989
0.40919 -0.03231 0.15819
0.41142 -0.03301 0.15628
0.41387 -0.03324 0.15461
0.41621 -0.03279 0.1528
0.41821 -0.03242 0.1506
0.42002 -0.03223 0.14822
0.42197 -0.03207 0.14596
0.4236 -0.03175 0.14347
0.42523 -0.03175 0.14095
0.42694 -0.03206 0.1385
0.42848 -0.03255 0.13597
0.43003 -0.03309 0.13345
0.4317 -0.03368 0.13101
0.43337 -0.03391 0.12853
0.43533 -0.03367 0.12626
0.43726 -0.03329 0.124
0.43897 -0.03254 0.12163
0.44061 -0.03151 0.11934
0.44237 -0.03042 0.11713
0.44404 -0.02992 0.11468
0.44594 -0.0302 0.1124
0.44757 -0.03066 0.10992
0.44943 -0.03106 0.10759
0.4513 -0.03143 0.10526
0.45315 -0.03165 0.1029
0.455 -0.03173 0.10053
0.45669 -0.03182 0.09803
0.45816 -0.0317 0.09542
0.45966 -0.03165 0.09282
0.46073 -0.03182 0.09
0.46213 -0.03185 0.08735
0.46371 -0.03202 0.08481
0.46502 -0.03253 0.08215
0.30987 -0.01965 0.30428
0.31088 -0.01944 0.30147
0.31186 -0.01928 0.29864
0.31284 -0.01927 0.2958
0.31383 -0.01976 0.29296
0.31381 -0.02032 0.28998
0.31421 -0.02056 0.28703
0.31496 -0.02034 0.28416
0.31579 -0.02049 0.28129
0.31674 -0.02122 0.27854
0.31778 -0.02202 0.27585
0.31885 -0.02289 0.27319
0.32001 -0.0241 0.27069
0.32109 -0.02492 0.26801
0.32208 -0.0249 0.26517
0.32318 -0.0244 0.26242
0.32424 -0.0236 0.25973
0.32539 -0.02275 0.25711
0.3266 -0.02244 0.25437
0.32785 -0.02209 0.25163
0.32884 -0.02204 0.24876
0.32918 -0.02202 0.24574
0.32989 -0.02148 0.24288
0.33078 -0.02098 0.24006
0.33175 -0.02069 0.23722
0.33264 -0.02064 0.23435
0.33356 -0.02108 0.23153
0.33455 -0.02145 0.22871
0.33545 -0.02167 0.22586
0.33652 -0.02164 0.22307
0.33764 -0.02176 0.22029
0.33893 -0.02214 0.21761
0.34034 -0.02247 0.21495
0.34125 -0.02272 0.21209
0.34248 -0.02301 0.20939
0.34397 -0.02286 0.2068
0.34549 -0.02234 0.20427
0.34696 -0.02184 0.20171
0.34866 -0.0223 0.19929
0.3505 -0.02336 0.19716
0.35251 -0.02399 0.19502
0.35475 -0.02395 0.19301
0.35716 -0.02385 0.19121
0.35945 -0.02431 0.18933
0.3615 -0.02497 0.18723
0.36397 -0.0254 0.18554
0.36611 -0.02618 0.18359
0.3682 -0.02719 0.18162
0.37064 -0.0276 0.17988
0.3731 -0.0272 0.17817
0.37542 -0.02674 0.17632
0.37779 -0.02689 0.17449
0.38021 -0.02708 0.1727
0.3828 -0.02701 0.17116
0.38532 -0.02746 0.16961
0.3876 -0.02817 0.16778
0.39018 -0.02873 0.16627
0.39292 -0.02888 0.16499
0.39568 -0.02872 0.16379
0.39843 -0.02889 0.16261
0.4012 -0.02941 0.16149
0.4041 -0.02952 0.16072
0.40683 -0.02934 0.15944
0.40919 -0.02982 0.15763
0.41163 -0.03048 0.15599
0.41432 -0.03069 0.15469
0.41689 -0.03026 0.1531
0.41854 -0.02984 0.15056
0.41998 -0.02963 0.14792
0.42172 -0.02948 0.14548
0.42352 -0.02913 0.14311
0.42531 -0.02913 0.1407
0.42702 -0.02942 0.13825
0.42868 -0.02989 0.13579
0.43033 -0.03042 0.13332
0.43224 -0.03105 0.13107
0.43396 -0.03131 0.12863
0.43605 -0.03107 0.12649
0.43779 -0.03064 0.12407
0.43976 -0.02994 0.12189
0.44118 -0.02886 0.11945
0.44275 -0.02771 0.11713
0.44454 -0.02722 0.11476
0.44623 -0.02746 0.1123
0.448 -0.02794 0.10992
0.44977 -0.02832 0.10752
0.45188 -0.02874 0.10541
0.45375 -0.02894 0.10305
0.45561 -0.02899 0.10067
0.45722 -0.02905 0.09812
0.45853 -0.02892 0.09545
0.46014 -0.02887 0.0929
0.46122 -0.02906 0.09008
0.46269 -0.0291 0.08747
0.46457 -0.02935 0.08509
0.46557 -0.02977 0.08225
0.30962 -0.01766 0.30403
0.31067 -0.01744 0.30124
0.31177 -0.01726 0.29844
0.3127 -0.01724 0.29558
0.31349 -0.01773 0.29271
0.31389 -0.01828 0.28977
0.31421 -0.01854 0.28681
0.31494 -0.0183 0.28392
0.31581 -0.01843 0.28106
0.31674 -0.01914 0.2783
0.3178 -0.01992 0.2756
0.31891 -0.02078 0.27295
0.32008 -0.02197 0.27046
0.32135 -0.02279 0.26784
0.32227 -0.02276 0.26497
0.3233 -0.02225 0.26219
0.32436 -0.02143 0.2595
0.32536 -0.02058 0.25681
0.32643 -0.02029 0.25401
0.32753 -0.01995 0.25122
0.32838 -0.01992 0.24832
0.32919 -0.01985 0.24543
0.33 -0.0193 0.24258
0.33078 -0.01879 0.23973
0.33184 -0.01848 0.23692
0.33279 -0.01842 0.23408
0.33384 -0.01887 0.2313
0.33482 -0.01923 0.22846
0.33565 -0.01944 0.22559
0.33677 -0.01941 0.22282
0.33808 -0.01954 0.22013
0.33936 -0.01992 0.21742
0.34047 -0.02025 0.21462
0.34118 -0.02049 0.2117
0.3425 -0.02077 0.20903
0.34401 -0.0206 0.20644
0.34546 -0.02006 0.20388
0.34716 -0.01954 0.20146
0.34886 -0.01998 0.19903
0.35068 -0.02105 0.19687
0.35271 -0.02166 0.19474
0.35512 -0.02162 0.19292
0.35766 -0.02155 0.19129
0.36014 -0.02207 0.18967
0.36218 -0.02269 0.18755
0.36434 -0.02303 0.18547
0.36659 -0.02381 0.18365
0.36846 -0.02474 0.18145
0.37073 -0.02513 0.17948
0.37318 -0.02476 0.17774
0.37557 -0.0243 0.17597
0.37797 -0.02444 0.17416
0.38046 -0.02462 0.17249
0.38282 -0.02457 0.17063
0.38535 -0.02503 0.16907
0.38778 -0.02572 0.16744
0.3903 -0.02628 0.16577
0.39322 -0.0264 0.16482
0.39613 -0.02625 0.16404
0.39877 -0.02639 0.16265
0.40129 -0.02691 0.16106
0.40405 -0.02712 0.15986
0.40671 -0.02697 0.1585
0.40918 -0.0274 0.15685
0.41185 -0.02798 0.15556
0.41476 -0.02809 0.15464
0.41733 -0.02758 0.15292
0.41863 -0.0273 0.15007
0.42004 -0.02706 0.14741
0.42182 -0.02689 0.14499
0.42374 -0.02653 0.14271
0.42548 -0.02653 0.14026
0.42724 -0.02682 0.13783
0.42929 -0.02729 0.13566
0.431 -0.02784 0.13324
0.4327 -0.02844 0.13083
0.43429 -0.02869 0.1283
0.43626 -0.02841 0.12603
0.43834 -0.028 0.1239
0.44019 -0.02726 0.12164
0.44162 -0.02618 0.11921
0.44325 -0.02502 0.11693
0.44503 -0.02453 0.11454
0.44667 -0.02476 0.11205
0.44835 -0.02523 0.1096
0.45019 -0.02561 0.10724
0.45251 -0.02604 0.10533
0.45446 -0.02625 0.10302
0.45608 -0.02625 0.10045
0.45752 -0.02628 0.09781
0.45894 -0.02616 0.09519
0.46037 -0.02609 0.09255
0.46166 -0.0263 0.08983
0.46338 -0.02639 0.08737
0.46548 -0.02665 0.08513
0.46647 -0.0271 0.08226
0.46752 -0.02743 0.07945
0.3094 -0.01566 0.30379
0.31052 -0.01543 0.30102
0.31168 -0.01524 0.29825
0.31248 -0.01524 0.29534
0.31314 -0.01574 0.29245
0.31387 -0.01624 0.28958
0.31446 -0.01651 0.28665
0.31506 -0.01625 0.28373
0.31581 -0.01636 0.28083
0.3168 -0.01706 0.27809
0.31785 -0.01784 0.27539
0.31901 -0.01867 0.27276
0.32018 -0.01984 0.27025
0.32151 -0.02064 0.26766
0.32251 -0.0206 0.26481
0.32345 -0.02008 0.262
0.32439 -0.01926 0.25927
0.32531 -0.01842 0.25654
0.32624 -0.01814 0.25369
0.32723 -0.01782 0.25087
0.32829 -0.01776 0.24805
0.32915 -0.01768 0.24516
0.33008 -0.01712 0.24236
0.33089 -0.0166 0.2395
0.33181 -0.01627 0.23666
0.33283 -0.01619 0.23385
0.33396 -0.01662 0.2311
0.33498 -0.01698 0.22827
0.33599 -0.01721 0.22545
0.33702 -0.01717 0.22267
0.3383 -0.01728 0.21996
0.33973 -0.01769 0.21732
0.34067 -0.01803 0.21445
0.34155 -0.01826 0.21158
0.34278 -0.01853 0.20887
0.34414 -0.01834 0.20621
0.34569 -0.01778 0.20372
0.34768 -0.01727 0.20153
0.34936 -0.01769 0.19908
0.35104 -0.01873 0.19681
0.35315 -0.01935 0.19477
0.35566 -0.01933 0.19311
0.35823 -0.01927 0.19154
0.36078 -0.01981 0.19005
0.36309 -0.02055 0.18823
0.36476 -0.02067 0.18566
0.36672 -0.02141 0.1835
0.36867 -0.02233 0.18137
0.37094 -0.02269 0.1794
0.37337 -0.02232 0.17764
0.37583 -0.02186 0.17596
0.37824 -0.022 0.17416
0.38072 -0.02217 0.17249
0.38304 -0.02207 0.17058
0.38553 -0.02252 0.16895
0.38785 -0.02322 0.16714
0.39049 -0.02378 0.16564
0.39342 -0.02392 0.16481
0.39633 -0.02377 0.16405
0.39901 -0.0239 0.16272
0.40148 -0.02438 0.16107
0.40399 -0.02461 0.15944
0.4065 -0.02454 0.1578
0.40901 -0.02495 0.15619
0.41166 -0.02554 0.15487
0.41442 -0.02565 0.15368
0.41668 -0.02522 0.15173
0.41848 -0.0248 0.14936
0.42024 -0.02449 0.14697
0.4221 -0.0243 0.14463
0.42388 -0.02395 0.14225
0.42554 -0.02394 0.13974
0.42732 -0.02423 0.13731
0.42937 -0.02469 0.13514
0.43129 -0.02523 0.1329
0.43286 -0.02581 0.13041
0.43453 -0.02605 0.12792
0.43657 -0.02575 0.12572
0.43868 -0.02533 0.12362
0.44056 -0.02457 0.12139
0.44232 -0.02354 0.11917
0.44399 -0.02238 0.11691
0.44556 -0.02184 0.11441
0.44712 -0.02205 0.11185
0.44882 -0.02252 0.10941
0.4508 -0.02292 0.10717
0.45292 -0.02332 0.10509
0.45514 -0.02353 0.10299
0.45652 -0.0235 0.10026
0.45801 -0.02354 0.09765
0.45936 -0.0234 0.095
0.46078 -0.02332 0.09235
0.46211 -0.02352 0.08964
0.46382 -0.02362 0.08718
0.46538 -0.0238 0.0846
0.46691 -0.02432 0.08206
0.46817 -0.02469 0.07935
0.30915 -0.01367 0.3035
0.31036 -0.01343 0.30076
0.31157 -0.01323 0.298
0.31264 -0.01321 0.29519
0.31339 -0.01373 0.29231
0.31409 -0.01423 0.28943
0.31467 -0.01447 0.28648
0.31528 -0.0142 0.28356
0.31585 -0.0143 0.28062
0.31686 -0.01498 0.27788
0.31801 -0.01575 0.27521
0.31918 -0.01656 0.27257
0.32032 -0.01772 0.27004
0.32156 -0.0185 0.2674
0.32265 -0.01845 0.26458
0.32352 -0.01792 0.26175
0.32447 -0.0171 0.25902
0.32538 -0.01625 0.25629
0.32627 -0.01598 0.25343
0.32727 -0.01566 0.2506
0.32819 -0.01561 0.24774
0.3292 -0.01551 0.24491
0.33023 -0.01494 0.24214
0.33122 -0.01442 0.23932
0.33182 -0.01407 0.23638
0.33291 -0.01397 0.23359
0.3339 -0.01439 0.23079
0.33504 -0.01473 0.22802
0.33626 -0.01497 0.22527
0.33729 -0.01494 0.22247
0.33861 -0.01505 0.21978
0.34004 -0.01546 0.21716
0.34126 -0.01587 0.21441
0.3421 -0.01607 0.2115
0.34327 -0.01632 0.20875
0.34451 -0.01609 0.20603
0.34619 -0.01554 0.20363
0.34791 -0.01496 0.20123
0.34979 -0.0154 0.19894
0.35141 -0.01643 0.1966
0.35365 -0.01706 0.19469
0.35624 -0.01705 0.19316
0.35888 -0.017 0.1917
0.36144 -0.01754 0.19022
0.36373 -0.01825 0.18837
0.36538 -0.01837 0.18581
0.36718 -0.01903 0.18346
0.36914 -0.01993 0.18134
0.37133 -0.02026 0.17929
0.37375 -0.01991 0.17751
0.37613 -0.01945 0.1757
0.37866 -0.0196 0.17407
0.38105 -0.01976 0.17226
0.38354 -0.01964 0.17056
0.38598 -0.02007 0.16886
0.38823 -0.02074 0.16694
0.39085 -0.02133 0.16542
0.39379 -0.02149 0.16464
0.39655 -0.02137 0.16346
0.39912 -0.02156 0.16189
0.40194 -0.02192 0.16084
0.40438 -0.02213 0.15913
0.40664 -0.02209 0.15714
0.40902 -0.02257 0.15532
0.41149 -0.02326 0.15372
0.41402 -0.02355 0.15215
0.41647 -0.02294 0.15049
0.41895 -0.02225 0.14888
0.42072 -0.02198 0.14645
0.42231 -0.02179 0.14394
0.42398 -0.02143 0.14148
0.42575 -0.02141 0.13904
0.4275 -0.0217 0.13658
0.42959 -0.02215 0.13443
0.43141 -0.02269 0.13211
0.43305 -0.02326 0.12966
0.43496 -0.02345 0.12736
0.43722 -0.02314 0.12539
0.43934 -0.02271 0.12329
0.44132 -0.02198 0.12113
0.44307 -0.02094 0.11887
0.44482 -0.0198 0.11665
0.44623 -0.01921 0.11407
0.44779 -0.01941 0.11151
0.44946 -0.01987 0.10903
0.45159 -0.02029 0.10693
0.45371 -0.02068 0.10484
0.45545 -0.02083 0.10236
0.45685 -0.0208 0.09967
0.45847 -0.02083 0.09715
0.46001 -0.02071 0.09462
0.46151 -0.02064 0.092
0.46307 -0.02088 0.08942
0.46485 -0.02101 0.087
0.46602 -0.0211 0.08419
0.46748 -0.02161 0.0816
0.46872 -0.02196 0.07889
0.30891 -0.01169 0.30321
0.31025 -0.01142 0.30053
0.31148 -0.01122 0.29777
0.31255 -0.01119 0.29495
0.31375 -0.0117 0.29223
0.31484 -0.0123 0.28941
0.31483 -0.01242 0.28633
0.31524 -0.01213 0.28337
0.31602 -0.01223 0.28047
0.31705 -0.0129 0.27773
0.31823 -0.01365 0.27506
0.31942 -0.01445 0.27242
0.32056 -0.0156 0.26987
0.32168 -0.01637 0.26716
0.32273 -0.0163 0.26432
0.32364 -0.01577 0.2615
0.32469 -0.01494 0.25879
0.32547 -0.01409 0.25601
0.32652 -0.01382 0.2532
0.32739 -0.0135 0.25031
0.32835 -0.01345 0.24746
0.32933 -0.01333 0.24461
0.3304 -0.01275 0.24185
0.33154 -0.01221 0.23907
0.33205 -0.01188 0.23609
0.33304 -0.01179 0.23326
0.33411 -0.01219 0.23049
0.33523 -0.01252 0.2277
0.33651 -0.01275 0.22498
0.33762 -0.01271 0.22218
0.33892 -0.01283 0.21947
0.34052 -0.01327 0.21698
0.3423 -0.01383 0.21452
0.34322 -0.01407 0.21154
0.34375 -0.01409 0.20855
0.34515 -0.01389 0.2059
0.34664 -0.01328 0.20337
0.3483 -0.01269 0.20091
0.35022 -0.01313 0.19863
0.35202 -0.01418 0.19643
0.35434 -0.01482 0.19464
0.35705 -0.01485 0.1933
0.35979 -0.01485 0.19201
0.36219 -0.01529 0.19025
0.36429 -0.01593 0.18819
0.3661 -0.0161 0.18576
0.36799 -0.01674 0.18346
0.3702 -0.01775 0.18164
0.37225 -0.01799 0.17947
0.37442 -0.01756 0.17741
0.37678 -0.01711 0.17553
0.37918 -0.01726 0.17371
0.38154 -0.01741 0.1718
0.38425 -0.01728 0.17042
0.38664 -0.01767 0.16865
0.38892 -0.01834 0.16677
0.39149 -0.01893 0.16523
0.39417 -0.01916 0.16386
0.39678 -0.01912 0.16233
0.39945 -0.01927 0.1609
0.40225 -0.01962 0.15983
0.40469 -0.01983 0.15813
0.40692 -0.01979 0.1561
0.40922 -0.02028 0.15416
0.41181 -0.0209 0.15269
0.41429 -0.02118 0.15105
0.41682 -0.02057 0.14948
0.41932 -0.01986 0.14787
0.42103 -0.01963 0.14537
0.42262 -0.01943 0.14284
0.42442 -0.01903 0.14049
0.42622 -0.01899 0.13806
0.42802 -0.01927 0.13563
0.42992 -0.01974 0.13332
0.43161 -0.0203 0.13087
0.43363 -0.02081 0.12868
0.43583 -0.02099 0.12666
0.43821 -0.02068 0.12483
0.44044 -0.02027 0.12284
0.44232 -0.01951 0.1206
0.44421 -0.01849 0.11838
0.44561 -0.01726 0.11594
0.44671 -0.01665 0.11321
0.44831 -0.01684 0.11067
0.45017 -0.01731 0.10831
0.45245 -0.01774 0.10635
0.45449 -0.01812 0.10418
0.45593 -0.01823 0.10151
0.45746 -0.01819 0.09889
0.4592 -0.01823 0.09643
0.46123 -0.01823 0.09424
0.46293 -0.01821 0.09173
0.46444 -0.01843 0.08912
0.46612 -0.0185 0.08657
0.46691 -0.01851 0.08358
0.30865 -0.0097 0.30294
0.31003 -0.00942 0.30027
0.31138 -0.00921 0.29756
0.31267 -0.00915 0.29481
0.31378 -0.00963 0.29203
0.31527 -0.01015 0.28934
0.31542 -0.01041 0.28621
0.31528 -0.01008 0.28317
0.31619 -0.01017 0.2803
0.31716 -0.01082 0.27751
0.31828 -0.01154 0.2748
0.31955 -0.01233 0.27218
0.32083 -0.01346 0.26967
0.32184 -0.01423 0.2669
0.32279 -0.01416 0.26402
0.32382 -0.01363 0.26122
0.32481 -0.01278 0.25848
0.32561 -0.01193 0.2557
0.3266 -0.01166 0.25285
0.32755 -0.01134 0.24998
0.32848 -0.01129 0.2471
0.32941 -0.01117 0.24422
0.33043 -0.01056 0.24144
0.33146 -0.01001 0.23863
0.33225 -0.00969 0.23571
0.33339 -0.00962 0.23292
0.33456 -0.01003 0.23016
0.33567 -0.01035 0.22735
0.33696 -0.01056 0.22462
0.33806 -0.01052 0.22181
0.33937 -0.01065 0.2191
0.34107 -0.01108 0.21667
0.34302 -0.0116 0.21432
0.34423 -0.01196 0.21141
0.34444 -0.01193 0.2083
0.34581 -0.01171 0.20561
0.34724 -0.01107 0.20303
0.34916 -0.01053 0.20073
0.35109 -0.01098 0.19844
0.35291 -0.01202 0.19625
0.35533 -0.01269 0.1946
0.3582 -0.01283 0.19361
0.36112 -0.01297 0.19262
0.3635 -0.01336 0.19069
0.36502 -0.01366 0.18803
0.36686 -0.01384 0.18558
0.36903 -0.0146 0.18354
0.37137 -0.01565 0.1819
0.37338 -0.01586 0.17969
0.37534 -0.01531 0.17743
0.37749 -0.0148 0.17532
0.37961 -0.01493 0.17313
0.38208 -0.01508 0.1713
0.38497 -0.01493 0.17024
0.38761 -0.01536 0.16878
0.38968 -0.016 0.16663
0.39199 -0.01655 0.16472
0.39446 -0.0168 0.16292
0.39722 -0.01671 0.16158
0.39989 -0.01684 0.16016
0.40247 -0.01733 0.15867
0.40501 -0.01752 0.15712
0.40729 -0.01746 0.15514
0.4097 -0.01792 0.1533
0.41241 -0.01848 0.15199
0.41474 -0.01881 0.15013
0.41709 -0.0183 0.14827
0.41944 -0.01766 0.14645
0.42116 -0.01742 0.14397
0.42305 -0.01712 0.14165
0.42498 -0.01669 0.1394
0.42692 -0.01664 0.13708
0.42886 -0.0169 0.13473
0.43055 -0.01738 0.13224
0.43253 -0.01791 0.13
0.43454 -0.01844 0.1278
0.43682 -0.01863 0.12585
0.43951 -0.01834 0.12443
0.44198 -0.01797 0.1226
0.44371 -0.01713 0.12013
0.44502 -0.01596 0.11754
0.44576 -0.01478 0.11474
0.4469 -0.01419 0.11203
0.44867 -0.01435 0.10958
0.45097 -0.01477 0.10761
0.4536 -0.01518 0.10603
0.45559 -0.01561 0.10371
0.45694 -0.01571 0.10095
0.45865 -0.01571 0.09844
0.46064 -0.01583 0.09617
0.46259 -0.01581 0.09389
0.46419 -0.01573 0.09128
0.46534 -0.01584 0.08845
0.30824 -0.00774 0.30261
0.30977 -0.00743 0.30001
0.31123 -0.00719 0.29735
0.31255 -0.00712 0.29459
0.31352 -0.00761 0.29174
0.31475 -0.00808 0.28899
0.31542 -0.00831 0.28599
0.31559 -0.00805 0.28296
0.31638 -0.00812 0.28004
0.31731 -0.00876 0.27722
0.31832 -0.00947 0.27445
0.31947 -0.01024 0.27176
0.32073 -0.01135 0.26923
0.32199 -0.01211 0.26655
0.32317 -0.01204 0.26374
0.32408 -0.01149 0.26088
0.32498 -0.01064 0.2581
0.32586 -0.00979 0.25533
0.32664 -0.00952 0.25239
0.32756 -0.0092 0.24951
0.32854 -0.00915 0.24662
0.32932 -0.00904 0.24369
0.33017 -0.00845 0.24083
0.33125 -0.00788 0.23805
0.33251 -0.00752 0.2353
0.3338 -0.00745 0.23255
0.33507 -0.00787 0.22981
0.33621 -0.00819 0.227
0.33735 -0.0084 0.2242
0.33854 -0.00837 0.22141
0.3399 -0.0085 0.21871
0.34155 -0.00889 0.21621
0.34346 -0.00933 0.21383
0.34467 -0.0097 0.21096
0.34533 -0.00984 0.20796
0.34651 -0.00956 0.20518
0.34825 -0.00902 0.20277
0.35034 -0.00854 0.20059
0.35212 -0.0089 0.19815
0.35403 -0.00998 0.19604
0.35658 -0.01072 0.19461
0.35954 -0.0109 0.19385
0.36251 -0.01103 0.19289
0.36508 -0.01153 0.19104
0.36632 -0.01164 0.1881
0.36763 -0.01158 0.18524
0.36996 -0.01244 0.1833
0.37242 -0.0135 0.18181
0.37443 -0.01371 0.17958
0.37622 -0.01309 0.17719
0.37806 -0.0125 0.1748
0.38025 -0.01261 0.17265
0.3827 -0.01277 0.17079
0.3855 -0.01264 0.16952
0.38798 -0.01311 0.16782
0.39037 -0.01371 0.16609
0.39267 -0.01422 0.16415
0.39527 -0.01443 0.16254
0.39805 -0.01435 0.16122
0.40085 -0.01447 0.16
0.40325 -0.01494 0.1582
0.40569 -0.01516 0.15644
0.40782 -0.01514 0.15427
0.41011 -0.01563 0.15228
0.41268 -0.01625 0.15073
0.41518 -0.0165 0.14907
0.41754 -0.01597 0.14722
0.41951 -0.01552 0.14495
0.42144 -0.01517 0.14263
0.42357 -0.0148 0.14052
0.42562 -0.01435 0.13835
0.42746 -0.01431 0.13594
0.42942 -0.01457 0.1336
0.43136 -0.01503 0.13128
0.43337 -0.01556 0.12906
0.43547 -0.0161 0.12693
0.43796 -0.01628 0.12522
0.44077 -0.01587 0.12396
0.4431 -0.01539 0.1218
0.44408 -0.01466 0.11885
0.44484 -0.01366 0.11599
0.44573 -0.01252 0.1132
0.44718 -0.01184 0.11065
0.44917 -0.01194 0.10836
0.45154 -0.01233 0.10647
0.45405 -0.0127 0.10475
0.4562 -0.01309 0.10267
0.45808 -0.01329 0.10028
0.46004 -0.01336 0.09794
0.46222 -0.01355 0.0958
0.46402 -0.01343 0.09333
0.4652 -0.0132 0.09049
0.3079 -0.00576 0.30234
0.30952 -0.00543 0.29979
0.31107 -0.00517 0.29717
0.31247 -0.0051 0.29443
0.31341 -0.0056 0.29156
0.31422 -0.00613 0.28868
0.31519 -0.00627 0.28579
0.31608 -0.00604 0.28289
0.31659 -0.00606 0.27988
0.31755 -0.00669 0.27706
0.31852 -0.00739 0.27427
0.31958 -0.00814 0.27152
0.32083 -0.00923 0.26897
0.32208 -0.00996 0.26628
0.32325 -0.00987 0.26345
0.32427 -0.00932 0.26062
0.32513 -0.00848 0.25782
0.32612 -0.00763 0.25507
0.32665 -0.00736 0.25205
0.32758 -0.00705 0.24917
0.32844 -0.00699 0.24624
0.32919 -0.00688 0.24328
0.3301 -0.00629 0.24045
0.33131 -0.0057 0.23771
0.33291 -0.00536 0.23512
0.33415 -0.00526 0.23233
0.33551 -0.00567 0.22963
0.33659 -0.00599 0.22679
0.33799 -0.00627 0.22411
0.33918 -0.00624 0.22129
0.34047 -0.00634 0.21854
0.3419 -0.00668 0.21588
0.34331 -0.00709 0.21322
0.345 -0.00745 0.21066
0.34592 -0.00764 0.20772
0.34731 -0.00741 0.20504
0.34951 -0.00704 0.20297
0.35168 -0.00655 0.20084
0.35313 -0.00679 0.19816
0.35493 -0.00783 0.19591
0.35761 -0.00861 0.19469
0.3606 -0.00877 0.19404
0.3636 -0.00887 0.19307
0.36605 -0.00928 0.19104
0.36745 -0.00955 0.18822
0.36877 -0.00944 0.18544
0.37036 -0.01012 0.18281
0.37291 -0.01119 0.18133
0.37521 -0.01142 0.17936
0.37672 -0.0108 0.17674
0.37874 -0.01019 0.1745
0.38088 -0.01029 0.17231
0.38318 -0.01042 0.17029
0.38556 -0.01038 0.16834
0.38818 -0.01083 0.16678
0.39097 -0.01134 0.16565
0.3934 -0.01186 0.16392
0.39585 -0.01208 0.16207
0.39865 -0.01197 0.16078
0.40137 -0.01208 0.15941
0.40389 -0.01254 0.15776
0.40605 -0.01279 0.15565
0.40811 -0.01277 0.15339
0.41044 -0.01323 0.15144
0.41293 -0.01387 0.14977
0.4155 -0.0141 0.14818
0.41769 -0.01363 0.14611
0.41971 -0.01314 0.14388
0.42186 -0.01272 0.14176
0.42405 -0.01234 0.1397
0.42608 -0.01189 0.13751
0.42804 -0.01184 0.13518
0.42989 -0.01209 0.13274
0.43205 -0.01254 0.13061
0.43408 -0.01307 0.12841
0.43603 -0.01362 0.12612
0.43845 -0.01382 0.12428
0.44084 -0.01353 0.1224
0.44262 -0.01323 0.11991
0.44368 -0.01256 0.1171
0.44463 -0.01149 0.11434
0.44589 -0.01018 0.11179
0.44751 -0.00945 0.10934
0.44958 -0.00952 0.10712
0.45189 -0.00994 0.10515
0.45433 -0.01032 0.10334
0.45707 -0.01058 0.102
0.45947 -0.01088 0.10009
0.46153 -0.01098 0.09779
0.46353 -0.01105 0.09543
0.30762 -0.00377 0.30213
0.30923 -0.00344 0.29957
0.31091 -0.00316 0.29703
0.31245 -0.00308 0.29436
0.31358 -0.00358 0.29153
0.31399 -0.0041 0.28852
0.31516 -0.00422 0.28571
0.31659 -0.00399 0.28296
0.31677 -0.00399 0.27984
0.31779 -0.0046 0.27703
0.31876 -0.00529 0.27423
0.31974 -0.00602 0.27144
0.32084 -0.0071 0.26881
0.32201 -0.00781 0.26608
0.32317 -0.00771 0.26325
0.32426 -0.00715 0.26045
0.32521 -0.00629 0.25767
0.32624 -0.00543 0.25492
0.32671 -0.00518 0.25188
0.32748 -0.00488 0.24894
0.32837 -0.00482 0.24602
0.32914 -0.00471 0.24307
0.33017 -0.0041 0.24026
0.33161 -0.00351 0.23764
0.3333 -0.00317 0.23509
0.33451 -0.00306 0.23228
0.33569 -0.00343 0.2295
0.33703 -0.00378 0.2268
0.33871 -0.00415 0.22427
0.34014 -0.00422 0.22154
0.3414 -0.00429 0.21872
0.34213 -0.00444 0.21574
0.34351 -0.00485 0.21308
0.34512 -0.00518 0.21051
0.34651 -0.00543 0.20779
0.34807 -0.00523 0.20519
0.35008 -0.00474 0.20296
0.35213 -0.00418 0.20074
0.35363 -0.00451 0.19809
0.35551 -0.00558 0.19591
0.35818 -0.00633 0.19467
0.36112 -0.00644 0.19385
0.36423 -0.00653 0.19318
0.36665 -0.00693 0.1911
0.36831 -0.00732 0.18847
0.36996 -0.00735 0.18588
0.37089 -0.00777 0.18292
0.37284 -0.00885 0.18072
0.37504 -0.00909 0.17865
0.37702 -0.00844 0.1764
0.379 -0.00782 0.17416
0.38113 -0.00791 0.17195
0.38353 -0.008 0.17003
0.38592 -0.0079 0.16813
0.38846 -0.00834 0.16647
0.39101 -0.00897 0.16494
0.39349 -0.00948 0.16326
0.396 -0.00969 0.16149
0.39872 -0.00959 0.16005
0.40141 -0.0097 0.15861
0.40396 -0.01013 0.15701
0.40626 -0.01035 0.15505
0.40834 -0.01031 0.15281
0.41062 -0.01076 0.1508
0.41313 -0.01138 0.14916
0.41557 -0.01165 0.14737
0.41773 -0.01117 0.14526
0.42008 -0.01059 0.1434
0.42226 -0.01017 0.1413
0.4243 -0.00978 0.13908
0.42647 -0.00932 0.137
0.42851 -0.00926 0.13474
0.43055 -0.00951 0.13247
0.43257 -0.00995 0.13021
0.43467 -0.01048 0.12807
0.43634 -0.01102 0.12557
0.43813 -0.0114 0.12312
0.44006 -0.01146 0.12075
0.44181 -0.01116 0.11829
0.44315 -0.0103 0.11567
0.44441 -0.00904 0.11315
0.44571 -0.00769 0.11069
0.44742 -0.00692 0.10829
0.44936 -0.00705 0.10595
0.45172 -0.00744 0.104
0.45453 -0.00764 0.10274
0.4575 -0.00784 0.10184
0.46018 -0.00813 0.10019
0.46213 -0.00821 0.09773
0.30738 -0.00177 0.30196
0.30905 -0.00144 0.29942
0.31085 -0.00114 0.29696
0.31253 -0.00104 0.29437
0.31384 -0.00157 0.29157
0.31406 -0.00205 0.28851
0.31515 -0.00216 0.28566
0.31665 -0.00189 0.28294
0.31686 -0.00191 0.27981
0.31768 -0.00249 0.27693
0.31882 -0.00317 0.27418
0.31985 -0.00389 0.27139
0.32092 -0.00495 0.26873
0.32199 -0.00565 0.26595
0.32303 -0.00555 0.26309
0.32421 -0.00497 0.26032
0.32512 -0.0041 0.25752
0.32596 -0.00324 0.25471
0.32673 -0.003 0.25174
0.32748 -0.0027 0.24878
0.32829 -0.00265 0.24583
0.32931 -0.00253 0.24296
0.33051 -0.00193 0.24022
0.33203 -0.00134 0.23764
0.33375 -0.00099 0.2351
0.33497 -0.00087 0.23227
0.33602 -0.00121 0.22943
0.33739 -0.00154 0.22675
0.33945 -0.00192 0.22451
0.34151 -0.00212 0.22204
0.34252 -0.00214 0.21895
0.34262 -0.00222 0.21579
0.3439 -0.00262 0.21309
0.34543 -0.00293 0.21047
0.34712 -0.0032 0.20792
0.3486 -0.00298 0.20525
0.35031 -0.00242 0.20279
0.35225 -0.00186 0.2005
0.35391 -0.00219 0.19796
0.3558 -0.00327 0.19578
0.35843 -0.00401 0.19438
0.36142 -0.0041 0.19368
0.36459 -0.0041 0.19315
0.36713 -0.0045 0.19113
0.36875 -0.00493 0.18845
0.37025 -0.00493 0.18576
0.37161 -0.00548 0.18307
0.37309 -0.00645 0.18055
0.37498 -0.00671 0.17816
0.37705 -0.00605 0.17597
0.37899 -0.00543 0.17368
0.38126 -0.0055 0.17159
0.38369 -0.00558 0.1697
0.38624 -0.00546 0.16802
0.38864 -0.00588 0.16617
0.3911 -0.00651 0.16445
0.39356 -0.00702 0.16271
0.39601 -0.00725 0.16088
0.39865 -0.00721 0.15929
0.40131 -0.00733 0.15778
0.40389 -0.00775 0.15619
0.40638 -0.0079 0.15445
0.40841 -0.00787 0.15216
0.41071 -0.0083 0.15016
0.41317 -0.00892 0.14842
0.4157 -0.00915 0.14674
0.41794 -0.00865 0.14471
0.42008 -0.0081 0.14257
0.42249 -0.0076 0.14074
0.42497 -0.00721 0.13902
0.42716 -0.00676 0.13697
0.42902 -0.00665 0.13453
0.4313 -0.00696 0.13248
0.43334 -0.00739 0.13023
0.43518 -0.00788 0.12783
0.4366 -0.00839 0.12517
0.43802 -0.00878 0.12249
0.43953 -0.00895 0.11982
0.44129 -0.00865 0.11733
0.44284 -0.00771 0.11485
0.44423 -0.00641 0.11241
0.44558 -0.00504 0.10999
0.44712 -0.00431 0.10749
0.44901 -0.00446 0.10509
0.45153 -0.00477 0.10333
0.45434 -0.00497 0.10212
0.45735 -0.00508 0.10137
0.30723 0.00024 0.30182
0.30896 0.00058 0.29932
0.3107 0.00088 0.29682
0.3125 0.00102 0.2943
0.31383 0.00054 0.2915
0.31417 0.0 0.28846
0.31525 -0.00011 0.2856
0.31653 0.0002 0.28281
0.31703 0.00016 0.27975
0.31773 -0.00041 0.27683
0.31875 -0.00107 0.27402
0.31982 -0.00177 0.27124
0.32083 -0.00282 0.26854
0.32179 -0.00352 0.26572
0.32293 -0.00341 0.26288
0.32403 -0.0028 0.26008
0.32492 -0.00193 0.25727
0.32579 -0.00107 0.25447
0.32673 -0.00082 0.25157
0.32788 -0.00055 0.24872
0.32856 -0.00049 0.24572
0.32957 -0.00037 0.24284
0.33094 0.00023 0.24017
0.33247 0.00083 0.2376
0.33426 0.00119 0.23509
0.33542 0.00133 0.23222
0.33643 0.001 0.22935
0.33765 0.00071 0.22659
0.3395 0.00046 0.22416
0.34107 0.00038 0.22148
0.34232 0.00029 0.21861
0.34302 2e-05 0.21562
0.34421 -0.00037 0.21287
0.3459 -0.00069 0.21034
0.34749 -0.00094 0.20772
0.34888 -0.0007 0.20499
0.35061 -0.00014 0.20254
0.35303 0.00034 0.20065
0.35447 8e-05 0.1979
0.35609 -0.00097 0.19545
0.35875 -0.00171 0.19404
0.36175 -0.00178 0.19333
0.36482 -0.00168 0.19245
0.36728 -0.00209 0.19035
0.36871 -0.00266 0.1876
0.36996 -0.00276 0.18476
0.37193 -0.0032 0.18244
0.37363 -0.00417 0.18009
0.37545 -0.00439 0.17764
0.37765 -0.00373 0.17557
0.37941 -0.0031 0.17309
0.38175 -0.00316 0.17107
0.38419 -0.00323 0.16919
0.3867 -0.00311 0.16742
0.38919 -0.00351 0.16566
0.39178 -0.00413 0.16411
0.3942 -0.00464 0.16233
0.3965 -0.00485 0.16033
0.39893 -0.00484 0.15841
0.40151 -0.00504 0.15673
0.40419 -0.00542 0.15529
0.40645 -0.00566 0.15327
0.40862 -0.00559 0.1511
0.41104 -0.00596 0.14923
0.41355 -0.00654 0.14755
0.41612 -0.00675 0.14593
0.41825 -0.00626 0.14373
0.42068 -0.00563 0.1419
0.42343 -0.00515 0.14059
0.42599 -0.00479 0.13899
0.42828 -0.00437 0.13703
0.42991 -0.00417 0.13442
0.43201 -0.00443 0.13217
0.43392 -0.00482 0.12979
0.43545 -0.00531 0.12717
0.43677 -0.00583 0.12446
0.43811 -0.00621 0.12175
0.43951 -0.00636 0.11902
0.44115 -0.00609 0.11644
0.44286 -0.0051 0.11407
0.44419 -0.00382 0.11159
0.44537 -0.00248 0.10906
0.44682 -0.00179 0.10648
0.44875 -0.00192 0.10409
0.45133 -0.0022 0.1024
0.45425 -0.00231 0.1014
0.30719 0.00226 0.30174
0.30889 0.0026 0.29922
0.31055 0.0029 0.29666
0.31214 0.00303 0.29402
0.31345 0.00256 0.29127
0.31431 0.00205 0.28837
0.31527 0.00196 0.28547
0.31626 0.00225 0.28259
0.31716 0.00223 0.27965
0.3179 0.00167 0.27673
0.31885 0.00103 0.2739
0.31993 0.00033 0.27112
0.32086 -0.0007 0.26838
0.32178 -0.00138 0.26554
0.32285 -0.00126 0.26267
0.32381 -0.00066 0.25982
0.32471 0.00023 0.25702
0.32559 0.00109 0.25424
0.32682 0.00135 0.25145
0.32802 0.00162 0.24862
0.32889 0.00166 0.24568
0.33001 0.00177 0.24284
0.33142 0.00236 0.24019
0.33293 0.00299 0.23759
0.33439 0.00344 0.23491
0.3356 0.00358 0.23209
0.33669 0.00324 0.22924
0.33779 0.00296 0.2264
0.33908 0.00267 0.22365
0.34058 0.00257 0.22098
0.34199 0.00253 0.21824
0.34329 0.00227 0.21548
0.34452 0.00187 0.2127
0.34619 0.00156 0.21016
0.34778 0.00133 0.20754
0.34917 0.00158 0.20481
0.35101 0.00214 0.20243
0.35352 0.00266 0.20064
0.35513 0.00233 0.198
0.3565 0.00134 0.19537
0.35902 0.00059 0.19372
0.36187 0.00046 0.19255
0.36462 0.00038 0.19109
0.36668 -0.0002 0.18884
0.3682 -0.00074 0.18621
0.37001 -0.0006 0.18371
0.37215 -0.00099 0.18155
0.37406 -0.00193 0.17934
0.37622 -0.00213 0.1772
0.37809 -0.00146 0.17484
0.3801 -0.0008 0.17258
0.38248 -0.00086 0.17061
0.3849 -0.00091 0.16872
0.38747 -0.00078 0.16703
0.39001 -0.00118 0.16537
0.39223 -0.0018 0.16335
0.39469 -0.00232 0.16158
0.39716 -0.00251 0.15978
0.39968 -0.00245 0.15802
0.40205 -0.00265 0.15608
0.40445 -0.00314 0.15424
0.40675 -0.00335 0.15226
0.40899 -0.00325 0.15014
0.41148 -0.0036 0.14836
0.41405 -0.00415 0.14679
0.41644 -0.0044 0.14491
0.41878 -0.00381 0.14295
0.42158 -0.00316 0.14176
0.42447 -0.00275 0.14077
0.42719 -0.00246 0.13933
0.42939 -0.00197 0.13719
0.43071 -0.00166 0.13441
0.432 -0.00184 0.13163
0.43353 -0.00231 0.12902
0.43499 -0.00281 0.12636
0.43624 -0.00337 0.1236
0.43779 -0.00367 0.12094
0.43945 -0.00375 0.11836
0.44113 -0.00345 0.11582
0.44254 -0.00253 0.11326
0.44364 -0.00132 0.11066
0.44455 -0.00013 0.10796
0.44609 0.00062 0.10543
0.44829 0.00068 0.10336
0.30726 0.00428 0.30173
0.30889 0.00462 0.29917
0.31046 0.00492 0.29656
0.31193 0.00505 0.29386
0.3133 0.0046 0.29116
0.31433 0.00411 0.28832
0.31529 0.00401 0.28541
0.3163 0.0043 0.28255
0.31731 0.00431 0.27965
0.31799 0.00376 0.27671
0.31891 0.00314 0.27387
0.32015 0.00244 0.27115
0.32112 0.00141 0.26842
0.32174 0.00076 0.26548
0.32289 0.0009 0.26263
0.32362 0.0015 0.25971
0.32443 0.00238 0.2569
0.32539 0.00326 0.25416
0.32671 0.00353 0.25143
0.32832 0.00375 0.24882
0.32941 0.00375 0.24593
0.33063 0.00383 0.24314
0.33208 0.00442 0.2405
0.33323 0.00518 0.23775
0.33451 0.00565 0.235
0.33571 0.0058 0.2322
0.33685 0.00548 0.22938
0.33795 0.00519 0.22654
0.33916 0.0049 0.22375
0.34043 0.0048 0.22097
0.3419 0.00477 0.21829
0.34334 0.00453 0.21562
0.34467 0.00413 0.21288
0.34621 0.00384 0.21026
0.34795 0.00359 0.20774
0.34937 0.00385 0.20503
0.3511 0.00444 0.20257
0.35317 0.00502 0.2004
0.35518 0.00467 0.19815
0.35672 0.00366 0.19564
0.35889 0.00293 0.19357
0.36138 0.00266 0.19181
0.36379 0.00234 0.18998
0.36585 0.0018 0.18781
0.36778 0.00151 0.18547
0.36984 0.00173 0.18319
0.37201 0.00135 0.18109
0.374 0.00042 0.17893
0.37617 0.00024 0.1768
0.37825 0.00094 0.17465
0.38043 0.0016 0.17259
0.38281 0.00156 0.17062
0.38527 0.00152 0.1688
0.38773 0.00168 0.16701
0.39017 0.00129 0.16526
0.39246 0.00069 0.16336
0.39464 0.00014 0.16126
0.39709 -8e-05 0.1594
0.39957 -2e-05 0.15761
0.40195 -0.00019 0.15572
0.40429 -0.00067 0.15378
0.40665 -0.00087 0.15184
0.40889 -0.00075 0.14976
0.41125 -0.00113 0.14783
0.41383 -0.00167 0.14626
0.41622 -0.00187 0.14435
0.41892 -0.00122 0.14297
0.42178 -0.0006 0.14199
0.42475 -0.0002 0.14123
0.42765 0.00011 0.14
0.42969 0.00068 0.13761
0.43081 0.00097 0.13471
0.43165 0.00077 0.13178
0.4325 0.00015 0.12891
0.43376 -0.00045 0.12614
0.43517 -0.00095 0.1234
0.43692 -0.00116 0.12083
0.43893 -0.00109 0.11847
0.44023 -0.00092 0.11571
0.44141 -9e-05 0.11301
0.44216 0.0009 0.1102
0.44311 0.00215 0.10754
0.44465 0.00294 0.10504
0.30742 0.00629 0.3018
0.3089 0.00664 0.29916
0.31036 0.00695 0.29651
0.3118 0.00708 0.29381
0.31311 0.00664 0.2911
0.31424 0.00617 0.28831
0.31536 0.00607 0.28547
0.31635 0.00637 0.28261
0.31734 0.00639 0.27973
0.31821 0.00585 0.27685
0.31906 0.00524 0.274
0.32023 0.00457 0.27127
0.32132 0.00355 0.26858
0.32187 0.0029 0.26563
0.32292 0.00304 0.26275
0.32346 0.00366 0.2598
0.32429 0.00454 0.25701
0.32532 0.00542 0.25431
0.32671 0.0057 0.25164
0.32851 0.0059 0.24919
0.33025 0.0057 0.24664
0.33132 0.00582 0.24376
0.33301 0.0063 0.24122
0.334 0.00715 0.23841
0.33485 0.00776 0.23554
0.3359 0.00796 0.2327
0.3369 0.00767 0.22985
0.33804 0.00739 0.22704
0.33927 0.00709 0.22426
0.34044 0.007 0.22145
0.34182 0.00697 0.21875
0.3432 0.00675 0.21606
0.34477 0.00632 0.21348
0.34636 0.00602 0.2109
0.34792 0.00581 0.20828
0.34946 0.00607 0.20566
0.35095 0.00671 0.20306
0.35286 0.00731 0.20076
0.35485 0.00696 0.19853
0.3568 0.00588 0.19638
0.35866 0.00524 0.19404
0.36089 0.00497 0.19198
0.36308 0.00461 0.1899
0.36527 0.00414 0.18784
0.36744 0.00388 0.18574
0.36939 0.00408 0.1834
0.37154 0.0037 0.18131
0.37352 0.00277 0.17914
0.37564 0.00258 0.17698
0.37783 0.00329 0.17497
0.38017 0.00394 0.1731
0.38266 0.00389 0.17131
0.38501 0.00389 0.16938
0.38763 0.00402 0.16786
0.3899 0.00366 0.16592
0.39213 0.00307 0.16397
0.39406 0.00254 0.16164
0.39619 0.00228 0.15941
0.39859 0.00231 0.1575
0.4011 0.00218 0.15583
0.40349 0.00172 0.15395
0.40584 0.00153 0.15201
0.40811 0.00166 0.14998
0.41042 0.00128 0.14805
0.41288 0.00072 0.14632
0.41553 0.00058 0.14477
0.41817 0.00121 0.14335
0.42101 0.00184 0.14238
0.42391 0.00227 0.14153
0.4268 0.00264 0.14042
0.42894 0.00321 0.13817
0.42995 0.00343 0.13524
0.43102 0.00326 0.13243
0.43188 0.00266 0.12958
0.43258 0.0019 0.12666
0.4338 0.00132 0.12383
0.43541 0.00103 0.12117
0.43724 0.00104 0.1187
0.43854 0.00118 0.11595
0.43955 0.00191 0.11317
0.44035 0.00296 0.11041
0.44143 0.0043 0.10784
0.44315 0.00519 0.10553
0.30744 0.00832 0.30181
0.30882 0.00867 0.29914
0.3102 0.00898 0.29646
0.31151 0.0091 0.29372
0.31283 0.00867 0.29103
0.31399 0.00822 0.28829
0.31529 0.00815 0.28555
0.31656 0.00843 0.28279
0.31721 0.00847 0.27981
0.31817 0.00794 0.27698
0.31913 0.00734 0.27417
0.32019 0.0067 0.27141
0.3212 0.0057 0.26872
0.3221 0.00504 0.26588
0.32303 0.00519 0.26298
0.32363 0.0058 0.26006
0.32438 0.00668 0.25728
0.32544 0.00757 0.25461
0.32677 0.00786 0.25192
0.32859 0.00807 0.24952
0.33042 0.00791 0.24707
0.33192 0.00788 0.24442
0.33349 0.00842 0.24186
0.3349 0.00908 0.23918
0.33544 0.0098 0.23623
0.33619 0.01009 0.23331
0.337 0.00984 0.23041
0.33813 0.00956 0.22762
0.33928 0.00928 0.22482
0.34051 0.00918 0.22206
0.3419 0.00914 0.21937
0.34316 0.00894 0.21663
0.34479 0.0085 0.21411
0.34636 0.00821 0.21154
0.3479 0.008 0.20893
0.34953 0.00824 0.20638
0.35101 0.00891 0.20381
0.35298 0.0095 0.20157
0.3548 0.00921 0.1992
0.35666 0.00814 0.197
0.35873 0.00743 0.19489
0.36057 0.00727 0.19247
0.36249 0.00693 0.19013
0.36479 0.00644 0.18821
0.36686 0.00617 0.18602
0.36884 0.00639 0.18373
0.37103 0.00601 0.1817
0.37301 0.00509 0.17957
0.37489 0.00488 0.1772
0.37709 0.0056 0.17518
0.37952 0.00625 0.17345
0.38211 0.0062 0.17184
0.38463 0.00617 0.17017
0.38705 0.00635 0.16843
0.38946 0.00598 0.1667
0.3914 0.0054 0.16445
0.39337 0.00488 0.16219
0.39552 0.00465 0.16001
0.39781 0.00468 0.15802
0.40015 0.0045 0.15612
0.40263 0.00406 0.15439
0.405 0.00388 0.15249
0.4073 0.00402 0.15053
0.40955 0.00365 0.14859
0.41185 0.00306 0.14668
0.41446 0.0029 0.14505
0.41713 0.00354 0.14374
0.41992 0.00417 0.14271
0.42283 0.00462 0.14195
0.42572 0.00503 0.14086
0.42787 0.00561 0.13863
0.429 0.00584 0.13577
0.42986 0.00561 0.13289
0.43092 0.00508 0.13012
0.43175 0.00437 0.12726
0.43274 0.00373 0.1244
0.43422 0.0034 0.12171
0.43571 0.00325 0.11906
0.4371 0.00347 0.11638
0.43801 0.00417 0.11358
0.43892 0.00528 0.1109
0.43983 0.00654 0.10824
0.30748 0.01034 0.30185
0.30872 0.01069 0.29913
0.30997 0.011 0.2964
0.31118 0.01111 0.29363
0.31248 0.01068 0.29096
0.31379 0.01025 0.2883
0.3151 0.0102 0.28558
0.31652 0.01053 0.28291
0.3172 0.01055 0.27993
0.31824 0.01003 0.27715
0.31926 0.00943 0.27437
0.32022 0.00881 0.27159
0.32126 0.00781 0.26892
0.32212 0.00719 0.26608
0.32295 0.00735 0.26318
0.32377 0.00796 0.26034
0.32455 0.00884 0.25757
0.32571 0.0097 0.25496
0.32697 0.01 0.25226
0.32878 0.01021 0.24986
0.33042 0.01009 0.24732
0.33196 0.01009 0.24472
0.33356 0.01063 0.24221
0.33515 0.01124 0.23969
0.33608 0.01183 0.23684
0.3366 0.01221 0.23389
0.33721 0.01202 0.23095
0.33832 0.01174 0.22815
0.33929 0.0115 0.2253
0.34058 0.01138 0.22258
0.34192 0.01135 0.21988
0.34331 0.01112 0.21723
0.34478 0.01072 0.21462
0.34646 0.0104 0.21213
0.34807 0.01019 0.20958
0.34991 0.01037 0.20718
0.3513 0.01109 0.20457
0.35334 0.01164 0.20242
0.35522 0.01133 0.20013
0.35675 0.01039 0.19766
0.35876 0.0097 0.1955
0.36087 0.00946 0.19336
0.36239 0.00926 0.19073
0.36449 0.00877 0.18859
0.36635 0.0085 0.18624
0.36839 0.00872 0.18401
0.37082 0.00835 0.18226
0.37258 0.00743 0.17994
0.37451 0.00725 0.17762
0.37663 0.00797 0.17555
0.37899 0.00861 0.17376
0.38158 0.00855 0.17215
0.38427 0.00851 0.17078
0.38673 0.00869 0.16911
0.38897 0.00836 0.16719
0.39087 0.00779 0.16494
0.39275 0.00727 0.1626
0.39519 0.00703 0.16075
0.39732 0.00708 0.15863
0.39948 0.00691 0.15655
0.40186 0.00644 0.15469
0.40439 0.00628 0.15303
0.40688 0.00641 0.15134
0.40899 0.00605 0.14926
0.41109 0.00547 0.14718
0.41344 0.00526 0.14521
0.41603 0.00587 0.14372
0.41884 0.00652 0.14277
0.42173 0.007 0.14202
0.42459 0.00743 0.14093
0.42677 0.008 0.13878
0.42805 0.0083 0.13602
0.4289 0.00806 0.13315
0.42977 0.00747 0.13033
0.43074 0.00683 0.12753
0.43188 0.00625 0.12474
0.4333 0.00592 0.12205
0.43458 0.00572 0.1193
0.43602 0.00597 0.11666
0.43703 0.00672 0.11394
0.43769 0.00776 0.11117
0.30743 0.01238 0.30186
0.30858 0.01272 0.29911
0.3097 0.01301 0.29633
0.31088 0.01312 0.29357
0.31223 0.0127 0.29094
0.31361 0.01229 0.28832
0.31497 0.01225 0.28563
0.31616 0.01257 0.28289
0.31727 0.01262 0.28009
0.31826 0.01212 0.2773
0.31936 0.01153 0.27456
0.32042 0.0109 0.27182
0.32147 0.00991 0.26917
0.32226 0.0093 0.26631
0.3229 0.0095 0.26336
0.32372 0.01013 0.26055
0.32466 0.011 0.25785
0.32608 0.01181 0.25536
0.3273 0.01213 0.25263
0.32899 0.01236 0.25016
0.33072 0.01221 0.24769
0.33216 0.01224 0.24505
0.33392 0.01274 0.24267
0.33582 0.01319 0.24037
0.33726 0.01345 0.23766
0.33738 0.01418 0.23467
0.33759 0.01415 0.23165
0.33858 0.01388 0.2288
0.33952 0.01366 0.22595
0.34067 0.01358 0.22317
0.34222 0.01347 0.22059
0.34347 0.01329 0.21788
0.34496 0.01288 0.21529
0.34668 0.01256 0.21285
0.34836 0.01233 0.21036
0.35015 0.01253 0.20794
0.35166 0.0132 0.20543
0.35342 0.01386 0.20308
0.3556 0.01347 0.20108
0.35707 0.01253 0.19857
0.35872 0.01197 0.1961
0.36074 0.01175 0.19389
0.36265 0.01146 0.1916
0.36424 0.01108 0.18907
0.36604 0.01082 0.18668
0.36778 0.01104 0.18421
0.37001 0.01065 0.18222
0.37228 0.00977 0.18043
0.37423 0.00961 0.17816
0.37634 0.01033 0.17613
0.37858 0.01098 0.1742
0.38102 0.01091 0.1724
0.38362 0.01088 0.17088
0.3862 0.01108 0.16942
0.38862 0.01076 0.16774
0.3906 0.01019 0.16556
0.39237 0.00968 0.16315
0.39469 0.00944 0.16119
0.397 0.00948 0.15928
0.39898 0.00934 0.15703
0.40117 0.00887 0.15496
0.40381 0.0087 0.15346
0.40655 0.00886 0.15212
0.40852 0.0085 0.14985
0.41035 0.0079 0.14753
0.41246 0.00765 0.14534
0.41497 0.00824 0.14371
0.41772 0.00886 0.14259
0.42056 0.00933 0.14172
0.4234 0.00977 0.14076
0.42586 0.01046 0.13902
0.42708 0.01074 0.13622
0.4278 0.01048 0.13332
0.42862 0.00989 0.1305
0.42964 0.00928 0.1277
0.43097 0.00877 0.125
0.43246 0.00845 0.12237
0.4337 0.00826 0.11962
0.43519 0.00852 0.11701
0.4366 0.00939 0.11449
0.43706 0.01039 0.11166
0.30719 0.01439 0.30179
0.30838 0.01473 0.29906
0.30947 0.01502 0.29628
0.31069 0.01514 0.29355
0.31216 0.01473 0.29098
0.31359 0.01433 0.28839
0.31497 0.01429 0.28571
0.31614 0.01462 0.28297
0.31731 0.01469 0.28021
0.31837 0.0142 0.27744
0.31951 0.01363 0.27473
0.32061 0.01302 0.27201
0.32175 0.01203 0.2694
0.32265 0.0114 0.26656
0.3233 0.0116 0.26361
0.32378 0.01228 0.26073
0.32494 0.01314 0.25812
0.32646 0.01395 0.25569
0.32792 0.0142 0.25308
0.32932 0.0145 0.25046
0.33126 0.01428 0.24816
0.33271 0.01429 0.24551
0.33454 0.01477 0.2432
0.33682 0.01493 0.24122
0.33889 0.01463 0.23875
0.33915 0.01534 0.23559
0.33827 0.01612 0.23265
0.33914 0.01586 0.22972
0.34023 0.01558 0.22693
0.34125 0.01556 0.2241
0.34249 0.01557 0.22139
0.34397 0.01532 0.21879
0.34515 0.01503 0.21603
0.34682 0.01472 0.21356
0.34852 0.01449 0.21109
0.3503 0.01472 0.20868
0.35173 0.01541 0.20613
0.35329 0.01611 0.20365
0.3553 0.01579 0.20148
0.35726 0.01473 0.19939
0.35871 0.0142 0.19678
0.36076 0.014 0.19459
0.36239 0.01377 0.19208
0.36401 0.01337 0.1896
0.36571 0.01314 0.18713
0.36757 0.01337 0.18478
0.36953 0.01299 0.18254
0.37181 0.0121 0.18076
0.374 0.01193 0.17875
0.37613 0.01266 0.17676
0.37822 0.01333 0.1747
0.38057 0.01329 0.1728
0.38307 0.01325 0.17113
0.38554 0.01345 0.16949
0.38802 0.01316 0.16789
0.3902 0.01261 0.16593
0.39215 0.0121 0.16369
0.39428 0.01188 0.16157
0.3965 0.01193 0.15956
0.39865 0.01179 0.15748
0.40077 0.01133 0.15538
0.40313 0.01113 0.1535
0.40576 0.01132 0.15203
0.40799 0.01099 0.15004
0.40966 0.01038 0.1476
0.4117 0.01013 0.14536
0.41413 0.0107 0.1436
0.41686 0.01132 0.14242
0.41973 0.01181 0.14161
0.42267 0.01229 0.14093
0.42522 0.01302 0.13922
0.42638 0.01328 0.13633
0.42727 0.0131 0.13347
0.42805 0.01257 0.13063
0.42903 0.01197 0.12782
0.43044 0.01142 0.12518
0.43178 0.01105 0.1225
0.43301 0.01086 0.11977
0.43413 0.01099 0.11698
0.43548 0.01187 0.11443
0.30695 0.01639 0.30168
0.3082 0.01675 0.29899
0.30934 0.01704 0.29623
0.31064 0.01717 0.29354
0.31227 0.01676 0.29106
0.31375 0.01637 0.28849
0.3151 0.01634 0.2858
0.31628 0.01667 0.28307
0.31739 0.01675 0.28029
0.31853 0.01628 0.27756
0.3197 0.01572 0.27485
0.32075 0.01514 0.27211
0.32193 0.01418 0.26952
0.32298 0.01354 0.26675
0.3238 0.01371 0.26383
0.32416 0.0144 0.26092
0.32533 0.01528 0.25832
0.32669 0.01613 0.25582
0.3281 0.0164 0.25319
0.32961 0.01667 0.25065
0.33163 0.01641 0.24847
0.33356 0.0162 0.24618
0.33562 0.01652 0.24403
0.33794 0.01668 0.24211
0.3403 0.0163 0.23984
0.34111 0.01663 0.23644
0.33964 0.01768 0.2336
0.33981 0.01783 0.23061
0.34099 0.0175 0.22785
0.34209 0.01746 0.22505
0.34298 0.01763 0.2222
0.34415 0.01749 0.21945
0.34547 0.01715 0.21678
0.34696 0.0169 0.21419
0.34869 0.01668 0.21174
0.35037 0.01694 0.20927
0.35172 0.01766 0.20668
0.35326 0.01838 0.2042
0.35507 0.01809 0.20185
0.357 0.01704 0.19976
0.35865 0.01648 0.19731
0.36063 0.01631 0.19506
0.36232 0.01607 0.19261
0.36372 0.01569 0.18998
0.36558 0.01547 0.18763
0.36729 0.01571 0.18517
0.36922 0.01534 0.18292
0.37125 0.01445 0.18085
0.37366 0.01429 0.17907
0.37586 0.01503 0.17718
0.37801 0.0157 0.1752
0.38027 0.01568 0.17322
0.38257 0.01566 0.1713
0.38485 0.01582 0.16939
0.38732 0.01553 0.16774
0.38964 0.01503 0.16595
0.39176 0.01453 0.16387
0.39417 0.01433 0.16207
0.3963 0.0144 0.15997
0.39837 0.01427 0.15782
0.40044 0.01381 0.15569
0.40255 0.01359 0.15356
0.40498 0.01373 0.15179
0.40741 0.01348 0.15005
0.4093 0.01292 0.14779
0.41128 0.0127 0.14553
0.41363 0.01325 0.14371
0.41622 0.01383 0.14227
0.41907 0.01433 0.14143
0.42204 0.01487 0.14083
0.42457 0.01561 0.13903
0.42575 0.01584 0.13614
0.42748 0.0158 0.13369
0.42887 0.01518 0.13108
0.42959 0.01465 0.12817
0.4306 0.01413 0.12539
0.43131 0.01372 0.12251
0.43198 0.01336 0.11957
0.43313 0.01348 0.11677
0.30691 0.01841 0.30163
0.30815 0.01877 0.29893
0.30936 0.01907 0.29621
0.31069 0.01921 0.29353
0.31252 0.01879 0.29118
0.3139 0.01841 0.28855
0.31518 0.0184 0.28583
0.31641 0.01874 0.28312
0.31772 0.0188 0.28043
0.31872 0.01836 0.27764
0.3198 0.01783 0.27489
0.32087 0.01727 0.27215
0.32199 0.01633 0.26954
0.32309 0.01571 0.2668
0.3238 0.01591 0.26387
0.32456 0.01654 0.26105
0.32574 0.01741 0.25845
0.32702 0.01827 0.25592
0.32832 0.01856 0.25324
0.32987 0.01883 0.25074
0.33207 0.01854 0.24878
0.33443 0.01815 0.24693
0.33662 0.01842 0.24486
0.33886 0.01871 0.24285
0.34117 0.01856 0.24057
0.3423 0.01876 0.23722
0.34116 0.01937 0.23421
0.34043 0.01988 0.23125
0.34155 0.01962 0.22842
0.34257 0.01963 0.2256
0.34341 0.01979 0.22273
0.34452 0.01966 0.21995
0.3458 0.01934 0.21725
0.34724 0.01912 0.21463
0.34904 0.01888 0.21224
0.35068 0.01917 0.20975
0.3519 0.01993 0.20711
0.35344 0.02067 0.20463
0.35526 0.02039 0.20226
0.35691 0.01938 0.19995
0.35872 0.01879 0.19765
0.36054 0.01865 0.19528
0.36209 0.01841 0.19272
0.36346 0.01804 0.19007
0.3653 0.01783 0.1877
0.36713 0.01808 0.18533
0.36911 0.01772 0.18311
0.37119 0.01685 0.18113
0.37337 0.01669 0.1791
0.37555 0.01742 0.17716
0.37788 0.01811 0.17539
0.38019 0.01809 0.17351
0.38233 0.01809 0.17142
0.38454 0.01828 0.16941
0.3868 0.01794 0.16748
0.38901 0.0174 0.16554
0.39141 0.01698 0.16378
0.39387 0.0168 0.16208
0.39621 0.01689 0.16022
0.39827 0.01677 0.15806
0.40022 0.01632 0.15583
0.40203 0.01605 0.15345
0.40428 0.01614 0.15145
0.40676 0.01594 0.14977
0.40908 0.01548 0.14791
0.41109 0.01527 0.14571
0.41321 0.0158 0.14366
0.41572 0.01637 0.14207
0.41852 0.01686 0.14109
0.42145 0.01742 0.14038
0.42386 0.01813 0.13845
0.425 0.01831 0.13555
0.42674 0.01834 0.13313
0.42941 0.01791 0.13152
0.43082 0.0171 0.12878
0.43168 0.01664 0.12583
0.43158 0.01641 0.12277
0.43111 0.01593 0.11976
0.43195 0.01592 0.1168
0.30704 0.02042 0.30168
0.30829 0.02078 0.29899
0.30952 0.02109 0.29628
0.31094 0.02123 0.29365
0.31265 0.02083 0.29122
0.31405 0.02046 0.28861
0.31533 0.02046 0.28589
0.3165 0.02081 0.28316
0.3178 0.0209 0.28047
0.31899 0.02044 0.27776
0.32002 0.01992 0.27498
0.32101 0.01938 0.27221
0.32204 0.01846 0.26956
0.32317 0.01786 0.26684
0.32398 0.01806 0.26395
0.3249 0.01868 0.26118
0.32614 0.01955 0.25861
0.32754 0.02038 0.25611
0.3287 0.02069 0.25337
0.33009 0.02101 0.25076
0.3324 0.02075 0.24889
0.33486 0.02043 0.24718
0.33702 0.02073 0.24509
0.33934 0.02111 0.24315
0.34151 0.02109 0.24075
0.34249 0.02129 0.23751
0.34157 0.02165 0.23444
0.34118 0.02196 0.23144
0.34197 0.02184 0.22853
0.34299 0.02185 0.22571
0.34404 0.02196 0.22291
0.34509 0.02185 0.2201
0.34638 0.02153 0.21742
0.34773 0.02133 0.21475
0.34963 0.02109 0.21244
0.3512 0.02141 0.20989
0.35237 0.02219 0.20723
0.35417 0.02288 0.20492
0.35568 0.02268 0.20235
0.35719 0.02169 0.19995
0.35886 0.02112 0.19754
0.36058 0.02099 0.19509
0.362 0.02076 0.19246
0.36344 0.0204 0.18984
0.36528 0.02019 0.18748
0.36696 0.02043 0.18497
0.36924 0.0201 0.18302
0.37135 0.01923 0.18109
0.37336 0.01909 0.17889
0.37547 0.01982 0.17685
0.37785 0.02051 0.17515
0.38017 0.02051 0.1733
0.38233 0.02053 0.17124
0.38454 0.02073 0.16923
0.38669 0.0204 0.16717
0.38879 0.01984 0.1651
0.3912 0.0194 0.16334
0.39374 0.01925 0.16177
0.39636 0.01942 0.16025
0.39833 0.01928 0.15796
0.40004 0.01881 0.15554
0.40171 0.01852 0.15308
0.40377 0.01855 0.15089
0.40611 0.01829 0.14903
0.40857 0.01794 0.14734
0.41087 0.01782 0.14547
0.41292 0.01833 0.14333
0.41538 0.01891 0.1417
0.41814 0.01941 0.14065
0.42103 0.01996 0.13973
0.42317 0.02053 0.13752
0.42431 0.0207 0.13466
0.42618 0.0208 0.13232
0.4289 0.02059 0.13088
0.43146 0.02003 0.12883
0.43226 0.0195 0.12564
0.43186 0.0192 0.12252
0.43076 0.01861 0.11966
0.30721 0.02244 0.30179
0.30851 0.02278 0.29912
0.3098 0.02309 0.29645
0.31128 0.02323 0.29385
0.31268 0.02288 0.29125
0.31413 0.02252 0.28867
0.31537 0.02252 0.28595
0.31656 0.02287 0.28323
0.31775 0.02298 0.2805
0.31904 0.02254 0.27784
0.32017 0.02203 0.27511
0.32119 0.02149 0.27236
0.32218 0.02059 0.26968
0.32324 0.02001 0.26695
0.32427 0.0202 0.26414
0.32528 0.02081 0.2614
0.32654 0.02168 0.25884
0.32802 0.02249 0.2564
0.32946 0.02271 0.25377
0.33032 0.02318 0.25091
0.33235 0.02296 0.24874
0.33468 0.02271 0.24688
0.33685 0.02304 0.24483
0.33886 0.02342 0.24259
0.34091 0.02347 0.24023
0.34204 0.02366 0.23722
0.34151 0.02391 0.2341
0.34187 0.02408 0.23114
0.34257 0.024 0.22824
0.34321 0.02408 0.22531
0.34455 0.02414 0.22261
0.34567 0.02401 0.21984
0.3469 0.02372 0.21713
0.34829 0.02352 0.21448
0.35005 0.02332 0.21207
0.35156 0.02365 0.20952
0.35298 0.0244 0.20699
0.3548 0.0251 0.20472
0.35623 0.02492 0.20212
0.35755 0.02397 0.1996
0.35912 0.02341 0.19712
0.3608 0.02329 0.19465
0.36211 0.02307 0.19196
0.36373 0.02272 0.18946
0.36533 0.02251 0.18694
0.36711 0.02277 0.18449
0.36937 0.02244 0.18255
0.37145 0.02158 0.18058
0.37366 0.02147 0.1786
0.37575 0.02221 0.17657
0.37796 0.02289 0.17467
0.38036 0.0229 0.17291
0.38252 0.02294 0.17086
0.38468 0.02316 0.16881
0.38683 0.02284 0.16676
0.38891 0.02231 0.16469
0.39111 0.02182 0.16269
0.39364 0.02164 0.16109
0.3962 0.02184 0.1595
0.39817 0.02169 0.15721
0.39973 0.02116 0.15471
0.40141 0.02087 0.15225
0.40347 0.02093 0.15007
0.40567 0.0206 0.14806
0.40804 0.02021 0.14628
0.41039 0.02014 0.14446
0.41261 0.02076 0.14254
0.41511 0.02139 0.14102
0.41788 0.02193 0.14
0.42069 0.02245 0.13881
0.42244 0.02278 0.13628
0.42377 0.02306 0.13359
0.42619 0.02347 0.13184
0.42871 0.02324 0.13006
0.43066 0.02264 0.12755
0.30715 0.02447 0.30179
0.30868 0.0248 0.29925
0.31006 0.0251 0.29661
0.31147 0.02526 0.29399
0.31273 0.02492 0.29132
0.31417 0.02457 0.28875
0.31545 0.02457 0.28605
0.31661 0.02493 0.28333
0.31781 0.02505 0.28061
0.31906 0.02463 0.27793
0.32031 0.02413 0.27526
0.32136 0.02361 0.27252
0.32237 0.02272 0.26986
0.32342 0.02215 0.26712
0.32448 0.02234 0.26434
0.32562 0.02294 0.26165
0.32695 0.0238 0.25913
0.32845 0.02461 0.2567
0.3299 0.02485 0.25407
0.33071 0.02531 0.25122
0.33224 0.02514 0.24868
0.33432 0.02487 0.24657
0.33616 0.0251 0.24423
0.33793 0.02536 0.24183
0.33984 0.02542 0.2395
0.34112 0.02575 0.23677
0.34168 0.02613 0.23383
0.34227 0.02629 0.2309
0.34291 0.02622 0.22799
0.34361 0.02631 0.22507
0.34472 0.0264 0.22229
0.34597 0.02624 0.21958
0.34736 0.02594 0.21695
0.34887 0.02572 0.21438
0.35038 0.02557 0.21181
0.35192 0.02591 0.20928
0.35338 0.02666 0.20679
0.3551 0.02739 0.20447
0.35658 0.02721 0.20191
0.35793 0.02626 0.19941
0.3594 0.02572 0.19688
0.36092 0.02561 0.19432
0.36226 0.02539 0.19166
0.36377 0.02506 0.18909
0.36532 0.02486 0.18653
0.36732 0.02515 0.18428
0.3694 0.02481 0.18216
0.37153 0.02395 0.18025
0.37374 0.02385 0.17827
0.37578 0.0246 0.1762
0.37803 0.0253 0.17436
0.3804 0.02531 0.17256
0.3826 0.02537 0.17056
0.38477 0.02561 0.16855
0.38689 0.02531 0.16649
0.38904 0.02479 0.16451
0.39121 0.02432 0.16251
0.39346 0.02408 0.16057
0.39558 0.02406 0.15848
0.39745 0.02388 0.15618
0.39914 0.02342 0.15376
0.40097 0.0232 0.1514
0.40296 0.02323 0.14918
0.40512 0.02291 0.14715
0.40739 0.02246 0.14526
0.40973 0.0224 0.14342
0.41196 0.02302 0.14152
0.41451 0.02373 0.14012
0.4173 0.02436 0.13916
0.41997 0.02478 0.13768
0.42153 0.02495 0.13505
0.42326 0.02551 0.13272
0.42575 0.02614 0.13104
0.30707 0.02649 0.30178
0.30879 0.02683 0.29937
0.31022 0.02712 0.29676
0.31161 0.02729 0.29413
0.31276 0.02697 0.29142
0.31424 0.02661 0.28887
0.31571 0.0266 0.28627
0.31674 0.02699 0.2835
0.3179 0.02712 0.28077
0.31911 0.02672 0.27808
0.32031 0.02624 0.27539
0.32141 0.02573 0.27268
0.32248 0.02485 0.27004
0.32361 0.02429 0.26734
0.32472 0.02448 0.26459
0.32596 0.02507 0.26195
0.32733 0.02593 0.25945
0.32885 0.02674 0.25704
0.33024 0.02698 0.25439
0.33098 0.02746 0.25153
0.33225 0.02732 0.24885
0.33392 0.02701 0.2464
0.33551 0.02717 0.24389
0.33723 0.02741 0.24148
0.33912 0.02746 0.23917
0.34057 0.0279 0.23658
0.3417 0.02838 0.23386
0.34231 0.02855 0.23094
0.34309 0.02847 0.22806
0.34415 0.0285 0.22527
0.34514 0.02862 0.22247
0.34622 0.0285 0.21968
0.34763 0.02819 0.21707
0.34908 0.02798 0.21447
0.35063 0.02783 0.21194
0.3521 0.0282 0.20938
0.35351 0.02896 0.20686
0.35519 0.02972 0.20453
0.35675 0.02953 0.20203
0.358 0.02859 0.19948
0.3594 0.02806 0.19691
0.36083 0.02796 0.19431
0.36207 0.02776 0.19161
0.36372 0.02744 0.18912
0.36543 0.02725 0.18669
0.36731 0.02754 0.18439
0.36923 0.0272 0.18213
0.37129 0.02634 0.18013
0.37354 0.02625 0.1782
0.37568 0.02702 0.17627
0.37787 0.02772 0.17438
0.38019 0.02774 0.17252
0.3824 0.02781 0.17053
0.3846 0.02807 0.16857
0.38696 0.02778 0.1668
0.38901 0.02727 0.16472
0.39092 0.02679 0.16249
0.39295 0.0265 0.16032
0.39487 0.02643 0.15806
0.39664 0.02621 0.15569
0.39828 0.02573 0.15324
0.40019 0.02555 0.15095
0.402 0.0255 0.14858
0.40407 0.02513 0.14647
0.40632 0.02468 0.14457
0.40852 0.0245 0.14257
0.41073 0.0251 0.14062
0.41329 0.02584 0.13925
0.41606 0.02652 0.13828
0.41867 0.02693 0.13672
0.42031 0.02713 0.13418
0.4219 0.02756 0.13171
0.3071 0.0285 0.30188
0.30873 0.02885 0.29941
0.31027 0.02915 0.29689
0.31185 0.02929 0.29437
0.31293 0.029 0.29162
0.31434 0.02865 0.28903
0.31578 0.02866 0.28644
0.31696 0.02903 0.28373
0.31808 0.02917 0.28099
0.31922 0.02879 0.27828
0.32035 0.02834 0.27556
0.32152 0.02784 0.27288
0.3226 0.02698 0.27025
0.32374 0.02643 0.26756
0.32498 0.02661 0.26487
0.32641 0.02716 0.26232
0.32791 0.02799 0.2599
0.32934 0.02883 0.25745
0.33065 0.02908 0.25479
0.33175 0.02944 0.25205
0.33238 0.0295 0.24913
0.33374 0.02919 0.2465
0.33518 0.02935 0.2439
0.33694 0.0296 0.24151
0.33874 0.02963 0.23915
0.34029 0.03011 0.23665
0.3416 0.03062 0.23402
0.34266 0.03076 0.23124
0.34344 0.03069 0.22837
0.34443 0.03073 0.22557
0.34544 0.03085 0.22278
0.34649 0.03073 0.22
0.34779 0.03044 0.21733
0.34912 0.03025 0.21468
0.3506 0.03012 0.2121
0.35215 0.03049 0.20959
0.35364 0.03126 0.20713
0.35549 0.032 0.20493
0.35683 0.03185 0.2023
0.35784 0.03093 0.19963
0.35931 0.0304 0.1971
0.36079 0.03031 0.19453
0.36208 0.03013 0.19185
0.36369 0.02981 0.18935
0.36546 0.02962 0.18697
0.36714 0.02993 0.18454
0.36899 0.02961 0.18222
0.37094 0.02874 0.1801
0.37326 0.02865 0.17824
0.37536 0.02942 0.17628
0.37762 0.03014 0.17448
0.37988 0.03016 0.17255
0.38215 0.03025 0.17066
0.38429 0.03051 0.16863
0.3866 0.03024 0.16681
0.38873 0.02975 0.16482
0.3905 0.02924 0.16247
0.39243 0.02895 0.16023
0.39416 0.02882 0.15782
0.39573 0.02854 0.15532
0.39738 0.02807 0.15288
0.39918 0.02784 0.15051
0.40094 0.02777 0.14811
0.40314 0.02749 0.14613
0.40527 0.02699 0.14413
0.40725 0.02667 0.14193
0.40933 0.02713 0.13982
0.4118 0.02769 0.13821
0.4145 0.02827 0.13706
0.41708 0.02877 0.13558
0.41892 0.02925 0.13324
0.30721 0.03052 0.30205
0.30881 0.03087 0.29956
0.31036 0.03117 0.29706
0.31209 0.03131 0.29464
0.31335 0.03097 0.29197
0.31457 0.03068 0.28929
0.31602 0.03068 0.2867
0.31732 0.03104 0.28405
0.31836 0.03121 0.28128
0.3195 0.03084 0.27857
0.32067 0.03039 0.27588
0.32187 0.0299 0.27321
0.32288 0.02908 0.27054
0.32401 0.02855 0.26785
0.32537 0.02871 0.26522
0.32699 0.02921 0.26278
0.32855 0.03002 0.26039
0.33014 0.03079 0.25802
0.33134 0.0311 0.25533
0.33269 0.03128 0.25266
0.33291 0.03158 0.24967
0.33375 0.03138 0.24681
0.33524 0.03154 0.24422
0.33686 0.0318 0.24175
0.33853 0.03184 0.2393
0.34013 0.03233 0.23684
0.34152 0.03285 0.23428
0.34275 0.03299 0.23158
0.3437 0.0329 0.22877
0.34474 0.03294 0.22599
0.34579 0.03306 0.22322
0.34671 0.03297 0.2204
0.34793 0.03268 0.21769
0.34918 0.03251 0.21501
0.35057 0.03239 0.21238
0.35208 0.03278 0.20984
0.35383 0.03354 0.20756
0.35546 0.03432 0.20523
0.35684 0.03417 0.20264
0.35796 0.03325 0.20002
0.35937 0.03273 0.19746
0.36083 0.03265 0.19488
0.36223 0.03247 0.19227
0.36373 0.03217 0.18971
0.36538 0.032 0.18725
0.36719 0.03231 0.18491
0.36891 0.03201 0.1825
0.3708 0.03115 0.18034
0.37295 0.03106 0.1783
0.37504 0.03184 0.17631
0.37727 0.03255 0.17448
0.37964 0.03259 0.1727
0.38183 0.03268 0.17072
0.38389 0.03295 0.16862
0.38606 0.03266 0.16665
0.38804 0.03214 0.16453
0.38995 0.03166 0.16232
0.39187 0.03138 0.16007
0.39357 0.03126 0.15765
0.39499 0.03095 0.15506
0.39666 0.03049 0.15263
0.39831 0.03021 0.15018
0.40005 0.03014 0.14776
0.40205 0.02974 0.14559
0.40417 0.02925 0.14358
0.40617 0.02897 0.14142
0.40803 0.02927 0.1391
0.41028 0.02952 0.13714
0.4129 0.02987 0.13574
0.41539 0.03028 0.13415
0.41715 0.0307 0.13178
0.30703 0.03255 0.30196
0.30874 0.03291 0.29956
0.31023 0.03321 0.29701
0.31204 0.03338 0.29465
0.31352 0.03302 0.2921
0.3148 0.03272 0.28945
0.31625 0.03273 0.28686
0.31753 0.0331 0.2842
0.31868 0.03325 0.28148
0.31993 0.03287 0.27882
0.32125 0.03238 0.27621
0.32256 0.03186 0.2736
0.32341 0.03113 0.27084
0.32449 0.03064 0.26811
0.32604 0.03076 0.26558
0.3278 0.0312 0.26322
0.32954 0.03193 0.26094
0.33131 0.03253 0.25866
0.33273 0.03265 0.25604
0.33382 0.033 0.25327
0.33405 0.03337 0.25031
0.33404 0.03352 0.2473
0.33532 0.03372 0.24457
0.33684 0.034 0.24204
0.33847 0.03405 0.23956
0.34016 0.03454 0.23716
0.34158 0.03507 0.23461
0.34285 0.03522 0.23194
0.3439 0.03513 0.22916
0.34522 0.0351 0.2265
0.34648 0.03515 0.22381
0.34728 0.03511 0.22095
0.34802 0.03493 0.21807
0.34921 0.03477 0.21534
0.35062 0.03466 0.21271
0.35217 0.03505 0.2102
0.35387 0.03583 0.20789
0.3556 0.03661 0.20563
0.35695 0.03648 0.20304
0.35815 0.03555 0.20044
0.35954 0.03504 0.19787
0.36092 0.03498 0.19525
0.36234 0.03481 0.19264
0.36388 0.03451 0.19011
0.36557 0.03435 0.18768
0.36723 0.03469 0.18524
0.369 0.03438 0.18287
0.37073 0.03356 0.18056
0.37277 0.03348 0.17842
0.37489 0.03427 0.17646
0.37715 0.03498 0.17466
0.3794 0.03502 0.17273
0.3816 0.03513 0.17076
0.3837 0.03541 0.16871
0.38578 0.03513 0.16665
0.38763 0.03459 0.16441
0.38947 0.0341 0.16214
0.39142 0.03383 0.1599
0.39315 0.03373 0.1575
0.39458 0.03344 0.15491
0.39611 0.03296 0.1524
0.39775 0.03268 0.14993
0.39942 0.0326 0.14748
0.4012 0.03212 0.14515
0.40331 0.03163 0.14311
0.4051 0.03123 0.14077
0.40687 0.03149 0.13839
0.40886 0.0315 0.13618
0.41124 0.03137 0.13437
0.41359 0.03139 0.13256
0.30675 0.03455 0.30178
0.30843 0.03491 0.29936
0.31011 0.03524 0.29693
0.31183 0.03541 0.29451
0.31337 0.03507 0.29201
0.31498 0.03477 0.28953
0.31638 0.03479 0.28691
0.31764 0.03517 0.28425
0.31896 0.03531 0.2816
0.32038 0.0349 0.27903
0.32207 0.03427 0.27666
0.32349 0.03369 0.2741
0.32446 0.03292 0.27139
0.32532 0.03262 0.26853
0.32701 0.03266 0.26607
0.32899 0.03291 0.26387
0.33102 0.03335 0.26175
0.33282 0.0339 0.25946
0.33418 0.0341 0.2568
0.3352 0.03453 0.25398
0.33519 0.0351 0.25101
0.33456 0.03552 0.24807
0.33526 0.03585 0.24514
0.33675 0.03615 0.24255
0.33846 0.0362 0.24013
0.34008 0.03671 0.23769
0.34159 0.03724 0.2352
0.34309 0.03735 0.23264
0.34409 0.03728 0.22983
0.34547 0.03724 0.22719
0.34684 0.03726 0.22455
0.34778 0.03718 0.22174
0.34819 0.03708 0.21877
0.34916 0.03697 0.21595
0.35055 0.03687 0.21329
0.35203 0.03728 0.21073
0.35385 0.03806 0.2085
0.35567 0.03884 0.20631
0.357 0.03871 0.20374
0.35811 0.03781 0.20106
0.35949 0.03731 0.19846
0.36102 0.03723 0.19592
0.36237 0.0371 0.19328
0.36402 0.03678 0.19081
0.36563 0.03664 0.18833
0.36716 0.03701 0.18581
0.36886 0.03672 0.1834
0.3706 0.03591 0.18107
0.37264 0.03585 0.17892
0.37463 0.03665 0.17686
0.3768 0.03737 0.17495
0.37903 0.03741 0.17297
0.38129 0.03753 0.17105
0.38337 0.03784 0.16901
0.38539 0.03756 0.16691
0.38717 0.03703 0.16462
0.38897 0.03653 0.1623
0.39068 0.03621 0.15987
0.39246 0.03613 0.1575
0.39421 0.03592 0.15513
0.39569 0.03544 0.15258
0.39721 0.03515 0.15003
0.39863 0.03501 0.14743
0.4003 0.03451 0.14504
0.40211 0.03387 0.14277
0.40399 0.03354 0.14047
0.40563 0.03374 0.13801
0.40741 0.03362 0.13563
0.40948 0.03319 0.13355
0.30656 0.03656 0.30164
0.30813 0.03691 0.29916
0.30986 0.03725 0.29677
0.31161 0.03743 0.29438
0.31337 0.03711 0.29202
0.31495 0.03683 0.28952
0.31641 0.03686 0.28693
0.31779 0.03723 0.28434
0.3193 0.03736 0.2818
0.32085 0.03693 0.27931
0.32275 0.03623 0.27714
0.32449 0.03547 0.27479
0.32539 0.03474 0.27201
0.32653 0.03426 0.26932
0.32829 0.03421 0.26693
0.33043 0.03424 0.26487
0.33263 0.03445 0.26283
0.33438 0.03512 0.26046
0.33526 0.03582 0.25768
0.33644 0.03622 0.25488
0.33603 0.03693 0.25191
0.33523 0.03739 0.24905
0.33536 0.03789 0.24605
0.33676 0.03821 0.24339
0.3384 0.03828 0.24091
0.33998 0.03881 0.23845
0.34154 0.03934 0.23599
0.34317 0.03944 0.2335
0.34443 0.03931 0.23081
0.34554 0.03934 0.22804
0.34692 0.03935 0.22542
0.34764 0.03932 0.22254
0.34824 0.03919 0.21963
0.34922 0.03908 0.21681
0.3503 0.03903 0.21402
0.35178 0.03946 0.21144
0.35366 0.04024 0.20925
0.35571 0.04097 0.20724
0.35721 0.04082 0.20477
0.35819 0.03996 0.20205
0.35953 0.03947 0.19942
0.36093 0.03944 0.1968
0.36247 0.03925 0.19428
0.36389 0.039 0.19167
0.36557 0.03885 0.18923
0.36718 0.03922 0.18677
0.36866 0.03899 0.18422
0.37029 0.03819 0.18181
0.37226 0.03816 0.17958
0.37438 0.03895 0.17764
0.37639 0.03969 0.17559
0.37836 0.03973 0.17334
0.38061 0.03987 0.17139
0.38285 0.04019 0.16952
0.38485 0.03992 0.16741
0.38667 0.03941 0.16514
0.38821 0.03888 0.16265
0.38983 0.03854 0.16015
0.39164 0.03848 0.15779
0.39371 0.03833 0.15566
0.39527 0.03787 0.15315
0.39662 0.03757 0.15051
0.3979 0.03742 0.14785
0.39932 0.03685 0.14531
0.40094 0.03617 0.14291
0.40272 0.0358 0.14053
0.4042 0.03593 0.13797
0.40601 0.03585 0.13561
0.40795 0.03536 0.13342
0.30628 0.03855 0.30144
0.30778 0.03889 0.29891
0.30957 0.03925 0.29658
0.31148 0.03947 0.29431
0.31335 0.03916 0.29201
0.31487 0.03888 0.28947
0.31631 0.03893 0.28688
0.31789 0.0393 0.28441
0.31956 0.03942 0.28196
0.32122 0.03898 0.27955
0.32324 0.03829 0.27749
0.3252 0.03748 0.27532
0.32626 0.03663 0.27261
0.32756 0.03605 0.27001
0.3294 0.03592 0.26772
0.3317 0.03585 0.26583
0.33399 0.03603 0.26383
0.33591 0.03665 0.26141
0.3365 0.03753 0.25849
0.3372 0.03826 0.25563
0.33668 0.03889 0.25267
0.33595 0.03932 0.2498
0.33577 0.03993 0.24683
0.33703 0.0403 0.24409
0.33851 0.04042 0.24151
0.34003 0.04098 0.23901
0.34164 0.04151 0.23657
0.34324 0.04162 0.23407
0.3447 0.04145 0.23148
0.34578 0.04149 0.2287
0.34737 0.04144 0.22617
0.3483 0.04136 0.22333
0.34858 0.04133 0.22035
0.3493 0.04127 0.21745
0.35033 0.04124 0.21464
0.35168 0.0417 0.212
0.35356 0.04249 0.20978
0.35582 0.04318 0.20796
0.35788 0.04279 0.20589
0.35867 0.04205 0.20307
0.3597 0.04167 0.20029
0.36143 0.04152 0.19786
0.36272 0.04143 0.19518
0.36411 0.04119 0.19256
0.36568 0.04108 0.19004
0.36721 0.04149 0.18753
0.36874 0.04127 0.18499
0.37027 0.04052 0.18252
0.37212 0.04051 0.18019
0.37428 0.04129 0.17829
0.37623 0.04204 0.17619
0.37804 0.04213 0.17381
0.3802 0.04227 0.17176
0.38241 0.0426 0.16984
0.38434 0.04234 0.16764
0.38614 0.04183 0.16536
0.38772 0.04132 0.1629
0.38925 0.04097 0.16035
0.39111 0.04092 0.15802
0.39297 0.04074 0.15572
0.39492 0.04036 0.15349
0.39648 0.04008 0.15095
0.39743 0.03991 0.14813
0.39853 0.03929 0.14544
0.39994 0.03854 0.1429
0.40171 0.03818 0.14053
0.40322 0.03833 0.13797
0.40481 0.03816 0.13547
0.3056 0.04039 0.30093
0.30723 0.0408 0.29848
0.30916 0.04122 0.29626
0.3112 0.04148 0.29411
0.31324 0.04122 0.29195
0.31476 0.04093 0.2894
0.31625 0.04098 0.28684
0.3179 0.04138 0.28441
0.31965 0.04151 0.28202
0.32145 0.04107 0.27971
0.32347 0.04041 0.27764
0.32542 0.03967 0.27549
0.32689 0.03869 0.27305
0.32817 0.0381 0.27043
0.33009 0.03796 0.26818
0.33223 0.03803 0.26613
0.33466 0.03828 0.26431
0.33658 0.03894 0.26187
0.33702 0.03974 0.25886
0.33736 0.04053 0.25598
0.3373 0.04099 0.25299
0.33671 0.04136 0.25008
0.33654 0.04196 0.24716
0.33754 0.04242 0.24438
0.33885 0.04261 0.24172
0.34031 0.04318 0.23919
0.34198 0.04371 0.23679
0.34358 0.04383 0.23429
0.34504 0.04368 0.2317
0.34631 0.04367 0.22902
0.34787 0.04362 0.22648
0.34888 0.04352 0.22368
0.34917 0.04351 0.22071
0.3496 0.04353 0.21775
0.35058 0.04351 0.21491
0.35191 0.04399 0.21225
0.35374 0.04479 0.20998
0.35617 0.04544 0.20833
0.35869 0.04491 0.2067
0.35989 0.04393 0.204
0.36023 0.04385 0.20094
0.36177 0.04377 0.19838
0.36307 0.04367 0.19571
0.3644 0.04347 0.19306
0.36593 0.04339 0.19051
0.36752 0.04379 0.18802
0.36907 0.04358 0.1855
0.37076 0.0428 0.18317
0.3725 0.04284 0.18077
0.37461 0.04364 0.17882
0.37639 0.04444 0.17658
0.37811 0.04455 0.17415
0.38019 0.04472 0.17201
0.38243 0.04506 0.17011
0.3842 0.04482 0.16776
0.38587 0.0443 0.16539
0.38731 0.04377 0.16284
0.38891 0.04344 0.16034
0.39073 0.0434 0.15798
0.39228 0.04314 0.15547
0.39412 0.04274 0.15316
0.39605 0.04262 0.15086
0.39714 0.04243 0.14807
0.39806 0.04179 0.14532
0.39933 0.04103 0.14273
0.40069 0.04051 0.14013
0.30494 0.04223 0.3004
0.30675 0.04273 0.29812
0.30867 0.04316 0.2959
0.31071 0.04344 0.29377
0.31289 0.04324 0.29177
0.31469 0.043 0.28942
0.31625 0.04305 0.28689
0.3178 0.04345 0.28442
0.31963 0.04359 0.2821
0.32147 0.04317 0.27981
0.32341 0.04255 0.27766
0.3253 0.04184 0.27548
0.32693 0.04088 0.27318
0.32846 0.04024 0.27072
0.33043 0.04012 0.26853
0.3325 0.04022 0.26642
0.33452 0.04058 0.26424
0.33608 0.04132 0.26171
0.33668 0.04201 0.25881
0.33694 0.04275 0.25593
0.33732 0.04322 0.253
0.33704 0.04353 0.25004
0.33699 0.04409 0.24713
0.33798 0.04459 0.24437
0.33914 0.04481 0.24165
0.34057 0.04539 0.2391
0.34257 0.04589 0.23694
0.34403 0.04603 0.23435
0.34546 0.04589 0.23175
0.34676 0.04589 0.22908
0.34845 0.0458 0.22664
0.34972 0.0456 0.22393
0.34994 0.04564 0.22094
0.35005 0.04579 0.21794
0.35102 0.04576 0.21509
0.35236 0.04624 0.21245
0.35415 0.04706 0.21017
0.35643 0.04774 0.20837
0.35883 0.04733 0.20664
0.36066 0.0462 0.2044
0.36113 0.04598 0.20138
0.36192 0.04611 0.19848
0.36337 0.04598 0.19588
0.36477 0.04578 0.19327
0.3662 0.04573 0.19068
0.36778 0.04615 0.18819
0.36938 0.04592 0.1857
0.37107 0.04515 0.18338
0.37282 0.04519 0.181
0.37481 0.04605 0.17895
0.3766 0.04685 0.17674
0.37835 0.04696 0.17435
0.38034 0.04716 0.17216
0.3826 0.04752 0.17026
0.38432 0.04729 0.16785
0.38568 0.04677 0.16528
0.38694 0.04623 0.16264
0.38851 0.04589 0.16014
0.39016 0.04582 0.15768
0.39147 0.04549 0.15504
0.39301 0.04494 0.15255
0.39474 0.04473 0.15015
0.39656 0.04492 0.14777
0.39748 0.04424 0.145
0.39854 0.04342 0.14234
0.39978 0.04287 0.1397
0.3043 0.04408 0.2999
0.30621 0.04464 0.29772
0.30818 0.04509 0.29556
0.31027 0.04541 0.2935
0.31248 0.04524 0.29154
0.31437 0.04504 0.28927
0.31602 0.04511 0.28681
0.31763 0.04551 0.28438
0.3195 0.04568 0.28211
0.32137 0.04527 0.27985
0.32323 0.04466 0.27763
0.32512 0.04397 0.27546
0.3268 0.04303 0.2732
0.32842 0.04241 0.27081
0.33026 0.04231 0.26851
0.33216 0.04242 0.26625
0.33393 0.04271 0.26388
0.33523 0.04333 0.26127
0.33595 0.04406 0.25847
0.33639 0.04486 0.25564
0.33657 0.0453 0.25272
0.33684 0.04571 0.2498
0.33734 0.04625 0.24694
0.33828 0.04677 0.24419
0.33945 0.04701 0.24148
0.34095 0.0476 0.23899
0.34273 0.04814 0.23668
0.34444 0.04825 0.23427
0.3459 0.04811 0.23171
0.3474 0.04806 0.22916
0.34907 0.04798 0.22671
0.35053 0.04771 0.22412
0.3511 0.0476 0.22118
0.35106 0.04786 0.21821
0.35146 0.04803 0.21523
0.35288 0.0485 0.2126
0.35466 0.04933 0.21035
0.35663 0.05009 0.20827
0.35875 0.04966 0.20626
0.36064 0.04861 0.20419
0.36158 0.04829 0.20138
0.36234 0.04845 0.1985
0.36361 0.04834 0.19579
0.36511 0.04813 0.19323
0.36664 0.04807 0.1907
0.36845 0.04845 0.18837
0.36969 0.04829 0.18567
0.37128 0.04754 0.18327
0.37309 0.04759 0.18095
0.37498 0.04847 0.17883
0.37681 0.04928 0.17665
0.37878 0.04937 0.17446
0.38046 0.04961 0.17203
0.38247 0.04997 0.16988
0.3846 0.04977 0.1678
0.38563 0.04925 0.16505
0.38678 0.04871 0.16237
0.38824 0.04836 0.15982
0.38982 0.04828 0.15731
0.39099 0.04794 0.15462
0.39219 0.04729 0.15198
0.39369 0.04695 0.14944
0.39533 0.04704 0.14698
0.39643 0.04645 0.14432
0.39753 0.04568 0.14169
0.30371 0.04596 0.29943
0.30575 0.04659 0.2974
0.30775 0.04706 0.29528
0.30973 0.04734 0.29311
0.3119 0.04717 0.29113
0.31389 0.04702 0.28895
0.31567 0.04714 0.2866
0.3174 0.04757 0.28426
0.31917 0.04774 0.28191
0.32108 0.04735 0.27969
0.32299 0.04677 0.27751
0.32476 0.04607 0.27525
0.32649 0.04516 0.27303
0.32822 0.04457 0.27071
0.32984 0.04444 0.26825
0.33149 0.04446 0.26581
0.33317 0.04471 0.26338
0.33444 0.04531 0.26078
0.33539 0.04614 0.2581
0.33582 0.04693 0.25526
0.33603 0.04739 0.25234
0.3367 0.04788 0.2495
0.33747 0.04844 0.2467
0.33847 0.04897 0.24397
0.3397 0.04922 0.24129
0.3414 0.04979 0.23893
0.34305 0.05036 0.23655
0.34493 0.05046 0.23427
0.34662 0.05026 0.23185
0.34815 0.0502 0.22932
0.3497 0.05016 0.2268
0.35124 0.04988 0.22428
0.35211 0.04963 0.22143
0.35237 0.04975 0.21847
0.35218 0.05024 0.21546
0.35348 0.05074 0.21274
0.35537 0.05154 0.21057
0.35748 0.05226 0.20863
0.35888 0.05199 0.20605
0.36065 0.05093 0.20391
0.3623 0.05052 0.2015
0.36305 0.05071 0.19861
0.36402 0.05069 0.19578
0.36551 0.05046 0.19321
0.36692 0.05041 0.1906
0.36857 0.05083 0.18818
0.37 0.05065 0.18561
0.37164 0.04993 0.18323
0.3735 0.04999 0.18096
0.37542 0.05089 0.17887
0.37747 0.05165 0.17689
0.37926 0.05178 0.17458
0.38072 0.05208 0.17205
0.38244 0.05245 0.16966
0.38433 0.05223 0.16741
0.38561 0.05172 0.16483
0.3867 0.05119 0.16213
0.38798 0.05082 0.15949
0.38942 0.05072 0.15691
0.3906 0.0504 0.15424
0.3917 0.04975 0.15157
0.39295 0.04933 0.14892
0.30324 0.0479 0.29905
0.30524 0.0485 0.29697
0.3073 0.04901 0.29493
0.30933 0.04931 0.2928
0.31139 0.0491 0.29072
0.31333 0.04895 0.28851
0.31534 0.04916 0.28636
0.31714 0.04962 0.28407
0.31877 0.04976 0.28161
0.32063 0.04938 0.27936
0.32265 0.04885 0.27725
0.32438 0.04815 0.27496
0.32609 0.04725 0.27273
0.3278 0.04667 0.27039
0.3293 0.04651 0.26786
0.33089 0.0465 0.26537
0.33245 0.04671 0.26288
0.33376 0.04733 0.26032
0.33475 0.04818 0.25766
0.33525 0.049 0.25485
0.33566 0.04953 0.25196
0.33658 0.05004 0.24919
0.33759 0.05063 0.24648
0.33871 0.05117 0.2438
0.34013 0.05141 0.24122
0.34176 0.052 0.23883
0.34342 0.05257 0.23645
0.34533 0.05268 0.23421
0.34711 0.05249 0.23185
0.34865 0.05242 0.22933
0.35024 0.05237 0.22684
0.35176 0.05211 0.2243
0.35284 0.05182 0.22154
0.3533 0.05184 0.21859
0.35316 0.05228 0.21561
0.35431 0.05287 0.21287
0.35619 0.05368 0.21069
0.35825 0.05448 0.2087
0.35966 0.05421 0.20613
0.361 0.05323 0.20371
0.36306 0.05278 0.20158
0.3642 0.05283 0.1988
0.36458 0.05297 0.19578
0.36585 0.0528 0.19308
0.36726 0.05276 0.19048
0.36876 0.05319 0.18795
0.3704 0.05301 0.18548
0.37216 0.05228 0.18322
0.37416 0.05233 0.18108
0.37637 0.05312 0.17924
0.3787 0.0537 0.1775
0.38045 0.05387 0.17513
0.3815 0.05442 0.17241
0.3828 0.05491 0.1698
0.38425 0.0547 0.16723
0.38546 0.05419 0.16461
0.38656 0.05366 0.16192
0.38777 0.0533 0.15926
0.38901 0.05318 0.15658
0.39035 0.05289 0.15397
0.39144 0.05226 0.1513
0.39245 0.0518 0.14857
0.30279 0.04983 0.29863
0.30482 0.05045 0.29659
0.30687 0.05095 0.29452
0.30893 0.05127 0.29243
0.31107 0.0511 0.29042
0.31301 0.05095 0.28821
0.31498 0.05117 0.28602
0.31675 0.05163 0.2837
0.31834 0.05176 0.28122
0.3201 0.05135 0.27887
0.32207 0.05083 0.27673
0.32387 0.05017 0.27449
0.32556 0.04927 0.27224
0.32722 0.04868 0.26986
0.32884 0.04857 0.2674
0.33035 0.04855 0.26486
0.33187 0.04874 0.26234
0.33316 0.04936 0.25977
0.33413 0.0502 0.25711
0.33481 0.05109 0.25437
0.33555 0.05168 0.25157
0.33652 0.05221 0.24882
0.33762 0.0528 0.24614
0.33895 0.05336 0.24356
0.3405 0.0536 0.24105
0.34222 0.05418 0.23871
0.34393 0.05477 0.23638
0.34568 0.0549 0.23401
0.34745 0.05472 0.23164
0.34896 0.05466 0.2291
0.3506 0.05461 0.22663
0.35208 0.05436 0.22407
0.35315 0.05408 0.22131
0.35395 0.05406 0.21843
0.35384 0.05439 0.2154
0.35525 0.05495 0.21279
0.35682 0.05588 0.21045
0.35842 0.05677 0.20815
0.36025 0.05647 0.20586
0.36146 0.05549 0.20333
0.36333 0.0551 0.20106
0.36462 0.05514 0.19836
0.36512 0.05519 0.19539
0.36644 0.05506 0.19272
0.36781 0.05505 0.1901
0.36926 0.0555 0.18754
0.3709 0.0553 0.18507
0.37291 0.05454 0.18299
0.37508 0.05455 0.18101
0.3776 0.05522 0.17954
0.37998 0.05586 0.17781
0.38173 0.05609 0.17534
0.38248 0.05668 0.17246
0.38345 0.05729 0.16973
0.38439 0.05715 0.16692
0.38561 0.05666 0.16428
0.38653 0.05612 0.16153
0.38772 0.05576 0.15885
0.38891 0.05565 0.15614
0.30245 0.05179 0.29831
0.30448 0.05242 0.29627
0.30648 0.05291 0.29414
0.30854 0.05324 0.29206
0.3107 0.05308 0.29006
0.31278 0.05298 0.28796
0.31455 0.05314 0.2856
0.31626 0.05359 0.28324
0.31782 0.05371 0.28073
0.3195 0.05328 0.27833
0.3214 0.05274 0.27613
0.32325 0.05212 0.27392
0.32498 0.05126 0.27168
0.32678 0.05074 0.2694
0.32844 0.05065 0.26696
0.32993 0.05063 0.2644
0.33141 0.05082 0.26186
0.33268 0.05143 0.25927
0.33373 0.0523 0.25665
0.33448 0.05321 0.25393
0.33543 0.05383 0.2512
0.33644 0.05437 0.24848
0.33757 0.05498 0.24581
0.33917 0.05555 0.24337
0.34108 0.05577 0.24111
0.3426 0.05639 0.23864
0.3442 0.057 0.23623
0.34593 0.05714 0.23384
0.34769 0.05697 0.23147
0.34937 0.05689 0.22903
0.35082 0.05686 0.22645
0.35234 0.0566 0.22392
0.35345 0.05631 0.22116
0.35365 0.0564 0.21818
0.35427 0.0566 0.21526
0.35566 0.05719 0.21267
0.35687 0.05817 0.21014
0.3585 0.05908 0.20784
0.36028 0.0588 0.20553
0.3615 0.0578 0.203
0.36296 0.05738 0.20048
0.3643 0.05743 0.19785
0.36538 0.05749 0.19509
0.36673 0.05739 0.19245
0.3681 0.05738 0.18984
0.36948 0.05784 0.18726
0.37099 0.05763 0.18469
0.37298 0.05686 0.18255
0.3754 0.05688 0.18081
0.3779 0.05767 0.17936
0.37985 0.05832 0.17719
0.38139 0.05857 0.17467
0.38226 0.05905 0.17187
0.38337 0.0597 0.1692
0.38431 0.05954 0.16641
0.38544 0.05906 0.16373
0.38656 0.05855 0.16104
0.38763 0.05819 0.15831
0.30214 0.05377 0.29801
0.30435 0.05443 0.29617
0.30627 0.05492 0.29398
0.30814 0.05521 0.29171
0.31024 0.05504 0.28966
0.31235 0.05496 0.2876
0.31414 0.05513 0.28526
0.31578 0.05556 0.28284
0.31719 0.05563 0.28025
0.31881 0.05519 0.27781
0.3207 0.05466 0.2756
0.3226 0.05409 0.27342
0.32446 0.05329 0.27126
0.32634 0.05282 0.26904
0.32807 0.05276 0.26664
0.32948 0.05273 0.26405
0.33095 0.05293 0.26149
0.33234 0.05357 0.25897
0.33345 0.05445 0.25639
0.33428 0.05537 0.2537
0.33506 0.05597 0.25091
0.33623 0.05654 0.24825
0.33751 0.05718 0.24565
0.33919 0.05776 0.24328
0.34116 0.05801 0.24108
0.34272 0.05863 0.23864
0.34432 0.05924 0.23624
0.34609 0.05939 0.23388
0.34793 0.05921 0.23158
0.34948 0.05915 0.22905
0.35082 0.05913 0.22641
0.35262 0.05884 0.22409
0.35439 0.05839 0.22159
0.35434 0.05858 0.21849
0.35465 0.05885 0.21554
0.35565 0.05949 0.21281
0.3569 0.06049 0.2103
0.3586 0.0614 0.20806
0.36018 0.06113 0.20561
0.36141 0.06013 0.20309
0.36264 0.05971 0.20045
0.36395 0.05976 0.1978
0.36531 0.05986 0.19518
0.3668 0.05974 0.19263
0.36808 0.05975 0.18999
0.36939 0.06024 0.18738
0.37081 0.06005 0.18477
0.37251 0.05924 0.18238
0.37476 0.05917 0.18039
0.37693 0.05985 0.17851
0.37894 0.06052 0.17652
0.38048 0.06078 0.17407
0.3816 0.06134 0.17142
0.38257 0.06198 0.16872
0.38369 0.06188 0.166
0.38492 0.06145 0.16337
0.38606 0.06095 0.16069
0.30197 0.05579 0.2979
0.30435 0.05646 0.29626
0.30605 0.05694 0.29388
0.30774 0.05719 0.29147
0.30982 0.05702 0.2894
0.31196 0.05697 0.28737
0.31367 0.05712 0.28497
0.31531 0.05754 0.28256
0.31651 0.05758 0.27986
0.31808 0.05712 0.27739
0.32001 0.05662 0.2752
0.32192 0.05606 0.27303
0.32381 0.05531 0.27091
0.32573 0.05486 0.26871
0.32754 0.05485 0.26639
0.32909 0.05487 0.26388
0.33061 0.05508 0.26137
0.33201 0.05573 0.25886
0.33314 0.05662 0.25629
0.33382 0.0575 0.25355
0.33475 0.05813 0.25082
0.33601 0.05872 0.24822
0.33743 0.05938 0.24571
0.33909 0.05997 0.24334
0.34083 0.06023 0.24098
0.34252 0.06086 0.23865
0.34421 0.06149 0.23632
0.34613 0.06164 0.2341
0.34811 0.06145 0.2319
0.34961 0.06139 0.22934
0.35104 0.06136 0.22677
0.35269 0.0611 0.22435
0.35452 0.06074 0.22197
0.35518 0.06071 0.21898
0.35502 0.06107 0.21599
0.35583 0.06177 0.21322
0.35708 0.06277 0.21074
0.35851 0.0637 0.20835
0.35998 0.06344 0.20584
0.36126 0.06245 0.20335
0.36239 0.06203 0.20067
0.36373 0.06211 0.19804
0.36546 0.06219 0.19565
0.36662 0.0621 0.19293
0.36805 0.06211 0.19036
0.36943 0.06262 0.1878
0.37089 0.06247 0.18524
0.37231 0.06171 0.18271
0.37421 0.06162 0.1804
0.37629 0.06226 0.1784
0.37838 0.0629 0.17646
0.37978 0.06312 0.17391
0.38076 0.06364 0.1712
0.38169 0.06427 0.1685
0.38279 0.06418 0.16578
0.38396 0.06372 0.16313
0.29968 0.05692 0.29963
0.30191 0.05781 0.29794
0.30426 0.05852 0.29625
0.30569 0.05892 0.29366
0.30724 0.05914 0.29117
0.30922 0.05894 0.28902
0.31132 0.05889 0.28698
0.31311 0.05908 0.28465
0.31496 0.05958 0.28241
0.31616 0.05964 0.27971
0.31746 0.05912 0.2771
0.31932 0.05858 0.27486
0.3212 0.05803 0.27267
0.32321 0.05734 0.27063
0.32522 0.05695 0.26852
0.32706 0.05695 0.26623
0.32865 0.05699 0.26377
0.33011 0.0572 0.26123
0.33141 0.05782 0.25868
0.33244 0.05869 0.25606
0.33328 0.05961 0.2534
0.33441 0.06029 0.25077
0.33578 0.0609 0.24824
0.33727 0.06158 0.2458
0.33887 0.06218 0.24341
0.34047 0.06243 0.24096
0.34217 0.06308 0.23865
0.34387 0.06371 0.23634
0.34591 0.06389 0.23424
0.34809 0.06371 0.23224
0.34981 0.0636 0.22982
0.35105 0.0636 0.22713
0.35248 0.06336 0.22459
0.35394 0.06303 0.22205
0.35514 0.06302 0.21933
0.35541 0.06329 0.21638
0.35625 0.06399 0.21366
0.35735 0.06505 0.21115
0.3584 0.06602 0.2086
0.35969 0.06576 0.20601
0.36095 0.06477 0.20353
0.36215 0.06436 0.20088
0.36373 0.06444 0.1984
0.36529 0.06453 0.19591
0.36675 0.06443 0.19337
0.36799 0.06448 0.19069
0.36974 0.06494 0.18836
0.3712 0.06478 0.18584
0.37254 0.06409 0.1833
0.37424 0.0641 0.18088
0.37616 0.06472 0.17878
0.3776 0.06525 0.17634
0.37893 0.06542 0.17376
0.37993 0.06595 0.17107
0.38086 0.06659 0.16838
0.38199 0.06652 0.16569
0.29973 0.05896 0.29981
0.30182 0.05986 0.29793
0.3038 0.06051 0.29582
0.30521 0.06085 0.29323
0.30674 0.06106 0.29074
0.3088 0.06091 0.28866
0.31088 0.06087 0.28661
0.31287 0.06114 0.28445
0.31444 0.06156 0.28201
0.31603 0.06172 0.27953
0.31714 0.06118 0.27684
0.31878 0.06059 0.27446
0.32062 0.06004 0.27223
0.32271 0.05939 0.27027
0.32479 0.05904 0.26822
0.32653 0.05902 0.26586
0.32807 0.05905 0.26337
0.32946 0.05923 0.26079
0.33068 0.05982 0.2582
0.33169 0.06069 0.25559
0.33269 0.06168 0.25301
0.33417 0.06246 0.25059
0.33563 0.06309 0.24813
0.33707 0.06377 0.24566
0.33857 0.06436 0.24321
0.34032 0.06465 0.24088
0.34198 0.0653 0.23854
0.34379 0.06596 0.23634
0.3458 0.06614 0.23421
0.34798 0.06598 0.23224
0.34999 0.06586 0.23005
0.35125 0.06584 0.22736
0.35221 0.06562 0.22459
0.35359 0.06529 0.22202
0.35483 0.0653 0.21936
0.35589 0.06555 0.21663
0.35657 0.06628 0.21387
0.35717 0.06736 0.21122
0.35803 0.06831 0.2086
0.35933 0.06807 0.20602
0.36086 0.0671 0.20369
0.3621 0.0667 0.20106
0.36368 0.06678 0.19859
0.3651 0.06688 0.19602
0.36696 0.06678 0.19374
0.36822 0.06681 0.19107
0.37003 0.06726 0.18879
0.3714 0.0671 0.18622
0.3729 0.06641 0.18377
0.37489 0.06636 0.18162
0.37634 0.06713 0.17922
0.37743 0.06773 0.17661
0.37824 0.06784 0.17383
0.37913 0.06831 0.17109
0.30108 0.06163 0.2972
0.30293 0.06218 0.295
0.30469 0.06276 0.29272
0.30617 0.06292 0.29017
0.30824 0.0628 0.2881
0.3103 0.06276 0.28603
0.31214 0.06298 0.28376
0.31373 0.0634 0.28134
0.31553 0.06369 0.27905
0.31698 0.06326 0.27653
0.31853 0.06267 0.27411
0.32028 0.06211 0.2718
0.32225 0.06141 0.26973
0.32424 0.06104 0.26762
0.32594 0.06101 0.26524
0.32739 0.061 0.26269
0.32883 0.06122 0.26015
0.33005 0.06182 0.25756
0.33117 0.06274 0.25501
0.33241 0.06381 0.25256
0.33388 0.06458 0.25014
0.33538 0.06523 0.24771
0.33686 0.06592 0.24528
0.33842 0.06655 0.24287
0.34021 0.06685 0.24057
0.34211 0.06754 0.23843
0.34399 0.0682 0.23629
0.34593 0.06839 0.2341
0.34805 0.06825 0.23209
0.35025 0.06818 0.23007
0.3517 0.06813 0.22739
0.35204 0.06787 0.22442
0.35305 0.06748 0.2217
0.35445 0.06757 0.21913
0.35587 0.06795 0.21655
0.35606 0.06852 0.21362
0.35652 0.06957 0.21093
0.35749 0.07057 0.20835
0.35891 0.07036 0.20583
0.36047 0.06941 0.20352
0.36217 0.06904 0.20117
0.36373 0.06913 0.19868
0.36512 0.06926 0.19609
0.36676 0.06917 0.19366
0.36844 0.06917 0.19128
0.37006 0.06964 0.18887
0.37148 0.06947 0.18631
0.3732 0.06875 0.18402
0.3752 0.06873 0.18191
0.37671 0.0695 0.17953
0.37801 0.07011 0.17699
0.37861 0.07031 0.17414
0.30041 0.06344 0.29657
0.30219 0.06394 0.2943
0.30392 0.0645 0.29201
0.30548 0.06471 0.28951
0.30754 0.06461 0.28744
0.30959 0.06457 0.28535
0.31136 0.06475 0.28303
0.3131 0.06527 0.28072
0.3151 0.06568 0.27862
0.31702 0.06537 0.27642
0.31839 0.06477 0.27388
0.32006 0.06421 0.27153
0.32181 0.06347 0.26929
0.32366 0.06304 0.26705
0.32536 0.06302 0.26467
0.32678 0.06302 0.26211
0.32825 0.06326 0.25958
0.32957 0.0639 0.25705
0.33104 0.06492 0.25471
0.33209 0.06592 0.25215
0.33352 0.06669 0.2497
0.3351 0.06736 0.24732
0.33665 0.06809 0.24494
0.33828 0.06874 0.24259
0.34009 0.06906 0.24031
0.34205 0.06977 0.23824
0.34419 0.07046 0.23634
0.34616 0.07066 0.23415
0.34791 0.07052 0.2318
0.34983 0.07047 0.22956
0.35144 0.07051 0.22696
0.35158 0.07003 0.22394
0.35232 0.06956 0.22114
0.35354 0.06957 0.21847
0.35463 0.06986 0.21577
0.35513 0.07053 0.21296
0.35585 0.07172 0.21035
0.35719 0.07285 0.208
0.35865 0.07265 0.2055
0.3602 0.07171 0.20318
0.36181 0.07133 0.20075
0.36372 0.07148 0.19852
0.36563 0.07157 0.19629
0.36727 0.07149 0.19386
0.36855 0.07155 0.19124
0.37003 0.07202 0.18874
0.37151 0.07184 0.1862
0.37341 0.07112 0.18404
0.37554 0.07111 0.18204
0.37699 0.07189 0.17963
0.37813 0.07253 0.17702
0.3015 0.06573 0.29365
0.30312 0.06621 0.29125
0.30485 0.06655 0.2889
0.30703 0.06653 0.28694
0.30895 0.06642 0.28474
0.31077 0.06664 0.28246
0.31257 0.06721 0.28022
0.31463 0.06766 0.27818
0.31663 0.06741 0.27604
0.31817 0.06685 0.2736
0.31988 0.06632 0.27127
0.32146 0.06555 0.26892
0.32315 0.06508 0.26657
0.32496 0.06511 0.26426
0.32636 0.06512 0.26168
0.32785 0.06537 0.25917
0.32919 0.06602 0.25665
0.33056 0.067 0.25424
0.33158 0.06799 0.25166
0.33306 0.06878 0.24925
0.33469 0.06948 0.24691
0.33632 0.07024 0.2446
0.33804 0.07093 0.24232
0.33987 0.07127 0.24006
0.34186 0.07199 0.23801
0.34398 0.07271 0.23611
0.34602 0.07295 0.23395
0.34746 0.07274 0.23136
0.34877 0.0724 0.22876
0.35002 0.07226 0.22609
0.35055 0.07189 0.2232
0.35138 0.07149 0.2204
0.35249 0.07146 0.21768
0.35352 0.07172 0.21495
0.3544 0.07262 0.21228
0.35556 0.07399 0.20995
0.35683 0.07511 0.20757
0.35832 0.07492 0.20509
0.36001 0.07402 0.20285
0.36145 0.0736 0.20031
0.36358 0.07381 0.19826
0.36597 0.07392 0.19652
0.36761 0.07383 0.19407
0.36879 0.07391 0.1914
0.36994 0.07441 0.18874
0.37134 0.07423 0.18613
0.37338 0.0735 0.18408
0.3756 0.07354 0.18216
0.37715 0.07431 0.17978
0.30077 0.06748 0.29294
0.30248 0.06804 0.29063
0.30433 0.06846 0.28841
0.30634 0.06834 0.28629
0.30817 0.06818 0.28402
0.31012 0.0685 0.28185
0.31198 0.06912 0.27969
0.31387 0.06948 0.2775
0.31593 0.06929 0.27542
0.31781 0.06889 0.27321
0.31932 0.06831 0.27077
0.32103 0.0676 0.2685
0.32276 0.06717 0.26617
0.32444 0.06716 0.26378
0.32599 0.06723 0.2613
0.32755 0.06751 0.25884
0.32883 0.06815 0.2563
0.32999 0.06907 0.25377
0.33119 0.07012 0.25131
0.3326 0.07088 0.24885
0.33424 0.07159 0.24653
0.3359 0.07238 0.24425
0.33774 0.07311 0.24209
0.3397 0.07349 0.23995
0.34166 0.07422 0.2379
0.34369 0.07494 0.2359
0.34565 0.07524 0.23361
0.34659 0.0748 0.23079
0.34741 0.07409 0.22806
0.34848 0.07379 0.22536
0.34934 0.0737 0.22255
0.35056 0.07355 0.21989
0.35171 0.07356 0.2172
0.35277 0.07385 0.21449
0.35384 0.07483 0.21193
0.35488 0.07617 0.20954
0.35604 0.07727 0.20711
0.3578 0.07718 0.20481
0.35942 0.07626 0.20254
0.36093 0.07586 0.20003
0.36311 0.07609 0.19803
0.36561 0.07628 0.19648
0.36754 0.07619 0.19427
0.36884 0.07627 0.19165
0.37 0.07679 0.189
0.37128 0.07663 0.18638
0.37284 0.07583 0.18397
0.375 0.07587 0.18197
0.37659 0.07669 0.17964
0.30012 0.06931 0.29234
0.30185 0.06988 0.29006
0.30363 0.07027 0.28778
0.30563 0.07017 0.28566
0.30753 0.07007 0.28346
0.30956 0.07043 0.28138
0.31134 0.07101 0.27915
0.31314 0.07133 0.27688
0.31525 0.07119 0.27486
0.31709 0.0708 0.27263
0.3187 0.07028 0.27025
0.32056 0.06965 0.26808
0.32242 0.06927 0.26585
0.32394 0.06923 0.26336
0.3255 0.06931 0.2609
0.32702 0.06959 0.25842
0.32836 0.07025 0.25592
0.32964 0.07121 0.25347
0.33083 0.07226 0.25102
0.33218 0.07301 0.24854
0.33379 0.07372 0.2462
0.33557 0.07455 0.24403
0.33747 0.07531 0.24194
0.33956 0.07572 0.23995
0.34146 0.07645 0.23784
0.34334 0.07722 0.23567
0.34469 0.0773 0.23295
0.34497 0.07632 0.2301
0.34599 0.07574 0.22742
0.34708 0.07546 0.22472
0.34819 0.07558 0.22201
0.3496 0.07555 0.21945
0.35095 0.07568 0.21686
0.35212 0.07603 0.21421
0.35324 0.07705 0.21171
0.3542 0.07837 0.20929
0.35554 0.07955 0.20699
0.35713 0.07942 0.20459
0.35879 0.0785 0.20235
0.36039 0.07815 0.19991
0.3624 0.07832 0.19774
0.3649 0.07853 0.19618
0.36713 0.07855 0.19426
0.36848 0.07861 0.19165
0.36999 0.07917 0.18921
0.3714 0.07902 0.18667
0.37245 0.0782 0.18404
0.37405 0.07806 0.18159
0.30121 0.07172 0.28949
0.30294 0.0721 0.28717
0.30516 0.07213 0.28527
0.30712 0.07207 0.28313
0.30903 0.07238 0.28096
0.31071 0.07291 0.27865
0.31248 0.07323 0.27635
0.31458 0.07311 0.27434
0.3165 0.07277 0.27218
0.3182 0.07231 0.26985
0.32008 0.0717 0.26771
0.32199 0.07136 0.26553
0.32342 0.07129 0.26298
0.32504 0.07141 0.26056
0.3266 0.07171 0.25812
0.32783 0.07234 0.25556
0.32916 0.07332 0.25315
0.33036 0.07437 0.25071
0.33182 0.07516 0.24831
0.33345 0.07588 0.24599
0.33527 0.07673 0.24389
0.33721 0.07751 0.24185
0.33936 0.07795 0.23992
0.3412 0.07874 0.2377
0.34224 0.07916 0.23495
0.3432 0.07889 0.23216
0.34359 0.07796 0.22939
0.3445 0.07729 0.22668
0.34576 0.07718 0.22403
0.34707 0.07747 0.22143
0.34847 0.07746 0.21887
0.34989 0.07764 0.21633
0.35132 0.07814 0.21384
0.35244 0.07917 0.21135
0.35366 0.08062 0.20912
0.35539 0.08188 0.20714
0.35664 0.08173 0.20452
0.35811 0.08076 0.20216
0.36006 0.08048 0.19998
0.36185 0.08061 0.19768
0.36391 0.08061 0.1956
0.3661 0.08064 0.19369
0.36796 0.08091 0.19147
0.36963 0.08154 0.18917
0.37135 0.08147 0.18677
0.37215 0.08059 0.18406
0.37298 0.08019 0.18127
0.30067 0.07364 0.28904
0.30247 0.07405 0.28679
0.30447 0.07396 0.28468
0.30658 0.074 0.2827
0.30841 0.07428 0.28046
0.31003 0.07479 0.27811
0.31181 0.07513 0.27583
0.31389 0.07501 0.2738
0.31596 0.07477 0.27177
0.31767 0.07433 0.26945
0.31957 0.07375 0.26733
0.32138 0.07338 0.26508
0.32291 0.07336 0.2626
0.32465 0.07354 0.26027
0.3261 0.07381 0.25778
0.32739 0.07447 0.25526
0.32866 0.07542 0.25282
0.32991 0.07649 0.25041
0.33143 0.0773 0.24806
0.33316 0.07805 0.24583
0.33502 0.07892 0.24376
0.33696 0.0797 0.24174
0.33916 0.08023 0.2398
0.34022 0.08073 0.23701
0.34048 0.08041 0.23406
0.34166 0.08036 0.23138
0.34216 0.07954 0.2286
0.34318 0.07899 0.22589
0.34458 0.07901 0.22331
0.34606 0.07942 0.22081
0.34771 0.07957 0.21843
0.34917 0.07978 0.21592
0.3505 0.08023 0.21338
0.35177 0.08135 0.211
0.35327 0.08291 0.20902
0.35509 0.08418 0.20716
0.35647 0.08407 0.20464
0.35779 0.0831 0.20221
0.35945 0.08275 0.19982
0.36127 0.08289 0.19755
0.36302 0.08278 0.19521
0.36511 0.08275 0.19317
0.36719 0.08314 0.19118
0.36874 0.08373 0.18878
0.37039 0.08373 0.18634
0.30383 0.07583 0.28415
0.30182 0.07591 0.28625
0.30589 0.07584 0.28212
0.30777 0.07617 0.27993
0.30944 0.07672 0.27763
0.31124 0.07709 0.27538
0.31325 0.07694 0.27329
0.31531 0.07671 0.27125
0.31718 0.07636 0.26906
0.31908 0.0758 0.26694
0.32078 0.07541 0.26461
0.32246 0.07545 0.26223
0.32433 0.07567 0.26001
0.32579 0.07597 0.25752
0.32708 0.07663 0.25502
0.32828 0.07757 0.25254
0.32964 0.07866 0.2502
0.33125 0.07948 0.24791
0.33293 0.08022 0.24565
0.33476 0.0811 0.24356
0.33665 0.08189 0.2415
0.33869 0.08244 0.23926
0.33883 0.08234 0.2362
0.33898 0.08191 0.23328
0.34009 0.08179 0.23058
0.34089 0.08129 0.22782
0.34226 0.08099 0.22523
0.34373 0.08105 0.22271
0.34527 0.08149 0.22027
0.34699 0.08167 0.21793
0.34851 0.08191 0.21546
0.34992 0.08242 0.21298
0.35128 0.08359 0.21068
0.35302 0.08521 0.20896
0.35515 0.08651 0.20741
0.35631 0.0864 0.2047
0.35759 0.08546 0.20227
0.35913 0.0851 0.19982
0.36062 0.08518 0.19731
0.3624 0.08508 0.19498
0.36442 0.08502 0.19288
0.3664 0.08535 0.19079
0.30328 0.07774 0.28363
0.30121 0.07777 0.28568
0.30531 0.07773 0.28156
0.30715 0.07804 0.27933
0.30891 0.07865 0.27711
0.31079 0.07907 0.27493
0.3128 0.07894 0.27283
0.31485 0.07872 0.27078
0.31672 0.07838 0.26859
0.31867 0.07785 0.2665
0.32048 0.07752 0.26425
0.32209 0.07755 0.26181
0.32414 0.07782 0.25974
0.32571 0.07814 0.25731
0.32691 0.07879 0.25475
0.32816 0.07974 0.2523
0.3296 0.08084 0.25001
0.33119 0.08166 0.24771
0.3328 0.0824 0.24541
0.33446 0.08324 0.24318
0.33638 0.08408 0.24109
0.33767 0.08429 0.23836
0.33747 0.08394 0.23538
0.33771 0.08363 0.23246
0.33872 0.08342 0.2297
0.33997 0.08326 0.22706
0.34149 0.08304 0.22457
0.34309 0.08316 0.22213
0.34458 0.08356 0.21966
0.3462 0.08369 0.21725
0.34774 0.08395 0.21479
0.3493 0.08454 0.21241
0.351 0.08588 0.21045
0.35299 0.08754 0.20908
0.35513 0.08887 0.20753
0.35632 0.08873 0.20479
0.35772 0.0878 0.20242
0.35907 0.08746 0.19987
0.3605 0.08755 0.19734
0.36199 0.08743 0.19482
0.36387 0.08731 0.19258
0.30274 0.07964 0.28311
0.30475 0.07964 0.28102
0.30661 0.07996 0.27881
0.30842 0.0806 0.27663
0.31028 0.08102 0.27445
0.31229 0.08091 0.27234
0.31437 0.08072 0.27032
0.3162 0.08038 0.26809
0.31811 0.07984 0.26595
0.3201 0.0796 0.26385
0.32182 0.07968 0.2615
0.32386 0.07996 0.25942
0.32553 0.0803 0.25706
0.32669 0.08095 0.25447
0.32802 0.08191 0.25207
0.3295 0.08302 0.24981
0.33103 0.08383 0.24747
0.33253 0.08455 0.24509
0.33414 0.08539 0.24282
0.33584 0.0862 0.24049
0.33648 0.08604 0.23757
0.33636 0.08575 0.23464
0.33679 0.0856 0.23173
0.33795 0.08548 0.22903
0.33928 0.08534 0.22644
0.34088 0.08515 0.22401
0.34247 0.08526 0.22157
0.34386 0.08562 0.21904
0.34541 0.08571 0.21658
0.34696 0.08598 0.21411
0.34862 0.08664 0.21178
0.35061 0.08812 0.21018
0.35271 0.0899 0.20909
0.35486 0.09135 0.2075
0.35635 0.0911 0.20487
0.35779 0.09013 0.20251
0.35915 0.0898 0.19998
0.36043 0.08991 0.19736
0.36196 0.08981 0.19489
0.36344 0.08964 0.19239
0.30424 0.08157 0.28056
0.3023 0.08161 0.28271
0.30603 0.08187 0.27829
0.3078 0.08249 0.27609
0.30964 0.08291 0.27388
0.31166 0.08282 0.2718
0.31375 0.08266 0.26979
0.31562 0.08236 0.26759
0.31763 0.0819 0.26555
0.31963 0.08166 0.26345
0.32142 0.08178 0.26117
0.32332 0.08202 0.25898
0.32507 0.08241 0.25669
0.32645 0.0831 0.25424
0.32789 0.08409 0.25191
0.32942 0.0852 0.2497
0.33083 0.086 0.2473
0.33225 0.08672 0.24487
0.33358 0.0875 0.2424
0.33478 0.08808 0.23977
0.33534 0.08783 0.23688
0.33541 0.08766 0.23396
0.33606 0.08765 0.23111
0.33725 0.08755 0.22844
0.33862 0.08743 0.22588
0.34006 0.08716 0.22337
0.34166 0.08728 0.22094
0.34313 0.08769 0.21847
0.34465 0.08777 0.21599
0.34616 0.08803 0.2135
0.348 0.08879 0.21133
0.35003 0.09032 0.20984
0.35188 0.09202 0.20834
0.35373 0.09345 0.20646
0.35563 0.09327 0.20418
0.35779 0.0925 0.20235
0.35925 0.09214 0.19984
0.36027 0.09223 0.19712
0.3037 0.08351 0.28011
0.30541 0.08378 0.27779
0.30713 0.08437 0.27554
0.3089 0.08476 0.27328
0.31096 0.08471 0.27124
0.31306 0.08458 0.26925
0.31508 0.08438 0.26718
0.31719 0.08397 0.26524
0.31923 0.08377 0.26319
0.32102 0.08389 0.26092
0.32282 0.08412 0.25866
0.32449 0.08448 0.25632
0.32598 0.08522 0.25395
0.32768 0.08627 0.25185
0.3294 0.08741 0.24978
0.33059 0.08818 0.24721
0.33153 0.08877 0.24452
0.33237 0.08926 0.24179
0.33337 0.08969 0.2391
0.33404 0.08954 0.23627
0.33431 0.08952 0.23337
0.33519 0.08965 0.23059
0.33644 0.0896 0.22798
0.33772 0.08945 0.22538
0.33922 0.08922 0.2229
0.34072 0.08928 0.22042
0.34218 0.08968 0.21795
0.3438 0.08983 0.21555
0.34531 0.09009 0.21307
0.34711 0.09083 0.21087
0.3489 0.09215 0.209
0.35055 0.0935 0.20706
0.3521 0.09435 0.2048
0.35418 0.09454 0.20282
0.35686 0.09458 0.20162
0.35911 0.09458 0.19972
0.3032 0.08546 0.2797
0.30494 0.08576 0.27742
0.30656 0.08632 0.27511
0.30822 0.08667 0.27277
0.31026 0.08662 0.2707
0.31239 0.08652 0.26874
0.3145 0.08638 0.26678
0.31657 0.08597 0.26481
0.31862 0.08579 0.26278
0.32043 0.08594 0.26053
0.3222 0.08616 0.25826
0.32384 0.08652 0.25591
0.32541 0.0873 0.25361
0.32716 0.08838 0.25157
0.32897 0.08961 0.24958
0.33003 0.09031 0.24689
0.33032 0.09053 0.24397
0.33105 0.09092 0.2412
0.33191 0.09125 0.23846
0.33266 0.09121 0.23568
0.33327 0.09145 0.23285
0.33424 0.09165 0.23012
0.3356 0.09166 0.22756
0.33679 0.09147 0.22493
0.33833 0.09126 0.22247
0.33987 0.09136 0.22004
0.3412 0.09169 0.21749
0.34284 0.09185 0.21511
0.34427 0.09206 0.21257
0.34601 0.09274 0.21031
0.34775 0.09404 0.20839
0.34907 0.09496 0.20601
0.35046 0.09551 0.20355
0.35256 0.09567 0.20156
0.35524 0.09576 0.20035
0.30267 0.0874 0.27932
0.30444 0.08773 0.27708
0.30598 0.08827 0.27472
0.30766 0.08865 0.27241
0.30961 0.08858 0.27028
0.3117 0.08847 0.26829
0.3138 0.08834 0.26632
0.31594 0.08799 0.26443
0.31794 0.0878 0.26237
0.31977 0.08797 0.26016
0.32151 0.08819 0.25788
0.32325 0.08861 0.25562
0.32479 0.08937 0.25332
0.32645 0.09042 0.2512
0.32796 0.09152 0.24898
0.32904 0.0922 0.24635
0.32924 0.09238 0.24344
0.32986 0.09272 0.24064
0.33077 0.09308 0.23792
0.33173 0.0932 0.23521
0.33254 0.09355 0.23246
0.33359 0.09379 0.22978
0.33494 0.0938 0.22725
0.33606 0.09361 0.2246
0.33747 0.09332 0.22208
0.33909 0.09346 0.21971
0.34035 0.09377 0.21714
0.34192 0.09389 0.21472
0.34327 0.09406 0.21216
0.34493 0.0947 0.20985
0.3464 0.09575 0.20762
0.34761 0.0966 0.20518
0.34894 0.09716 0.20271
0.35079 0.09691 0.20047
0.35351 0.09683 0.1992
0.3039 0.08968 0.27673
0.30541 0.09023 0.27436
0.30715 0.09066 0.27212
0.30907 0.09059 0.26998
0.31108 0.09046 0.26793
0.31318 0.09035 0.26597
0.31536 0.09003 0.26414
0.31743 0.08989 0.26217
0.31917 0.09003 0.25989
0.32083 0.09023 0.25757
0.32252 0.09064 0.25529
0.32408 0.09142 0.25302
0.32565 0.09243 0.25083
0.32689 0.09334 0.24839
0.32806 0.09409 0.24586
0.32858 0.09445 0.24304
0.32906 0.09476 0.24022
0.32988 0.09509 0.23749
0.33094 0.09525 0.23482
0.33174 0.09562 0.23208
0.33296 0.09595 0.22949
0.33437 0.09598 0.22701
0.33544 0.09578 0.22436
0.33667 0.09544 0.22177
0.33814 0.09548 0.21929
0.33953 0.09585 0.21682
0.34105 0.09596 0.2144
0.3423 0.0961 0.21181
0.34375 0.09662 0.20936
0.34509 0.09759 0.20701
0.34643 0.09859 0.2047
0.34763 0.09908 0.20217
0.34928 0.09871 0.19984
0.30335 0.09164 0.27638
0.30497 0.09224 0.27411
0.30676 0.0927 0.27193
0.30864 0.09264 0.26979
0.31059 0.09251 0.26769
0.31265 0.09241 0.26571
0.31486 0.09211 0.26393
0.31694 0.09198 0.26196
0.31854 0.09208 0.25959
0.32012 0.09226 0.25721
0.3217 0.09262 0.25487
0.32322 0.09338 0.25258
0.32469 0.09432 0.2503
0.32582 0.09515 0.24781
0.32686 0.09584 0.24523
0.32803 0.09656 0.24273
0.32864 0.09692 0.23995
0.32951 0.09728 0.23725
0.33041 0.09742 0.23454
0.33131 0.09785 0.23184
0.33265 0.09819 0.22933
0.3339 0.09818 0.22677
0.335 0.09801 0.22415
0.33597 0.0976 0.22147
0.33729 0.09756 0.21892
0.33857 0.09785 0.21638
0.34003 0.09793 0.21393
0.34134 0.09811 0.21138
0.34285 0.09871 0.209
0.34418 0.09971 0.20668
0.34547 0.10068 0.20435
0.34652 0.10108 0.20173
0.34819 0.10081 0.19945
0.30445 0.09421 0.27379
0.3063 0.09471 0.27169
0.30823 0.09468 0.26959
0.31019 0.09458 0.26752
0.3123 0.09451 0.2656
0.3144 0.09419 0.26371
0.3163 0.09401 0.2616
0.31785 0.0941 0.25921
0.31928 0.09421 0.25674
0.32098 0.09465 0.25448
0.32263 0.09546 0.25231
0.32387 0.09629 0.24987
0.32486 0.09705 0.24731
0.32603 0.09783 0.24483
0.32738 0.09865 0.24244
0.32832 0.0991 0.23978
0.32941 0.0995 0.23718
0.33039 0.09967 0.2345
0.33141 0.10012 0.23187
0.33273 0.10045 0.22937
0.33347 0.1004 0.2266
0.33474 0.10026 0.22405
0.33574 0.09988 0.22141
0.33659 0.09971 0.21868
0.33769 0.09994 0.21605
0.33899 0.09993 0.2135
0.3402 0.10006 0.21089
0.34177 0.10069 0.20855
0.34323 0.10178 0.20636
0.34436 0.10266 0.20391
0.30397 0.09617 0.27334
0.30584 0.09669 0.27127
0.30784 0.09671 0.26924
0.30989 0.09664 0.26726
0.31207 0.09662 0.26543
0.31411 0.0963 0.26346
0.31585 0.09608 0.2612
0.31721 0.0961 0.25869
0.31868 0.09625 0.25625
0.3205 0.09675 0.2541
0.32255 0.09768 0.25223
0.32339 0.0984 0.24953
0.3241 0.09904 0.24684
0.32514 0.09975 0.24429
0.32637 0.10052 0.24184
0.32762 0.10115 0.23936
0.3291 0.10169 0.23699
0.33047 0.1019 0.2345
0.33165 0.10235 0.23194
0.33282 0.10269 0.22938
0.33308 0.10265 0.22653
0.33389 0.10237 0.22378
0.33512 0.10204 0.22122
0.33592 0.10187 0.21849
0.33685 0.10205 0.21579
0.33823 0.10208 0.21328
0.33944 0.10224 0.21069
0.34079 0.10275 0.20821
0.34212 0.10375 0.20591
0.3074 0.09872 0.26886
0.30539 0.09868 0.27087
0.30942 0.09866 0.26685
0.31149 0.0986 0.2649
0.31358 0.09833 0.26294
0.3151 0.098 0.26054
0.31653 0.09806 0.25807
0.31815 0.09829 0.25573
0.32024 0.09893 0.25386
0.32207 0.09985 0.25175
0.3226 0.10034 0.24889
0.32324 0.10093 0.24617
0.32426 0.10163 0.2436
0.32558 0.10246 0.24121
0.327 0.1032 0.23885
0.32878 0.10386 0.23672
0.33048 0.10412 0.23445
0.33214 0.10453 0.23215
0.33346 0.10486 0.22958
0.33316 0.10493 0.22667
0.3332 0.10457 0.22378
0.33432 0.10418 0.22113
0.33522 0.10404 0.21844
0.3361 0.1042 0.21571
0.3374 0.1042 0.21315
0.33872 0.10441 0.21062
0.33988 0.10484 0.20805
0.34103 0.10577 0.20562
0.34317 0.10459 0.20343
0.30688 0.10071 0.26852
0.30881 0.10063 0.26643
0.31068 0.10047 0.26428
0.31257 0.10008 0.26217
0.31411 0.09977 0.25979
0.3157 0.09994 0.25742
0.31747 0.10027 0.25519
0.31944 0.10089 0.25321
0.32089 0.10154 0.25081
0.32164 0.10214 0.24811
0.32243 0.10283 0.24545
0.32371 0.10367 0.24303
0.32514 0.10456 0.24073
0.32674 0.10538 0.23851
0.32874 0.10606 0.23658
0.33087 0.10633 0.23465
0.33252 0.10678 0.2323
0.3337 0.10717 0.22962
0.33357 0.10719 0.22668
0.33305 0.10688 0.22381
0.33378 0.1064 0.22103
0.33479 0.10628 0.21835
0.33553 0.1064 0.21559
0.3366 0.10632 0.21292
0.33783 0.10648 0.21033
0.33899 0.10693 0.20776
0.3082 0.10257 0.26586
0.30629 0.10264 0.26798
0.30995 0.10236 0.26362
0.31177 0.10193 0.26147
0.31328 0.10162 0.25905
0.31486 0.1018 0.25667
0.31666 0.10216 0.25448
0.3185 0.10266 0.25235
0.31983 0.10321 0.24989
0.32079 0.10399 0.24732
0.32175 0.10479 0.24474
0.32328 0.10576 0.24252
0.32512 0.10676 0.24058
0.32702 0.10759 0.23863
0.32888 0.10828 0.23658
0.33096 0.10864 0.23457
0.33216 0.10904 0.23194
0.33297 0.10936 0.22918
0.33333 0.10942 0.22634
0.33343 0.10912 0.2235
0.33371 0.10865 0.22068
0.33424 0.10842 0.21787
0.33509 0.10858 0.21513
0.33605 0.10847 0.21243
0.3371 0.10857 0.20976
0.30567 0.10446 0.26715
0.30759 0.10441 0.26503
0.30942 0.10427 0.26285
0.31127 0.10387 0.26072
0.31273 0.10357 0.25829
0.31423 0.10371 0.25585
0.31615 0.10415 0.25376
0.31794 0.10462 0.25157
0.31912 0.10509 0.24902
0.32014 0.10591 0.24648
0.32139 0.10686 0.24409
0.32308 0.10788 0.24204
0.32509 0.10896 0.24033
0.32722 0.10987 0.2386
0.32889 0.11053 0.23632
0.33053 0.11081 0.23396
0.33156 0.11112 0.23126
0.33216 0.11135 0.22846
0.33267 0.11148 0.22566
0.33359 0.11136 0.22294
0.33379 0.11086 0.22012
0.33377 0.11052 0.21723
0.33482 0.11076 0.21454
0.33564 0.11062 0.21181
0.30495 0.10627 0.26639
0.30698 0.10633 0.26438
0.3089 0.10625 0.26229
0.31077 0.10588 0.26016
0.31215 0.10555 0.25767
0.31367 0.10572 0.25527
0.31555 0.10615 0.25316
0.31708 0.10647 0.25078
0.31831 0.10697 0.24827
0.31954 0.10792 0.24588
0.32099 0.10897 0.24367
0.32268 0.11 0.24164
0.32455 0.11106 0.23978
0.32657 0.11201 0.23797
0.32832 0.11267 0.23576
0.32982 0.11285 0.23329
0.33069 0.11306 0.23055
0.33132 0.11332 0.22778
0.33204 0.11356 0.22504
0.33294 0.11347 0.22232
0.33313 0.11294 0.21951
0.33311 0.11257 0.21662
0.33414 0.11283 0.21393
0.30833 0.10826 0.26182
0.3062 0.10818 0.26373
0.31 0.10779 0.25954
0.31134 0.10744 0.25705
0.31297 0.1077 0.25475
0.31482 0.10816 0.25262
0.31615 0.10832 0.25009
0.3175 0.10891 0.24767
0.3189 0.10997 0.24544
0.32033 0.11102 0.24323
0.32196 0.11205 0.24115
0.32356 0.11286 0.23896
0.32556 0.11383 0.23717
0.32742 0.11461 0.23513
0.32912 0.11491 0.2328
0.33005 0.11515 0.23007
0.33062 0.11539 0.22729
0.33142 0.11567 0.22458
0.33213 0.11552 0.22182
0.33192 0.11484 0.219
0.33247 0.1147 0.21617
0.3077 0.11032 0.26138
0.309 0.10957 0.25885
0.31035 0.10923 0.25638
0.31198 0.10951 0.25407
0.31363 0.10981 0.25179
0.31514 0.11013 0.24941
0.31658 0.1108 0.24707
0.31795 0.11187 0.24482
0.31921 0.11276 0.24244
0.32071 0.11362 0.24021
0.32246 0.11464 0.23825
0.32448 0.11566 0.23654
0.3265 0.11663 0.23472
0.32837 0.11703 0.23248
0.32946 0.11732 0.22978
0.33005 0.11755 0.22699
0.33098 0.11787 0.22432
0.33158 0.11768 0.22152
0.33132 0.11706 0.21871
0.30809 0.11138 0.25814
0.30645 0.11189 0.26043
0.30945 0.11106 0.25568
0.31094 0.11124 0.25329
0.31259 0.11155 0.25101
0.31411 0.1119 0.24865
0.31549 0.11253 0.24628
0.31668 0.11338 0.24386
0.31791 0.11422 0.24145
0.31944 0.11513 0.23925
0.32122 0.11622 0.23736
0.3232 0.11727 0.23564
0.32522 0.11836 0.23394
0.32723 0.11895 0.23189
0.32854 0.11934 0.22933
0.32955 0.11974 0.22671
0.33078 0.12011 0.22414
0.30698 0.11288 0.25708
0.30518 0.11315 0.25923
0.30864 0.11286 0.2548
0.31008 0.11301 0.25238
0.31173 0.11333 0.25011
0.31326 0.11371 0.24778
0.31455 0.11426 0.24533
0.31566 0.11504 0.24286
0.31695 0.11594 0.24051
0.31846 0.11684 0.2383
0.32014 0.11778 0.23625
0.3221 0.11882 0.23452
0.32408 0.11992 0.2328
0.32607 0.12061 0.23085
0.32763 0.12126 0.22855
0.32917 0.12195 0.22625
0.30603 0.1145 0.25608
0.30417 0.11469 0.2582
0.30774 0.11456 0.25385
0.30931 0.11484 0.25152
0.3108 0.11504 0.24914
0.31231 0.11541 0.24679
0.31364 0.116 0.24438
0.31486 0.11687 0.24199
0.31619 0.11781 0.23969
0.31759 0.11862 0.23739
0.31921 0.1195 0.23526
0.32113 0.12048 0.23344
0.32301 0.12147 0.23158
0.32497 0.12219 0.22967
0.32667 0.12313 0.2276
0.32842 0.12411 0.22554
0.30521 0.11631 0.25531
0.30337 0.11649 0.25743
0.30707 0.11649 0.2532
0.30845 0.11667 0.25074
0.31001 0.11693 0.24841
0.3115 0.1173 0.24606
0.31286 0.11792 0.24368
0.31414 0.11883 0.24135
0.31543 0.11974 0.23902
0.31678 0.12053 0.23668
0.3183 0.12133 0.23447
0.31998 0.12201 0.23233
0.32172 0.12272 0.23025
0.32364 0.12347 0.22834
0.32532 0.12456 0.22637
0.30444 0.1182 0.25466
0.30639 0.11849 0.25263
0.3077 0.11861 0.25012
0.30908 0.11876 0.24768
0.31067 0.11921 0.24542
0.31213 0.1199 0.24313
0.31354 0.12089 0.24091
0.31474 0.12175 0.23852
0.3159 0.12243 0.23605
0.31723 0.12307 0.23367
0.3187 0.12348 0.23132
0.3203 0.12396 0.22908
0.32215 0.12456 0.22708
0.30362 0.12006 0.254
0.30529 0.12017 0.25177
0.30676 0.12042 0.2494
0.30819 0.12062 0.247
0.30989 0.12117 0.24485
0.31138 0.12189 0.2426
0.31291 0.12297 0.24049
0.31402 0.12378 0.23802
0.31504 0.12435 0.23546
0.31628 0.12494 0.23303
0.31746 0.1251 0.2305
0.31888 0.12534 0.2281
0.32062 0.12571 0.22594
0.30297 0.122 0.25336
0.30445 0.12199 0.251
0.30584 0.1222 0.24859
0.3074 0.12253 0.24631
0.30907 0.12306 0.24413
0.31064 0.12386 0.24197
0.31204 0.12485 0.23974
0.31325 0.12573 0.23734
0.31403 0.12612 0.23464
0.31519 0.12665 0.23216
0.31629 0.12673 0.22959
0.31771 0.12698 0.22719
0.30234 0.12392 0.25268
0.30364 0.12381 0.25021
0.30507 0.12407 0.24782
0.30668 0.12443 0.24557
0.30828 0.12495 0.24335
0.30983 0.12572 0.24116
0.31121 0.1267 0.23891
0.31227 0.12745 0.23639
0.31304 0.12783 0.23371
0.31406 0.12824 0.23115
0.31531 0.12847 0.22866
0.31685 0.12885 0.22636
0.303 0.12576 0.24955
0.30445 0.12604 0.24719
0.306 0.12638 0.24488
0.3076 0.12688 0.24264
0.30909 0.12762 0.2404
0.3104 0.12854 0.23808
0.31154 0.12935 0.2356
0.31222 0.12968 0.23288
0.31314 0.13002 0.23026
0.31442 0.13028 0.22778
0.30221 0.12766 0.24889
0.30372 0.12799 0.24656
0.30533 0.12837 0.2443
0.30691 0.12887 0.24205
0.30853 0.12969 0.23988
0.30965 0.1305 0.2374
0.31064 0.13123 0.23484
0.31129 0.1315 0.23209
0.31217 0.13182 0.22945
0.30294 0.12993 0.24598
0.30447 0.13028 0.24368
0.30606 0.13082 0.24145
0.30753 0.13157 0.23916
0.30855 0.13226 0.23662
0.30954 0.13295 0.23408
0.31028 0.13331 0.23139
0.30219 0.13183 0.24524
0.30365 0.13215 0.24289
0.3051 0.13258 0.24056
0.30644 0.13321 0.23819
0.30755 0.13398 0.23574
0.30868 0.13479 0.2333
0.30129 0.13363 0.24442
0.30281 0.134 0.24212
0.30423 0.1344 0.23976
0.30558 0.13502 0.23741
0.30668 0.1358 0.23497
0.30191 0.13585 0.24144
0.30332 0.13627 0.23909
0.30473 0.13695 0.23679
0.30582 0.13771 0.23433
0.30777 0.13661 0.23252
0.30098 0.1377 0.24083
0.30237 0.13812 0.23848
0.30372 0.13877 0.23615
0.3003 0.13964 0.24021
0.30169 0.14008 0.23785
POLYGONS 20076 80304
3 0 1 2
3 1 3 2
3 2 3 4
3 3 5 4
3 6 0 7
3 0 2 7
3 7 2 8
3 2 4 8
3 8 4 9
3 4 10 9
3 9 10 11
3 12 13 14
3 13 6 14
3 14 6 15
3 6 7 15
3 15 7 16
3 7 8 16
3 16 8 17
3 8 9 17
3 17 9 18
3 9 11 18
3 18 11 19
3 20 12 21
3 12 14 21
3 21 14 22
3 14 15 22
3 22 15 23
3 15 16 23
3 23 16 24
3 16 17 24
3 24 17 25
3 17 18 25
3 25 18 26
3 18 19 26
3 26 19 27
3 19 28 27
3 27 28 29
3 30 31 32
3 31 20 32
3 32 20 33
3 20 21 33
3 33 21 34
3 21 22 34
3 34 22 35
3 22 23 35
3 35 23 36
3 23 24 36
3 36 24 37
3 24 25 37
3 37 25 38
3 25 26 38
3 38 26 39
3 26 27 39
3 39 27 40
3 27 29 40
3 40 29 41
3 42 43 44
3 43 30 44
3 44 30 45
3 30 32 45
3 45 32 46
3 32 33 46
3 46 33 47
3 33 34 47
3 47 34 48
3 34 35 48
3 48 35 49
3 35 36 49
3 49 36 50
3 36 37 50
3 50 37 51
3 37 38 51
3 51 38 52
3 38 39 52
3 52 39 53
3 39 40 53
3 53 40 54
3 40 41 54
3 54 41 55
3 41 56 55
3 55 56 57
3 58 42 59
3 59 42 60
3 42 44 60
3 60 44 61
3 44 45 61
3 61 45 62
3 45 46 62
3 62 46 63
3 46 47 63
3 63 47 64
3 47 48 64
3 64 48 65
3 48 49 65
3 65 49 66
3 49 50 66
3 66 50 67
3 50 51 67
3 67 51 68
3 51 52 68
3 68 52 69
3 52 53 69
3 69 53 70
3 53 54 70
3 70 54 71
3 54 55 71
3 71 55 72
3 55 57 72
3 72 57 73
3 57 74 73
3 73 74 75
3 76 77 78
3 77 59 78
3 78 59 79
3 59 60 79
3 79 60 80
3 60 61 80
3 80 61 81
3 61 62 81
3 81 62 82
3 62 63 82
3 82 63 83
3 63 64 83
3 83 64 84
3 64 65 84
3 84 65 85
3 65 66 85
3 85 66 86
3 66 67 86
3 86 67 87
3 67 68 87
3 87 68 88
3 68 69 88
3 88 69 89
3 69 70 89
3 89 70 90
3 70 71 90
3 90 71 91
3 71 92 91
3 71 72 92
3 72 73 92
3 92 73 93
3 73 75 93
3 93 75 94
3 75 95 94
3 96 76 97
3 76 78 97
3 97 78 98
3 78 79 98
3 98 79 99
3 79 80 99
3 99 80 100
3 80 81 100
3 100 81 101
3 81 82 101
3 101 82 102
3 82 83 102
3 102 83 103
3 83 84 103
3 103 84 104
3 84 85 104
3 104 85 105
3 85 86 105
3 105 86 106
3 86 87 106
3 106 87 107
3 87 88 107
3 107 88 108
3 88 89 108
3 108 89 109
3 89 90 109
3 109 90 110
3 90 111 110
3 90 91 111
3 91 112 111
3 91 92 112
3 92 113 112
3 92 93 113
3 93 114 113
3 93 94 114
3 94 115 114
3 94 95 115
3 116 117 118
3 117 96 118
3 118 96 119
3 96 97 119
3 119 97 120
3 97 98 120
3 120 98 121
3 98 99 121
3 121 99 122
3 99 100 122
3 122 100 123
3 100 101 123
3 123 101 124
3 101 102 124
3 124 102 125
3 102 103 125
3 125 103 126
3 103 104 126
3 126 104 127
3 104 105 127
3 127 105 128
3 105 106 128
3 128 106 129
3 106 107 129
3 129 107 130
3 107 108 130
3 130 108 131
3 108 109 131
3 131 109 132
3 109 110 132
3 132 110 133
3 110 111 133
3 133 111 134
3 111 135 134
3 111 112 135
3 112 113 135
3 135 113 136
3 113 114 136
3 136 114 137
3 114 138 137
3 114 115 138
3 115 139 138
3 140 116 141
3 116 118 141
3 141 118 142
3 118 119 142
3 142 119 143
3 119 120 143
3 143 120 144
3 120 121 144
3 144 121 145
3 121 122 145
3 145 122 146
3 122 123 146
3 146 123 147
3 123 124 147
3 147 124 148
3 124 125 148
3 148 125 149
3 125 126 149
3 149 126 150
3 126 127 150
3 150 127 151
3 127 128 151
3 151 128 152
3 128 129 152
3 152 129 153
3 129 130 153
3 153 130 154
3 130 131 154
3 154 131 155
3 131 132 155
3 155 132 156
3 132 133 156
3 156 133 157
3 133 134 157
3 157 134 158
3 134 135 158
3 158 135 159
3 135 136 159
3 159 136 160
3 136 137 160
3 160 137 161
3 137 162 161
3 137 138 162
3 138 139 162
3 162 139 163
3 139 164 163
3 163 164 165
3 166 167 168
3 167 140 168
3 168 140 169
3 140 141 169
3 169 141 170
3 141 142 170
3 170 142 171
3 142 143 171
3 171 143 172
3 143 144 172
3 172 144 173
3 144 145 173
3 173 145 174
3 145 146 174
3 174 146 175
3 146 147 175
3 175 147 176
3 147 148 176
3 176 148 177
3 148 149 177
3 177 149 178
3 149 150 178
3 178 150 179
3 150 151 179
3 179 151 180
3 151 152 180
3 180 152 181
3 152 153 181
3 181 153 182
3 153 154 182
3 182 154 183
3 154 155 183
3 183 155 184
3 155 156 184
3 184 156 185
3 156 157 185
3 185 157 186
3 157 158 186
3 186 158 187
3 158 159 187
3 187 159 188
3 159 160 188
3 188 160 189
3 160 161 189
3 189 161 190
3 161 162 190
3 190 162 191
3 162 163 191
3 191 163 192
3 163 165 192
3 192 165 193
3 165 194 193
3 195 166 196
3 166 168 196
3 196 168 197
3 168 169 197
3 197 169 198
3 169 170 198
3 198 170 199
3 170 171 199
3 199 171 200
3 171 172 200
3 200 172 201
3 172 173 201
3 201 173 202
3 173 174 202
3 202 174 203
3 174 175 203
3 203 175 204
3 175 176 204
3 204 176 205
3 176 177 205
3 205 177 206
3 177 178 206
3 206 178 207
3 178 179 207
3 207 179 208
3 179 180 208
3 208 180 209
3 180 181 209
3 209 181 210
3 181 182 210
3 210 182 211
3 182 183 211
3 211 183 212
3 183 184 212
3 212 184 213
3 184 185 213
3 213 185 214
3 185 186 214
3 214 186 215
3 186 187 215
3 215 187 216
3 187 188 216
3 216 188 217
3 188 189 217
3 217 189 218
3 189 190 218
3 218 190 219
3 190 220 219
3 190 191 220
3 191 192 220
3 220 192 221
3 192 193 221
3 221 193 222
3 193 223 222
3 222 223 224
3 225 226 227
3 227 195 228
3 195 196 228
3 228 196 229
3 196 197 229
3 229 197 230
3 197 198 230
3 230 198 231
3 198 199 231
3 231 199 232
3 199 200 232
3 232 200 233
3 200 201 233
3 233 201 234
3 201 202 234
3 234 202 235
3 202 203 235
3 235 203 236
3 203 204 236
3 236 204 237
3 204 205 237
3 237 205 238
3 205 206 238
3 238 206 239
3 206 207 239
3 239 207 240
3 207 208 240
3 240 208 241
3 208 209 241
3 241 209 242
3 209 210 242
3 242 210 243
3 210 211 243
3 243 211 244
3 211 212 244
3 244 212 245
3 212 213 245
3 245 213 246
3 213 214 246
3 246 214 247
3 214 215 247
3 247 215 248
3 215 249 248
3 215 216 249
3 216 250 249
3 216 217 250
3 217 218 250
3 250 218 251
3 218 219 251
3 251 219 252
3 219 253 252
3 219 220 253
3 220 254 253
3 220 221 254
3 221 222 254
3 254 222 255
3 222 224 255
3 255 224 256
3 224 257 256
3 256 257 258
3 259 225 260
3 225 227 260
3 260 227 261
3 227 228 261
3 261 228 262
3 228 229 262
3 262 229 263
3 229 230 263
3 263 230 264
3 230 231 264
3 264 231 265
3 231 232 265
3 265 232 266
3 232 233 266
3 266 233 267
3 233 234 267
3 267 234 268
3 234 235 268
3 268 235 269
3 235 236 269
3 269 236 270
3 236 237 270
3 270 237 271
3 237 238 271
3 271 238 272
3 238 239 272
3 272 239 273
3 239 240 273
3 273 240 274
3 240 241 274
3 274 241 275
3 241 242 275
3 275 242 276
3 242 243 276
3 276 243 277
3 243 244 277
3 277 244 278
3 244 245 278
3 278 245 279
3 245 246 279
3 279 246 280
3 246 247 280
3 280 247 281
3 247 248 281
3 281 248 282
3 248 249 282
3 282 249 283
3 249 250 283
3 283 250 284
3 250 251 284
3 284 251 285
3 251 252 285
3 285 252 286
3 252 287 286
3 252 253 287
3 253 254 287
3 287 254 288
3 254 255 288
3 288 255 289
3 255 256 289
3 289 256 290
3 256 258 290
3 290 258 291
3 258 292 291
3 291 292 293
3 294 295 296
3 295 297 296
3 296 297 298
3 297 259 298
3 298 259 299
3 259 260 299
3 299 260 300
3 260 261 300
3 300 261 301
3 261 262 301
3 301 262 302
3 262 263 302
3 302 263 303
3 263 264 303
3 303 264 304
3 264 265 304
3 304 265 305
3 265 266 305
3 305 266 306
3 266 267 306
3 306 267 307
3 267 268 307
3 307 268 308
3 268 269 308
3 308 269 309
3 269 270 309
3 309 270 310
3 270 271 310
3 310 271 311
3 271 272 311
3 311 272 312
3 272 273 312
3 312 273 313
3 273 274 313
3 313 274 314
3 274 275 314
3 314 275 315
3 275 276 315
3 315 276 316
3 276 277 316
3 316 277 317
3 277 278 317
3 317 278 318
3 278 279 318
3 318 279 319
3 279 280 319
3 319 280 320
3 280 281 320
3 320 281 321
3 281 282 321
3 321 282 322
3 282 283 322
3 322 283 323
3 283 284 323
3 323 284 324
3 284 285 324
3 324 285 325
3 285 286 325
3 325 286 326
3 286 327 326
3 286 287 327
3 287 288 327
3 327 288 328
3 288 289 328
3 328 289 329
3 289 290 329
3 329 290 330
3 290 291 330
3 330 291 331
3 291 293 331
3 331 293 332
3 293 333 332
3 332 333 334
3 335 336 337
3 336 294 337
3 337 294 338
3 294 296 338
3 338 296 339
3 296 298 339
3 339 298 340
3 298 299 340
3 340 299 341
3 299 300 341
3 341 300 342
3 300 301 342
3 342 301 343
3 301 302 343
3 343 302 344
3 302 303 344
3 344 303 345
3 303 304 345
3 345 304 346
3 304 305 346
3 346 305 347
3 305 306 347
3 347 306 348
3 306 307 348
3 348 307 349
3 307 308 349
3 349 308 350
3 308 309 350
3 350 309 351
3 309 310 351
3 351 310 352
3 310 311 352
3 352 311 353
3 311 312 353
3 353 312 354
3 312 313 354
3 354 313 355
3 313 314 355
3 355 314 356
3 314 315 356
3 356 315 357
3 315 316 357
3 357 316 358
3 316 317 358
3 358 317 359
3 317 318 359
3 359 318 360
3 318 319 360
3 360 319 361
3 319 320 361
3 361 320 362
3 320 321 362
3 362 321 363
3 321 322 363
3 363 322 364
3 322 323 364
3 364 323 365
3 323 324 365
3 365 324 366
3 324 325 366
3 366 325 367
3 325 326 367
3 367 326 368
3 326 327 368
3 368 327 369
3 327 328 369
3 369 328 370
3 328 329 370
3 370 329 371
3 329 330 371
3 371 330 372
3 330 331 372
3 372 331 373
3 331 332 373
3 373 332 374
3 332 334 374
3 374 334 375
3 334 376 375
3 377 378 379
3 378 335 379
3 379 335 380
3 335 337 380
3 380 337 381
3 337 338 381
3 381 338 382
3 338 339 382
3 382 339 383
3 339 340 383
3 383 340 384
3 340 341 384
3 384 341 385
3 341 342 385
3 385 342 386
3 342 343 386
3 386 343 387
3 343 344 387
3 387 344 388
3 344 345 388
3 388 345 389
3 345 346 389
3 389 346 390
3 346 347 390
3 390 347 391
3 347 348 391
3 391 348 392
3 348 349 392
3 392 349 393
3 349 350 393
3 393 350 394
3 350 351 394
3 394 351 395
3 351 352 395
3 395 352 396
3 352 353 396
3 396 353 397
3 353 354 397
3 397 354 398
3 354 355 398
3 398 355 399
3 355 356 399
3 399 356 400
3 356 357 400
3 400 357 401
3 357 358 401
3 401 358 402
3 358 359 402
3 402 359 403
3 359 360 403
3 403 360 404
3 360 361 404
3 404 361 405
3 361 362 405
3 405 362 406
3 362 363 406
3 406 363 407
3 363 364 407
3 407 364 408
3 364 365 408
3 408 365 409
3 365 366 409
3 409 366 410
3 366 367 410
3 410 367 411
3 367 368 411
3 411 368 412
3 368 369 412
3 412 369 413
3 369 370 413
3 413 370 414
3 370 371 414
3 414 371 415
3 371 372 415
3 415 372 416
3 372 373 416
3 416 373 417
3 373 374 417
3 417 374 418
3 374 375 418
3 418 375 419
3 375 420 419
3 419 420 421
3 420 422 421
3 423 424 425
3 424 426 425
3 425 426 427
3 426 377 427
3 427 377 428
3 377 379 428
3 428 379 429
3 379 380 429
3 429 380 430
3 380 381 430
3 430 381 431
3 381 382 431
3 431 382 432
3 382 383 432
3 432 383 433
3 383 384 433
3 433 384 434
3 384 385 434
3 434 385 435
3 385 386 435
3 435 386 436
3 386 387 436
3 436 387 437
3 387 388 437
3 437 388 438
3 388 389 438
3 438 389 439
3 389 390 439
3 439 390 440
3 390 391 440
3 440 391 441
3 391 392 441
3 441 392 442
3 392 393 442
3 442 393 443
3 393 394 443
3 443 394 444
3 394 395 444
3 444 395 445
3 395 396 445
3 445 396 446
3 396 397 446
3 446 397 447
3 397 398 447
3 447 398 448
3 398 399 448
3 448 399 449
3 399 450 449
3 399 400 450
3 400 401 450
3 450 401 451
3 401 402 451
3 451 402 452
3 402 403 452
3 452 403 453
3 403 404 453
3 453 404 454
3 404 405 454
3 454 405 455
3 405 406 455
3 455 406 456
3 406 407 456
3 456 407 457
3 407 458 457
3 407 408 458
3 408 459 458
3 408 409 459
3 409 460 459
3 409 410 460
3 410 411 460
3 460 411 461
3 411 462 461
3 411 412 462
3 412 463 462
3 412 413 463
3 413 464 463
3 413 414 464
3 414 415 464
3 464 415 465
3 415 416 465
3 465 416 466
3 416 417 466
3 466 417 467
3 417 418 467
3 467 418 468
3 418 469 468
3 418 419 469
3 419 470 469
3 419 421 470
3 421 471 470
3 421 422 471
3 422 472 471
3 473 423 474
3 423 425 474
3 474 425 475
3 425 427 475
3 475 427 476
3 427 428 476
3 476 428 477
3 428 429 477
3 477 429 478
3 429 430 478
3 478 430 479
3 430 431 479
3 479 431 480
3 431 432 480
3 480 432 481
3 432 482 481
3 432 433 482
3 433 483 482
3 433 434 483
3 434 484 483
3 434 435 484
3 435 485 484
3 435 436 485
3 436 486 485
3 436 437 486
3 437 487 486
3 437 438 487
3 438 488 487
3 438 439 488
3 439 489 488
3 439 440 489
3 440 490 489
3 440 441 490
3 441 491 490
3 441 442 491
3 442 492 491
3 442 443 492
3 443 493 492
3 443 444 493
3 444 494 493
3 444 445 494
3 445 446 494
3 494 446 495
3 446 447 495
3 495 447 496
3 447 497 496
3 447 448 497
3 448 498 497
3 448 449 498
3 449 499 498
3 449 450 499
3 450 500 499
3 450 451 500
3 451 501 500
3 451 452 501
3 452 502 501
3 452 453 502
3 453 503 502
3 453 454 503
3 454 504 503
3 454 455 504
3 455 505 504
3 455 456 505
3 456 506 505
3 456 457 506
3 457 507 506
3 457 458 507
3 458 508 507
3 458 459 508
3 459 509 508
3 459 460 509
3 460 510 509
3 460 461 510
3 461 511 510
3 461 462 511
3 462 512 511
3 462 463 512
3 463 513 512
3 463 464 513
3 464 514 513
3 464 465 514
3 465 515 514
3 465 466 515
3 466 516 515
3 466 467 516
3 467 517 516
3 467 468 517
3 468 518 517
3 468 469 518
3 469 519 518
3 469 470 519
3 470 520 519
3 470 471 520
3 471 521 520
3 471 472 521
3 472 522 521
3 523 524 525
3 524 473 525
3 525 473 526
3 473 474 526
3 526 474 527
3 474 475 527
3 527 475 528
3 475 476 528
3 528 476 529
3 476 477 529
3 529 477 530
3 477 478 530
3 530 478 531
3 478 479 531
3 531 479 532
3 479 480 532
3 532 480 533
3 480 534 533
3 480 481 534
3 481 535 534
3 481 482 535
3 482 536 535
3 482 483 536
3 483 537 536
3 483 484 537
3 484 538 537
3 484 485 538
3 485 539 538
3 485 486 539
3 486 540 539
3 486 487 540
3 487 541 540
3 487 488 541
3 488 542 541
3 488 489 542
3 489 490 542
3 542 490 543
3 490 544 543
3 490 491 544
3 491 545 544
3 491 492 545
3 492 546 545
3 492 493 546
3 493 547 546
3 493 494 547
3 494 495 547
3 547 495 548
3 495 496 548
3 548 496 549
3 496 550 549
3 496 497 550
3 497 551 550
3 497 498 551
3 498 552 551
3 498 499 552
3 499 553 552
3 499 500 553
3 500 554 553
3 500 501 554
3 501 555 554
3 501 502 555
3 502 556 555
3 502 503 556
3 503 557 556
3 503 504 557
3 504 558 557
3 504 505 558
3 505 559 558
3 505 506 559
3 506 560 559
3 506 507 560
3 507 561 560
3 507 508 561
3 508 562 561
3 508 509 562
3 509 563 562
3 509 510 563
3 510 564 563
3 510 511 564
3 511 565 564
3 511 512 565
3 512 566 565
3 512 513 566
3 513 567 566
3 513 514 567
3 514 568 567
3 514 515 568
3 515 569 568
3 515 516 569
3 516 570 569
3 516 517 570
3 517 571 570
3 517 518 571
3 518 572 571
3 518 519 572
3 519 573 572
3 519 520 573
3 520 574 573
3 520 521 574
3 521 575 574
3 521 522 575
3 522 576 575
3 577 578 579
3 577 580 578
3 580 581 578
3 580 523 581
3 523 582 581
3 523 525 582
3 525 583 582
3 525 526 583
3 526 584 583
3 526 527 584
3 527 585 584
3 527 528 585
3 528 586 585
3 528 529 586
3 529 587 586
3 529 530 587
3 530 588 587
3 530 531 588
3 531 589 588
3 531 532 589
3 532 590 589
3 532 533 590
3 533 591 590
3 533 534 591
3 534 592 591
3 534 535 592
3 535 593 592
3 535 536 593
3 536 594 593
3 536 537 594
3 537 595 594
3 537 538 595
3 538 596 595
3 538 539 596
3 539 597 596
3 539 540 597
3 540 598 597
3 540 541 598
3 541 599 598
3 541 542 599
3 542 600 599
3 542 543 600
3 543 601 600
3 543 544 601
3 544 602 601
3 544 545 602
3 545 603 602
3 545 546 603
3 546 604 603
3 546 547 604
3 547 605 604
3 547 548 605
3 548 606 605
3 548 549 606
3 549 607 606
3 549 550 607
3 550 608 607
3 550 551 608
3 551 609 608
3 551 552 609
3 552 610 609
3 552 553 610
3 553 611 610
3 553 554 611
3 554 612 611
3 554 555 612
3 555 613 612
3 555 556 613
3 556 614 613
3 556 557 614
3 557 615 614
3 557 558 615
3 558 616 615
3 558 559 616
3 559 617 616
3 559 560 617
3 560 618 617
3 560 561 618
3 561 619 618
3 561 562 619
3 562 620 619
3 562 563 620
3 563 621 620
3 563 564 621
3 564 622 621
3 564 565 622
3 565 623 622
3 565 566 623
3 566 624 623
3 566 567 624
3 567 625 624
3 567 568 625
3 568 626 625
3 568 569 626
3 569 627 626
3 569 570 627
3 570 628 627
3 570 571 628
3 571 629 628
3 571 572 629
3 572 630 629
3 572 573 630
3 573 631 630
3 573 574 631
3 574 632 631
3 574 575 632
3 575 633 632
3 575 576 633
3 576 634 633
3 635 636 637
3 638 639 636
3 638 579 639
3 579 640 639
3 579 578 640
3 578 641 640
3 578 581 641
3 581 642 641
3 581 582 642
3 582 643 642
3 582 583 643
3 583 644 643
3 583 584 644
3 584 645 644
3 584 585 645
3 585 646 645
3 585 586 646
3 586 647 646
3 586 587 647
3 587 648 647
3 587 588 648
3 588 649 648
3 588 589 649
3 589 650 649
3 589 590 650
3 590 651 650
3 590 591 651
3 591 652 651
3 591 592 652
3 592 653 652
3 592 593 653
3 593 654 653
3 593 594 654
3 594 655 654
3 594 595 655
3 595 656 655
3 595 596 656
3 596 657 656
3 596 597 657
3 597 658 657
3 597 598 658
3 598 659 658
3 598 599 659
3 599 660 659
3 599 600 660
3 600 661 660
3 600 601 661
3 601 662 661
3 601 602 662
3 602 663 662
3 602 603 663
3 603 664 663
3 603 604 664
3 604 605 664
3 664 605 665
3 605 606 665
3 665 606 666
3 606 667 666
3 606 607 667
3 607 668 667
3 607 608 668
3 608 669 668
3 608 609 669
3 609 670 669
3 609 610 670
3 610 671 670
3 610 611 671
3 611 672 671
3 611 612 672
3 612 673 672
3 612 613 673
3 613 674 673
3 613 614 674
3 614 675 674
3 614 615 675
3 615 676 675
3 615 616 676
3 616 677 676
3 616 617 677
3 617 678 677
3 617 618 678
3 618 679 678
3 618 619 679
3 619 680 679
3 619 620 680
3 620 681 680
3 620 621 681
3 621 682 681
3 621 622 682
3 622 683 682
3 622 623 683
3 623 684 683
3 623 624 684
3 624 685 684
3 624 625 685
3 625 686 685
3 625 626 686
3 626 687 686
3 626 627 687
3 627 688 687
3 627 628 688
3 628 689 688
3 628 629 689
3 629 690 689
3 629 630 690
3 630 691 690
3 630 631 691
3 631 692 691
3 631 632 692
3 632 693 692
3 632 633 693
3 633 694 693
3 633 634 694
3 634 695 694
3 696 637 697
3 637 636 697
3 697 636 698
3 636 639 698
3 698 639 699
3 639 640 699
3 699 640 700
3 640 701 700
3 640 641 701
3 641 642 701
3 701 642 702
3 642 643 702
3 702 643 703
3 643 644 703
3 703 644 704
3 644 645 704
3 704 645 705
3 645 646 705
3 705 646 706
3 646 647 706
3 706 647 707
3 647 648 707
3 707 648 708
3 648 649 708
3 708 649 709
3 649 650 709
3 709 650 710
3 650 711 710
3 650 651 711
3 651 712 711
3 651 652 712
3 652 713 712
3 652 653 713
3 653 714 713
3 653 654 714
3 654 715 714
3 654 655 715
3 655 716 715
3 655 656 716
3 656 717 716
3 656 657 717
3 657 718 717
3 657 658 718
3 658 719 718
3 658 659 719
3 659 720 719
3 659 660 720
3 660 721 720
3 660 661 721
3 661 722 721
3 661 662 722
3 662 663 722
3 722 663 723
3 663 664 723
3 723 664 724
3 664 665 724
3 724 665 725
3 665 666 725
3 725 666 726
3 666 667 726
3 726 667 727
3 667 728 727
3 667 668 728
3 668 729 728
3 668 669 729
3 669 730 729
3 669 670 730
3 670 731 730
3 670 671 731
3 671 732 731
3 671 672 732
3 672 733 732
3 672 673 733
3 673 734 733
3 673 674 734
3 674 735 734
3 674 675 735
3 675 736 735
3 675 676 736
3 676 737 736
3 676 677 737
3 677 738 737
3 677 678 738
3 678 739 738
3 678 679 739
3 679 740 739
3 679 680 740
3 680 741 740
3 680 681 741
3 681 742 741
3 681 682 742
3 682 743 742
3 682 683 743
3 683 744 743
3 683 684 744
3 684 745 744
3 684 685 745
3 685 746 745
3 685 686 746
3 686 747 746
3 686 687 747
3 687 748 747
3 687 688 748
3 688 749 748
3 688 689 749
3 689 750 749
3 689 690 750
3 690 751 750
3 690 691 751
3 691 752 751
3 691 692 752
3 692 753 752
3 692 693 753
3 693 754 753
3 693 694 754
3 694 755 754
3 694 695 755
3 695 756 755
3 757 758 759
3 758 696 759
3 759 696 760
3 696 697 760
3 760 697 761
3 697 698 761
3 761 698 762
3 698 699 762
3 762 699 763
3 699 700 763
3 763 700 764
3 700 701 764
3 764 701 765
3 701 702 765
3 765 702 766
3 702 703 766
3 766 703 767
3 703 704 767
3 767 704 768
3 704 705 768
3 768 705 769
3 705 706 769
3 769 706 770
3 706 707 770
3 770 707 771
3 707 708 771
3 771 708 772
3 708 709 772
3 772 709 773
3 709 710 773
3 773 710 774
3 710 711 774
3 774 711 775
3 711 712 775
3 775 712 776
3 712 713 776
3 776 713 777
3 713 714 777
3 777 714 778
3 714 715 778
3 778 715 779
3 715 716 779
3 779 716 780
3 716 717 780
3 780 717 781
3 717 718 781
3 781 718 782
3 718 719 782
3 782 719 783
3 719 720 783
3 783 720 784
3 720 721 784
3 784 721 785
3 721 722 785
3 785 722 786
3 722 723 786
3 786 723 787
3 723 724 787
3 787 724 788
3 724 725 788
3 788 725 789
3 725 726 789
3 789 726 790
3 726 727 790
3 790 727 791
3 727 728 791
3 791 728 792
3 728 793 792
3 728 729 793
3 729 794 793
3 729 730 794
3 730 731 794
3 794 731 795
3 731 732 795
3 795 732 796
3 732 733 796
3 796 733 797
3 733 734 797
3 797 734 798
3 734 735 798
3 798 735 799
3 735 800 799
3 735 736 800
3 736 801 800
3 736 737 801
3 737 802 801
3 737 738 802
3 738 739 802
3 802 739 803
3 739 740 803
3 803 740 804
3 740 805 804
3 740 741 805
3 741 806 805
3 741 742 806
3 742 807 806
3 742 743 807
3 743 744 807
3 807 744 808
3 744 745 808
3 808 745 809
3 745 746 809
3 809 746 810
3 746 747 810
3 810 747 811
3 747 812 811
3 747 748 812
3 748 813 812
3 748 749 813
3 749 814 813
3 749 750 814
3 750 815 814
3 750 751 815
3 751 816 815
3 751 752 816
3 752 817 816
3 752 753 817
3 753 818 817
3 753 754 818
3 754 819 818
3 754 755 819
3 755 820 819
3 755 756 820
3 756 821 820
3 822 823 824
3 823 757 824
3 824 757 825
3 757 759 825
3 825 759 826
3 759 760 826
3 826 760 827
3 760 761 827
3 827 761 828
3 761 762 828
3 828 762 829
3 762 763 829
3 829 763 830
3 763 764 830
3 830 764 831
3 764 765 831
3 831 765 832
3 765 766 832
3 832 766 833
3 766 767 833
3 833 767 834
3 767 768 834
3 834 768 835
3 768 769 835
3 835 769 836
3 769 770 836
3 836 770 837
3 770 771 837
3 837 771 838
3 771 772 838
3 838 772 839
3 772 773 839
3 839 773 840
3 773 774 840
3 840 774 841
3 774 775 841
3 841 775 842
3 775 776 842
3 842 776 843
3 776 777 843
3 843 777 844
3 777 778 844
3 844 778 845
3 778 779 845
3 845 779 846
3 779 780 846
3 846 780 847
3 780 781 847
3 847 781 848
3 781 782 848
3 848 782 849
3 782 783 849
3 849 783 850
3 783 784 850
3 850 784 851
3 784 785 851
3 851 785 852
3 785 786 852
3 852 786 853
3 786 787 853
3 853 787 854
3 787 788 854
3 854 788 855
3 788 789 855
3 855 789 856
3 789 790 856
3 856 790 857
3 790 791 857
3 857 791 858
3 791 792 858
3 858 792 859
3 792 860 859
3 792 793 860
3 793 861 860
3 793 794 861
3 794 795 861
3 861 795 862
3 795 796 862
3 862 796 863
3 796 797 863
3 863 797 864
3 797 798 864
3 864 798 865
3 798 799 865
3 865 799 866
3 799 800 866
3 866 800 867
3 800 868 867
3 800 801 868
3 801 869 868
3 801 802 869
3 802 803 869
3 869 803 870
3 803 804 870
3 870 804 871
3 804 805 871
3 871 805 872
3 805 873 872
3 805 806 873
3 806 874 873
3 806 807 874
3 807 808 874
3 874 808 875
3 808 809 875
3 875 809 876
3 809 810 876
3 876 810 877
3 810 811 877
3 877 811 878
3 811 879 878
3 811 812 879
3 812 880 879
3 812 813 880
3 813 881 880
3 813 814 881
3 814 882 881
3 814 815 882
3 815 883 882
3 815 816 883
3 816 884 883
3 816 817 884
3 817 885 884
3 817 818 885
3 818 886 885
3 818 819 886
3 819 887 886
3 819 820 887
3 820 888 887
3 820 821 888
3 821 889 888
3 890 891 892
3 891 822 892
3 892 822 893
3 822 824 893
3 893 824 894
3 824 825 894
3 894 825 895
3 825 826 895
3 895 826 896
3 826 827 896
3 896 827 897
3 827 828 897
3 897 828 898
3 828 829 898
3 898 829 899
3 829 830 899
3 899 830 900
3 830 831 900
3 900 831 901
3 831 832 901
3 901 832 902
3 832 833 902
3 902 833 903
3 833 834 903
3 903 834 904
3 834 835 904
3 904 835 905
3 835 836 905
3 905 836 906
3 836 837 906
3 906 837 907
3 837 838 907
3 907 838 908
3 838 839 908
3 908 839 909
3 839 840 909
3 909 840 910
3 840 841 910
3 910 841 911
3 841 842 911
3 911 842 912
3 842 843 912
3 912 843 913
3 843 844 913
3 913 844 914
3 844 845 914
3 914 845 915
3 845 846 915
3 915 846 916
3 846 847 916
3 916 847 917
3 847 848 917
3 917 848 918
3 848 849 918
3 918 849 919
3 849 850 919
3 919 850 920
3 850 851 920
3 920 851 921
3 851 852 921
3 921 852 922
3 852 853 922
3 922 853 923
3 853 854 923
3 923 854 924
3 854 855 924
3 924 855 925
3 855 856 925
3 925 856 926
3 856 857 926
3 926 857 927
3 857 858 927
3 927 858 928
3 858 859 928
3 928 859 929
3 859 930 929
3 859 860 930
3 860 931 930
3 860 861 931
3 861 862 931
3 931 862 932
3 862 863 932
3 932 863 933
3 863 864 933
3 933 864 934
3 864 865 934
3 934 865 935
3 865 866 935
3 935 866 936
3 866 867 936
3 936 867 937
3 867 868 937
3 937 868 938
3 868 869 938
3 938 869 939
3 869 870 939
3 939 870 940
3 870 871 940
3 940 871 941
3 871 872 941
3 941 872 942
3 872 873 942
3 942 873 943
3 873 874 943
3 943 874 944
3 874 875 944
3 944 875 945
3 875 876 945
3 945 876 946
3 876 877 946
3 946 877 947
3 877 878 947
3 947 878 948
3 878 879 948
3 948 879 949
3 879 950 949
3 879 880 950
3 880 951 950
3 880 881 951
3 881 952 951
3 881 882 952
3 882 953 952
3 882 883 953
3 883 954 953
3 883 884 954
3 884 955 954
3 884 885 955
3 885 886 955
3 955 886 956
3 886 887 956
3 956 887 957
3 887 958 957
3 887 888 958
3 888 959 958
3 888 889 959
3 889 960 959
3 889 961 960
3 961 962 960
3 963 964 965
3 965 966 967
3 966 968 967
3 967 968 969
3 968 890 969
3 969 890 970
3 890 892 970
3 970 892 971
3 892 893 971
3 971 893 972
3 893 894 972
3 972 894 973
3 894 895 973
3 973 895 974
3 895 896 974
3 974 896 975
3 896 897 975
3 975 897 976
3 897 898 976
3 976 898 977
3 898 899 977
3 977 899 978
3 899 900 978
3 978 900 979
3 900 901 979
3 979 901 980
3 901 902 980
3 980 902 981
3 902 903 981
3 981 903 982
3 903 904 982
3 982 904 983
3 904 905 983
3 983 905 984
3 905 906 984
3 984 906 985
3 906 907 985
3 985 907 986
3 907 908 986
3 986 908 987
3 908 909 987
3 987 909 988
3 909 910 988
3 988 910 989
3 910 911 989
3 989 911 990
3 911 912 990
3 990 912 991
3 912 913 991
3 991 913 992
3 913 914 992
3 992 914 993
3 914 915 993
3 993 915 994
3 915 916 994
3 994 916 995
3 916 917 995
3 995 917 996
3 917 918 996
3 996 918 997
3 918 919 997
3 997 919 998
3 919 920 998
3 998 920 999
3 920 921 999
3 999 921 1000
3 921 922 1000
3 1000 922 1001
3 922 923 1001
3 1001 923 1002
3 923 924 1002
3 1002 924 1003
3 924 925 1003
3 1003 925 1004
3 925 926 1004
3 1004 926 1005
3 926 927 1005
3 1005 927 1006
3 927 928 1006
3 1006 928 1007
3 928 929 1007
3 1007 929 1008
3 929 930 1008
3 1008 930 1009
3 930 931 1009
3 1009 931 1010
3 931 932 1010
3 1010 932 1011
3 932 933 1011
3 1011 933 1012
3 933 934 1012
3 1012 934 1013
3 934 935 1013
3 1013 935 1014
3 935 936 1014
3 1014 936 1015
3 936 937 1015
3 1015 937 1016
3 937 938 1016
3 1016 938 1017
3 938 939 1017
3 1017 939 1018
3 939 940 1018
3 1018 940 1019
3 940 941 1019
3 1019 941 1020
3 941 942 1020
3 1020 942 1021
3 942 943 1021
3 1021 943 1022
3 943 944 1022
3 1022 944 1023
3 944 945 1023
3 1023 945 1024
3 945 946 1024
3 1024 946 1025
3 946 947 1025
3 1025 947 1026
3 947 948 1026
3 1026 948 1027
3 948 949 1027
3 1027 949 1028
3 949 1029 1028
3 949 950 1029
3 950 1030 1029
3 950 951 1030
3 951 1031 1030
3 951 952 1031
3 952 1032 1031
3 952 953 1032
3 953 1033 1032
3 953 954 1033
3 954 1034 1033
3 954 955 1034
3 955 956 1034
3 1034 956 1035
3 956 957 1035
3 1035 957 1036
3 957 1037 1036
3 957 958 1037
3 958 1038 1037
3 958 959 1038
3 959 1039 1038
3 959 960 1039
3 960 1040 1039
3 960 962 1040
3 962 1041 1040
3 1042 1043 1044
3 1043 963 1044
3 1044 963 1045
3 963 965 1045
3 1045 965 1046
3 965 967 1046
3 1046 967 1047
3 967 969 1047
3 1047 969 1048
3 969 970 1048
3 1048 970 1049
3 970 971 1049
3 1049 971 1050
3 971 972 1050
3 1050 972 1051
3 972 973 1051
3 1051 973 1052
3 973 974 1052
3 1052 974 1053
3 974 975 1053
3 1053 975 1054
3 975 976 1054
3 1054 976 1055
3 976 977 1055
3 1055 977 1056
3 977 978 1056
3 1056 978 1057
3 978 979 1057
3 1057 979 1058
3 979 980 1058
3 1058 980 1059
3 980 981 1059
3 1059 981 1060
3 981 982 1060
3 1060 982 1061
3 982 983 1061
3 1061 983 1062
3 983 984 1062
3 1062 984 1063
3 984 985 1063
3 1063 985 1064
3 985 986 1064
3 1064 986 1065
3 986 987 1065
3 1065 987 1066
3 987 988 1066
3 1066 988 1067
3 988 989 1067
3 1067 989 1068
3 989 990 1068
3 1068 990 1069
3 990 991 1069
3 1069 991 1070
3 991 992 1070
3 1070 992 1071
3 992 993 1071
3 1071 993 1072
3 993 994 1072
3 1072 994 1073
3 994 995 1073
3 1073 995 1074
3 995 996 1074
3 1074 996 1075
3 996 997 1075
3 1075 997 1076
3 997 998 1076
3 1076 998 1077
3 998 999 1077
3 1077 999 1078
3 999 1000 1078
3 1078 1000 1079
3 1000 1001 1079
3 1079 1001 1080
3 1001 1002 1080
3 1080 1002 1081
3 1002 1003 1081
3 1081 1003 1082
3 1003 1004 1082
3 1082 1004 1083
3 1004 1005 1083
3 1083 1005 1084
3 1005 1006 1084
3 1084 1006 1085
3 1006 1007 1085
3 1085 1007 1086
3 1007 1008 1086
3 1086 1008 1087
3 1008 1009 1087
3 1087 1009 1088
3 1009 1010 1088
3 1088 1010 1089
3 1010 1011 1089
3 1089 1011 1090
3 1011 1012 1090
3 1090 1012 1091
3 1012 1013 1091
3 1091 1013 1092
3 1013 1014 1092
3 1092 1014 1093
3 1014 1015 1093
3 1093 1015 1094
3 1015 1016 1094
3 1094 1016 1095
3 1016 1017 1095
3 1095 1017 1096
3 1017 1018 1096
3 1096 1018 1097
3 1018 1019 1097
3 1097 1019 1098
3 1019 1020 1098
3 1098 1020 1099
3 1020 1021 1099
3 1099 1021 1100
3 1021 1022 1100
3 1100 1022 1101
3 1022 1023 1101
3 1101 1023 1102
3 1023 1024 1102
3 1102 1024 1103
3 1024 1025 1103
3 1103 1025 1104
3 1025 1026 1104
3 1104 1026 1105
3 1026 1027 1105
3 1105 1027 1106
3 1027 1107 1106
3 1027 1028 1107
3 1028 1108 1107
3 1028 1029 1108
3 1029 1109 1108
3 1029 1030 1109
3 1030 1110 1109
3 1030 1031 1110
3 1031 1111 1110
3 1031 1032 1111
3 1032 1112 1111
3 1032 1033 1112
3 1033 1113 1112
3 1033 1034 1113
3 1034 1114 1113
3 1034 1035 1114
3 1035 1036 1114
3 1114 1036 1115
3 1036 1116 1115
3 1036 1037 1116
3 1037 1117 1116
3 1037 1038 1117
3 1038 1118 1117
3 1038 1039 1118
3 1039 1119 1118
3 1039 1040 1119
3 1040 1120 1119
3 1040 1041 1120
3 1041 1121 1120
3 1122 1123 1124
3 1123 1125 1124
3 1123 1126 1125
3 1126 1127 1125
3 1126 1042 1127
3 1042 1128 1127
3 1042 1044 1128
3 1044 1129 1128
3 1044 1045 1129
3 1045 1130 1129
3 1045 1046 1130
3 1046 1047 1130
3 1130 1047 1131
3 1047 1048 1131
3 1131 1048 1132
3 1048 1049 1132
3 1132 1049 1133
3 1049 1050 1133
3 1133 1050 1134
3 1050 1135 1134
3 1050 1051 1135
3 1051 1136 1135
3 1051 1052 1136
3 1052 1137 1136
3 1052 1053 1137
3 1053 1138 1137
3 1053 1054 1138
3 1054 1139 1138
3 1054 1055 1139
3 1055 1140 1139
3 1055 1056 1140
3 1056 1141 1140
3 1056 1057 1141
3 1057 1142 1141
3 1057 1058 1142
3 1058 1143 1142
3 1058 1059 1143
3 1059 1144 1143
3 1059 1060 1144
3 1060 1145 1144
3 1060 1061 1145
3 1061 1146 1145
3 1061 1062 1146
3 1062 1147 1146
3 1062 1063 1147
3 1063 1148 1147
3 1063 1064 1148
3 1064 1149 1148
3 1064 1065 1149
3 1065 1150 1149
3 1065 1066 1150
3 1066 1151 1150
3 1066 1067 1151
3 1067 1152 1151
3 1067 1068 1152
3 1068 1153 1152
3 1068 1069 1153
3 1069 1154 1153
3 1069 1070 1154
3 1070 1155 1154
3 1070 1071 1155
3 1071 1156 1155
3 1071 1072 1156
3 1072 1157 1156
3 1072 1073 1157
3 1073 1158 1157
3 1073 1074 1158
3 1074 1159 1158
3 1074 1075 1159
3 1075 1160 1159
3 1075 1076 1160
3 1076 1161 1160
3 1076 1077 1161
3 1077 1162 1161
3 1077 1078 1162
3 1078 1163 1162
3 1078 1079 1163
3 1079 1164 1163
3 1079 1080 1164
3 1080 1081 1164
3 1164 1081 1165
3 1081 1082 1165
3 1165 1082 1166
3 1082 1083 1166
3 1166 1083 1167
3 1083 1084 1167
3 1167 1084 1168
3 1084 1085 1168
3 1168 1085 1169
3 1085 1086 1169
3 1169 1086 1170
3 1086 1087 1170
3 1170 1087 1171
3 1087 1172 1171
3 1087 1088 1172
3 1088 1089 1172
3 1172 1089 1173
3 1089 1090 1173
3 1173 1090 1174
3 1090 1091 1174
3 1174 1091 1175
3 1091 1176 1175
3 1091 1092 1176
3 1092 1177 1176
3 1092 1093 1177
3 1093 1178 1177
3 1093 1094 1178
3 1094 1095 1178
3 1178 1095 1179
3 1095 1096 1179
3 1179 1096 1180
3 1096 1181 1180
3 1096 1097 1181
3 1097 1182 1181
3 1097 1098 1182
3 1098 1183 1182
3 1098 1099 1183
3 1099 1184 1183
3 1099 1100 1184
3 1100 1101 1184
3 1184 1101 1185
3 1101 1102 1185
3 1185 1102 1186
3 1102 1103 1186
3 1186 1103 1187
3 1103 1104 1187
3 1187 1104 1188
3 1104 1189 1188
3 1104 1105 1189
3 1105 1190 1189
3 1105 1106 1190
3 1106 1191 1190
3 1106 1107 1191
3 1107 1192 1191
3 1107 1108 1192
3 1108 1193 1192
3 1108 1109 1193
3 1109 1194 1193
3 1109 1110 1194
3 1110 1195 1194
3 1110 1111 1195
3 1111 1196 1195
3 1111 1112 1196
3 1112 1197 1196
3 1112 1113 1197
3 1113 1198 1197
3 1113 1114 1198
3 1114 1199 1198
3 1114 1115 1199
3 1115 1200 1199
3 1115 1116 1200
3 1116 1201 1200
3 1116 1117 1201
3 1117 1202 1201
3 1117 1118 1202
3 1118 1203 1202
3 1118 1119 1203
3 1119 1204 1203
3 1119 1120 1204
3 1120 1205 1204
3 1120 1121 1205
3 1121 1206 1205
3 1207 1208 1209
3 1210 1211 1212
3 1210 1213 1211
3 1213 1214 1211
3 1213 1209 1214
3 1209 1215 1214
3 1209 1208 1215
3 1216 1217 1218
3 1216 1219 1217
3 1219 1220 1217
3 1219 1212 1220
3 1212 1221 1220
3 1212 1211 1221
3 1211 1222 1221
3 1211 1214 1222
3 1214 1223 1222
3 1214 1215 1223
3 1215 1224 1223
3 1225 1226 1227
3 1225 1228 1226
3 1228 1229 1226
3 1228 1218 1229
3 1218 1230 1229
3 1218 1217 1230
3 1217 1231 1230
3 1217 1220 1231
3 1220 1232 1231
3 1220 1221 1232
3 1221 1233 1232
3 1221 1222 1233
3 1222 1234 1233
3 1222 1223 1234
3 1223 1235 1234
3 1223 1224 1235
3 1224 1236 1235
3 1237 1238 1239
3 1237 1227 1238
3 1227 1240 1238
3 1227 1226 1240
3 1226 1241 1240
3 1226 1229 1241
3 1229 1242 1241
3 1229 1230 1242
3 1230 1243 1242
3 1230 1231 1243
3 1231 1244 1243
3 1231 1232 1244
3 1232 1245 1244
3 1232 1233 1245
3 1233 1246 1245
3 1233 1234 1246
3 1234 1247 1246
3 1234 1235 1247
3 1235 1248 1247
3 1249 1250 1251
3 1249 1252 1250
3 1252 1253 1250
3 1252 1239 1253
3 1239 1254 1253
3 1239 1238 1254
3 1238 1255 1254
3 1238 1240 1255
3 1240 1256 1255
3 1240 1241 1256
3 1241 1257 1256
3 1241 1242 1257
3 1242 1258 1257
3 1242 1243 1258
3 1243 1259 1258
3 1243 1244 1259
3 1244 1260 1259
3 1244 1245 1260
3 1245 1261 1260
3 1245 1246 1261
3 1246 1262 1261
3 1246 1247 1262
3 1247 1263 1262
3 1247 1248 1263
3 1264 1265 1266
3 1264 1267 1265
3 1267 1268 1265
3 1267 1269 1268
3 1269 1270 1268
3 1269 1251 1270
3 1251 1271 1270
3 1251 1250 1271
3 1250 1272 1271
3 1250 1253 1272
3 1253 1273 1272
3 1253 1254 1273
3 1254 1274 1273
3 1254 1255 1274
3 1255 1275 1274
3 1255 1256 1275
3 1256 1276 1275
3 1256 1257 1276
3 1257 1277 1276
3 1257 1258 1277
3 1258 1278 1277
3 1258 1259 1278
3 1259 1279 1278
3 1259 1260 1279
3 1260 1280 1279
3 1260 1261 1280
3 1261 1281 1280
3 1261 1262 1281
3 1262 1282 1281
3 1262 1263 1282
3 1263 1283 1282
3 1284 1285 1286
3 1284 1287 1285
3 1287 1288 1285
3 1287 1266 1288
3 1266 1289 1288
3 1266 1265 1289
3 1265 1290 1289
3 1265 1268 1290
3 1268 1291 1290
3 1268 1270 1291
3 1270 1292 1291
3 1270 1271 1292
3 1271 1293 1292
3 1271 1272 1293
3 1272 1294 1293
3 1272 1273 1294
3 1273 1295 1294
3 1273 1274 1295
3 1274 1296 1295
3 1274 1275 1296
3 1275 1297 1296
3 1275 1276 1297
3 1276 1298 1297
3 1276 1277 1298
3 1277 1299 1298
3 1277 1278 1299
3 1278 1300 1299
3 1278 1279 1300
3 1279 1301 1300
3 1279 1280 1301
3 1280 1302 1301
3 1280 1281 1302
3 1281 1303 1302
3 1281 1282 1303
3 1282 1304 1303
3 1282 1283 1304
3 1283 1305 1304
3 1306 1307 1308
3 1306 1286 1307
3 1286 1309 1307
3 1286 1285 1309
3 1285 1310 1309
3 1285 1288 1310
3 1288 1311 1310
3 1288 1289 1311
3 1289 1312 1311
3 1289 1290 1312
3 1290 1313 1312
3 1290 1291 1313
3 1291 1314 1313
3 1291 1292 1314
3 1292 1315 1314
3 1292 1293 1315
3 1293 1316 1315
3 1293 1294 1316
3 1294 1317 1316
3 1294 1295 1317
3 1295 1318 1317
3 1295 1296 1318
3 1296 1319 1318
3 1296 1297 1319
3 1297 1320 1319
3 1297 1298 1320
3 1298 1321 1320
3 1298 1299 1321
3 1299 1322 1321
3 1299 1300 1322
3 1300 1323 1322
3 1300 1301 1323
3 1301 1324 1323
3 1301 1302 1324
3 1302 1325 1324
3 1302 1303 1325
3 1303 1326 1325
3 1303 1304 1326
3 1304 1327 1326
3 1304 1305 1327
3 1328 1329 1330
3 1331 1332 1329
3 1331 1333 1332
3 1333 1334 1332
3 1333 1308 1334
3 1308 1335 1334
3 1308 1307 1335
3 1307 1336 1335
3 1307 1309 1336
3 1309 1337 1336
3 1309 1310 1337
3 1310 1338 1337
3 1310 1311 1338
3 1311 1339 1338
3 1311 1312 1339
3 1312 1340 1339
3 1312 1313 1340
3 1313 1341 1340
3 1313 1314 1341
3 1314 1342 1341
3 1314 1315 1342
3 1315 1343 1342
3 1315 1316 1343
3 1316 1344 1343
3 1316 1317 1344
3 1317 1345 1344
3 1317 1318 1345
3 1318 1346 1345
3 1318 1319 1346
3 1319 1347 1346
3 1319 1320 1347
3 1320 1348 1347
3 1320 1321 1348
3 1321 1349 1348
3 1321 1322 1349
3 1322 1350 1349
3 1322 1323 1350
3 1323 1351 1350
3 1323 1324 1351
3 1324 1352 1351
3 1324 1325 1352
3 1325 1353 1352
3 1325 1326 1353
3 1326 1354 1353
3 1326 1327 1354
3 1327 1355 1354
3 1356 1357 1358
3 1356 1330 1357
3 1330 1359 1357
3 1330 1329 1359
3 1329 1360 1359
3 1329 1332 1360
3 1332 1361 1360
3 1332 1334 1361
3 1334 1362 1361
3 1334 1335 1362
3 1335 1363 1362
3 1335 1336 1363
3 1336 1364 1363
3 1336 1337 1364
3 1337 1365 1364
3 1337 1338 1365
3 1338 1366 1365
3 1338 1339 1366
3 1339 1367 1366
3 1339 1340 1367
3 1340 1368 1367
3 1340 1341 1368
3 1341 1369 1368
3 1341 1342 1369
3 1342 1370 1369
3 1342 1343 1370
3 1343 1371 1370
3 1343 1344 1371
3 1344 1372 1371
3 1344 1345 1372
3 1345 1373 1372
3 1345 1346 1373
3 1346 1374 1373
3 1346 1347 1374
3 1347 1375 1374
3 1347 1348 1375
3 1348 1376 1375
3 1348 1349 1376
3 1349 1377 1376
3 1349 1350 1377
3 1350 1378 1377
3 1350 1351 1378
3 1351 1379 1378
3 1351 1352 1379
3 1352 1380 1379
3 1352 1353 1380
3 1353 1381 1380
3 1353 1354 1381
3 1354 1355 1381
3 1381 1355 1382
3 1383 1384 1385
3 1383 1358 1384
3 1358 1386 1384
3 1358 1357 1386
3 1357 1387 1386
3 1357 1359 1387
3 1359 1388 1387
3 1359 1360 1388
3 1360 1389 1388
3 1360 1361 1389
3 1361 1390 1389
3 1361 1362 1390
3 1362 1391 1390
3 1362 1363 1391
3 1363 1392 1391
3 1363 1364 1392
3 1364 1393 1392
3 1364 1365 1393
3 1365 1394 1393
3 1365 1366 1394
3 1366 1395 1394
3 1366 1367 1395
3 1367 1396 1395
3 1367 1368 1396
3 1368 1397 1396
3 1368 1369 1397
3 1369 1398 1397
3 1369 1370 1398
3 1370 1399 1398
3 1370 1371 1399
3 1371 1400 1399
3 1371 1372 1400
3 1372 1401 1400
3 1372 1373 1401
3 1373 1402 1401
3 1373 1374 1402
3 1374 1403 1402
3 1374 1375 1403
3 1375 1404 1403
3 1375 1376 1404
3 1376 1405 1404
3 1376 1377 1405
3 1377 1406 1405
3 1377 1378 1406
3 1378 1407 1406
3 1378 1379 1407
3 1379 1408 1407
3 1379 1380 1408
3 1380 1409 1408
3 1380 1381 1409
3 1381 1382 1409
3 1409 1382 1410
3 1382 1411 1410
3 1410 1411 1412
3 1413 1414 1415
3 1413 1416 1414
3 1416 1417 1414
3 1416 1385 1417
3 1385 1418 1417
3 1385 1384 1418
3 1384 1419 1418
3 1384 1386 1419
3 1386 1420 1419
3 1386 1387 1420
3 1387 1421 1420
3 1387 1388 1421
3 1388 1422 1421
3 1388 1389 1422
3 1389 1423 1422
3 1389 1390 1423
3 1390 1424 1423
3 1390 1391 1424
3 1391 1425 1424
3 1391 1392 1425
3 1392 1426 1425
3 1392 1393 1426
3 1393 1427 1426
3 1393 1394 1427
3 1394 1428 1427
3 1394 1395 1428
3 1395 1429 1428
3 1395 1396 1429
3 1396 1430 1429
3 1396 1397 1430
3 1397 1431 1430
3 1397 1398 1431
3 1398 1432 1431
3 1398 1399 1432
3 1399 1433 1432
3 1399 1400 1433
3 1400 1434 1433
3 1400 1401 1434
3 1401 1435 1434
3 1401 1402 1435
3 1402 1436 1435
3 1402 1403 1436
3 1403 1437 1436
3 1403 1404 1437
3 1404 1438 1437
3 1404 1405 1438
3 1405 1439 1438
3 1405 1406 1439
3 1406 1440 1439
3 1406 1407 1440
3 1407 1441 1440
3 1407 1408 1441
3 1408 1442 1441
3 1408 1409 1442
3 1409 1443 1442
3 1409 1410 1443
3 1410 1444 1443
3 1410 1412 1444
3 1445 1446 1447
3 1448 1449 1446
3 1448 1415 1449
3 1415 1450 1449
3 1415 1414 1450
3 1414 1451 1450
3 1414 1417 1451
3 1417 1452 1451
3 1417 1418 1452
3 1418 1453 1452
3 1418 1419 1453
3 1419 1454 1453
3 1419 1420 1454
3 1420 1455 1454
3 1420 1421 1455
3 1421 1456 1455
3 1421 1422 1456
3 1422 1457 1456
3 1422 1423 1457
3 1423 1458 1457
3 1423 1424 1458
3 1424 1459 1458
3 1424 1425 1459
3 1425 1460 1459
3 1425 1426 1460
3 1426 1461 1460
3 1426 1427 1461
3 1427 1462 1461
3 1427 1428 1462
3 1428 1463 1462
3 1428 1429 1463
3 1429 1464 1463
3 1429 1430 1464
3 1430 1465 1464
3 1430 1431 1465
3 1431 1466 1465
3 1431 1432 1466
3 1432 1467 1466
3 1432 1433 1467
3 1433 1468 1467
3 1433 1434 1468
3 1434 1469 1468
3 1434 1435 1469
3 1435 1470 1469
3 1435 1436 1470
3 1436 1471 1470
3 1436 1437 1471
3 1437 1472 1471
3 1437 1438 1472
3 1438 1473 1472
3 1438 1439 1473
3 1439 1474 1473
3 1439 1440 1474
3 1440 1475 1474
3 1440 1441 1475
3 1441 1476 1475
3 1441 1442 1476
3 1442 1477 1476
3 1442 1443 1477
3 1443 1478 1477
3 1443 1444 1478
3 1444 1479 1478
3 1480 1481 1482
3 1480 1447 1481
3 1447 1483 1481
3 1447 1446 1483
3 1446 1484 1483
3 1446 1449 1484
3 1449 1485 1484
3 1449 1450 1485
3 1450 1486 1485
3 1450 1451 1486
3 1451 1487 1486
3 1451 1452 1487
3 1452 1488 1487
3 1452 1453 1488
3 1453 1489 1488
3 1453 1454 1489
3 1454 1490 1489
3 1454 1455 1490
3 1455 1491 1490
3 1455 1456 1491
3 1456 1492 1491
3 1456 1457 1492
3 1457 1493 1492
3 1457 1458 1493
3 1458 1494 1493
3 1458 1459 1494
3 1459 1495 1494
3 1459 1460 1495
3 1460 1496 1495
3 1460 1461 1496
3 1461 1497 1496
3 1461 1462 1497
3 1462 1498 1497
3 1462 1463 1498
3 1463 1499 1498
3 1463 1464 1499
3 1464 1500 1499
3 1464 1465 1500
3 1465 1501 1500
3 1465 1466 1501
3 1466 1502 1501
3 1466 1467 1502
3 1467 1503 1502
3 1467 1468 1503
3 1468 1504 1503
3 1468 1469 1504
3 1469 1505 1504
3 1469 1470 1505
3 1470 1506 1505
3 1470 1471 1506
3 1471 1507 1506
3 1471 1472 1507
3 1472 1508 1507
3 1472 1473 1508
3 1473 1509 1508
3 1473 1474 1509
3 1474 1510 1509
3 1474 1475 1510
3 1475 1511 1510
3 1475 1476 1511
3 1476 1512 1511
3 1476 1477 1512
3 1477 1513 1512
3 1477 1478 1513
3 1478 1514 1513
3 1478 1479 1514
3 1515 1516 1517
3 1518 1519 1516
3 1518 1482 1519
3 1482 1520 1519
3 1482 1481 1520
3 1481 1521 1520
3 1481 1483 1521
3 1483 1522 1521
3 1483 1484 1522
3 1484 1523 1522
3 1484 1485 1523
3 1485 1524 1523
3 1485 1486 1524
3 1486 1525 1524
3 1486 1487 1525
3 1487 1526 1525
3 1487 1488 1526
3 1488 1527 1526
3 1488 1489 1527
3 1489 1528 1527
3 1489 1490 1528
3 1490 1529 1528
3 1490 1491 1529
3 1491 1530 1529
3 1491 1492 1530
3 1492 1531 1530
3 1492 1493 1531
3 1493 1532 1531
3 1493 1494 1532
3 1494 1533 1532
3 1494 1495 1533
3 1495 1534 1533
3 1495 1496 1534
3 1496 1535 1534
3 1496 1497 1535
3 1497 1536 1535
3 1497 1498 1536
3 1498 1537 1536
3 1498 1499 1537
3 1499 1538 1537
3 1499 1500 1538
3 1500 1539 1538
3 1500 1501 1539
3 1501 1540 1539
3 1501 1502 1540
3 1502 1541 1540
3 1502 1503 1541
3 1503 1542 1541
3 1503 1504 1542
3 1504 1543 1542
3 1504 1505 1543
3 1505 1544 1543
3 1505 1506 1544
3 1506 1545 1544
3 1506 1507 1545
3 1507 1546 1545
3 1507 1508 1546
3 1508 1547 1546
3 1508 1509 1547
3 1509 1548 1547
3 1509 1510 1548
3 1510 1549 1548
3 1510 1511 1549
3 1511 1550 1549
3 1511 1512 1550
3 1512 1551 1550
3 1512 1513 1551
3 1513 1552 1551
3 1513 1514 1552
3 1514 1553 1552
3 1554 1555 1556
3 1554 1517 1555
3 1517 1557 1555
3 1517 1516 1557
3 1516 1558 1557
3 1516 1519 1558
3 1519 1559 1558
3 1519 1520 1559
3 1520 1560 1559
3 1520 1521 1560
3 1521 1561 1560
3 1521 1522 1561
3 1522 1562 1561
3 1522 1523 1562
3 1523 1563 1562
3 1523 1524 1563
3 1524 1564 1563
3 1524 1525 1564
3 1525 1565 1564
3 1525 1526 1565
3 1526 1566 1565
3 1526 1527 1566
3 1527 1567 1566
3 1527 1528 1567
3 1528 1568 1567
3 1528 1529 1568
3 1529 1569 1568
3 1529 1530 1569
3 1530 1570 1569
3 1530 1531 1570
3 1531 1571 1570
3 1531 1532 1571
3 1532 1572 1571
3 1532 1533 1572
3 1533 1573 1572
3 1533 1534 1573
3 1534 1574 1573
3 1534 1535 1574
3 1535 1575 1574
3 1535 1536 1575
3 1536 1576 1575
3 1536 1537 1576
3 1537 1577 1576
3 1537 1538 1577
3 1538 1578 1577
3 1538 1539 1578
3 1539 1579 1578
3 1539 1540 1579
3 1540 1580 1579
3 1540 1541 1580
3 1541 1581 1580
3 1541 1542 1581
3 1542 1582 1581
3 1542 1543 1582
3 1543 1583 1582
3 1543 1544 1583
3 1544 1584 1583
3 1544 1545 1584
3 1545 1585 1584
3 1545 1546 1585
3 1546 1586 1585
3 1546 1547 1586
3 1547 1587 1586
3 1547 1548 1587
3 1548 1588 1587
3 1548 1549 1588
3 1549 1589 1588
3 1549 1550 1589
3 1550 1590 1589
3 1550 1551 1590
3 1551 1591 1590
3 1551 1552 1591
3 1552 1592 1591
3 1552 1553 1592
3 1553 1593 1592
3 1594 1595 1596
3 1594 1556 1595
3 1556 1597 1595
3 1556 1555 1597
3 1555 1598 1597
3 1555 1557 1598
3 1557 1599 1598
3 1557 1558 1599
3 1558 1600 1599
3 1558 1559 1600
3 1559 1601 1600
3 1559 1560 1601
3 1560 1602 1601
3 1560 1561 1602
3 1561 1603 1602
3 1561 1562 1603
3 1562 1604 1603
3 1562 1563 1604
3 1563 1605 1604
3 1563 1564 1605
3 1564 1565 1605
3 1605 1565 1606
3 1565 1607 1606
3 1565 1566 1607
3 1566 1608 1607
3 1566 1567 1608
3 1567 1609 1608
3 1567 1568 1609
3 1568 1610 1609
3 1568 1569 1610
3 1569 1611 1610
3 1569 1570 1611
3 1570 1612 1611
3 1570 1571 1612
3 1571 1613 1612
3 1571 1572 1613
3 1572 1614 1613
3 1572 1573 1614
3 1573 1615 1614
3 1573 1574 1615
3 1574 1616 1615
3 1574 1575 1616
3 1575 1617 1616
3 1575 1576 1617
3 1576 1618 1617
3 1576 1577 1618
3 1577 1619 1618
3 1577 1578 1619
3 1578 1620 1619
3 1578 1579 1620
3 1579 1621 1620
3 1579 1580 1621
3 1580 1622 1621
3 1580 1581 1622
3 1581 1623 1622
3 1581 1582 1623
3 1582 1624 1623
3 1582 1583 1624
3 1583 1625 1624
3 1583 1584 1625
3 1584 1626 1625
3 1584 1585 1626
3 1585 1627 1626
3 1585 1586 1627
3 1586 1628 1627
3 1586 1587 1628
3 1587 1629 1628
3 1587 1588 1629
3 1588 1630 1629
3 1588 1589 1630
3 1589 1631 1630
3 1589 1590 1631
3 1590 1632 1631
3 1590 1591 1632
3 1591 1633 1632
3 1591 1592 1633
3 1592 1634 1633
3 1592 1593 1634
3 1593 1635 1634
3 1636 1637 1638
3 1636 1639 1637
3 1639 1640 1637
3 1639 1596 1640
3 1596 1641 1640
3 1596 1595 1641
3 1595 1642 1641
3 1595 1597 1642
3 1597 1643 1642
3 1597 1598 1643
3 1598 1644 1643
3 1598 1599 1644
3 1599 1645 1644
3 1599 1600 1645
3 1600 1646 1645
3 1600 1601 1646
3 1601 1647 1646
3 1601 1602 1647
3 1602 1648 1647
3 1602 1603 1648
3 1603 1649 1648
3 1603 1604 1649
3 1604 1650 1649
3 1604 1605 1650
3 1605 1651 1650
3 1605 1606 1651
3 1606 1652 1651
3 1606 1607 1652
3 1607 1653 1652
3 1607 1608 1653
3 1608 1654 1653
3 1608 1609 1654
3 1609 1655 1654
3 1609 1610 1655
3 1610 1656 1655
3 1610 1611 1656
3 1611 1657 1656
3 1611 1612 1657
3 1612 1658 1657
3 1612 1613 1658
3 1613 1659 1658
3 1613 1614 1659
3 1614 1660 1659
3 1614 1615 1660
3 1615 1661 1660
3 1615 1616 1661
3 1616 1662 1661
3 1616 1617 1662
3 1617 1663 1662
3 1617 1618 1663
3 1618 1664 1663
3 1618 1619 1664
3 1619 1665 1664
3 1619 1620 1665
3 1620 1666 1665
3 1620 1621 1666
3 1621 1622 1666
3 1666 1622 1667
3 1622 1668 1667
3 1622 1623 1668
3 1623 1669 1668
3 1623 1624 1669
3 1624 1670 1669
3 1624 1625 1670
3 1625 1626 1670
3 1670 1626 1671
3 1626 1627 1671
3 1671 1627 1672
3 1627 1628 1672
3 1672 1628 1673
3 1628 1674 1673
3 1628 1629 1674
3 1629 1630 1674
3 1674 1630 1675
3 1630 1631 1675
3 1675 1631 1676
3 1631 1632 1676
3 1676 1632 1677
3 1632 1633 1677
3 1677 1633 1678
3 1633 1634 1678
3 1678 1634 1679
3 1634 1635 1679
3 1679 1635 1680
3 1681 1682 1683
3 1681 1638 1682
3 1638 1684 1682
3 1638 1637 1684
3 1637 1685 1684
3 1637 1640 1685
3 1640 1686 1685
3 1640 1641 1686
3 1641 1687 1686
3 1641 1642 1687
3 1642 1688 1687
3 1642 1643 1688
3 1643 1689 1688
3 1643 1644 1689
3 1644 1690 1689
3 1644 1645 1690
3 1645 1691 1690
3 1645 1646 1691
3 1646 1692 1691
3 1646 1647 1692
3 1647 1693 1692
3 1647 1648 1693
3 1648 1694 1693
3 1648 1649 1694
3 1649 1650 1694
3 1694 1650 1695
3 1650 1651 1695
3 1695 1651 1696
3 1651 1697 1696
3 1651 1652 1697
3 1652 1698 1697
3 1652 1653 1698
3 1653 1699 1698
3 1653 1654 1699
3 1654 1700 1699
3 1654 1655 1700
3 1655 1656 1700
3 1700 1656 1701
3 1656 1702 1701
3 1656 1657 1702
3 1657 1703 1702
3 1657 1658 1703
3 1658 1704 1703
3 1658 1659 1704
3 1659 1705 1704
3 1659 1660 1705
3 1660 1661 1705
3 1705 1661 1706
3 1661 1662 1706
3 1706 1662 1707
3 1662 1663 1707
3 1707 1663 1708
3 1663 1664 1708
3 1708 1664 1709
3 1664 1710 1709
3 1664 1665 1710
3 1665 1666 1710
3 1710 1666 1711
3 1666 1667 1711
3 1711 1667 1712
3 1667 1668 1712
3 1712 1668 1713
3 1668 1669 1713
3 1713 1669 1714
3 1669 1670 1714
3 1714 1670 1715
3 1670 1671 1715
3 1715 1671 1716
3 1671 1672 1716
3 1716 1672 1717
3 1672 1673 1717
3 1717 1673 1718
3 1673 1674 1718
3 1718 1674 1719
3 1674 1675 1719
3 1719 1675 1720
3 1675 1676 1720
3 1720 1676 1721
3 1676 1677 1721
3 1721 1677 1722
3 1677 1678 1722
3 1722 1678 1723
3 1678 1679 1723
3 1723 1679 1724
3 1679 1680 1724
3 1725 1683 1726
3 1683 1682 1726
3 1726 1682 1727
3 1682 1728 1727
3 1682 1684 1728
3 1684 1729 1728
3 1684 1685 1729
3 1685 1686 1729
3 1729 1686 1730
3 1686 1687 1730
3 1730 1687 1731
3 1687 1732 1731
3 1687 1688 1732
3 1688 1733 1732
3 1688 1689 1733
3 1689 1734 1733
3 1689 1690 1734
3 1690 1735 1734
3 1690 1691 1735
3 1691 1692 1735
3 1735 1692 1736
3 1692 1693 1736
3 1736 1693 1737
3 1693 1694 1737
3 1737 1694 1738
3 1694 1695 1738
3 1738 1695 1739
3 1695 1696 1739
3 1739 1696 1740
3 1696 1697 1740
3 1740 1697 1741
3 1697 1698 1741
3 1741 1698 1742
3 1698 1699 1742
3 1742 1699 1743
3 1699 1700 1743
3 1743 1700 1744
3 1700 1701 1744
3 1744 1701 1745
3 1701 1702 1745
3 1745 1702 1746
3 1702 1747 1746
3 1702 1703 1747
3 1703 1704 1747
3 1747 1704 1748
3 1704 1705 1748
3 1748 1705 1749
3 1705 1706 1749
3 1749 1706 1750
3 1706 1707 1750
3 1750 1707 1751
3 1707 1708 1751
3 1751 1708 1752
3 1708 1709 1752
3 1752 1709 1753
3 1709 1710 1753
3 1753 1710 1754
3 1710 1711 1754
3 1754 1711 1755
3 1711 1712 1755
3 1755 1712 1756
3 1712 1713 1756
3 1756 1713 1757
3 1713 1714 1757
3 1757 1714 1758
3 1714 1715 1758
3 1758 1715 1759
3 1715 1716 1759
3 1759 1716 1760
3 1716 1717 1760
3 1760 1717 1761
3 1717 1718 1761
3 1761 1718 1762
3 1718 1719 1762
3 1762 1719 1763
3 1719 1720 1763
3 1763 1720 1764
3 1720 1721 1764
3 1764 1721 1765
3 1721 1722 1765
3 1765 1722 1766
3 1722 1723 1766
3 1766 1723 1767
3 1723 1724 1767
3 1767 1724 1768
3 1724 1769 1768
3 1770 1725 1771
3 1725 1726 1771
3 1771 1726 1772
3 1726 1727 1772
3 1772 1727 1773
3 1727 1728 1773
3 1773 1728 1774
3 1728 1729 1774
3 1774 1729 1775
3 1729 1730 1775
3 1775 1730 1776
3 1730 1731 1776
3 1776 1731 1777
3 1731 1732 1777
3 1777 1732 1778
3 1732 1733 1778
3 1778 1733 1779
3 1733 1734 1779
3 1779 1734 1780
3 1734 1735 1780
3 1780 1735 1781
3 1735 1736 1781
3 1781 1736 1782
3 1736 1737 1782
3 1782 1737 1783
3 1737 1738 1783
3 1783 1738 1784
3 1738 1739 1784
3 1784 1739 1785
3 1739 1740 1785
3 1785 1740 1786
3 1740 1741 1786
3 1786 1741 1787
3 1741 1742 1787
3 1787 1742 1788
3 1742 1743 1788
3 1788 1743 1789
3 1743 1744 1789
3 1789 1744 1790
3 1744 1745 1790
3 1790 1745 1791
3 1745 1746 1791
3 1791 1746 1792
3 1746 1747 1792
3 1792 1747 1793
3 1747 1748 1793
3 1793 1748 1794
3 1748 1749 1794
3 1794 1749 1795
3 1749 1750 1795
3 1795 1750 1796
3 1750 1751 1796
3 1796 1751 1797
3 1751 1752 1797
3 1797 1752 1798
3 1752 1753 1798
3 1798 1753 1799
3 1753 1754 1799
3 1799 1754 1800
3 1754 1755 1800
3 1800 1755 1801
3 1755 1756 1801
3 1801 1756 1802
3 1756 1757 1802
3 1802 1757 1803
3 1757 1758 1803
3 1803 1758 1804
3 1758 1759 1804
3 1804 1759 1805
3 1759 1760 1805
3 1805 1760 1806
3 1760 1761 1806
3 1806 1761 1807
3 1761 1762 1807
3 1807 1762 1808
3 1762 1763 1808
3 1808 1763 1809
3 1763 1764 1809
3 1809 1764 1810
3 1764 1765 1810
3 1810 1765 1811
3 1765 1766 1811
3 1811 1766 1812
3 1766 1767 1812
3 1812 1767 1813
3 1767 1768 1813
3 1813 1768 1814
3 1768 1815 1814
3 1816 1770 1817
3 1770 1771 1817
3 1817 1771 1818
3 1771 1772 1818
3 1818 1772 1819
3 1772 1773 1819
3 1819 1773 1820
3 1773 1774 1820
3 1820 1774 1821
3 1774 1775 1821
3 1821 1775 1822
3 1775 1776 1822
3 1822 1776 1823
3 1776 1777 1823
3 1823 1777 1824
3 1777 1778 1824
3 1824 1778 1825
3 1778 1779 1825
3 1825 1779 1826
3 1779 1780 1826
3 1826 1780 1827
3 1780 1781 1827
3 1827 1781 1828
3 1781 1782 1828
3 1828 1782 1829
3 1782 1783 1829
3 1829 1783 1830
3 1783 1784 1830
3 1830 1784 1831
3 1784 1785 1831
3 1831 1785 1832
3 1785 1786 1832
3 1832 1786 1833
3 1786 1787 1833
3 1833 1787 1834
3 1787 1788 1834
3 1834 1788 1835
3 1788 1789 1835
3 1835 1789 1836
3 1789 1790 1836
3 1836 1790 1837
3 1790 1791 1837
3 1837 1791 1838
3 1791 1792 1838
3 1838 1792 1839
3 1792 1793 1839
3 1839 1793 1840
3 1793 1794 1840
3 1840 1794 1841
3 1794 1795 1841
3 1841 1795 1842
3 1795 1796 1842
3 1842 1796 1843
3 1796 1797 1843
3 1843 1797 1844
3 1797 1798 1844
3 1844 1798 1845
3 1798 1799 1845
3 1845 1799 1846
3 1799 1800 1846
3 1846 1800 1847
3 1800 1801 1847
3 1847 1801 1848
3 1801 1802 1848
3 1848 1802 1849
3 1802 1803 1849
3 1849 1803 1850
3 1803 1804 1850
3 1850 1804 1851
3 1804 1805 1851
3 1851 1805 1852
3 1805 1806 1852
3 1852 1806 1853
3 1806 1807 1853
3 1853 1807 1854
3 1807 1808 1854
3 1854 1808 1855
3 1808 1809 1855
3 1855 1809 1856
3 1809 1810 1856
3 1856 1810 1857
3 1810 1811 1857
3 1857 1811 1858
3 1811 1812 1858
3 1858 1812 1859
3 1812 1813 1859
3 1859 1813 1860
3 1813 1814 1860
3 1860 1814 1861
3 1814 1862 1861
3 1863 1864 1865
3 1864 1816 1865
3 1865 1816 1866
3 1816 1817 1866
3 1866 1817 1867
3 1817 1818 1867
3 1867 1818 1868
3 1818 1819 1868
3 1868 1819 1869
3 1819 1820 1869
3 1869 1820 1870
3 1820 1821 1870
3 1870 1821 1871
3 1821 1822 1871
3 1871 1822 1872
3 1822 1823 1872
3 1872 1823 1873
3 1823 1824 1873
3 1873 1824 1874
3 1824 1825 1874
3 1874 1825 1875
3 1825 1826 1875
3 1875 1826 1876
3 1826 1827 1876
3 1876 1827 1877
3 1827 1828 1877
3 1877 1828 1878
3 1828 1829 1878
3 1878 1829 1879
3 1829 1830 1879
3 1879 1830 1880
3 1830 1831 1880
3 1880 1831 1881
3 1831 1832 1881
3 1881 1832 1882
3 1832 1833 1882
3 1882 1833 1883
3 1833 1834 1883
3 1883 1834 1884
3 1834 1835 1884
3 1884 1835 1885
3 1835 1836 1885
3 1885 1836 1886
3 1836 1837 1886
3 1886 1837 1887
3 1837 1838 1887
3 1887 1838 1888
3 1838 1839 1888
3 1888 1839 1889
3 1839 1840 1889
3 1889 1840 1890
3 1840 1841 1890
3 1890 1841 1891
3 1841 1842 1891
3 1891 1842 1892
3 1842 1843 1892
3 1892 1843 1893
3 1843 1844 1893
3 1893 1844 1894
3 1844 1845 1894
3 1894 1845 1895
3 1845 1846 1895
3 1895 1846 1896
3 1846 1847 1896
3 1896 1847 1897
3 1847 1848 1897
3 1897 1848 1898
3 1848 1849 1898
3 1898 1849 1899
3 1849 1850 1899
3 1899 1850 1900
3 1850 1851 1900
3 1900 1851 1901
3 1851 1852 1901
3 1901 1852 1902
3 1852 1853 1902
3 1902 1853 1903
3 1853 1854 1903
3 1903 1854 1904
3 1854 1855 1904
3 1904 1855 1905
3 1855 1856 1905
3 1905 1856 1906
3 1856 1857 1906
3 1906 1857 1907
3 1857 1858 1907
3 1907 1858 1908
3 1858 1859 1908
3 1908 1859 1909
3 1859 1860 1909
3 1909 1860 1910
3 1860 1861 1910
3 1910 1861 1911
3 1912 1863 1913
3 1863 1865 1913
3 1913 1865 1914
3 1865 1866 1914
3 1914 1866 1915
3 1866 1867 1915
3 1915 1867 1916
3 1867 1868 1916
3 1916 1868 1917
3 1868 1869 1917
3 1917 1869 1918
3 1869 1870 1918
3 1918 1870 1919
3 1870 1871 1919
3 1919 1871 1920
3 1871 1872 1920
3 1920 1872 1921
3 1872 1873 1921
3 1921 1873 1922
3 1873 1874 1922
3 1922 1874 1923
3 1874 1875 1923
3 1923 1875 1924
3 1875 1876 1924
3 1924 1876 1925
3 1876 1877 1925
3 1925 1877 1926
3 1877 1878 1926
3 1926 1878 1927
3 1878 1879 1927
3 1927 1879 1928
3 1879 1880 1928
3 1928 1880 1929
3 1880 1881 1929
3 1929 1881 1930
3 1881 1882 1930
3 1930 1882 1931
3 1882 1883 1931
3 1931 1883 1932
3 1883 1884 1932
3 1932 1884 1933
3 1884 1885 1933
3 1933 1885 1934
3 1885 1886 1934
3 1934 1886 1935
3 1886 1887 1935
3 1935 1887 1936
3 1887 1888 1936
3 1936 1888 1937
3 1888 1889 1937
3 1937 1889 1938
3 1889 1890 1938
3 1938 1890 1939
3 1890 1891 1939
3 1939 1891 1940
3 1891 1892 1940
3 1940 1892 1941
3 1892 1893 1941
3 1941 1893 1942
3 1893 1894 1942
3 1942 1894 1943
3 1894 1895 1943
3 1943 1895 1944
3 1895 1896 1944
3 1944 1896 1945
3 1896 1897 1945
3 1945 1897 1946
3 1897 1898 1946
3 1946 1898 1947
3 1898 1899 1947
3 1947 1899 1948
3 1899 1900 1948
3 1948 1900 1949
3 1900 1901 1949
3 1949 1901 1950
3 1901 1902 1950
3 1950 1902 1951
3 1902 1903 1951
3 1951 1903 1952
3 1903 1904 1952
3 1952 1904 1953
3 1904 1905 1953
3 1953 1905 1954
3 1905 1906 1954
3 1954 1906 1955
3 1906 1907 1955
3 1955 1907 1956
3 1907 1908 1956
3 1956 1908 1957
3 1908 1909 1957
3 1957 1909 1958
3 1909 1910 1958
3 1958 1910 1959
3 1910 1911 1959
3 1959 1911 1960
3 1961 1912 1962
3 1912 1913 1962
3 1962 1913 1963
3 1913 1914 1963
3 1963 1914 1964
3 1914 1915 1964
3 1964 1915 1965
3 1915 1916 1965
3 1965 1916 1966
3 1916 1917 1966
3 1966 1917 1967
3 1917 1918 1967
3 1967 1918 1968
3 1918 1919 1968
3 1968 1919 1969
3 1919 1970 1969
3 1919 1920 1970
3 1920 1971 1970
3 1920 1921 1971
3 1921 1922 1971
3 1971 1922 1972
3 1922 1923 1972
3 1972 1923 1973
3 1923 1974 1973
3 1923 1924 1974
3 1924 1975 1974
3 1924 1925 1975
3 1925 1926 1975
3 1975 1926 1976
3 1926 1977 1976
3 1926 1927 1977
3 1927 1928 1977
3 1977 1928 1978
3 1928 1929 1978
3 1978 1929 1979
3 1929 1930 1979
3 1979 1930 1980
3 1930 1931 1980
3 1980 1931 1981
3 1931 1932 1981
3 1981 1932 1982
3 1932 1933 1982
3 1982 1933 1983
3 1933 1984 1983
3 1933 1934 1984
3 1934 1935 1984
3 1984 1935 1985
3 1935 1936 1985
3 1985 1936 1986
3 1936 1937 1986
3 1986 1937 1987
3 1937 1938 1987
3 1987 1938 1988
3 1938 1939 1988
3 1988 1939 1989
3 1939 1940 1989
3 1989 1940 1990
3 1940 1941 1990
3 1990 1941 1991
3 1941 1942 1991
3 1991 1942 1992
3 1942 1943 1992
3 1992 1943 1993
3 1943 1944 1993
3 1993 1944 1994
3 1944 1995 1994
3 1944 1945 1995
3 1945 1996 1995
3 1945 1946 1996
3 1946 1997 1996
3 1946 1947 1997
3 1947 1948 1997
3 1997 1948 1998
3 1948 1949 1998
3 1998 1949 1999
3 1949 1950 1999
3 1999 1950 2000
3 1950 1951 2000
3 2000 1951 2001
3 1951 1952 2001
3 2001 1952 2002
3 1952 1953 2002
3 2002 1953 2003
3 1953 1954 2003
3 2003 1954 2004
3 1954 1955 2004
3 2004 1955 2005
3 1955 1956 2005
3 2005 1956 2006
3 1956 1957 2006
3 2006 1957 2007
3 1957 1958 2007
3 2007 1958 2008
3 1958 1959 2008
3 2008 1959 2009
3 1959 1960 2009
3 2009 1960 2010
3 2011 1961 2012
3 1961 1962 2012
3 2012 1962 2013
3 1962 1963 2013
3 2013 1963 2014
3 1963 1964 2014
3 2014 1964 2015
3 1964 1965 2015
3 2015 1965 2016
3 1965 1966 2016
3 2016 1966 2017
3 1966 1967 2017
3 2017 1967 2018
3 1967 1968 2018
3 2018 1968 2019
3 1968 1969 2019
3 2019 1969 2020
3 1969 2021 2020
3 1969 1970 2021
3 1970 2022 2021
3 1970 1971 2022
3 1971 1972 2022
3 2022 1972 2023
3 1972 2024 2023
3 1972 1973 2024
3 1973 2025 2024
3 1973 1974 2025
3 1974 2026 2025
3 1974 1975 2026
3 1975 2027 2026
3 1975 1976 2027
3 1976 2028 2027
3 1976 1977 2028
3 1977 2029 2028
3 1977 1978 2029
3 1978 2030 2029
3 1978 1979 2030
3 1979 1980 2030
3 2030 1980 2031
3 1980 1981 2031
3 2031 1981 2032
3 1981 1982 2032
3 2032 1982 2033
3 1982 2034 2033
3 1982 1983 2034
3 1983 2035 2034
3 1983 1984 2035
3 1984 2036 2035
3 1984 1985 2036
3 1985 1986 2036
3 2036 1986 2037
3 1986 1987 2037
3 2037 1987 2038
3 1987 1988 2038
3 2038 1988 2039
3 1988 2040 2039
3 1988 1989 2040
3 1989 1990 2040
3 2040 1990 2041
3 1990 1991 2041
3 2041 1991 2042
3 1991 1992 2042
3 2042 1992 2043
3 1992 1993 2043
3 2043 1993 2044
3 1993 2045 2044
3 1993 1994 2045
3 1994 2046 2045
3 1994 1995 2046
3 1995 2047 2046
3 1995 1996 2047
3 1996 2048 2047
3 1996 1997 2048
3 1997 2049 2048
3 1997 1998 2049
3 1998 2050 2049
3 1998 1999 2050
3 1999 2000 2050
3 2050 2000 2051
3 2000 2001 2051
3 2051 2001 2052
3 2001 2002 2052
3 2052 2002 2053
3 2002 2003 2053
3 2053 2003 2054
3 2003 2004 2054
3 2054 2004 2055
3 2004 2005 2055
3 2055 2005 2056
3 2005 2006 2056
3 2056 2006 2057
3 2006 2007 2057
3 2057 2007 2058
3 2007 2008 2058
3 2058 2008 2059
3 2008 2060 2059
3 2008 2009 2060
3 2009 2010 2060
3 2060 2010 2061
3 2062 2011 2063
3 2011 2012 2063
3 2063 2012 2064
3 2012 2013 2064
3 2064 2013 2065
3 2013 2014 2065
3 2065 2014 2066
3 2014 2015 2066
3 2066 2015 2067
3 2015 2016 2067
3 2067 2016 2068
3 2016 2017 2068
3 2068 2017 2069
3 2017 2018 2069
3 2069 2018 2070
3 2018 2019 2070
3 2070 2019 2071
3 2019 2020 2071
3 2071 2020 2072
3 2020 2073 2072
3 2020 2021 2073
3 2021 2074 2073
3 2021 2022 2074
3 2022 2023 2074
3 2074 2023 2075
3 2023 2076 2075
3 2023 2024 2076
3 2024 2077 2076
3 2024 2025 2077
3 2025 2078 2077
3 2025 2026 2078
3 2026 2079 2078
3 2026 2027 2079
3 2027 2080 2079
3 2027 2028 2080
3 2028 2081 2080
3 2028 2029 2081
3 2029 2082 2081
3 2029 2030 2082
3 2030 2083 2082
3 2030 2031 2083
3 2031 2032 2083
3 2083 2032 2084
3 2032 2033 2084
3 2084 2033 2085
3 2033 2086 2085
3 2033 2034 2086
3 2034 2087 2086
3 2034 2035 2087
3 2035 2088 2087
3 2035 2036 2088
3 2036 2037 2088
3 2088 2037 2089
3 2037 2038 2089
3 2089 2038 2090
3 2038 2091 2090
3 2038 2039 2091
3 2039 2092 2091
3 2039 2040 2092
3 2040 2041 2092
3 2092 2041 2093
3 2041 2042 2093
3 2093 2042 2094
3 2042 2043 2094
3 2094 2043 2095
3 2043 2044 2095
3 2095 2044 2096
3 2044 2097 2096
3 2044 2045 2097
3 2045 2098 2097
3 2045 2046 2098
3 2046 2099 2098
3 2046 2047 2099
3 2047 2100 2099
3 2047 2048 2100
3 2048 2101 2100
3 2048 2049 2101
3 2049 2102 2101
3 2049 2050 2102
3 2050 2103 2102
3 2050 2051 2103
3 2051 2104 2103
3 2051 2052 2104
3 2052 2105 2104
3 2052 2053 2105
3 2053 2054 2105
3 2105 2054 2106
3 2054 2107 2106
3 2054 2055 2107
3 2055 2108 2107
3 2055 2056 2108
3 2056 2057 2108
3 2108 2057 2109
3 2057 2058 2109
3 2109 2058 2110
3 2058 2111 2110
3 2058 2059 2111
3 2059 2112 2111
3 2059 2060 2112
3 2060 2061 2112
3 2112 2061 2113
3 2061 2114 2113
3 2113 2114 2115
3 2116 2117 2118
3 2116 2062 2117
3 2062 2063 2117
3 2117 2063 2119
3 2063 2064 2119
3 2119 2064 2120
3 2064 2065 2120
3 2120 2065 2121
3 2065 2066 2121
3 2121 2066 2122
3 2066 2067 2122
3 2122 2067 2123
3 2067 2068 2123
3 2123 2068 2124
3 2068 2069 2124
3 2124 2069 2125
3 2069 2070 2125
3 2125 2070 2126
3 2070 2071 2126
3 2126 2071 2127
3 2071 2128 2127
3 2071 2072 2128
3 2072 2129 2128
3 2072 2073 2129
3 2073 2130 2129
3 2073 2074 2130
3 2074 2131 2130
3 2074 2075 2131
3 2075 2132 2131
3 2075 2076 2132
3 2076 2133 2132
3 2076 2077 2133
3 2077 2134 2133
3 2077 2078 2134
3 2078 2135 2134
3 2078 2079 2135
3 2079 2136 2135
3 2079 2080 2136
3 2080 2137 2136
3 2080 2081 2137
3 2081 2138 2137
3 2081 2082 2138
3 2082 2139 2138
3 2082 2083 2139
3 2083 2140 2139
3 2083 2084 2140
3 2084 2141 2140
3 2084 2085 2141
3 2085 2142 2141
3 2085 2086 2142
3 2086 2143 2142
3 2086 2087 2143
3 2087 2144 2143
3 2087 2088 2144
3 2088 2145 2144
3 2088 2089 2145
3 2089 2146 2145
3 2089 2090 2146
3 2090 2147 2146
3 2090 2091 2147
3 2091 2148 2147
3 2091 2092 2148
3 2092 2149 2148
3 2092 2093 2149
3 2093 2094 2149
3 2149 2094 2150
3 2094 2151 2150
3 2094 2095 2151
3 2095 2096 2151
3 2151 2096 2152
3 2096 2153 2152
3 2096 2097 2153
3 2097 2154 2153
3 2097 2098 2154
3 2098 2155 2154
3 2098 2099 2155
3 2099 2156 2155
3 2099 2100 2156
3 2100 2157 2156
3 2100 2101 2157
3 2101 2158 2157
3 2101 2102 2158
3 2102 2159 2158
3 2102 2103 2159
3 2103 2160 2159
3 2103 2104 2160
3 2104 2161 2160
3 2104 2105 2161
3 2105 2162 2161
3 2105 2106 2162
3 2106 2163 2162
3 2106 2107 2163
3 2107 2164 2163
3 2107 2108 2164
3 2108 2109 2164
3 2164 2109 2165
3 2109 2110 2165
3 2165 2110 2166
3 2110 2167 2166
3 2110 2111 2167
3 2111 2168 2167
3 2111 2112 2168
3 2112 2169 2168
3 2112 2113 2169
3 2113 2170 2169
3 2113 2115 2170
3 2171 2172 2173
3 2171 2174 2172
3 2174 2175 2172
3 2174 2176 2175
3 2176 2177 2175
3 2176 2178 2177
3 2178 2179 2177
3 2178 2180 2179
3 2180 2181 2179
3 2180 2182 2181
3 2182 2183 2181
3 2182 2184 2183
3 2184 2185 2183
3 2184 2118 2185
3 2118 2186 2185
3 2118 2117 2186
3 2117 2119 2186
3 2186 2119 2187
3 2119 2120 2187
3 2187 2120 2188
3 2120 2121 2188
3 2188 2121 2189
3 2121 2122 2189
3 2189 2122 2190
3 2122 2123 2190
3 2190 2123 2191
3 2123 2124 2191
3 2191 2124 2192
3 2124 2125 2192
3 2192 2125 2193
3 2125 2126 2193
3 2193 2126 2194
3 2126 2127 2194
3 2194 2127 2195
3 2127 2196 2195
3 2127 2128 2196
3 2128 2197 2196
3 2128 2129 2197
3 2129 2198 2197
3 2129 2130 2198
3 2130 2199 2198
3 2130 2131 2199
3 2131 2200 2199
3 2131 2132 2200
3 2132 2201 2200
3 2132 2133 2201
3 2133 2202 2201
3 2133 2134 2202
3 2134 2203 2202
3 2134 2135 2203
3 2135 2204 2203
3 2135 2136 2204
3 2136 2205 2204
3 2136 2137 2205
3 2137 2206 2205
3 2137 2138 2206
3 2138 2207 2206
3 2138 2139 2207
3 2139 2208 2207
3 2139 2140 2208
3 2140 2209 2208
3 2140 2141 2209
3 2141 2210 2209
3 2141 2142 2210
3 2142 2211 2210
3 2142 2143 2211
3 2143 2212 2211
3 2143 2144 2212
3 2144 2213 2212
3 2144 2145 2213
3 2145 2214 2213
3 2145 2146 2214
3 2146 2215 2214
3 2146 2147 2215
3 2147 2216 2215
3 2147 2148 2216
3 2148 2217 2216
3 2148 2149 2217
3 2149 2218 2217
3 2149 2150 2218
3 2150 2219 2218
3 2150 2151 2219
3 2151 2220 2219
3 2151 2152 2220
3 2152 2221 2220
3 2152 2153 2221
3 2153 2222 2221
3 2153 2154 2222
3 2154 2223 2222
3 2154 2155 2223
3 2155 2224 2223
3 2155 2156 2224
3 2156 2225 2224
3 2156 2157 2225
3 2157 2226 2225
3 2157 2158 2226
3 2158 2227 2226
3 2158 2159 2227
3 2159 2228 2227
3 2159 2160 2228
3 2160 2229 2228
3 2160 2161 2229
3 2161 2230 2229
3 2161 2162 2230
3 2162 2231 2230
3 2162 2163 2231
3 2163 2232 2231
3 2163 2164 2232
3 2164 2233 2232
3 2164 2165 2233
3 2165 2166 2233
3 2233 2166 2234
3 2166 2235 2234
3 2166 2167 2235
3 2167 2236 2235
3 2167 2168 2236
3 2168 2237 2236
3 2168 2169 2237
3 2169 2238 2237
3 2169 2170 2238
3 2170 2239 2238
3 2240 2241 2242
3 2240 2173 2241
3 2173 2243 2241
3 2173 2172 2243
3 2172 2244 2243
3 2172 2175 2244
3 2175 2245 2244
3 2175 2177 2245
3 2177 2246 2245
3 2177 2179 2246
3 2179 2247 2246
3 2179 2181 2247
3 2181 2248 2247
3 2181 2183 2248
3 2183 2249 2248
3 2183 2185 2249
3 2185 2250 2249
3 2185 2186 2250
3 2186 2187 2250
3 2250 2187 2251
3 2187 2188 2251
3 2251 2188 2252
3 2188 2189 2252
3 2252 2189 2253
3 2189 2190 2253
3 2253 2190 2254
3 2190 2191 2254
3 2254 2191 2255
3 2191 2192 2255
3 2255 2192 2256
3 2192 2193 2256
3 2256 2193 2257
3 2193 2194 2257
3 2257 2194 2258
3 2194 2195 2258
3 2258 2195 2259
3 2195 2260 2259
3 2195 2196 2260
3 2196 2261 2260
3 2196 2197 2261
3 2197 2262 2261
3 2197 2198 2262
3 2198 2263 2262
3 2198 2199 2263
3 2199 2264 2263
3 2199 2200 2264
3 2200 2265 2264
3 2200 2201 2265
3 2201 2266 2265
3 2201 2202 2266
3 2202 2267 2266
3 2202 2203 2267
3 2203 2268 2267
3 2203 2204 2268
3 2204 2269 2268
3 2204 2205 2269
3 2205 2270 2269
3 2205 2206 2270
3 2206 2271 2270
3 2206 2207 2271
3 2207 2272 2271
3 2207 2208 2272
3 2208 2273 2272
3 2208 2209 2273
3 2209 2274 2273
3 2209 2210 2274
3 2210 2275 2274
3 2210 2211 2275
3 2211 2276 2275
3 2211 2212 2276
3 2212 2277 2276
3 2212 2213 2277
3 2213 2278 2277
3 2213 2214 2278
3 2214 2279 2278
3 2214 2215 2279
3 2215 2280 2279
3 2215 2216 2280
3 2216 2281 2280
3 2216 2217 2281
3 2217 2282 2281
3 2217 2218 2282
3 2218 2283 2282
3 2218 2219 2283
3 2219 2220 2283
3 2283 2220 2284
3 2220 2285 2284
3 2220 2221 2285
3 2221 2286 2285
3 2221 2222 2286
3 2222 2287 2286
3 2222 2223 2287
3 2223 2288 2287
3 2223 2224 2288
3 2224 2289 2288
3 2224 2225 2289
3 2225 2290 2289
3 2225 2226 2290
3 2226 2291 2290
3 2226 2227 2291
3 2227 2292 2291
3 2227 2228 2292
3 2228 2293 2292
3 2228 2229 2293
3 2229 2294 2293
3 2229 2230 2294
3 2230 2295 2294
3 2230 2231 2295
3 2231 2296 2295
3 2231 2232 2296
3 2232 2233 2296
3 2296 2233 2297
3 2233 2234 2297
3 2297 2234 2298
3 2234 2299 2298
3 2234 2235 2299
3 2235 2300 2299
3 2235 2236 2300
3 2236 2301 2300
3 2236 2237 2301
3 2237 2302 2301
3 2237 2238 2302
3 2238 2303 2302
3 2238 2239 2303
3 2304 2305 2306
3 2304 2307 2305
3 2307 2308 2305
3 2307 2242 2308
3 2242 2309 2308
3 2242 2241 2309
3 2241 2310 2309
3 2241 2243 2310
3 2243 2311 2310
3 2243 2244 2311
3 2244 2312 2311
3 2244 2245 2312
3 2245 2313 2312
3 2245 2246 2313
3 2246 2314 2313
3 2246 2247 2314
3 2247 2315 2314
3 2247 2248 2315
3 2248 2316 2315
3 2248 2249 2316
3 2249 2250 2316
3 2316 2250 2317
3 2250 2251 2317
3 2317 2251 2318
3 2251 2252 2318
3 2318 2252 2319
3 2252 2253 2319
3 2319 2253 2320
3 2253 2254 2320
3 2320 2254 2321
3 2254 2255 2321
3 2321 2255 2322
3 2255 2256 2322
3 2322 2256 2323
3 2256 2257 2323
3 2323 2257 2324
3 2257 2258 2324
3 2324 2258 2325
3 2258 2259 2325
3 2325 2259 2326
3 2259 2260 2326
3 2326 2260 2327
3 2260 2328 2327
3 2260 2261 2328
3 2261 2329 2328
3 2261 2262 2329
3 2262 2263 2329
3 2329 2263 2330
3 2263 2331 2330
3 2263 2264 2331
3 2264 2332 2331
3 2264 2265 2332
3 2265 2333 2332
3 2265 2266 2333
3 2266 2334 2333
3 2266 2267 2334
3 2267 2335 2334
3 2267 2268 2335
3 2268 2336 2335
3 2268 2269 2336
3 2269 2337 2336
3 2269 2270 2337
3 2270 2338 2337
3 2270 2271 2338
3 2271 2339 2338
3 2271 2272 2339
3 2272 2340 2339
3 2272 2273 2340
3 2273 2341 2340
3 2273 2274 2341
3 2274 2342 2341
3 2274 2275 2342
3 2275 2343 2342
3 2275 2276 2343
3 2276 2344 2343
3 2276 2277 2344
3 2277 2345 2344
3 2277 2278 2345
3 2278 2346 2345
3 2278 2279 2346
3 2279 2347 2346
3 2279 2280 2347
3 2280 2348 2347
3 2280 2281 2348
3 2281 2349 2348
3 2281 2282 2349
3 2282 2350 2349
3 2282 2283 2350
3 2283 2284 2350
3 2350 2284 2351
3 2284 2285 2351
3 2351 2285 2352
3 2285 2353 2352
3 2285 2286 2353
3 2286 2354 2353
3 2286 2287 2354
3 2287 2355 2354
3 2287 2288 2355
3 2288 2289 2355
3 2355 2289 2356
3 2289 2357 2356
3 2289 2290 2357
3 2290 2358 2357
3 2290 2291 2358
3 2291 2359 2358
3 2291 2292 2359
3 2292 2293 2359
3 2359 2293 2360
3 2293 2294 2360
3 2360 2294 2361
3 2294 2295 2361
3 2361 2295 2362
3 2295 2363 2362
3 2295 2296 2363
3 2296 2297 2363
3 2363 2297 2364
3 2297 2298 2364
3 2364 2298 2365
3 2298 2299 2365
3 2365 2299 2366
3 2299 2367 2366
3 2299 2300 2367
3 2300 2301 2367
3 2367 2301 2368
3 2301 2302 2368
3 2368 2302 2369
3 2302 2303 2369
3 2369 2303 2370
3 2303 2371 2370
3 2370 2371 2372
3 2373 2374 2375
3 2376 2377 2374
3 2376 2306 2377
3 2306 2378 2377
3 2306 2305 2378
3 2305 2379 2378
3 2305 2308 2379
3 2308 2380 2379
3 2308 2309 2380
3 2309 2381 2380
3 2309 2310 2381
3 2310 2382 2381
3 2310 2311 2382
3 2311 2383 2382
3 2311 2312 2383
3 2312 2384 2383
3 2312 2313 2384
3 2313 2385 2384
3 2313 2314 2385
3 2314 2386 2385
3 2314 2315 2386
3 2315 2387 2386
3 2315 2316 2387
3 2316 2317 2387
3 2387 2317 2388
3 2317 2318 2388
3 2388 2318 2389
3 2318 2319 2389
3 2389 2319 2390
3 2319 2320 2390
3 2390 2320 2391
3 2320 2321 2391
3 2391 2321 2392
3 2321 2322 2392
3 2392 2322 2393
3 2322 2323 2393
3 2393 2323 2394
3 2323 2324 2394
3 2394 2324 2395
3 2324 2325 2395
3 2395 2325 2396
3 2325 2326 2396
3 2396 2326 2397
3 2326 2327 2397
3 2397 2327 2398
3 2327 2399 2398
3 2327 2328 2399
3 2328 2400 2399
3 2328 2329 2400
3 2329 2401 2400
3 2329 2330 2401
3 2330 2402 2401
3 2330 2331 2402
3 2331 2403 2402
3 2331 2332 2403
3 2332 2404 2403
3 2332 2333 2404
3 2333 2405 2404
3 2333 2334 2405
3 2334 2406 2405
3 2334 2335 2406
3 2335 2407 2406
3 2335 2336 2407
3 2336 2408 2407
3 2336 2337 2408
3 2337 2409 2408
3 2337 2338 2409
3 2338 2339 2409
3 2409 2339 2410
3 2339 2411 2410
3 2339 2340 2411
3 2340 2412 2411
3 2340 2341 2412
3 2341 2413 2412
3 2341 2342 2413
3 2342 2414 2413
3 2342 2343 2414
3 2343 2415 2414
3 2343 2344 2415
3 2344 2416 2415
3 2344 2345 2416
3 2345 2417 2416
3 2345 2346 2417
3 2346 2418 2417
3 2346 2347 2418
3 2347 2419 2418
3 2347 2348 2419
3 2348 2420 2419
3 2348 2349 2420
3 2349 2421 2420
3 2349 2350 2421
3 2350 2351 2421
3 2421 2351 2422
3 2351 2352 2422
3 2422 2352 2423
3 2352 2424 2423
3 2352 2353 2424
3 2353 2425 2424
3 2353 2354 2425
3 2354 2426 2425
3 2354 2355 2426
3 2355 2427 2426
3 2355 2356 2427
3 2356 2428 2427
3 2356 2357 2428
3 2357 2429 2428
3 2357 2358 2429
3 2358 2430 2429
3 2358 2359 2430
3 2359 2360 2430
3 2430 2360 2431
3 2360 2361 2431
3 2431 2361 2432
3 2361 2362 2432
3 2432 2362 2433
3 2362 2363 2433
3 2433 2363 2434
3 2363 2364 2434
3 2434 2364 2435
3 2364 2365 2435
3 2435 2365 2436
3 2365 2366 2436
3 2436 2366 2437
3 2366 2438 2437
3 2366 2367 2438
3 2367 2368 2438
3 2438 2368 2439
3 2368 2369 2439
3 2439 2369 2440
3 2369 2370 2440
3 2440 2370 2441
3 2370 2372 2441
3 2441 2372 2442
3 2443 2444 2445
3 2443 2375 2444
3 2375 2446 2444
3 2375 2374 2446
3 2374 2447 2446
3 2374 2377 2447
3 2377 2448 2447
3 2377 2378 2448
3 2378 2449 2448
3 2378 2379 2449
3 2379 2450 2449
3 2379 2380 2450
3 2380 2451 2450
3 2380 2381 2451
3 2381 2452 2451
3 2381 2382 2452
3 2382 2453 2452
3 2382 2383 2453
3 2383 2454 2453
3 2383 2384 2454
3 2384 2455 2454
3 2384 2385 2455
3 2385 2456 2455
3 2385 2386 2456
3 2386 2457 2456
3 2386 2387 2457
3 2387 2388 2457
3 2457 2388 2458
3 2388 2389 2458
3 2458 2389 2459
3 2389 2390 2459
3 2459 2390 2460
3 2390 2391 2460
3 2460 2391 2461
3 2391 2392 2461
3 2461 2392 2462
3 2392 2393 2462
3 2462 2393 2463
3 2393 2394 2463
3 2463 2394 2464
3 2394 2395 2464
3 2464 2395 2465
3 2395 2396 2465
3 2465 2396 2466
3 2396 2397 2466
3 2466 2397 2467
3 2397 2398 2467
3 2467 2398 2468
3 2398 2469 2468
3 2398 2399 2469
3 2399 2470 2469
3 2399 2400 2470
3 2400 2471 2470
3 2400 2401 2471
3 2401 2472 2471
3 2401 2402 2472
3 2402 2473 2472
3 2402 2403 2473
3 2403 2474 2473
3 2403 2404 2474
3 2404 2475 2474
3 2404 2405 2475
3 2405 2476 2475
3 2405 2406 2476
3 2406 2477 2476
3 2406 2407 2477
3 2407 2478 2477
3 2407 2408 2478
3 2408 2479 2478
3 2408 2409 2479
3 2409 2410 2479
3 2479 2410 2480
3 2410 2481 2480
3 2410 2411 2481
3 2411 2482 2481
3 2411 2412 2482
3 2412 2483 2482
3 2412 2413 2483
3 2413 2484 2483
3 2413 2414 2484
3 2414 2485 2484
3 2414 2415 2485
3 2415 2486 2485
3 2415 2416 2486
3 2416 2487 2486
3 2416 2417 2487
3 2417 2488 2487
3 2417 2418 2488
3 2418 2489 2488
3 2418 2419 2489
3 2419 2490 2489
3 2419 2420 2490
3 2420 2491 2490
3 2420 2421 2491
3 2421 2492 2491
3 2421 2422 2492
3 2422 2423 2492
3 2492 2423 2493
3 2423 2494 2493
3 2423 2424 2494
3 2424 2495 2494
3 2424 2425 2495
3 2425 2496 2495
3 2425 2426 2496
3 2426 2497 2496
3 2426 2427 2497
3 2427 2498 2497
3 2427 2428 2498
3 2428 2499 2498
3 2428 2429 2499
3 2429 2500 2499
3 2429 2430 2500
3 2430 2501 2500
3 2430 2431 2501
3 2431 2502 2501
3 2431 2432 2502
3 2432 2503 2502
3 2432 2433 2503
3 2433 2504 2503
3 2433 2434 2504
3 2434 2435 2504
3 2504 2435 2505
3 2435 2436 2505
3 2505 2436 2506
3 2436 2437 2506
3 2506 2437 2507
3 2437 2508 2507
3 2437 2438 2508
3 2438 2509 2508
3 2438 2439 2509
3 2439 2510 2509
3 2439 2440 2510
3 2440 2511 2510
3 2440 2441 2511
3 2441 2442 2511
3 2511 2442 2512
3 2442 2513 2512
3 2514 2515 1206
3 2514 2445 2515
3 2445 2516 2515
3 2445 2444 2516
3 2444 2517 2516
3 2444 2446 2517
3 2446 2518 2517
3 2446 2447 2518
3 2447 2519 2518
3 2447 2448 2519
3 2448 2520 2519
3 2448 2449 2520
3 2449 2521 2520
3 2449 2450 2521
3 2450 2522 2521
3 2450 2451 2522
3 2451 2523 2522
3 2451 2452 2523
3 2452 2524 2523
3 2452 2453 2524
3 2453 2525 2524
3 2453 2454 2525
3 2454 2526 2525
3 2454 2455 2526
3 2455 2527 2526
3 2455 2456 2527
3 2456 2528 2527
3 2456 2457 2528
3 2457 2529 2528
3 2457 2458 2529
3 2458 2459 2529
3 2529 2459 2530
3 2459 2460 2530
3 2530 2460 2531
3 2460 2461 2531
3 2531 2461 2532
3 2461 2462 2532
3 2532 2462 2533
3 2462 2463 2533
3 2533 2463 2534
3 2463 2464 2534
3 2534 2464 2535
3 2464 2465 2535
3 2535 2465 2536
3 2465 2466 2536
3 2536 2466 2537
3 2466 2467 2537
3 2537 2467 2538
3 2467 2539 2538
3 2467 2468 2539
3 2468 2540 2539
3 2468 2469 2540
3 2469 2541 2540
3 2469 2470 2541
3 2470 2542 2541
3 2470 2471 2542
3 2471 2543 2542
3 2471 2472 2543
3 2472 2544 2543
3 2472 2473 2544
3 2473 2545 2544
3 2473 2474 2545
3 2474 2546 2545
3 2474 2475 2546
3 2475 2547 2546
3 2475 2476 2547
3 2476 2548 2547
3 2476 2477 2548
3 2477 2549 2548
3 2477 2478 2549
3 2478 2550 2549
3 2478 2479 2550
3 2479 2551 2550
3 2479 2480 2551
3 2480 2552 2551
3 2480 2481 2552
3 2481 2553 2552
3 2481 2482 2553
3 2482 2554 2553
3 2482 2483 2554
3 2483 2555 2554
3 2483 2484 2555
3 2484 2556 2555
3 2484 2485 2556
3 2485 2557 2556
3 2485 2486 2557
3 2486 2558 2557
3 2486 2487 2558
3 2487 2559 2558
3 2487 2488 2559
3 2488 2560 2559
3 2488 2489 2560
3 2489 2561 2560
3 2489 2490 2561
3 2490 2562 2561
3 2490 2491 2562
3 2491 2563 2562
3 2491 2492 2563
3 2492 2564 2563
3 2492 2493 2564
3 2493 2565 2564
3 2493 2494 2565
3 2494 2566 2565
3 2494 2495 2566
3 2495 2567 2566
3 2495 2496 2567
3 2496 2568 2567
3 2496 2497 2568
3 2497 2569 2568
3 2497 2498 2569
3 2498 2570 2569
3 2498 2499 2570
3 2499 2571 2570
3 2499 2500 2571
3 2500 2572 2571
3 2500 2501 2572
3 2501 2573 2572
3 2501 2502 2573
3 2502 2574 2573
3 2502 2503 2574
3 2503 2575 2574
3 2503 2504 2575
3 2504 2505 2575
3 2575 2505 2576
3 2505 2506 2576
3 2576 2506 2577
3 2506 2507 2577
3 2577 2507 2578
3 2507 2579 2578
3 2507 2508 2579
3 2508 2580 2579
3 2508 2509 2580
3 2509 2581 2580
3 2509 2510 2581
3 2510 2582 2581
3 2510 2511 2582
3 2511 2583 2582
3 2511 2512 2583
3 2512 2584 2583
3 2512 2513 2584
3 2513 2585 2584
3 1206 2586 1205
3 1206 2515 2586
3 2515 2587 2586
3 2515 2516 2587
3 2516 2588 2587
3 2516 2517 2588
3 2517 2589 2588
3 2517 2518 2589
3 2518 2590 2589
3 2518 2519 2590
3 2519 2591 2590
3 2519 2520 2591
3 2520 2592 2591
3 2520 2521 2592
3 2521 2593 2592
3 2521 2522 2593
3 2522 2594 2593
3 2522 2523 2594
3 2523 2595 2594
3 2523 2524 2595
3 2524 2596 2595
3 2524 2525 2596
3 2525 2597 2596
3 2525 2526 2597
3 2526 2598 2597
3 2526 2527 2598
3 2527 2599 2598
3 2527 2528 2599
3 2528 2600 2599
3 2528 2529 2600
3 2529 2530 2600
3 2600 2530 2601
3 2530 2531 2601
3 2601 2531 2602
3 2531 2532 2602
3 2602 2532 2603
3 2532 2533 2603
3 2603 2533 2604
3 2533 2534 2604
3 2604 2534 2605
3 2534 2535 2605
3 2605 2535 2606
3 2535 2536 2606
3 2606 2536 2607
3 2536 2537 2607
3 2607 2537 2608
3 2537 2538 2608
3 2608 2538 2609
3 2538 2610 2609
3 2538 2539 2610
3 2539 2611 2610
3 2539 2540 2611
3 2540 2612 2611
3 2540 2541 2612
3 2541 2613 2612
3 2541 2542 2613
3 2542 2614 2613
3 2542 2543 2614
3 2543 2615 2614
3 2543 2544 2615
3 2544 2616 2615
3 2544 2545 2616
3 2545 2617 2616
3 2545 2546 2617
3 2546 2618 2617
3 2546 2547 2618
3 2547 2619 2618
3 2547 2548 2619
3 2548 2620 2619
3 2548 2549 2620
3 2549 2621 2620
3 2549 2550 2621
3 2550 2551 2621
3 2621 2551 2622
3 2551 2552 2622
3 2622 2552 2623
3 2552 2624 2623
3 2552 2553 2624
3 2553 2625 2624
3 2553 2554 2625
3 2554 2626 2625
3 2554 2555 2626
3 2555 2627 2626
3 2555 2556 2627
3 2556 2557 2627
3 2627 2557 2628
3 2557 2629 2628
3 2557 2558 2629
3 2558 2630 2629
3 2558 2559 2630
3 2559 2631 2630
3 2559 2560 2631
3 2560 2632 2631
3 2560 2561 2632
3 2561 2633 2632
3 2561 2562 2633
3 2562 2634 2633
3 2562 2563 2634
3 2563 2635 2634
3 2563 2564 2635
3 2564 2636 2635
3 2564 2565 2636
3 2565 2637 2636
3 2565 2566 2637
3 2566 2638 2637
3 2566 2567 2638
3 2567 2639 2638
3 2567 2568 2639
3 2568 2640 2639
3 2568 2569 2640
3 2569 2641 2640
3 2569 2570 2641
3 2570 2642 2641
3 2570 2571 2642
3 2571 2643 2642
3 2571 2572 2643
3 2572 2644 2643
3 2572 2573 2644
3 2573 2645 2644
3 2573 2574 2645
3 2574 2646 2645
3 2574 2575 2646
3 2575 2576 2646
3 2646 2576 2647
3 2576 2577 2647
3 2647 2577 2648
3 2577 2578 2648
3 2648 2578 2649
3 2578 2650 2649
3 2578 2579 2650
3 2579 2651 2650
3 2579 2580 2651
3 2580 2652 2651
3 2580 2581 2652
3 2581 2653 2652
3 2581 2582 2653
3 2582 2654 2653
3 2582 2583 2654
3 2583 2655 2654
3 2583 2584 2655
3 2584 2656 2655
3 2584 2585 2656
3 1205 2657 1204
3 1205 2586 2657
3 2586 2658 2657
3 2586 2587 2658
3 2587 2659 2658
3 2587 2588 2659
3 2588 2660 2659
3 2588 2589 2660
3 2589 2661 2660
3 2589 2590 2661
3 2590 2662 2661
3 2590 2591 2662
3 2591 2663 2662
3 2591 2592 2663
3 2592 2664 2663
3 2592 2593 2664
3 2593 2665 2664
3 2593 2594 2665
3 2594 2666 2665
3 2594 2595 2666
3 2595 2667 2666
3 2595 2596 2667
3 2596 2668 2667
3 2596 2597 2668
3 2597 2669 2668
3 2597 2598 2669
3 2598 2670 2669
3 2598 2599 2670
3 2599 2600 2670
3 2670 2600 2671
3 2600 2601 2671
3 2671 2601 2672
3 2601 2602 2672
3 2672 2602 2673
3 2602 2603 2673
3 2673 2603 2674
3 2603 2604 2674
3 2674 2604 2675
3 2604 2605 2675
3 2675 2605 2676
3 2605 2606 2676
3 2676 2606 2677
3 2606 2607 2677
3 2677 2607 2678
3 2607 2608 2678
3 2678 2608 2679
3 2608 2609 2679
3 2679 2609 2680
3 2609 2681 2680
3 2609 2610 2681
3 2610 2682 2681
3 2610 2611 2682
3 2611 2683 2682
3 2611 2612 2683
3 2612 2684 2683
3 2612 2613 2684
3 2613 2685 2684
3 2613 2614 2685
3 2614 2686 2685
3 2614 2615 2686
3 2615 2687 2686
3 2615 2616 2687
3 2616 2688 2687
3 2616 2617 2688
3 2617 2689 2688
3 2617 2618 2689
3 2618 2690 2689
3 2618 2619 2690
3 2619 2691 2690
3 2619 2620 2691
3 2620 2692 2691
3 2620 2621 2692
3 2621 2622 2692
3 2692 2622 2693
3 2622 2623 2693
3 2693 2623 2694
3 2623 2695 2694
3 2623 2624 2695
3 2624 2696 2695
3 2624 2625 2696
3 2625 2697 2696
3 2625 2626 2697
3 2626 2698 2697
3 2626 2627 2698
3 2627 2628 2698
3 2698 2628 2699
3 2628 2700 2699
3 2628 2629 2700
3 2629 2701 2700
3 2629 2630 2701
3 2630 2702 2701
3 2630 2631 2702
3 2631 2703 2702
3 2631 2632 2703
3 2632 2704 2703
3 2632 2633 2704
3 2633 2705 2704
3 2633 2634 2705
3 2634 2706 2705
3 2634 2635 2706
3 2635 2707 2706
3 2635 2636 2707
3 2636 2708 2707
3 2636 2637 2708
3 2637 2709 2708
3 2637 2638 2709
3 2638 2639 2709
3 2709 2639 2710
3 2639 2711 2710
3 2639 2640 2711
3 2640 2641 2711
3 2711 2641 2712
3 2641 2713 2712
3 2641 2642 2713
3 2642 2714 2713
3 2642 2643 2714
3 2643 2715 2714
3 2643 2644 2715
3 2644 2716 2715
3 2644 2645 2716
3 2645 2717 2716
3 2645 2646 2717
3 2646 2647 2717
3 2717 2647 2718
3 2647 2648 2718
3 2718 2648 2719
3 2648 2649 2719
3 2719 2649 2720
3 2649 2650 2720
3 2720 2650 2721
3 2650 2651 2721
3 2721 2651 2722
3 2651 2723 2722
3 2651 2652 2723
3 2652 2724 2723
3 2652 2653 2724
3 2653 2725 2724
3 2653 2654 2725
3 2654 2726 2725
3 2654 2655 2726
3 2655 2727 2726
3 2655 2656 2727
3 2656 2728 2727
3 1204 2729 1203
3 1204 2657 2729
3 2657 2730 2729
3 2657 2658 2730
3 2658 2731 2730
3 2658 2659 2731
3 2659 2732 2731
3 2659 2660 2732
3 2660 2733 2732
3 2660 2661 2733
3 2661 2734 2733
3 2661 2662 2734
3 2662 2735 2734
3 2662 2663 2735
3 2663 2736 2735
3 2663 2664 2736
3 2664 2737 2736
3 2664 2665 2737
3 2665 2738 2737
3 2665 2666 2738
3 2666 2739 2738
3 2666 2667 2739
3 2667 2740 2739
3 2667 2668 2740
3 2668 2741 2740
3 2668 2669 2741
3 2669 2742 2741
3 2669 2670 2742
3 2670 2671 2742
3 2742 2671 2743
3 2671 2672 2743
3 2743 2672 2744
3 2672 2673 2744
3 2744 2673 2745
3 2673 2674 2745
3 2745 2674 2746
3 2674 2675 2746
3 2746 2675 2747
3 2675 2676 2747
3 2747 2676 2748
3 2676 2677 2748
3 2748 2677 2749
3 2677 2678 2749
3 2749 2678 2750
3 2678 2679 2750
3 2750 2679 2751
3 2679 2680 2751
3 2751 2680 2752
3 2680 2681 2752
3 2752 2681 2753
3 2681 2754 2753
3 2681 2682 2754
3 2682 2755 2754
3 2682 2683 2755
3 2683 2756 2755
3 2683 2684 2756
3 2684 2757 2756
3 2684 2685 2757
3 2685 2758 2757
3 2685 2686 2758
3 2686 2759 2758
3 2686 2687 2759
3 2687 2760 2759
3 2687 2688 2760
3 2688 2761 2760
3 2688 2689 2761
3 2689 2762 2761
3 2689 2690 2762
3 2690 2763 2762
3 2690 2691 2763
3 2691 2692 2763
3 2763 2692 2764
3 2692 2693 2764
3 2764 2693 2765
3 2693 2694 2765
3 2765 2694 2766
3 2694 2767 2766
3 2694 2695 2767
3 2695 2768 2767
3 2695 2696 2768
3 2696 2769 2768
3 2696 2697 2769
3 2697 2698 2769
3 2769 2698 2770
3 2698 2699 2770
3 2770 2699 2771
3 2699 2772 2771
3 2699 2700 2772
3 2700 2773 2772
3 2700 2701 2773
3 2701 2774 2773
3 2701 2702 2774
3 2702 2775 2774
3 2702 2703 2775
3 2703 2776 2775
3 2703 2704 2776
3 2704 2705 2776
3 2776 2705 2777
3 2705 2706 2777
3 2777 2706 2778
3 2706 2779 2778
3 2706 2707 2779
3 2707 2780 2779
3 2707 2708 2780
3 2708 2781 2780
3 2708 2709 2781
3 2709 2782 2781
3 2709 2710 2782
3 2710 2783 2782
3 2710 2711 2783
3 2711 2712 2783
3 2783 2712 2784
3 2712 2713 2784
3 2784 2713 2785
3 2713 2714 2785
3 2785 2714 2786
3 2714 2715 2786
3 2786 2715 2787
3 2715 2716 2787
3 2787 2716 2788
3 2716 2789 2788
3 2716 2717 2789
3 2717 2718 2789
3 2789 2718 2790
3 2718 2719 2790
3 2790 2719 2791
3 2719 2720 2791
3 2791 2720 2792
3 2720 2721 2792
3 2792 2721 2793
3 2721 2722 2793
3 2793 2722 2794
3 2722 2723 2794
3 2794 2723 2795
3 2723 2724 2795
3 2795 2724 2796
3 2724 2725 2796
3 2796 2725 2797
3 2725 2726 2797
3 2797 2726 2798
3 2726 2799 2798
3 2726 2727 2799
3 2727 2800 2799
3 2727 2728 2800
3 1203 2801 1202
3 1203 2729 2801
3 2729 2802 2801
3 2729 2730 2802
3 2730 2803 2802
3 2730 2731 2803
3 2731 2804 2803
3 2731 2732 2804
3 2732 2805 2804
3 2732 2733 2805
3 2733 2806 2805
3 2733 2734 2806
3 2734 2807 2806
3 2734 2735 2807
3 2735 2808 2807
3 2735 2736 2808
3 2736 2809 2808
3 2736 2737 2809
3 2737 2810 2809
3 2737 2738 2810
3 2738 2811 2810
3 2738 2739 2811
3 2739 2812 2811
3 2739 2740 2812
3 2740 2813 2812
3 2740 2741 2813
3 2741 2814 2813
3 2741 2742 2814
3 2742 2815 2814
3 2742 2743 2815
3 2743 2744 2815
3 2815 2744 2816
3 2744 2745 2816
3 2816 2745 2817
3 2745 2746 2817
3 2817 2746 2818
3 2746 2747 2818
3 2818 2747 2819
3 2747 2748 2819
3 2819 2748 2820
3 2748 2749 2820
3 2820 2749 2821
3 2749 2750 2821
3 2821 2750 2822
3 2750 2751 2822
3 2822 2751 2823
3 2751 2752 2823
3 2823 2752 2824
3 2752 2825 2824
3 2752 2753 2825
3 2753 2826 2825
3 2753 2754 2826
3 2754 2827 2826
3 2754 2755 2827
3 2755 2828 2827
3 2755 2756 2828
3 2756 2829 2828
3 2756 2757 2829
3 2757 2830 2829
3 2757 2758 2830
3 2758 2831 2830
3 2758 2759 2831
3 2759 2832 2831
3 2759 2760 2832
3 2760 2833 2832
3 2760 2761 2833
3 2761 2762 2833
3 2833 2762 2834
3 2762 2763 2834
3 2834 2763 2835
3 2763 2764 2835
3 2835 2764 2836
3 2764 2765 2836
3 2836 2765 2837
3 2765 2766 2837
3 2837 2766 2838
3 2766 2839 2838
3 2766 2767 2839
3 2767 2840 2839
3 2767 2768 2840
3 2768 2841 2840
3 2768 2769 2841
3 2769 2770 2841
3 2841 2770 2842
3 2770 2771 2842
3 2842 2771 2843
3 2771 2772 2843
3 2843 2772 2844
3 2772 2845 2844
3 2772 2773 2845
3 2773 2846 2845
3 2773 2774 2846
3 2774 2847 2846
3 2774 2775 2847
3 2775 2848 2847
3 2775 2776 2848
3 2776 2849 2848
3 2776 2777 2849
3 2777 2778 2849
3 2849 2778 2850
3 2778 2851 2850
3 2778 2779 2851
3 2779 2852 2851
3 2779 2780 2852
3 2780 2853 2852
3 2780 2781 2853
3 2781 2854 2853
3 2781 2782 2854
3 2782 2855 2854
3 2782 2783 2855
3 2783 2784 2855
3 2855 2784 2856
3 2784 2785 2856
3 2856 2785 2857
3 2785 2786 2857
3 2857 2786 2858
3 2786 2787 2858
3 2858 2787 2859
3 2787 2788 2859
3 2859 2788 2860
3 2788 2789 2860
3 2860 2789 2861
3 2789 2790 2861
3 2861 2790 2862
3 2790 2791 2862
3 2862 2791 2863
3 2791 2792 2863
3 2863 2792 2864
3 2792 2793 2864
3 2864 2793 2865
3 2793 2794 2865
3 2865 2794 2866
3 2794 2795 2866
3 2866 2795 2867
3 2795 2796 2867
3 2867 2796 2868
3 2796 2797 2868
3 2868 2797 2869
3 2797 2798 2869
3 2869 2798 2870
3 2798 2871 2870
3 2798 2799 2871
3 2799 2872 2871
3 2799 2800 2872
3 2800 2873 2872
3 1202 2874 1201
3 1202 2801 2874
3 2801 2875 2874
3 2801 2802 2875
3 2802 2876 2875
3 2802 2803 2876
3 2803 2877 2876
3 2803 2804 2877
3 2804 2878 2877
3 2804 2805 2878
3 2805 2879 2878
3 2805 2806 2879
3 2806 2880 2879
3 2806 2807 2880
3 2807 2881 2880
3 2807 2808 2881
3 2808 2882 2881
3 2808 2809 2882
3 2809 2883 2882
3 2809 2810 2883
3 2810 2884 2883
3 2810 2811 2884
3 2811 2885 2884
3 2811 2812 2885
3 2812 2886 2885
3 2812 2813 2886
3 2813 2887 2886
3 2813 2814 2887
3 2814 2888 2887
3 2814 2815 2888
3 2815 2816 2888
3 2888 2816 2889
3 2816 2817 2889
3 2889 2817 2890
3 2817 2818 2890
3 2890 2818 2891
3 2818 2892 2891
3 2818 2819 2892
3 2819 2893 2892
3 2819 2820 2893
3 2820 2821 2893
3 2893 2821 2894
3 2821 2822 2894
3 2894 2822 2895
3 2822 2823 2895
3 2895 2823 2896
3 2823 2824 2896
3 2896 2824 2897
3 2824 2898 2897
3 2824 2825 2898
3 2825 2899 2898
3 2825 2826 2899
3 2826 2900 2899
3 2826 2827 2900
3 2827 2828 2900
3 2900 2828 2901
3 2828 2829 2901
3 2901 2829 2902
3 2829 2830 2902
3 2902 2830 2903
3 2830 2831 2903
3 2903 2831 2904
3 2831 2832 2904
3 2904 2832 2905
3 2832 2833 2905
3 2905 2833 2906
3 2833 2834 2906
3 2906 2834 2907
3 2834 2835 2907
3 2907 2835 2908
3 2835 2836 2908
3 2908 2836 2909
3 2836 2837 2909
3 2909 2837 2910
3 2837 2838 2910
3 2910 2838 2911
3 2838 2839 2911
3 2911 2839 2912
3 2839 2913 2912
3 2839 2840 2913
3 2840 2914 2913
3 2840 2841 2914
3 2841 2842 2914
3 2914 2842 2915
3 2842 2843 2915
3 2915 2843 2916
3 2843 2844 2916
3 2916 2844 2917
3 2844 2845 2917
3 2917 2845 2918
3 2845 2846 2918
3 2918 2846 2919
3 2846 2847 2919
3 2919 2847 2920
3 2847 2848 2920
3 2920 2848 2921
3 2848 2849 2921
3 2921 2849 2922
3 2849 2850 2922
3 2922 2850 2923
3 2850 2851 2923
3 2923 2851 2924
3 2851 2852 2924
3 2924 2852 2925
3 2852 2853 2925
3 2925 2853 2926
3 2853 2854 2926
3 2926 2854 2927
3 2854 2928 2927
3 2854 2855 2928
3 2855 2856 2928
3 2928 2856 2929
3 2856 2857 2929
3 2929 2857 2930
3 2857 2858 2930
3 2930 2858 2931
3 2858 2859 2931
3 2931 2859 2932
3 2859 2860 2932
3 2932 2860 2933
3 2860 2861 2933
3 2933 2861 2934
3 2861 2862 2934
3 2934 2862 2935
3 2862 2863 2935
3 2935 2863 2936
3 2863 2864 2936
3 2936 2864 2937
3 2864 2865 2937
3 2937 2865 2938
3 2865 2866 2938
3 2938 2866 2939
3 2866 2867 2939
3 2939 2867 2940
3 2867 2868 2940
3 2940 2868 2941
3 2868 2869 2941
3 2941 2869 2942
3 2869 2870 2942
3 2942 2870 2943
3 2870 2871 2943
3 2943 2871 2944
3 2871 2945 2944
3 2871 2872 2945
3 2872 2946 2945
3 2872 2873 2946
3 1201 2947 1200
3 1201 2874 2947
3 2874 2948 2947
3 2874 2875 2948
3 2875 2949 2948
3 2875 2876 2949
3 2876 2950 2949
3 2876 2877 2950
3 2877 2951 2950
3 2877 2878 2951
3 2878 2952 2951
3 2878 2879 2952
3 2879 2953 2952
3 2879 2880 2953
3 2880 2954 2953
3 2880 2881 2954
3 2881 2955 2954
3 2881 2882 2955
3 2882 2956 2955
3 2882 2883 2956
3 2883 2957 2956
3 2883 2884 2957
3 2884 2958 2957
3 2884 2885 2958
3 2885 2959 2958
3 2885 2886 2959
3 2886 2960 2959
3 2886 2887 2960
3 2887 2961 2960
3 2887 2888 2961
3 2888 2889 2961
3 2961 2889 2962
3 2889 2890 2962
3 2962 2890 2963
3 2890 2891 2963
3 2963 2891 2964
3 2891 2965 2964
3 2891 2892 2965
3 2892 2893 2965
3 2965 2893 2966
3 2893 2967 2966
3 2893 2894 2967
3 2894 2895 2967
3 2967 2895 2968
3 2895 2896 2968
3 2968 2896 2969
3 2896 2897 2969
3 2969 2897 2970
3 2897 2971 2970
3 2897 2898 2971
3 2898 2972 2971
3 2898 2899 2972
3 2899 2973 2972
3 2899 2900 2973
3 2900 2901 2973
3 2973 2901 2974
3 2901 2902 2974
3 2974 2902 2975
3 2902 2903 2975
3 2975 2903 2976
3 2903 2904 2976
3 2976 2904 2977
3 2904 2905 2977
3 2977 2905 2978
3 2905 2906 2978
3 2978 2906 2979
3 2906 2907 2979
3 2979 2907 2980
3 2907 2908 2980
3 2980 2908 2981
3 2908 2909 2981
3 2981 2909 2982
3 2909 2910 2982
3 2982 2910 2983
3 2910 2911 2983
3 2983 2911 2984
3 2911 2985 2984
3 2911 2912 2985
3 2912 2986 2985
3 2912 2913 2986
3 2913 2987 2986
3 2913 2914 2987
3 2914 2915 2987
3 2987 2915 2988
3 2915 2916 2988
3 2988 2916 2989
3 2916 2917 2989
3 2989 2917 2990
3 2917 2918 2990
3 2990 2918 2991
3 2918 2919 2991
3 2991 2919 2992
3 2919 2920 2992
3 2992 2920 2993
3 2920 2921 2993
3 2993 2921 2994
3 2921 2922 2994
3 2994 2922 2995
3 2922 2923 2995
3 2995 2923 2996
3 2923 2924 2996
3 2996 2924 2997
3 2924 2925 2997
3 2997 2925 2998
3 2925 2926 2998
3 2998 2926 2999
3 2926 2927 2999
3 2999 2927 3000
3 2927 2928 3000
3 3000 2928 3001
3 2928 2929 3001
3 3001 2929 3002
3 2929 2930 3002
3 3002 2930 3003
3 2930 2931 3003
3 3003 2931 3004
3 2931 2932 3004
3 3004 2932 3005
3 2932 2933 3005
3 3005 2933 3006
3 2933 2934 3006
3 3006 2934 3007
3 2934 2935 3007
3 3007 2935 3008
3 2935 2936 3008
3 3008 2936 3009
3 2936 2937 3009
3 3009 2937 3010
3 2937 2938 3010
3 3010 2938 3011
3 2938 2939 3011
3 3011 2939 3012
3 2939 2940 3012
3 3012 2940 3013
3 2940 2941 3013
3 3013 2941 3014
3 2941 2942 3014
3 3014 2942 3015
3 2942 2943 3015
3 3015 2943 3016
3 2943 2944 3016
3 3016 2944 3017
3 2944 3018 3017
3 2944 2945 3018
3 2945 3019 3018
3 2945 2946 3019
3 2946 3020 3019
3 3019 3020 3021
3 1200 3022 1199
3 1200 2947 3022
3 2947 3023 3022
3 2947 2948 3023
3 2948 3024 3023
3 2948 2949 3024
3 2949 3025 3024
3 2949 2950 3025
3 2950 3026 3025
3 2950 2951 3026
3 2951 3027 3026
3 2951 2952 3027
3 2952 3028 3027
3 2952 2953 3028
3 2953 3029 3028
3 2953 2954 3029
3 2954 3030 3029
3 2954 2955 3030
3 2955 3031 3030
3 2955 2956 3031
3 2956 3032 3031
3 2956 2957 3032
3 2957 3033 3032
3 2957 2958 3033
3 2958 3034 3033
3 2958 2959 3034
3 2959 3035 3034
3 2959 2960 3035
3 2960 3036 3035
3 2960 2961 3036
3 2961 2962 3036
3 3036 2962 3037
3 2962 2963 3037
3 3037 2963 3038
3 2963 2964 3038
3 3038 2964 3039
3 2964 2965 3039
3 3039 2965 3040
3 2965 2966 3040
3 3040 2966 3041
3 2966 3042 3041
3 2966 2967 3042
3 2967 3043 3042
3 2967 2968 3043
3 2968 2969 3043
3 3043 2969 3044
3 2969 2970 3044
3 3044 2970 3045
3 2970 3046 3045
3 2970 2971 3046
3 2971 3047 3046
3 2971 2972 3047
3 2972 3048 3047
3 2972 2973 3048
3 2973 2974 3048
3 3048 2974 3049
3 2974 2975 3049
3 3049 2975 3050
3 2975 3051 3050
3 2975 2976 3051
3 2976 3052 3051
3 2976 2977 3052
3 2977 3053 3052
3 2977 2978 3053
3 2978 3054 3053
3 2978 2979 3054
3 2979 3055 3054
3 2979 2980 3055
3 2980 3056 3055
3 2980 2981 3056
3 2981 2982 3056
3 3056 2982 3057
3 2982 2983 3057
3 3057 2983 3058
3 2983 2984 3058
3 3058 2984 3059
3 2984 3060 3059
3 2984 2985 3060
3 2985 3061 3060
3 2985 2986 3061
3 2986 3062 3061
3 2986 2987 3062
3 2987 2988 3062
3 3062 2988 3063
3 2988 2989 3063
3 3063 2989 3064
3 2989 2990 3064
3 3064 2990 3065
3 2990 2991 3065
3 3065 2991 3066
3 2991 2992 3066
3 3066 2992 3067
3 2992 2993 3067
3 3067 2993 3068
3 2993 2994 3068
3 3068 2994 3069
3 2994 2995 3069
3 3069 2995 3070
3 2995 2996 3070
3 3070 2996 3071
3 2996 2997 3071
3 3071 2997 3072
3 2997 3073 3072
3 2997 2998 3073
3 2998 2999 3073
3 3073 2999 3074
3 2999 3000 3074
3 3074 3000 3075
3 3000 3001 3075
3 3075 3001 3076
3 3001 3002 3076
3 3076 3002 3077
3 3002 3003 3077
3 3077 3003 3078
3 3003 3079 3078
3 3003 3004 3079
3 3004 3005 3079
3 3079 3005 3080
3 3005 3006 3080
3 3080 3006 3081
3 3006 3007 3081
3 3081 3007 3082
3 3007 3008 3082
3 3082 3008 3083
3 3008 3009 3083
3 3083 3009 3084
3 3009 3010 3084
3 3084 3010 3085
3 3010 3011 3085
3 3085 3011 3086
3 3011 3012 3086
3 3086 3012 3087
3 3012 3013 3087
3 3087 3013 3088
3 3013 3014 3088
3 3088 3014 3089
3 3014 3015 3089
3 3089 3015 3090
3 3015 3016 3090
3 3090 3016 3091
3 3016 3017 3091
3 3091 3017 3092
3 3017 3093 3092
3 3017 3018 3093
3 3018 3094 3093
3 3018 3019 3094
3 3019 3021 3094
3 3094 3021 3095
3 1199 3096 1198
3 1199 3022 3096
3 3022 3097 3096
3 3022 3023 3097
3 3023 3098 3097
3 3023 3024 3098
3 3024 3099 3098
3 3024 3025 3099
3 3025 3100 3099
3 3025 3026 3100
3 3026 3101 3100
3 3026 3027 3101
3 3027 3102 3101
3 3027 3028 3102
3 3028 3103 3102
3 3028 3029 3103
3 3029 3104 3103
3 3029 3030 3104
3 3030 3105 3104
3 3030 3031 3105
3 3031 3106 3105
3 3031 3032 3106
3 3032 3107 3106
3 3032 3033 3107
3 3033 3108 3107
3 3033 3034 3108
3 3034 3109 3108
3 3034 3035 3109
3 3035 3110 3109
3 3035 3036 3110
3 3036 3037 3110
3 3110 3037 3111
3 3037 3038 3111
3 3111 3038 3112
3 3038 3039 3112
3 3112 3039 3113
3 3039 3114 3113
3 3039 3040 3114
3 3040 3115 3114
3 3040 3041 3115
3 3041 3116 3115
3 3041 3042 3116
3 3042 3117 3116
3 3042 3043 3117
3 3043 3044 3117
3 3117 3044 3118
3 3044 3119 3118
3 3044 3045 3119
3 3045 3120 3119
3 3045 3046 3120
3 3046 3121 3120
3 3046 3047 3121
3 3047 3122 3121
3 3047 3048 3122
3 3048 3123 3122
3 3048 3049 3123
3 3049 3124 3123
3 3049 3050 3124
3 3050 3125 3124
3 3050 3051 3125
3 3051 3126 3125
3 3051 3052 3126
3 3052 3127 3126
3 3052 3053 3127
3 3053 3128 3127
3 3053 3054 3128
3 3054 3129 3128
3 3054 3055 3129
3 3055 3130 3129
3 3055 3056 3130
3 3056 3131 3130
3 3056 3057 3131
3 3057 3058 3131
3 3131 3058 3132
3 3058 3059 3132
3 3132 3059 3133
3 3059 3134 3133
3 3059 3060 3134
3 3060 3135 3134
3 3060 3061 3135
3 3061 3136 3135
3 3061 3062 3136
3 3062 3137 3136
3 3062 3063 3137
3 3063 3138 3137
3 3063 3064 3138
3 3064 3139 3138
3 3064 3065 3139
3 3065 3140 3139
3 3065 3066 3140
3 3066 3141 3140
3 3066 3067 3141
3 3067 3142 3141
3 3067 3068 3142
3 3068 3143 3142
3 3068 3069 3143
3 3069 3144 3143
3 3069 3070 3144
3 3070 3145 3144
3 3070 3071 3145
3 3071 3146 3145
3 3071 3072 3146
3 3072 3147 3146
3 3072 3073 3147
3 3073 3148 3147
3 3073 3074 3148
3 3074 3149 3148
3 3074 3075 3149
3 3075 3150 3149
3 3075 3076 3150
3 3076 3151 3150
3 3076 3077 3151
3 3077 3152 3151
3 3077 3078 3152
3 3078 3153 3152
3 3078 3079 3153
3 3079 3154 3153
3 3079 3080 3154
3 3080 3155 3154
3 3080 3081 3155
3 3081 3156 3155
3 3081 3082 3156
3 3082 3157 3156
3 3082 3083 3157
3 3083 3084 3157
3 3157 3084 3158
3 3084 3159 3158
3 3084 3085 3159
3 3085 3160 3159
3 3085 3086 3160
3 3086 3087 3160
3 3160 3087 3161
3 3087 3088 3161
3 3161 3088 3162
3 3088 3089 3162
3 3162 3089 3163
3 3089 3090 3163
3 3163 3090 3164
3 3090 3091 3164
3 3164 3091 3165
3 3091 3092 3165
3 3165 3092 3166
3 3092 3167 3166
3 3092 3093 3167
3 3093 3168 3167
3 3093 3094 3168
3 3094 3095 3168
3 3168 3095 3169
3 3095 3170 3169
3 3169 3170 3171
3 1198 3172 1197
3 1198 3096 3172
3 3096 3173 3172
3 3096 3097 3173
3 3097 3174 3173
3 3097 3098 3174
3 3098 3175 3174
3 3098 3099 3175
3 3099 3176 3175
3 3099 3100 3176
3 3100 3177 3176
3 3100 3101 3177
3 3101 3178 3177
3 3101 3102 3178
3 3102 3179 3178
3 3102 3103 3179
3 3103 3180 3179
3 3103 3104 3180
3 3104 3181 3180
3 3104 3105 3181
3 3105 3182 3181
3 3105 3106 3182
3 3106 3183 3182
3 3106 3107 3183
3 3107 3184 3183
3 3107 3108 3184
3 3108 3185 3184
3 3108 3109 3185
3 3109 3186 3185
3 3109 3110 3186
3 3110 3111 3186
3 3186 3111 3187
3 3111 3112 3187
3 3187 3112 3188
3 3112 3113 3188
3 3188 3113 3189
3 3113 3190 3189
3 3113 3114 3190
3 3114 3191 3190
3 3114 3115 3191
3 3115 3192 3191
3 3115 3116 3192
3 3116 3193 3192
3 3116 3117 3193
3 3117 3194 3193
3 3117 3118 3194
3 3118 3195 3194
3 3118 3119 3195
3 3119 3196 3195
3 3119 3120 3196
3 3120 3197 3196
3 3120 3121 3197
3 3121 3198 3197
3 3121 3122 3198
3 3122 3199 3198
3 3122 3123 3199
3 3123 3200 3199
3 3123 3124 3200
3 3124 3201 3200
3 3124 3125 3201
3 3125 3202 3201
3 3125 3126 3202
3 3126 3203 3202
3 3126 3127 3203
3 3127 3204 3203
3 3127 3128 3204
3 3128 3205 3204
3 3128 3129 3205
3 3129 3206 3205
3 3129 3130 3206
3 3130 3207 3206
3 3130 3131 3207
3 3131 3132 3207
3 3207 3132 3208
3 3132 3133 3208
3 3208 3133 3209
3 3133 3210 3209
3 3133 3134 3210
3 3134 3211 3210
3 3134 3135 3211
3 3135 3212 3211
3 3135 3136 3212
3 3136 3213 3212
3 3136 3137 3213
3 3137 3214 3213
3 3137 3138 3214
3 3138 3215 3214
3 3138 3139 3215
3 3139 3216 3215
3 3139 3140 3216
3 3140 3217 3216
3 3140 3141 3217
3 3141 3218 3217
3 3141 3142 3218
3 3142 3219 3218
3 3142 3143 3219
3 3143 3220 3219
3 3143 3144 3220
3 3144 3221 3220
3 3144 3145 3221
3 3145 3222 3221
3 3145 3146 3222
3 3146 3223 3222
3 3146 3147 3223
3 3147 3224 3223
3 3147 3148 3224
3 3148 3225 3224
3 3148 3149 3225
3 3149 3226 3225
3 3149 3150 3226
3 3150 3227 3226
3 3150 3151 3227
3 3151 3228 3227
3 3151 3152 3228
3 3152 3229 3228
3 3152 3153 3229
3 3153 3230 3229
3 3153 3154 3230
3 3154 3231 3230
3 3154 3155 3231
3 3155 3232 3231
3 3155 3156 3232
3 3156 3233 3232
3 3156 3157 3233
3 3157 3158 3233
3 3233 3158 3234
3 3158 3235 3234
3 3158 3159 3235
3 3159 3236 3235
3 3159 3160 3236
3 3160 3161 3236
3 3236 3161 3237
3 3161 3162 3237
3 3237 3162 3238
3 3162 3163 3238
3 3238 3163 3239
3 3163 3164 3239
3 3239 3164 3240
3 3164 3165 3240
3 3240 3165 3241
3 3165 3166 3241
3 3241 3166 3242
3 3166 3243 3242
3 3166 3167 3243
3 3167 3168 3243
3 3243 3168 3244
3 3168 3169 3244
3 3244 3169 3245
3 3169 3171 3245
3 3245 3171 3246
3 1197 3247 1196
3 1197 3172 3247
3 3172 3248 3247
3 3172 3173 3248
3 3173 3249 3248
3 3173 3174 3249
3 3174 3250 3249
3 3174 3175 3250
3 3175 3251 3250
3 3175 3176 3251
3 3176 3252 3251
3 3176 3177 3252
3 3177 3253 3252
3 3177 3178 3253
3 3178 3254 3253
3 3178 3179 3254
3 3179 3255 3254
3 3179 3180 3255
3 3180 3256 3255
3 3180 3181 3256
3 3181 3257 3256
3 3181 3182 3257
3 3182 3258 3257
3 3182 3183 3258
3 3183 3259 3258
3 3183 3184 3259
3 3184 3260 3259
3 3184 3185 3260
3 3185 3261 3260
3 3185 3186 3261
3 3186 3262 3261
3 3186 3187 3262
3 3187 3188 3262
3 3262 3188 3263
3 3188 3189 3263
3 3263 3189 3264
3 3189 3265 3264
3 3189 3190 3265
3 3190 3266 3265
3 3190 3191 3266
3 3191 3267 3266
3 3191 3192 3267
3 3192 3268 3267
3 3192 3193 3268
3 3193 3269 3268
3 3193 3194 3269
3 3194 3270 3269
3 3194 3195 3270
3 3195 3271 3270
3 3195 3196 3271
3 3196 3272 3271
3 3196 3197 3272
3 3197 3273 3272
3 3197 3198 3273
3 3198 3274 3273
3 3198 3199 3274
3 3199 3275 3274
3 3199 3200 3275
3 3200 3276 3275
3 3200 3201 3276
3 3201 3277 3276
3 3201 3202 3277
3 3202 3278 3277
3 3202 3203 3278
3 3203 3279 3278
3 3203 3204 3279
3 3204 3280 3279
3 3204 3205 3280
3 3205 3281 3280
3 3205 3206 3281
3 3206 3282 3281
3 3206 3207 3282
3 3207 3283 3282
3 3207 3208 3283
3 3208 3284 3283
3 3208 3209 3284
3 3209 3285 3284
3 3209 3210 3285
3 3210 3286 3285
3 3210 3211 3286
3 3211 3287 3286
3 3211 3212 3287
3 3212 3288 3287
3 3212 3213 3288
3 3213 3289 3288
3 3213 3214 3289
3 3214 3290 3289
3 3214 3215 3290
3 3215 3291 3290
3 3215 3216 3291
3 3216 3292 3291
3 3216 3217 3292
3 3217 3293 3292
3 3217 3218 3293
3 3218 3294 3293
3 3218 3219 3294
3 3219 3295 3294
3 3219 3220 3295
3 3220 3296 3295
3 3220 3221 3296
3 3221 3297 3296
3 3221 3222 3297
3 3222 3298 3297
3 3222 3223 3298
3 3223 3299 3298
3 3223 3224 3299
3 3224 3300 3299
3 3224 3225 3300
3 3225 3301 3300
3 3225 3226 3301
3 3226 3302 3301
3 3226 3227 3302
3 3227 3303 3302
3 3227 3228 3303
3 3228 3304 3303
3 3228 3229 3304
3 3229 3305 3304
3 3229 3230 3305
3 3230 3306 3305
3 3230 3231 3306
3 3231 3307 3306
3 3231 3232 3307
3 3232 3308 3307
3 3232 3233 3308
3 3233 3234 3308
3 3308 3234 3309
3 3234 3310 3309
3 3234 3235 3310
3 3235 3311 3310
3 3235 3236 3311
3 3236 3237 3311
3 3311 3237 3312
3 3237 3238 3312
3 3312 3238 3313
3 3238 3239 3313
3 3313 3239 3314
3 3239 3240 3314
3 3314 3240 3315
3 3240 3241 3315
3 3315 3241 3316
3 3241 3242 3316
3 3316 3242 3317
3 3242 3243 3317
3 3317 3243 3318
3 3243 3244 3318
3 3318 3244 3319
3 3244 3245 3319
3 3319 3245 3320
3 3245 3246 3320
3 3320 3246 3321
3 1196 3247 1195
3 1195 3247 3322
3 3247 3323 3322
3 3247 3248 3323
3 3248 3324 3323
3 3248 3249 3324
3 3249 3325 3324
3 3249 3250 3325
3 3250 3326 3325
3 3250 3251 3326
3 3251 3327 3326
3 3251 3252 3327
3 3252 3328 3327
3 3252 3253 3328
3 3253 3329 3328
3 3253 3254 3329
3 3254 3330 3329
3 3254 3255 3330
3 3255 3331 3330
3 3255 3256 3331
3 3256 3332 3331
3 3256 3257 3332
3 3257 3333 3332
3 3257 3258 3333
3 3258 3334 3333
3 3258 3259 3334
3 3259 3335 3334
3 3259 3260 3335
3 3260 3336 3335
3 3260 3261 3336
3 3261 3337 3336
3 3261 3262 3337
3 3262 3263 3337
3 3337 3263 3338
3 3263 3264 3338
3 3338 3264 3339
3 3264 3340 3339
3 3264 3265 3340
3 3265 3341 3340
3 3265 3266 3341
3 3266 3342 3341
3 3266 3267 3342
3 3267 3343 3342
3 3267 3268 3343
3 3268 3344 3343
3 3268 3269 3344
3 3269 3345 3344
3 3269 3270 3345
3 3270 3346 3345
3 3270 3271 3346
3 3271 3347 3346
3 3271 3272 3347
3 3272 3348 3347
3 3272 3273 3348
3 3273 3349 3348
3 3273 3274 3349
3 3274 3350 3349
3 3274 3275 3350
3 3275 3351 3350
3 3275 3276 3351
3 3276 3352 3351
3 3276 3277 3352
3 3277 3353 3352
3 3277 3278 3353
3 3278 3354 3353
3 3278 3279 3354
3 3279 3355 3354
3 3279 3280 3355
3 3280 3356 3355
3 3280 3281 3356
3 3281 3357 3356
3 3281 3282 3357
3 3282 3358 3357
3 3282 3283 3358
3 3283 3359 3358
3 3283 3284 3359
3 3284 3360 3359
3 3284 3285 3360
3 3285 3361 3360
3 3285 3286 3361
3 3286 3362 3361
3 3286 3287 3362
3 3287 3363 3362
3 3287 3288 3363
3 3288 3364 3363
3 3288 3289 3364
3 3289 3365 3364
3 3289 3290 3365
3 3290 3366 3365
3 3290 3291 3366
3 3291 3367 3366
3 3291 3292 3367
3 3292 3368 3367
3 3292 3293 3368
3 3293 3369 3368
3 3293 3294 3369
3 3294 3370 3369
3 3294 3295 3370
3 3295 3371 3370
3 3295 3296 3371
3 3296 3372 3371
3 3296 3297 3372
3 3297 3373 3372
3 3297 3298 3373
3 3298 3374 3373
3 3298 3299 3374
3 3299 3375 3374
3 3299 3300 3375
3 3300 3376 3375
3 3300 3301 3376
3 3301 3377 3376
3 3301 3302 3377
3 3302 3378 3377
3 3302 3303 3378
3 3303 3379 3378
3 3303 3304 3379
3 3304 3380 3379
3 3304 3305 3380
3 3305 3381 3380
3 3305 3306 3381
3 3306 3382 3381
3 3306 3307 3382
3 3307 3383 3382
3 3307 3308 3383
3 3308 3384 3383
3 3308 3309 3384
3 3309 3385 3384
3 3309 3310 3385
3 3310 3386 3385
3 3310 3311 3386
3 3311 3387 3386
3 3311 3312 3387
3 3312 3313 3387
3 3387 3313 3388
3 3313 3389 3388
3 3313 3314 3389
3 3314 3315 3389
3 3389 3315 3390
3 3315 3316 3390
3 3390 3316 3391
3 3316 3392 3391
3 3316 3317 3392
3 3317 3393 3392
3 3317 3318 3393
3 3318 3394 3393
3 3318 3319 3394
3 3319 3395 3394
3 3319 3320 3395
3 3320 3396 3395
3 3320 3321 3396
3 3321 3397 3396
3 1195 3322 1194
3 1194 3322 3398
3 3322 3323 3398
3 3398 3323 3399
3 3323 3400 3399
3 3323 3324 3400
3 3324 3401 3400
3 3324 3325 3401
3 3325 3402 3401
3 3325 3326 3402
3 3326 3403 3402
3 3326 3327 3403
3 3327 3404 3403
3 3327 3328 3404
3 3328 3405 3404
3 3328 3329 3405
3 3329 3406 3405
3 3329 3330 3406
3 3330 3407 3406
3 3330 3331 3407
3 3331 3408 3407
3 3331 3332 3408
3 3332 3409 3408
3 3332 3333 3409
3 3333 3410 3409
3 3333 3334 3410
3 3334 3411 3410
3 3334 3335 3411
3 3335 3412 3411
3 3335 3336 3412
3 3336 3413 3412
3 3336 3337 3413
3 3337 3414 3413
3 3337 3338 3414
3 3338 3415 3414
3 3338 3339 3415
3 3339 3416 3415
3 3339 3340 3416
3 3340 3417 3416
3 3340 3341 3417
3 3341 3418 3417
3 3341 3342 3418
3 3342 3419 3418
3 3342 3343 3419
3 3343 3420 3419
3 3343 3344 3420
3 3344 3421 3420
3 3344 3345 3421
3 3345 3422 3421
3 3345 3346 3422
3 3346 3423 3422
3 3346 3347 3423
3 3347 3424 3423
3 3347 3348 3424
3 3348 3425 3424
3 3348 3349 3425
3 3349 3426 3425
3 3349 3350 3426
3 3350 3427 3426
3 3350 3351 3427
3 3351 3428 3427
3 3351 3352 3428
3 3352 3429 3428
3 3352 3353 3429
3 3353 3430 3429
3 3353 3354 3430
3 3354 3431 3430
3 3354 3355 3431
3 3355 3432 3431
3 3355 3356 3432
3 3356 3433 3432
3 3356 3357 3433
3 3357 3434 3433
3 3357 3358 3434
3 3358 3435 3434
3 3358 3359 3435
3 3359 3436 3435
3 3359 3360 3436
3 3360 3437 3436
3 3360 3361 3437
3 3361 3438 3437
3 3361 3362 3438
3 3362 3439 3438
3 3362 3363 3439
3 3363 3440 3439
3 3363 3364 3440
3 3364 3441 3440
3 3364 3365 3441
3 3365 3442 3441
3 3365 3366 3442
3 3366 3443 3442
3 3366 3367 3443
3 3367 3444 3443
3 3367 3368 3444
3 3368 3445 3444
3 3368 3369 3445
3 3369 3446 3445
3 3369 3370 3446
3 3370 3447 3446
3 3370 3371 3447
3 3371 3448 3447
3 3371 3372 3448
3 3372 3449 3448
3 3372 3373 3449
3 3373 3450 3449
3 3373 3374 3450
3 3374 3451 3450
3 3374 3375 3451
3 3375 3452 3451
3 3375 3376 3452
3 3376 3453 3452
3 3376 3377 3453
3 3377 3454 3453
3 3377 3378 3454
3 3378 3455 3454
3 3378 3379 3455
3 3379 3456 3455
3 3379 3380 3456
3 3380 3457 3456
3 3380 3381 3457
3 3381 3458 3457
3 3381 3382 3458
3 3382 3459 3458
3 3382 3383 3459
3 3383 3460 3459
3 3383 3384 3460
3 3384 3461 3460
3 3384 3385 3461
3 3385 3462 3461
3 3385 3386 3462
3 3386 3463 3462
3 3386 3387 3463
3 3387 3464 3463
3 3387 3388 3464
3 3388 3465 3464
3 3388 3389 3465
3 3389 3466 3465
3 3389 3390 3466
3 3390 3467 3466
3 3390 3391 3467
3 3391 3468 3467
3 3391 3392 3468
3 3392 3469 3468
3 3392 3393 3469
3 3393 3470 3469
3 3393 3394 3470
3 3394 3471 3470
3 3394 3395 3471
3 3395 3472 3471
3 3395 3396 3472
3 3396 3473 3472
3 3396 3397 3473
3 1194 3398 1193
3 1193 3398 3474
3 3398 3399 3474
3 3474 3399 3475
3 3399 3476 3475
3 3399 3400 3476
3 3400 3477 3476
3 3400 3401 3477
3 3401 3478 3477
3 3401 3402 3478
3 3402 3479 3478
3 3402 3403 3479
3 3403 3480 3479
3 3403 3404 3480
3 3404 3481 3480
3 3404 3405 3481
3 3405 3482 3481
3 3405 3406 3482
3 3406 3483 3482
3 3406 3407 3483
3 3407 3484 3483
3 3407 3408 3484
3 3408 3485 3484
3 3408 3409 3485
3 3409 3486 3485
3 3409 3410 3486
3 3410 3487 3486
3 3410 3411 3487
3 3411 3488 3487
3 3411 3412 3488
3 3412 3489 3488
3 3412 3413 3489
3 3413 3414 3489
3 3489 3414 3490
3 3414 3491 3490
3 3414 3415 3491
3 3415 3492 3491
3 3415 3416 3492
3 3416 3493 3492
3 3416 3417 3493
3 3417 3494 3493
3 3417 3418 3494
3 3418 3495 3494
3 3418 3419 3495
3 3419 3496 3495
3 3419 3420 3496
3 3420 3497 3496
3 3420 3421 3497
3 3421 3498 3497
3 3421 3422 3498
3 3422 3499 3498
3 3422 3423 3499
3 3423 3500 3499
3 3423 3424 3500
3 3424 3501 3500
3 3424 3425 3501
3 3425 3502 3501
3 3425 3426 3502
3 3426 3503 3502
3 3426 3427 3503
3 3427 3504 3503
3 3427 3428 3504
3 3428 3505 3504
3 3428 3429 3505
3 3429 3506 3505
3 3429 3430 3506
3 3430 3507 3506
3 3430 3431 3507
3 3431 3508 3507
3 3431 3432 3508
3 3432 3509 3508
3 3432 3433 3509
3 3433 3510 3509
3 3433 3434 3510
3 3434 3511 3510
3 3434 3435 3511
3 3435 3512 3511
3 3435 3436 3512
3 3436 3513 3512
3 3436 3437 3513
3 3437 3514 3513
3 3437 3438 3514
3 3438 3515 3514
3 3438 3439 3515
3 3439 3516 3515
3 3439 3440 3516
3 3440 3517 3516
3 3440 3441 3517
3 3441 3518 3517
3 3441 3442 3518
3 3442 3519 3518
3 3442 3443 3519
3 3443 3520 3519
3 3443 3444 3520
3 3444 3521 3520
3 3444 3445 3521
3 3445 3522 3521
3 3445 3446 3522
3 3446 3523 3522
3 3446 3447 3523
3 3447 3524 3523
3 3447 3448 3524
3 3448 3525 3524
3 3448 3449 3525
3 3449 3526 3525
3 3449 3450 3526
3 3450 3527 3526
3 3450 3451 3527
3 3451 3528 3527
3 3451 3452 3528
3 3452 3529 3528
3 3452 3453 3529
3 3453 3530 3529
3 3453 3454 3530
3 3454 3531 3530
3 3454 3455 3531
3 3455 3532 3531
3 3455 3456 3532
3 3456 3533 3532
3 3456 3457 3533
3 3457 3534 3533
3 3457 3458 3534
3 3458 3535 3534
3 3458 3459 3535
3 3459 3460 3535
3 3535 3460 3536
3 3460 3537 3536
3 3460 3461 3537
3 3461 3538 3537
3 3461 3462 3538
3 3462 3539 3538
3 3462 3463 3539
3 3463 3540 3539
3 3463 3464 3540
3 3464 3541 3540
3 3464 3465 3541
3 3465 3542 3541
3 3465 3466 3542
3 3466 3543 3542
3 3466 3467 3543
3 3467 3544 3543
3 3467 3468 3544
3 3468 3545 3544
3 3468 3469 3545
3 3469 3546 3545
3 3469 3470 3546
3 3470 3547 3546
3 3470 3471 3547
3 3471 3548 3547
3 3471 3472 3548
3 3472 3549 3548
3 3472 3473 3549
3 3473 3550 3549
3 1193 3474 1192
3 1192 3474 3551
3 3474 3475 3551
3 3551 3475 3552
3 3475 3553 3552
3 3475 3476 3553
3 3476 3554 3553
3 3476 3477 3554
3 3477 3555 3554
3 3477 3478 3555
3 3478 3556 3555
3 3478 3479 3556
3 3479 3557 3556
3 3479 3480 3557
3 3480 3558 3557
3 3480 3481 3558
3 3481 3559 3558
3 3481 3482 3559
3 3482 3560 3559
3 3482 3483 3560
3 3483 3561 3560
3 3483 3484 3561
3 3484 3562 3561
3 3484 3485 3562
3 3485 3563 3562
3 3485 3486 3563
3 3486 3564 3563
3 3486 3487 3564
3 3487 3565 3564
3 3487 3488 3565
3 3488 3566 3565
3 3488 3489 3566
3 3489 3567 3566
3 3489 3490 3567
3 3490 3568 3567
3 3490 3491 3568
3 3491 3569 3568
3 3491 3492 3569
3 3492 3570 3569
3 3492 3493 3570
3 3493 3571 3570
3 3493 3494 3571
3 3494 3572 3571
3 3494 3495 3572
3 3495 3573 3572
3 3495 3496 3573
3 3496 3574 3573
3 3496 3497 3574
3 3497 3575 3574
3 3497 3498 3575
3 3498 3576 3575
3 3498 3499 3576
3 3499 3577 3576
3 3499 3500 3577
3 3500 3578 3577
3 3500 3501 3578
3 3501 3579 3578
3 3501 3502 3579
3 3502 3580 3579
3 3502 3503 3580
3 3503 3581 3580
3 3503 3504 3581
3 3504 3582 3581
3 3504 3505 3582
3 3505 3583 3582
3 3505 3506 3583
3 3506 3584 3583
3 3506 3507 3584
3 3507 3585 3584
3 3507 3508 3585
3 3508 3586 3585
3 3508 3509 3586
3 3509 3587 3586
3 3509 3510 3587
3 3510 3588 3587
3 3510 3511 3588
3 3511 3589 3588
3 3511 3512 3589
3 3512 3590 3589
3 3512 3513 3590
3 3513 3591 3590
3 3513 3514 3591
3 3514 3592 3591
3 3514 3515 3592
3 3515 3593 3592
3 3515 3516 3593
3 3516 3594 3593
3 3516 3517 3594
3 3517 3595 3594
3 3517 3518 3595
3 3518 3596 3595
3 3518 3519 3596
3 3519 3597 3596
3 3519 3520 3597
3 3520 3598 3597
3 3520 3521 3598
3 3521 3599 3598
3 3521 3522 3599
3 3522 3523 3599
3 3599 3523 3600
3 3523 3601 3600
3 3523 3524 3601
3 3524 3602 3601
3 3524 3525 3602
3 3525 3603 3602
3 3525 3526 3603
3 3526 3604 3603
3 3526 3527 3604
3 3527 3605 3604
3 3527 3528 3605
3 3528 3606 3605
3 3528 3529 3606
3 3529 3607 3606
3 3529 3530 3607
3 3530 3608 3607
3 3530 3531 3608
3 3531 3609 3608
3 3531 3532 3609
3 3532 3610 3609
3 3532 3533 3610
3 3533 3611 3610
3 3533 3534 3611
3 3534 3535 3611
3 3611 3535 3612
3 3535 3536 3612
3 3612 3536 3613
3 3536 3614 3613
3 3536 3537 3614
3 3537 3615 3614
3 3537 3538 3615
3 3538 3616 3615
3 3538 3539 3616
3 3539 3617 3616
3 3539 3540 3617
3 3540 3618 3617
3 3540 3541 3618
3 3541 3619 3618
3 3541 3542 3619
3 3542 3620 3619
3 3542 3543 3620
3 3543 3544 3620
3 3620 3544 3621
3 3544 3622 3621
3 3544 3545 3622
3 3545 3623 3622
3 3545 3546 3623
3 3546 3624 3623
3 3546 3547 3624
3 3547 3625 3624
3 3547 3548 3625
3 3548 3626 3625
3 3548 3549 3626
3 3549 3627 3626
3 3549 3550 3627
3 3550 3628 3627
3 1192 3551 1191
3 1191 3551 3629
3 3551 3552 3629
3 3629 3552 3630
3 3552 3631 3630
3 3552 3553 3631
3 3553 3632 3631
3 3553 3554 3632
3 3554 3633 3632
3 3554 3555 3633
3 3555 3634 3633
3 3555 3556 3634
3 3556 3635 3634
3 3556 3557 3635
3 3557 3636 3635
3 3557 3558 3636
3 3558 3637 3636
3 3558 3559 3637
3 3559 3638 3637
3 3559 3560 3638
3 3560 3639 3638
3 3560 3561 3639
3 3561 3640 3639
3 3561 3562 3640
3 3562 3641 3640
3 3562 3563 3641
3 3563 3642 3641
3 3563 3564 3642
3 3564 3643 3642
3 3564 3565 3643
3 3565 3644 3643
3 3565 3566 3644
3 3566 3645 3644
3 3566 3567 3645
3 3567 3646 3645
3 3567 3568 3646
3 3568 3647 3646
3 3568 3569 3647
3 3569 3648 3647
3 3569 3570 3648
3 3570 3649 3648
3 3570 3571 3649
3 3571 3650 3649
3 3571 3572 3650
3 3572 3651 3650
3 3572 3573 3651
3 3573 3652 3651
3 3573 3574 3652
3 3574 3653 3652
3 3574 3575 3653
3 3575 3654 3653
3 3575 3576 3654
3 3576 3655 3654
3 3576 3577 3655
3 3577 3656 3655
3 3577 3578 3656
3 3578 3657 3656
3 3578 3579 3657
3 3579 3658 3657
3 3579 3580 3658
3 3580 3659 3658
3 3580 3581 3659
3 3581 3660 3659
3 3581 3582 3660
3 3582 3661 3660
3 3582 3583 3661
3 3583 3662 3661
3 3583 3584 3662
3 3584 3663 3662
3 3584 3585 3663
3 3585 3664 3663
3 3585 3586 3664
3 3586 3665 3664
3 3586 3587 3665
3 3587 3666 3665
3 3587 3588 3666
3 3588 3667 3666
3 3588 3589 3667
3 3589 3668 3667
3 3589 3590 3668
3 3590 3669 3668
3 3590 3591 3669
3 3591 3670 3669
3 3591 3592 3670
3 3592 3671 3670
3 3592 3593 3671
3 3593 3672 3671
3 3593 3594 3672
3 3594 3673 3672
3 3594 3595 3673
3 3595 3596 3673
3 3673 3596 3674
3 3596 3675 3674
3 3596 3597 3675
3 3597 3676 3675
3 3597 3598 3676
3 3598 3677 3676
3 3598 3599 3677
3 3599 3600 3677
3 3677 3600 3678
3 3600 3679 3678
3 3600 3601 3679
3 3601 3680 3679
3 3601 3602 3680
3 3602 3681 3680
3 3602 3603 3681
3 3603 3682 3681
3 3603 3604 3682
3 3604 3683 3682
3 3604 3605 3683
3 3605 3684 3683
3 3605 3606 3684
3 3606 3685 3684
3 3606 3607 3685
3 3607 3686 3685
3 3607 3608 3686
3 3608 3687 3686
3 3608 3609 3687
3 3609 3688 3687
3 3609 3610 3688
3 3610 3689 3688
3 3610 3611 3689
3 3611 3690 3689
3 3611 3612 3690
3 3612 3613 3690
3 3690 3613 3691
3 3613 3692 3691
3 3613 3614 3692
3 3614 3693 3692
3 3614 3615 3693
3 3615 3694 3693
3 3615 3616 3694
3 3616 3695 3694
3 3616 3617 3695
3 3617 3696 3695
3 3617 3618 3696
3 3618 3697 3696
3 3618 3619 3697
3 3619 3698 3697
3 3619 3620 3698
3 3620 3621 3698
3 3698 3621 3699
3 3621 3700 3699
3 3621 3622 3700
3 3622 3701 3700
3 3622 3623 3701
3 3623 3702 3701
3 3623 3624 3702
3 3624 3703 3702
3 3624 3625 3703
3 3625 3704 3703
3 3625 3626 3704
3 3626 3705 3704
3 3626 3627 3705
3 3627 3706 3705
3 3705 3706 3707
3 1191 3629 1190
3 1190 3629 3708
3 3629 3709 3708
3 3629 3630 3709
3 3630 3710 3709
3 3630 3631 3710
3 3631 3711 3710
3 3631 3632 3711
3 3632 3712 3711
3 3632 3633 3712
3 3633 3713 3712
3 3633 3634 3713
3 3634 3714 3713
3 3634 3635 3714
3 3635 3715 3714
3 3635 3636 3715
3 3636 3716 3715
3 3636 3637 3716
3 3637 3717 3716
3 3637 3638 3717
3 3638 3718 3717
3 3638 3639 3718
3 3639 3719 3718
3 3639 3640 3719
3 3640 3720 3719
3 3640 3641 3720
3 3641 3721 3720
3 3641 3642 3721
3 3642 3722 3721
3 3642 3643 3722
3 3643 3723 3722
3 3643 3644 3723
3 3644 3724 3723
3 3644 3645 3724
3 3645 3725 3724
3 3645 3646 3725
3 3646 3726 3725
3 3646 3647 3726
3 3647 3727 3726
3 3647 3648 3727
3 3648 3728 3727
3 3648 3649 3728
3 3649 3729 3728
3 3649 3650 3729
3 3650 3730 3729
3 3650 3651 3730
3 3651 3731 3730
3 3651 3652 3731
3 3652 3732 3731
3 3652 3653 3732
3 3653 3733 3732
3 3653 3654 3733
3 3654 3734 3733
3 3654 3655 3734
3 3655 3735 3734
3 3655 3656 3735
3 3656 3736 3735
3 3656 3657 3736
3 3657 3737 3736
3 3657 3658 3737
3 3658 3738 3737
3 3658 3659 3738
3 3659 3739 3738
3 3659 3660 3739
3 3660 3740 3739
3 3660 3661 3740
3 3661 3741 3740
3 3661 3662 3741
3 3662 3742 3741
3 3662 3663 3742
3 3663 3664 3742
3 3742 3664 3743
3 3664 3744 3743
3 3664 3665 3744
3 3665 3745 3744
3 3665 3666 3745
3 3666 3746 3745
3 3666 3667 3746
3 3667 3747 3746
3 3667 3668 3747
3 3668 3748 3747
3 3668 3669 3748
3 3669 3749 3748
3 3669 3670 3749
3 3670 3750 3749
3 3670 3671 3750
3 3671 3751 3750
3 3671 3672 3751
3 3672 3752 3751
3 3672 3673 3752
3 3673 3753 3752
3 3673 3674 3753
3 3674 3754 3753
3 3674 3675 3754
3 3675 3755 3754
3 3675 3676 3755
3 3676 3756 3755
3 3676 3677 3756
3 3677 3678 3756
3 3756 3678 3757
3 3678 3758 3757
3 3678 3679 3758
3 3679 3759 3758
3 3679 3680 3759
3 3680 3760 3759
3 3680 3681 3760
3 3681 3761 3760
3 3681 3682 3761
3 3682 3762 3761
3 3682 3683 3762
3 3683 3763 3762
3 3683 3684 3763
3 3684 3764 3763
3 3684 3685 3764
3 3685 3765 3764
3 3685 3686 3765
3 3686 3766 3765
3 3686 3687 3766
3 3687 3767 3766
3 3687 3688 3767
3 3688 3768 3767
3 3688 3689 3768
3 3689 3769 3768
3 3689 3690 3769
3 3690 3691 3769
3 3769 3691 3770
3 3691 3771 3770
3 3691 3692 3771
3 3692 3772 3771
3 3692 3693 3772
3 3693 3773 3772
3 3693 3694 3773
3 3694 3774 3773
3 3694 3695 3774
3 3695 3775 3774
3 3695 3696 3775
3 3696 3776 3775
3 3696 3697 3776
3 3697 3777 3776
3 3697 3698 3777
3 3698 3699 3777
3 3777 3699 3778
3 3699 3779 3778
3 3699 3700 3779
3 3700 3780 3779
3 3700 3701 3780
3 3701 3781 3780
3 3701 3702 3781
3 3702 3782 3781
3 3702 3703 3782
3 3703 3783 3782
3 3703 3704 3783
3 3704 3784 3783
3 3704 3705 3784
3 3705 3707 3784
3 3784 3707 3785
3 3707 3786 3785
3 3785 3786 3787
3 1190 3708 1189
3 1189 3708 3788
3 3708 3789 3788
3 3708 3709 3789
3 3709 3790 3789
3 3709 3710 3790
3 3710 3791 3790
3 3710 3711 3791
3 3711 3792 3791
3 3711 3712 3792
3 3712 3793 3792
3 3712 3713 3793
3 3713 3794 3793
3 3713 3714 3794
3 3714 3795 3794
3 3714 3715 3795
3 3715 3796 3795
3 3715 3716 3796
3 3716 3797 3796
3 3716 3717 3797
3 3717 3798 3797
3 3717 3718 3798
3 3718 3799 3798
3 3718 3719 3799
3 3719 3800 3799
3 3719 3720 3800
3 3720 3801 3800
3 3720 3721 3801
3 3721 3802 3801
3 3721 3722 3802
3 3722 3803 3802
3 3722 3723 3803
3 3723 3724 3803
3 3803 3724 3804
3 3724 3725 3804
3 3804 3725 3805
3 3725 3806 3805
3 3725 3726 3806
3 3726 3807 3806
3 3726 3727 3807
3 3727 3808 3807
3 3727 3728 3808
3 3728 3809 3808
3 3728 3729 3809
3 3729 3810 3809
3 3729 3730 3810
3 3730 3811 3810
3 3730 3731 3811
3 3731 3812 3811
3 3731 3732 3812
3 3732 3813 3812
3 3732 3733 3813
3 3733 3814 3813
3 3733 3734 3814
3 3734 3815 3814
3 3734 3735 3815
3 3735 3816 3815
3 3735 3736 3816
3 3736 3817 3816
3 3736 3737 3817
3 3737 3818 3817
3 3737 3738 3818
3 3738 3819 3818
3 3738 3739 3819
3 3739 3820 3819
3 3739 3740 3820
3 3740 3821 3820
3 3740 3741 3821
3 3741 3822 3821
3 3741 3742 3822
3 3742 3743 3822
3 3822 3743 3823
3 3743 3824 3823
3 3743 3744 3824
3 3744 3825 3824
3 3744 3745 3825
3 3745 3826 3825
3 3745 3746 3826
3 3746 3827 3826
3 3746 3747 3827
3 3747 3828 3827
3 3747 3748 3828
3 3748 3829 3828
3 3748 3749 3829
3 3749 3830 3829
3 3749 3750 3830
3 3750 3831 3830
3 3750 3751 3831
3 3751 3832 3831
3 3751 3752 3832
3 3752 3833 3832
3 3752 3753 3833
3 3753 3834 3833
3 3753 3754 3834
3 3754 3835 3834
3 3754 3755 3835
3 3755 3756 3835
3 3835 3756 3836
3 3756 3757 3836
3 3836 3757 3837
3 3757 3838 3837
3 3757 3758 3838
3 3758 3839 3838
3 3758 3759 3839
3 3759 3840 3839
3 3759 3760 3840
3 3760 3761 3840
3 3840 3761 3841
3 3761 3842 3841
3 3761 3762 3842
3 3762 3763 3842
3 3842 3763 3843
3 3763 3844 3843
3 3763 3764 3844
3 3764 3845 3844
3 3764 3765 3845
3 3765 3846 3845
3 3765 3766 3846
3 3766 3847 3846
3 3766 3767 3847
3 3767 3848 3847
3 3767 3768 3848
3 3768 3769 3848
3 3848 3769 3849
3 3769 3770 3849
3 3849 3770 3850
3 3770 3771 3850
3 3850 3771 3851
3 3771 3852 3851
3 3771 3772 3852
3 3772 3773 3852
3 3852 3773 3853
3 3773 3774 3853
3 3853 3774 3854
3 3774 3775 3854
3 3854 3775 3855
3 3775 3776 3855
3 3855 3776 3856
3 3776 3777 3856
3 3856 3777 3857
3 3777 3778 3857
3 3857 3778 3858
3 3778 3779 3858
3 3858 3779 3859
3 3779 3860 3859
3 3779 3780 3860
3 3780 3861 3860
3 3780 3781 3861
3 3781 3862 3861
3 3781 3782 3862
3 3782 3863 3862
3 3782 3783 3863
3 3783 3864 3863
3 3783 3784 3864
3 3784 3785 3864
3 3864 3785 3865
3 3785 3787 3865
3 3865 3787 3866
3 3787 3867 3866
3 3866 3867 3868
3 1189 3869 1188
3 1189 3788 3869
3 3788 3870 3869
3 3788 3789 3870
3 3789 3871 3870
3 3789 3790 3871
3 3790 3872 3871
3 3790 3791 3872
3 3791 3873 3872
3 3791 3792 3873
3 3792 3874 3873
3 3792 3793 3874
3 3793 3875 3874
3 3793 3794 3875
3 3794 3876 3875
3 3794 3795 3876
3 3795 3877 3876
3 3795 3796 3877
3 3796 3878 3877
3 3796 3797 3878
3 3797 3879 3878
3 3797 3798 3879
3 3798 3880 3879
3 3798 3799 3880
3 3799 3881 3880
3 3799 3800 3881
3 3800 3882 3881
3 3800 3801 3882
3 3801 3883 3882
3 3801 3802 3883
3 3802 3803 3883
3 3883 3803 3884
3 3803 3804 3884
3 3884 3804 3885
3 3804 3805 3885
3 3885 3805 3886
3 3805 3806 3886
3 3886 3806 3887
3 3806 3807 3887
3 3887 3807 3888
3 3807 3889 3888
3 3807 3808 3889
3 3808 3890 3889
3 3808 3809 3890
3 3809 3810 3890
3 3890 3810 3891
3 3810 3811 3891
3 3891 3811 3892
3 3811 3893 3892
3 3811 3812 3893
3 3812 3894 3893
3 3812 3813 3894
3 3813 3895 3894
3 3813 3814 3895
3 3814 3896 3895
3 3814 3815 3896
3 3815 3897 3896
3 3815 3816 3897
3 3816 3898 3897
3 3816 3817 3898
3 3817 3818 3898
3 3898 3818 3899
3 3818 3900 3899
3 3818 3819 3900
3 3819 3901 3900
3 3819 3820 3901
3 3820 3902 3901
3 3820 3821 3902
3 3821 3903 3902
3 3821 3822 3903
3 3822 3823 3903
3 3903 3823 3904
3 3823 3824 3904
3 3904 3824 3905
3 3824 3825 3905
3 3905 3825 3906
3 3825 3907 3906
3 3825 3826 3907
3 3826 3908 3907
3 3826 3827 3908
3 3827 3909 3908
3 3827 3828 3909
3 3828 3910 3909
3 3828 3829 3910
3 3829 3830 3910
3 3910 3830 3911
3 3830 3912 3911
3 3830 3831 3912
3 3831 3913 3912
3 3831 3832 3913
3 3832 3914 3913
3 3832 3833 3914
3 3833 3915 3914
3 3833 3834 3915
3 3834 3835 3915
3 3915 3835 3916
3 3835 3836 3916
3 3916 3836 3917
3 3836 3837 3917
3 3917 3837 3918
3 3837 3919 3918
3 3837 3838 3919
3 3838 3920 3919
3 3838 3839 3920
3 3839 3921 3920
3 3839 3840 3921
3 3840 3841 3921
3 3921 3841 3922
3 3841 3923 3922
3 3841 3842 3923
3 3842 3843 3923
3 3923 3843 3924
3 3843 3844 3924
3 3924 3844 3925
3 3844 3845 3925
3 3925 3845 3926
3 3845 3846 3926
3 3926 3846 3927
3 3846 3847 3927
3 3927 3847 3928
3 3847 3929 3928
3 3847 3848 3929
3 3848 3849 3929
3 3929 3849 3930
3 3849 3850 3930
3 3930 3850 3931
3 3850 3851 3931
3 3931 3851 3932
3 3851 3852 3932
3 3932 3852 3933
3 3852 3853 3933
3 3933 3853 3934
3 3853 3854 3934
3 3934 3854 3935
3 3854 3855 3935
3 3935 3855 3936
3 3855 3856 3936
3 3936 3856 3937
3 3856 3857 3937
3 3937 3857 3938
3 3857 3858 3938
3 3938 3858 3939
3 3858 3859 3939
3 3939 3859 3940
3 3859 3860 3940
3 3940 3860 3941
3 3860 3942 3941
3 3860 3861 3942
3 3861 3943 3942
3 3861 3862 3943
3 3862 3944 3943
3 3862 3863 3944
3 3863 3945 3944
3 3863 3864 3945
3 3864 3865 3945
3 3945 3865 3946
3 3865 3866 3946
3 3946 3866 3947
3 3866 3868 3947
3 3947 3868 3948
3 1188 3949 1187
3 1188 3869 3949
3 3869 3950 3949
3 3869 3870 3950
3 3870 3951 3950
3 3870 3871 3951
3 3871 3952 3951
3 3871 3872 3952
3 3872 3953 3952
3 3872 3873 3953
3 3873 3954 3953
3 3873 3874 3954
3 3874 3955 3954
3 3874 3875 3955
3 3875 3956 3955
3 3875 3876 3956
3 3876 3957 3956
3 3876 3877 3957
3 3877 3958 3957
3 3877 3878 3958
3 3878 3959 3958
3 3878 3879 3959
3 3879 3960 3959
3 3879 3880 3960
3 3880 3961 3960
3 3880 3881 3961
3 3881 3962 3961
3 3881 3882 3962
3 3882 3963 3962
3 3882 3883 3963
3 3883 3884 3963
3 3963 3884 3964
3 3884 3885 3964
3 3964 3885 3965
3 3885 3886 3965
3 3965 3886 3966
3 3886 3887 3966
3 3966 3887 3967
3 3887 3888 3967
3 3967 3888 3968
3 3888 3969 3968
3 3888 3889 3969
3 3889 3970 3969
3 3889 3890 3970
3 3890 3891 3970
3 3970 3891 3971
3 3891 3892 3971
3 3971 3892 3972
3 3892 3973 3972
3 3892 3893 3973
3 3893 3974 3973
3 3893 3894 3974
3 3894 3975 3974
3 3894 3895 3975
3 3895 3976 3975
3 3895 3896 3976
3 3896 3977 3976
3 3896 3897 3977
3 3897 3978 3977
3 3897 3898 3978
3 3898 3899 3978
3 3978 3899 3979
3 3899 3980 3979
3 3899 3900 3980
3 3900 3981 3980
3 3900 3901 3981
3 3901 3982 3981
3 3901 3902 3982
3 3902 3983 3982
3 3902 3903 3983
3 3903 3904 3983
3 3983 3904 3984
3 3904 3905 3984
3 3984 3905 3985
3 3905 3906 3985
3 3985 3906 3986
3 3906 3987 3986
3 3906 3907 3987
3 3907 3988 3987
3 3907 3908 3988
3 3908 3989 3988
3 3908 3909 3989
3 3909 3910 3989
3 3989 3910 3990
3 3910 3911 3990
3 3990 3911 3991
3 3911 3992 3991
3 3911 3912 3992
3 3912 3993 3992
3 3912 3913 3993
3 3913 3994 3993
3 3913 3914 3994
3 3914 3995 3994
3 3914 3915 3995
3 3915 3996 3995
3 3915 3916 3996
3 3916 3917 3996
3 3996 3917 3997
3 3917 3918 3997
3 3997 3918 3998
3 3918 3999 3998
3 3918 3919 3999
3 3919 4000 3999
3 3919 3920 4000
3 3920 4001 4000
3 3920 3921 4001
3 3921 3922 4001
3 4001 3922 4002
3 3922 4003 4002
3 3922 3923 4003
3 3923 4004 4003
3 3923 3924 4004
3 3924 3925 4004
3 4004 3925 4005
3 3925 3926 4005
3 4005 3926 4006
3 3926 3927 4006
3 4006 3927 4007
3 3927 3928 4007
3 4007 3928 4008
3 3928 4009 4008
3 3928 3929 4009
3 3929 3930 4009
3 4009 3930 4010
3 3930 3931 4010
3 4010 3931 4011
3 3931 3932 4011
3 4011 3932 4012
3 3932 4013 4012
3 3932 3933 4013
3 3933 3934 4013
3 4013 3934 4014
3 3934 3935 4014
3 4014 3935 4015
3 3935 4016 4015
3 3935 3936 4016
3 3936 4017 4016
3 3936 3937 4017
3 3937 3938 4017
3 4017 3938 4018
3 3938 3939 4018
3 4018 3939 4019
3 3939 4020 4019
3 3939 3940 4020
3 3940 4021 4020
3 3940 3941 4021
3 3941 4022 4021
3 3941 3942 4022
3 3942 4023 4022
3 3942 3943 4023
3 3943 4024 4023
3 3943 3944 4024
3 3944 4025 4024
3 3944 3945 4025
3 3945 3946 4025
3 4025 3946 4026
3 3946 3947 4026
3 4026 3947 4027
3 3947 3948 4027
3 4027 3948 4028
3 3948 4029 4028
3 4028 4029 4030
3 1187 4031 1186
3 1187 3949 4031
3 3949 4032 4031
3 3949 3950 4032
3 3950 4033 4032
3 3950 3951 4033
3 3951 4034 4033
3 3951 3952 4034
3 3952 4035 4034
3 3952 3953 4035
3 3953 4036 4035
3 3953 3954 4036
3 3954 4037 4036
3 3954 3955 4037
3 3955 4038 4037
3 3955 3956 4038
3 3956 4039 4038
3 3956 3957 4039
3 3957 4040 4039
3 3957 3958 4040
3 3958 4041 4040
3 3958 3959 4041
3 3959 4042 4041
3 3959 3960 4042
3 3960 4043 4042
3 3960 3961 4043
3 3961 4044 4043
3 3961 3962 4044
3 3962 4045 4044
3 3962 3963 4045
3 3963 3964 4045
3 4045 3964 4046
3 3964 3965 4046
3 4046 3965 4047
3 3965 3966 4047
3 4047 3966 4048
3 3966 3967 4048
3 4048 3967 4049
3 3967 4050 4049
3 3967 3968 4050
3 3968 4051 4050
3 3968 3969 4051
3 3969 4052 4051
3 3969 3970 4052
3 3970 3971 4052
3 4052 3971 4053
3 3971 4054 4053
3 3971 3972 4054
3 3972 4055 4054
3 3972 3973 4055
3 3973 4056 4055
3 3973 3974 4056
3 3974 4057 4056
3 3974 3975 4057
3 3975 4058 4057
3 3975 3976 4058
3 3976 4059 4058
3 3976 3977 4059
3 3977 4060 4059
3 3977 3978 4060
3 3978 4061 4060
3 3978 3979 4061
3 3979 4062 4061
3 3979 3980 4062
3 3980 4063 4062
3 3980 3981 4063
3 3981 4064 4063
3 3981 3982 4064
3 3982 4065 4064
3 3982 3983 4065
3 3983 4066 4065
3 3983 3984 4066
3 3984 3985 4066
3 4066 3985 4067
3 3985 3986 4067
3 4067 3986 4068
3 3986 4069 4068
3 3986 3987 4069
3 3987 4070 4069
3 3987 3988 4070
3 3988 4071 4070
3 3988 3989 4071
3 3989 4072 4071
3 3989 3990 4072
3 3990 3991 4072
3 4072 3991 4073
3 3991 4074 4073
3 3991 3992 4074
3 3992 4075 4074
3 3992 3993 4075
3 3993 4076 4075
3 3993 3994 4076
3 3994 4077 4076
3 3994 3995 4077
3 3995 4078 4077
3 3995 3996 4078
3 3996 4079 4078
3 3996 3997 4079
3 3997 4080 4079
3 3997 3998 4080
3 3998 4081 4080
3 3998 3999 4081
3 3999 4082 4081
3 3999 4000 4082
3 4000 4083 4082
3 4000 4001 4083
3 4001 4002 4083
3 4083 4002 4084
3 4002 4085 4084
3 4002 4003 4085
3 4003 4086 4085
3 4003 4004 4086
3 4004 4087 4086
3 4004 4005 4087
3 4005 4006 4087
3 4087 4006 4088
3 4006 4007 4088
3 4088 4007 4089
3 4007 4008 4089
3 4089 4008 4090
3 4008 4091 4090
3 4008 4009 4091
3 4009 4010 4091
3 4091 4010 4092
3 4010 4011 4092
3 4092 4011 4093
3 4011 4094 4093
3 4011 4012 4094
3 4012 4095 4094
3 4012 4013 4095
3 4013 4096 4095
3 4013 4014 4096
3 4014 4015 4096
3 4096 4015 4097
3 4015 4098 4097
3 4015 4016 4098
3 4016 4099 4098
3 4016 4017 4099
3 4017 4018 4099
3 4099 4018 4100
3 4018 4019 4100
3 4100 4019 4101
3 4019 4102 4101
3 4019 4020 4102
3 4020 4103 4102
3 4020 4021 4103
3 4021 4104 4103
3 4021 4022 4104
3 4022 4105 4104
3 4022 4023 4105
3 4023 4106 4105
3 4023 4024 4106
3 4024 4107 4106
3 4024 4025 4107
3 4025 4026 4107
3 4107 4026 4108
3 4026 4027 4108
3 4108 4027 4109
3 4027 4028 4109
3 4109 4028 4110
3 4028 4030 4110
3 4110 4030 4111
3 4030 4112 4111
3 4111 4112 4113
3 1186 4114 1185
3 1186 4031 4114
3 4031 4115 4114
3 4031 4032 4115
3 4032 4116 4115
3 4032 4033 4116
3 4033 4117 4116
3 4033 4034 4117
3 4034 4118 4117
3 4034 4035 4118
3 4035 4119 4118
3 4035 4036 4119
3 4036 4120 4119
3 4036 4037 4120
3 4037 4121 4120
3 4037 4038 4121
3 4038 4122 4121
3 4038 4039 4122
3 4039 4123 4122
3 4039 4040 4123
3 4040 4124 4123
3 4040 4041 4124
3 4041 4125 4124
3 4041 4042 4125
3 4042 4126 4125
3 4042 4043 4126
3 4043 4127 4126
3 4043 4044 4127
3 4044 4128 4127
3 4044 4045 4128
3 4045 4046 4128
3 4128 4046 4129
3 4046 4047 4129
3 4129 4047 4130
3 4047 4048 4130
3 4130 4048 4131
3 4048 4049 4131
3 4131 4049 4132
3 4049 4050 4132
3 4132 4050 4133
3 4050 4134 4133
3 4050 4051 4134
3 4051 4135 4134
3 4051 4052 4135
3 4052 4053 4135
3 4135 4053 4136
3 4053 4054 4136
3 4136 4054 4137
3 4054 4055 4137
3 4137 4055 4138
3 4055 4056 4138
3 4138 4056 4139
3 4056 4140 4139
3 4056 4057 4140
3 4057 4141 4140
3 4057 4058 4141
3 4058 4142 4141
3 4058 4059 4142
3 4059 4060 4142
3 4142 4060 4143
3 4060 4061 4143
3 4143 4061 4144
3 4061 4145 4144
3 4061 4062 4145
3 4062 4146 4145
3 4062 4063 4146
3 4063 4147 4146
3 4063 4064 4147
3 4064 4148 4147
3 4064 4065 4148
3 4065 4066 4148
3 4148 4066 4149
3 4066 4067 4149
3 4149 4067 4150
3 4067 4068 4150
3 4150 4068 4151
3 4068 4152 4151
3 4068 4069 4152
3 4069 4153 4152
3 4069 4070 4153
3 4070 4154 4153
3 4070 4071 4154
3 4071 4072 4154
3 4154 4072 4155
3 4072 4073 4155
3 4155 4073 4156
3 4073 4157 4156
3 4073 4074 4157
3 4074 4158 4157
3 4074 4075 4158
3 4075 4159 4158
3 4075 4076 4159
3 4076 4160 4159
3 4076 4077 4160
3 4077 4161 4160
3 4077 4078 4161
3 4078 4079 4161
3 4161 4079 4162
3 4079 4080 4162
3 4162 4080 4163
3 4080 4164 4163
3 4080 4081 4164
3 4081 4165 4164
3 4081 4082 4165
3 4082 4166 4165
3 4082 4083 4166
3 4083 4084 4166
3 4166 4084 4167
3 4084 4168 4167
3 4084 4085 4168
3 4085 4169 4168
3 4085 4086 4169
3 4086 4170 4169
3 4086 4087 4170
3 4087 4088 4170
3 4170 4088 4171
3 4088 4089 4171
3 4171 4089 4172
3 4089 4090 4172
3 4172 4090 4173
3 4090 4174 4173
3 4090 4091 4174
3 4091 4092 4174
3 4174 4092 4175
3 4092 4093 4175
3 4175 4093 4176
3 4093 4177 4176
3 4093 4094 4177
3 4094 4178 4177
3 4094 4095 4178
3 4095 4096 4178
3 4178 4096 4179
3 4096 4097 4179
3 4179 4097 4180
3 4097 4181 4180
3 4097 4098 4181
3 4098 4182 4181
3 4098 4099 4182
3 4099 4100 4182
3 4182 4100 4183
3 4100 4101 4183
3 4183 4101 4184
3 4101 4102 4184
3 4184 4102 4185
3 4102 4186 4185
3 4102 4103 4186
3 4103 4187 4186
3 4103 4104 4187
3 4104 4188 4187
3 4104 4105 4188
3 4105 4189 4188
3 4105 4106 4189
3 4106 4190 4189
3 4106 4107 4190
3 4107 4108 4190
3 4190 4108 4191
3 4108 4109 4191
3 4191 4109 4192
3 4109 4110 4192
3 4192 4110 4193
3 4110 4111 4193
3 4193 4111 4194
3 4111 4113 4194
3 4194 4113 4195
3 4113 4196 4195
3 4195 4196 4197
3 1185 4198 1184
3 1185 4114 4198
3 4114 4199 4198
3 4114 4115 4199
3 4115 4200 4199
3 4115 4116 4200
3 4116 4201 4200
3 4116 4117 4201
3 4117 4202 4201
3 4117 4118 4202
3 4118 4203 4202
3 4118 4119 4203
3 4119 4204 4203
3 4119 4120 4204
3 4120 4205 4204
3 4120 4121 4205
3 4121 4206 4205
3 4121 4122 4206
3 4122 4207 4206
3 4122 4123 4207
3 4123 4208 4207
3 4123 4124 4208
3 4124 4209 4208
3 4124 4125 4209
3 4125 4210 4209
3 4125 4126 4210
3 4126 4211 4210
3 4126 4127 4211
3 4127 4212 4211
3 4127 4128 4212
3 4128 4129 4212
3 4212 4129 4213
3 4129 4130 4213
3 4213 4130 4214
3 4130 4131 4214
3 4214 4131 4215
3 4131 4132 4215
3 4215 4132 4216
3 4132 4133 4216
3 4216 4133 4217
3 4133 4218 4217
3 4133 4134 4218
3 4134 4219 4218
3 4134 4135 4219
3 4135 4136 4219
3 4219 4136 4220
3 4136 4137 4220
3 4220 4137 4221
3 4137 4138 4221
3 4221 4138 4222
3 4138 4139 4222
3 4222 4139 4223
3 4139 4224 4223
3 4139 4140 4224
3 4140 4225 4224
3 4140 4141 4225
3 4141 4226 4225
3 4141 4142 4226
3 4142 4227 4226
3 4142 4143 4227
3 4143 4228 4227
3 4143 4144 4228
3 4144 4229 4228
3 4144 4145 4229
3 4145 4230 4229
3 4145 4146 4230
3 4146 4231 4230
3 4146 4147 4231
3 4147 4232 4231
3 4147 4148 4232
3 4148 4149 4232
3 4232 4149 4233
3 4149 4150 4233
3 4233 4150 4234
3 4150 4151 4234
3 4234 4151 4235
3 4151 4236 4235
3 4151 4152 4236
3 4152 4237 4236
3 4152 4153 4237
3 4153 4238 4237
3 4153 4154 4238
3 4154 4155 4238
3 4238 4155 4239
3 4155 4156 4239
3 4239 4156 4240
3 4156 4241 4240
3 4156 4157 4241
3 4157 4242 4241
3 4157 4158 4242
3 4158 4243 4242
3 4158 4159 4243
3 4159 4160 4243
3 4243 4160 4244
3 4160 4161 4244
3 4244 4161 4245
3 4161 4162 4245
3 4245 4162 4246
3 4162 4163 4246
3 4246 4163 4247
3 4163 4248 4247
3 4163 4164 4248
3 4164 4249 4248
3 4164 4165 4249
3 4165 4250 4249
3 4165 4166 4250
3 4166 4251 4250
3 4166 4167 4251
3 4167 4252 4251
3 4167 4168 4252
3 4168 4253 4252
3 4168 4169 4253
3 4169 4254 4253
3 4169 4170 4254
3 4170 4171 4254
3 4254 4171 4255
3 4171 4172 4255
3 4255 4172 4256
3 4172 4173 4256
3 4256 4173 4257
3 4173 4258 4257
3 4173 4174 4258
3 4174 4175 4258
3 4258 4175 4259
3 4175 4176 4259
3 4259 4176 4260
3 4176 4261 4260
3 4176 4177 4261
3 4177 4262 4261
3 4177 4178 4262
3 4178 4179 4262
3 4262 4179 4263
3 4179 4180 4263
3 4263 4180 4264
3 4180 4181 4264
3 4264 4181 4265
3 4181 4266 4265
3 4181 4182 4266
3 4182 4183 4266
3 4266 4183 4267
3 4183 4184 4267
3 4267 4184 4268
3 4184 4269 4268
3 4184 4185 4269
3 4185 4270 4269
3 4185 4186 4270
3 4186 4271 4270
3 4186 4187 4271
3 4187 4272 4271
3 4187 4188 4272
3 4188 4273 4272
3 4188 4189 4273
3 4189 4274 4273
3 4189 4190 4274
3 4190 4191 4274
3 4274 4191 4275
3 4191 4192 4275
3 4275 4192 4276
3 4192 4193 4276
3 4276 4193 4277
3 4193 4194 4277
3 4277 4194 4278
3 4194 4195 4278
3 4278 4195 4279
3 4195 4197 4279
3 4279 4197 4280
3 4197 4281 4280
3 1184 4282 1183
3 1184 4198 4282
3 4198 4283 4282
3 4198 4199 4283
3 4199 4284 4283
3 4199 4200 4284
3 4200 4285 4284
3 4200 4201 4285
3 4201 4286 4285
3 4201 4202 4286
3 4202 4287 4286
3 4202 4203 4287
3 4203 4288 4287
3 4203 4204 4288
3 4204 4289 4288
3 4204 4205 4289
3 4205 4290 4289
3 4205 4206 4290
3 4206 4291 4290
3 4206 4207 4291
3 4207 4292 4291
3 4207 4208 4292
3 4208 4293 4292
3 4208 4209 4293
3 4209 4294 4293
3 4209 4210 4294
3 4210 4295 4294
3 4210 4211 4295
3 4211 4296 4295
3 4211 4212 4296
3 4212 4213 4296
3 4296 4213 4297
3 4213 4214 4297
3 4297 4214 4298
3 4214 4215 4298
3 4298 4215 4299
3 4215 4216 4299
3 4299 4216 4300
3 4216 4217 4300
3 4300 4217 4301
3 4217 4302 4301
3 4217 4218 4302
3 4218 4303 4302
3 4218 4219 4303
3 4219 4220 4303
3 4303 4220 4304
3 4220 4221 4304
3 4304 4221 4305
3 4221 4222 4305
3 4305 4222 4306
3 4222 4307 4306
3 4222 4223 4307
3 4223 4308 4307
3 4223 4224 4308
3 4224 4309 4308
3 4224 4225 4309
3 4225 4310 4309
3 4225 4226 4310
3 4226 4311 4310
3 4226 4227 4311
3 4227 4312 4311
3 4227 4228 4312
3 4228 4313 4312
3 4228 4229 4313
3 4229 4314 4313
3 4229 4230 4314
3 4230 4315 4314
3 4230 4231 4315
3 4231 4316 4315
3 4231 4232 4316
3 4232 4317 4316
3 4232 4233 4317
3 4233 4234 4317
3 4317 4234 4318
3 4234 4235 4318
3 4318 4235 4319
3 4235 4320 4319
3 4235 4236 4320
3 4236 4321 4320
3 4236 4237 4321
3 4237 4322 4321
3 4237 4238 4322
3 4238 4239 4322
3 4322 4239 4323
3 4239 4240 4323
3 4323 4240 4324
3 4240 4241 4324
3 4324 4241 4325
3 4241 4326 4325
3 4241 4242 4326
3 4242 4327 4326
3 4242 4243 4327
3 4243 4328 4327
3 4243 4244 4328
3 4244 4245 4328
3 4328 4245 4329
3 4245 4246 4329
3 4329 4246 4330
3 4246 4247 4330
3 4330 4247 4331
3 4247 4332 4331
3 4247 4248 4332
3 4248 4333 4332
3 4248 4249 4333
3 4249 4334 4333
3 4249 4250 4334
3 4250 4251 4334
3 4334 4251 4335
3 4251 4336 4335
3 4251 4252 4336
3 4252 4337 4336
3 4252 4253 4337
3 4253 4338 4337
3 4253 4254 4338
3 4254 4339 4338
3 4254 4255 4339
3 4255 4256 4339
3 4339 4256 4340
3 4256 4341 4340
3 4256 4257 4341
3 4257 4342 4341
3 4257 4258 4342
3 4258 4259 4342
3 4342 4259 4343
3 4259 4260 4343
3 4343 4260 4344
3 4260 4345 4344
3 4260 4261 4345
3 4261 4346 4345
3 4261 4262 4346
3 4262 4347 4346
3 4262 4263 4347
3 4263 4264 4347
3 4347 4264 4348
3 4264 4349 4348
3 4264 4265 4349
3 4265 4350 4349
3 4265 4266 4350
3 4266 4267 4350
3 4350 4267 4351
3 4267 4268 4351
3 4351 4268 4352
3 4268 4353 4352
3 4268 4269 4353
3 4269 4354 4353
3 4269 4270 4354
3 4270 4355 4354
3 4270 4271 4355
3 4271 4356 4355
3 4271 4272 4356
3 4272 4357 4356
3 4272 4273 4357
3 4273 4358 4357
3 4273 4274 4358
3 4274 4275 4358
3 4358 4275 4359
3 4275 4276 4359
3 4359 4276 4360
3 4276 4277 4360
3 4360 4277 4361
3 4277 4278 4361
3 4361 4278 4362
3 4278 4279 4362
3 4362 4279 4363
3 4279 4280 4363
3 4363 4280 4364
3 4280 4365 4364
3 4280 4281 4365
3 1183 4366 1182
3 1183 4282 4366
3 4282 4367 4366
3 4282 4283 4367
3 4283 4368 4367
3 4283 4284 4368
3 4284 4369 4368
3 4284 4285 4369
3 4285 4370 4369
3 4285 4286 4370
3 4286 4371 4370
3 4286 4287 4371
3 4287 4372 4371
3 4287 4288 4372
3 4288 4373 4372
3 4288 4289 4373
3 4289 4374 4373
3 4289 4290 4374
3 4290 4375 4374
3 4290 4291 4375
3 4291 4376 4375
3 4291 4292 4376
3 4292 4377 4376
3 4292 4293 4377
3 4293 4378 4377
3 4293 4294 4378
3 4294 4379 4378
3 4294 4295 4379
3 4295 4380 4379
3 4295 4296 4380
3 4296 4297 4380
3 4380 4297 4381
3 4297 4298 4381
3 4381 4298 4382
3 4298 4299 4382
3 4382 4299 4383
3 4299 4384 4383
3 4299 4300 4384
3 4300 4385 4384
3 4300 4301 4385
3 4301 4386 4385
3 4301 4302 4386
3 4302 4387 4386
3 4302 4303 4387
3 4303 4388 4387
3 4303 4304 4388
3 4304 4389 4388
3 4304 4305 4389
3 4305 4390 4389
3 4305 4306 4390
3 4306 4391 4390
3 4306 4307 4391
3 4307 4392 4391
3 4307 4308 4392
3 4308 4393 4392
3 4308 4309 4393
3 4309 4394 4393
3 4309 4310 4394
3 4310 4395 4394
3 4310 4311 4395
3 4311 4396 4395
3 4311 4312 4396
3 4312 4397 4396
3 4312 4313 4397
3 4313 4398 4397
3 4313 4314 4398
3 4314 4399 4398
3 4314 4315 4399
3 4315 4400 4399
3 4315 4316 4400
3 4316 4401 4400
3 4316 4317 4401
3 4317 4318 4401
3 4401 4318 4402
3 4318 4319 4402
3 4402 4319 4403
3 4319 4404 4403
3 4319 4320 4404
3 4320 4405 4404
3 4320 4321 4405
3 4321 4406 4405
3 4321 4322 4406
3 4322 4407 4406
3 4322 4323 4407
3 4323 4324 4407
3 4407 4324 4408
3 4324 4409 4408
3 4324 4325 4409
3 4325 4410 4409
3 4325 4326 4410
3 4326 4411 4410
3 4326 4327 4411
3 4327 4412 4411
3 4327 4328 4412
3 4328 4329 4412
3 4412 4329 4413
3 4329 4330 4413
3 4413 4330 4414
3 4330 4331 4414
3 4414 4331 4415
3 4331 4332 4415
3 4415 4332 4416
3 4332 4417 4416
3 4332 4333 4417
3 4333 4418 4417
3 4333 4334 4418
3 4334 4335 4418
3 4418 4335 4419
3 4335 4420 4419
3 4335 4336 4420
3 4336 4421 4420
3 4336 4337 4421
3 4337 4422 4421
3 4337 4338 4422
3 4338 4423 4422
3 4338 4339 4423
3 4339 4340 4423
3 4423 4340 4424
3 4340 4425 4424
3 4340 4341 4425
3 4341 4426 4425
3 4341 4342 4426
3 4342 4343 4426
3 4426 4343 4427
3 4343 4344 4427
3 4427 4344 4428
3 4344 4429 4428
3 4344 4345 4429
3 4345 4430 4429
3 4345 4346 4430
3 4346 4431 4430
3 4346 4347 4431
3 4347 4348 4431
3 4431 4348 4432
3 4348 4433 4432
3 4348 4349 4433
3 4349 4434 4433
3 4349 4350 4434
3 4350 4351 4434
3 4434 4351 4435
3 4351 4352 4435
3 4435 4352 4436
3 4352 4353 4436
3 4436 4353 4437
3 4353 4438 4437
3 4353 4354 4438
3 4354 4439 4438
3 4354 4355 4439
3 4355 4440 4439
3 4355 4356 4440
3 4356 4441 4440
3 4356 4357 4441
3 4357 4442 4441
3 4357 4358 4442
3 4358 4359 4442
3 4442 4359 4443
3 4359 4360 4443
3 4443 4360 4444
3 4360 4361 4444
3 4444 4361 4445
3 4361 4362 4445
3 4445 4362 4446
3 4362 4363 4446
3 4446 4363 4447
3 4363 4364 4447
3 4447 4364 4448
3 4364 4449 4448
3 4364 4365 4449
3 4365 4450 4449
3 1182 4366 1181
3 1181 4366 4451
3 4366 4452 4451
3 4366 4367 4452
3 4367 4453 4452
3 4367 4368 4453
3 4368 4454 4453
3 4368 4369 4454
3 4369 4455 4454
3 4369 4370 4455
3 4370 4456 4455
3 4370 4371 4456
3 4371 4457 4456
3 4371 4372 4457
3 4372 4458 4457
3 4372 4373 4458
3 4373 4459 4458
3 4373 4374 4459
3 4374 4460 4459
3 4374 4375 4460
3 4375 4461 4460
3 4375 4376 4461
3 4376 4462 4461
3 4376 4377 4462
3 4377 4463 4462
3 4377 4378 4463
3 4378 4464 4463
3 4378 4379 4464
3 4379 4465 4464
3 4379 4380 4465
3 4380 4381 4465
3 4465 4381 4466
3 4381 4382 4466
3 4466 4382 4467
3 4382 4383 4467
3 4467 4383 4468
3 4383 4384 4468
3 4468 4384 4469
3 4384 4385 4469
3 4469 4385 4470
3 4385 4471 4470
3 4385 4386 4471
3 4386 4472 4471
3 4386 4387 4472
3 4387 4388 4472
3 4472 4388 4473
3 4388 4389 4473
3 4473 4389 4474
3 4389 4390 4474
3 4474 4390 4475
3 4390 4476 4475
3 4390 4391 4476
3 4391 4477 4476
3 4391 4392 4477
3 4392 4478 4477
3 4392 4393 4478
3 4393 4479 4478
3 4393 4394 4479
3 4394 4480 4479
3 4394 4395 4480
3 4395 4481 4480
3 4395 4396 4481
3 4396 4482 4481
3 4396 4397 4482
3 4397 4483 4482
3 4397 4398 4483
3 4398 4484 4483
3 4398 4399 4484
3 4399 4485 4484
3 4399 4400 4485
3 4400 4401 4485
3 4485 4401 4486
3 4401 4402 4486
3 4486 4402 4487
3 4402 4403 4487
3 4487 4403 4488
3 4403 4489 4488
3 4403 4404 4489
3 4404 4490 4489
3 4404 4405 4490
3 4405 4491 4490
3 4405 4406 4491
3 4406 4492 4491
3 4406 4407 4492
3 4407 4408 4492
3 4492 4408 4493
3 4408 4494 4493
3 4408 4409 4494
3 4409 4495 4494
3 4409 4410 4495
3 4410 4496 4495
3 4410 4411 4496
3 4411 4497 4496
3 4411 4412 4497
3 4412 4498 4497
3 4412 4413 4498
3 4413 4414 4498
3 4498 4414 4499
3 4414 4415 4499
3 4499 4415 4500
3 4415 4416 4500
3 4500 4416 4501
3 4416 4502 4501
3 4416 4417 4502
3 4417 4503 4502
3 4417 4418 4503
3 4418 4419 4503
3 4503 4419 4504
3 4419 4505 4504
3 4419 4420 4505
3 4420 4506 4505
3 4420 4421 4506
3 4421 4507 4506
3 4421 4422 4507
3 4422 4508 4507
3 4422 4423 4508
3 4423 4424 4508
3 4508 4424 4509
3 4424 4510 4509
3 4424 4425 4510
3 4425 4511 4510
3 4425 4426 4511
3 4426 4512 4511
3 4426 4427 4512
3 4427 4428 4512
3 4512 4428 4513
3 4428 4514 4513
3 4428 4429 4514
3 4429 4515 4514
3 4429 4430 4515
3 4430 4516 4515
3 4430 4431 4516
3 4431 4432 4516
3 4516 4432 4517
3 4432 4518 4517
3 4432 4433 4518
3 4433 4519 4518
3 4433 4434 4519
3 4434 4520 4519
3 4434 4435 4520
3 4435 4436 4520
3 4520 4436 4521
3 4436 4522 4521
3 4436 4437 4522
3 4437 4523 4522
3 4437 4438 4523
3 4438 4524 4523
3 4438 4439 4524
3 4439 4525 4524
3 4439 4440 4525
3 4440 4526 4525
3 4440 4441 4526
3 4441 4527 4526
3 4441 4442 4527
3 4442 4443 4527
3 4527 4443 4528
3 4443 4444 4528
3 4528 4444 4529
3 4444 4445 4529
3 4529 4445 4530
3 4445 4446 4530
3 4530 4446 4531
3 4446 4447 4531
3 4531 4447 4532
3 4447 4448 4532
3 4532 4448 4533
3 4448 4534 4533
3 4448 4449 4534
3 4449 4535 4534
3 4449 4450 4535
3 1181 4536 1180
3 1181 4451 4536
3 4451 4537 4536
3 4451 4452 4537
3 4452 4538 4537
3 4452 4453 4538
3 4453 4539 4538
3 4453 4454 4539
3 4454 4540 4539
3 4454 4455 4540
3 4455 4541 4540
3 4455 4456 4541
3 4456 4542 4541
3 4456 4457 4542
3 4457 4543 4542
3 4457 4458 4543
3 4458 4544 4543
3 4458 4459 4544
3 4459 4545 4544
3 4459 4460 4545
3 4460 4546 4545
3 4460 4461 4546
3 4461 4547 4546
3 4461 4462 4547
3 4462 4548 4547
3 4462 4463 4548
3 4463 4549 4548
3 4463 4464 4549
3 4464 4465 4549
3 4549 4465 4550
3 4465 4466 4550
3 4550 4466 4551
3 4466 4467 4551
3 4551 4467 4552
3 4467 4468 4552
3 4552 4468 4553
3 4468 4469 4553
3 4553 4469 4554
3 4469 4470 4554
3 4554 4470 4555
3 4470 4471 4555
3 4555 4471 4556
3 4471 4557 4556
3 4471 4472 4557
3 4472 4473 4557
3 4557 4473 4558
3 4473 4474 4558
3 4558 4474 4559
3 4474 4475 4559
3 4559 4475 4560
3 4475 4476 4560
3 4560 4476 4561
3 4476 4562 4561
3 4476 4477 4562
3 4477 4563 4562
3 4477 4478 4563
3 4478 4564 4563
3 4478 4479 4564
3 4479 4480 4564
3 4564 4480 4565
3 4480 4481 4565
3 4565 4481 4566
3 4481 4567 4566
3 4481 4482 4567
3 4482 4568 4567
3 4482 4483 4568
3 4483 4569 4568
3 4483 4484 4569
3 4484 4570 4569
3 4484 4485 4570
3 4485 4486 4570
3 4570 4486 4571
3 4486 4487 4571
3 4571 4487 4572
3 4487 4488 4572
3 4572 4488 4573
3 4488 4489 4573
3 4573 4489 4574
3 4489 4575 4574
3 4489 4490 4575
3 4490 4576 4575
3 4490 4491 4576
3 4491 4492 4576
3 4576 4492 4577
3 4492 4493 4577
3 4577 4493 4578
3 4493 4579 4578
3 4493 4494 4579
3 4494 4580 4579
3 4494 4495 4580
3 4495 4496 4580
3 4580 4496 4581
3 4496 4582 4581
3 4496 4497 4582
3 4497 4498 4582
3 4582 4498 4583
3 4498 4499 4583
3 4583 4499 4584
3 4499 4500 4584
3 4584 4500 4585
3 4500 4501 4585
3 4585 4501 4586
3 4501 4502 4586
3 4586 4502 4587
3 4502 4503 4587
3 4587 4503 4588
3 4503 4504 4588
3 4588 4504 4589
3 4504 4505 4589
3 4589 4505 4590
3 4505 4591 4590
3 4505 4506 4591
3 4506 4592 4591
3 4506 4507 4592
3 4507 4508 4592
3 4592 4508 4593
3 4508 4509 4593
3 4593 4509 4594
3 4509 4510 4594
3 4594 4510 4595
3 4510 4511 4595
3 4595 4511 4596
3 4511 4512 4596
3 4596 4512 4597
3 4512 4513 4597
3 4597 4513 4598
3 4513 4514 4598
3 4598 4514 4599
3 4514 4600 4599
3 4514 4515 4600
3 4515 4516 4600
3 4600 4516 4601
3 4516 4517 4601
3 4601 4517 4602
3 4517 4603 4602
3 4517 4518 4603
3 4518 4519 4603
3 4603 4519 4604
3 4519 4520 4604
3 4604 4520 4605
3 4520 4521 4605
3 4605 4521 4606
3 4521 4522 4606
3 4606 4522 4607
3 4522 4608 4607
3 4522 4523 4608
3 4523 4609 4608
3 4523 4524 4609
3 4524 4610 4609
3 4524 4525 4610
3 4525 4611 4610
3 4525 4526 4611
3 4526 4612 4611
3 4526 4527 4612
3 4527 4528 4612
3 4612 4528 4613
3 4528 4529 4613
3 4613 4529 4614
3 4529 4530 4614
3 4614 4530 4615
3 4530 4531 4615
3 4615 4531 4616
3 4531 4532 4616
3 4616 4532 4617
3 4532 4533 4617
3 4617 4533 4618
3 4533 4619 4618
3 4533 4534 4619
3 4534 4620 4619
3 4534 4535 4620
3 4535 4621 4620
3 4535 4622 4621
3 1180 4623 1179
3 1180 4536 4623
3 4536 4624 4623
3 4536 4537 4624
3 4537 4625 4624
3 4537 4538 4625
3 4538 4626 4625
3 4538 4539 4626
3 4539 4627 4626
3 4539 4540 4627
3 4540 4628 4627
3 4540 4541 4628
3 4541 4629 4628
3 4541 4542 4629
3 4542 4630 4629
3 4542 4543 4630
3 4543 4631 4630
3 4543 4544 4631
3 4544 4632 4631
3 4544 4545 4632
3 4545 4633 4632
3 4545 4546 4633
3 4546 4634 4633
3 4546 4547 4634
3 4547 4635 4634
3 4547 4548 4635
3 4548 4636 4635
3 4548 4549 4636
3 4549 4550 4636
3 4636 4550 4637
3 4550 4551 4637
3 4637 4551 4638
3 4551 4552 4638
3 4638 4552 4639
3 4552 4553 4639
3 4639 4553 4640
3 4553 4554 4640
3 4640 4554 4641
3 4554 4555 4641
3 4641 4555 4642
3 4555 4556 4642
3 4642 4556 4643
3 4556 4557 4643
3 4643 4557 4644
3 4557 4558 4644
3 4644 4558 4645
3 4558 4559 4645
3 4645 4559 4646
3 4559 4560 4646
3 4646 4560 4647
3 4560 4561 4647
3 4647 4561 4648
3 4561 4649 4648
3 4561 4562 4649
3 4562 4650 4649
3 4562 4563 4650
3 4563 4651 4650
3 4563 4564 4651
3 4564 4565 4651
3 4651 4565 4652
3 4565 4566 4652
3 4652 4566 4653
3 4566 4654 4653
3 4566 4567 4654
3 4567 4655 4654
3 4567 4568 4655
3 4568 4656 4655
3 4568 4569 4656
3 4569 4657 4656
3 4569 4570 4657
3 4570 4571 4657
3 4657 4571 4658
3 4571 4572 4658
3 4658 4572 4659
3 4572 4573 4659
3 4659 4573 4660
3 4573 4661 4660
3 4573 4574 4661
3 4574 4662 4661
3 4574 4575 4662
3 4575 4663 4662
3 4575 4576 4663
3 4576 4577 4663
3 4663 4577 4664
3 4577 4578 4664
3 4664 4578 4665
3 4578 4666 4665
3 4578 4579 4666
3 4579 4667 4666
3 4579 4580 4667
3 4580 4581 4667
3 4667 4581 4668
3 4581 4669 4668
3 4581 4582 4669
3 4582 4583 4669
3 4669 4583 4670
3 4583 4584 4670
3 4670 4584 4671
3 4584 4585 4671
3 4671 4585 4672
3 4585 4586 4672
3 4672 4586 4673
3 4586 4587 4673
3 4673 4587 4674
3 4587 4588 4674
3 4674 4588 4675
3 4588 4589 4675
3 4675 4589 4676
3 4589 4590 4676
3 4676 4590 4677
3 4590 4678 4677
3 4590 4591 4678
3 4591 4679 4678
3 4591 4592 4679
3 4592 4680 4679
3 4592 4593 4680
3 4593 4594 4680
3 4680 4594 4681
3 4594 4595 4681
3 4681 4595 4682
3 4595 4596 4682
3 4682 4596 4683
3 4596 4597 4683
3 4683 4597 4684
3 4597 4598 4684
3 4684 4598 4685
3 4598 4686 4685
3 4598 4599 4686
3 4599 4687 4686
3 4599 4600 4687
3 4600 4601 4687
3 4687 4601 4688
3 4601 4602 4688
3 4688 4602 4689
3 4602 4690 4689
3 4602 4603 4690
3 4603 4604 4690
3 4690 4604 4691
3 4604 4605 4691
3 4691 4605 4692
3 4605 4606 4692
3 4692 4606 4693
3 4606 4607 4693
3 4693 4607 4694
3 4607 4695 4694
3 4607 4608 4695
3 4608 4696 4695
3 4608 4609 4696
3 4609 4697 4696
3 4609 4610 4697
3 4610 4698 4697
3 4610 4611 4698
3 4611 4699 4698
3 4611 4612 4699
3 4612 4613 4699
3 4699 4613 4700
3 4613 4614 4700
3 4700 4614 4701
3 4614 4615 4701
3 4701 4615 4702
3 4615 4616 4702
3 4702 4616 4703
3 4616 4617 4703
3 4703 4617 4704
3 4617 4618 4704
3 4704 4618 4705
3 4618 4706 4705
3 4618 4619 4706
3 4619 4707 4706
3 4619 4620 4707
3 4620 4708 4707
3 4620 4621 4708
3 4621 4709 4708
3 1179 4710 1178
3 1179 4623 4710
3 4623 4711 4710
3 4623 4624 4711
3 4624 4625 4711
3 4711 4625 4712
3 4625 4626 4712
3 4712 4626 4713
3 4626 4714 4713
3 4626 4627 4714
3 4627 4715 4714
3 4627 4628 4715
3 4628 4716 4715
3 4628 4629 4716
3 4629 4717 4716
3 4629 4630 4717
3 4630 4718 4717
3 4630 4631 4718
3 4631 4719 4718
3 4631 4632 4719
3 4632 4720 4719
3 4632 4633 4720
3 4633 4721 4720
3 4633 4634 4721
3 4634 4722 4721
3 4634 4635 4722
3 4635 4723 4722
3 4635 4636 4723
3 4636 4724 4723
3 4636 4637 4724
3 4637 4638 4724
3 4724 4638 4725
3 4638 4639 4725
3 4725 4639 4726
3 4639 4640 4726
3 4726 4640 4727
3 4640 4641 4727
3 4727 4641 4728
3 4641 4642 4728
3 4728 4642 4729
3 4642 4643 4729
3 4729 4643 4730
3 4643 4731 4730
3 4643 4644 4731
3 4644 4645 4731
3 4731 4645 4732
3 4645 4646 4732
3 4732 4646 4733
3 4646 4647 4733
3 4733 4647 4734
3 4647 4648 4734
3 4734 4648 4735
3 4648 4736 4735
3 4648 4649 4736
3 4649 4737 4736
3 4649 4650 4737
3 4650 4738 4737
3 4650 4651 4738
3 4651 4652 4738
3 4738 4652 4739
3 4652 4740 4739
3 4652 4653 4740
3 4653 4741 4740
3 4653 4654 4741
3 4654 4742 4741
3 4654 4655 4742
3 4655 4743 4742
3 4655 4656 4743
3 4656 4744 4743
3 4656 4657 4744
3 4657 4658 4744
3 4744 4658 4745
3 4658 4659 4745
3 4745 4659 4746
3 4659 4660 4746
3 4746 4660 4747
3 4660 4748 4747
3 4660 4661 4748
3 4661 4749 4748
3 4661 4662 4749
3 4662 4750 4749
3 4662 4663 4750
3 4663 4664 4750
3 4750 4664 4751
3 4664 4665 4751
3 4751 4665 4752
3 4665 4753 4752
3 4665 4666 4753
3 4666 4754 4753
3 4666 4667 4754
3 4667 4668 4754
3 4754 4668 4755
3 4668 4669 4755
3 4755 4669 4756
3 4669 4670 4756
3 4756 4670 4757
3 4670 4671 4757
3 4757 4671 4758
3 4671 4672 4758
3 4758 4672 4759
3 4672 4673 4759
3 4759 4673 4760
3 4673 4674 4760
3 4760 4674 4761
3 4674 4675 4761
3 4761 4675 4762
3 4675 4676 4762
3 4762 4676 4763
3 4676 4677 4763
3 4763 4677 4764
3 4677 4765 4764
3 4677 4678 4765
3 4678 4766 4765
3 4678 4679 4766
3 4679 4767 4766
3 4679 4680 4767
3 4680 4681 4767
3 4767 4681 4768
3 4681 4682 4768
3 4768 4682 4769
3 4682 4770 4769
3 4682 4683 4770
3 4683 4684 4770
3 4770 4684 4771
3 4684 4685 4771
3 4771 4685 4772
3 4685 4773 4772
3 4685 4686 4773
3 4686 4774 4773
3 4686 4687 4774
3 4687 4775 4774
3 4687 4688 4775
3 4688 4689 4775
3 4775 4689 4776
3 4689 4777 4776
3 4689 4690 4777
3 4690 4778 4777
3 4690 4691 4778
3 4691 4692 4778
3 4778 4692 4779
3 4692 4693 4779
3 4779 4693 4780
3 4693 4694 4780
3 4780 4694 4781
3 4694 4782 4781
3 4694 4695 4782
3 4695 4783 4782
3 4695 4696 4783
3 4696 4784 4783
3 4696 4697 4784
3 4697 4785 4784
3 4697 4698 4785
3 4698 4699 4785
3 4785 4699 4786
3 4699 4700 4786
3 4786 4700 4787
3 4700 4701 4787
3 4787 4701 4788
3 4701 4702 4788
3 4788 4702 4789
3 4702 4703 4789
3 4789 4703 4790
3 4703 4704 4790
3 4790 4704 4791
3 4704 4705 4791
3 4791 4705 4792
3 4705 4793 4792
3 4705 4706 4793
3 4706 4794 4793
3 4706 4707 4794
3 4707 4795 4794
3 4707 4708 4795
3 4708 4796 4795
3 4708 4709 4796
3 1178 4710 1177
3 1177 4710 4797
3 4710 4798 4797
3 4710 4711 4798
3 4711 4712 4798
3 4798 4712 4799
3 4712 4713 4799
3 4799 4713 4800
3 4713 4801 4800
3 4713 4714 4801
3 4714 4802 4801
3 4714 4715 4802
3 4715 4803 4802
3 4715 4716 4803
3 4716 4804 4803
3 4716 4717 4804
3 4717 4805 4804
3 4717 4718 4805
3 4718 4806 4805
3 4718 4719 4806
3 4719 4807 4806
3 4719 4720 4807
3 4720 4808 4807
3 4720 4721 4808
3 4721 4809 4808
3 4721 4722 4809
3 4722 4810 4809
3 4722 4723 4810
3 4723 4811 4810
3 4723 4724 4811
3 4724 4725 4811
3 4811 4725 4812
3 4725 4726 4812
3 4812 4726 4813
3 4726 4727 4813
3 4813 4727 4814
3 4727 4728 4814
3 4814 4728 4815
3 4728 4729 4815
3 4815 4729 4816
3 4729 4817 4816
3 4729 4730 4817
3 4730 4818 4817
3 4730 4731 4818
3 4731 4732 4818
3 4818 4732 4819
3 4732 4733 4819
3 4819 4733 4820
3 4733 4734 4820
3 4820 4734 4821
3 4734 4822 4821
3 4734 4735 4822
3 4735 4823 4822
3 4735 4736 4823
3 4736 4824 4823
3 4736 4737 4824
3 4737 4825 4824
3 4737 4738 4825
3 4738 4826 4825
3 4738 4739 4826
3 4739 4827 4826
3 4739 4740 4827
3 4740 4828 4827
3 4740 4741 4828
3 4741 4829 4828
3 4741 4742 4829
3 4742 4830 4829
3 4742 4743 4830
3 4743 4831 4830
3 4743 4744 4831
3 4744 4745 4831
3 4831 4745 4832
3 4745 4746 4832
3 4832 4746 4833
3 4746 4747 4833
3 4833 4747 4834
3 4747 4835 4834
3 4747 4748 4835
3 4748 4836 4835
3 4748 4749 4836
3 4749 4837 4836
3 4749 4750 4837
3 4750 4838 4837
3 4750 4751 4838
3 4751 4839 4838
3 4751 4752 4839
3 4752 4840 4839
3 4752 4753 4840
3 4753 4841 4840
3 4753 4754 4841
3 4754 4842 4841
3 4754 4755 4842
3 4755 4843 4842
3 4755 4756 4843
3 4756 4844 4843
3 4756 4757 4844
3 4757 4758 4844
3 4844 4758 4845
3 4758 4759 4845
3 4845 4759 4846
3 4759 4760 4846
3 4846 4760 4847
3 4760 4848 4847
3 4760 4761 4848
3 4761 4762 4848
3 4848 4762 4849
3 4762 4763 4849
3 4849 4763 4850
3 4763 4764 4850
3 4850 4764 4851
3 4764 4765 4851
3 4851 4765 4852
3 4765 4766 4852
3 4852 4766 4853
3 4766 4767 4853
3 4853 4767 4854
3 4767 4768 4854
3 4854 4768 4855
3 4768 4856 4855
3 4768 4769 4856
3 4769 4857 4856
3 4769 4770 4857
3 4770 4771 4857
3 4857 4771 4858
3 4771 4772 4858
3 4858 4772 4859
3 4772 4860 4859
3 4772 4773 4860
3 4773 4861 4860
3 4773 4774 4861
3 4774 4862 4861
3 4774 4775 4862
3 4775 4863 4862
3 4775 4776 4863
3 4776 4864 4863
3 4776 4777 4864
3 4777 4865 4864
3 4777 4778 4865
3 4778 4866 4865
3 4778 4779 4866
3 4779 4867 4866
3 4779 4780 4867
3 4780 4868 4867
3 4780 4781 4868
3 4781 4869 4868
3 4781 4782 4869
3 4782 4870 4869
3 4782 4783 4870
3 4783 4871 4870
3 4783 4784 4871
3 4784 4872 4871
3 4784 4785 4872
3 4785 4873 4872
3 4785 4786 4873
3 4786 4787 4873
3 4873 4787 4874
3 4787 4788 4874
3 4874 4788 4875
3 4788 4789 4875
3 4875 4789 4876
3 4789 4790 4876
3 4876 4790 4877
3 4790 4791 4877
3 4877 4791 4878
3 4791 4792 4878
3 4878 4792 4879
3 4792 4880 4879
3 4792 4793 4880
3 4793 4881 4880
3 4793 4794 4881
3 4794 4882 4881
3 4794 4795 4882
3 4795 4883 4882
3 4795 4796 4883
3 4796 4884 4883
3 1177 4797 1176
3 1176 4797 4885
3 4797 4798 4885
3 4885 4798 4886
3 4798 4799 4886
3 4886 4799 4887
3 4799 4888 4887
3 4799 4800 4888
3 4800 4889 4888
3 4800 4801 4889
3 4801 4890 4889
3 4801 4802 4890
3 4802 4891 4890
3 4802 4803 4891
3 4803 4892 4891
3 4803 4804 4892
3 4804 4893 4892
3 4804 4805 4893
3 4805 4894 4893
3 4805 4806 4894
3 4806 4895 4894
3 4806 4807 4895
3 4807 4896 4895
3 4807 4808 4896
3 4808 4897 4896
3 4808 4809 4897
3 4809 4898 4897
3 4809 4810 4898
3 4810 4899 4898
3 4810 4811 4899
3 4811 4812 4899
3 4899 4812 4900
3 4812 4813 4900
3 4900 4813 4901
3 4813 4814 4901
3 4901 4814 4902
3 4814 4815 4902
3 4902 4815 4903
3 4815 4816 4903
3 4903 4816 4904
3 4816 4817 4904
3 4904 4817 4905
3 4817 4818 4905
3 4905 4818 4906
3 4818 4819 4906
3 4906 4819 4907
3 4819 4820 4907
3 4907 4820 4908
3 4820 4821 4908
3 4908 4821 4909
3 4821 4822 4909
3 4909 4822 4910
3 4822 4911 4910
3 4822 4823 4911
3 4823 4912 4911
3 4823 4824 4912
3 4824 4913 4912
3 4824 4825 4913
3 4825 4826 4913
3 4913 4826 4914
3 4826 4915 4914
3 4826 4827 4915
3 4827 4916 4915
3 4827 4828 4916
3 4828 4917 4916
3 4828 4829 4917
3 4829 4918 4917
3 4829 4830 4918
3 4830 4919 4918
3 4830 4831 4919
3 4831 4832 4919
3 4919 4832 4920
3 4832 4833 4920
3 4920 4833 4921
3 4833 4834 4921
3 4921 4834 4922
3 4834 4923 4922
3 4834 4835 4923
3 4835 4924 4923
3 4835 4836 4924
3 4836 4925 4924
3 4836 4837 4925
3 4837 4926 4925
3 4837 4838 4926
3 4838 4927 4926
3 4838 4839 4927
3 4839 4928 4927
3 4839 4840 4928
3 4840 4929 4928
3 4840 4841 4929
3 4841 4930 4929
3 4841 4842 4930
3 4842 4931 4930
3 4842 4843 4931
3 4843 4844 4931
3 4931 4844 4932
3 4844 4845 4932
3 4932 4845 4933
3 4845 4846 4933
3 4933 4846 4934
3 4846 4935 4934
3 4846 4847 4935
3 4847 4936 4935
3 4847 4848 4936
3 4848 4937 4936
3 4848 4849 4937
3 4849 4850 4937
3 4937 4850 4938
3 4850 4851 4938
3 4938 4851 4939
3 4851 4852 4939
3 4939 4852 4940
3 4852 4853 4940
3 4940 4853 4941
3 4853 4854 4941
3 4941 4854 4942
3 4854 4855 4942
3 4942 4855 4943
3 4855 4944 4943
3 4855 4856 4944
3 4856 4945 4944
3 4856 4857 4945
3 4857 4858 4945
3 4945 4858 4946
3 4858 4859 4946
3 4946 4859 4947
3 4859 4948 4947
3 4859 4860 4948
3 4860 4949 4948
3 4860 4861 4949
3 4861 4950 4949
3 4861 4862 4950
3 4862 4951 4950
3 4862 4863 4951
3 4863 4952 4951
3 4863 4864 4952
3 4864 4953 4952
3 4864 4865 4953
3 4865 4954 4953
3 4865 4866 4954
3 4866 4955 4954
3 4866 4867 4955
3 4867 4956 4955
3 4867 4868 4956
3 4868 4957 4956
3 4868 4869 4957
3 4869 4958 4957
3 4869 4870 4958
3 4870 4959 4958
3 4870 4871 4959
3 4871 4960 4959
3 4871 4872 4960
3 4872 4961 4960
3 4872 4873 4961
3 4873 4874 4961
3 4961 4874 4962
3 4874 4875 4962
3 4962 4875 4963
3 4875 4876 4963
3 4963 4876 4964
3 4876 4877 4964
3 4964 4877 4965
3 4877 4878 4965
3 4965 4878 4966
3 4878 4879 4966
3 4966 4879 4967
3 4879 4880 4967
3 4967 4880 4968
3 4880 4969 4968
3 4880 4881 4969
3 4881 4970 4969
3 4881 4882 4970
3 4882 4971 4970
3 4882 4883 4971
3 4883 4972 4971
3 4883 4884 4972
3 1176 4885 1175
3 1175 4885 4973
3 4885 4886 4973
3 4973 4886 4974
3 4886 4975 4974
3 4886 4887 4975
3 4887 4976 4975
3 4887 4888 4976
3 4888 4977 4976
3 4888 4889 4977
3 4889 4978 4977
3 4889 4890 4978
3 4890 4979 4978
3 4890 4891 4979
3 4891 4980 4979
3 4891 4892 4980
3 4892 4981 4980
3 4892 4893 4981
3 4893 4982 4981
3 4893 4894 4982
3 4894 4983 4982
3 4894 4895 4983
3 4895 4984 4983
3 4895 4896 4984
3 4896 4985 4984
3 4896 4897 4985
3 4897 4986 4985
3 4897 4898 4986
3 4898 4987 4986
3 4898 4899 4987
3 4899 4900 4987
3 4987 4900 4988
3 4900 4901 4988
3 4988 4901 4989
3 4901 4902 4989
3 4989 4902 4990
3 4902 4903 4990
3 4990 4903 4991
3 4903 4904 4991
3 4991 4904 4992
3 4904 4905 4992
3 4992 4905 4993
3 4905 4994 4993
3 4905 4906 4994
3 4906 4907 4994
3 4994 4907 4995
3 4907 4908 4995
3 4995 4908 4996
3 4908 4909 4996
3 4996 4909 4997
3 4909 4998 4997
3 4909 4910 4998
3 4910 4999 4998
3 4910 4911 4999
3 4911 5000 4999
3 4911 4912 5000
3 4912 5001 5000
3 4912 4913 5001
3 4913 4914 5001
3 5001 4914 5002
3 4914 5003 5002
3 4914 4915 5003
3 4915 5004 5003
3 4915 4916 5004
3 4916 5005 5004
3 4916 4917 5005
3 4917 5006 5005
3 4917 4918 5006
3 4918 5007 5006
3 4918 4919 5007
3 4919 4920 5007
3 5007 4920 5008
3 4920 4921 5008
3 5008 4921 5009
3 4921 4922 5009
3 5009 4922 5010
3 4922 5011 5010
3 4922 4923 5011
3 4923 5012 5011
3 4923 4924 5012
3 4924 5013 5012
3 4924 4925 5013
3 4925 4926 5013
3 5013 4926 5014
3 4926 4927 5014
3 5014 4927 5015
3 4927 5016 5015
3 4927 4928 5016
3 4928 5017 5016
3 4928 4929 5017
3 4929 4930 5017
3 5017 4930 5018
3 4930 4931 5018
3 5018 4931 5019
3 4931 4932 5019
3 5019 4932 5020
3 4932 4933 5020
3 5020 4933 5021
3 4933 4934 5021
3 5021 4934 5022
3 4934 4935 5022
3 5022 4935 5023
3 4935 5024 5023
3 4935 4936 5024
3 4936 5025 5024
3 4936 4937 5025
3 4937 4938 5025
3 5025 4938 5026
3 4938 5027 5026
3 4938 4939 5027
3 4939 5028 5027
3 4939 4940 5028
3 4940 5029 5028
3 4940 4941 5029
3 4941 4942 5029
3 5029 4942 5030
3 4942 4943 5030
3 5030 4943 5031
3 4943 5032 5031
3 4943 4944 5032
3 4944 5033 5032
3 4944 4945 5033
3 4945 5034 5033
3 4945 4946 5034
3 4946 4947 5034
3 5034 4947 5035
3 4947 5036 5035
3 4947 4948 5036
3 4948 5037 5036
3 4948 4949 5037
3 4949 5038 5037
3 4949 4950 5038
3 4950 5039 5038
3 4950 4951 5039
3 4951 5040 5039
3 4951 4952 5040
3 4952 5041 5040
3 4952 4953 5041
3 4953 5042 5041
3 4953 4954 5042
3 4954 5043 5042
3 4954 4955 5043
3 4955 5044 5043
3 4955 4956 5044
3 4956 5045 5044
3 4956 4957 5045
3 4957 5046 5045
3 4957 4958 5046
3 4958 5047 5046
3 4958 4959 5047
3 4959 5048 5047
3 4959 4960 5048
3 4960 5049 5048
3 4960 4961 5049
3 4961 5050 5049
3 4961 4962 5050
3 4962 4963 5050
3 5050 4963 5051
3 4963 4964 5051
3 5051 4964 5052
3 4964 4965 5052
3 5052 4965 5053
3 4965 4966 5053
3 5053 4966 5054
3 4966 4967 5054
3 5054 4967 5055
3 4967 5056 5055
3 4967 4968 5056
3 4968 5057 5056
3 4968 4969 5057
3 4969 5058 5057
3 4969 4970 5058
3 4970 5059 5058
3 4970 4971 5059
3 4971 5060 5059
3 4971 4972 5060
3 4972 5061 5060
3 1175 4973 1174
3 1174 4973 5062
3 4973 4974 5062
3 5062 4974 5063
3 4974 4975 5063
3 5063 4975 5064
3 4975 5065 5064
3 4975 4976 5065
3 4976 5066 5065
3 4976 4977 5066
3 4977 5067 5066
3 4977 4978 5067
3 4978 5068 5067
3 4978 4979 5068
3 4979 5069 5068
3 4979 4980 5069
3 4980 5070 5069
3 4980 4981 5070
3 4981 5071 5070
3 4981 4982 5071
3 4982 5072 5071
3 4982 4983 5072
3 4983 5073 5072
3 4983 4984 5073
3 4984 5074 5073
3 4984 4985 5074
3 4985 5075 5074
3 4985 4986 5075
3 4986 5076 5075
3 4986 4987 5076
3 4987 4988 5076
3 5076 4988 5077
3 4988 4989 5077
3 5077 4989 5078
3 4989 4990 5078
3 5078 4990 5079
3 4990 4991 5079
3 5079 4991 5080
3 4991 4992 5080
3 5080 4992 5081
3 4992 5082 5081
3 4992 4993 5082
3 4993 5083 5082
3 4993 4994 5083
3 4994 4995 5083
3 5083 4995 5084
3 4995 4996 5084
3 5084 4996 5085
3 4996 4997 5085
3 5085 4997 5086
3 4997 5087 5086
3 4997 4998 5087
3 4998 5088 5087
3 4998 4999 5088
3 4999 5089 5088
3 4999 5000 5089
3 5000 5090 5089
3 5000 5001 5090
3 5001 5091 5090
3 5001 5002 5091
3 5002 5092 5091
3 5002 5003 5092
3 5003 5093 5092
3 5003 5004 5093
3 5004 5094 5093
3 5004 5005 5094
3 5005 5095 5094
3 5005 5006 5095
3 5006 5096 5095
3 5006 5007 5096
3 5007 5008 5096
3 5096 5008 5097
3 5008 5009 5097
3 5097 5009 5098
3 5009 5010 5098
3 5098 5010 5099
3 5010 5100 5099
3 5010 5011 5100
3 5011 5101 5100
3 5011 5012 5101
3 5012 5102 5101
3 5012 5013 5102
3 5013 5014 5102
3 5102 5014 5103
3 5014 5015 5103
3 5103 5015 5104
3 5015 5105 5104
3 5015 5016 5105
3 5016 5106 5105
3 5016 5017 5106
3 5017 5107 5106
3 5017 5018 5107
3 5018 5108 5107
3 5018 5019 5108
3 5019 5109 5108
3 5019 5020 5109
3 5020 5110 5109
3 5020 5021 5110
3 5021 5022 5110
3 5110 5022 5111
3 5022 5023 5111
3 5111 5023 5112
3 5023 5113 5112
3 5023 5024 5113
3 5024 5114 5113
3 5024 5025 5114
3 5025 5115 5114
3 5025 5026 5115
3 5026 5116 5115
3 5026 5027 5116
3 5027 5117 5116
3 5027 5028 5117
3 5028 5118 5117
3 5028 5029 5118
3 5029 5030 5118
3 5118 5030 5119
3 5030 5031 5119
3 5119 5031 5120
3 5031 5032 5120
3 5120 5032 5121
3 5032 5122 5121
3 5032 5033 5122
3 5033 5123 5122
3 5033 5034 5123
3 5034 5035 5123
3 5123 5035 5124
3 5035 5125 5124
3 5035 5036 5125
3 5036 5126 5125
3 5036 5037 5126
3 5037 5127 5126
3 5037 5038 5127
3 5038 5128 5127
3 5038 5039 5128
3 5039 5129 5128
3 5039 5040 5129
3 5040 5130 5129
3 5040 5041 5130
3 5041 5131 5130
3 5041 5042 5131
3 5042 5132 5131
3 5042 5043 5132
3 5043 5133 5132
3 5043 5044 5133
3 5044 5134 5133
3 5044 5045 5134
3 5045 5135 5134
3 5045 5046 5135
3 5046 5136 5135
3 5046 5047 5136
3 5047 5137 5136
3 5047 5048 5137
3 5048 5138 5137
3 5048 5049 5138
3 5049 5139 5138
3 5049 5050 5139
3 5050 5140 5139
3 5050 5051 5140
3 5051 5052 5140
3 5140 5052 5141
3 5052 5053 5141
3 5141 5053 5142
3 5053 5054 5142
3 5142 5054 5143
3 5054 5144 5143
3 5054 5055 5144
3 5055 5145 5144
3 5055 5056 5145
3 5056 5146 5145
3 5056 5057 5146
3 5057 5147 5146
3 5057 5058 5147
3 5058 5148 5147
3 5058 5059 5148
3 5059 5149 5148
3 5059 5060 5149
3 5060 5150 5149
3 5060 5061 5150
3 5061 5151 5150
3 1174 5062 1173
3 1173 5062 5152
3 5062 5063 5152
3 5152 5063 5153
3 5063 5064 5153
3 5153 5064 5154
3 5064 5065 5154
3 5154 5065 5155
3 5065 5156 5155
3 5065 5066 5156
3 5066 5157 5156
3 5066 5067 5157
3 5067 5158 5157
3 5067 5068 5158
3 5068 5159 5158
3 5068 5069 5159
3 5069 5160 5159
3 5069 5070 5160
3 5070 5161 5160
3 5070 5071 5161
3 5071 5162 5161
3 5071 5072 5162
3 5072 5163 5162
3 5072 5073 5163
3 5073 5164 5163
3 5073 5074 5164
3 5074 5165 5164
3 5074 5075 5165
3 5075 5076 5165
3 5165 5076 5166
3 5076 5077 5166
3 5166 5077 5167
3 5077 5078 5167
3 5167 5078 5168
3 5078 5079 5168
3 5168 5079 5169
3 5079 5080 5169
3 5169 5080 5170
3 5080 5081 5170
3 5170 5081 5171
3 5081 5082 5171
3 5171 5082 5172
3 5082 5173 5172
3 5082 5083 5173
3 5083 5084 5173
3 5173 5084 5174
3 5084 5085 5174
3 5174 5085 5175
3 5085 5086 5175
3 5175 5086 5176
3 5086 5177 5176
3 5086 5087 5177
3 5087 5178 5177
3 5087 5088 5178
3 5088 5179 5178
3 5088 5089 5179
3 5089 5180 5179
3 5089 5090 5180
3 5090 5181 5180
3 5090 5091 5181
3 5091 5182 5181
3 5091 5092 5182
3 5092 5183 5182
3 5092 5093 5183
3 5093 5184 5183
3 5093 5094 5184
3 5094 5185 5184
3 5094 5095 5185
3 5095 5186 5185
3 5095 5096 5186
3 5096 5097 5186
3 5186 5097 5187
3 5097 5098 5187
3 5187 5098 5188
3 5098 5099 5188
3 5188 5099 5189
3 5099 5190 5189
3 5099 5100 5190
3 5100 5191 5190
3 5100 5101 5191
3 5101 5192 5191
3 5101 5102 5192
3 5102 5193 5192
3 5102 5103 5193
3 5103 5104 5193
3 5193 5104 5194
3 5104 5195 5194
3 5104 5105 5195
3 5105 5196 5195
3 5105 5106 5196
3 5106 5197 5196
3 5106 5107 5197
3 5107 5198 5197
3 5107 5108 5198
3 5108 5199 5198
3 5108 5109 5199
3 5109 5200 5199
3 5109 5110 5200
3 5110 5201 5200
3 5110 5111 5201
3 5111 5202 5201
3 5111 5112 5202
3 5112 5203 5202
3 5112 5113 5203
3 5113 5204 5203
3 5113 5114 5204
3 5114 5115 5204
3 5204 5115 5205
3 5115 5206 5205
3 5115 5116 5206
3 5116 5207 5206
3 5116 5117 5207
3 5117 5208 5207
3 5117 5118 5208
3 5118 5119 5208
3 5208 5119 5209
3 5119 5120 5209
3 5209 5120 5210
3 5120 5121 5210
3 5210 5121 5211
3 5121 5212 5211
3 5121 5122 5212
3 5122 5123 5212
3 5212 5123 5213
3 5123 5124 5213
3 5213 5124 5214
3 5124 5125 5214
3 5214 5125 5215
3 5125 5216 5215
3 5125 5126 5216
3 5126 5127 5216
3 5216 5127 5217
3 5127 5128 5217
3 5217 5128 5218
3 5128 5219 5218
3 5128 5129 5219
3 5129 5220 5219
3 5129 5130 5220
3 5130 5221 5220
3 5130 5131 5221
3 5131 5132 5221
3 5221 5132 5222
3 5132 5223 5222
3 5132 5133 5223
3 5133 5224 5223
3 5133 5134 5224
3 5134 5225 5224
3 5134 5135 5225
3 5135 5226 5225
3 5135 5136 5226
3 5136 5227 5226
3 5136 5137 5227
3 5137 5228 5227
3 5137 5138 5228
3 5138 5139 5228
3 5228 5139 5229
3 5139 5140 5229
3 5229 5140 5230
3 5140 5141 5230
3 5230 5141 5231
3 5141 5142 5231
3 5231 5142 5232
3 5142 5143 5232
3 5232 5143 5233
3 5143 5144 5233
3 5233 5144 5234
3 5144 5235 5234
3 5144 5145 5235
3 5145 5236 5235
3 5145 5146 5236
3 5146 5237 5236
3 5146 5147 5237
3 5147 5238 5237
3 5147 5148 5238
3 5148 5239 5238
3 5148 5149 5239
3 5149 5240 5239
3 5149 5150 5240
3 5150 5241 5240
3 5150 5151 5241
3 1173 5242 1172
3 1173 5152 5242
3 5152 5243 5242
3 5152 5153 5243
3 5153 5154 5243
3 5243 5154 5244
3 5154 5155 5244
3 5244 5155 5245
3 5155 5246 5245
3 5155 5156 5246
3 5156 5247 5246
3 5156 5157 5247
3 5157 5248 5247
3 5157 5158 5248
3 5158 5249 5248
3 5158 5159 5249
3 5159 5250 5249
3 5159 5160 5250
3 5160 5251 5250
3 5160 5161 5251
3 5161 5252 5251
3 5161 5162 5252
3 5162 5253 5252
3 5162 5163 5253
3 5163 5254 5253
3 5163 5164 5254
3 5164 5255 5254
3 5164 5165 5255
3 5165 5166 5255
3 5255 5166 5256
3 5166 5167 5256
3 5256 5167 5257
3 5167 5168 5257
3 5257 5168 5258
3 5168 5169 5258
3 5258 5169 5259
3 5169 5170 5259
3 5259 5170 5260
3 5170 5171 5260
3 5260 5171 5261
3 5171 5172 5261
3 5261 5172 5262
3 5172 5173 5262
3 5262 5173 5263
3 5173 5174 5263
3 5263 5174 5264
3 5174 5175 5264
3 5264 5175 5265
3 5175 5176 5265
3 5265 5176 5266
3 5176 5267 5266
3 5176 5177 5267
3 5177 5268 5267
3 5177 5178 5268
3 5178 5269 5268
3 5178 5179 5269
3 5179 5270 5269
3 5179 5180 5270
3 5180 5271 5270
3 5180 5181 5271
3 5181 5272 5271
3 5181 5182 5272
3 5182 5273 5272
3 5182 5183 5273
3 5183 5274 5273
3 5183 5184 5274
3 5184 5275 5274
3 5184 5185 5275
3 5185 5276 5275
3 5185 5186 5276
3 5186 5187 5276
3 5276 5187 5277
3 5187 5188 5277
3 5277 5188 5278
3 5188 5189 5278
3 5278 5189 5279
3 5189 5280 5279
3 5189 5190 5280
3 5190 5281 5280
3 5190 5191 5281
3 5191 5282 5281
3 5191 5192 5282
3 5192 5283 5282
3 5192 5193 5283
3 5193 5194 5283
3 5283 5194 5284
3 5194 5285 5284
3 5194 5195 5285
3 5195 5286 5285
3 5195 5196 5286
3 5196 5287 5286
3 5196 5197 5287
3 5197 5288 5287
3 5197 5198 5288
3 5198 5289 5288
3 5198 5199 5289
3 5199 5290 5289
3 5199 5200 5290
3 5200 5291 5290
3 5200 5201 5291
3 5201 5292 5291
3 5201 5202 5292
3 5202 5293 5292
3 5202 5203 5293
3 5203 5294 5293
3 5203 5204 5294
3 5204 5205 5294
3 5294 5205 5295
3 5205 5296 5295
3 5205 5206 5296
3 5206 5297 5296
3 5206 5207 5297
3 5207 5298 5297
3 5207 5208 5298
3 5208 5209 5298
3 5298 5209 5299
3 5209 5210 5299
3 5299 5210 5300
3 5210 5211 5300
3 5300 5211 5301
3 5211 5212 5301
3 5301 5212 5302
3 5212 5213 5302
3 5302 5213 5303
3 5213 5214 5303
3 5303 5214 5304
3 5214 5215 5304
3 5304 5215 5305
3 5215 5216 5305
3 5305 5216 5306
3 5216 5217 5306
3 5306 5217 5307
3 5217 5218 5307
3 5307 5218 5308
3 5218 5219 5308
3 5308 5219 5309
3 5219 5220 5309
3 5309 5220 5310
3 5220 5221 5310
3 5310 5221 5311
3 5221 5222 5311
3 5311 5222 5312
3 5222 5223 5312
3 5312 5223 5313
3 5223 5224 5313
3 5313 5224 5314
3 5224 5225 5314
3 5314 5225 5315
3 5225 5316 5315
3 5225 5226 5316
3 5226 5317 5316
3 5226 5227 5317
3 5227 5228 5317
3 5317 5228 5318
3 5228 5229 5318
3 5318 5229 5319
3 5229 5230 5319
3 5319 5230 5320
3 5230 5231 5320
3 5320 5231 5321
3 5231 5232 5321
3 5321 5232 5322
3 5232 5233 5322
3 5322 5233 5323
3 5233 5234 5323
3 5323 5234 5324
3 5234 5235 5324
3 5324 5235 5325
3 5235 5326 5325
3 5235 5236 5326
3 5236 5327 5326
3 5236 5237 5327
3 5237 5328 5327
3 5237 5238 5328
3 5238 5329 5328
3 5238 5239 5329
3 5239 5240 5329
3 5329 5240 5330
3 5240 5241 5330
3 5330 5241 5331
3 5241 5332 5331
3 5331 5332 5333
3 1172 5334 1171
3 1172 5242 5334
3 5242 5335 5334
3 5242 5243 5335
3 5243 5336 5335
3 5243 5244 5336
3 5244 5245 5336
3 5336 5245 5337
3 5245 5338 5337
3 5245 5246 5338
3 5246 5339 5338
3 5246 5247 5339
3 5247 5340 5339
3 5247 5248 5340
3 5248 5341 5340
3 5248 5249 5341
3 5249 5342 5341
3 5249 5250 5342
3 5250 5343 5342
3 5250 5251 5343
3 5251 5344 5343
3 5251 5252 5344
3 5252 5345 5344
3 5252 5253 5345
3 5253 5346 5345
3 5253 5254 5346
3 5254 5347 5346
3 5254 5255 5347
3 5255 5256 5347
3 5347 5256 5348
3 5256 5257 5348
3 5348 5257 5349
3 5257 5258 5349
3 5349 5258 5350
3 5258 5259 5350
3 5350 5259 5351
3 5259 5260 5351
3 5351 5260 5352
3 5260 5261 5352
3 5352 5261 5353
3 5261 5262 5353
3 5353 5262 5354
3 5262 5355 5354
3 5262 5263 5355
3 5263 5264 5355
3 5355 5264 5356
3 5264 5265 5356
3 5356 5265 5357
3 5265 5266 5357
3 5357 5266 5358
3 5266 5359 5358
3 5266 5267 5359
3 5267 5360 5359
3 5267 5268 5360
3 5268 5361 5360
3 5268 5269 5361
3 5269 5362 5361
3 5269 5270 5362
3 5270 5363 5362
3 5270 5271 5363
3 5271 5364 5363
3 5271 5272 5364
3 5272 5365 5364
3 5272 5273 5365
3 5273 5366 5365
3 5273 5274 5366
3 5274 5367 5366
3 5274 5275 5367
3 5275 5368 5367
3 5275 5276 5368
3 5276 5369 5368
3 5276 5277 5369
3 5277 5278 5369
3 5369 5278 5370
3 5278 5279 5370
3 5370 5279 5371
3 5279 5372 5371
3 5279 5280 5372
3 5280 5373 5372
3 5280 5281 5373
3 5281 5374 5373
3 5281 5282 5374
3 5282 5375 5374
3 5282 5283 5375
3 5283 5376 5375
3 5283 5284 5376
3 5284 5377 5376
3 5284 5285 5377
3 5285 5378 5377
3 5285 5286 5378
3 5286 5379 5378
3 5286 5287 5379
3 5287 5380 5379
3 5287 5288 5380
3 5288 5381 5380
3 5288 5289 5381
3 5289 5382 5381
3 5289 5290 5382
3 5290 5383 5382
3 5290 5291 5383
3 5291 5384 5383
3 5291 5292 5384
3 5292 5385 5384
3 5292 5293 5385
3 5293 5386 5385
3 5293 5294 5386
3 5294 5387 5386
3 5294 5295 5387
3 5295 5388 5387
3 5295 5296 5388
3 5296 5389 5388
3 5296 5297 5389
3 5297 5390 5389
3 5297 5298 5390
3 5298 5391 5390
3 5298 5299 5391
3 5299 5300 5391
3 5391 5300 5392
3 5300 5301 5392
3 5392 5301 5393
3 5301 5394 5393
3 5301 5302 5394
3 5302 5303 5394
3 5394 5303 5395
3 5303 5304 5395
3 5395 5304 5396
3 5304 5397 5396
3 5304 5305 5397
3 5305 5306 5397
3 5397 5306 5398
3 5306 5307 5398
3 5398 5307 5399
3 5307 5308 5399
3 5399 5308 5400
3 5308 5309 5400
3 5400 5309 5401
3 5309 5310 5401
3 5401 5310 5402
3 5310 5311 5402
3 5402 5311 5403
3 5311 5312 5403
3 5403 5312 5404
3 5312 5313 5404
3 5404 5313 5405
3 5313 5406 5405
3 5313 5314 5406
3 5314 5407 5406
3 5314 5315 5407
3 5315 5408 5407
3 5315 5316 5408
3 5316 5409 5408
3 5316 5317 5409
3 5317 5318 5409
3 5409 5318 5410
3 5318 5319 5410
3 5410 5319 5411
3 5319 5320 5411
3 5411 5320 5412
3 5320 5321 5412
3 5412 5321 5413
3 5321 5322 5413
3 5413 5322 5414
3 5322 5323 5414
3 5414 5323 5415
3 5323 5324 5415
3 5415 5324 5416
3 5324 5417 5416
3 5324 5325 5417
3 5325 5418 5417
3 5325 5326 5418
3 5326 5419 5418
3 5326 5327 5419
3 5327 5420 5419
3 5327 5328 5420
3 5328 5421 5420
3 5328 5329 5421
3 5329 5422 5421
3 5329 5330 5422
3 5330 5423 5422
3 5330 5331 5423
3 5331 5424 5423
3 5331 5333 5424
3 5333 5425 5424
3 1171 5426 1170
3 1171 5334 5426
3 5334 5427 5426
3 5334 5335 5427
3 5335 5428 5427
3 5335 5336 5428
3 5336 5429 5428
3 5336 5337 5429
3 5337 5430 5429
3 5337 5338 5430
3 5338 5431 5430
3 5338 5339 5431
3 5339 5432 5431
3 5339 5340 5432
3 5340 5341 5432
3 5432 5341 5433
3 5341 5434 5433
3 5341 5342 5434
3 5342 5435 5434
3 5342 5343 5435
3 5343 5436 5435
3 5343 5344 5436
3 5344 5437 5436
3 5344 5345 5437
3 5345 5438 5437
3 5345 5346 5438
3 5346 5439 5438
3 5346 5347 5439
3 5347 5348 5439
3 5439 5348 5440
3 5348 5349 5440
3 5440 5349 5441
3 5349 5350 5441
3 5441 5350 5442
3 5350 5351 5442
3 5442 5351 5443
3 5351 5352 5443
3 5443 5352 5444
3 5352 5353 5444
3 5444 5353 5445
3 5353 5354 5445
3 5445 5354 5446
3 5354 5355 5446
3 5446 5355 5447
3 5355 5356 5447
3 5447 5356 5448
3 5356 5357 5448
3 5448 5357 5449
3 5357 5358 5449
3 5449 5358 5450
3 5358 5451 5450
3 5358 5359 5451
3 5359 5452 5451
3 5359 5360 5452
3 5360 5453 5452
3 5360 5361 5453
3 5361 5454 5453
3 5361 5362 5454
3 5362 5455 5454
3 5362 5363 5455
3 5363 5456 5455
3 5363 5364 5456
3 5364 5457 5456
3 5364 5365 5457
3 5365 5458 5457
3 5365 5366 5458
3 5366 5459 5458
3 5366 5367 5459
3 5367 5460 5459
3 5367 5368 5460
3 5368 5461 5460
3 5368 5369 5461
3 5369 5370 5461
3 5461 5370 5462
3 5370 5371 5462
3 5462 5371 5463
3 5371 5464 5463
3 5371 5372 5464
3 5372 5465 5464
3 5372 5373 5465
3 5373 5466 5465
3 5373 5374 5466
3 5374 5467 5466
3 5374 5375 5467
3 5375 5468 5467
3 5375 5376 5468
3 5376 5469 5468
3 5376 5377 5469
3 5377 5470 5469
3 5377 5378 5470
3 5378 5471 5470
3 5378 5379 5471
3 5379 5472 5471
3 5379 5380 5472
3 5380 5473 5472
3 5380 5381 5473
3 5381 5474 5473
3 5381 5382 5474
3 5382 5475 5474
3 5382 5383 5475
3 5383 5476 5475
3 5383 5384 5476
3 5384 5477 5476
3 5384 5385 5477
3 5385 5478 5477
3 5385 5386 5478
3 5386 5479 5478
3 5386 5387 5479
3 5387 5480 5479
3 5387 5388 5480
3 5388 5481 5480
3 5388 5389 5481
3 5389 5482 5481
3 5389 5390 5482
3 5390 5483 5482
3 5390 5391 5483
3 5391 5392 5483
3 5483 5392 5484
3 5392 5485 5484
3 5392 5393 5485
3 5393 5486 5485
3 5393 5394 5486
3 5394 5395 5486
3 5486 5395 5487
3 5395 5396 5487
3 5487 5396 5488
3 5396 5489 5488
3 5396 5397 5489
3 5397 5490 5489
3 5397 5398 5490
3 5398 5399 5490
3 5490 5399 5491
3 5399 5400 5491
3 5491 5400 5492
3 5400 5401 5492
3 5492 5401 5493
3 5401 5402 5493
3 5493 5402 5494
3 5402 5403 5494
3 5494 5403 5495
3 5403 5404 5495
3 5495 5404 5496
3 5404 5497 5496
3 5404 5405 5497
3 5405 5498 5497
3 5405 5406 5498
3 5406 5499 5498
3 5406 5407 5499
3 5407 5500 5499
3 5407 5408 5500
3 5408 5501 5500
3 5408 5409 5501
3 5409 5502 5501
3 5409 5410 5502
3 5410 5411 5502
3 5502 5411 5503
3 5411 5412 5503
3 5503 5412 5504
3 5412 5413 5504
3 5504 5413 5505
3 5413 5414 5505
3 5505 5414 5506
3 5414 5415 5506
3 5506 5415 5507
3 5415 5416 5507
3 5507 5416 5508
3 5416 5509 5508
3 5416 5417 5509
3 5417 5510 5509
3 5417 5418 5510
3 5418 5511 5510
3 5418 5419 5511
3 5419 5512 5511
3 5419 5420 5512
3 5420 5513 5512
3 5420 5421 5513
3 5421 5514 5513
3 5421 5422 5514
3 5422 5515 5514
3 5422 5423 5515
3 5423 5516 5515
3 5423 5424 5516
3 5424 5517 5516
3 5424 5425 5517
3 1170 5518 1169
3 1170 5426 5518
3 5426 5519 5518
3 5426 5427 5519
3 5427 5520 5519
3 5427 5428 5520
3 5428 5521 5520
3 5428 5429 5521
3 5429 5522 5521
3 5429 5430 5522
3 5430 5523 5522
3 5430 5431 5523
3 5431 5524 5523
3 5431 5432 5524
3 5432 5433 5524
3 5524 5433 5525
3 5433 5526 5525
3 5433 5434 5526
3 5434 5527 5526
3 5434 5435 5527
3 5435 5528 5527
3 5435 5436 5528
3 5436 5529 5528
3 5436 5437 5529
3 5437 5530 5529
3 5437 5438 5530
3 5438 5531 5530
3 5438 5439 5531
3 5439 5440 5531
3 5531 5440 5532
3 5440 5441 5532
3 5532 5441 5533
3 5441 5442 5533
3 5533 5442 5534
3 5442 5443 5534
3 5534 5443 5535
3 5443 5444 5535
3 5535 5444 5536
3 5444 5445 5536
3 5536 5445 5537
3 5445 5446 5537
3 5537 5446 5538
3 5446 5447 5538
3 5538 5447 5539
3 5447 5448 5539
3 5539 5448 5540
3 5448 5449 5540
3 5540 5449 5541
3 5449 5450 5541
3 5541 5450 5542
3 5450 5451 5542
3 5542 5451 5543
3 5451 5544 5543
3 5451 5452 5544
3 5452 5545 5544
3 5452 5453 5545
3 5453 5546 5545
3 5453 5454 5546
3 5454 5455 5546
3 5546 5455 5547
3 5455 5456 5547
3 5547 5456 5548
3 5456 5549 5548
3 5456 5457 5549
3 5457 5550 5549
3 5457 5458 5550
3 5458 5551 5550
3 5458 5459 5551
3 5459 5552 5551
3 5459 5460 5552
3 5460 5461 5552
3 5552 5461 5553
3 5461 5462 5553
3 5553 5462 5554
3 5462 5463 5554
3 5554 5463 5555
3 5463 5556 5555
3 5463 5464 5556
3 5464 5557 5556
3 5464 5465 5557
3 5465 5558 5557
3 5465 5466 5558
3 5466 5467 5558
3 5558 5467 5559
3 5467 5468 5559
3 5559 5468 5560
3 5468 5561 5560
3 5468 5469 5561
3 5469 5562 5561
3 5469 5470 5562
3 5470 5563 5562
3 5470 5471 5563
3 5471 5564 5563
3 5471 5472 5564
3 5472 5565 5564
3 5472 5473 5565
3 5473 5566 5565
3 5473 5474 5566
3 5474 5567 5566
3 5474 5475 5567
3 5475 5568 5567
3 5475 5476 5568
3 5476 5569 5568
3 5476 5477 5569
3 5477 5570 5569
3 5477 5478 5570
3 5478 5571 5570
3 5478 5479 5571
3 5479 5572 5571
3 5479 5480 5572
3 5480 5573 5572
3 5480 5481 5573
3 5481 5574 5573
3 5481 5482 5574
3 5482 5483 5574
3 5574 5483 5575
3 5483 5484 5575
3 5575 5484 5576
3 5484 5577 5576
3 5484 5485 5577
3 5485 5578 5577
3 5485 5486 5578
3 5486 5487 5578
3 5578 5487 5579
3 5487 5488 5579
3 5579 5488 5580
3 5488 5581 5580
3 5488 5489 5581
3 5489 5582 5581
3 5489 5490 5582
3 5490 5583 5582
3 5490 5491 5583
3 5491 5492 5583
3 5583 5492 5584
3 5492 5493 5584
3 5584 5493 5585
3 5493 5494 5585
3 5585 5494 5586
3 5494 5587 5586
3 5494 5495 5587
3 5495 5588 5587
3 5495 5496 5588
3 5496 5589 5588
3 5496 5497 5589
3 5497 5590 5589
3 5497 5498 5590
3 5498 5591 5590
3 5498 5499 5591
3 5499 5592 5591
3 5499 5500 5592
3 5500 5593 5592
3 5500 5501 5593
3 5501 5594 5593
3 5501 5502 5594
3 5502 5503 5594
3 5594 5503 5595
3 5503 5504 5595
3 5595 5504 5596
3 5504 5505 5596
3 5596 5505 5597
3 5505 5506 5597
3 5597 5506 5598
3 5506 5507 5598
3 5598 5507 5599
3 5507 5508 5599
3 5599 5508 5600
3 5508 5601 5600
3 5508 5509 5601
3 5509 5602 5601
3 5509 5510 5602
3 5510 5603 5602
3 5510 5511 5603
3 5511 5604 5603
3 5511 5512 5604
3 5512 5605 5604
3 5512 5513 5605
3 5513 5606 5605
3 5513 5514 5606
3 5514 5607 5606
3 5514 5515 5607
3 5515 5608 5607
3 5515 5516 5608
3 5516 5609 5608
3 5516 5517 5609
3 5517 5610 5609
3 1169 5611 1168
3 1169 5518 5611
3 5518 5612 5611
3 5518 5519 5612
3 5519 5613 5612
3 5519 5520 5613
3 5520 5614 5613
3 5520 5521 5614
3 5521 5615 5614
3 5521 5522 5615
3 5522 5616 5615
3 5522 5523 5616
3 5523 5617 5616
3 5523 5524 5617
3 5524 5618 5617
3 5524 5525 5618
3 5525 5619 5618
3 5525 5526 5619
3 5526 5620 5619
3 5526 5527 5620
3 5527 5621 5620
3 5527 5528 5621
3 5528 5622 5621
3 5528 5529 5622
3 5529 5623 5622
3 5529 5530 5623
3 5530 5624 5623
3 5530 5531 5624
3 5531 5532 5624
3 5624 5532 5625
3 5532 5533 5625
3 5625 5533 5626
3 5533 5534 5626
3 5626 5534 5627
3 5534 5535 5627
3 5627 5535 5628
3 5535 5536 5628
3 5628 5536 5629
3 5536 5537 5629
3 5629 5537 5630
3 5537 5538 5630
3 5630 5538 5631
3 5538 5539 5631
3 5631 5539 5632
3 5539 5540 5632
3 5632 5540 5633
3 5540 5541 5633
3 5633 5541 5634
3 5541 5542 5634
3 5634 5542 5635
3 5542 5543 5635
3 5635 5543 5636
3 5543 5637 5636
3 5543 5544 5637
3 5544 5545 5637
3 5637 5545 5638
3 5545 5546 5638
3 5638 5546 5639
3 5546 5547 5639
3 5639 5547 5640
3 5547 5548 5640
3 5640 5548 5641
3 5548 5549 5641
3 5641 5549 5642
3 5549 5550 5642
3 5642 5550 5643
3 5550 5551 5643
3 5643 5551 5644
3 5551 5552 5644
3 5644 5552 5645
3 5552 5553 5645
3 5645 5553 5646
3 5553 5554 5646
3 5646 5554 5647
3 5554 5555 5647
3 5647 5555 5648
3 5555 5556 5648
3 5648 5556 5649
3 5556 5650 5649
3 5556 5557 5650
3 5557 5651 5650
3 5557 5558 5651
3 5558 5559 5651
3 5651 5559 5652
3 5559 5560 5652
3 5652 5560 5653
3 5560 5561 5653
3 5653 5561 5654
3 5561 5655 5654
3 5561 5562 5655
3 5562 5563 5655
3 5655 5563 5656
3 5563 5657 5656
3 5563 5564 5657
3 5564 5658 5657
3 5564 5565 5658
3 5565 5659 5658
3 5565 5566 5659
3 5566 5660 5659
3 5566 5567 5660
3 5567 5661 5660
3 5567 5568 5661
3 5568 5662 5661
3 5568 5569 5662
3 5569 5663 5662
3 5569 5570 5663
3 5570 5664 5663
3 5570 5571 5664
3 5571 5665 5664
3 5571 5572 5665
3 5572 5666 5665
3 5572 5573 5666
3 5573 5667 5666
3 5573 5574 5667
3 5574 5575 5667
3 5667 5575 5668
3 5575 5576 5668
3 5668 5576 5669
3 5576 5670 5669
3 5576 5577 5670
3 5577 5671 5670
3 5577 5578 5671
3 5578 5579 5671
3 5671 5579 5672
3 5579 5580 5672
3 5672 5580 5673
3 5580 5674 5673
3 5580 5581 5674
3 5581 5675 5674
3 5581 5582 5675
3 5582 5676 5675
3 5582 5583 5676
3 5583 5584 5676
3 5676 5584 5677
3 5584 5585 5677
3 5677 5585 5678
3 5585 5586 5678
3 5678 5586 5679
3 5586 5680 5679
3 5586 5587 5680
3 5587 5681 5680
3 5587 5588 5681
3 5588 5682 5681
3 5588 5589 5682
3 5589 5683 5682
3 5589 5590 5683
3 5590 5684 5683
3 5590 5591 5684
3 5591 5685 5684
3 5591 5592 5685
3 5592 5686 5685
3 5592 5593 5686
3 5593 5687 5686
3 5593 5594 5687
3 5594 5688 5687
3 5594 5595 5688
3 5595 5596 5688
3 5688 5596 5689
3 5596 5597 5689
3 5689 5597 5690
3 5597 5598 5690
3 5690 5598 5691
3 5598 5599 5691
3 5691 5599 5692
3 5599 5600 5692
3 5692 5600 5693
3 5600 5694 5693
3 5600 5601 5694
3 5601 5695 5694
3 5601 5602 5695
3 5602 5696 5695
3 5602 5603 5696
3 5603 5697 5696
3 5603 5604 5697
3 5604 5698 5697
3 5604 5605 5698
3 5605 5699 5698
3 5605 5606 5699
3 5606 5700 5699
3 5606 5607 5700
3 5607 5701 5700
3 5607 5608 5701
3 5608 5702 5701
3 5608 5609 5702
3 5609 5703 5702
3 5609 5610 5703
3 5610 5704 5703
3 1168 5611 1167
3 1167 5611 5705
3 5611 5706 5705
3 5611 5612 5706
3 5612 5707 5706
3 5612 5613 5707
3 5613 5708 5707
3 5613 5614 5708
3 5614 5709 5708
3 5614 5615 5709
3 5615 5710 5709
3 5615 5616 5710
3 5616 5711 5710
3 5616 5617 5711
3 5617 5712 5711
3 5617 5618 5712
3 5618 5619 5712
3 5712 5619 5713
3 5619 5714 5713
3 5619 5620 5714
3 5620 5715 5714
3 5620 5621 5715
3 5621 5716 5715
3 5621 5622 5716
3 5622 5717 5716
3 5622 5623 5717
3 5623 5718 5717
3 5623 5624 5718
3 5624 5625 5718
3 5718 5625 5719
3 5625 5626 5719
3 5719 5626 5720
3 5626 5627 5720
3 5720 5627 5721
3 5627 5628 5721
3 5721 5628 5722
3 5628 5629 5722
3 5722 5629 5723
3 5629 5630 5723
3 5723 5630 5724
3 5630 5631 5724
3 5724 5631 5725
3 5631 5632 5725
3 5725 5632 5726
3 5632 5633 5726
3 5726 5633 5727
3 5633 5634 5727
3 5727 5634 5728
3 5634 5635 5728
3 5728 5635 5729
3 5635 5636 5729
3 5729 5636 5730
3 5636 5637 5730
3 5730 5637 5731
3 5637 5638 5731
3 5731 5638 5732
3 5638 5639 5732
3 5732 5639 5733
3 5639 5640 5733
3 5733 5640 5734
3 5640 5641 5734
3 5734 5641 5735
3 5641 5642 5735
3 5735 5642 5736
3 5642 5643 5736
3 5736 5643 5737
3 5643 5644 5737
3 5737 5644 5738
3 5644 5645 5738
3 5738 5645 5739
3 5645 5646 5739
3 5739 5646 5740
3 5646 5647 5740
3 5740 5647 5741
3 5647 5648 5741
3 5741 5648 5742
3 5648 5649 5742
3 5742 5649 5743
3 5649 5744 5743
3 5649 5650 5744
3 5650 5651 5744
3 5744 5651 5745
3 5651 5652 5745
3 5745 5652 5746
3 5652 5653 5746
3 5746 5653 5747
3 5653 5654 5747
3 5747 5654 5748
3 5654 5749 5748
3 5654 5655 5749
3 5655 5656 5749
3 5749 5656 5750
3 5656 5657 5750
3 5750 5657 5751
3 5657 5752 5751
3 5657 5658 5752
3 5658 5753 5752
3 5658 5659 5753
3 5659 5660 5753
3 5753 5660 5754
3 5660 5755 5754
3 5660 5661 5755
3 5661 5756 5755
3 5661 5662 5756
3 5662 5757 5756
3 5662 5663 5757
3 5663 5664 5757
3 5757 5664 5758
3 5664 5759 5758
3 5664 5665 5759
3 5665 5760 5759
3 5665 5666 5760
3 5666 5761 5760
3 5666 5667 5761
3 5667 5762 5761
3 5667 5668 5762
3 5668 5669 5762
3 5762 5669 5763
3 5669 5764 5763
3 5669 5670 5764
3 5670 5765 5764
3 5670 5671 5765
3 5671 5672 5765
3 5765 5672 5766
3 5672 5673 5766
3 5766 5673 5767
3 5673 5768 5767
3 5673 5674 5768
3 5674 5769 5768
3 5674 5675 5769
3 5675 5770 5769
3 5675 5676 5770
3 5676 5677 5770
3 5770 5677 5771
3 5677 5678 5771
3 5771 5678 5772
3 5678 5679 5772
3 5772 5679 5773
3 5679 5680 5773
3 5773 5680 5774
3 5680 5681 5774
3 5774 5681 5775
3 5681 5776 5775
3 5681 5682 5776
3 5682 5777 5776
3 5682 5683 5777
3 5683 5778 5777
3 5683 5684 5778
3 5684 5779 5778
3 5684 5685 5779
3 5685 5780 5779
3 5685 5686 5780
3 5686 5781 5780
3 5686 5687 5781
3 5687 5688 5781
3 5781 5688 5782
3 5688 5689 5782
3 5782 5689 5783
3 5689 5690 5783
3 5783 5690 5784
3 5690 5691 5784
3 5784 5691 5785
3 5691 5692 5785
3 5785 5692 5786
3 5692 5693 5786
3 5786 5693 5787
3 5693 5788 5787
3 5693 5694 5788
3 5694 5789 5788
3 5694 5695 5789
3 5695 5790 5789
3 5695 5696 5790
3 5696 5791 5790
3 5696 5697 5791
3 5697 5792 5791
3 5697 5698 5792
3 5698 5793 5792
3 5698 5699 5793
3 5699 5794 5793
3 5699 5700 5794
3 5700 5795 5794
3 5700 5701 5795
3 5701 5796 5795
3 5701 5702 5796
3 5702 5797 5796
3 5702 5703 5797
3 5703 5798 5797
3 5703 5704 5798
3 1167 5705 1166
3 1166 5705 5799
3 5705 5800 5799
3 5705 5706 5800
3 5706 5801 5800
3 5706 5707 5801
3 5707 5802 5801
3 5707 5708 5802
3 5708 5803 5802
3 5708 5709 5803
3 5709 5804 5803
3 5709 5710 5804
3 5710 5805 5804
3 5710 5711 5805
3 5711 5806 5805
3 5711 5712 5806
3 5712 5713 5806
3 5806 5713 5807
3 5713 5714 5807
3 5807 5714 5808
3 5714 5715 5808
3 5808 5715 5809
3 5715 5810 5809
3 5715 5716 5810
3 5716 5811 5810
3 5716 5717 5811
3 5717 5812 5811
3 5717 5718 5812
3 5718 5719 5812
3 5812 5719 5813
3 5719 5720 5813
3 5813 5720 5814
3 5720 5721 5814
3 5814 5721 5815
3 5721 5722 5815
3 5815 5722 5816
3 5722 5723 5816
3 5816 5723 5817
3 5723 5724 5817
3 5817 5724 5818
3 5724 5725 5818
3 5818 5725 5819
3 5725 5726 5819
3 5819 5726 5820
3 5726 5727 5820
3 5820 5727 5821
3 5727 5728 5821
3 5821 5728 5822
3 5728 5729 5822
3 5822 5729 5823
3 5729 5730 5823
3 5823 5730 5824
3 5730 5731 5824
3 5824 5731 5825
3 5731 5732 5825
3 5825 5732 5826
3 5732 5733 5826
3 5826 5733 5827
3 5733 5734 5827
3 5827 5734 5828
3 5734 5735 5828
3 5828 5735 5829
3 5735 5736 5829
3 5829 5736 5830
3 5736 5737 5830
3 5830 5737 5831
3 5737 5738 5831
3 5831 5738 5832
3 5738 5739 5832
3 5832 5739 5833
3 5739 5740 5833
3 5833 5740 5834
3 5740 5741 5834
3 5834 5741 5835
3 5741 5742 5835
3 5835 5742 5836
3 5742 5743 5836
3 5836 5743 5837
3 5743 5838 5837
3 5743 5744 5838
3 5744 5745 5838
3 5838 5745 5839
3 5745 5746 5839
3 5839 5746 5840
3 5746 5747 5840
3 5840 5747 5841
3 5747 5842 5841
3 5747 5748 5842
3 5748 5843 5842
3 5748 5749 5843
3 5749 5750 5843
3 5843 5750 5844
3 5750 5751 5844
3 5844 5751 5845
3 5751 5752 5845
3 5845 5752 5846
3 5752 5753 5846
3 5846 5753 5847
3 5753 5754 5847
3 5847 5754 5848
3 5754 5755 5848
3 5848 5755 5849
3 5755 5756 5849
3 5849 5756 5850
3 5756 5757 5850
3 5850 5757 5851
3 5757 5758 5851
3 5851 5758 5852
3 5758 5759 5852
3 5852 5759 5853
3 5759 5854 5853
3 5759 5760 5854
3 5760 5761 5854
3 5854 5761 5855
3 5761 5762 5855
3 5855 5762 5856
3 5762 5763 5856
3 5856 5763 5857
3 5763 5764 5857
3 5857 5764 5858
3 5764 5859 5858
3 5764 5765 5859
3 5765 5766 5859
3 5859 5766 5860
3 5766 5767 5860
3 5860 5767 5861
3 5767 5862 5861
3 5767 5768 5862
3 5768 5863 5862
3 5768 5769 5863
3 5769 5864 5863
3 5769 5770 5864
3 5770 5771 5864
3 5864 5771 5865
3 5771 5772 5865
3 5865 5772 5866
3 5772 5773 5866
3 5866 5773 5867
3 5773 5774 5867
3 5867 5774 5868
3 5774 5775 5868
3 5868 5775 5869
3 5775 5776 5869
3 5869 5776 5870
3 5776 5777 5870
3 5870 5777 5871
3 5777 5872 5871
3 5777 5778 5872
3 5778 5873 5872
3 5778 5779 5873
3 5779 5874 5873
3 5779 5780 5874
3 5780 5781 5874
3 5874 5781 5875
3 5781 5782 5875
3 5875 5782 5876
3 5782 5783 5876
3 5876 5783 5877
3 5783 5784 5877
3 5877 5784 5878
3 5784 5785 5878
3 5878 5785 5879
3 5785 5786 5879
3 5879 5786 5880
3 5786 5787 5880
3 5880 5787 5881
3 5787 5788 5881
3 5881 5788 5882
3 5788 5883 5882
3 5788 5789 5883
3 5789 5884 5883
3 5789 5790 5884
3 5790 5885 5884
3 5790 5791 5885
3 5791 5792 5885
3 5885 5792 5886
3 5792 5793 5886
3 5886 5793 5887
3 5793 5794 5887
3 5887 5794 5888
3 5794 5795 5888
3 5888 5795 5889
3 5795 5796 5889
3 5889 5796 5890
3 5796 5797 5890
3 5890 5797 5891
3 5797 5798 5891
3 5891 5798 5892
3 5798 5893 5892
3 5892 5893 5894
3 1166 5799 1165
3 1165 5799 5895
3 5799 5896 5895
3 5799 5800 5896
3 5800 5897 5896
3 5800 5801 5897
3 5801 5898 5897
3 5801 5802 5898
3 5802 5899 5898
3 5802 5803 5899
3 5803 5900 5899
3 5803 5804 5900
3 5804 5901 5900
3 5804 5805 5901
3 5805 5806 5901
3 5901 5806 5902
3 5806 5807 5902
3 5902 5807 5903
3 5807 5904 5903
3 5807 5808 5904
3 5808 5905 5904
3 5808 5809 5905
3 5809 5906 5905
3 5809 5810 5906
3 5810 5907 5906
3 5810 5811 5907
3 5811 5908 5907
3 5811 5812 5908
3 5812 5813 5908
3 5908 5813 5909
3 5813 5814 5909
3 5909 5814 5910
3 5814 5815 5910
3 5910 5815 5911
3 5815 5816 5911
3 5911 5816 5912
3 5816 5817 5912
3 5912 5817 5913
3 5817 5818 5913
3 5913 5818 5914
3 5818 5819 5914
3 5914 5819 5915
3 5819 5820 5915
3 5915 5820 5916
3 5820 5821 5916
3 5916 5821 5917
3 5821 5822 5917
3 5917 5822 5918
3 5822 5823 5918
3 5918 5823 5919
3 5823 5824 5919
3 5919 5824 5920
3 5824 5921 5920
3 5824 5825 5921
3 5825 5826 5921
3 5921 5826 5922
3 5826 5827 5922
3 5922 5827 5923
3 5827 5828 5923
3 5923 5828 5924
3 5828 5829 5924
3 5924 5829 5925
3 5829 5830 5925
3 5925 5830 5926
3 5830 5831 5926
3 5926 5831 5927
3 5831 5832 5927
3 5927 5832 5928
3 5832 5833 5928
3 5928 5833 5929
3 5833 5834 5929
3 5929 5834 5930
3 5834 5835 5930
3 5930 5835 5931
3 5835 5836 5931
3 5931 5836 5932
3 5836 5933 5932
3 5836 5837 5933
3 5837 5934 5933
3 5837 5838 5934
3 5838 5935 5934
3 5838 5839 5935
3 5839 5840 5935
3 5935 5840 5936
3 5840 5841 5936
3 5936 5841 5937
3 5841 5938 5937
3 5841 5842 5938
3 5842 5939 5938
3 5842 5843 5939
3 5843 5844 5939
3 5939 5844 5940
3 5844 5845 5940
3 5940 5845 5941
3 5845 5846 5941
3 5941 5846 5942
3 5846 5847 5942
3 5942 5847 5943
3 5847 5848 5943
3 5943 5848 5944
3 5848 5849 5944
3 5944 5849 5945
3 5849 5850 5945
3 5945 5850 5946
3 5850 5851 5946
3 5946 5851 5947
3 5851 5852 5947
3 5947 5852 5948
3 5852 5853 5948
3 5948 5853 5949
3 5853 5854 5949
3 5949 5854 5950
3 5854 5855 5950
3 5950 5855 5951
3 5855 5856 5951
3 5951 5856 5952
3 5856 5857 5952
3 5952 5857 5953
3 5857 5858 5953
3 5953 5858 5954
3 5858 5955 5954
3 5858 5859 5955
3 5859 5860 5955
3 5955 5860 5956
3 5860 5861 5956
3 5956 5861 5957
3 5861 5958 5957
3 5861 5862 5958
3 5862 5959 5958
3 5862 5863 5959
3 5863 5864 5959
3 5959 5864 5960
3 5864 5865 5960
3 5960 5865 5961
3 5865 5866 5961
3 5961 5866 5962
3 5866 5867 5962
3 5962 5867 5963
3 5867 5868 5963
3 5963 5868 5964
3 5868 5869 5964
3 5964 5869 5965
3 5869 5870 5965
3 5965 5870 5966
3 5870 5871 5966
3 5966 5871 5967
3 5871 5872 5967
3 5967 5872 5968
3 5872 5873 5968
3 5968 5873 5969
3 5873 5970 5969
3 5873 5874 5970
3 5874 5875 5970
3 5970 5875 5971
3 5875 5876 5971
3 5971 5876 5972
3 5876 5877 5972
3 5972 5877 5973
3 5877 5878 5973
3 5973 5878 5974
3 5878 5879 5974
3 5974 5879 5975
3 5879 5880 5975
3 5975 5880 5976
3 5880 5881 5976
3 5976 5881 5977
3 5881 5882 5977
3 5977 5882 5978
3 5882 5979 5978
3 5882 5883 5979
3 5883 5884 5979
3 5979 5884 5980
3 5884 5885 5980
3 5980 5885 5981
3 5885 5886 5981
3 5981 5886 5982
3 5886 5887 5982
3 5982 5887 5983
3 5887 5888 5983
3 5983 5888 5984
3 5888 5889 5984
3 5984 5889 5985
3 5889 5890 5985
3 5985 5890 5986
3 5890 5891 5986
3 5986 5891 5987
3 5891 5892 5987
3 5987 5892 5988
3 5892 5894 5988
3 5988 5894 5989
3 1165 5895 1164
3 1164 5895 5990
3 5895 5991 5990
3 5895 5896 5991
3 5896 5897 5991
3 5991 5897 5992
3 5897 5898 5992
3 5992 5898 5993
3 5898 5994 5993
3 5898 5899 5994
3 5899 5995 5994
3 5899 5900 5995
3 5900 5996 5995
3 5900 5901 5996
3 5901 5902 5996
3 5996 5902 5997
3 5902 5903 5997
3 5997 5903 5998
3 5903 5999 5998
3 5903 5904 5999
3 5904 6000 5999
3 5904 5905 6000
3 5905 6001 6000
3 5905 5906 6001
3 5906 6002 6001
3 5906 5907 6002
3 5907 6003 6002
3 5907 5908 6003
3 5908 5909 6003
3 6003 5909 6004
3 5909 5910 6004
3 6004 5910 6005
3 5910 5911 6005
3 6005 5911 6006
3 5911 5912 6006
3 6006 5912 6007
3 5912 5913 6007
3 6007 5913 6008
3 5913 5914 6008
3 6008 5914 6009
3 5914 5915 6009
3 6009 5915 6010
3 5915 5916 6010
3 6010 5916 6011
3 5916 5917 6011
3 6011 5917 6012
3 5917 5918 6012
3 6012 5918 6013
3 5918 5919 6013
3 6013 5919 6014
3 5919 5920 6014
3 6014 5920 6015
3 5920 6016 6015
3 5920 5921 6016
3 5921 6017 6016
3 5921 5922 6017
3 5922 6018 6017
3 5922 5923 6018
3 5923 5924 6018
3 6018 5924 6019
3 5924 5925 6019
3 6019 5925 6020
3 5925 6021 6020
3 5925 5926 6021
3 5926 6022 6021
3 5926 5927 6022
3 5927 6023 6022
3 5927 5928 6023
3 5928 6024 6023
3 5928 5929 6024
3 5929 5930 6024
3 6024 5930 6025
3 5930 5931 6025
3 6025 5931 6026
3 5931 5932 6026
3 6026 5932 6027
3 5932 6028 6027
3 5932 5933 6028
3 5933 6029 6028
3 5933 5934 6029
3 5934 6030 6029
3 5934 5935 6030
3 5935 5936 6030
3 6030 5936 6031
3 5936 5937 6031
3 6031 5937 6032
3 5937 6033 6032
3 5937 5938 6033
3 5938 6034 6033
3 5938 5939 6034
3 5939 6035 6034
3 5939 5940 6035
3 5940 6036 6035
3 5940 5941 6036
3 5941 6037 6036
3 5941 5942 6037
3 5942 5943 6037
3 6037 5943 6038
3 5943 5944 6038
3 6038 5944 6039
3 5944 5945 6039
3 6039 5945 6040
3 5945 5946 6040
3 6040 5946 6041
3 5946 5947 6041
3 6041 5947 6042
3 5947 5948 6042
3 6042 5948 6043
3 5948 6044 6043
3 5948 5949 6044
3 5949 6045 6044
3 5949 5950 6045
3 5950 6046 6045
3 5950 5951 6046
3 5951 5952 6046
3 6046 5952 6047
3 5952 5953 6047
3 6047 5953 6048
3 5953 5954 6048
3 6048 5954 6049
3 5954 6050 6049
3 5954 5955 6050
3 5955 5956 6050
3 6050 5956 6051
3 5956 5957 6051
3 6051 5957 6052
3 5957 6053 6052
3 5957 5958 6053
3 5958 6054 6053
3 5958 5959 6054
3 5959 5960 6054
3 6054 5960 6055
3 5960 5961 6055
3 6055 5961 6056
3 5961 5962 6056
3 6056 5962 6057
3 5962 5963 6057
3 6057 5963 6058
3 5963 5964 6058
3 6058 5964 6059
3 5964 5965 6059
3 6059 5965 6060
3 5965 5966 6060
3 6060 5966 6061
3 5966 5967 6061
3 6061 5967 6062
3 5967 6063 6062
3 5967 5968 6063
3 5968 6064 6063
3 5968 5969 6064
3 5969 6065 6064
3 5969 5970 6065
3 5970 5971 6065
3 6065 5971 6066
3 5971 5972 6066
3 6066 5972 6067
3 5972 5973 6067
3 6067 5973 6068
3 5973 5974 6068
3 6068 5974 6069
3 5974 5975 6069
3 6069 5975 6070
3 5975 5976 6070
3 6070 5976 6071
3 5976 5977 6071
3 6071 5977 6072
3 5977 6073 6072
3 5977 5978 6073
3 5978 6074 6073
3 5978 5979 6074
3 5979 6075 6074
3 5979 5980 6075
3 5980 6076 6075
3 5980 5981 6076
3 5981 6077 6076
3 5981 5982 6077
3 5982 6078 6077
3 5982 5983 6078
3 5983 6079 6078
3 5983 5984 6079
3 5984 5985 6079
3 6079 5985 6080
3 5985 5986 6080
3 6080 5986 6081
3 5986 6082 6081
3 5986 5987 6082
3 5987 5988 6082
3 6082 5988 6083
3 5988 6084 6083
3 5988 5989 6084
3 5989 6085 6084
3 1164 5990 1163
3 1163 5990 6086
3 5990 5991 6086
3 6086 5991 6087
3 5991 5992 6087
3 6087 5992 6088
3 5992 5993 6088
3 6088 5993 6089
3 5993 6090 6089
3 5993 5994 6090
3 5994 6091 6090
3 5994 5995 6091
3 5995 6092 6091
3 5995 5996 6092
3 5996 5997 6092
3 6092 5997 6093
3 5997 6094 6093
3 5997 5998 6094
3 5998 6095 6094
3 5998 5999 6095
3 5999 6096 6095
3 5999 6000 6096
3 6000 6097 6096
3 6000 6001 6097
3 6001 6098 6097
3 6001 6002 6098
3 6002 6099 6098
3 6002 6003 6099
3 6003 6004 6099
3 6099 6004 6100
3 6004 6005 6100
3 6100 6005 6101
3 6005 6006 6101
3 6101 6006 6102
3 6006 6007 6102
3 6102 6007 6103
3 6007 6008 6103
3 6103 6008 6104
3 6008 6009 6104
3 6104 6009 6105
3 6009 6010 6105
3 6105 6010 6106
3 6010 6011 6106
3 6106 6011 6107
3 6011 6012 6107
3 6107 6012 6108
3 6012 6013 6108
3 6108 6013 6109
3 6013 6014 6109
3 6109 6014 6110
3 6014 6015 6110
3 6110 6015 6111
3 6015 6112 6111
3 6015 6016 6112
3 6016 6113 6112
3 6016 6017 6113
3 6017 6114 6113
3 6017 6018 6114
3 6018 6019 6114
3 6114 6019 6115
3 6019 6020 6115
3 6115 6020 6116
3 6020 6117 6116
3 6020 6021 6117
3 6021 6118 6117
3 6021 6022 6118
3 6022 6023 6118
3 6118 6023 6119
3 6023 6120 6119
3 6023 6024 6120
3 6024 6025 6120
3 6120 6025 6121
3 6025 6026 6121
3 6121 6026 6122
3 6026 6027 6122
3 6122 6027 6123
3 6027 6124 6123
3 6027 6028 6124
3 6028 6125 6124
3 6028 6029 6125
3 6029 6126 6125
3 6029 6030 6126
3 6030 6031 6126
3 6126 6031 6127
3 6031 6032 6127
3 6127 6032 6128
3 6032 6129 6128
3 6032 6033 6129
3 6033 6130 6129
3 6033 6034 6130
3 6034 6131 6130
3 6034 6035 6131
3 6035 6132 6131
3 6035 6036 6132
3 6036 6133 6132
3 6036 6037 6133
3 6037 6038 6133
3 6133 6038 6134
3 6038 6039 6134
3 6134 6039 6135
3 6039 6040 6135
3 6135 6040 6136
3 6040 6041 6136
3 6136 6041 6137
3 6041 6042 6137
3 6137 6042 6138
3 6042 6043 6138
3 6138 6043 6139
3 6043 6140 6139
3 6043 6044 6140
3 6044 6141 6140
3 6044 6045 6141
3 6045 6142 6141
3 6045 6046 6142
3 6046 6047 6142
3 6142 6047 6143
3 6047 6048 6143
3 6143 6048 6144
3 6048 6049 6144
3 6144 6049 6145
3 6049 6146 6145
3 6049 6050 6146
3 6050 6051 6146
3 6146 6051 6147
3 6051 6052 6147
3 6147 6052 6148
3 6052 6053 6148
3 6148 6053 6149
3 6053 6150 6149
3 6053 6054 6150
3 6054 6055 6150
3 6150 6055 6151
3 6055 6056 6151
3 6151 6056 6152
3 6056 6057 6152
3 6152 6057 6153
3 6057 6058 6153
3 6153 6058 6154
3 6058 6059 6154
3 6154 6059 6155
3 6059 6060 6155
3 6155 6060 6156
3 6060 6061 6156
3 6156 6061 6157
3 6061 6062 6157
3 6157 6062 6158
3 6062 6159 6158
3 6062 6063 6159
3 6063 6160 6159
3 6063 6064 6160
3 6064 6161 6160
3 6064 6065 6161
3 6065 6162 6161
3 6065 6066 6162
3 6066 6067 6162
3 6162 6067 6163
3 6067 6068 6163
3 6163 6068 6164
3 6068 6069 6164
3 6164 6069 6165
3 6069 6070 6165
3 6165 6070 6166
3 6070 6071 6166
3 6166 6071 6167
3 6071 6072 6167
3 6167 6072 6168
3 6072 6169 6168
3 6072 6073 6169
3 6073 6170 6169
3 6073 6074 6170
3 6074 6171 6170
3 6074 6075 6171
3 6075 6172 6171
3 6075 6076 6172
3 6076 6173 6172
3 6076 6077 6173
3 6077 6078 6173
3 6173 6078 6174
3 6078 6079 6174
3 6174 6079 6175
3 6079 6080 6175
3 6175 6080 6176
3 6080 6081 6176
3 6176 6081 6177
3 6081 6178 6177
3 6081 6082 6178
3 6082 6083 6178
3 6178 6083 6179
3 6083 6180 6179
3 6083 6084 6180
3 6084 6181 6180
3 6084 6085 6181
3 1163 6086 1162
3 1162 6086 6182
3 6086 6087 6182
3 6182 6087 6183
3 6087 6088 6183
3 6183 6088 6184
3 6088 6089 6184
3 6184 6089 6185
3 6089 6186 6185
3 6089 6090 6186
3 6090 6187 6186
3 6090 6091 6187
3 6091 6188 6187
3 6091 6092 6188
3 6092 6093 6188
3 6188 6093 6189
3 6093 6094 6189
3 6189 6094 6190
3 6094 6191 6190
3 6094 6095 6191
3 6095 6192 6191
3 6095 6096 6192
3 6096 6193 6192
3 6096 6097 6193
3 6097 6194 6193
3 6097 6098 6194
3 6098 6195 6194
3 6098 6099 6195
3 6099 6100 6195
3 6195 6100 6196
3 6100 6101 6196
3 6196 6101 6197
3 6101 6102 6197
3 6197 6102 6198
3 6102 6103 6198
3 6198 6103 6199
3 6103 6104 6199
3 6199 6104 6200
3 6104 6105 6200
3 6200 6105 6201
3 6105 6106 6201
3 6201 6106 6202
3 6106 6107 6202
3 6202 6107 6203
3 6107 6108 6203
3 6203 6108 6204
3 6108 6109 6204
3 6204 6109 6205
3 6109 6110 6205
3 6205 6110 6206
3 6110 6111 6206
3 6206 6111 6207
3 6111 6208 6207
3 6111 6112 6208
3 6112 6113 6208
3 6208 6113 6209
3 6113 6114 6209
3 6209 6114 6210
3 6114 6115 6210
3 6210 6115 6211
3 6115 6116 6211
3 6211 6116 6212
3 6116 6117 6212
3 6212 6117 6213
3 6117 6118 6213
3 6213 6118 6214
3 6118 6119 6214
3 6214 6119 6215
3 6119 6120 6215
3 6215 6120 6216
3 6120 6121 6216
3 6216 6121 6217
3 6121 6122 6217
3 6217 6122 6218
3 6122 6123 6218
3 6218 6123 6219
3 6123 6220 6219
3 6123 6124 6220
3 6124 6221 6220
3 6124 6125 6221
3 6125 6222 6221
3 6125 6126 6222
3 6126 6127 6222
3 6222 6127 6223
3 6127 6128 6223
3 6223 6128 6224
3 6128 6225 6224
3 6128 6129 6225
3 6129 6226 6225
3 6129 6130 6226
3 6130 6227 6226
3 6130 6131 6227
3 6131 6228 6227
3 6131 6132 6228
3 6132 6229 6228
3 6132 6133 6229
3 6133 6134 6229
3 6229 6134 6230
3 6134 6135 6230
3 6230 6135 6231
3 6135 6136 6231
3 6231 6136 6232
3 6136 6137 6232
3 6232 6137 6233
3 6137 6138 6233
3 6233 6138 6234
3 6138 6139 6234
3 6234 6139 6235
3 6139 6140 6235
3 6235 6140 6236
3 6140 6237 6236
3 6140 6141 6237
3 6141 6238 6237
3 6141 6142 6238
3 6142 6143 6238
3 6238 6143 6239
3 6143 6144 6239
3 6239 6144 6240
3 6144 6241 6240
3 6144 6145 6241
3 6145 6242 6241
3 6145 6146 6242
3 6146 6147 6242
3 6242 6147 6243
3 6147 6148 6243
3 6243 6148 6244
3 6148 6149 6244
3 6244 6149 6245
3 6149 6150 6245
3 6245 6150 6246
3 6150 6151 6246
3 6246 6151 6247
3 6151 6152 6247
3 6247 6152 6248
3 6152 6153 6248
3 6248 6153 6249
3 6153 6154 6249
3 6249 6154 6250
3 6154 6155 6250
3 6250 6155 6251
3 6155 6156 6251
3 6251 6156 6252
3 6156 6157 6252
3 6252 6157 6253
3 6157 6158 6253
3 6253 6158 6254
3 6158 6159 6254
3 6254 6159 6255
3 6159 6256 6255
3 6159 6160 6256
3 6160 6257 6256
3 6160 6161 6257
3 6161 6162 6257
3 6257 6162 6258
3 6162 6163 6258
3 6258 6163 6259
3 6163 6164 6259
3 6259 6164 6260
3 6164 6165 6260
3 6260 6165 6261
3 6165 6166 6261
3 6261 6166 6262
3 6166 6167 6262
3 6262 6167 6263
3 6167 6168 6263
3 6263 6168 6264
3 6168 6169 6264
3 6264 6169 6265
3 6169 6266 6265
3 6169 6170 6266
3 6170 6171 6266
3 6266 6171 6267
3 6171 6268 6267
3 6171 6172 6268
3 6172 6173 6268
3 6268 6173 6269
3 6173 6174 6269
3 6269 6174 6270
3 6174 6175 6270
3 6270 6175 6271
3 6175 6176 6271
3 6271 6176 6272
3 6176 6177 6272
3 6272 6177 6273
3 6177 6178 6273
3 6273 6178 6274
3 6178 6179 6274
3 6274 6179 6275
3 6179 6180 6275
3 6275 6180 6276
3 6180 6277 6276
3 6180 6181 6277
3 6181 6278 6277
3 1162 6182 1161
3 1161 6182 6279
3 6182 6183 6279
3 6279 6183 6280
3 6183 6184 6280
3 6280 6184 6281
3 6184 6185 6281
3 6281 6185 6282
3 6185 6283 6282
3 6185 6186 6283
3 6186 6284 6283
3 6186 6187 6284
3 6187 6285 6284
3 6187 6188 6285
3 6188 6189 6285
3 6285 6189 6286
3 6189 6190 6286
3 6286 6190 6287
3 6190 6288 6287
3 6190 6191 6288
3 6191 6289 6288
3 6191 6192 6289
3 6192 6290 6289
3 6192 6193 6290
3 6193 6291 6290
3 6193 6194 6291
3 6194 6292 6291
3 6194 6195 6292
3 6195 6196 6292
3 6292 6196 6293
3 6196 6197 6293
3 6293 6197 6294
3 6197 6198 6294
3 6294 6198 6295
3 6198 6199 6295
3 6295 6199 6296
3 6199 6200 6296
3 6296 6200 6297
3 6200 6201 6297
3 6297 6201 6298
3 6201 6202 6298
3 6298 6202 6299
3 6202 6203 6299
3 6299 6203 6300
3 6203 6204 6300
3 6300 6204 6301
3 6204 6205 6301
3 6301 6205 6302
3 6205 6206 6302
3 6302 6206 6303
3 6206 6207 6303
3 6303 6207 6304
3 6207 6305 6304
3 6207 6208 6305
3 6208 6306 6305
3 6208 6209 6306
3 6209 6210 6306
3 6306 6210 6307
3 6210 6211 6307
3 6307 6211 6308
3 6211 6212 6308
3 6308 6212 6309
3 6212 6310 6309
3 6212 6213 6310
3 6213 6311 6310
3 6213 6214 6311
3 6214 6215 6311
3 6311 6215 6312
3 6215 6216 6312
3 6312 6216 6313
3 6216 6217 6313
3 6313 6217 6314
3 6217 6218 6314
3 6314 6218 6315
3 6218 6219 6315
3 6315 6219 6316
3 6219 6317 6316
3 6219 6220 6317
3 6220 6318 6317
3 6220 6221 6318
3 6221 6319 6318
3 6221 6222 6319
3 6222 6223 6319
3 6319 6223 6320
3 6223 6224 6320
3 6320 6224 6321
3 6224 6322 6321
3 6224 6225 6322
3 6225 6323 6322
3 6225 6226 6323
3 6226 6324 6323
3 6226 6227 6324
3 6227 6325 6324
3 6227 6228 6325
3 6228 6326 6325
3 6228 6229 6326
3 6229 6327 6326
3 6229 6230 6327
3 6230 6231 6327
3 6327 6231 6328
3 6231 6232 6328
3 6328 6232 6329
3 6232 6233 6329
3 6329 6233 6330
3 6233 6234 6330
3 6330 6234 6331
3 6234 6235 6331
3 6331 6235 6332
3 6235 6333 6332
3 6235 6236 6333
3 6236 6334 6333
3 6236 6237 6334
3 6237 6335 6334
3 6237 6238 6335
3 6238 6239 6335
3 6335 6239 6336
3 6239 6240 6336
3 6336 6240 6337
3 6240 6241 6337
3 6337 6241 6338
3 6241 6339 6338
3 6241 6242 6339
3 6242 6243 6339
3 6339 6243 6340
3 6243 6244 6340
3 6340 6244 6341
3 6244 6245 6341
3 6341 6245 6342
3 6245 6246 6342
3 6342 6246 6343
3 6246 6247 6343
3 6343 6247 6344
3 6247 6248 6344
3 6344 6248 6345
3 6248 6249 6345
3 6345 6249 6346
3 6249 6250 6346
3 6346 6250 6347
3 6250 6251 6347
3 6347 6251 6348
3 6251 6252 6348
3 6348 6252 6349
3 6252 6253 6349
3 6349 6253 6350
3 6253 6254 6350
3 6350 6254 6351
3 6254 6255 6351
3 6351 6255 6352
3 6255 6256 6352
3 6352 6256 6353
3 6256 6354 6353
3 6256 6257 6354
3 6257 6258 6354
3 6354 6258 6355
3 6258 6259 6355
3 6355 6259 6356
3 6259 6260 6356
3 6356 6260 6357
3 6260 6261 6357
3 6357 6261 6358
3 6261 6262 6358
3 6358 6262 6359
3 6262 6263 6359
3 6359 6263 6360
3 6263 6264 6360
3 6360 6264 6361
3 6264 6265 6361
3 6361 6265 6362
3 6265 6363 6362
3 6265 6266 6363
3 6266 6364 6363
3 6266 6267 6364
3 6267 6365 6364
3 6267 6268 6365
3 6268 6269 6365
3 6365 6269 6366
3 6269 6270 6366
3 6366 6270 6367
3 6270 6271 6367
3 6367 6271 6368
3 6271 6272 6368
3 6368 6272 6369
3 6272 6273 6369
3 6369 6273 6370
3 6273 6274 6370
3 6370 6274 6371
3 6274 6275 6371
3 6371 6275 6372
3 6275 6276 6372
3 6372 6276 6373
3 6276 6374 6373
3 6276 6277 6374
3 6277 6375 6374
3 6277 6278 6375
3 1161 6279 1160
3 1160 6279 6376
3 6279 6280 6376
3 6376 6280 6377
3 6280 6281 6377
3 6377 6281 6378
3 6281 6282 6378
3 6378 6282 6379
3 6282 6380 6379
3 6282 6283 6380
3 6283 6381 6380
3 6283 6284 6381
3 6284 6285 6381
3 6381 6285 6382
3 6285 6286 6382
3 6382 6286 6383
3 6286 6287 6383
3 6383 6287 6384
3 6287 6385 6384
3 6287 6288 6385
3 6288 6386 6385
3 6288 6289 6386
3 6289 6387 6386
3 6289 6290 6387
3 6290 6388 6387
3 6290 6291 6388
3 6291 6389 6388
3 6291 6292 6389
3 6292 6293 6389
3 6389 6293 6390
3 6293 6294 6390
3 6390 6294 6391
3 6294 6295 6391
3 6391 6295 6392
3 6295 6296 6392
3 6392 6296 6393
3 6296 6297 6393
3 6393 6297 6394
3 6297 6298 6394
3 6394 6298 6395
3 6298 6299 6395
3 6395 6299 6396
3 6299 6300 6396
3 6396 6300 6397
3 6300 6301 6397
3 6397 6301 6398
3 6301 6302 6398
3 6398 6302 6399
3 6302 6303 6399
3 6399 6303 6400
3 6303 6304 6400
3 6400 6304 6401
3 6304 6402 6401
3 6304 6305 6402
3 6305 6403 6402
3 6305 6306 6403
3 6306 6307 6403
3 6403 6307 6404
3 6307 6308 6404
3 6404 6308 6405
3 6308 6309 6405
3 6405 6309 6406
3 6309 6310 6406
3 6406 6310 6407
3 6310 6311 6407
3 6407 6311 6408
3 6311 6312 6408
3 6408 6312 6409
3 6312 6313 6409
3 6409 6313 6410
3 6313 6314 6410
3 6410 6314 6411
3 6314 6315 6411
3 6411 6315 6412
3 6315 6316 6412
3 6412 6316 6413
3 6316 6317 6413
3 6413 6317 6414
3 6317 6415 6414
3 6317 6318 6415
3 6318 6416 6415
3 6318 6319 6416
3 6319 6320 6416
3 6416 6320 6417
3 6320 6321 6417
3 6417 6321 6418
3 6321 6419 6418
3 6321 6322 6419
3 6322 6420 6419
3 6322 6323 6420
3 6323 6324 6420
3 6420 6324 6421
3 6324 6422 6421
3 6324 6325 6422
3 6325 6423 6422
3 6325 6326 6423
3 6326 6424 6423
3 6326 6327 6424
3 6327 6328 6424
3 6424 6328 6425
3 6328 6329 6425
3 6425 6329 6426
3 6329 6330 6426
3 6426 6330 6427
3 6330 6331 6427
3 6427 6331 6428
3 6331 6332 6428
3 6428 6332 6429
3 6332 6430 6429
3 6332 6333 6430
3 6333 6431 6430
3 6333 6334 6431
3 6334 6432 6431
3 6334 6335 6432
3 6335 6336 6432
3 6432 6336 6433
3 6336 6337 6433
3 6433 6337 6434
3 6337 6338 6434
3 6434 6338 6435
3 6338 6339 6435
3 6435 6339 6436
3 6339 6340 6436
3 6436 6340 6437
3 6340 6341 6437
3 6437 6341 6438
3 6341 6342 6438
3 6438 6342 6439
3 6342 6343 6439
3 6439 6343 6440
3 6343 6344 6440
3 6440 6344 6441
3 6344 6345 6441
3 6441 6345 6442
3 6345 6346 6442
3 6442 6346 6443
3 6346 6347 6443
3 6443 6347 6444
3 6347 6348 6444
3 6444 6348 6445
3 6348 6349 6445
3 6445 6349 6446
3 6349 6350 6446
3 6446 6350 6447
3 6350 6351 6447
3 6447 6351 6448
3 6351 6352 6448
3 6448 6352 6449
3 6352 6353 6449
3 6449 6353 6450
3 6353 6354 6450
3 6450 6354 6451
3 6354 6355 6451
3 6451 6355 6452
3 6355 6356 6452
3 6452 6356 6453
3 6356 6357 6453
3 6453 6357 6454
3 6357 6358 6454
3 6454 6358 6455
3 6358 6359 6455
3 6455 6359 6456
3 6359 6360 6456
3 6456 6360 6457
3 6360 6361 6457
3 6457 6361 6458
3 6361 6362 6458
3 6458 6362 6459
3 6362 6363 6459
3 6459 6363 6460
3 6363 6364 6460
3 6460 6364 6461
3 6364 6365 6461
3 6461 6365 6462
3 6365 6366 6462
3 6462 6366 6463
3 6366 6367 6463
3 6463 6367 6464
3 6367 6368 6464
3 6464 6368 6465
3 6368 6369 6465
3 6465 6369 6466
3 6369 6370 6466
3 6466 6370 6467
3 6370 6371 6467
3 6467 6371 6468
3 6371 6372 6468
3 6468 6372 6469
3 6372 6373 6469
3 6469 6373 6470
3 6373 6374 6470
3 6470 6374 6471
3 6374 6375 6471
3 6471 6375 6472
3 1160 6376 1159
3 1159 6376 6473
3 6376 6377 6473
3 6473 6377 6474
3 6377 6378 6474
3 6474 6378 6475
3 6378 6379 6475
3 6475 6379 6476
3 6379 6477 6476
3 6379 6380 6477
3 6380 6478 6477
3 6380 6381 6478
3 6381 6382 6478
3 6478 6382 6479
3 6382 6383 6479
3 6479 6383 6480
3 6383 6384 6480
3 6480 6384 6481
3 6384 6482 6481
3 6384 6385 6482
3 6385 6483 6482
3 6385 6386 6483
3 6386 6484 6483
3 6386 6387 6484
3 6387 6485 6484
3 6387 6388 6485
3 6388 6486 6485
3 6388 6389 6486
3 6389 6390 6486
3 6486 6390 6487
3 6390 6391 6487
3 6487 6391 6488
3 6391 6392 6488
3 6488 6392 6489
3 6392 6393 6489
3 6489 6393 6490
3 6393 6394 6490
3 6490 6394 6491
3 6394 6395 6491
3 6491 6395 6492
3 6395 6396 6492
3 6492 6396 6493
3 6396 6397 6493
3 6493 6397 6494
3 6397 6398 6494
3 6494 6398 6495
3 6398 6399 6495
3 6495 6399 6496
3 6399 6400 6496
3 6496 6400 6497
3 6400 6401 6497
3 6497 6401 6498
3 6401 6402 6498
3 6498 6402 6499
3 6402 6403 6499
3 6499 6403 6500
3 6403 6404 6500
3 6500 6404 6501
3 6404 6405 6501
3 6501 6405 6502
3 6405 6406 6502
3 6502 6406 6503
3 6406 6407 6503
3 6503 6407 6504
3 6407 6408 6504
3 6504 6408 6505
3 6408 6409 6505
3 6505 6409 6506
3 6409 6410 6506
3 6506 6410 6507
3 6410 6411 6507
3 6507 6411 6508
3 6411 6412 6508
3 6508 6412 6509
3 6412 6413 6509
3 6509 6413 6510
3 6413 6414 6510
3 6510 6414 6511
3 6414 6512 6511
3 6414 6415 6512
3 6415 6513 6512
3 6415 6416 6513
3 6416 6417 6513
3 6513 6417 6514
3 6417 6418 6514
3 6514 6418 6515
3 6418 6516 6515
3 6418 6419 6516
3 6419 6517 6516
3 6419 6420 6517
3 6420 6421 6517
3 6517 6421 6518
3 6421 6519 6518
3 6421 6422 6519
3 6422 6520 6519
3 6422 6423 6520
3 6423 6424 6520
3 6520 6424 6521
3 6424 6425 6521
3 6521 6425 6522
3 6425 6426 6522
3 6522 6426 6523
3 6426 6427 6523
3 6523 6427 6524
3 6427 6428 6524
3 6524 6428 6525
3 6428 6429 6525
3 6525 6429 6526
3 6429 6430 6526
3 6526 6430 6527
3 6430 6528 6527
3 6430 6431 6528
3 6431 6529 6528
3 6431 6432 6529
3 6432 6433 6529
3 6529 6433 6530
3 6433 6434 6530
3 6530 6434 6531
3 6434 6435 6531
3 6531 6435 6532
3 6435 6436 6532
3 6532 6436 6533
3 6436 6437 6533
3 6533 6437 6534
3 6437 6438 6534
3 6534 6438 6535
3 6438 6439 6535
3 6535 6439 6536
3 6439 6440 6536
3 6536 6440 6537
3 6440 6441 6537
3 6537 6441 6538
3 6441 6442 6538
3 6538 6442 6539
3 6442 6443 6539
3 6539 6443 6540
3 6443 6444 6540
3 6540 6444 6541
3 6444 6445 6541
3 6541 6445 6542
3 6445 6446 6542
3 6542 6446 6543
3 6446 6447 6543
3 6543 6447 6544
3 6447 6448 6544
3 6544 6448 6545
3 6448 6449 6545
3 6545 6449 6546
3 6449 6450 6546
3 6546 6450 6547
3 6450 6451 6547
3 6547 6451 6548
3 6451 6452 6548
3 6548 6452 6549
3 6452 6453 6549
3 6549 6453 6550
3 6453 6454 6550
3 6550 6454 6551
3 6454 6455 6551
3 6551 6455 6552
3 6455 6456 6552
3 6552 6456 6553
3 6456 6457 6553
3 6553 6457 6554
3 6457 6458 6554
3 6554 6458 6555
3 6458 6459 6555
3 6555 6459 6556
3 6459 6460 6556
3 6556 6460 6557
3 6460 6461 6557
3 6557 6461 6558
3 6461 6462 6558
3 6558 6462 6559
3 6462 6463 6559
3 6559 6463 6560
3 6463 6464 6560
3 6560 6464 6561
3 6464 6465 6561
3 6561 6465 6562
3 6465 6466 6562
3 6562 6466 6563
3 6466 6467 6563
3 6563 6467 6564
3 6467 6468 6564
3 6564 6468 6565
3 6468 6469 6565
3 6565 6469 6566
3 6469 6470 6566
3 6566 6470 6567
3 6470 6471 6567
3 1159 6473 1158
3 1158 6473 6568
3 6473 6474 6568
3 6568 6474 6569
3 6474 6475 6569
3 6569 6475 6570
3 6475 6476 6570
3 6570 6476 6571
3 6476 6572 6571
3 6476 6477 6572
3 6477 6573 6572
3 6477 6478 6573
3 6478 6479 6573
3 6573 6479 6574
3 6479 6480 6574
3 6574 6480 6575
3 6480 6481 6575
3 6575 6481 6576
3 6481 6577 6576
3 6481 6482 6577
3 6482 6578 6577
3 6482 6483 6578
3 6483 6579 6578
3 6483 6484 6579
3 6484 6580 6579
3 6484 6485 6580
3 6485 6581 6580
3 6485 6486 6581
3 6486 6487 6581
3 6581 6487 6582
3 6487 6488 6582
3 6582 6488 6583
3 6488 6489 6583
3 6583 6489 6584
3 6489 6490 6584
3 6584 6490 6585
3 6490 6491 6585
3 6585 6491 6586
3 6491 6492 6586
3 6586 6492 6587
3 6492 6493 6587
3 6587 6493 6588
3 6493 6494 6588
3 6588 6494 6589
3 6494 6495 6589
3 6589 6495 6590
3 6495 6496 6590
3 6590 6496 6591
3 6496 6497 6591
3 6591 6497 6592
3 6497 6498 6592
3 6592 6498 6593
3 6498 6499 6593
3 6593 6499 6594
3 6499 6500 6594
3 6594 6500 6595
3 6500 6501 6595
3 6595 6501 6596
3 6501 6502 6596
3 6596 6502 6597
3 6502 6503 6597
3 6597 6503 6598
3 6503 6504 6598
3 6598 6504 6599
3 6504 6505 6599
3 6599 6505 6600
3 6505 6506 6600
3 6600 6506 6601
3 6506 6507 6601
3 6601 6507 6602
3 6507 6508 6602
3 6602 6508 6603
3 6508 6509 6603
3 6603 6509 6604
3 6509 6510 6604
3 6604 6510 6605
3 6510 6511 6605
3 6605 6511 6606
3 6511 6607 6606
3 6511 6512 6607
3 6512 6513 6607
3 6607 6513 6608
3 6513 6514 6608
3 6608 6514 6609
3 6514 6515 6609
3 6609 6515 6610
3 6515 6611 6610
3 6515 6516 6611
3 6516 6517 6611
3 6611 6517 6612
3 6517 6518 6612
3 6612 6518 6613
3 6518 6614 6613
3 6518 6519 6614
3 6519 6615 6614
3 6519 6520 6615
3 6520 6521 6615
3 6615 6521 6616
3 6521 6522 6616
3 6616 6522 6617
3 6522 6523 6617
3 6617 6523 6618
3 6523 6524 6618
3 6618 6524 6619
3 6524 6525 6619
3 6619 6525 6620
3 6525 6526 6620
3 6620 6526 6621
3 6526 6527 6621
3 6621 6527 6622
3 6527 6623 6622
3 6527 6528 6623
3 6528 6529 6623
3 6623 6529 6624
3 6529 6530 6624
3 6624 6530 6625
3 6530 6531 6625
3 6625 6531 6626
3 6531 6532 6626
3 6626 6532 6627
3 6532 6533 6627
3 6627 6533 6628
3 6533 6534 6628
3 6628 6534 6629
3 6534 6535 6629
3 6629 6535 6630
3 6535 6536 6630
3 6630 6536 6631
3 6536 6537 6631
3 6631 6537 6632
3 6537 6538 6632
3 6632 6538 6633
3 6538 6539 6633
3 6633 6539 6634
3 6539 6540 6634
3 6634 6540 6635
3 6540 6541 6635
3 6635 6541 6636
3 6541 6542 6636
3 6636 6542 6637
3 6542 6543 6637
3 6637 6543 6638
3 6543 6544 6638
3 6638 6544 6639
3 6544 6545 6639
3 6639 6545 6640
3 6545 6546 6640
3 6640 6546 6641
3 6546 6547 6641
3 6641 6547 6642
3 6547 6548 6642
3 6642 6548 6643
3 6548 6549 6643
3 6643 6549 6644
3 6549 6550 6644
3 6644 6550 6645
3 6550 6551 6645
3 6645 6551 6646
3 6551 6552 6646
3 6646 6552 6647
3 6552 6553 6647
3 6647 6553 6648
3 6553 6554 6648
3 6648 6554 6649
3 6554 6555 6649
3 6649 6555 6650
3 6555 6556 6650
3 6650 6556 6651
3 6556 6557 6651
3 6651 6557 6652
3 6557 6558 6652
3 6652 6558 6653
3 6558 6559 6653
3 6653 6559 6654
3 6559 6560 6654
3 6654 6560 6655
3 6560 6561 6655
3 6655 6561 6656
3 6561 6562 6656
3 6656 6562 6657
3 6562 6563 6657
3 6657 6563 6658
3 6563 6564 6658
3 6658 6564 6659
3 6564 6565 6659
3 6659 6565 6660
3 6565 6566 6660
3 1158 6568 1157
3 1157 6568 6661
3 6568 6569 6661
3 6661 6569 6662
3 6569 6570 6662
3 6662 6570 6663
3 6570 6571 6663
3 6663 6571 6664
3 6571 6665 6664
3 6571 6572 6665
3 6572 6666 6665
3 6572 6573 6666
3 6573 6667 6666
3 6573 6574 6667
3 6574 6575 6667
3 6667 6575 6668
3 6575 6576 6668
3 6668 6576 6669
3 6576 6670 6669
3 6576 6577 6670
3 6577 6671 6670
3 6577 6578 6671
3 6578 6672 6671
3 6578 6579 6672
3 6579 6673 6672
3 6579 6580 6673
3 6580 6674 6673
3 6580 6581 6674
3 6581 6582 6674
3 6674 6582 6675
3 6582 6583 6675
3 6675 6583 6676
3 6583 6584 6676
3 6676 6584 6677
3 6584 6585 6677
3 6677 6585 6678
3 6585 6586 6678
3 6678 6586 6679
3 6586 6587 6679
3 6679 6587 6680
3 6587 6588 6680
3 6680 6588 6681
3 6588 6589 6681
3 6681 6589 6682
3 6589 6590 6682
3 6682 6590 6683
3 6590 6591 6683
3 6683 6591 6684
3 6591 6592 6684
3 6684 6592 6685
3 6592 6593 6685
3 6685 6593 6686
3 6593 6594 6686
3 6686 6594 6687
3 6594 6595 6687
3 6687 6595 6688
3 6595 6596 6688
3 6688 6596 6689
3 6596 6597 6689
3 6689 6597 6690
3 6597 6598 6690
3 6690 6598 6691
3 6598 6599 6691
3 6691 6599 6692
3 6599 6600 6692
3 6692 6600 6693
3 6600 6601 6693
3 6693 6601 6694
3 6601 6602 6694
3 6694 6602 6695
3 6602 6603 6695
3 6695 6603 6696
3 6603 6604 6696
3 6696 6604 6697
3 6604 6605 6697
3 6697 6605 6698
3 6605 6606 6698
3 6698 6606 6699
3 6606 6700 6699
3 6606 6607 6700
3 6607 6608 6700
3 6700 6608 6701
3 6608 6609 6701
3 6701 6609 6702
3 6609 6610 6702
3 6702 6610 6703
3 6610 6611 6703
3 6703 6611 6704
3 6611 6612 6704
3 6704 6612 6705
3 6612 6613 6705
3 6705 6613 6706
3 6613 6614 6706
3 6706 6614 6707
3 6614 6708 6707
3 6614 6615 6708
3 6615 6616 6708
3 6708 6616 6709
3 6616 6617 6709
3 6709 6617 6710
3 6617 6618 6710
3 6710 6618 6711
3 6618 6619 6711
3 6711 6619 6712
3 6619 6620 6712
3 6712 6620 6713
3 6620 6621 6713
3 6713 6621 6714
3 6621 6622 6714
3 6714 6622 6715
3 6622 6623 6715
3 6715 6623 6716
3 6623 6624 6716
3 6716 6624 6717
3 6624 6625 6717
3 6717 6625 6718
3 6625 6626 6718
3 6718 6626 6719
3 6626 6627 6719
3 6719 6627 6720
3 6627 6628 6720
3 6720 6628 6721
3 6628 6629 6721
3 6721 6629 6722
3 6629 6630 6722
3 6722 6630 6723
3 6630 6631 6723
3 6723 6631 6724
3 6631 6632 6724
3 6724 6632 6725
3 6632 6633 6725
3 6725 6633 6726
3 6633 6634 6726
3 6726 6634 6727
3 6634 6635 6727
3 6727 6635 6728
3 6635 6636 6728
3 6728 6636 6729
3 6636 6637 6729
3 6729 6637 6730
3 6637 6638 6730
3 6730 6638 6731
3 6638 6639 6731
3 6731 6639 6732
3 6639 6640 6732
3 6732 6640 6733
3 6640 6641 6733
3 6733 6641 6734
3 6641 6642 6734
3 6734 6642 6735
3 6642 6643 6735
3 6735 6643 6736
3 6643 6644 6736
3 6736 6644 6737
3 6644 6645 6737
3 6737 6645 6738
3 6645 6646 6738
3 6738 6646 6739
3 6646 6647 6739
3 6739 6647 6740
3 6647 6648 6740
3 6740 6648 6741
3 6648 6649 6741
3 6741 6649 6742
3 6649 6650 6742
3 6742 6650 6743
3 6650 6651 6743
3 6743 6651 6744
3 6651 6652 6744
3 6744 6652 6745
3 6652 6653 6745
3 6745 6653 6746
3 6653 6654 6746
3 6746 6654 6747
3 6654 6655 6747
3 6747 6655 6748
3 6655 6656 6748
3 6748 6656 6749
3 6656 6657 6749
3 6749 6657 6750
3 6657 6658 6750
3 6750 6658 6751
3 6658 6659 6751
3 6751 6659 6752
3 6659 6660 6752
3 1157 6661 1156
3 1156 6661 6753
3 6661 6662 6753
3 6753 6662 6754
3 6662 6663 6754
3 6754 6663 6755
3 6663 6664 6755
3 6755 6664 6756
3 6664 6757 6756
3 6664 6665 6757
3 6665 6758 6757
3 6665 6666 6758
3 6666 6759 6758
3 6666 6667 6759
3 6667 6668 6759
3 6759 6668 6760
3 6668 6669 6760
3 6760 6669 6761
3 6669 6762 6761
3 6669 6670 6762
3 6670 6763 6762
3 6670 6671 6763
3 6671 6764 6763
3 6671 6672 6764
3 6672 6765 6764
3 6672 6673 6765
3 6673 6766 6765
3 6673 6674 6766
3 6674 6675 6766
3 6766 6675 6767
3 6675 6676 6767
3 6767 6676 6768
3 6676 6677 6768
3 6768 6677 6769
3 6677 6678 6769
3 6769 6678 6770
3 6678 6679 6770
3 6770 6679 6771
3 6679 6680 6771
3 6771 6680 6772
3 6680 6681 6772
3 6772 6681 6773
3 6681 6682 6773
3 6773 6682 6774
3 6682 6683 6774
3 6774 6683 6775
3 6683 6684 6775
3 6775 6684 6776
3 6684 6685 6776
3 6776 6685 6777
3 6685 6686 6777
3 6777 6686 6778
3 6686 6687 6778
3 6778 6687 6779
3 6687 6688 6779
3 6779 6688 6780
3 6688 6689 6780
3 6780 6689 6781
3 6689 6690 6781
3 6781 6690 6782
3 6690 6691 6782
3 6782 6691 6783
3 6691 6692 6783
3 6783 6692 6784
3 6692 6693 6784
3 6784 6693 6785
3 6693 6694 6785
3 6785 6694 6786
3 6694 6695 6786
3 6786 6695 6787
3 6695 6696 6787
3 6787 6696 6788
3 6696 6697 6788
3 6788 6697 6789
3 6697 6698 6789
3 6789 6698 6790
3 6698 6699 6790
3 6790 6699 6791
3 6699 6792 6791
3 6699 6700 6792
3 6700 6793 6792
3 6700 6701 6793
3 6701 6702 6793
3 6793 6702 6794
3 6702 6703 6794
3 6794 6703 6795
3 6703 6704 6795
3 6795 6704 6796
3 6704 6705 6796
3 6796 6705 6797
3 6705 6706 6797
3 6797 6706 6798
3 6706 6799 6798
3 6706 6707 6799
3 6707 6800 6799
3 6707 6708 6800
3 6708 6709 6800
3 6800 6709 6801
3 6709 6710 6801
3 6801 6710 6802
3 6710 6711 6802
3 6802 6711 6803
3 6711 6712 6803
3 6803 6712 6804
3 6712 6713 6804
3 6804 6713 6805
3 6713 6714 6805
3 6805 6714 6806
3 6714 6715 6806
3 6806 6715 6807
3 6715 6716 6807
3 6807 6716 6808
3 6716 6717 6808
3 6808 6717 6809
3 6717 6718 6809
3 6809 6718 6810
3 6718 6719 6810
3 6810 6719 6811
3 6719 6720 6811
3 6811 6720 6812
3 6720 6721 6812
3 6812 6721 6813
3 6721 6722 6813
3 6813 6722 6814
3 6722 6723 6814
3 6814 6723 6815
3 6723 6724 6815
3 6815 6724 6816
3 6724 6725 6816
3 6816 6725 6817
3 6725 6726 6817
3 6817 6726 6818
3 6726 6727 6818
3 6818 6727 6819
3 6727 6728 6819
3 6819 6728 6820
3 6728 6729 6820
3 6820 6729 6821
3 6729 6730 6821
3 6821 6730 6822
3 6730 6731 6822
3 6822 6731 6823
3 6731 6732 6823
3 6823 6732 6824
3 6732 6733 6824
3 6824 6733 6825
3 6733 6734 6825
3 6825 6734 6826
3 6734 6735 6826
3 6826 6735 6827
3 6735 6736 6827
3 6827 6736 6828
3 6736 6737 6828
3 6828 6737 6829
3 6737 6738 6829
3 6829 6738 6830
3 6738 6739 6830
3 6830 6739 6831
3 6739 6740 6831
3 6831 6740 6832
3 6740 6741 6832
3 6832 6741 6833
3 6741 6742 6833
3 6833 6742 6834
3 6742 6743 6834
3 6834 6743 6835
3 6743 6744 6835
3 6835 6744 6836
3 6744 6745 6836
3 6836 6745 6837
3 6745 6746 6837
3 6837 6746 6838
3 6746 6747 6838
3 6838 6747 6839
3 6747 6748 6839
3 6839 6748 6840
3 6748 6749 6840
3 6840 6749 6841
3 6749 6750 6841
3 6841 6750 6842
3 6750 6751 6842
3 1156 6753 1155
3 1155 6753 6843
3 6753 6754 6843
3 6843 6754 6844
3 6754 6755 6844
3 6844 6755 6845
3 6755 6756 6845
3 6845 6756 6846
3 6756 6847 6846
3 6756 6757 6847
3 6757 6848 6847
3 6757 6758 6848
3 6758 6849 6848
3 6758 6759 6849
3 6759 6760 6849
3 6849 6760 6850
3 6760 6761 6850
3 6850 6761 6851
3 6761 6852 6851
3 6761 6762 6852
3 6762 6853 6852
3 6762 6763 6853
3 6763 6854 6853
3 6763 6764 6854
3 6764 6855 6854
3 6764 6765 6855
3 6765 6856 6855
3 6765 6766 6856
3 6766 6767 6856
3 6856 6767 6857
3 6767 6768 6857
3 6857 6768 6858
3 6768 6769 6858
3 6858 6769 6859
3 6769 6770 6859
3 6859 6770 6860
3 6770 6771 6860
3 6860 6771 6861
3 6771 6772 6861
3 6861 6772 6862
3 6772 6773 6862
3 6862 6773 6863
3 6773 6774 6863
3 6863 6774 6864
3 6774 6775 6864
3 6864 6775 6865
3 6775 6776 6865
3 6865 6776 6866
3 6776 6777 6866
3 6866 6777 6867
3 6777 6778 6867
3 6867 6778 6868
3 6778 6869 6868
3 6778 6779 6869
3 6779 6870 6869
3 6779 6780 6870
3 6780 6781 6870
3 6870 6781 6871
3 6781 6782 6871
3 6871 6782 6872
3 6782 6783 6872
3 6872 6783 6873
3 6783 6784 6873
3 6873 6784 6874
3 6784 6875 6874
3 6784 6785 6875
3 6785 6876 6875
3 6785 6786 6876
3 6786 6787 6876
3 6876 6787 6877
3 6787 6788 6877
3 6877 6788 6878
3 6788 6789 6878
3 6878 6789 6879
3 6789 6790 6879
3 6879 6790 6880
3 6790 6791 6880
3 6880 6791 6881
3 6791 6882 6881
3 6791 6792 6882
3 6792 6883 6882
3 6792 6793 6883
3 6793 6794 6883
3 6883 6794 6884
3 6794 6795 6884
3 6884 6795 6885
3 6795 6886 6885
3 6795 6796 6886
3 6796 6887 6886
3 6796 6797 6887
3 6797 6798 6887
3 6887 6798 6888
3 6798 6889 6888
3 6798 6799 6889
3 6799 6890 6889
3 6799 6800 6890
3 6800 6801 6890
3 6890 6801 6891
3 6801 6802 6891
3 6891 6802 6892
3 6802 6803 6892
3 6892 6803 6893
3 6803 6804 6893
3 6893 6804 6894
3 6804 6805 6894
3 6894 6805 6895
3 6805 6806 6895
3 6895 6806 6896
3 6806 6897 6896
3 6806 6807 6897
3 6807 6898 6897
3 6807 6808 6898
3 6808 6809 6898
3 6898 6809 6899
3 6809 6810 6899
3 6899 6810 6900
3 6810 6811 6900
3 6900 6811 6901
3 6811 6812 6901
3 6901 6812 6902
3 6812 6813 6902
3 6902 6813 6903
3 6813 6814 6903
3 6903 6814 6904
3 6814 6815 6904
3 6904 6815 6905
3 6815 6816 6905
3 6905 6816 6906
3 6816 6817 6906
3 6906 6817 6907
3 6817 6818 6907
3 6907 6818 6908
3 6818 6819 6908
3 6908 6819 6909
3 6819 6820 6909
3 6909 6820 6910
3 6820 6821 6910
3 6910 6821 6911
3 6821 6822 6911
3 6911 6822 6912
3 6822 6823 6912
3 6912 6823 6913
3 6823 6824 6913
3 6913 6824 6914
3 6824 6825 6914
3 6914 6825 6915
3 6825 6826 6915
3 6915 6826 6916
3 6826 6827 6916
3 6916 6827 6917
3 6827 6828 6917
3 6917 6828 6918
3 6828 6829 6918
3 6918 6829 6919
3 6829 6830 6919
3 6919 6830 6920
3 6830 6831 6920
3 6920 6831 6921
3 6831 6832 6921
3 6921 6832 6922
3 6832 6833 6922
3 6922 6833 6923
3 6833 6834 6923
3 6923 6834 6924
3 6834 6835 6924
3 6924 6835 6925
3 6835 6836 6925
3 6925 6836 6926
3 6836 6837 6926
3 6926 6837 6927
3 6837 6838 6927
3 6927 6838 6928
3 6838 6839 6928
3 6928 6839 6929
3 6839 6930 6929
3 6839 6840 6930
3 6840 6841 6930
3 6930 6841 6931
3 6841 6842 6931
3 1155 6843 1154
3 1154 6843 6932
3 6843 6844 6932
3 6932 6844 6933
3 6844 6845 6933
3 6933 6845 6934
3 6845 6846 6934
3 6934 6846 6935
3 6846 6936 6935
3 6846 6847 6936
3 6847 6937 6936
3 6847 6848 6937
3 6848 6938 6937
3 6848 6849 6938
3 6849 6850 6938
3 6938 6850 6939
3 6850 6851 6939
3 6939 6851 6940
3 6851 6941 6940
3 6851 6852 6941
3 6852 6942 6941
3 6852 6853 6942
3 6853 6943 6942
3 6853 6854 6943
3 6854 6944 6943
3 6854 6855 6944
3 6855 6945 6944
3 6855 6856 6945
3 6856 6857 6945
3 6945 6857 6946
3 6857 6858 6946
3 6946 6858 6947
3 6858 6859 6947
3 6947 6859 6948
3 6859 6860 6948
3 6948 6860 6949
3 6860 6861 6949
3 6949 6861 6950
3 6861 6862 6950
3 6950 6862 6951
3 6862 6863 6951
3 6951 6863 6952
3 6863 6864 6952
3 6952 6864 6953
3 6864 6865 6953
3 6953 6865 6954
3 6865 6866 6954
3 6954 6866 6955
3 6866 6867 6955
3 6955 6867 6956
3 6867 6868 6956
3 6956 6868 6957
3 6868 6958 6957
3 6868 6869 6958
3 6869 6959 6958
3 6869 6870 6959
3 6870 6960 6959
3 6870 6871 6960
3 6871 6872 6960
3 6960 6872 6961
3 6872 6873 6961
3 6961 6873 6962
3 6873 6874 6962
3 6962 6874 6963
3 6874 6964 6963
3 6874 6875 6964
3 6875 6965 6964
3 6875 6876 6965
3 6876 6877 6965
3 6965 6877 6966
3 6877 6878 6966
3 6966 6878 6967
3 6878 6879 6967
3 6967 6879 6968
3 6879 6880 6968
3 6968 6880 6969
3 6880 6881 6969
3 6969 6881 6970
3 6881 6971 6970
3 6881 6882 6971
3 6882 6972 6971
3 6882 6883 6972
3 6883 6884 6972
3 6972 6884 6973
3 6884 6885 6973
3 6973 6885 6974
3 6885 6975 6974
3 6885 6886 6975
3 6886 6976 6975
3 6886 6887 6976
3 6887 6888 6976
3 6976 6888 6977
3 6888 6978 6977
3 6888 6889 6978
3 6889 6979 6978
3 6889 6890 6979
3 6890 6891 6979
3 6979 6891 6980
3 6891 6892 6980
3 6980 6892 6981
3 6892 6893 6981
3 6981 6893 6982
3 6893 6894 6982
3 6982 6894 6983
3 6894 6895 6983
3 6983 6895 6984
3 6895 6896 6984
3 6984 6896 6985
3 6896 6986 6985
3 6896 6897 6986
3 6897 6987 6986
3 6897 6898 6987
3 6898 6899 6987
3 6987 6899 6988
3 6899 6900 6988
3 6988 6900 6989
3 6900 6901 6989
3 6989 6901 6990
3 6901 6902 6990
3 6990 6902 6991
3 6902 6903 6991
3 6991 6903 6992
3 6903 6904 6992
3 6992 6904 6993
3 6904 6905 6993
3 6993 6905 6994
3 6905 6906 6994
3 6994 6906 6995
3 6906 6907 6995
3 6995 6907 6996
3 6907 6908 6996
3 6996 6908 6997
3 6908 6909 6997
3 6997 6909 6998
3 6909 6910 6998
3 6998 6910 6999
3 6910 6911 6999
3 6999 6911 7000
3 6911 6912 7000
3 7000 6912 7001
3 6912 6913 7001
3 7001 6913 7002
3 6913 6914 7002
3 7002 6914 7003
3 6914 6915 7003
3 7003 6915 7004
3 6915 7005 7004
3 6915 6916 7005
3 6916 7006 7005
3 6916 6917 7006
3 6917 7007 7006
3 6917 6918 7007
3 6918 6919 7007
3 7007 6919 7008
3 6919 6920 7008
3 7008 6920 7009
3 6920 6921 7009
3 7009 6921 7010
3 6921 6922 7010
3 7010 6922 7011
3 6922 6923 7011
3 7011 6923 7012
3 6923 6924 7012
3 7012 6924 7013
3 6924 6925 7013
3 7013 6925 7014
3 6925 6926 7014
3 7014 6926 7015
3 6926 6927 7015
3 7015 6927 7016
3 6927 6928 7016
3 7016 6928 7017
3 6928 6929 7017
3 7017 6929 7018
3 6929 6930 7018
3 1154 6932 1153
3 1153 6932 7019
3 6932 6933 7019
3 7019 6933 7020
3 6933 6934 7020
3 7020 6934 7021
3 6934 6935 7021
3 7021 6935 7022
3 6935 7023 7022
3 6935 6936 7023
3 6936 7024 7023
3 6936 6937 7024
3 6937 6938 7024
3 7024 6938 7025
3 6938 6939 7025
3 7025 6939 7026
3 6939 6940 7026
3 7026 6940 7027
3 6940 7028 7027
3 6940 6941 7028
3 6941 7029 7028
3 6941 6942 7029
3 6942 7030 7029
3 6942 6943 7030
3 6943 7031 7030
3 6943 6944 7031
3 6944 7032 7031
3 6944 6945 7032
3 6945 6946 7032
3 7032 6946 7033
3 6946 6947 7033
3 7033 6947 7034
3 6947 6948 7034
3 7034 6948 7035
3 6948 6949 7035
3 7035 6949 7036
3 6949 6950 7036
3 7036 6950 7037
3 6950 6951 7037
3 7037 6951 7038
3 6951 6952 7038
3 7038 6952 7039
3 6952 6953 7039
3 7039 6953 7040
3 6953 6954 7040
3 7040 6954 7041
3 6954 6955 7041
3 7041 6955 7042
3 6955 6956 7042
3 7042 6956 7043
3 6956 6957 7043
3 7043 6957 7044
3 6957 6958 7044
3 7044 6958 7045
3 6958 6959 7045
3 7045 6959 7046
3 6959 6960 7046
3 7046 6960 7047
3 6960 6961 7047
3 7047 6961 7048
3 6961 6962 7048
3 7048 6962 7049
3 6962 6963 7049
3 7049 6963 7050
3 6963 6964 7050
3 7050 6964 7051
3 6964 6965 7051
3 7051 6965 7052
3 6965 6966 7052
3 7052 6966 7053
3 6966 6967 7053
3 7053 6967 7054
3 6967 6968 7054
3 7054 6968 7055
3 6968 6969 7055
3 7055 6969 7056
3 6969 6970 7056
3 7056 6970 7057
3 6970 7058 7057
3 6970 6971 7058
3 6971 7059 7058
3 6971 6972 7059
3 6972 6973 7059
3 7059 6973 7060
3 6973 6974 7060
3 7060 6974 7061
3 6974 6975 7061
3 7061 6975 7062
3 6975 6976 7062
3 7062 6976 7063
3 6976 6977 7063
3 7063 6977 7064
3 6977 6978 7064
3 7064 6978 7065
3 6978 7066 7065
3 6978 6979 7066
3 6979 6980 7066
3 7066 6980 7067
3 6980 6981 7067
3 7067 6981 7068
3 6981 6982 7068
3 7068 6982 7069
3 6982 6983 7069
3 7069 6983 7070
3 6983 6984 7070
3 7070 6984 7071
3 6984 6985 7071
3 7071 6985 7072
3 6985 6986 7072
3 7072 6986 7073
3 6986 6987 7073
3 7073 6987 7074
3 6987 6988 7074
3 7074 6988 7075
3 6988 6989 7075
3 7075 6989 7076
3 6989 6990 7076
3 7076 6990 7077
3 6990 6991 7077
3 7077 6991 7078
3 6991 6992 7078
3 7078 6992 7079
3 6992 6993 7079
3 7079 6993 7080
3 6993 6994 7080
3 7080 6994 7081
3 6994 6995 7081
3 7081 6995 7082
3 6995 6996 7082
3 7082 6996 7083
3 6996 6997 7083
3 7083 6997 7084
3 6997 6998 7084
3 7084 6998 7085
3 6998 6999 7085
3 7085 6999 7086
3 6999 7000 7086
3 7086 7000 7087
3 7000 7001 7087
3 7087 7001 7088
3 7001 7002 7088
3 7088 7002 7089
3 7002 7003 7089
3 7089 7003 7090
3 7003 7004 7090
3 7090 7004 7091
3 7004 7005 7091
3 7091 7005 7092
3 7005 7006 7092
3 7092 7006 7093
3 7006 7007 7093
3 7093 7007 7094
3 7007 7008 7094
3 7094 7008 7095
3 7008 7009 7095
3 7095 7009 7096
3 7009 7010 7096
3 7096 7010 7097
3 7010 7011 7097
3 7097 7011 7098
3 7011 7012 7098
3 7098 7012 7099
3 7012 7013 7099
3 7099 7013 7100
3 7013 7014 7100
3 7100 7014 7101
3 7014 7015 7101
3 7101 7015 7102
3 7015 7016 7102
3 7102 7016 7103
3 7016 7017 7103
3 7103 7017 7104
3 7017 7018 7104
3 1153 7019 1152
3 1152 7019 7105
3 7019 7020 7105
3 7105 7020 7106
3 7020 7021 7106
3 7106 7021 7107
3 7021 7022 7107
3 7107 7022 7108
3 7022 7109 7108
3 7022 7023 7109
3 7023 7110 7109
3 7023 7024 7110
3 7024 7025 7110
3 7110 7025 7111
3 7025 7026 7111
3 7111 7026 7112
3 7026 7027 7112
3 7112 7027 7113
3 7027 7114 7113
3 7027 7028 7114
3 7028 7115 7114
3 7028 7029 7115
3 7029 7116 7115
3 7029 7030 7116
3 7030 7117 7116
3 7030 7031 7117
3 7031 7118 7117
3 7031 7032 7118
3 7032 7033 7118
3 7118 7033 7119
3 7033 7034 7119
3 7119 7034 7120
3 7034 7035 7120
3 7120 7035 7121
3 7035 7036 7121
3 7121 7036 7122
3 7036 7037 7122
3 7122 7037 7123
3 7037 7038 7123
3 7123 7038 7124
3 7038 7039 7124
3 7124 7039 7125
3 7039 7040 7125
3 7125 7040 7126
3 7040 7041 7126
3 7126 7041 7127
3 7041 7042 7127
3 7127 7042 7128
3 7042 7043 7128
3 7128 7043 7129
3 7043 7044 7129
3 7129 7044 7130
3 7044 7131 7130
3 7044 7045 7131
3 7045 7046 7131
3 7131 7046 7132
3 7046 7047 7132
3 7132 7047 7133
3 7047 7048 7133
3 7133 7048 7134
3 7048 7049 7134
3 7134 7049 7135
3 7049 7050 7135
3 7135 7050 7136
3 7050 7137 7136
3 7050 7051 7137
3 7051 7052 7137
3 7137 7052 7138
3 7052 7053 7138
3 7138 7053 7139
3 7053 7054 7139
3 7139 7054 7140
3 7054 7055 7140
3 7140 7055 7141
3 7055 7056 7141
3 7141 7056 7142
3 7056 7057 7142
3 7142 7057 7143
3 7057 7144 7143
3 7057 7058 7144
3 7058 7145 7144
3 7058 7059 7145
3 7059 7060 7145
3 7145 7060 7146
3 7060 7061 7146
3 7146 7061 7147
3 7061 7062 7147
3 7147 7062 7148
3 7062 7063 7148
3 7148 7063 7149
3 7063 7064 7149
3 7149 7064 7150
3 7064 7065 7150
3 7150 7065 7151
3 7065 7066 7151
3 7151 7066 7152
3 7066 7067 7152
3 7152 7067 7153
3 7067 7068 7153
3 7153 7068 7154
3 7068 7069 7154
3 7154 7069 7155
3 7069 7070 7155
3 7155 7070 7156
3 7070 7071 7156
3 7156 7071 7157
3 7071 7072 7157
3 7157 7072 7158
3 7072 7073 7158
3 7158 7073 7159
3 7073 7074 7159
3 7159 7074 7160
3 7074 7075 7160
3 7160 7075 7161
3 7075 7076 7161
3 7161 7076 7162
3 7076 7077 7162
3 7162 7077 7163
3 7077 7078 7163
3 7163 7078 7164
3 7078 7079 7164
3 7164 7079 7165
3 7079 7080 7165
3 7165 7080 7166
3 7080 7081 7166
3 7166 7081 7167
3 7081 7082 7167
3 7167 7082 7168
3 7082 7083 7168
3 7168 7083 7169
3 7083 7084 7169
3 7169 7084 7170
3 7084 7085 7170
3 7170 7085 7171
3 7085 7086 7171
3 7171 7086 7172
3 7086 7087 7172
3 7172 7087 7173
3 7087 7088 7173
3 7173 7088 7174
3 7088 7089 7174
3 7174 7089 7175
3 7089 7090 7175
3 7175 7090 7176
3 7090 7091 7176
3 7176 7091 7177
3 7091 7092 7177
3 7177 7092 7178
3 7092 7093 7178
3 7178 7093 7179
3 7093 7094 7179
3 7179 7094 7180
3 7094 7095 7180
3 7180 7095 7181
3 7095 7096 7181
3 7181 7096 7182
3 7096 7097 7182
3 7182 7097 7183
3 7097 7098 7183
3 7183 7098 7184
3 7098 7099 7184
3 7184 7099 7185
3 7099 7100 7185
3 7185 7100 7186
3 7100 7101 7186
3 7186 7101 7187
3 7101 7102 7187
3 7187 7102 7188
3 7102 7103 7188
3 1152 7105 1151
3 1151 7105 7189
3 7105 7106 7189
3 7189 7106 7190
3 7106 7107 7190
3 7190 7107 7191
3 7107 7108 7191
3 7191 7108 7192
3 7108 7193 7192
3 7108 7109 7193
3 7109 7194 7193
3 7109 7110 7194
3 7110 7195 7194
3 7110 7111 7195
3 7111 7112 7195
3 7195 7112 7196
3 7112 7113 7196
3 7196 7113 7197
3 7113 7198 7197
3 7113 7114 7198
3 7114 7199 7198
3 7114 7115 7199
3 7115 7200 7199
3 7115 7116 7200
3 7116 7201 7200
3 7116 7117 7201
3 7117 7202 7201
3 7117 7118 7202
3 7118 7119 7202
3 7202 7119 7203
3 7119 7120 7203
3 7203 7120 7204
3 7120 7121 7204
3 7204 7121 7205
3 7121 7122 7205
3 7205 7122 7206
3 7122 7123 7206
3 7206 7123 7207
3 7123 7124 7207
3 7207 7124 7208
3 7124 7125 7208
3 7208 7125 7209
3 7125 7126 7209
3 7209 7126 7210
3 7126 7127 7210
3 7210 7127 7211
3 7127 7128 7211
3 7211 7128 7212
3 7128 7129 7212
3 7212 7129 7213
3 7129 7130 7213
3 7213 7130 7214
3 7130 7215 7214
3 7130 7131 7215
3 7131 7216 7215
3 7131 7132 7216
3 7132 7217 7216
3 7132 7133 7217
3 7133 7218 7217
3 7133 7134 7218
3 7134 7219 7218
3 7134 7135 7219
3 7135 7220 7219
3 7135 7136 7220
3 7136 7221 7220
3 7136 7137 7221
3 7137 7222 7221
3 7137 7138 7222
3 7138 7223 7222
3 7138 7139 7223
3 7139 7140 7223
3 7223 7140 7224
3 7140 7141 7224
3 7224 7141 7225
3 7141 7142 7225
3 7225 7142 7226
3 7142 7227 7226
3 7142 7143 7227
3 7143 7228 7227
3 7143 7144 7228
3 7144 7229 7228
3 7144 7145 7229
3 7145 7146 7229
3 7229 7146 7230
3 7146 7147 7230
3 7230 7147 7231
3 7147 7148 7231
3 7231 7148 7232
3 7148 7149 7232
3 7232 7149 7233
3 7149 7150 7233
3 7233 7150 7234
3 7150 7151 7234
3 7234 7151 7235
3 7151 7236 7235
3 7151 7152 7236
3 7152 7153 7236
3 7236 7153 7237
3 7153 7154 7237
3 7237 7154 7238
3 7154 7155 7238
3 7238 7155 7239
3 7155 7156 7239
3 7239 7156 7240
3 7156 7157 7240
3 7240 7157 7241
3 7157 7158 7241
3 7241 7158 7242
3 7158 7243 7242
3 7158 7159 7243
3 7159 7244 7243
3 7159 7160 7244
3 7160 7245 7244
3 7160 7161 7245
3 7161 7162 7245
3 7245 7162 7246
3 7162 7163 7246
3 7246 7163 7247
3 7163 7164 7247
3 7247 7164 7248
3 7164 7249 7248
3 7164 7165 7249
3 7165 7166 7249
3 7249 7166 7250
3 7166 7167 7250
3 7250 7167 7251
3 7167 7168 7251
3 7251 7168 7252
3 7168 7253 7252
3 7168 7169 7253
3 7169 7170 7253
3 7253 7170 7254
3 7170 7171 7254
3 7254 7171 7255
3 7171 7172 7255
3 7255 7172 7256
3 7172 7173 7256
3 7256 7173 7257
3 7173 7258 7257
3 7173 7174 7258
3 7174 7175 7258
3 7258 7175 7259
3 7175 7260 7259
3 7175 7176 7260
3 7176 7261 7260
3 7176 7177 7261
3 7177 7262 7261
3 7177 7178 7262
3 7178 7263 7262
3 7178 7179 7263
3 7179 7264 7263
3 7179 7180 7264
3 7180 7265 7264
3 7180 7181 7265
3 7181 7266 7265
3 7181 7182 7266
3 7182 7183 7266
3 7266 7183 7267
3 7183 7184 7267
3 7267 7184 7268
3 7184 7185 7268
3 7268 7185 7269
3 7185 7186 7269
3 7269 7186 7270
3 7186 7187 7270
3 7270 7187 7271
3 1151 7189 1150
3 1150 7189 7272
3 7189 7190 7272
3 7272 7190 7273
3 7190 7191 7273
3 7273 7191 7274
3 7191 7192 7274
3 7274 7192 7275
3 7192 7276 7275
3 7192 7193 7276
3 7193 7277 7276
3 7193 7194 7277
3 7194 7278 7277
3 7194 7195 7278
3 7195 7196 7278
3 7278 7196 7279
3 7196 7280 7279
3 7196 7197 7280
3 7197 7281 7280
3 7197 7198 7281
3 7198 7282 7281
3 7198 7199 7282
3 7199 7283 7282
3 7199 7200 7283
3 7200 7284 7283
3 7200 7201 7284
3 7201 7285 7284
3 7201 7202 7285
3 7202 7203 7285
3 7285 7203 7286
3 7203 7204 7286
3 7286 7204 7287
3 7204 7205 7287
3 7287 7205 7288
3 7205 7206 7288
3 7288 7206 7289
3 7206 7207 7289
3 7289 7207 7290
3 7207 7291 7290
3 7207 7208 7291
3 7208 7292 7291
3 7208 7209 7292
3 7209 7293 7292
3 7209 7210 7293
3 7210 7211 7293
3 7293 7211 7294
3 7211 7212 7294
3 7294 7212 7295
3 7212 7213 7295
3 7295 7213 7296
3 7213 7297 7296
3 7213 7214 7297
3 7214 7298 7297
3 7214 7215 7298
3 7215 7299 7298
3 7215 7216 7299
3 7216 7300 7299
3 7216 7217 7300
3 7217 7301 7300
3 7217 7218 7301
3 7218 7302 7301
3 7218 7219 7302
3 7219 7303 7302
3 7219 7220 7303
3 7220 7304 7303
3 7220 7221 7304
3 7221 7305 7304
3 7221 7222 7305
3 7222 7306 7305
3 7222 7223 7306
3 7223 7307 7306
3 7223 7224 7307
3 7224 7308 7307
3 7224 7225 7308
3 7225 7309 7308
3 7225 7226 7309
3 7226 7310 7309
3 7226 7227 7310
3 7227 7311 7310
3 7227 7228 7311
3 7228 7312 7311
3 7228 7229 7312
3 7229 7313 7312
3 7229 7230 7313
3 7230 7314 7313
3 7230 7231 7314
3 7231 7315 7314
3 7231 7232 7315
3 7232 7316 7315
3 7232 7233 7316
3 7233 7317 7316
3 7233 7234 7317
3 7234 7318 7317
3 7234 7235 7318
3 7235 7319 7318
3 7235 7236 7319
3 7236 7320 7319
3 7236 7237 7320
3 7237 7238 7320
3 7320 7238 7321
3 7238 7239 7321
3 7321 7239 7322
3 7239 7323 7322
3 7239 7240 7323
3 7240 7324 7323
3 7240 7241 7324
3 7241 7325 7324
3 7241 7242 7325
3 7242 7326 7325
3 7242 7243 7326
3 7243 7327 7326
3 7243 7244 7327
3 7244 7328 7327
3 7244 7245 7328
3 7245 7329 7328
3 7245 7246 7329
3 7246 7330 7329
3 7246 7247 7330
3 7247 7331 7330
3 7247 7248 7331
3 7248 7332 7331
3 7248 7249 7332
3 7249 7333 7332
3 7249 7250 7333
3 7250 7334 7333
3 7250 7251 7334
3 7251 7335 7334
3 7251 7252 7335
3 7252 7336 7335
3 7252 7253 7336
3 7253 7337 7336
3 7253 7254 7337
3 7254 7255 7337
3 7337 7255 7338
3 7255 7256 7338
3 7338 7256 7339
3 7256 7257 7339
3 7339 7257 7340
3 7257 7341 7340
3 7257 7258 7341
3 7258 7342 7341
3 7258 7259 7342
3 7259 7343 7342
3 7259 7260 7343
3 7260 7344 7343
3 7260 7261 7344
3 7261 7345 7344
3 7261 7262 7345
3 7262 7346 7345
3 7262 7263 7346
3 7263 7347 7346
3 7263 7264 7347
3 7264 7348 7347
3 7264 7265 7348
3 7265 7349 7348
3 7265 7266 7349
3 7266 7350 7349
3 7266 7267 7350
3 7267 7351 7350
3 7267 7268 7351
3 7268 7269 7351
3 7351 7269 7352
3 7269 7270 7352
3 7352 7270 7353
3 7270 7354 7353
3 7270 7271 7354
3 1150 7272 1149
3 1149 7272 7355
3 7272 7273 7355
3 7355 7273 7356
3 7273 7274 7356
3 7356 7274 7357
3 7274 7358 7357
3 7274 7275 7358
3 7275 7359 7358
3 7275 7276 7359
3 7276 7360 7359
3 7276 7277 7360
3 7277 7361 7360
3 7277 7278 7361
3 7278 7279 7361
3 7361 7279 7362
3 7279 7363 7362
3 7279 7280 7363
3 7280 7364 7363
3 7280 7281 7364
3 7281 7365 7364
3 7281 7282 7365
3 7282 7366 7365
3 7282 7283 7366
3 7283 7367 7366
3 7283 7284 7367
3 7284 7368 7367
3 7284 7285 7368
3 7285 7286 7368
3 7368 7286 7369
3 7286 7287 7369
3 7369 7287 7370
3 7287 7288 7370
3 7370 7288 7371
3 7288 7289 7371
3 7371 7289 7372
3 7289 7290 7372
3 7372 7290 7373
3 7290 7374 7373
3 7290 7291 7374
3 7291 7375 7374
3 7291 7292 7375
3 7292 7376 7375
3 7292 7293 7376
3 7293 7294 7376
3 7376 7294 7377
3 7294 7295 7377
3 7377 7295 7378
3 7295 7296 7378
3 7378 7296 7379
3 7296 7380 7379
3 7296 7297 7380
3 7297 7381 7380
3 7297 7298 7381
3 7298 7382 7381
3 7298 7299 7382
3 7299 7383 7382
3 7299 7300 7383
3 7300 7384 7383
3 7300 7301 7384
3 7301 7385 7384
3 7301 7302 7385
3 7302 7386 7385
3 7302 7303 7386
3 7303 7387 7386
3 7303 7304 7387
3 7304 7388 7387
3 7304 7305 7388
3 7305 7389 7388
3 7305 7306 7389
3 7306 7390 7389
3 7306 7307 7390
3 7307 7391 7390
3 7307 7308 7391
3 7308 7392 7391
3 7308 7309 7392
3 7309 7393 7392
3 7309 7310 7393
3 7310 7394 7393
3 7310 7311 7394
3 7311 7395 7394
3 7311 7312 7395
3 7312 7396 7395
3 7312 7313 7396
3 7313 7397 7396
3 7313 7314 7397
3 7314 7398 7397
3 7314 7315 7398
3 7315 7399 7398
3 7315 7316 7399
3 7316 7400 7399
3 7316 7317 7400
3 7317 7401 7400
3 7317 7318 7401
3 7318 7402 7401
3 7318 7319 7402
3 7319 7403 7402
3 7319 7320 7403
3 7320 7321 7403
3 7403 7321 7404
3 7321 7322 7404
3 7404 7322 7405
3 7322 7406 7405
3 7322 7323 7406
3 7323 7407 7406
3 7323 7324 7407
3 7324 7408 7407
3 7324 7325 7408
3 7325 7409 7408
3 7325 7326 7409
3 7326 7410 7409
3 7326 7327 7410
3 7327 7411 7410
3 7327 7328 7411
3 7328 7412 7411
3 7328 7329 7412
3 7329 7413 7412
3 7329 7330 7413
3 7330 7414 7413
3 7330 7331 7414
3 7331 7415 7414
3 7331 7332 7415
3 7332 7416 7415
3 7332 7333 7416
3 7333 7417 7416
3 7333 7334 7417
3 7334 7418 7417
3 7334 7335 7418
3 7335 7419 7418
3 7335 7336 7419
3 7336 7420 7419
3 7336 7337 7420
3 7337 7338 7420
3 7420 7338 7421
3 7338 7339 7421
3 7421 7339 7422
3 7339 7423 7422
3 7339 7340 7423
3 7340 7424 7423
3 7340 7341 7424
3 7341 7425 7424
3 7341 7342 7425
3 7342 7426 7425
3 7342 7343 7426
3 7343 7427 7426
3 7343 7344 7427
3 7344 7428 7427
3 7344 7345 7428
3 7345 7429 7428
3 7345 7346 7429
3 7346 7430 7429
3 7346 7347 7430
3 7347 7431 7430
3 7347 7348 7431
3 7348 7432 7431
3 7348 7349 7432
3 7349 7433 7432
3 7349 7350 7433
3 7350 7434 7433
3 7350 7351 7434
3 7351 7352 7434
3 7434 7352 7435
3 7352 7353 7435
3 7435 7353 7436
3 1149 7355 1148
3 1148 7355 7437
3 7355 7356 7437
3 7437 7356 7438
3 7356 7357 7438
3 7438 7357 7439
3 7357 7440 7439
3 7357 7358 7440
3 7358 7441 7440
3 7358 7359 7441
3 7359 7442 7441
3 7359 7360 7442
3 7360 7443 7442
3 7360 7361 7443
3 7361 7362 7443
3 7443 7362 7444
3 7362 7445 7444
3 7362 7363 7445
3 7363 7446 7445
3 7363 7364 7446
3 7364 7447 7446
3 7364 7365 7447
3 7365 7448 7447
3 7365 7366 7448
3 7366 7449 7448
3 7366 7367 7449
3 7367 7450 7449
3 7367 7368 7450
3 7368 7451 7450
3 7368 7369 7451
3 7369 7370 7451
3 7451 7370 7452
3 7370 7371 7452
3 7452 7371 7453
3 7371 7372 7453
3 7453 7372 7454
3 7372 7373 7454
3 7454 7373 7455
3 7373 7456 7455
3 7373 7374 7456
3 7374 7457 7456
3 7374 7375 7457
3 7375 7458 7457
3 7375 7376 7458
3 7376 7377 7458
3 7458 7377 7459
3 7377 7378 7459
3 7459 7378 7460
3 7378 7379 7460
3 7460 7379 7461
3 7379 7380 7461
3 7461 7380 7462
3 7380 7463 7462
3 7380 7381 7463
3 7381 7464 7463
3 7381 7382 7464
3 7382 7465 7464
3 7382 7383 7465
3 7383 7466 7465
3 7383 7384 7466
3 7384 7467 7466
3 7384 7385 7467
3 7385 7468 7467
3 7385 7386 7468
3 7386 7469 7468
3 7386 7387 7469
3 7387 7470 7469
3 7387 7388 7470
3 7388 7471 7470
3 7388 7389 7471
3 7389 7472 7471
3 7389 7390 7472
3 7390 7473 7472
3 7390 7391 7473
3 7391 7474 7473
3 7391 7392 7474
3 7392 7475 7474
3 7392 7393 7475
3 7393 7476 7475
3 7393 7394 7476
3 7394 7477 7476
3 7394 7395 7477
3 7395 7478 7477
3 7395 7396 7478
3 7396 7479 7478
3 7396 7397 7479
3 7397 7480 7479
3 7397 7398 7480
3 7398 7481 7480
3 7398 7399 7481
3 7399 7482 7481
3 7399 7400 7482
3 7400 7483 7482
3 7400 7401 7483
3 7401 7484 7483
3 7401 7402 7484
3 7402 7485 7484
3 7402 7403 7485
3 7403 7404 7485
3 7485 7404 7486
3 7404 7405 7486
3 7486 7405 7487
3 7405 7488 7487
3 7405 7406 7488
3 7406 7489 7488
3 7406 7407 7489
3 7407 7490 7489
3 7407 7408 7490
3 7408 7491 7490
3 7408 7409 7491
3 7409 7492 7491
3 7409 7410 7492
3 7410 7493 7492
3 7410 7411 7493
3 7411 7494 7493
3 7411 7412 7494
3 7412 7495 7494
3 7412 7413 7495
3 7413 7496 7495
3 7413 7414 7496
3 7414 7497 7496
3 7414 7415 7497
3 7415 7498 7497
3 7415 7416 7498
3 7416 7499 7498
3 7416 7417 7499
3 7417 7500 7499
3 7417 7418 7500
3 7418 7501 7500
3 7418 7419 7501
3 7419 7502 7501
3 7419 7420 7502
3 7420 7421 7502
3 7502 7421 7503
3 7421 7422 7503
3 7503 7422 7504
3 7422 7423 7504
3 7504 7423 7505
3 7423 7424 7505
3 7505 7424 7506
3 7424 7425 7506
3 7506 7425 7507
3 7425 7508 7507
3 7425 7426 7508
3 7426 7509 7508
3 7426 7427 7509
3 7427 7510 7509
3 7427 7428 7510
3 7428 7511 7510
3 7428 7429 7511
3 7429 7512 7511
3 7429 7430 7512
3 7430 7513 7512
3 7430 7431 7513
3 7431 7514 7513
3 7431 7432 7514
3 7432 7515 7514
3 7432 7433 7515
3 7433 7434 7515
3 7515 7434 7516
3 7434 7435 7516
3 7516 7435 7517
3 7435 7436 7517
3 1148 7437 1147
3 1147 7437 7518
3 7437 7438 7518
3 7518 7438 7519
3 7438 7439 7519
3 7519 7439 7520
3 7439 7521 7520
3 7439 7440 7521
3 7440 7522 7521
3 7440 7441 7522
3 7441 7523 7522
3 7441 7442 7523
3 7442 7524 7523
3 7442 7443 7524
3 7443 7444 7524
3 7524 7444 7525
3 7444 7526 7525
3 7444 7445 7526
3 7445 7527 7526
3 7445 7446 7527
3 7446 7528 7527
3 7446 7447 7528
3 7447 7529 7528
3 7447 7448 7529
3 7448 7530 7529
3 7448 7449 7530
3 7449 7531 7530
3 7449 7450 7531
3 7450 7451 7531
3 7531 7451 7532
3 7451 7452 7532
3 7532 7452 7533
3 7452 7453 7533
3 7533 7453 7534
3 7453 7454 7534
3 7534 7454 7535
3 7454 7455 7535
3 7535 7455 7536
3 7455 7456 7536
3 7536 7456 7537
3 7456 7538 7537
3 7456 7457 7538
3 7457 7539 7538
3 7457 7458 7539
3 7458 7459 7539
3 7539 7459 7540
3 7459 7460 7540
3 7540 7460 7541
3 7460 7461 7541
3 7541 7461 7542
3 7461 7462 7542
3 7542 7462 7543
3 7462 7544 7543
3 7462 7463 7544
3 7463 7545 7544
3 7463 7464 7545
3 7464 7546 7545
3 7464 7465 7546
3 7465 7547 7546
3 7465 7466 7547
3 7466 7548 7547
3 7466 7467 7548
3 7467 7549 7548
3 7467 7468 7549
3 7468 7550 7549
3 7468 7469 7550
3 7469 7551 7550
3 7469 7470 7551
3 7470 7552 7551
3 7470 7471 7552
3 7471 7553 7552
3 7471 7472 7553
3 7472 7554 7553
3 7472 7473 7554
3 7473 7555 7554
3 7473 7474 7555
3 7474 7556 7555
3 7474 7475 7556
3 7475 7557 7556
3 7475 7476 7557
3 7476 7558 7557
3 7476 7477 7558
3 7477 7559 7558
3 7477 7478 7559
3 7478 7560 7559
3 7478 7479 7560
3 7479 7561 7560
3 7479 7480 7561
3 7480 7562 7561
3 7480 7481 7562
3 7481 7563 7562
3 7481 7482 7563
3 7482 7564 7563
3 7482 7483 7564
3 7483 7565 7564
3 7483 7484 7565
3 7484 7566 7565
3 7484 7485 7566
3 7485 7567 7566
3 7485 7486 7567
3 7486 7568 7567
3 7486 7487 7568
3 7487 7569 7568
3 7487 7488 7569
3 7488 7570 7569
3 7488 7489 7570
3 7489 7571 7570
3 7489 7490 7571
3 7490 7572 7571
3 7490 7491 7572
3 7491 7573 7572
3 7491 7492 7573
3 7492 7574 7573
3 7492 7493 7574
3 7493 7575 7574
3 7493 7494 7575
3 7494 7576 7575
3 7494 7495 7576
3 7495 7577 7576
3 7495 7496 7577
3 7496 7578 7577
3 7496 7497 7578
3 7497 7579 7578
3 7497 7498 7579
3 7498 7580 7579
3 7498 7499 7580
3 7499 7581 7580
3 7499 7500 7581
3 7500 7582 7581
3 7500 7501 7582
3 7501 7583 7582
3 7501 7502 7583
3 7502 7503 7583
3 7583 7503 7584
3 7503 7504 7584
3 7584 7504 7585
3 7504 7505 7585
3 7585 7505 7586
3 7505 7506 7586
3 7586 7506 7587
3 7506 7507 7587
3 7587 7507 7588
3 7507 7589 7588
3 7507 7508 7589
3 7508 7590 7589
3 7508 7509 7590
3 7509 7591 7590
3 7509 7510 7591
3 7510 7592 7591
3 7510 7511 7592
3 7511 7593 7592
3 7511 7512 7593
3 7512 7594 7593
3 7512 7513 7594
3 7513 7595 7594
3 7513 7514 7595
3 7514 7596 7595
3 7514 7515 7596
3 7515 7516 7596
3 7596 7516 7597
3 7516 7517 7597
3 7597 7517 7598
3 1147 7518 1146
3 1146 7518 7599
3 7518 7519 7599
3 7599 7519 7600
3 7519 7520 7600
3 7600 7520 7601
3 7520 7602 7601
3 7520 7521 7602
3 7521 7603 7602
3 7521 7522 7603
3 7522 7604 7603
3 7522 7523 7604
3 7523 7605 7604
3 7523 7524 7605
3 7524 7525 7605
3 7605 7525 7606
3 7525 7607 7606
3 7525 7526 7607
3 7526 7608 7607
3 7526 7527 7608
3 7527 7609 7608
3 7527 7528 7609
3 7528 7610 7609
3 7528 7529 7610
3 7529 7611 7610
3 7529 7530 7611
3 7530 7612 7611
3 7530 7531 7612
3 7531 7532 7612
3 7612 7532 7613
3 7532 7533 7613
3 7613 7533 7614
3 7533 7534 7614
3 7614 7534 7615
3 7534 7535 7615
3 7615 7535 7616
3 7535 7536 7616
3 7616 7536 7617
3 7536 7537 7617
3 7617 7537 7618
3 7537 7619 7618
3 7537 7538 7619
3 7538 7620 7619
3 7538 7539 7620
3 7539 7540 7620
3 7620 7540 7621
3 7540 7541 7621
3 7621 7541 7622
3 7541 7623 7622
3 7541 7542 7623
3 7542 7543 7623
3 7623 7543 7624
3 7543 7544 7624
3 7624 7544 7625
3 7544 7626 7625
3 7544 7545 7626
3 7545 7627 7626
3 7545 7546 7627
3 7546 7628 7627
3 7546 7547 7628
3 7547 7629 7628
3 7547 7548 7629
3 7548 7630 7629
3 7548 7549 7630
3 7549 7631 7630
3 7549 7550 7631
3 7550 7632 7631
3 7550 7551 7632
3 7551 7633 7632
3 7551 7552 7633
3 7552 7634 7633
3 7552 7553 7634
3 7553 7635 7634
3 7553 7554 7635
3 7554 7636 7635
3 7554 7555 7636
3 7555 7637 7636
3 7555 7556 7637
3 7556 7638 7637
3 7556 7557 7638
3 7557 7639 7638
3 7557 7558 7639
3 7558 7640 7639
3 7558 7559 7640
3 7559 7641 7640
3 7559 7560 7641
3 7560 7642 7641
3 7560 7561 7642
3 7561 7643 7642
3 7561 7562 7643
3 7562 7644 7643
3 7562 7563 7644
3 7563 7645 7644
3 7563 7564 7645
3 7564 7646 7645
3 7564 7565 7646
3 7565 7647 7646
3 7565 7566 7647
3 7566 7648 7647
3 7566 7567 7648
3 7567 7649 7648
3 7567 7568 7649
3 7568 7650 7649
3 7568 7569 7650
3 7569 7651 7650
3 7569 7570 7651
3 7570 7652 7651
3 7570 7571 7652
3 7571 7653 7652
3 7571 7572 7653
3 7572 7654 7653
3 7572 7573 7654
3 7573 7655 7654
3 7573 7574 7655
3 7574 7656 7655
3 7574 7575 7656
3 7575 7657 7656
3 7575 7576 7657
3 7576 7658 7657
3 7576 7577 7658
3 7577 7659 7658
3 7577 7578 7659
3 7578 7660 7659
3 7578 7579 7660
3 7579 7661 7660
3 7579 7580 7661
3 7580 7662 7661
3 7580 7581 7662
3 7581 7663 7662
3 7581 7582 7663
3 7582 7664 7663
3 7582 7583 7664
3 7583 7584 7664
3 7664 7584 7665
3 7584 7585 7665
3 7665 7585 7666
3 7585 7586 7666
3 7666 7586 7667
3 7586 7587 7667
3 7667 7587 7668
3 7587 7588 7668
3 7668 7588 7669
3 7588 7670 7669
3 7588 7589 7670
3 7589 7671 7670
3 7589 7590 7671
3 7590 7672 7671
3 7590 7591 7672
3 7591 7673 7672
3 7591 7592 7673
3 7592 7674 7673
3 7592 7593 7674
3 7593 7675 7674
3 7593 7594 7675
3 7594 7676 7675
3 7594 7595 7676
3 7595 7677 7676
3 7595 7596 7677
3 7596 7597 7677
3 7677 7597 7678
3 7597 7598 7678
3 1146 7599 1145
3 1145 7599 7679
3 7599 7600 7679
3 7679 7600 7680
3 7600 7601 7680
3 7680 7601 7681
3 7601 7602 7681
3 7681 7602 7682
3 7602 7683 7682
3 7602 7603 7683
3 7603 7684 7683
3 7603 7604 7684
3 7604 7605 7684
3 7684 7605 7685
3 7605 7606 7685
3 7685 7606 7686
3 7606 7607 7686
3 7686 7607 7687
3 7607 7688 7687
3 7607 7608 7688
3 7608 7689 7688
3 7608 7609 7689
3 7609 7690 7689
3 7609 7610 7690
3 7610 7691 7690
3 7610 7611 7691
3 7611 7692 7691
3 7611 7612 7692
3 7612 7613 7692
3 7692 7613 7693
3 7613 7614 7693
3 7693 7614 7694
3 7614 7615 7694
3 7694 7615 7695
3 7615 7616 7695
3 7695 7616 7696
3 7616 7617 7696
3 7696 7617 7697
3 7617 7618 7697
3 7697 7618 7698
3 7618 7699 7698
3 7618 7619 7699
3 7619 7700 7699
3 7619 7620 7700
3 7620 7621 7700
3 7700 7621 7701
3 7621 7622 7701
3 7701 7622 7702
3 7622 7703 7702
3 7622 7623 7703
3 7623 7624 7703
3 7703 7624 7704
3 7624 7625 7704
3 7704 7625 7705
3 7625 7706 7705
3 7625 7626 7706
3 7626 7707 7706
3 7626 7627 7707
3 7627 7708 7707
3 7627 7628 7708
3 7628 7709 7708
3 7628 7629 7709
3 7629 7710 7709
3 7629 7630 7710
3 7630 7711 7710
3 7630 7631 7711
3 7631 7712 7711
3 7631 7632 7712
3 7632 7713 7712
3 7632 7633 7713
3 7633 7714 7713
3 7633 7634 7714
3 7634 7635 7714
3 7714 7635 7715
3 7635 7636 7715
3 7715 7636 7716
3 7636 7717 7716
3 7636 7637 7717
3 7637 7718 7717
3 7637 7638 7718
3 7638 7719 7718
3 7638 7639 7719
3 7639 7720 7719
3 7639 7640 7720
3 7640 7721 7720
3 7640 7641 7721
3 7641 7722 7721
3 7641 7642 7722
3 7642 7723 7722
3 7642 7643 7723
3 7643 7724 7723
3 7643 7644 7724
3 7644 7725 7724
3 7644 7645 7725
3 7645 7726 7725
3 7645 7646 7726
3 7646 7727 7726
3 7646 7647 7727
3 7647 7648 7727
3 7727 7648 7728
3 7648 7649 7728
3 7728 7649 7729
3 7649 7730 7729
3 7649 7650 7730
3 7650 7731 7730
3 7650 7651 7731
3 7651 7732 7731
3 7651 7652 7732
3 7652 7733 7732
3 7652 7653 7733
3 7653 7734 7733
3 7653 7654 7734
3 7654 7735 7734
3 7654 7655 7735
3 7655 7736 7735
3 7655 7656 7736
3 7656 7737 7736
3 7656 7657 7737
3 7657 7738 7737
3 7657 7658 7738
3 7658 7739 7738
3 7658 7659 7739
3 7659 7740 7739
3 7659 7660 7740
3 7660 7741 7740
3 7660 7661 7741
3 7661 7742 7741
3 7661 7662 7742
3 7662 7743 7742
3 7662 7663 7743
3 7663 7744 7743
3 7663 7664 7744
3 7664 7665 7744
3 7744 7665 7745
3 7665 7666 7745
3 7745 7666 7746
3 7666 7667 7746
3 7746 7667 7747
3 7667 7668 7747
3 7747 7668 7748
3 7668 7669 7748
3 7748 7669 7749
3 7669 7670 7749
3 7749 7670 7750
3 7670 7751 7750
3 7670 7671 7751
3 7671 7752 7751
3 7671 7672 7752
3 7672 7753 7752
3 7672 7673 7753
3 7673 7754 7753
3 7673 7674 7754
3 7674 7755 7754
3 7674 7675 7755
3 7675 7756 7755
3 7675 7676 7756
3 7676 7677 7756
3 7756 7677 7757
3 7677 7678 7757
3 1145 7679 1144
3 1144 7679 7758
3 7679 7680 7758
3 7758 7680 7759
3 7680 7681 7759
3 7759 7681 7760
3 7681 7682 7760
3 7760 7682 7761
3 7682 7762 7761
3 7682 7683 7762
3 7683 7763 7762
3 7683 7684 7763
3 7684 7685 7763
3 7763 7685 7764
3 7685 7686 7764
3 7764 7686 7765
3 7686 7687 7765
3 7765 7687 7766
3 7687 7767 7766
3 7687 7688 7767
3 7688 7768 7767
3 7688 7689 7768
3 7689 7769 7768
3 7689 7690 7769
3 7690 7770 7769
3 7690 7691 7770
3 7691 7771 7770
3 7691 7692 7771
3 7692 7693 7771
3 7771 7693 7772
3 7693 7694 7772
3 7772 7694 7773
3 7694 7695 7773
3 7773 7695 7774
3 7695 7696 7774
3 7774 7696 7775
3 7696 7697 7775
3 7775 7697 7776
3 7697 7698 7776
3 7776 7698 7777
3 7698 7778 7777
3 7698 7699 7778
3 7699 7779 7778
3 7699 7700 7779
3 7700 7701 7779
3 7779 7701 7780
3 7701 7702 7780
3 7780 7702 7781
3 7702 7782 7781
3 7702 7703 7782
3 7703 7704 7782
3 7782 7704 7783
3 7704 7705 7783
3 7783 7705 7784
3 7705 7706 7784
3 7784 7706 7785
3 7706 7786 7785
3 7706 7707 7786
3 7707 7787 7786
3 7707 7708 7787
3 7708 7788 7787
3 7708 7709 7788
3 7709 7789 7788
3 7709 7710 7789
3 7710 7790 7789
3 7710 7711 7790
3 7711 7791 7790
3 7711 7712 7791
3 7712 7792 7791
3 7712 7713 7792
3 7713 7793 7792
3 7713 7714 7793
3 7714 7715 7793
3 7793 7715 7794
3 7715 7716 7794
3 7794 7716 7795
3 7716 7796 7795
3 7716 7717 7796
3 7717 7797 7796
3 7717 7718 7797
3 7718 7798 7797
3 7718 7719 7798
3 7719 7799 7798
3 7719 7720 7799
3 7720 7800 7799
3 7720 7721 7800
3 7721 7801 7800
3 7721 7722 7801
3 7722 7802 7801
3 7722 7723 7802
3 7723 7803 7802
3 7723 7724 7803
3 7724 7804 7803
3 7724 7725 7804
3 7725 7805 7804
3 7725 7726 7805
3 7726 7806 7805
3 7726 7727 7806
3 7727 7728 7806
3 7806 7728 7807
3 7728 7729 7807
3 7807 7729 7808
3 7729 7809 7808
3 7729 7730 7809
3 7730 7810 7809
3 7730 7731 7810
3 7731 7811 7810
3 7731 7732 7811
3 7732 7812 7811
3 7732 7733 7812
3 7733 7813 7812
3 7733 7734 7813
3 7734 7814 7813
3 7734 7735 7814
3 7735 7815 7814
3 7735 7736 7815
3 7736 7816 7815
3 7736 7737 7816
3 7737 7817 7816
3 7737 7738 7817
3 7738 7818 7817
3 7738 7739 7818
3 7739 7819 7818
3 7739 7740 7819
3 7740 7741 7819
3 7819 7741 7820
3 7741 7821 7820
3 7741 7742 7821
3 7742 7822 7821
3 7742 7743 7822
3 7743 7823 7822
3 7743 7744 7823
3 7744 7745 7823
3 7823 7745 7824
3 7745 7746 7824
3 7824 7746 7825
3 7746 7747 7825
3 7825 7747 7826
3 7747 7748 7826
3 7826 7748 7827
3 7748 7749 7827
3 7827 7749 7828
3 7749 7750 7828
3 7828 7750 7829
3 7750 7751 7829
3 7829 7751 7830
3 7751 7831 7830
3 7751 7752 7831
3 7752 7832 7831
3 7752 7753 7832
3 7753 7833 7832
3 7753 7754 7833
3 7754 7834 7833
3 7754 7755 7834
3 7755 7835 7834
3 7755 7756 7835
3 7756 7836 7835
3 7756 7757 7836
3 1144 7758 1143
3 1143 7758 7837
3 7758 7759 7837
3 7837 7759 7838
3 7759 7760 7838
3 7838 7760 7839
3 7760 7761 7839
3 7839 7761 7840
3 7761 7841 7840
3 7761 7762 7841
3 7762 7842 7841
3 7762 7763 7842
3 7763 7764 7842
3 7842 7764 7843
3 7764 7765 7843
3 7843 7765 7844
3 7765 7766 7844
3 7844 7766 7845
3 7766 7846 7845
3 7766 7767 7846
3 7767 7847 7846
3 7767 7768 7847
3 7768 7848 7847
3 7768 7769 7848
3 7769 7849 7848
3 7769 7770 7849
3 7770 7850 7849
3 7770 7771 7850
3 7771 7772 7850
3 7850 7772 7851
3 7772 7773 7851
3 7851 7773 7852
3 7773 7774 7852
3 7852 7774 7853
3 7774 7775 7853
3 7853 7775 7854
3 7775 7776 7854
3 7854 7776 7855
3 7776 7777 7855
3 7855 7777 7856
3 7777 7857 7856
3 7777 7778 7857
3 7778 7858 7857
3 7778 7779 7858
3 7779 7780 7858
3 7858 7780 7859
3 7780 7781 7859
3 7859 7781 7860
3 7781 7861 7860
3 7781 7782 7861
3 7782 7783 7861
3 7861 7783 7862
3 7783 7784 7862
3 7862 7784 7863
3 7784 7785 7863
3 7863 7785 7864
3 7785 7786 7864
3 7864 7786 7865
3 7786 7787 7865
3 7865 7787 7866
3 7787 7788 7866
3 7866 7788 7867
3 7788 7789 7867
3 7867 7789 7868
3 7789 7869 7868
3 7789 7790 7869
3 7790 7791 7869
3 7869 7791 7870
3 7791 7871 7870
3 7791 7792 7871
3 7792 7793 7871
3 7871 7793 7872
3 7793 7794 7872
3 7872 7794 7873
3 7794 7795 7873
3 7873 7795 7874
3 7795 7875 7874
3 7795 7796 7875
3 7796 7876 7875
3 7796 7797 7876
3 7797 7877 7876
3 7797 7798 7877
3 7798 7799 7877
3 7877 7799 7878
3 7799 7800 7878
3 7878 7800 7879
3 7800 7880 7879
3 7800 7801 7880
3 7801 7802 7880
3 7880 7802 7881
3 7802 7803 7881
3 7881 7803 7882
3 7803 7883 7882
3 7803 7804 7883
3 7804 7884 7883
3 7804 7805 7884
3 7805 7885 7884
3 7805 7806 7885
3 7806 7807 7885
3 7885 7807 7886
3 7807 7808 7886
3 7886 7808 7887
3 7808 7809 7887
3 7887 7809 7888
3 7809 7810 7888
3 7888 7810 7889
3 7810 7811 7889
3 7889 7811 7890
3 7811 7891 7890
3 7811 7812 7891
3 7812 7892 7891
3 7812 7813 7892
3 7813 7893 7892
3 7813 7814 7893
3 7814 7815 7893
3 7893 7815 7894
3 7815 7816 7894
3 7894 7816 7895
3 7816 7896 7895
3 7816 7817 7896
3 7817 7897 7896
3 7817 7818 7897
3 7818 7898 7897
3 7818 7819 7898
3 7819 7820 7898
3 7898 7820 7899
3 7820 7821 7899
3 7899 7821 7900
3 7821 7901 7900
3 7821 7822 7901
3 7822 7823 7901
3 7901 7823 7902
3 7823 7824 7902
3 7902 7824 7903
3 7824 7825 7903
3 7903 7825 7904
3 7825 7826 7904
3 7904 7826 7905
3 7826 7827 7905
3 7905 7827 7906
3 7827 7828 7906
3 7906 7828 7907
3 7828 7829 7907
3 7907 7829 7908
3 7829 7830 7908
3 7908 7830 7909
3 7830 7831 7909
3 7909 7831 7910
3 7831 7911 7910
3 7831 7832 7911
3 7832 7912 7911
3 7832 7833 7912
3 7833 7834 7912
3 7912 7834 7913
3 7834 7914 7913
3 7834 7835 7914
3 1143 7837 1142
3 1142 7837 7915
3 7837 7838 7915
3 7915 7838 7916
3 7838 7839 7916
3 7916 7839 7917
3 7839 7840 7917
3 7917 7840 7918
3 7840 7919 7918
3 7840 7841 7919
3 7841 7920 7919
3 7841 7842 7920
3 7842 7843 7920
3 7920 7843 7921
3 7843 7844 7921
3 7921 7844 7922
3 7844 7845 7922
3 7922 7845 7923
3 7845 7924 7923
3 7845 7846 7924
3 7846 7925 7924
3 7846 7847 7925
3 7847 7926 7925
3 7847 7848 7926
3 7848 7927 7926
3 7848 7849 7927
3 7849 7928 7927
3 7849 7850 7928
3 7850 7851 7928
3 7928 7851 7929
3 7851 7852 7929
3 7929 7852 7930
3 7852 7853 7930
3 7930 7853 7931
3 7853 7854 7931
3 7931 7854 7932
3 7854 7855 7932
3 7932 7855 7933
3 7855 7856 7933
3 7933 7856 7934
3 7856 7935 7934
3 7856 7857 7935
3 7857 7936 7935
3 7857 7858 7936
3 7858 7859 7936
3 7936 7859 7937
3 7859 7860 7937
3 7937 7860 7938
3 7860 7861 7938
3 7938 7861 7939
3 7861 7862 7939
3 7939 7862 7940
3 7862 7863 7940
3 7940 7863 7941
3 7863 7864 7941
3 7941 7864 7942
3 7864 7865 7942
3 7942 7865 7943
3 7865 7866 7943
3 7943 7866 7944
3 7866 7867 7944
3 7944 7867 7945
3 7867 7868 7945
3 7945 7868 7946
3 7868 7869 7946
3 7946 7869 7947
3 7869 7870 7947
3 7947 7870 7948
3 7870 7871 7948
3 7948 7871 7949
3 7871 7872 7949
3 7949 7872 7950
3 7872 7873 7950
3 7950 7873 7951
3 7873 7874 7951
3 7951 7874 7952
3 7874 7875 7952
3 7952 7875 7953
3 7875 7954 7953
3 7875 7876 7954
3 7876 7877 7954
3 7954 7877 7955
3 7877 7878 7955
3 7955 7878 7956
3 7878 7879 7956
3 7956 7879 7957
3 7879 7880 7957
3 7957 7880 7958
3 7880 7881 7958
3 7958 7881 7959
3 7881 7882 7959
3 7959 7882 7960
3 7882 7883 7960
3 7960 7883 7961
3 7883 7962 7961
3 7883 7884 7962
3 7884 7885 7962
3 7962 7885 7963
3 7885 7886 7963
3 7963 7886 7964
3 7886 7887 7964
3 7964 7887 7965
3 7887 7888 7965
3 7965 7888 7966
3 7888 7889 7966
3 7966 7889 7967
3 7889 7890 7967
3 7967 7890 7968
3 7890 7891 7968
3 7968 7891 7969
3 7891 7970 7969
3 7891 7892 7970
3 7892 7971 7970
3 7892 7893 7971
3 7893 7894 7971
3 7971 7894 7972
3 7894 7895 7972
3 7972 7895 7973
3 7895 7896 7973
3 7973 7896 7974
3 7896 7897 7974
3 7974 7897 7975
3 7897 7898 7975
3 7975 7898 7976
3 7898 7899 7976
3 7976 7899 7977
3 7899 7900 7977
3 7977 7900 7978
3 7900 7901 7978
3 7978 7901 7979
3 7901 7902 7979
3 7979 7902 7980
3 7902 7903 7980
3 7980 7903 7981
3 7903 7904 7981
3 7981 7904 7982
3 7904 7905 7982
3 7982 7905 7983
3 7905 7906 7983
3 7983 7906 7984
3 7906 7907 7984
3 7984 7907 7985
3 7907 7908 7985
3 7985 7908 7986
3 7908 7909 7986
3 7986 7909 7987
3 7909 7910 7987
3 7987 7910 7988
3 7910 7911 7988
3 7988 7911 7989
3 7911 7912 7989
3 1142 7915 1141
3 1141 7915 7990
3 7915 7916 7990
3 7990 7916 7991
3 7916 7917 7991
3 7991 7917 7992
3 7917 7918 7992
3 7992 7918 7993
3 7918 7994 7993
3 7918 7919 7994
3 7919 7995 7994
3 7919 7920 7995
3 7920 7921 7995
3 7995 7921 7996
3 7921 7922 7996
3 7996 7922 7997
3 7922 7923 7997
3 7997 7923 7998
3 7923 7999 7998
3 7923 7924 7999
3 7924 8000 7999
3 7924 7925 8000
3 7925 8001 8000
3 7925 7926 8001
3 7926 8002 8001
3 7926 7927 8002
3 7927 8003 8002
3 7927 7928 8003
3 7928 7929 8003
3 8003 7929 8004
3 7929 7930 8004
3 8004 7930 8005
3 7930 7931 8005
3 8005 7931 8006
3 7931 7932 8006
3 8006 7932 8007
3 7932 7933 8007
3 8007 7933 8008
3 7933 7934 8008
3 8008 7934 8009
3 7934 8010 8009
3 7934 7935 8010
3 7935 8011 8010
3 7935 7936 8011
3 7936 7937 8011
3 8011 7937 8012
3 7937 7938 8012
3 8012 7938 8013
3 7938 7939 8013
3 8013 7939 8014
3 7939 7940 8014
3 8014 7940 8015
3 7940 7941 8015
3 8015 7941 8016
3 7941 7942 8016
3 8016 7942 8017
3 7942 7943 8017
3 8017 7943 8018
3 7943 7944 8018
3 8018 7944 8019
3 7944 7945 8019
3 8019 7945 8020
3 7945 7946 8020
3 8020 7946 8021
3 7946 7947 8021
3 8021 7947 8022
3 7947 7948 8022
3 8022 7948 8023
3 7948 7949 8023
3 8023 7949 8024
3 7949 7950 8024
3 8024 7950 8025
3 7950 7951 8025
3 8025 7951 8026
3 7951 7952 8026
3 8026 7952 8027
3 7952 7953 8027
3 8027 7953 8028
3 7953 8029 8028
3 7953 7954 8029
3 7954 8030 8029
3 7954 7955 8030
3 7955 7956 8030
3 8030 7956 8031
3 7956 7957 8031
3 8031 7957 8032
3 7957 7958 8032
3 8032 7958 8033
3 7958 7959 8033
3 8033 7959 8034
3 7959 7960 8034
3 8034 7960 8035
3 7960 8036 8035
3 7960 7961 8036
3 7961 8037 8036
3 7961 7962 8037
3 7962 7963 8037
3 8037 7963 8038
3 7963 7964 8038
3 8038 7964 8039
3 7964 7965 8039
3 8039 7965 8040
3 7965 7966 8040
3 8040 7966 8041
3 7966 7967 8041
3 8041 7967 8042
3 7967 7968 8042
3 8042 7968 8043
3 7968 8044 8043
3 7968 7969 8044
3 7969 8045 8044
3 7969 7970 8045
3 7970 8046 8045
3 7970 7971 8046
3 7971 7972 8046
3 8046 7972 8047
3 7972 7973 8047
3 8047 7973 8048
3 7973 7974 8048
3 8048 7974 8049
3 7974 7975 8049
3 8049 7975 8050
3 7975 7976 8050
3 8050 7976 8051
3 7976 7977 8051
3 8051 7977 8052
3 7977 7978 8052
3 8052 7978 8053
3 7978 7979 8053
3 8053 7979 8054
3 7979 7980 8054
3 8054 7980 8055
3 7980 7981 8055
3 8055 7981 8056
3 7981 7982 8056
3 8056 7982 8057
3 7982 7983 8057
3 8057 7983 8058
3 7983 7984 8058
3 8058 7984 8059
3 7984 7985 8059
3 8059 7985 8060
3 7985 7986 8060
3 8060 7986 8061
3 7986 7987 8061
3 8061 7987 8062
3 7987 7988 8062
3 1141 7990 1140
3 1140 7990 8063
3 7990 7991 8063
3 8063 7991 8064
3 7991 7992 8064
3 8064 7992 8065
3 7992 7993 8065
3 8065 7993 8066
3 7993 8067 8066
3 7993 7994 8067
3 7994 8068 8067
3 7994 7995 8068
3 7995 7996 8068
3 8068 7996 8069
3 7996 7997 8069
3 8069 7997 8070
3 7997 7998 8070
3 8070 7998 8071
3 7998 8072 8071
3 7998 7999 8072
3 7999 8073 8072
3 7999 8000 8073
3 8000 8074 8073
3 8000 8001 8074
3 8001 8075 8074
3 8001 8002 8075
3 8002 8076 8075
3 8002 8003 8076
3 8003 8004 8076
3 8076 8004 8077
3 8004 8005 8077
3 8077 8005 8078
3 8005 8006 8078
3 8078 8006 8079
3 8006 8007 8079
3 8079 8007 8080
3 8007 8008 8080
3 8080 8008 8081
3 8008 8009 8081
3 8081 8009 8082
3 8009 8083 8082
3 8009 8010 8083
3 8010 8084 8083
3 8010 8011 8084
3 8011 8012 8084
3 8084 8012 8085
3 8012 8013 8085
3 8085 8013 8086
3 8013 8087 8086
3 8013 8014 8087
3 8014 8015 8087
3 8087 8015 8088
3 8015 8016 8088
3 8088 8016 8089
3 8016 8017 8089
3 8089 8017 8090
3 8017 8018 8090
3 8090 8018 8091
3 8018 8019 8091
3 8091 8019 8092
3 8019 8020 8092
3 8092 8020 8093
3 8020 8094 8093
3 8020 8021 8094
3 8021 8095 8094
3 8021 8022 8095
3 8022 8096 8095
3 8022 8023 8096
3 8023 8097 8096
3 8023 8024 8097
3 8024 8025 8097
3 8097 8025 8098
3 8025 8026 8098
3 8098 8026 8099
3 8026 8027 8099
3 8099 8027 8100
3 8027 8101 8100
3 8027 8028 8101
3 8028 8102 8101
3 8028 8029 8102
3 8029 8103 8102
3 8029 8030 8103
3 8030 8104 8103
3 8030 8031 8104
3 8031 8105 8104
3 8031 8032 8105
3 8032 8106 8105
3 8032 8033 8106
3 8033 8107 8106
3 8033 8034 8107
3 8034 8035 8107
3 8107 8035 8108
3 8035 8109 8108
3 8035 8036 8109
3 8036 8110 8109
3 8036 8037 8110
3 8037 8111 8110
3 8037 8038 8111
3 8038 8039 8111
3 8111 8039 8112
3 8039 8040 8112
3 8112 8040 8113
3 8040 8114 8113
3 8040 8041 8114
3 8041 8115 8114
3 8041 8042 8115
3 8042 8043 8115
3 8115 8043 8116
3 8043 8117 8116
3 8043 8044 8117
3 8044 8118 8117
3 8044 8045 8118
3 8045 8119 8118
3 8045 8046 8119
3 8046 8120 8119
3 8046 8047 8120
3 8047 8121 8120
3 8047 8048 8121
3 8048 8122 8121
3 8048 8049 8122
3 8049 8123 8122
3 8049 8050 8123
3 8050 8124 8123
3 8050 8051 8124
3 8051 8052 8124
3 8124 8052 8125
3 8052 8126 8125
3 8052 8053 8126
3 8053 8127 8126
3 8053 8054 8127
3 8054 8055 8127
3 8127 8055 8128
3 8055 8056 8128
3 8128 8056 8129
3 8056 8057 8129
3 8129 8057 8130
3 8057 8058 8130
3 8130 8058 8131
3 8058 8059 8131
3 8131 8059 8132
3 8059 8060 8132
3 8132 8060 8133
3 8060 8061 8133
3 8133 8061 8134
3 8061 8062 8134
3 1140 8063 1139
3 1139 8063 8135
3 8063 8064 8135
3 8135 8064 8136
3 8064 8065 8136
3 8136 8065 8137
3 8065 8066 8137
3 8137 8066 8138
3 8066 8139 8138
3 8066 8067 8139
3 8067 8140 8139
3 8067 8068 8140
3 8068 8141 8140
3 8068 8069 8141
3 8069 8070 8141
3 8141 8070 8142
3 8070 8071 8142
3 8142 8071 8143
3 8071 8144 8143
3 8071 8072 8144
3 8072 8145 8144
3 8072 8073 8145
3 8073 8146 8145
3 8073 8074 8146
3 8074 8147 8146
3 8074 8075 8147
3 8075 8148 8147
3 8075 8076 8148
3 8076 8077 8148
3 8148 8077 8149
3 8077 8078 8149
3 8149 8078 8150
3 8078 8079 8150
3 8150 8079 8151
3 8079 8080 8151
3 8151 8080 8152
3 8080 8081 8152
3 8152 8081 8153
3 8081 8082 8153
3 8153 8082 8154
3 8082 8155 8154
3 8082 8083 8155
3 8083 8156 8155
3 8083 8084 8156
3 8084 8157 8156
3 8084 8085 8157
3 8085 8158 8157
3 8085 8086 8158
3 8086 8159 8158
3 8086 8087 8159
3 8087 8088 8159
3 8159 8088 8160
3 8088 8089 8160
3 8160 8089 8161
3 8089 8090 8161
3 8161 8090 8162
3 8090 8163 8162
3 8090 8091 8163
3 8091 8164 8163
3 8091 8092 8164
3 8092 8093 8164
3 8164 8093 8165
3 8093 8166 8165
3 8093 8094 8166
3 8094 8167 8166
3 8094 8095 8167
3 8095 8168 8167
3 8095 8096 8168
3 8096 8169 8168
3 8096 8097 8169
3 8097 8098 8169
3 8169 8098 8170
3 8098 8099 8170
3 8170 8099 8171
3 8099 8100 8171
3 8171 8100 8172
3 8100 8173 8172
3 8100 8101 8173
3 8101 8174 8173
3 8101 8102 8174
3 8102 8175 8174
3 8102 8103 8175
3 8103 8176 8175
3 8103 8104 8176
3 8104 8177 8176
3 8104 8105 8177
3 8105 8178 8177
3 8105 8106 8178
3 8106 8179 8178
3 8106 8107 8179
3 8107 8180 8179
3 8107 8108 8180
3 8108 8181 8180
3 8108 8109 8181
3 8109 8182 8181
3 8109 8110 8182
3 8110 8183 8182
3 8110 8111 8183
3 8111 8112 8183
3 8183 8112 8184
3 8112 8113 8184
3 8184 8113 8185
3 8113 8186 8185
3 8113 8114 8186
3 8114 8187 8186
3 8114 8115 8187
3 8115 8188 8187
3 8115 8116 8188
3 8116 8189 8188
3 8116 8117 8189
3 8117 8190 8189
3 8117 8118 8190
3 8118 8191 8190
3 8118 8119 8191
3 8119 8192 8191
3 8119 8120 8192
3 8120 8193 8192
3 8120 8121 8193
3 8121 8194 8193
3 8121 8122 8194
3 8122 8195 8194
3 8122 8123 8195
3 8123 8196 8195
3 8123 8124 8196
3 8124 8197 8196
3 8124 8125 8197
3 8125 8198 8197
3 8125 8126 8198
3 8126 8199 8198
3 8126 8127 8199
3 8127 8200 8199
3 8127 8128 8200
3 8128 8129 8200
3 8200 8129 8201
3 8129 8130 8201
3 8201 8130 8202
3 8130 8131 8202
3 8202 8131 8203
3 8131 8132 8203
3 8203 8132 8204
3 8132 8133 8204
3 8204 8133 8205
3 8133 8134 8205
3 1139 8135 1138
3 1138 8135 8206
3 8135 8136 8206
3 8206 8136 8207
3 8136 8137 8207
3 8207 8137 8208
3 8137 8138 8208
3 8208 8138 8209
3 8138 8210 8209
3 8138 8139 8210
3 8139 8211 8210
3 8139 8140 8211
3 8140 8141 8211
3 8211 8141 8212
3 8141 8142 8212
3 8212 8142 8213
3 8142 8143 8213
3 8213 8143 8214
3 8143 8215 8214
3 8143 8144 8215
3 8144 8216 8215
3 8144 8145 8216
3 8145 8217 8216
3 8145 8146 8217
3 8146 8218 8217
3 8146 8147 8218
3 8147 8219 8218
3 8147 8148 8219
3 8148 8149 8219
3 8219 8149 8220
3 8149 8150 8220
3 8220 8150 8221
3 8150 8151 8221
3 8221 8151 8222
3 8151 8152 8222
3 8222 8152 8223
3 8152 8153 8223
3 8223 8153 8224
3 8153 8154 8224
3 8224 8154 8225
3 8154 8155 8225
3 8225 8155 8226
3 8155 8227 8226
3 8155 8156 8227
3 8156 8228 8227
3 8156 8157 8228
3 8157 8229 8228
3 8157 8158 8229
3 8158 8230 8229
3 8158 8159 8230
3 8159 8160 8230
3 8230 8160 8231
3 8160 8161 8231
3 8231 8161 8232
3 8161 8233 8232
3 8161 8162 8233
3 8162 8234 8233
3 8162 8163 8234
3 8163 8235 8234
3 8163 8164 8235
3 8164 8236 8235
3 8164 8165 8236
3 8165 8237 8236
3 8165 8166 8237
3 8166 8238 8237
3 8166 8167 8238
3 8167 8239 8238
3 8167 8168 8239
3 8168 8240 8239
3 8168 8169 8240
3 8169 8170 8240
3 8240 8170 8241
3 8170 8171 8241
3 8241 8171 8242
3 8171 8172 8242
3 8242 8172 8243
3 8172 8244 8243
3 8172 8173 8244
3 8173 8245 8244
3 8173 8174 8245
3 8174 8246 8245
3 8174 8175 8246
3 8175 8247 8246
3 8175 8176 8247
3 8176 8248 8247
3 8176 8177 8248
3 8177 8249 8248
3 8177 8178 8249
3 8178 8250 8249
3 8178 8179 8250
3 8179 8251 8250
3 8179 8180 8251
3 8180 8252 8251
3 8180 8181 8252
3 8181 8253 8252
3 8181 8182 8253
3 8182 8254 8253
3 8182 8183 8254
3 8183 8184 8254
3 8254 8184 8255
3 8184 8185 8255
3 8255 8185 8256
3 8185 8257 8256
3 8185 8186 8257
3 8186 8258 8257
3 8186 8187 8258
3 8187 8259 8258
3 8187 8188 8259
3 8188 8260 8259
3 8188 8189 8260
3 8189 8261 8260
3 8189 8190 8261
3 8190 8262 8261
3 8190 8191 8262
3 8191 8263 8262
3 8191 8192 8263
3 8192 8264 8263
3 8192 8193 8264
3 8193 8265 8264
3 8193 8194 8265
3 8194 8266 8265
3 8194 8195 8266
3 8195 8267 8266
3 8195 8196 8267
3 8196 8268 8267
3 8196 8197 8268
3 8197 8269 8268
3 8197 8198 8269
3 8198 8270 8269
3 8198 8199 8270
3 8199 8271 8270
3 8199 8200 8271
3 8200 8201 8271
3 8271 8201 8272
3 8201 8202 8272
3 8272 8202 8273
3 8202 8203 8273
3 8273 8203 8274
3 8203 8204 8274
3 8274 8204 8275
3 8204 8205 8275
3 8275 8205 8276
3 1138 8206 1137
3 1137 8206 8277
3 8206 8207 8277
3 8277 8207 8278
3 8207 8208 8278
3 8278 8208 8279
3 8208 8209 8279
3 8279 8209 8280
3 8209 8281 8280
3 8209 8210 8281
3 8210 8282 8281
3 8210 8211 8282
3 8211 8212 8282
3 8282 8212 8283
3 8212 8213 8283
3 8283 8213 8284
3 8213 8214 8284
3 8284 8214 8285
3 8214 8286 8285
3 8214 8215 8286
3 8215 8287 8286
3 8215 8216 8287
3 8216 8288 8287
3 8216 8217 8288
3 8217 8289 8288
3 8217 8218 8289
3 8218 8290 8289
3 8218 8219 8290
3 8219 8220 8290
3 8290 8220 8291
3 8220 8221 8291
3 8291 8221 8292
3 8221 8222 8292
3 8292 8222 8293
3 8222 8223 8293
3 8293 8223 8294
3 8223 8224 8294
3 8294 8224 8295
3 8224 8225 8295
3 8295 8225 8296
3 8225 8226 8296
3 8296 8226 8297
3 8226 8227 8297
3 8297 8227 8298
3 8227 8299 8298
3 8227 8228 8299
3 8228 8300 8299
3 8228 8229 8300
3 8229 8301 8300
3 8229 8230 8301
3 8230 8231 8301
3 8301 8231 8302
3 8231 8232 8302
3 8302 8232 8303
3 8232 8304 8303
3 8232 8233 8304
3 8233 8305 8304
3 8233 8234 8305
3 8234 8306 8305
3 8234 8235 8306
3 8235 8307 8306
3 8235 8236 8307
3 8236 8308 8307
3 8236 8237 8308
3 8237 8309 8308
3 8237 8238 8309
3 8238 8310 8309
3 8238 8239 8310
3 8239 8311 8310
3 8239 8240 8311
3 8240 8241 8311
3 8311 8241 8312
3 8241 8242 8312
3 8312 8242 8313
3 8242 8243 8313
3 8313 8243 8314
3 8243 8315 8314
3 8243 8244 8315
3 8244 8316 8315
3 8244 8245 8316
3 8245 8317 8316
3 8245 8246 8317
3 8246 8318 8317
3 8246 8247 8318
3 8247 8319 8318
3 8247 8248 8319
3 8248 8320 8319
3 8248 8249 8320
3 8249 8321 8320
3 8249 8250 8321
3 8250 8322 8321
3 8250 8251 8322
3 8251 8323 8322
3 8251 8252 8323
3 8252 8324 8323
3 8252 8253 8324
3 8253 8325 8324
3 8253 8254 8325
3 8254 8255 8325
3 8325 8255 8326
3 8255 8256 8326
3 8326 8256 8327
3 8256 8328 8327
3 8256 8257 8328
3 8257 8329 8328
3 8257 8258 8329
3 8258 8259 8329
3 8329 8259 8330
3 8259 8331 8330
3 8259 8260 8331
3 8260 8332 8331
3 8260 8261 8332
3 8261 8333 8332
3 8261 8262 8333
3 8262 8334 8333
3 8262 8263 8334
3 8263 8335 8334
3 8263 8264 8335
3 8264 8336 8335
3 8264 8265 8336
3 8265 8337 8336
3 8265 8266 8337
3 8266 8338 8337
3 8266 8267 8338
3 8267 8339 8338
3 8267 8268 8339
3 8268 8340 8339
3 8268 8269 8340
3 8269 8341 8340
3 8269 8270 8341
3 8270 8342 8341
3 8270 8271 8342
3 8271 8272 8342
3 8342 8272 8343
3 8272 8273 8343
3 8343 8273 8344
3 8273 8274 8344
3 8344 8274 8345
3 8274 8275 8345
3 8345 8275 8346
3 1137 8277 1136
3 1136 8277 8347
3 8277 8278 8347
3 8347 8278 8348
3 8278 8279 8348
3 8348 8279 8349
3 8279 8280 8349
3 8349 8280 8350
3 8280 8351 8350
3 8280 8281 8351
3 8281 8352 8351
3 8281 8282 8352
3 8282 8283 8352
3 8352 8283 8353
3 8283 8284 8353
3 8353 8284 8354
3 8284 8285 8354
3 8354 8285 8355
3 8285 8356 8355
3 8285 8286 8356
3 8286 8357 8356
3 8286 8287 8357
3 8287 8358 8357
3 8287 8288 8358
3 8288 8359 8358
3 8288 8289 8359
3 8289 8290 8359
3 8359 8290 8360
3 8290 8291 8360
3 8360 8291 8361
3 8291 8292 8361
3 8361 8292 8362
3 8292 8293 8362
3 8362 8293 8363
3 8293 8294 8363
3 8363 8294 8364
3 8294 8295 8364
3 8364 8295 8365
3 8295 8296 8365
3 8365 8296 8366
3 8296 8297 8366
3 8366 8297 8367
3 8297 8298 8367
3 8367 8298 8368
3 8298 8369 8368
3 8298 8299 8369
3 8299 8370 8369
3 8299 8300 8370
3 8300 8371 8370
3 8300 8301 8371
3 8301 8372 8371
3 8301 8302 8372
3 8302 8373 8372
3 8302 8303 8373
3 8303 8374 8373
3 8303 8304 8374
3 8304 8375 8374
3 8304 8305 8375
3 8305 8376 8375
3 8305 8306 8376
3 8306 8377 8376
3 8306 8307 8377
3 8307 8378 8377
3 8307 8308 8378
3 8308 8379 8378
3 8308 8309 8379
3 8309 8380 8379
3 8309 8310 8380
3 8310 8381 8380
3 8310 8311 8381
3 8311 8382 8381
3 8311 8312 8382
3 8312 8313 8382
3 8382 8313 8383
3 8313 8314 8383
3 8383 8314 8384
3 8314 8385 8384
3 8314 8315 8385
3 8315 8386 8385
3 8315 8316 8386
3 8316 8387 8386
3 8316 8317 8387
3 8317 8388 8387
3 8317 8318 8388
3 8318 8389 8388
3 8318 8319 8389
3 8319 8390 8389
3 8319 8320 8390
3 8320 8391 8390
3 8320 8321 8391
3 8321 8392 8391
3 8321 8322 8392
3 8322 8393 8392
3 8322 8323 8393
3 8323 8394 8393
3 8323 8324 8394
3 8324 8395 8394
3 8324 8325 8395
3 8325 8326 8395
3 8395 8326 8396
3 8326 8327 8396
3 8396 8327 8397
3 8327 8398 8397
3 8327 8328 8398
3 8328 8399 8398
3 8328 8329 8399
3 8329 8400 8399
3 8329 8330 8400
3 8330 8401 8400
3 8330 8331 8401
3 8331 8402 8401
3 8331 8332 8402
3 8332 8403 8402
3 8332 8333 8403
3 8333 8404 8403
3 8333 8334 8404
3 8334 8405 8404
3 8334 8335 8405
3 8335 8406 8405
3 8335 8336 8406
3 8336 8407 8406
3 8336 8337 8407
3 8337 8408 8407
3 8337 8338 8408
3 8338 8409 8408
3 8338 8339 8409
3 8339 8410 8409
3 8339 8340 8410
3 8340 8411 8410
3 8340 8341 8411
3 8341 8412 8411
3 8341 8342 8412
3 8342 8343 8412
3 8412 8343 8413
3 8343 8414 8413
3 8343 8344 8414
3 8344 8415 8414
3 8344 8345 8415
3 8345 8346 8415
3 1136 8347 1135
3 1135 8347 8416
3 8347 8348 8416
3 8416 8348 8417
3 8348 8349 8417
3 8417 8349 8418
3 8349 8350 8418
3 8418 8350 8419
3 8350 8420 8419
3 8350 8351 8420
3 8351 8421 8420
3 8351 8352 8421
3 8352 8353 8421
3 8421 8353 8422
3 8353 8354 8422
3 8422 8354 8423
3 8354 8355 8423
3 8423 8355 8424
3 8355 8425 8424
3 8355 8356 8425
3 8356 8426 8425
3 8356 8357 8426
3 8357 8427 8426
3 8357 8358 8427
3 8358 8428 8427
3 8358 8359 8428
3 8359 8429 8428
3 8359 8360 8429
3 8360 8361 8429
3 8429 8361 8430
3 8361 8362 8430
3 8430 8362 8431
3 8362 8363 8431
3 8431 8363 8432
3 8363 8364 8432
3 8432 8364 8433
3 8364 8365 8433
3 8433 8365 8434
3 8365 8366 8434
3 8434 8366 8435
3 8366 8367 8435
3 8435 8367 8436
3 8367 8368 8436
3 8436 8368 8437
3 8368 8438 8437
3 8368 8369 8438
3 8369 8439 8438
3 8369 8370 8439
3 8370 8440 8439
3 8370 8371 8440
3 8371 8441 8440
3 8371 8372 8441
3 8372 8442 8441
3 8372 8373 8442
3 8373 8443 8442
3 8373 8374 8443
3 8374 8444 8443
3 8374 8375 8444
3 8375 8445 8444
3 8375 8376 8445
3 8376 8446 8445
3 8376 8377 8446
3 8377 8447 8446
3 8377 8378 8447
3 8378 8448 8447
3 8378 8379 8448
3 8379 8449 8448
3 8379 8380 8449
3 8380 8450 8449
3 8380 8381 8450
3 8381 8451 8450
3 8381 8382 8451
3 8382 8452 8451
3 8382 8383 8452
3 8383 8453 8452
3 8383 8384 8453
3 8384 8454 8453
3 8384 8385 8454
3 8385 8455 8454
3 8385 8386 8455
3 8386 8456 8455
3 8386 8387 8456
3 8387 8457 8456
3 8387 8388 8457
3 8388 8458 8457
3 8388 8389 8458
3 8389 8459 8458
3 8389 8390 8459
3 8390 8460 8459
3 8390 8391 8460
3 8391 8461 8460
3 8391 8392 8461
3 8392 8462 8461
3 8392 8393 8462
3 8393 8463 8462
3 8393 8394 8463
3 8394 8464 8463
3 8394 8395 8464
3 8395 8465 8464
3 8395 8396 8465
3 8396 8466 8465
3 8396 8397 8466
3 8397 8467 8466
3 8397 8398 8467
3 8398 8468 8467
3 8398 8399 8468
3 8399 8469 8468
3 8399 8400 8469
3 8400 8470 8469
3 8400 8401 8470
3 8401 8471 8470
3 8401 8402 8471
3 8402 8472 8471
3 8402 8403 8472
3 8403 8473 8472
3 8403 8404 8473
3 8404 8474 8473
3 8404 8405 8474
3 8405 8475 8474
3 8405 8406 8475
3 8406 8476 8475
3 8406 8407 8476
3 8407 8477 8476
3 8407 8408 8477
3 8408 8478 8477
3 8408 8409 8478
3 8409 8479 8478
3 8409 8410 8479
3 8410 8480 8479
3 8410 8411 8480
3 8411 8481 8480
3 8411 8412 8481
3 8412 8482 8481
3 8412 8413 8482
3 8413 8483 8482
3 8413 8414 8483
3 8414 8484 8483
3 8414 8415 8484
3 1135 8416 1134
3 1134 8416 8485
3 8416 8417 8485
3 8485 8417 8486
3 8417 8418 8486
3 8486 8418 8487
3 8418 8419 8487
3 8487 8419 8488
3 8419 8489 8488
3 8419 8420 8489
3 8420 8490 8489
3 8420 8421 8490
3 8421 8422 8490
3 8490 8422 8491
3 8422 8423 8491
3 8491 8423 8492
3 8423 8424 8492
3 8492 8424 8493
3 8424 8494 8493
3 8424 8425 8494
3 8425 8495 8494
3 8425 8426 8495
3 8426 8496 8495
3 8426 8427 8496
3 8427 8497 8496
3 8427 8428 8497
3 8428 8498 8497
3 8428 8429 8498
3 8429 8430 8498
3 8498 8430 8499
3 8430 8431 8499
3 8499 8431 8500
3 8431 8432 8500
3 8500 8432 8501
3 8432 8433 8501
3 8501 8433 8502
3 8433 8434 8502
3 8502 8434 8503
3 8434 8435 8503
3 8503 8435 8504
3 8435 8436 8504
3 8504 8436 8505
3 8436 8437 8505
3 8505 8437 8506
3 8437 8438 8506
3 8506 8438 8507
3 8438 8508 8507
3 8438 8439 8508
3 8439 8509 8508
3 8439 8440 8509
3 8440 8510 8509
3 8440 8441 8510
3 8441 8511 8510
3 8441 8442 8511
3 8442 8512 8511
3 8442 8443 8512
3 8443 8513 8512
3 8443 8444 8513
3 8444 8514 8513
3 8444 8445 8514
3 8445 8515 8514
3 8445 8446 8515
3 8446 8516 8515
3 8446 8447 8516
3 8447 8517 8516
3 8447 8448 8517
3 8448 8518 8517
3 8448 8449 8518
3 8449 8519 8518
3 8449 8450 8519
3 8450 8520 8519
3 8450 8451 8520
3 8451 8452 8520
3 8520 8452 8521
3 8452 8522 8521
3 8452 8453 8522
3 8453 8523 8522
3 8453 8454 8523
3 8454 8524 8523
3 8454 8455 8524
3 8455 8525 8524
3 8455 8456 8525
3 8456 8526 8525
3 8456 8457 8526
3 8457 8527 8526
3 8457 8458 8527
3 8458 8528 8527
3 8458 8459 8528
3 8459 8529 8528
3 8459 8460 8529
3 8460 8530 8529
3 8460 8461 8530
3 8461 8531 8530
3 8461 8462 8531
3 8462 8532 8531
3 8462 8463 8532
3 8463 8533 8532
3 8463 8464 8533
3 8464 8534 8533
3 8464 8465 8534
3 8465 8535 8534
3 8465 8466 8535
3 8466 8536 8535
3 8466 8467 8536
3 8467 8537 8536
3 8467 8468 8537
3 8468 8538 8537
3 8468 8469 8538
3 8469 8539 8538
3 8469 8470 8539
3 8470 8540 8539
3 8470 8471 8540
3 8471 8541 8540
3 8471 8472 8541
3 8472 8542 8541
3 8472 8473 8542
3 8473 8543 8542
3 8473 8474 8543
3 8474 8544 8543
3 8474 8475 8544
3 8475 8545 8544
3 8475 8476 8545
3 8476 8546 8545
3 8476 8477 8546
3 8477 8547 8546
3 8477 8478 8547
3 8478 8548 8547
3 8478 8479 8548
3 8479 8549 8548
3 8479 8480 8549
3 8480 8550 8549
3 8480 8481 8550
3 8481 8551 8550
3 8481 8482 8551
3 8482 8552 8551
3 8482 8483 8552
3 1134 8485 1133
3 1133 8485 8553
3 8485 8486 8553
3 8553 8486 8554
3 8486 8487 8554
3 8554 8487 8555
3 8487 8488 8555
3 8555 8488 8556
3 8488 8557 8556
3 8488 8489 8557
3 8489 8558 8557
3 8489 8490 8558
3 8490 8491 8558
3 8558 8491 8559
3 8491 8492 8559
3 8559 8492 8560
3 8492 8493 8560
3 8560 8493 8561
3 8493 8562 8561
3 8493 8494 8562
3 8494 8563 8562
3 8494 8495 8563
3 8495 8564 8563
3 8495 8496 8564
3 8496 8565 8564
3 8496 8497 8565
3 8497 8566 8565
3 8497 8498 8566
3 8498 8567 8566
3 8498 8499 8567
3 8499 8500 8567
3 8567 8500 8568
3 8500 8501 8568
3 8568 8501 8569
3 8501 8502 8569
3 8569 8502 8570
3 8502 8503 8570
3 8570 8503 8571
3 8503 8504 8571
3 8571 8504 8572
3 8504 8505 8572
3 8572 8505 8573
3 8505 8506 8573
3 8573 8506 8574
3 8506 8507 8574
3 8574 8507 8575
3 8507 8508 8575
3 8575 8508 8576
3 8508 8509 8576
3 8576 8509 8577
3 8509 8510 8577
3 8577 8510 8578
3 8510 8511 8578
3 8578 8511 8579
3 8511 8512 8579
3 8579 8512 8580
3 8512 8581 8580
3 8512 8513 8581
3 8513 8514 8581
3 8581 8514 8582
3 8514 8583 8582
3 8514 8515 8583
3 8515 8516 8583
3 8583 8516 8584
3 8516 8517 8584
3 8584 8517 8585
3 8517 8518 8585
3 8585 8518 8586
3 8518 8587 8586
3 8518 8519 8587
3 8519 8520 8587
3 8587 8520 8588
3 8520 8521 8588
3 8588 8521 8589
3 8521 8522 8589
3 8589 8522 8590
3 8522 8591 8590
3 8522 8523 8591
3 8523 8592 8591
3 8523 8524 8592
3 8524 8593 8592
3 8524 8525 8593
3 8525 8594 8593
3 8525 8526 8594
3 8526 8595 8594
3 8526 8527 8595
3 8527 8596 8595
3 8527 8528 8596
3 8528 8597 8596
3 8528 8529 8597
3 8529 8598 8597
3 8529 8530 8598
3 8530 8599 8598
3 8530 8531 8599
3 8531 8600 8599
3 8531 8532 8600
3 8532 8601 8600
3 8532 8533 8601
3 8533 8534 8601
3 8601 8534 8602
3 8534 8535 8602
3 8602 8535 8603
3 8535 8604 8603
3 8535 8536 8604
3 8536 8605 8604
3 8536 8537 8605
3 8537 8606 8605
3 8537 8538 8606
3 8538 8607 8606
3 8538 8539 8607
3 8539 8608 8607
3 8539 8540 8608
3 8540 8609 8608
3 8540 8541 8609
3 8541 8610 8609
3 8541 8542 8610
3 8542 8611 8610
3 8542 8543 8611
3 8543 8612 8611
3 8543 8544 8612
3 8544 8613 8612
3 8544 8545 8613
3 8545 8614 8613
3 8545 8546 8614
3 8546 8615 8614
3 8546 8547 8615
3 8547 8616 8615
3 8547 8548 8616
3 8548 8617 8616
3 8548 8549 8617
3 8549 8618 8617
3 8549 8550 8618
3 8550 8551 8618
3 1133 8553 1132
3 1132 8553 8619
3 8553 8554 8619
3 8619 8554 8620
3 8554 8555 8620
3 8620 8555 8621
3 8555 8556 8621
3 8621 8556 8622
3 8556 8623 8622
3 8556 8557 8623
3 8557 8624 8623
3 8557 8558 8624
3 8558 8559 8624
3 8624 8559 8625
3 8559 8560 8625
3 8625 8560 8626
3 8560 8561 8626
3 8626 8561 8627
3 8561 8628 8627
3 8561 8562 8628
3 8562 8629 8628
3 8562 8563 8629
3 8563 8630 8629
3 8563 8564 8630
3 8564 8631 8630
3 8564 8565 8631
3 8565 8632 8631
3 8565 8566 8632
3 8566 8633 8632
3 8566 8567 8633
3 8567 8634 8633
3 8567 8568 8634
3 8568 8569 8634
3 8634 8569 8635
3 8569 8570 8635
3 8635 8570 8636
3 8570 8571 8636
3 8636 8571 8637
3 8571 8572 8637
3 8637 8572 8638
3 8572 8573 8638
3 8638 8573 8639
3 8573 8574 8639
3 8639 8574 8640
3 8574 8575 8640
3 8640 8575 8641
3 8575 8576 8641
3 8641 8576 8642
3 8576 8577 8642
3 8642 8577 8643
3 8577 8578 8643
3 8643 8578 8644
3 8578 8579 8644
3 8644 8579 8645
3 8579 8580 8645
3 8645 8580 8646
3 8580 8581 8646
3 8646 8581 8647
3 8581 8582 8647
3 8647 8582 8648
3 8582 8583 8648
3 8648 8583 8649
3 8583 8584 8649
3 8649 8584 8650
3 8584 8585 8650
3 8650 8585 8651
3 8585 8586 8651
3 8651 8586 8652
3 8586 8587 8652
3 8652 8587 8653
3 8587 8588 8653
3 8653 8588 8654
3 8588 8589 8654
3 8654 8589 8655
3 8589 8590 8655
3 8655 8590 8656
3 8590 8657 8656
3 8590 8591 8657
3 8591 8658 8657
3 8591 8592 8658
3 8592 8593 8658
3 8658 8593 8659
3 8593 8594 8659
3 8659 8594 8660
3 8594 8661 8660
3 8594 8595 8661
3 8595 8662 8661
3 8595 8596 8662
3 8596 8663 8662
3 8596 8597 8663
3 8597 8598 8663
3 8663 8598 8664
3 8598 8665 8664
3 8598 8599 8665
3 8599 8666 8665
3 8599 8600 8666
3 8600 8667 8666
3 8600 8601 8667
3 8601 8602 8667
3 8667 8602 8668
3 8602 8603 8668
3 8668 8603 8669
3 8603 8670 8669
3 8603 8604 8670
3 8604 8671 8670
3 8604 8605 8671
3 8605 8606 8671
3 8671 8606 8672
3 8606 8673 8672
3 8606 8607 8673
3 8607 8674 8673
3 8607 8608 8674
3 8608 8675 8674
3 8608 8609 8675
3 8609 8676 8675
3 8609 8610 8676
3 8610 8677 8676
3 8610 8611 8677
3 8611 8678 8677
3 8611 8612 8678
3 8612 8679 8678
3 8612 8613 8679
3 8613 8680 8679
3 8613 8614 8680
3 8614 8615 8680
3 8680 8615 8681
3 8615 8682 8681
3 8615 8616 8682
3 8616 8683 8682
3 8616 8617 8683
3 8617 8684 8683
3 8617 8618 8684
3 1132 8619 1131
3 1131 8619 8685
3 8619 8620 8685
3 8685 8620 8686
3 8620 8621 8686
3 8686 8621 8687
3 8621 8622 8687
3 8687 8622 8688
3 8622 8689 8688
3 8622 8623 8689
3 8623 8690 8689
3 8623 8624 8690
3 8624 8691 8690
3 8624 8625 8691
3 8625 8626 8691
3 8691 8626 8692
3 8626 8627 8692
3 8692 8627 8693
3 8627 8694 8693
3 8627 8628 8694
3 8628 8695 8694
3 8628 8629 8695
3 8629 8696 8695
3 8629 8630 8696
3 8630 8697 8696
3 8630 8631 8697
3 8631 8698 8697
3 8631 8632 8698
3 8632 8699 8698
3 8632 8633 8699
3 8633 8700 8699
3 8633 8634 8700
3 8634 8635 8700
3 8700 8635 8701
3 8635 8636 8701
3 8701 8636 8702
3 8636 8637 8702
3 8702 8637 8703
3 8637 8638 8703
3 8703 8638 8704
3 8638 8639 8704
3 8704 8639 8705
3 8639 8640 8705
3 8705 8640 8706
3 8640 8641 8706
3 8706 8641 8707
3 8641 8642 8707
3 8707 8642 8708
3 8642 8643 8708
3 8708 8643 8709
3 8643 8644 8709
3 8709 8644 8710
3 8644 8645 8710
3 8710 8645 8711
3 8645 8646 8711
3 8711 8646 8712
3 8646 8647 8712
3 8712 8647 8713
3 8647 8648 8713
3 8713 8648 8714
3 8648 8649 8714
3 8714 8649 8715
3 8649 8650 8715
3 8715 8650 8716
3 8650 8651 8716
3 8716 8651 8717
3 8651 8652 8717
3 8717 8652 8718
3 8652 8653 8718
3 8718 8653 8719
3 8653 8654 8719
3 8719 8654 8720
3 8654 8655 8720
3 8720 8655 8721
3 8655 8656 8721
3 8721 8656 8722
3 8656 8723 8722
3 8656 8657 8723
3 8657 8724 8723
3 8657 8658 8724
3 8658 8659 8724
3 8724 8659 8725
3 8659 8660 8725
3 8725 8660 8726
3 8660 8661 8726
3 8726 8661 8727
3 8661 8662 8727
3 8727 8662 8728
3 8662 8663 8728
3 8728 8663 8729
3 8663 8664 8729
3 8729 8664 8730
3 8664 8731 8730
3 8664 8665 8731
3 8665 8732 8731
3 8665 8666 8732
3 8666 8667 8732
3 8732 8667 8733
3 8667 8668 8733
3 8733 8668 8734
3 8668 8669 8734
3 8734 8669 8735
3 8669 8670 8735
3 8735 8670 8736
3 8670 8671 8736
3 8736 8671 8737
3 8671 8672 8737
3 8737 8672 8738
3 8672 8739 8738
3 8672 8673 8739
3 8673 8740 8739
3 8673 8674 8740
3 8674 8741 8740
3 8674 8675 8741
3 8675 8742 8741
3 8675 8676 8742
3 8676 8677 8742
3 8742 8677 8743
3 8677 8744 8743
3 8677 8678 8744
3 8678 8745 8744
3 8678 8679 8745
3 8679 8746 8745
3 8679 8680 8746
3 8680 8681 8746
3 8746 8681 8747
3 8681 8748 8747
3 8681 8682 8748
3 8682 8749 8748
3 1131 8685 1130
3 1130 8685 8750
3 8685 8686 8750
3 8750 8686 8751
3 8686 8687 8751
3 8751 8687 8752
3 8687 8688 8752
3 8752 8688 8753
3 8688 8754 8753
3 8688 8689 8754
3 8689 8755 8754
3 8689 8690 8755
3 8690 8691 8755
3 8755 8691 8756
3 8691 8692 8756
3 8756 8692 8757
3 8692 8693 8757
3 8757 8693 8758
3 8693 8759 8758
3 8693 8694 8759
3 8694 8760 8759
3 8694 8695 8760
3 8695 8761 8760
3 8695 8696 8761
3 8696 8762 8761
3 8696 8697 8762
3 8697 8763 8762
3 8697 8698 8763
3 8698 8764 8763
3 8698 8699 8764
3 8699 8765 8764
3 8699 8700 8765
3 8700 8701 8765
3 8765 8701 8766
3 8701 8702 8766
3 8766 8702 8767
3 8702 8703 8767
3 8767 8703 8768
3 8703 8704 8768
3 8768 8704 8769
3 8704 8705 8769
3 8769 8705 8770
3 8705 8706 8770
3 8770 8706 8771
3 8706 8707 8771
3 8771 8707 8772
3 8707 8708 8772
3 8772 8708 8773
3 8708 8709 8773
3 8773 8709 8774
3 8709 8710 8774
3 8774 8710 8775
3 8710 8711 8775
3 8775 8711 8776
3 8711 8712 8776
3 8776 8712 8777
3 8712 8713 8777
3 8777 8713 8778
3 8713 8714 8778
3 8778 8714 8779
3 8714 8715 8779
3 8779 8715 8780
3 8715 8716 8780
3 8780 8716 8781
3 8716 8717 8781
3 8781 8717 8782
3 8717 8718 8782
3 8782 8718 8783
3 8718 8719 8783
3 8783 8719 8784
3 8719 8720 8784
3 8784 8720 8785
3 8720 8721 8785
3 8785 8721 8786
3 8721 8722 8786
3 8786 8722 8787
3 8722 8788 8787
3 8722 8723 8788
3 8723 8789 8788
3 8723 8724 8789
3 8724 8790 8789
3 8724 8725 8790
3 8725 8726 8790
3 8790 8726 8791
3 8726 8727 8791
3 8791 8727 8792
3 8727 8728 8792
3 8792 8728 8793
3 8728 8729 8793
3 8793 8729 8794
3 8729 8730 8794
3 8794 8730 8795
3 8730 8731 8795
3 8795 8731 8796
3 8731 8797 8796
3 8731 8732 8797
3 8732 8733 8797
3 8797 8733 8798
3 8733 8734 8798
3 8798 8734 8799
3 8734 8735 8799
3 8799 8735 8800
3 8735 8736 8800
3 8800 8736 8801
3 8736 8737 8801
3 8801 8737 8802
3 8737 8738 8802
3 8802 8738 8803
3 8738 8804 8803
3 8738 8739 8804
3 8739 8805 8804
3 8739 8740 8805
3 8740 8806 8805
3 8740 8741 8806
3 8741 8807 8806
3 8741 8742 8807
3 8742 8743 8807
3 8807 8743 8808
3 8743 8809 8808
3 8743 8744 8809
3 8744 8810 8809
3 8744 8745 8810
3 8745 8811 8810
3 8745 8746 8811
3 8746 8747 8811
3 1130 8750 1129
3 1129 8750 8812
3 8750 8751 8812
3 8812 8751 8813
3 8751 8752 8813
3 8813 8752 8814
3 8752 8753 8814
3 8814 8753 8815
3 8753 8816 8815
3 8753 8754 8816
3 8754 8817 8816
3 8754 8755 8817
3 8755 8756 8817
3 8817 8756 8818
3 8756 8757 8818
3 8818 8757 8819
3 8757 8758 8819
3 8819 8758 8820
3 8758 8821 8820
3 8758 8759 8821
3 8759 8822 8821
3 8759 8760 8822
3 8760 8823 8822
3 8760 8761 8823
3 8761 8824 8823
3 8761 8762 8824
3 8762 8825 8824
3 8762 8763 8825
3 8763 8826 8825
3 8763 8764 8826
3 8764 8827 8826
3 8764 8765 8827
3 8765 8766 8827
3 8827 8766 8828
3 8766 8767 8828
3 8828 8767 8829
3 8767 8768 8829
3 8829 8768 8830
3 8768 8769 8830
3 8830 8769 8831
3 8769 8770 8831
3 8831 8770 8832
3 8770 8771 8832
3 8832 8771 8833
3 8771 8772 8833
3 8833 8772 8834
3 8772 8773 8834
3 8834 8773 8835
3 8773 8774 8835
3 8835 8774 8836
3 8774 8775 8836
3 8836 8775 8837
3 8775 8776 8837
3 8837 8776 8838
3 8776 8777 8838
3 8838 8777 8839
3 8777 8778 8839
3 8839 8778 8840
3 8778 8779 8840
3 8840 8779 8841
3 8779 8780 8841
3 8841 8780 8842
3 8780 8781 8842
3 8842 8781 8843
3 8781 8782 8843
3 8843 8782 8844
3 8782 8783 8844
3 8844 8783 8845
3 8783 8784 8845
3 8845 8784 8846
3 8784 8785 8846
3 8846 8785 8847
3 8785 8786 8847
3 8847 8786 8848
3 8786 8787 8848
3 8848 8787 8849
3 8787 8788 8849
3 8849 8788 8850
3 8788 8851 8850
3 8788 8789 8851
3 8789 8852 8851
3 8789 8790 8852
3 8790 8791 8852
3 8852 8791 8853
3 8791 8792 8853
3 8853 8792 8854
3 8792 8793 8854
3 8854 8793 8855
3 8793 8794 8855
3 8855 8794 8856
3 8794 8795 8856
3 8856 8795 8857
3 8795 8796 8857
3 8857 8796 8858
3 8796 8859 8858
3 8796 8797 8859
3 8797 8798 8859
3 8859 8798 8860
3 8798 8799 8860
3 8860 8799 8861
3 8799 8800 8861
3 8861 8800 8862
3 8800 8801 8862
3 8862 8801 8863
3 8801 8802 8863
3 8863 8802 8864
3 8802 8803 8864
3 8864 8803 8865
3 8803 8866 8865
3 8803 8804 8866
3 8804 8867 8866
3 8804 8805 8867
3 8805 8868 8867
3 8805 8806 8868
3 8806 8869 8868
3 8806 8807 8869
3 8807 8808 8869
3 8869 8808 8870
3 8808 8871 8870
3 8808 8809 8871
3 8809 8872 8871
3 8809 8810 8872
3 8810 8873 8872
3 8810 8811 8873
3 1129 8812 1128
3 1128 8812 8874
3 8812 8813 8874
3 8874 8813 8875
3 8813 8814 8875
3 8875 8814 8876
3 8814 8815 8876
3 8876 8815 8877
3 8815 8878 8877
3 8815 8816 8878
3 8816 8879 8878
3 8816 8817 8879
3 8817 8818 8879
3 8879 8818 8880
3 8818 8819 8880
3 8880 8819 8881
3 8819 8820 8881
3 8881 8820 8882
3 8820 8883 8882
3 8820 8821 8883
3 8821 8884 8883
3 8821 8822 8884
3 8822 8885 8884
3 8822 8823 8885
3 8823 8886 8885
3 8823 8824 8886
3 8824 8887 8886
3 8824 8825 8887
3 8825 8888 8887
3 8825 8826 8888
3 8826 8827 8888
3 8888 8827 8889
3 8827 8828 8889
3 8889 8828 8890
3 8828 8829 8890
3 8890 8829 8891
3 8829 8830 8891
3 8891 8830 8892
3 8830 8831 8892
3 8892 8831 8893
3 8831 8832 8893
3 8893 8832 8894
3 8832 8833 8894
3 8894 8833 8895
3 8833 8834 8895
3 8895 8834 8896
3 8834 8835 8896
3 8896 8835 8897
3 8835 8836 8897
3 8897 8836 8898
3 8836 8837 8898
3 8898 8837 8899
3 8837 8838 8899
3 8899 8838 8900
3 8838 8839 8900
3 8900 8839 8901
3 8839 8840 8901
3 8901 8840 8902
3 8840 8841 8902
3 8902 8841 8903
3 8841 8842 8903
3 8903 8842 8904
3 8842 8843 8904
3 8904 8843 8905
3 8843 8844 8905
3 8905 8844 8906
3 8844 8845 8906
3 8906 8845 8907
3 8845 8846 8907
3 8907 8846 8908
3 8846 8847 8908
3 8908 8847 8909
3 8847 8848 8909
3 8909 8848 8910
3 8848 8849 8910
3 8910 8849 8911
3 8849 8850 8911
3 8911 8850 8912
3 8850 8913 8912
3 8850 8851 8913
3 8851 8852 8913
3 8913 8852 8914
3 8852 8853 8914
3 8914 8853 8915
3 8853 8854 8915
3 8915 8854 8916
3 8854 8855 8916
3 8916 8855 8917
3 8855 8856 8917
3 8917 8856 8918
3 8856 8857 8918
3 8918 8857 8919
3 8857 8858 8919
3 8919 8858 8920
3 8858 8921 8920
3 8858 8859 8921
3 8859 8860 8921
3 8921 8860 8922
3 8860 8861 8922
3 8922 8861 8923
3 8861 8862 8923
3 8923 8862 8924
3 8862 8863 8924
3 8924 8863 8925
3 8863 8864 8925
3 8925 8864 8926
3 8864 8865 8926
3 8926 8865 8927
3 8865 8866 8927
3 8927 8866 8928
3 8866 8929 8928
3 8866 8867 8929
3 8867 8930 8929
3 8867 8868 8930
3 8868 8869 8930
3 8930 8869 8931
3 8869 8870 8931
3 8931 8870 8932
3 8870 8871 8932
3 1128 8874 1127
3 1127 8874 8933
3 8874 8875 8933
3 8933 8875 8934
3 8875 8876 8934
3 8934 8876 8935
3 8876 8877 8935
3 8935 8877 8936
3 8877 8937 8936
3 8877 8878 8937
3 8878 8938 8937
3 8878 8879 8938
3 8879 8880 8938
3 8938 8880 8939
3 8880 8881 8939
3 8939 8881 8940
3 8881 8882 8940
3 8940 8882 8941
3 8882 8942 8941
3 8882 8883 8942
3 8883 8943 8942
3 8883 8884 8943
3 8884 8944 8943
3 8884 8885 8944
3 8885 8945 8944
3 8885 8886 8945
3 8886 8946 8945
3 8886 8887 8946
3 8887 8888 8946
3 8946 8888 8947
3 8888 8889 8947
3 8947 8889 8948
3 8889 8890 8948
3 8948 8890 8949
3 8890 8891 8949
3 8949 8891 8950
3 8891 8892 8950
3 8950 8892 8951
3 8892 8893 8951
3 8951 8893 8952
3 8893 8894 8952
3 8952 8894 8953
3 8894 8895 8953
3 8953 8895 8954
3 8895 8896 8954
3 8954 8896 8955
3 8896 8897 8955
3 8955 8897 8956
3 8897 8898 8956
3 8956 8898 8957
3 8898 8899 8957
3 8957 8899 8958
3 8899 8900 8958
3 8958 8900 8959
3 8900 8901 8959
3 8959 8901 8960
3 8901 8902 8960
3 8960 8902 8961
3 8902 8903 8961
3 8961 8903 8962
3 8903 8904 8962
3 8962 8904 8963
3 8904 8905 8963
3 8963 8905 8964
3 8905 8906 8964
3 8964 8906 8965
3 8906 8907 8965
3 8965 8907 8966
3 8907 8908 8966
3 8966 8908 8967
3 8908 8909 8967
3 8967 8909 8968
3 8909 8910 8968
3 8968 8910 8969
3 8910 8911 8969
3 8969 8911 8970
3 8911 8912 8970
3 8970 8912 8971
3 8912 8972 8971
3 8912 8913 8972
3 8913 8973 8972
3 8913 8914 8973
3 8914 8915 8973
3 8973 8915 8974
3 8915 8916 8974
3 8974 8916 8975
3 8916 8917 8975
3 8975 8917 8976
3 8917 8918 8976
3 8976 8918 8977
3 8918 8919 8977
3 8977 8919 8978
3 8919 8920 8978
3 8978 8920 8979
3 8920 8980 8979
3 8920 8921 8980
3 8921 8922 8980
3 8980 8922 8981
3 8922 8923 8981
3 8981 8923 8982
3 8923 8924 8982
3 8982 8924 8983
3 8924 8925 8983
3 8983 8925 8984
3 8925 8926 8984
3 8984 8926 8985
3 8926 8927 8985
3 8985 8927 8986
3 8927 8928 8986
3 8986 8928 8987
3 8928 8929 8987
3 8987 8929 8988
3 8929 8930 8988
3 8988 8930 8989
3 8930 8931 8989
3 8989 8931 8990
3 8931 8932 8990
3 1127 8933 1125
3 1125 8933 8991
3 8933 8934 8991
3 8991 8934 8992
3 8934 8935 8992
3 8992 8935 8993
3 8935 8936 8993
3 8993 8936 8994
3 8936 8995 8994
3 8936 8937 8995
3 8937 8996 8995
3 8937 8938 8996
3 8938 8939 8996
3 8996 8939 8997
3 8939 8940 8997
3 8997 8940 8998
3 8940 8941 8998
3 8998 8941 8999
3 8941 9000 8999
3 8941 8942 9000
3 8942 9001 9000
3 8942 8943 9001
3 8943 9002 9001
3 8943 8944 9002
3 8944 9003 9002
3 8944 8945 9003
3 8945 9004 9003
3 8945 8946 9004
3 8946 9005 9004
3 8946 8947 9005
3 8947 8948 9005
3 9005 8948 9006
3 8948 8949 9006
3 9006 8949 9007
3 8949 8950 9007
3 9007 8950 9008
3 8950 8951 9008
3 9008 8951 9009
3 8951 8952 9009
3 9009 8952 9010
3 8952 8953 9010
3 9010 8953 9011
3 8953 8954 9011
3 9011 8954 9012
3 8954 8955 9012
3 9012 8955 9013
3 8955 8956 9013
3 9013 8956 9014
3 8956 8957 9014
3 9014 8957 9015
3 8957 8958 9015
3 9015 8958 9016
3 8958 8959 9016
3 9016 8959 9017
3 8959 8960 9017
3 9017 8960 9018
3 8960 9019 9018
3 8960 8961 9019
3 8961 9020 9019
3 8961 8962 9020
3 8962 8963 9020
3 9020 8963 9021
3 8963 9022 9021
3 8963 8964 9022
3 8964 9023 9022
3 8964 8965 9023
3 8965 8966 9023
3 9023 8966 9024
3 8966 8967 9024
3 9024 8967 9025
3 8967 8968 9025
3 9025 8968 9026
3 8968 8969 9026
3 9026 8969 9027
3 8969 8970 9027
3 9027 8970 9028
3 8970 9029 9028
3 8970 8971 9029
3 8971 9030 9029
3 8971 8972 9030
3 8972 9031 9030
3 8972 8973 9031
3 8973 9032 9031
3 8973 8974 9032
3 8974 9033 9032
3 8974 8975 9033
3 8975 9034 9033
3 8975 8976 9034
3 8976 9035 9034
3 8976 8977 9035
3 8977 8978 9035
3 9035 8978 9036
3 8978 9037 9036
3 8978 8979 9037
3 8979 9038 9037
3 8979 8980 9038
3 8980 9039 9038
3 8980 8981 9039
3 8981 8982 9039
3 9039 8982 9040
3 8982 8983 9040
3 9040 8983 9041
3 8983 8984 9041
3 9041 8984 9042
3 8984 8985 9042
3 9042 8985 9043
3 8985 8986 9043
3 9043 8986 9044
3 8986 8987 9044
3 9044 8987 9045
3 8987 9046 9045
3 8987 8988 9046
3 8988 9047 9046
3 8988 8989 9047
3 1125 8991 1124
3 1124 8991 9048
3 8991 8992 9048
3 9048 8992 9049
3 8992 8993 9049
3 9049 8993 9050
3 8993 8994 9050
3 9050 8994 9051
3 8994 9052 9051
3 8994 8995 9052
3 8995 9053 9052
3 8995 8996 9053
3 8996 8997 9053
3 9053 8997 9054
3 8997 8998 9054
3 9054 8998 9055
3 8998 9056 9055
3 8998 8999 9056
3 8999 9057 9056
3 8999 9000 9057
3 9000 9058 9057
3 9000 9001 9058
3 9001 9059 9058
3 9001 9002 9059
3 9002 9060 9059
3 9002 9003 9060
3 9003 9061 9060
3 9003 9004 9061
3 9004 9062 9061
3 9004 9005 9062
3 9005 9063 9062
3 9005 9006 9063
3 9006 9007 9063
3 9063 9007 9064
3 9007 9008 9064
3 9064 9008 9065
3 9008 9009 9065
3 9065 9009 9066
3 9009 9010 9066
3 9066 9010 9067
3 9010 9011 9067
3 9067 9011 9068
3 9011 9012 9068
3 9068 9012 9069
3 9012 9013 9069
3 9069 9013 9070
3 9013 9014 9070
3 9070 9014 9071
3 9014 9015 9071
3 9071 9015 9072
3 9015 9016 9072
3 9072 9016 9073
3 9016 9017 9073
3 9073 9017 9074
3 9017 9075 9074
3 9017 9018 9075
3 9018 9076 9075
3 9018 9019 9076
3 9019 9077 9076
3 9019 9020 9077
3 9020 9078 9077
3 9020 9021 9078
3 9021 9079 9078
3 9021 9022 9079
3 9022 9080 9079
3 9022 9023 9080
3 9023 9024 9080
3 9080 9024 9081
3 9024 9025 9081
3 9081 9025 9082
3 9025 9026 9082
3 9082 9026 9083
3 9026 9027 9083
3 9083 9027 9084
3 9027 9028 9084
3 9084 9028 9085
3 9028 9086 9085
3 9028 9029 9086
3 9029 9087 9086
3 9029 9030 9087
3 9030 9088 9087
3 9030 9031 9088
3 9031 9089 9088
3 9031 9032 9089
3 9032 9090 9089
3 9032 9033 9090
3 9033 9091 9090
3 9033 9034 9091
3 9034 9092 9091
3 9034 9035 9092
3 9035 9036 9092
3 9092 9036 9093
3 9036 9094 9093
3 9036 9037 9094
3 9037 9095 9094
3 9037 9038 9095
3 9038 9096 9095
3 9038 9039 9096
3 9039 9040 9096
3 9096 9040 9097
3 9040 9041 9097
3 9097 9041 9098
3 9041 9099 9098
3 9041 9042 9099
3 9042 9043 9099
3 9099 9043 9100
3 9043 9044 9100
3 9100 9044 9101
3 9044 9102 9101
3 9044 9045 9102
3 9045 9103 9102
3 9045 9046 9103
3 1124 9048 9104
3 9104 9048 9105
3 9048 9049 9105
3 9105 9049 9106
3 9049 9050 9106
3 9106 9050 9107
3 9050 9051 9107
3 9107 9051 9108
3 9051 9109 9108
3 9051 9052 9109
3 9052 9110 9109
3 9052 9053 9110
3 9053 9054 9110
3 9110 9054 9111
3 9054 9055 9111
3 9111 9055 9112
3 9055 9056 9112
3 9112 9056 9113
3 9056 9114 9113
3 9056 9057 9114
3 9057 9115 9114
3 9057 9058 9115
3 9058 9116 9115
3 9058 9059 9116
3 9059 9117 9116
3 9059 9060 9117
3 9060 9118 9117
3 9060 9061 9118
3 9061 9119 9118
3 9061 9062 9119
3 9062 9120 9119
3 9062 9063 9120
3 9063 9064 9120
3 9120 9064 9121
3 9064 9065 9121
3 9121 9065 9122
3 9065 9066 9122
3 9122 9066 9123
3 9066 9067 9123
3 9123 9067 9124
3 9067 9068 9124
3 9124 9068 9125
3 9068 9069 9125
3 9125 9069 9126
3 9069 9070 9126
3 9126 9070 9127
3 9070 9071 9127
3 9127 9071 9128
3 9071 9072 9128
3 9128 9072 9129
3 9072 9073 9129
3 9129 9073 9130
3 9073 9074 9130
3 9130 9074 9131
3 9074 9132 9131
3 9074 9075 9132
3 9075 9133 9132
3 9075 9076 9133
3 9076 9134 9133
3 9076 9077 9134
3 9077 9135 9134
3 9077 9078 9135
3 9078 9136 9135
3 9078 9079 9136
3 9079 9137 9136
3 9079 9080 9137
3 9080 9138 9137
3 9080 9081 9138
3 9081 9082 9138
3 9138 9082 9139
3 9082 9083 9139
3 9139 9083 9140
3 9083 9084 9140
3 9140 9084 9141
3 9084 9085 9141
3 9141 9085 9142
3 9085 9143 9142
3 9085 9086 9143
3 9086 9144 9143
3 9086 9087 9144
3 9087 9145 9144
3 9087 9088 9145
3 9088 9146 9145
3 9088 9089 9146
3 9089 9147 9146
3 9089 9090 9147
3 9090 9148 9147
3 9090 9091 9148
3 9091 9149 9148
3 9091 9092 9149
3 9092 9093 9149
3 9149 9093 9150
3 9093 9151 9150
3 9093 9094 9151
3 9094 9152 9151
3 9094 9095 9152
3 9095 9153 9152
3 9095 9096 9153
3 9096 9097 9153
3 9153 9097 9154
3 9097 9098 9154
3 9154 9098 9155
3 9098 9156 9155
3 9098 9099 9156
3 9099 9100 9156
3 9156 9100 9157
3 9100 9101 9157
3 9157 9101 9158
3 9101 9159 9158
3 9101 9102 9159
3 9104 9105 9160
3 9160 9105 9161
3 9105 9106 9161
3 9161 9106 9162
3 9106 9107 9162
3 9162 9107 9163
3 9107 9108 9163
3 9163 9108 9164
3 9108 9165 9164
3 9108 9109 9165
3 9109 9166 9165
3 9109 9110 9166
3 9110 9111 9166
3 9166 9111 9167
3 9111 9112 9167
3 9167 9112 9168
3 9112 9113 9168
3 9168 9113 9169
3 9113 9170 9169
3 9113 9114 9170
3 9114 9171 9170
3 9114 9115 9171
3 9115 9172 9171
3 9115 9116 9172
3 9116 9173 9172
3 9116 9117 9173
3 9117 9174 9173
3 9117 9118 9174
3 9118 9175 9174
3 9118 9119 9175
3 9119 9120 9175
3 9175 9120 9176
3 9120 9121 9176
3 9176 9121 9177
3 9121 9122 9177
3 9177 9122 9178
3 9122 9123 9178
3 9178 9123 9179
3 9123 9124 9179
3 9179 9124 9180
3 9124 9125 9180
3 9180 9125 9181
3 9125 9126 9181
3 9181 9126 9182
3 9126 9127 9182
3 9182 9127 9183
3 9127 9128 9183
3 9183 9128 9184
3 9128 9129 9184
3 9184 9129 9185
3 9129 9130 9185
3 9185 9130 9186
3 9130 9131 9186
3 9186 9131 9187
3 9131 9132 9187
3 9187 9132 9188
3 9132 9189 9188
3 9132 9133 9189
3 9133 9190 9189
3 9133 9134 9190
3 9134 9191 9190
3 9134 9135 9191
3 9135 9192 9191
3 9135 9136 9192
3 9136 9193 9192
3 9136 9137 9193
3 9137 9194 9193
3 9137 9138 9194
3 9138 9139 9194
3 9194 9139 9195
3 9139 9140 9195
3 9195 9140 9196
3 9140 9141 9196
3 9196 9141 9197
3 9141 9142 9197
3 9197 9142 9198
3 9142 9199 9198
3 9142 9143 9199
3 9143 9200 9199
3 9143 9144 9200
3 9144 9201 9200
3 9144 9145 9201
3 9145 9202 9201
3 9145 9146 9202
3 9146 9203 9202
3 9146 9147 9203
3 9147 9204 9203
3 9147 9148 9204
3 9148 9205 9204
3 9148 9149 9205
3 9149 9150 9205
3 9205 9150 9206
3 9150 9207 9206
3 9150 9151 9207
3 9151 9208 9207
3 9151 9152 9208
3 9152 9209 9208
3 9152 9153 9209
3 9153 9154 9209
3 9209 9154 9210
3 9154 9155 9210
3 9210 9155 9211
3 9155 9212 9211
3 9155 9156 9212
3 9156 9157 9212
3 9212 9157 9213
3 9157 9158 9213
3 9161 9162 9214
3 9214 9162 9215
3 9162 9163 9215
3 9215 9163 9216
3 9163 9164 9216
3 9216 9164 9217
3 9164 9218 9217
3 9164 9165 9218
3 9165 9219 9218
3 9165 9166 9219
3 9166 9167 9219
3 9219 9167 9220
3 9167 9168 9220
3 9220 9168 9221
3 9168 9169 9221
3 9221 9169 9222
3 9169 9223 9222
3 9169 9170 9223
3 9170 9224 9223
3 9170 9171 9224
3 9171 9225 9224
3 9171 9172 9225
3 9172 9226 9225
3 9172 9173 9226
3 9173 9227 9226
3 9173 9174 9227
3 9174 9175 9227
3 9227 9175 9228
3 9175 9176 9228
3 9228 9176 9229
3 9176 9177 9229
3 9229 9177 9230
3 9177 9178 9230
3 9230 9178 9231
3 9178 9179 9231
3 9231 9179 9232
3 9179 9180 9232
3 9232 9180 9233
3 9180 9181 9233
3 9233 9181 9234
3 9181 9182 9234
3 9234 9182 9235
3 9182 9183 9235
3 9235 9183 9236
3 9183 9184 9236
3 9236 9184 9237
3 9184 9185 9237
3 9237 9185 9238
3 9185 9186 9238
3 9238 9186 9239
3 9186 9187 9239
3 9239 9187 9240
3 9187 9188 9240
3 9240 9188 9241
3 9188 9242 9241
3 9188 9189 9242
3 9189 9190 9242
3 9242 9190 9243
3 9190 9191 9243
3 9243 9191 9244
3 9191 9192 9244
3 9244 9192 9245
3 9192 9246 9245
3 9192 9193 9246
3 9193 9194 9246
3 9246 9194 9247
3 9194 9195 9247
3 9247 9195 9248
3 9195 9196 9248
3 9248 9196 9249
3 9196 9197 9249
3 9249 9197 9250
3 9197 9198 9250
3 9250 9198 9251
3 9198 9252 9251
3 9198 9199 9252
3 9199 9253 9252
3 9199 9200 9253
3 9200 9254 9253
3 9200 9201 9254
3 9201 9255 9254
3 9201 9202 9255
3 9202 9203 9255
3 9255 9203 9256
3 9203 9257 9256
3 9203 9204 9257
3 9204 9258 9257
3 9204 9205 9258
3 9205 9206 9258
3 9258 9206 9259
3 9206 9260 9259
3 9206 9207 9260
3 9207 9261 9260
3 9207 9208 9261
3 9208 9262 9261
3 9208 9209 9262
3 9209 9210 9262
3 9262 9210 9263
3 9210 9211 9263
3 9263 9211 9264
3 9211 9212 9264
3 9264 9212 9265
3 9212 9213 9265
3 9266 9215 9267
3 9215 9216 9267
3 9267 9216 9268
3 9216 9217 9268
3 9268 9217 9269
3 9217 9270 9269
3 9217 9218 9270
3 9218 9271 9270
3 9218 9219 9271
3 9219 9220 9271
3 9271 9220 9272
3 9220 9221 9272
3 9272 9221 9273
3 9221 9222 9273
3 9273 9222 9274
3 9222 9275 9274
3 9222 9223 9275
3 9223 9276 9275
3 9223 9224 9276
3 9224 9277 9276
3 9224 9225 9277
3 9225 9278 9277
3 9225 9226 9278
3 9226 9279 9278
3 9226 9227 9279
3 9227 9228 9279
3 9279 9228 9280
3 9228 9229 9280
3 9280 9229 9281
3 9229 9230 9281
3 9281 9230 9282
3 9230 9231 9282
3 9282 9231 9283
3 9231 9232 9283
3 9283 9232 9284
3 9232 9233 9284
3 9284 9233 9285
3 9233 9234 9285
3 9285 9234 9286
3 9234 9235 9286
3 9286 9235 9287
3 9235 9236 9287
3 9287 9236 9288
3 9236 9237 9288
3 9288 9237 9289
3 9237 9238 9289
3 9289 9238 9290
3 9238 9239 9290
3 9290 9239 9291
3 9239 9240 9291
3 9291 9240 9292
3 9240 9241 9292
3 9292 9241 9293
3 9241 9294 9293
3 9241 9242 9294
3 9242 9243 9294
3 9294 9243 9295
3 9243 9244 9295
3 9295 9244 9296
3 9244 9245 9296
3 9296 9245 9297
3 9245 9298 9297
3 9245 9246 9298
3 9246 9247 9298
3 9298 9247 9299
3 9247 9248 9299
3 9299 9248 9300
3 9248 9249 9300
3 9300 9249 9301
3 9249 9250 9301
3 9301 9250 9302
3 9250 9251 9302
3 9302 9251 9303
3 9251 9304 9303
3 9251 9252 9304
3 9252 9305 9304
3 9252 9253 9305
3 9253 9306 9305
3 9253 9254 9306
3 9254 9255 9306
3 9306 9255 9307
3 9255 9256 9307
3 9307 9256 9308
3 9256 9309 9308
3 9256 9257 9309
3 9257 9258 9309
3 9309 9258 9310
3 9258 9259 9310
3 9310 9259 9311
3 9259 9312 9311
3 9259 9260 9312
3 9260 9313 9312
3 9260 9261 9313
3 9261 9314 9313
3 9261 9262 9314
3 9262 9263 9314
3 9314 9263 9315
3 9263 9264 9315
3 9315 9264 9316
3 9264 9265 9316
3 9267 9268 9317
3 9317 9268 9318
3 9268 9269 9318
3 9318 9269 9319
3 9269 9320 9319
3 9269 9270 9320
3 9270 9321 9320
3 9270 9271 9321
3 9271 9272 9321
3 9321 9272 9322
3 9272 9273 9322
3 9322 9273 9323
3 9273 9274 9323
3 9323 9274 9324
3 9274 9325 9324
3 9274 9275 9325
3 9275 9326 9325
3 9275 9276 9326
3 9276 9327 9326
3 9276 9277 9327
3 9277 9328 9327
3 9277 9278 9328
3 9278 9329 9328
3 9278 9279 9329
3 9279 9280 9329
3 9329 9280 9330
3 9280 9281 9330
3 9330 9281 9331
3 9281 9282 9331
3 9331 9282 9332
3 9282 9283 9332
3 9332 9283 9333
3 9283 9284 9333
3 9333 9284 9334
3 9284 9285 9334
3 9334 9285 9335
3 9285 9286 9335
3 9335 9286 9336
3 9286 9287 9336
3 9336 9287 9337
3 9287 9288 9337
3 9337 9288 9338
3 9288 9289 9338
3 9338 9289 9339
3 9289 9290 9339
3 9339 9290 9340
3 9290 9291 9340
3 9340 9291 9341
3 9291 9292 9341
3 9341 9292 9342
3 9292 9293 9342
3 9342 9293 9343
3 9293 9344 9343
3 9293 9294 9344
3 9294 9345 9344
3 9294 9295 9345
3 9295 9296 9345
3 9345 9296 9346
3 9296 9347 9346
3 9296 9297 9347
3 9297 9348 9347
3 9297 9298 9348
3 9298 9299 9348
3 9348 9299 9349
3 9299 9300 9349
3 9349 9300 9350
3 9300 9301 9350
3 9350 9301 9351
3 9301 9302 9351
3 9351 9302 9352
3 9302 9303 9352
3 9352 9303 9353
3 9303 9304 9353
3 9353 9304 9354
3 9304 9355 9354
3 9304 9305 9355
3 9305 9356 9355
3 9305 9306 9356
3 9306 9307 9356
3 9356 9307 9357
3 9307 9308 9357
3 9357 9308 9358
3 9308 9359 9358
3 9308 9309 9359
3 9309 9310 9359
3 9359 9310 9360
3 9310 9311 9360
3 9360 9311 9361
3 9311 9362 9361
3 9311 9312 9362
3 9312 9363 9362
3 9312 9313 9363
3 9313 9364 9363
3 9313 9314 9364
3 9314 9315 9364
3 9364 9315 9365
3 9315 9316 9365
3 9317 9318 9366
3 9366 9318 9367
3 9318 9319 9367
3 9367 9319 9368
3 9319 9369 9368
3 9319 9320 9369
3 9320 9370 9369
3 9320 9321 9370
3 9321 9322 9370
3 9370 9322 9371
3 9322 9323 9371
3 9371 9323 9372
3 9323 9324 9372
3 9372 9324 9373
3 9324 9374 9373
3 9324 9325 9374
3 9325 9375 9374
3 9325 9326 9375
3 9326 9376 9375
3 9326 9327 9376
3 9327 9377 9376
3 9327 9328 9377
3 9328 9378 9377
3 9328 9329 9378
3 9329 9330 9378
3 9378 9330 9379
3 9330 9331 9379
3 9379 9331 9380
3 9331 9332 9380
3 9380 9332 9381
3 9332 9333 9381
3 9381 9333 9382
3 9333 9334 9382
3 9382 9334 9383
3 9334 9335 9383
3 9383 9335 9384
3 9335 9336 9384
3 9384 9336 9385
3 9336 9337 9385
3 9385 9337 9386
3 9337 9338 9386
3 9386 9338 9387
3 9338 9339 9387
3 9387 9339 9388
3 9339 9340 9388
3 9388 9340 9389
3 9340 9341 9389
3 9389 9341 9390
3 9341 9342 9390
3 9390 9342 9391
3 9342 9343 9391
3 9391 9343 9392
3 9343 9393 9392
3 9343 9344 9393
3 9344 9394 9393
3 9344 9345 9394
3 9345 9395 9394
3 9345 9346 9395
3 9346 9396 9395
3 9346 9347 9396
3 9347 9397 9396
3 9347 9348 9397
3 9348 9349 9397
3 9397 9349 9398
3 9349 9350 9398
3 9398 9350 9399
3 9350 9351 9399
3 9399 9351 9400
3 9351 9352 9400
3 9400 9352 9401
3 9352 9353 9401
3 9401 9353 9402
3 9353 9403 9402
3 9353 9354 9403
3 9354 9404 9403
3 9354 9355 9404
3 9355 9405 9404
3 9355 9356 9405
3 9356 9357 9405
3 9405 9357 9406
3 9357 9407 9406
3 9357 9358 9407
3 9358 9408 9407
3 9358 9359 9408
3 9359 9409 9408
3 9359 9360 9409
3 9360 9361 9409
3 9409 9361 9410
3 9361 9411 9410
3 9361 9362 9411
3 9362 9412 9411
3 9362 9363 9412
3 9363 9413 9412
3 9363 9364 9413
3 9364 9365 9413
3 9413 9365 9414
3 9415 9367 9416
3 9367 9368 9416
3 9416 9368 9417
3 9368 9418 9417
3 9368 9369 9418
3 9369 9419 9418
3 9369 9370 9419
3 9370 9371 9419
3 9419 9371 9420
3 9371 9372 9420
3 9420 9372 9421
3 9372 9373 9421
3 9421 9373 9422
3 9373 9423 9422
3 9373 9374 9423
3 9374 9424 9423
3 9374 9375 9424
3 9375 9425 9424
3 9375 9376 9425
3 9376 9426 9425
3 9376 9377 9426
3 9377 9427 9426
3 9377 9378 9427
3 9378 9379 9427
3 9427 9379 9428
3 9379 9380 9428
3 9428 9380 9429
3 9380 9381 9429
3 9429 9381 9430
3 9381 9382 9430
3 9430 9382 9431
3 9382 9383 9431
3 9431 9383 9432
3 9383 9384 9432
3 9432 9384 9433
3 9384 9385 9433
3 9433 9385 9434
3 9385 9386 9434
3 9434 9386 9435
3 9386 9387 9435
3 9435 9387 9436
3 9387 9388 9436
3 9436 9388 9437
3 9388 9389 9437
3 9437 9389 9438
3 9389 9390 9438
3 9438 9390 9439
3 9390 9391 9439
3 9439 9391 9440
3 9391 9392 9440
3 9440 9392 9441
3 9392 9442 9441
3 9392 9393 9442
3 9393 9443 9442
3 9393 9394 9443
3 9394 9444 9443
3 9394 9395 9444
3 9395 9445 9444
3 9395 9396 9445
3 9396 9446 9445
3 9396 9397 9446
3 9397 9447 9446
3 9397 9398 9447
3 9398 9399 9447
3 9447 9399 9448
3 9399 9400 9448
3 9448 9400 9449
3 9400 9401 9449
3 9449 9401 9450
3 9401 9402 9450
3 9450 9402 9451
3 9402 9452 9451
3 9402 9403 9452
3 9403 9453 9452
3 9403 9404 9453
3 9404 9454 9453
3 9404 9405 9454
3 9405 9455 9454
3 9405 9406 9455
3 9406 9456 9455
3 9406 9407 9456
3 9407 9457 9456
3 9407 9408 9457
3 9408 9458 9457
3 9408 9409 9458
3 9409 9410 9458
3 9458 9410 9459
3 9410 9460 9459
3 9410 9411 9460
3 9411 9461 9460
3 9411 9412 9461
3 9412 9462 9461
3 9412 9413 9462
3 9416 9417 9463
3 9463 9417 9464
3 9417 9465 9464
3 9417 9418 9465
3 9418 9466 9465
3 9418 9419 9466
3 9419 9420 9466
3 9466 9420 9467
3 9420 9421 9467
3 9467 9421 9468
3 9421 9422 9468
3 9468 9422 9469
3 9422 9470 9469
3 9422 9423 9470
3 9423 9471 9470
3 9423 9424 9471
3 9424 9472 9471
3 9424 9425 9472
3 9425 9473 9472
3 9425 9426 9473
3 9426 9474 9473
3 9426 9427 9474
3 9427 9475 9474
3 9427 9428 9475
3 9428 9429 9475
3 9475 9429 9476
3 9429 9430 9476
3 9476 9430 9477
3 9430 9431 9477
3 9477 9431 9478
3 9431 9432 9478
3 9478 9432 9479
3 9432 9433 9479
3 9479 9433 9480
3 9433 9434 9480
3 9480 9434 9481
3 9434 9435 9481
3 9481 9435 9482
3 9435 9436 9482
3 9482 9436 9483
3 9436 9437 9483
3 9483 9437 9484
3 9437 9438 9484
3 9484 9438 9485
3 9438 9439 9485
3 9485 9439 9486
3 9439 9440 9486
3 9486 9440 9487
3 9440 9488 9487
3 9440 9441 9488
3 9441 9489 9488
3 9441 9442 9489
3 9442 9490 9489
3 9442 9443 9490
3 9443 9491 9490
3 9443 9444 9491
3 9444 9445 9491
3 9491 9445 9492
3 9445 9493 9492
3 9445 9446 9493
3 9446 9447 9493
3 9493 9447 9494
3 9447 9448 9494
3 9494 9448 9495
3 9448 9449 9495
3 9495 9449 9496
3 9449 9450 9496
3 9496 9450 9497
3 9450 9451 9497
3 9497 9451 9498
3 9451 9499 9498
3 9451 9452 9499
3 9452 9500 9499
3 9452 9453 9500
3 9453 9501 9500
3 9453 9454 9501
3 9454 9502 9501
3 9454 9455 9502
3 9455 9503 9502
3 9455 9456 9503
3 9456 9504 9503
3 9456 9457 9504
3 9457 9458 9504
3 9504 9458 9505
3 9458 9459 9505
3 9505 9459 9506
3 9459 9507 9506
3 9459 9460 9507
3 9460 9508 9507
3 9460 9461 9508
3 9461 9509 9508
3 9463 9464 9510
3 9510 9464 9511
3 9464 9512 9511
3 9464 9465 9512
3 9465 9513 9512
3 9465 9466 9513
3 9466 9467 9513
3 9513 9467 9514
3 9467 9468 9514
3 9514 9468 9515
3 9468 9469 9515
3 9515 9469 9516
3 9469 9517 9516
3 9469 9470 9517
3 9470 9518 9517
3 9470 9471 9518
3 9471 9519 9518
3 9471 9472 9519
3 9472 9520 9519
3 9472 9473 9520
3 9473 9521 9520
3 9473 9474 9521
3 9474 9522 9521
3 9474 9475 9522
3 9475 9476 9522
3 9522 9476 9523
3 9476 9477 9523
3 9523 9477 9524
3 9477 9478 9524
3 9524 9478 9525
3 9478 9479 9525
3 9525 9479 9526
3 9479 9480 9526
3 9526 9480 9527
3 9480 9481 9527
3 9527 9481 9528
3 9481 9482 9528
3 9528 9482 9529
3 9482 9483 9529
3 9529 9483 9530
3 9483 9484 9530
3 9530 9484 9531
3 9484 9485 9531
3 9531 9485 9532
3 9485 9486 9532
3 9532 9486 9533
3 9486 9487 9533
3 9533 9487 9534
3 9487 9535 9534
3 9487 9488 9535
3 9488 9536 9535
3 9488 9489 9536
3 9489 9537 9536
3 9489 9490 9537
3 9490 9538 9537
3 9490 9491 9538
3 9491 9492 9538
3 9538 9492 9539
3 9492 9493 9539
3 9539 9493 9540
3 9493 9494 9540
3 9540 9494 9541
3 9494 9495 9541
3 9541 9495 9542
3 9495 9496 9542
3 9542 9496 9543
3 9496 9497 9543
3 9543 9497 9544
3 9497 9498 9544
3 9544 9498 9545
3 9498 9546 9545
3 9498 9499 9546
3 9499 9547 9546
3 9499 9500 9547
3 9500 9548 9547
3 9500 9501 9548
3 9501 9549 9548
3 9501 9502 9549
3 9502 9550 9549
3 9502 9503 9550
3 9503 9551 9550
3 9503 9504 9551
3 9504 9505 9551
3 9551 9505 9552
3 9505 9506 9552
3 9552 9506 9553
3 9506 9554 9553
3 9506 9507 9554
3 9511 9555 9556
3 9511 9512 9555
3 9512 9557 9555
3 9512 9513 9557
3 9513 9514 9557
3 9557 9514 9558
3 9514 9515 9558
3 9558 9515 9559
3 9515 9516 9559
3 9559 9516 9560
3 9516 9561 9560
3 9516 9517 9561
3 9517 9562 9561
3 9517 9518 9562
3 9518 9563 9562
3 9518 9519 9563
3 9519 9564 9563
3 9519 9520 9564
3 9520 9565 9564
3 9520 9521 9565
3 9521 9522 9565
3 9565 9522 9566
3 9522 9523 9566
3 9566 9523 9567
3 9523 9524 9567
3 9567 9524 9568
3 9524 9525 9568
3 9568 9525 9569
3 9525 9526 9569
3 9569 9526 9570
3 9526 9527 9570
3 9570 9527 9571
3 9527 9528 9571
3 9571 9528 9572
3 9528 9529 9572
3 9572 9529 9573
3 9529 9530 9573
3 9573 9530 9574
3 9530 9531 9574
3 9574 9531 9575
3 9531 9532 9575
3 9575 9532 9576
3 9532 9533 9576
3 9576 9533 9577
3 9533 9578 9577
3 9533 9534 9578
3 9534 9579 9578
3 9534 9535 9579
3 9535 9580 9579
3 9535 9536 9580
3 9536 9581 9580
3 9536 9537 9581
3 9537 9538 9581
3 9581 9538 9582
3 9538 9539 9582
3 9582 9539 9583
3 9539 9540 9583
3 9583 9540 9584
3 9540 9541 9584
3 9584 9541 9585
3 9541 9542 9585
3 9585 9542 9586
3 9542 9543 9586
3 9586 9543 9587
3 9543 9544 9587
3 9587 9544 9588
3 9544 9545 9588
3 9588 9545 9589
3 9545 9590 9589
3 9545 9546 9590
3 9546 9591 9590
3 9546 9547 9591
3 9547 9592 9591
3 9547 9548 9592
3 9548 9593 9592
3 9548 9549 9593
3 9549 9594 9593
3 9549 9550 9594
3 9550 9595 9594
3 9550 9551 9595
3 9551 9552 9595
3 9595 9552 9596
3 9552 9553 9596
3 9556 9597 9598
3 9556 9555 9597
3 9555 9599 9597
3 9555 9557 9599
3 9557 9558 9599
3 9599 9558 9600
3 9558 9559 9600
3 9600 9559 9601
3 9559 9560 9601
3 9601 9560 9602
3 9560 9603 9602
3 9560 9561 9603
3 9561 9604 9603
3 9561 9562 9604
3 9562 9605 9604
3 9562 9563 9605
3 9563 9606 9605
3 9563 9564 9606
3 9564 9607 9606
3 9564 9565 9607
3 9565 9566 9607
3 9607 9566 9608
3 9566 9567 9608
3 9608 9567 9609
3 9567 9568 9609
3 9609 9568 9610
3 9568 9569 9610
3 9610 9569 9611
3 9569 9570 9611
3 9611 9570 9612
3 9570 9571 9612
3 9612 9571 9613
3 9571 9572 9613
3 9613 9572 9614
3 9572 9573 9614
3 9614 9573 9615
3 9573 9574 9615
3 9615 9574 9616
3 9574 9575 9616
3 9616 9575 9617
3 9575 9576 9617
3 9617 9576 9618
3 9576 9577 9618
3 9618 9577 9619
3 9577 9620 9619
3 9577 9578 9620
3 9578 9621 9620
3 9578 9579 9621
3 9579 9622 9621
3 9579 9580 9622
3 9580 9623 9622
3 9580 9581 9623
3 9581 9582 9623
3 9623 9582 9624
3 9582 9583 9624
3 9624 9583 9625
3 9583 9584 9625
3 9625 9584 9626
3 9584 9585 9626
3 9626 9585 9627
3 9585 9586 9627
3 9627 9586 9628
3 9586 9587 9628
3 9628 9587 9629
3 9587 9588 9629
3 9629 9588 9630
3 9588 9589 9630
3 9630 9589 9631
3 9589 9632 9631
3 9589 9590 9632
3 9590 9633 9632
3 9590 9591 9633
3 9591 9634 9633
3 9591 9592 9634
3 9592 9635 9634
3 9592 9593 9635
3 9593 9636 9635
3 9593 9594 9636
3 9594 9637 9636
3 9594 9595 9637
3 9595 9596 9637
3 9597 9599 9638
3 9638 9599 9639
3 9599 9600 9639
3 9639 9600 9640
3 9600 9601 9640
3 9640 9601 9641
3 9601 9602 9641
3 9641 9602 9642
3 9602 9643 9642
3 9602 9603 9643
3 9603 9644 9643
3 9603 9604 9644
3 9604 9645 9644
3 9604 9605 9645
3 9605 9646 9645
3 9605 9606 9646
3 9606 9647 9646
3 9606 9607 9647
3 9607 9608 9647
3 9647 9608 9648
3 9608 9609 9648
3 9648 9609 9649
3 9609 9610 9649
3 9649 9610 9650
3 9610 9611 9650
3 9650 9611 9651
3 9611 9612 9651
3 9651 9612 9652
3 9612 9613 9652
3 9652 9613 9653
3 9613 9614 9653
3 9653 9614 9654
3 9614 9615 9654
3 9654 9615 9655
3 9615 9616 9655
3 9655 9616 9656
3 9616 9617 9656
3 9656 9617 9657
3 9617 9618 9657
3 9657 9618 9658
3 9618 9619 9658
3 9658 9619 9659
3 9619 9620 9659
3 9659 9620 9660
3 9620 9621 9660
3 9660 9621 9661
3 9621 9622 9661
3 9661 9622 9662
3 9622 9663 9662
3 9622 9623 9663
3 9623 9624 9663
3 9663 9624 9664
3 9624 9625 9664
3 9664 9625 9665
3 9625 9626 9665
3 9665 9626 9666
3 9626 9627 9666
3 9666 9627 9667
3 9627 9628 9667
3 9667 9628 9668
3 9628 9629 9668
3 9668 9629 9669
3 9629 9630 9669
3 9669 9630 9670
3 9630 9631 9670
3 9670 9631 9671
3 9631 9672 9671
3 9631 9632 9672
3 9632 9673 9672
3 9632 9633 9673
3 9633 9674 9673
3 9633 9634 9674
3 9634 9635 9674
3 9674 9635 9675
3 9635 9676 9675
3 9635 9636 9676
3 9636 9677 9676
3 9636 9637 9677
3 9638 9678 9679
3 9638 9639 9678
3 9639 9640 9678
3 9678 9640 9680
3 9640 9641 9680
3 9680 9641 9681
3 9641 9642 9681
3 9681 9642 9682
3 9642 9683 9682
3 9642 9643 9683
3 9643 9684 9683
3 9643 9644 9684
3 9644 9685 9684
3 9644 9645 9685
3 9645 9686 9685
3 9645 9646 9686
3 9646 9687 9686
3 9646 9647 9687
3 9647 9648 9687
3 9687 9648 9688
3 9648 9649 9688
3 9688 9649 9689
3 9649 9650 9689
3 9689 9650 9690
3 9650 9651 9690
3 9690 9651 9691
3 9651 9652 9691
3 9691 9652 9692
3 9652 9653 9692
3 9692 9653 9693
3 9653 9654 9693
3 9693 9654 9694
3 9654 9655 9694
3 9694 9655 9695
3 9655 9656 9695
3 9695 9656 9696
3 9656 9657 9696
3 9696 9657 9697
3 9657 9698 9697
3 9657 9658 9698
3 9658 9659 9698
3 9698 9659 9699
3 9659 9660 9699
3 9699 9660 9700
3 9660 9661 9700
3 9700 9661 9701
3 9661 9662 9701
3 9701 9662 9702
3 9662 9703 9702
3 9662 9663 9703
3 9663 9664 9703
3 9703 9664 9704
3 9664 9665 9704
3 9704 9665 9705
3 9665 9666 9705
3 9705 9666 9706
3 9666 9667 9706
3 9706 9667 9707
3 9667 9668 9707
3 9707 9668 9708
3 9668 9669 9708
3 9708 9669 9709
3 9669 9670 9709
3 9709 9670 9710
3 9670 9671 9710
3 9710 9671 9711
3 9671 9672 9711
3 9711 9672 9712
3 9672 9713 9712
3 9672 9673 9713
3 9673 9714 9713
3 9673 9674 9714
3 9674 9675 9714
3 9714 9675 9715
3 9675 9676 9715
3 9679 9678 9716
3 9678 9680 9716
3 9716 9680 9717
3 9680 9681 9717
3 9717 9681 9718
3 9681 9682 9718
3 9718 9682 9719
3 9682 9720 9719
3 9682 9683 9720
3 9683 9721 9720
3 9683 9684 9721
3 9684 9722 9721
3 9684 9685 9722
3 9685 9723 9722
3 9685 9686 9723
3 9686 9724 9723
3 9686 9687 9724
3 9687 9688 9724
3 9724 9688 9725
3 9688 9689 9725
3 9725 9689 9726
3 9689 9690 9726
3 9726 9690 9727
3 9690 9691 9727
3 9727 9691 9728
3 9691 9692 9728
3 9728 9692 9729
3 9692 9693 9729
3 9729 9693 9730
3 9693 9694 9730
3 9730 9694 9731
3 9694 9695 9731
3 9731 9695 9732
3 9695 9696 9732
3 9732 9696 9733
3 9696 9697 9733
3 9733 9697 9734
3 9697 9735 9734
3 9697 9698 9735
3 9698 9736 9735
3 9698 9699 9736
3 9699 9700 9736
3 9736 9700 9737
3 9700 9738 9737
3 9700 9701 9738
3 9701 9739 9738
3 9701 9702 9739
3 9702 9740 9739
3 9702 9703 9740
3 9703 9704 9740
3 9740 9704 9741
3 9704 9705 9741
3 9741 9705 9742
3 9705 9706 9742
3 9742 9706 9743
3 9706 9707 9743
3 9743 9707 9744
3 9707 9708 9744
3 9744 9708 9745
3 9708 9709 9745
3 9745 9709 9746
3 9709 9710 9746
3 9746 9710 9747
3 9710 9711 9747
3 9747 9711 9748
3 9711 9712 9748
3 9748 9712 9749
3 9712 9750 9749
3 9712 9713 9750
3 9713 9751 9750
3 9713 9714 9751
3 9714 9715 9751
3 9716 9717 9752
3 9752 9717 9753
3 9717 9718 9753
3 9753 9718 9754
3 9718 9719 9754
3 9754 9719 9755
3 9719 9756 9755
3 9719 9720 9756
3 9720 9757 9756
3 9720 9721 9757
3 9721 9758 9757
3 9721 9722 9758
3 9722 9759 9758
3 9722 9723 9759
3 9723 9760 9759
3 9723 9724 9760
3 9724 9725 9760
3 9760 9725 9761
3 9725 9726 9761
3 9761 9726 9762
3 9726 9727 9762
3 9762 9727 9763
3 9727 9728 9763
3 9763 9728 9764
3 9728 9729 9764
3 9764 9729 9765
3 9729 9730 9765
3 9765 9730 9766
3 9730 9731 9766
3 9766 9731 9767
3 9731 9732 9767
3 9767 9732 9768
3 9732 9733 9768
3 9768 9733 9769
3 9733 9734 9769
3 9769 9734 9770
3 9734 9771 9770
3 9734 9735 9771
3 9735 9736 9771
3 9771 9736 9772
3 9736 9737 9772
3 9772 9737 9773
3 9737 9774 9773
3 9737 9738 9774
3 9738 9775 9774
3 9738 9739 9775
3 9739 9776 9775
3 9739 9740 9776
3 9740 9777 9776
3 9740 9741 9777
3 9741 9742 9777
3 9777 9742 9778
3 9742 9779 9778
3 9742 9743 9779
3 9743 9744 9779
3 9779 9744 9780
3 9744 9745 9780
3 9780 9745 9781
3 9745 9746 9781
3 9781 9746 9782
3 9746 9747 9782
3 9782 9747 9783
3 9747 9748 9783
3 9783 9748 9784
3 9748 9749 9784
3 9784 9749 9785
3 9749 9750 9785
3 9785 9750 9786
3 9750 9751 9786
3 9752 9753 9787
3 9787 9753 9788
3 9753 9754 9788
3 9788 9754 9789
3 9754 9755 9789
3 9789 9755 9790
3 9755 9791 9790
3 9755 9756 9791
3 9756 9792 9791
3 9756 9757 9792
3 9757 9793 9792
3 9757 9758 9793
3 9758 9794 9793
3 9758 9759 9794
3 9759 9795 9794
3 9759 9760 9795
3 9760 9796 9795
3 9760 9761 9796
3 9761 9762 9796
3 9796 9762 9797
3 9762 9763 9797
3 9797 9763 9798
3 9763 9764 9798
3 9798 9764 9799
3 9764 9765 9799
3 9799 9765 9800
3 9765 9766 9800
3 9800 9766 9801
3 9766 9767 9801
3 9801 9767 9802
3 9767 9768 9802
3 9802 9768 9803
3 9768 9769 9803
3 9803 9769 9804
3 9769 9770 9804
3 9804 9770 9805
3 9770 9806 9805
3 9770 9771 9806
3 9771 9772 9806
3 9806 9772 9807
3 9772 9773 9807
3 9807 9773 9808
3 9773 9809 9808
3 9773 9774 9809
3 9774 9810 9809
3 9774 9775 9810
3 9775 9811 9810
3 9775 9776 9811
3 9776 9812 9811
3 9776 9777 9812
3 9777 9778 9812
3 9812 9778 9813
3 9778 9814 9813
3 9778 9779 9814
3 9779 9780 9814
3 9814 9780 9815
3 9780 9781 9815
3 9815 9781 9816
3 9781 9782 9816
3 9816 9782 9817
3 9782 9783 9817
3 9817 9783 9818
3 9783 9784 9818
3 9818 9784 9819
3 9784 9820 9819
3 9784 9785 9820
3 9785 9821 9820
3 9785 9786 9821
3 9788 9789 9822
3 9822 9789 9823
3 9789 9790 9823
3 9823 9790 9824
3 9790 9825 9824
3 9790 9791 9825
3 9791 9826 9825
3 9791 9792 9826
3 9792 9827 9826
3 9792 9793 9827
3 9793 9828 9827
3 9793 9794 9828
3 9794 9829 9828
3 9794 9795 9829
3 9795 9830 9829
3 9795 9796 9830
3 9796 9831 9830
3 9796 9797 9831
3 9797 9798 9831
3 9831 9798 9832
3 9798 9799 9832
3 9832 9799 9833
3 9799 9800 9833
3 9833 9800 9834
3 9800 9801 9834
3 9834 9801 9835
3 9801 9802 9835
3 9835 9802 9836
3 9802 9803 9836
3 9836 9803 9837
3 9803 9804 9837
3 9837 9804 9838
3 9804 9805 9838
3 9838 9805 9839
3 9805 9806 9839
3 9839 9806 9840
3 9806 9807 9840
3 9840 9807 9841
3 9807 9808 9841
3 9841 9808 9842
3 9808 9843 9842
3 9808 9809 9843
3 9809 9844 9843
3 9809 9810 9844
3 9810 9845 9844
3 9810 9811 9845
3 9811 9846 9845
3 9811 9812 9846
3 9812 9813 9846
3 9846 9813 9847
3 9813 9848 9847
3 9813 9814 9848
3 9814 9849 9848
3 9814 9815 9849
3 9815 9816 9849
3 9849 9816 9850
3 9816 9817 9850
3 9850 9817 9851
3 9817 9818 9851
3 9851 9818 9852
3 9818 9819 9852
3 9852 9819 9853
3 9819 9854 9853
3 9819 9820 9854
3 9822 9823 9855
3 9855 9823 9856
3 9823 9824 9856
3 9856 9824 9857
3 9824 9858 9857
3 9824 9825 9858
3 9825 9859 9858
3 9825 9826 9859
3 9826 9860 9859
3 9826 9827 9860
3 9827 9861 9860
3 9827 9828 9861
3 9828 9862 9861
3 9828 9829 9862
3 9829 9863 9862
3 9829 9830 9863
3 9830 9831 9863
3 9863 9831 9864
3 9831 9832 9864
3 9864 9832 9865
3 9832 9833 9865
3 9865 9833 9866
3 9833 9834 9866
3 9866 9834 9867
3 9834 9835 9867
3 9867 9835 9868
3 9835 9836 9868
3 9868 9836 9869
3 9836 9837 9869
3 9869 9837 9870
3 9837 9838 9870
3 9870 9838 9871
3 9838 9839 9871
3 9871 9839 9872
3 9839 9840 9872
3 9872 9840 9873
3 9840 9841 9873
3 9873 9841 9874
3 9841 9842 9874
3 9874 9842 9875
3 9842 9843 9875
3 9875 9843 9876
3 9843 9877 9876
3 9843 9844 9877
3 9844 9878 9877
3 9844 9845 9878
3 9845 9879 9878
3 9845 9846 9879
3 9846 9847 9879
3 9879 9847 9880
3 9847 9881 9880
3 9847 9848 9881
3 9848 9849 9881
3 9881 9849 9882
3 9849 9850 9882
3 9882 9850 9883
3 9850 9851 9883
3 9883 9851 9884
3 9851 9852 9884
3 9884 9852 9885
3 9852 9853 9885
3 9885 9853 9886
3 9853 9887 9886
3 9856 9857 9888
3 9888 9857 9889
3 9857 9890 9889
3 9857 9858 9890
3 9858 9891 9890
3 9858 9859 9891
3 9859 9892 9891
3 9859 9860 9892
3 9860 9893 9892
3 9860 9861 9893
3 9861 9894 9893
3 9861 9862 9894
3 9862 9895 9894
3 9862 9863 9895
3 9863 9864 9895
3 9895 9864 9896
3 9864 9865 9896
3 9896 9865 9897
3 9865 9866 9897
3 9897 9866 9898
3 9866 9867 9898
3 9898 9867 9899
3 9867 9868 9899
3 9899 9868 9900
3 9868 9869 9900
3 9900 9869 9901
3 9869 9870 9901
3 9901 9870 9902
3 9870 9871 9902
3 9902 9871 9903
3 9871 9872 9903
3 9903 9872 9904
3 9872 9873 9904
3 9904 9873 9905
3 9873 9874 9905
3 9905 9874 9906
3 9874 9875 9906
3 9906 9875 9907
3 9875 9876 9907
3 9907 9876 9908
3 9876 9909 9908
3 9876 9877 9909
3 9877 9910 9909
3 9877 9878 9910
3 9878 9911 9910
3 9878 9879 9911
3 9879 9880 9911
3 9911 9880 9912
3 9880 9913 9912
3 9880 9881 9913
3 9881 9914 9913
3 9881 9882 9914
3 9882 9883 9914
3 9914 9883 9915
3 9883 9884 9915
3 9915 9884 9916
3 9884 9885 9916
3 9916 9885 9917
3 9885 9886 9917
3 9888 9889 9918
3 9918 9889 9919
3 9889 9920 9919
3 9889 9890 9920
3 9890 9921 9920
3 9890 9891 9921
3 9891 9922 9921
3 9891 9892 9922
3 9892 9923 9922
3 9892 9893 9923
3 9893 9924 9923
3 9893 9894 9924
3 9894 9895 9924
3 9924 9895 9925
3 9895 9896 9925
3 9925 9896 9926
3 9896 9897 9926
3 9926 9897 9927
3 9897 9898 9927
3 9927 9898 9928
3 9898 9899 9928
3 9928 9899 9929
3 9899 9900 9929
3 9929 9900 9930
3 9900 9901 9930
3 9930 9901 9931
3 9901 9902 9931
3 9931 9902 9932
3 9902 9903 9932
3 9932 9903 9933
3 9903 9904 9933
3 9933 9904 9934
3 9904 9905 9934
3 9934 9905 9935
3 9905 9906 9935
3 9935 9906 9936
3 9906 9907 9936
3 9936 9907 9937
3 9907 9908 9937
3 9937 9908 9938
3 9908 9939 9938
3 9908 9909 9939
3 9909 9940 9939
3 9909 9910 9940
3 9910 9941 9940
3 9910 9911 9941
3 9911 9912 9941
3 9941 9912 9942
3 9912 9943 9942
3 9912 9913 9943
3 9913 9944 9943
3 9913 9914 9944
3 9914 9915 9944
3 9944 9915 9945
3 9915 9916 9945
3 9945 9916 9946
3 9916 9917 9946
3 9919 9947 9948
3 9919 9920 9947
3 9920 9949 9947
3 9920 9921 9949
3 9921 9950 9949
3 9921 9922 9950
3 9922 9951 9950
3 9922 9923 9951
3 9923 9952 9951
3 9923 9924 9952
3 9924 9925 9952
3 9952 9925 9953
3 9925 9926 9953
3 9953 9926 9954
3 9926 9927 9954
3 9954 9927 9955
3 9927 9928 9955
3 9955 9928 9956
3 9928 9929 9956
3 9956 9929 9957
3 9929 9930 9957
3 9957 9930 9958
3 9930 9931 9958
3 9958 9931 9959
3 9931 9932 9959
3 9959 9932 9960
3 9932 9933 9960
3 9960 9933 9961
3 9933 9934 9961
3 9961 9934 9962
3 9934 9935 9962
3 9962 9935 9963
3 9935 9936 9963
3 9963 9936 9964
3 9936 9937 9964
3 9964 9937 9965
3 9937 9938 9965
3 9965 9938 9966
3 9938 9967 9966
3 9938 9939 9967
3 9939 9968 9967
3 9939 9940 9968
3 9940 9969 9968
3 9940 9941 9969
3 9941 9970 9969
3 9941 9942 9970
3 9942 9971 9970
3 9942 9943 9971
3 9943 9972 9971
3 9943 9944 9972
3 9944 9945 9972
3 9972 9945 9973
3 9945 9946 9973
3 9973 9946 9974
3 9946 9975 9974
3 9948 9947 9976
3 9947 9977 9976
3 9947 9949 9977
3 9949 9978 9977
3 9949 9950 9978
3 9950 9979 9978
3 9950 9951 9979
3 9951 9980 9979
3 9951 9952 9980
3 9952 9953 9980
3 9980 9953 9981
3 9953 9954 9981
3 9981 9954 9982
3 9954 9955 9982
3 9982 9955 9983
3 9955 9956 9983
3 9983 9956 9984
3 9956 9957 9984
3 9984 9957 9985
3 9957 9958 9985
3 9985 9958 9986
3 9958 9959 9986
3 9986 9959 9987
3 9959 9960 9987
3 9987 9960 9988
3 9960 9961 9988
3 9988 9961 9989
3 9961 9962 9989
3 9989 9962 9990
3 9962 9963 9990
3 9990 9963 9991
3 9963 9964 9991
3 9991 9964 9992
3 9964 9965 9992
3 9992 9965 9993
3 9965 9966 9993
3 9993 9966 9994
3 9966 9967 9994
3 9994 9967 9995
3 9967 9996 9995
3 9967 9968 9996
3 9968 9997 9996
3 9968 9969 9997
3 9969 9970 9997
3 9997 9970 9998
3 9970 9999 9998
3 9970 9971 9999
3 9971 10000 9999
3 9971 9972 10000
3 9972 9973 10000
3 10000 9973 10001
3 9973 9974 10001
3 9976 10002 10003
3 9976 9977 10002
3 9977 10004 10002
3 9977 9978 10004
3 9978 10005 10004
3 9978 9979 10005
3 9979 10006 10005
3 9979 9980 10006
3 9980 9981 10006
3 10006 9981 10007
3 9981 9982 10007
3 10007 9982 10008
3 9982 9983 10008
3 10008 9983 10009
3 9983 9984 10009
3 10009 9984 10010
3 9984 9985 10010
3 10010 9985 10011
3 9985 9986 10011
3 10011 9986 10012
3 9986 9987 10012
3 10012 9987 10013
3 9987 9988 10013
3 10013 9988 10014
3 9988 9989 10014
3 10014 9989 10015
3 9989 9990 10015
3 10015 9990 10016
3 9990 9991 10016
3 10016 9991 10017
3 9991 9992 10017
3 10017 9992 10018
3 9992 9993 10018
3 10018 9993 10019
3 9993 9994 10019
3 10019 9994 10020
3 9994 9995 10020
3 10020 9995 10021
3 9995 9996 10021
3 10021 9996 10022
3 9996 9997 10022
3 10022 9997 10023
3 9997 9998 10023
3 10023 9998 10024
3 9998 9999 10024
3 10024 9999 10025
3 9999 10000 10025
3 10025 10000 10026
3 10000 10001 10026
3 10003 10002 10027
3 10027 10002 10028
3 10002 10004 10028
3 10028 10004 10029
3 10004 10030 10029
3 10004 10005 10030
3 10005 10006 10030
3 10030 10006 10031
3 10006 10007 10031
3 10031 10007 10032
3 10007 10008 10032
3 10032 10008 10033
3 10008 10009 10033
3 10033 10009 10034
3 10009 10010 10034
3 10034 10010 10035
3 10010 10011 10035
3 10035 10011 10036
3 10011 10012 10036
3 10036 10012 10037
3 10012 10013 10037
3 10037 10013 10038
3 10013 10014 10038
3 10038 10014 10039
3 10014 10015 10039
3 10039 10015 10040
3 10015 10016 10040
3 10040 10016 10041
3 10016 10017 10041
3 10041 10017 10042
3 10017 10018 10042
3 10042 10018 10043
3 10018 10019 10043
3 10043 10019 10044
3 10019 10020 10044
3 10044 10020 10045
3 10020 10021 10045
3 10045 10021 10046
3 10021 10022 10046
3 10046 10022 10047
3 10022 10023 10047
3 10047 10023 10048
3 10023 10024 10048
3 10048 10024 10049
3 10024 10025 10049
3 10049 10025 10050
3 10025 10026 10050
3 10051 10028 10052
3 10028 10029 10052
3 10052 10029 10053
3 10029 10054 10053
3 10029 10030 10054
3 10030 10055 10054
3 10030 10031 10055
3 10031 10032 10055
3 10055 10032 10056
3 10032 10033 10056
3 10056 10033 10057
3 10033 10034 10057
3 10057 10034 10058
3 10034 10035 10058
3 10058 10035 10059
3 10035 10036 10059
3 10059 10036 10060
3 10036 10037 10060
3 10060 10037 10061
3 10037 10038 10061
3 10061 10038 10062
3 10038 10039 10062
3 10062 10039 10063
3 10039 10040 10063
3 10063 10040 10064
3 10040 10041 10064
3 10064 10041 10065
3 10041 10042 10065
3 10065 10042 10066
3 10042 10043 10066
3 10066 10043 10067
3 10043 10044 10067
3 10067 10044 10068
3 10044 10045 10068
3 10068 10045 10069
3 10045 10046 10069
3 10069 10046 10070
3 10046 10047 10070
3 10070 10047 10071
3 10047 10048 10071
3 10071 10048 10072
3 10048 10049 10072
3 10072 10049 10073
3 10049 10050 10073
3 10052 10074 10075
3 10052 10053 10074
3 10053 10076 10074
3 10053 10054 10076
3 10054 10077 10076
3 10054 10055 10077
3 10055 10056 10077
3 10077 10056 10078
3 10056 10057 10078
3 10078 10057 10079
3 10057 10058 10079
3 10079 10058 10080
3 10058 10059 10080
3 10080 10059 10081
3 10059 10060 10081
3 10081 10060 10082
3 10060 10061 10082
3 10082 10061 10083
3 10061 10062 10083
3 10083 10062 10084
3 10062 10063 10084
3 10084 10063 10085
3 10063 10064 10085
3 10085 10064 10086
3 10064 10065 10086
3 10086 10065 10087
3 10065 10066 10087
3 10087 10066 10088
3 10066 10067 10088
3 10088 10067 10089
3 10067 10068 10089
3 10089 10068 10090
3 10068 10069 10090
3 10090 10069 10091
3 10069 10070 10091
3 10091 10070 10092
3 10070 10093 10092
3 10070 10071 10093
3 10071 10072 10093
3 10093 10072 10094
3 10072 10073 10094
3 10075 10074 10095
3 10074 10096 10095
3 10074 10076 10096
3 10076 10097 10096
3 10076 10077 10097
3 10077 10078 10097
3 10097 10078 10098
3 10078 10079 10098
3 10098 10079 10099
3 10079 10080 10099
3 10099 10080 10100
3 10080 10081 10100
3 10100 10081 10101
3 10081 10082 10101
3 10101 10082 10102
3 10082 10083 10102
3 10102 10083 10103
3 10083 10084 10103
3 10103 10084 10104
3 10084 10085 10104
3 10104 10085 10105
3 10085 10086 10105
3 10105 10086 10106
3 10086 10087 10106
3 10106 10087 10107
3 10087 10088 10107
3 10107 10088 10108
3 10088 10089 10108
3 10108 10089 10109
3 10089 10090 10109
3 10109 10090 10110
3 10090 10091 10110
3 10110 10091 10111
3 10091 10092 10111
3 10111 10092 10112
3 10092 10113 10112
3 10092 10093 10113
3 10093 10094 10113
3 10095 10114 10115
3 10095 10096 10114
3 10096 10116 10114
3 10096 10097 10116
3 10097 10098 10116
3 10116 10098 10117
3 10098 10099 10117
3 10117 10099 10118
3 10099 10100 10118
3 10118 10100 10119
3 10100 10101 10119
3 10119 10101 10120
3 10101 10102 10120
3 10120 10102 10121
3 10102 10103 10121
3 10121 10103 10122
3 10103 10104 10122
3 10122 10104 10123
3 10104 10105 10123
3 10123 10105 10124
3 10105 10106 10124
3 10124 10106 10125
3 10106 10107 10125
3 10125 10107 10126
3 10107 10108 10126
3 10126 10108 10127
3 10108 10109 10127
3 10127 10109 10128
3 10109 10110 10128
3 10128 10110 10129
3 10110 10111 10129
3 10129 10111 10130
3 10111 10112 10130
3 10115 10131 10132
3 10115 10114 10131
3 10114 10116 10131
3 10131 10116 10133
3 10116 10117 10133
3 10133 10117 10134
3 10117 10118 10134
3 10134 10118 10135
3 10118 10119 10135
3 10135 10119 10136
3 10119 10120 10136
3 10136 10120 10137
3 10120 10121 10137
3 10137 10121 10138
3 10121 10122 10138
3 10138 10122 10139
3 10122 10123 10139
3 10139 10123 10140
3 10123 10124 10140
3 10140 10124 10141
3 10124 10125 10141
3 10141 10125 10142
3 10125 10126 10142
3 10142 10126 10143
3 10126 10127 10143
3 10143 10127 10144
3 10127 10128 10144
3 10144 10128 10145
3 10128 10129 10145
3 10145 10129 10146
3 10129 10130 10146
3 10132 10147 10148
3 10132 10131 10147
3 10131 10133 10147
3 10147 10133 10149
3 10133 10134 10149
3 10149 10134 10150
3 10134 10135 10150
3 10150 10135 10151
3 10135 10136 10151
3 10151 10136 10152
3 10136 10137 10152
3 10152 10137 10153
3 10137 10138 10153
3 10153 10138 10154
3 10138 10139 10154
3 10154 10139 10155
3 10139 10140 10155
3 10155 10140 10156
3 10140 10141 10156
3 10156 10141 10157
3 10141 10142 10157
3 10157 10142 10158
3 10142 10143 10158
3 10158 10143 10159
3 10143 10144 10159
3 10159 10144 10160
3 10144 10145 10160
3 10160 10145 10161
3 10145 10146 10161
3 10161 10146 10162
3 10148 10163 10164
3 10148 10147 10163
3 10147 10149 10163
3 10163 10149 10165
3 10149 10150 10165
3 10165 10150 10166
3 10150 10151 10166
3 10166 10151 10167
3 10151 10152 10167
3 10167 10152 10168
3 10152 10153 10168
3 10168 10153 10169
3 10153 10154 10169
3 10169 10154 10170
3 10154 10155 10170
3 10170 10155 10171
3 10155 10156 10171
3 10171 10156 10172
3 10156 10157 10172
3 10172 10157 10173
3 10157 10158 10173
3 10173 10158 10174
3 10158 10159 10174
3 10174 10159 10175
3 10159 10160 10175
3 10175 10160 10176
3 10160 10161 10176
3 10176 10161 10177
3 10164 10163 10178
3 10163 10165 10178
3 10178 10165 10179
3 10165 10166 10179
3 10179 10166 10180
3 10166 10167 10180
3 10180 10167 10181
3 10167 10168 10181
3 10181 10168 10182
3 10168 10169 10182
3 10182 10169 10183
3 10169 10170 10183
3 10183 10170 10184
3 10170 10171 10184
3 10184 10171 10185
3 10171 10172 10185
3 10185 10172 10186
3 10172 10173 10186
3 10186 10173 10187
3 10173 10174 10187
3 10187 10174 10188
3 10174 10175 10188
3 10188 10175 10189
3 10175 10176 10189
3 10189 10176 10190
3 10176 10177 10190
3 10178 10179 10191
3 10191 10179 10192
3 10179 10180 10192
3 10192 10180 10193
3 10180 10181 10193
3 10193 10181 10194
3 10181 10182 10194
3 10194 10182 10195
3 10182 10183 10195
3 10195 10183 10196
3 10183 10184 10196
3 10196 10184 10197
3 10184 10185 10197
3 10197 10185 10198
3 10185 10186 10198
3 10198 10186 10199
3 10186 10187 10199
3 10199 10187 10200
3 10187 10188 10200
3 10200 10188 10201
3 10188 10189 10201
3 10201 10189 10202
3 10189 10190 10202
3 10202 10190 10203
3 10191 10192 10204
3 10204 10192 10205
3 10192 10193 10205
3 10205 10193 10206
3 10193 10194 10206
3 10206 10194 10207
3 10194 10195 10207
3 10207 10195 10208
3 10195 10196 10208
3 10208 10196 10209
3 10196 10197 10209
3 10209 10197 10210
3 10197 10198 10210
3 10210 10198 10211
3 10198 10199 10211
3 10211 10199 10212
3 10199 10200 10212
3 10212 10200 10213
3 10200 10201 10213
3 10213 10201 10214
3 10201 10202 10214
3 10214 10202 10215
3 10202 10203 10215
3 10204 10205 10216
3 10216 10205 10217
3 10205 10206 10217
3 10217 10206 10218
3 10206 10207 10218
3 10218 10207 10219
3 10207 10208 10219
3 10219 10208 10220
3 10208 10209 10220
3 10220 10209 10221
3 10209 10210 10221
3 10221 10210 10222
3 10210 10211 10222
3 10222 10211 10223
3 10211 10212 10223
3 10223 10212 10224
3 10212 10213 10224
3 10224 10213 10225
3 10213 10214 10225
3 10225 10214 10226
3 10214 10215 10226
3 10226 10215 10227
3 10217 10218 10228
3 10228 10218 10229
3 10218 10219 10229
3 10229 10219 10230
3 10219 10220 10230
3 10230 10220 10231
3 10220 10221 10231
3 10231 10221 10232
3 10221 10222 10232
3 10232 10222 10233
3 10222 10223 10233
3 10233 10223 10234
3 10223 10224 10234
3 10234 10224 10235
3 10224 10225 10235
3 10235 10225 10236
3 10225 10226 10236
3 10236 10226 10237
3 10228 10229 10238
3 10238 10229 10239
3 10229 10230 10239
3 10239 10230 10240
3 10230 10231 10240
3 10240 10231 10241
3 10231 10232 10241
3 10241 10232 10242
3 10232 10233 10242
3 10242 10233 10243
3 10233 10234 10243
3 10243 10234 10244
3 10234 10235 10244
3 10244 10235 10245
3 10235 10236 10245
3 10245 10236 10246
3 10239 10240 10247
3 10247 10240 10248
3 10240 10241 10248
3 10248 10241 10249
3 10241 10242 10249
3 10249 10242 10250
3 10242 10243 10250
3 10250 10243 10251
3 10243 10244 10251
3 10251 10244 10252
3 10244 10245 10252
3 10252 10245 10253
3 10245 10246 10253
3 10247 10248 10254
3 10254 10248 10255
3 10248 10249 10255
3 10255 10249 10256
3 10249 10250 10256
3 10256 10250 10257
3 10250 10251 10257
3 10257 10251 10258
3 10251 10252 10258
3 10258 10252 10259
3 10252 10253 10259
3 10260 10255 10261
3 10255 10256 10261
3 10261 10256 10262
3 10256 10257 10262
3 10262 10257 10263
3 10257 10258 10263
3 10263 10258 10264
3 10258 10259 10264
3 10261 10262 10265
3 10265 10262 10266
3 10262 10263 10266
3 10266 10263 10267
3 10263 10264 10267
3 10267 10264 10268
3 10264 10269 10268
3 10265 10266 10270
3 10270 10266 10271
3 10266 10267 10271
3 10271 10267 10272
3 10267 10268 10272
3 10273 10271 10274
3 10271 10272 10274
CELL_DATA 20076
SCALARS brightness_temperature float
LOOKUP_TABLE default
POINT_DATA 10275
CELL_DATA 20076
SCALARS emission_angle float
LOOKUP_TABLE default
POINT_DATA 10275
CELL_DATA 20076
SCALARS incidence_angle float
LOOKUP_TABLE default
POINT_DATA 10275
CELL_DATA 20076
SCALARS phase_angle float
LOOKUP_TABLE default
POINT_DATA 10275
CELL_DATA 20076
SCALARS local_solar_time float
LOOKUP_TABLE default
POINT_DATA 10275
CELL_DATA 20076
SCALARS local_solar_time_normal_vector float
LOOKUP_TABLE default
CELL_DATA 20076
SCALARS pixel_x float
LOOKUP_TABLE default
POINT_DATA 10275
CELL_DATA 20076
SCALARS pixel_y float
LOOKUP_TABLE default
POINT_DATA 10275
CELL_DATA 20076
SCALARS longitude float
LOOKUP_TABLE default
POINT_DATA 10275
CELL_DATA 20076
SCALARS latitude float
LOOKUP_TABLE default
