# vtk DataFile Version 3.0
SHAPE_sfm_50k_v20200323
ASCII
DATASET POLYDATA
POINTS 6485 float
0.35469 -0.33503 -0.06725
0.35382 -0.33417 -0.06943
0.35631 -0.33223 -0.06904
0.35923 -0.33484 -0.06265
0.36078 -0.33227 -0.064
0.36214 -0.33348 -0.06226
0.35813 -0.33392 -0.0647
0.35978 -0.33136 -0.06611
0.35719 -0.33307 -0.06686
0.35893 -0.33056 -0.06832
0.35796 -0.32955 -0.07036
0.36543 -0.33619 -0.05616
0.36684 -0.33359 -0.0571
0.36781 -0.33432 -0.05494
0.3644 -0.33538 -0.05827
0.36572 -0.33271 -0.05914
0.36337 -0.33456 -0.06038
0.36454 -0.3317 -0.06108
0.36341 -0.3307 -0.06306
0.36242 -0.32981 -0.06519
0.36145 -0.3289 -0.06729
0.36046 -0.32788 -0.06932
0.3594 -0.32696 -0.07137
0.34514 -0.31059 0.11503
0.34435 -0.31344 0.11347
0.34604 -0.31143 0.11284
0.3453 -0.3144 0.11137
0.34705 -0.31245 0.1108
0.37024 -0.33688 -0.04834
0.37156 -0.33402 -0.05005
0.37244 -0.33493 -0.04788
0.36941 -0.33602 -0.05054
0.37074 -0.33305 -0.05221
0.36859 -0.33504 -0.05268
0.36979 -0.3322 -0.05436
0.36876 -0.33143 -0.05651
0.3676 -0.33053 -0.05855
0.36653 -0.32959 -0.0606
0.36545 -0.32865 -0.06267
0.36449 -0.3278 -0.06483
0.36354 -0.3269 -0.06695
0.36249 -0.32583 -0.06896
0.36138 -0.32486 -0.07099
0.34785 -0.30946 0.11286
0.34885 -0.31046 0.11078
0.34824 -0.31349 0.10884
0.35003 -0.31147 0.10879
0.34937 -0.3144 0.10678
0.35117 -0.31238 0.10673
0.3503 -0.3152 0.10461
0.35227 -0.31335 0.10468
0.35326 -0.31442 0.10262
0.35123 -0.31623 0.10253
0.35437 -0.31552 0.10064
0.37784 -0.33598 -0.04154
0.37433 -0.33672 -0.04361
0.37657 -0.33471 -0.04339
0.37543 -0.33368 -0.04538
0.37339 -0.33584 -0.04576
0.37434 -0.33267 -0.04742
0.37339 -0.33172 -0.04955
0.3724 -0.33066 -0.05162
0.37142 -0.32981 -0.05378
0.37041 -0.32906 -0.05596
0.36941 -0.32825 -0.05813
0.36834 -0.32733 -0.06022
0.36731 -0.32644 -0.06235
0.36635 -0.32559 -0.06452
0.36541 -0.32469 -0.06667
0.36433 -0.32359 -0.06865
0.36312 -0.32255 -0.07061
0.35045 -0.30832 0.11103
0.3495 -0.30738 0.11319
0.3517 -0.30938 0.1091
0.35295 -0.31039 0.10715
0.35423 -0.31156 0.10529
0.35516 -0.31253 0.10311
0.35608 -0.3134 0.10092
0.3571 -0.31437 0.09881
0.35553 -0.31661 0.09868
0.358 -0.31521 0.09659
0.35658 -0.31758 0.09658
0.35886 -0.31603 0.09435
0.35742 -0.31838 0.09432
0.35968 -0.31666 0.09203
0.35822 -0.31901 0.09201
0.36067 -0.31741 0.08982
0.359 -0.3196 0.08969
0.36175 -0.3183 0.08771
0.36005 -0.3205 0.08759
0.36282 -0.31944 0.08571
0.38273 -0.33652 -0.03229
0.38014 -0.33799 -0.03455
0.38197 -0.33555 -0.0345
0.37942 -0.33725 -0.03686
0.38119 -0.33475 -0.03674
0.38067 -0.33426 -0.03917
0.37862 -0.33663 -0.03917
0.37987 -0.33356 -0.04156
0.3786 -0.33242 -0.04353
0.37704 -0.33116 -0.04513
0.37566 -0.33005 -0.04693
0.37462 -0.32907 -0.04903
0.37358 -0.32802 -0.05109
0.37263 -0.32718 -0.05329
0.37168 -0.32645 -0.05553
0.37069 -0.32565 -0.05772
0.36964 -0.32477 -0.05986
0.36883 -0.32399 -0.06213
0.3679 -0.32316 -0.06434
0.36719 -0.32239 -0.06666
0.36625 -0.3214 -0.06879
0.36484 -0.3202 -0.07057
0.36379 -0.31934 -0.07275
0.35224 -0.30639 0.11161
0.35117 -0.30534 0.11366
0.35341 -0.30737 0.10959
0.35466 -0.30834 0.1076
0.35595 -0.30949 0.10574
0.35699 -0.31058 0.10368
0.35797 -0.3115 0.10152
0.35885 -0.3123 0.09926
0.35956 -0.31298 0.09692
0.36042 -0.31379 0.09468
0.36138 -0.31454 0.09246
0.36242 -0.31532 0.09028
0.36349 -0.3162 0.08815
0.36448 -0.31723 0.08606
0.36562 -0.31834 0.08408
0.36387 -0.32048 0.08364
0.36686 -0.31954 0.08222
0.36485 -0.32136 0.08145
0.36802 -0.32055 0.08019
0.36624 -0.32267 0.07975
0.36929 -0.32182 0.07839
0.36776 -0.32422 0.07837
0.37052 -0.32287 0.07644
0.38652 -0.33685 -0.02611
0.3844 -0.33842 -0.0279
0.38587 -0.33575 -0.0283
0.3836 -0.33745 -0.03011
0.38518 -0.33486 -0.03057
0.38436 -0.33396 -0.03281
0.38343 -0.3329 -0.03494
0.38229 -0.33192 -0.03698
0.38133 -0.33123 -0.03921
0.38058 -0.33049 -0.04154
0.37941 -0.32945 -0.04361
0.37778 -0.32828 -0.04523
0.37644 -0.32719 -0.0471
0.37542 -0.32623 -0.04921
0.37441 -0.3252 -0.0513
0.3733 -0.32433 -0.05341
0.37222 -0.32357 -0.05558
0.37134 -0.32281 -0.05784
0.37036 -0.32197 -0.06004
0.36964 -0.32122 -0.06236
0.36896 -0.32049 -0.0647
0.36823 -0.31972 -0.06699
0.3673 -0.31872 -0.06912
0.36632 -0.31782 -0.07127
0.35503 -0.30535 0.11037
0.3538 -0.30433 0.11234
0.35623 -0.30626 0.10833
0.3574 -0.30727 0.10632
0.35845 -0.30835 0.10428
0.35951 -0.3093 0.10216
0.36034 -0.31006 0.09987
0.36104 -0.31074 0.09755
0.3621 -0.31173 0.09548
0.36312 -0.31252 0.09329
0.36407 -0.31323 0.09104
0.36504 -0.314 0.08884
0.36598 -0.31497 0.08669
0.36719 -0.31614 0.08479
0.36849 -0.31741 0.08302
0.3697 -0.31848 0.08106
0.37072 -0.31947 0.07896
0.37185 -0.32045 0.07691
0.37298 -0.32133 0.07482
0.37154 -0.32367 0.07425
0.37387 -0.32207 0.07256
0.37241 -0.32439 0.07198
0.37463 -0.32293 0.07031
0.3735 -0.3255 0.06998
0.37539 -0.3237 0.06801
0.37475 -0.32656 0.06798
0.37643 -0.3244 0.0658
0.37538 -0.32704 0.06554
0.37752 -0.32506 0.06361
0.37624 -0.3276 0.06322
0.37844 -0.32573 0.06135
0.37689 -0.32809 0.06081
0.3795 -0.3265 0.05917
0.37771 -0.32865 0.05847
0.38053 -0.32723 0.05698
0.39108 -0.34147 -0.02216
0.3895 -0.33681 -0.02292
0.39138 -0.33833 -0.02189
0.3893 -0.3399 -0.02326
0.38757 -0.33829 -0.02426
0.38834 -0.33529 -0.02463
0.38771 -0.33406 -0.02677
0.38701 -0.33296 -0.02894
0.3862 -0.332 -0.03114
0.38515 -0.331 -0.03322
0.38415 -0.32993 -0.0353
0.3829 -0.32895 -0.03727
0.3816 -0.32819 -0.03931
0.3804 -0.32741 -0.04139
0.37935 -0.32639 -0.04346
0.37829 -0.32534 -0.0455
0.3772 -0.32434 -0.04756
0.37615 -0.32338 -0.04966
0.37504 -0.32233 -0.05168
0.37382 -0.32143 -0.05371
0.37267 -0.32066 -0.05584
0.3717 -0.31988 -0.05807
0.37084 -0.31908 -0.06033
0.37028 -0.31838 -0.06273
0.36981 -0.31773 -0.06512
0.3692 -0.31701 -0.06746
0.36835 -0.31606 -0.06964
0.36741 -0.31518 -0.07181
0.3564 -0.30316 0.11121
0.35755 -0.30402 0.1091
0.35872 -0.30502 0.1071
0.35976 -0.30607 0.10502
0.3606 -0.30685 0.10275
0.36146 -0.30762 0.1005
0.36233 -0.30841 0.09826
0.36317 -0.30922 0.09601
0.36427 -0.31008 0.0939
0.36531 -0.31086 0.09173
0.36634 -0.31167 0.08957
0.36742 -0.31275 0.08755
0.36879 -0.31413 0.08592
0.37011 -0.31543 0.08418
0.3713 -0.31644 0.08216
0.37217 -0.31726 0.07991
0.37292 -0.31793 0.07757
0.37404 -0.3188 0.07546
0.37503 -0.31961 0.07328
0.37567 -0.32038 0.07095
0.37651 -0.32117 0.06868
0.37757 -0.32186 0.06648
0.3787 -0.32255 0.06433
0.37969 -0.32326 0.06211
0.38084 -0.32408 0.06
0.38199 -0.32491 0.0579
0.38304 -0.32577 0.05577
0.38156 -0.32811 0.05484
0.38382 -0.3266 0.0535
0.38217 -0.32878 0.05247
0.38436 -0.32726 0.0511
0.38276 -0.32949 0.05009
0.38493 -0.32806 0.04875
0.38358 -0.33054 0.0479
0.38579 -0.32903 0.04656
0.38467 -0.33168 0.0459
0.38681 -0.32977 0.04436
0.38578 -0.33246 0.04379
0.3879 -0.33026 0.04213
0.38677 -0.33291 0.04152
0.38899 -0.33082 0.03991
0.38757 -0.3333 0.03916
0.38988 -0.33145 0.03766
0.38824 -0.33377 0.03677
0.39041 -0.332 0.03528
0.38874 -0.33429 0.03435
0.39089 -0.33244 0.03283
0.38924 -0.33474 0.03191
0.39136 -0.33285 0.03038
0.38968 -0.33513 0.02944
0.3919 -0.33329 0.02794
0.39129 -0.33636 0.02212
0.3935 -0.33433 0.02058
0.39306 -0.33413 0.02308
0.39173 -0.33658 0.01965
0.3937 -0.3345 0.01807
0.39202 -0.33682 0.01715
0.39389 -0.33485 0.01557
0.3924 -0.33733 0.01469
0.39408 -0.33523 0.01307
0.39269 -0.33778 0.01221
0.39436 -0.3356 0.01057
0.39305 -0.33821 0.00974
0.3949 -0.3361 0.00815
0.39449 -0.34184 -0.01577
0.39383 -0.34092 -0.01809
0.39354 -0.33782 -0.01753
0.39229 -0.33663 -0.01943
0.39291 -0.33968 -0.02024
0.3909 -0.33526 -0.02109
0.39022 -0.33379 -0.02307
0.38954 -0.33246 -0.02513
0.38878 -0.33119 -0.02717
0.38814 -0.33011 -0.02937
0.38729 -0.32915 -0.03156
0.38613 -0.32812 -0.03358
0.38507 -0.32705 -0.03562
0.38367 -0.32602 -0.03747
0.38215 -0.3252 -0.03934
0.38088 -0.32441 -0.04139
0.37996 -0.32344 -0.04355
0.37903 -0.32243 -0.04568
0.37806 -0.32149 -0.04781
0.37695 -0.32052 -0.04986
0.37577 -0.31946 -0.05184
0.37445 -0.31853 -0.0538
0.37336 -0.31778 -0.05599
0.37239 -0.317 -0.05822
0.37168 -0.31625 -0.06057
0.37125 -0.31561 -0.063
0.3708 -0.315 -0.0654
0.37018 -0.31428 -0.06773
0.36933 -0.31333 -0.06991
0.36833 -0.31243 -0.07205
0.35891 -0.30176 0.10979
0.35742 -0.30067 0.11155
0.36016 -0.30282 0.10784
0.36099 -0.3037 0.10559
0.36181 -0.30446 0.10331
0.3626 -0.30517 0.10101
0.3635 -0.30598 0.09879
0.36447 -0.30687 0.09663
0.36559 -0.30774 0.09453
0.36668 -0.30855 0.09238
0.36766 -0.3093 0.09017
0.36877 -0.3104 0.08817
0.37023 -0.31183 0.08666
0.3718 -0.3133 0.08517
0.37286 -0.31419 0.08296
0.37365 -0.31498 0.08065
0.37433 -0.31561 0.07828
0.37518 -0.3163 0.07599
0.37617 -0.3171 0.0738
0.3769 -0.31791 0.07151
0.3778 -0.31871 0.06928
0.3789 -0.31941 0.0671
0.38004 -0.3201 0.06495
0.38099 -0.32076 0.0627
0.38198 -0.32146 0.06046
0.38324 -0.32236 0.05844
0.38421 -0.32316 0.05625
0.385 -0.32398 0.05399
0.38586 -0.32486 0.05177
0.38654 -0.32574 0.04949
0.38713 -0.32649 0.04713
0.38813 -0.32721 0.04491
0.38939 -0.32782 0.04278
0.39088 -0.32874 0.04093
0.39225 -0.32989 0.039
0.3927 -0.33034 0.03642
0.39279 -0.33037 0.03385
0.39307 -0.3306 0.03135
0.39339 -0.33087 0.02885
0.3939 -0.33128 0.0264
0.39244 -0.33374 0.0255
0.39433 -0.33153 0.02391
0.39482 -0.33177 0.02144
0.39517 -0.33202 0.01896
0.39532 -0.33234 0.01645
0.39532 -0.3326 0.01392
0.39557 -0.33294 0.01142
0.39632 -0.33351 0.00904
0.39648 -0.33391 0.00653
0.39514 -0.33653 0.00566
0.39656 -0.3343 0.00403
0.39551 -0.33708 0.00321
0.39647 -0.33504 0.00161
0.39603 -0.33802 0.00093
0.3966 -0.33625 -0.00064
0.39694 -0.3393 -0.00113
0.39698 -0.33742 -0.00289
0.39718 -0.34044 -0.00345
0.39693 -0.3381 -0.00533
0.39653 -0.34112 -0.00843
0.39544 -0.33737 -0.01005
0.39621 -0.33808 -0.00777
0.39567 -0.34042 -0.0107
0.39467 -0.33651 -0.0123
0.3949 -0.33956 -0.01294
0.3939 -0.33571 -0.01457
0.39413 -0.33875 -0.01522
0.39306 -0.33482 -0.01679
0.39211 -0.33356 -0.01879
0.3917 -0.33223 -0.02094
0.39137 -0.33091 -0.02309
0.39073 -0.3296 -0.02516
0.39008 -0.32838 -0.02729
0.38945 -0.32732 -0.0295
0.38843 -0.32629 -0.03158
0.38729 -0.32529 -0.03361
0.38611 -0.32418 -0.03556
0.3847 -0.32316 -0.0374
0.38324 -0.32235 -0.03932
0.38207 -0.3216 -0.04145
0.38115 -0.32066 -0.04361
0.38018 -0.31966 -0.04573
0.37912 -0.31869 -0.04782
0.37801 -0.31773 -0.04987
0.37682 -0.31667 -0.05184
0.37551 -0.31574 -0.05381
0.37423 -0.31493 -0.0559
0.37329 -0.31415 -0.05819
0.37288 -0.31353 -0.06066
0.37241 -0.3129 -0.06307
0.37194 -0.31229 -0.06546
0.3713 -0.31157 -0.06779
0.37054 -0.31067 -0.07001
0.36952 -0.30974 -0.07214
0.3599 -0.29928 0.11027
0.36131 -0.30041 0.10847
0.3624 -0.30149 0.10639
0.36315 -0.3022 0.10404
0.36385 -0.30283 0.10169
0.36466 -0.30356 0.0994
0.36563 -0.30444 0.09723
0.36677 -0.30532 0.09514
0.36796 -0.3062 0.09308
0.36904 -0.30702 0.09094
0.37004 -0.30802 0.08883
0.37133 -0.30927 0.08703
0.37257 -0.3105 0.08519
0.37374 -0.31148 0.08316
0.37466 -0.31235 0.08096
0.37558 -0.31314 0.07873
0.37652 -0.31388 0.07649
0.3773 -0.31454 0.07417
0.37834 -0.31554 0.07207
0.37931 -0.31639 0.06989
0.38044 -0.31709 0.06773
0.38137 -0.3176 0.06542
0.38231 -0.31825 0.06315
0.38332 -0.31895 0.06092
0.38442 -0.31972 0.05877
0.38539 -0.32052 0.05658
0.38633 -0.32143 0.0544
0.38723 -0.32233 0.05221
0.38801 -0.32328 0.04999
0.38877 -0.32414 0.04772
0.38964 -0.32475 0.04543
0.39089 -0.32534 0.04331
0.39248 -0.32625 0.04154
0.39391 -0.32728 0.03954
0.39447 -0.32788 0.03698
0.39462 -0.32804 0.03439
0.39477 -0.32819 0.03186
0.39519 -0.32852 0.02938
0.39555 -0.32882 0.02689
0.39602 -0.32909 0.02441
0.39636 -0.32923 0.02189
0.39663 -0.32942 0.01938
0.39672 -0.32968 0.01686
0.39662 -0.32988 0.01433
0.39658 -0.3301 0.01179
0.3968 -0.33046 0.00928
0.39739 -0.331 0.00686
0.39756 -0.33142 0.00437
0.39753 -0.33216 0.00195
0.39731 -0.33326 -0.00033
0.39728 -0.33437 -0.00261
0.39714 -0.33505 -0.00503
0.39683 -0.33505 -0.00753
0.39625 -0.33436 -0.00987
0.39545 -0.3335 -0.01212
0.39461 -0.33268 -0.01436
0.39382 -0.33179 -0.01661
0.39341 -0.33069 -0.01887
0.39313 -0.32947 -0.02108
0.39277 -0.32815 -0.02322
0.39208 -0.32682 -0.02527
0.39154 -0.32566 -0.02747
0.3908 -0.32455 -0.02963
0.38978 -0.32353 -0.03171
0.38869 -0.32258 -0.0338
0.38746 -0.32146 -0.03572
0.38606 -0.32044 -0.03757
0.38469 -0.31968 -0.03957
0.38352 -0.31895 -0.0417
0.38256 -0.31801 -0.04385
0.38148 -0.31695 -0.04589
0.38043 -0.316 -0.04799
0.37928 -0.31502 -0.05002
0.37804 -0.31394 -0.05195
0.37674 -0.31303 -0.05394
0.37546 -0.3122 -0.05603
0.37469 -0.3115 -0.05842
0.37435 -0.31097 -0.0609
0.37388 -0.31035 -0.06331
0.37333 -0.30972 -0.06569
0.3726 -0.30896 -0.06798
0.37179 -0.30803 -0.07019
0.37089 -0.30712 -0.07244
0.36226 -0.29786 0.10864
0.3609 -0.29677 0.11049
0.36353 -0.29902 0.10674
0.36459 -0.29992 0.10459
0.36535 -0.3006 0.10224
0.36607 -0.30126 0.0999
0.36692 -0.30205 0.09764
0.36802 -0.30289 0.09551
0.36936 -0.30387 0.09357
0.37037 -0.30463 0.09136
0.37138 -0.30562 0.08925
0.37251 -0.30675 0.08728
0.37368 -0.30793 0.08536
0.37482 -0.3089 0.08331
0.37589 -0.30984 0.0812
0.377 -0.31074 0.07909
0.37798 -0.31152 0.07688
0.37875 -0.31216 0.07454
0.37978 -0.31314 0.07243
0.38082 -0.31402 0.07029
0.38185 -0.31463 0.06805
0.38277 -0.31512 0.06574
0.38365 -0.31573 0.06343
0.38476 -0.31647 0.06126
0.38594 -0.31729 0.05916
0.38696 -0.31811 0.05699
0.38774 -0.31891 0.05471
0.38858 -0.31976 0.05248
0.38932 -0.32068 0.05023
0.39002 -0.32151 0.04793
0.39089 -0.32212 0.04563
0.39195 -0.3226 0.04337
0.39349 -0.32346 0.04152
0.39442 -0.32426 0.03925
0.39517 -0.32492 0.03689
0.39582 -0.32529 0.03445
0.39635 -0.32564 0.03197
0.39652 -0.32583 0.02943
0.39684 -0.3261 0.02693
0.39716 -0.3263 0.02442
0.39751 -0.32645 0.02191
0.39792 -0.32669 0.01942
0.39793 -0.3269 0.01688
0.39776 -0.32706 0.01435
0.39768 -0.32725 0.01181
0.39786 -0.32758 0.0093
0.39823 -0.32805 0.00683
0.3985 -0.32849 0.00434
0.39859 -0.32926 0.00194
0.39829 -0.33033 -0.00035
0.39822 -0.33143 -0.00264
0.3984 -0.33222 -0.00505
0.3982 -0.33226 -0.00762
0.39754 -0.33154 -0.00999
0.39688 -0.33076 -0.01231
0.39601 -0.32991 -0.01455
0.39527 -0.32904 -0.01682
0.39496 -0.32802 -0.01912
0.39469 -0.3268 -0.02134
0.39421 -0.32541 -0.02343
0.3935 -0.32407 -0.02547
0.39285 -0.32285 -0.0276
0.39217 -0.32179 -0.0298
0.39126 -0.32084 -0.03197
0.39012 -0.31988 -0.03404
0.38887 -0.31877 -0.03595
0.38738 -0.3177 -0.03773
0.38614 -0.31703 -0.03985
0.38493 -0.31629 -0.04195
0.38393 -0.31533 -0.04407
0.3829 -0.31432 -0.04617
0.38192 -0.31342 -0.04832
0.38076 -0.31245 -0.05035
0.3795 -0.31135 -0.05227
0.37824 -0.31047 -0.05431
0.37698 -0.30963 -0.05641
0.37631 -0.30904 -0.05885
0.37588 -0.30849 -0.0613
0.37534 -0.30785 -0.06368
0.37469 -0.30716 -0.06602
0.37391 -0.30637 -0.0683
0.37314 -0.30546 -0.07057
0.37268 -0.30489 -0.07304
0.36336 -0.29544 0.10912
0.36445 -0.29647 0.10706
0.36557 -0.29739 0.10497
0.36666 -0.29827 0.10284
0.36756 -0.29905 0.10059
0.36839 -0.29982 0.09831
0.36946 -0.30064 0.09615
0.37063 -0.30146 0.09405
0.37162 -0.3022 0.09182
0.37255 -0.30312 0.08965
0.37345 -0.30412 0.08748
0.37447 -0.30524 0.08544
0.37572 -0.30625 0.08346
0.37695 -0.30726 0.08148
0.37796 -0.3081 0.07929
0.379 -0.3089 0.07711
0.38035 -0.30993 0.07519
0.38128 -0.31082 0.073
0.38222 -0.3116 0.07077
0.38317 -0.31214 0.06847
0.38405 -0.31259 0.06613
0.38499 -0.31321 0.06384
0.38613 -0.31397 0.06169
0.38738 -0.31483 0.05965
0.38841 -0.31564 0.05747
0.38917 -0.31641 0.05517
0.38984 -0.31716 0.05283
0.39055 -0.31806 0.05056
0.39135 -0.31894 0.0483
0.39207 -0.31945 0.04592
0.393 -0.31986 0.04359
0.39435 -0.32064 0.04156
0.39554 -0.32155 0.03949
0.39635 -0.32222 0.03714
0.39696 -0.32254 0.03468
0.39737 -0.32282 0.03217
0.39764 -0.32306 0.02965
0.39787 -0.3233 0.02713
0.39806 -0.32344 0.02459
0.39846 -0.32361 0.02208
0.39898 -0.32387 0.0196
0.39911 -0.32412 0.01706
0.39886 -0.32423 0.01452
0.39876 -0.3244 0.01198
0.39912 -0.32479 0.00948
0.39935 -0.32519 0.00698
0.39956 -0.32559 0.00448
0.39974 -0.32641 0.00208
0.39954 -0.32751 -0.00021
0.39945 -0.3286 -0.0025
0.39958 -0.32937 -0.00492
0.39939 -0.32941 -0.00749
0.39898 -0.3288 -0.00993
0.39846 -0.32811 -0.01232
0.39774 -0.32735 -0.01465
0.3971 -0.32654 -0.01698
0.39671 -0.32546 -0.01925
0.39627 -0.32414 -0.02138
0.39569 -0.32268 -0.0234
0.39515 -0.32145 -0.02556
0.39446 -0.3202 -0.02767
0.39379 -0.31915 -0.02989
0.39274 -0.31815 -0.03198
0.39148 -0.31713 -0.03394
0.39029 -0.31607 -0.03592
0.38897 -0.31511 -0.03787
0.38774 -0.31446 -0.04001
0.38644 -0.31366 -0.04204
0.38543 -0.31271 -0.04418
0.38455 -0.31182 -0.04639
0.38355 -0.31093 -0.04856
0.38246 -0.31001 -0.05065
0.38127 -0.30898 -0.05265
0.37993 -0.30802 -0.05461
0.37886 -0.30735 -0.05687
0.37807 -0.30669 -0.05921
0.37743 -0.30601 -0.06157
0.37676 -0.30531 -0.06392
0.37602 -0.30457 -0.06624
0.37534 -0.30385 -0.06858
0.37467 -0.30301 -0.07089
0.37424 -0.30244 -0.07333
0.3658 -0.29416 0.10754
0.36464 -0.29309 0.10955
0.36693 -0.29508 0.10544
0.36809 -0.296 0.10337
0.36922 -0.29699 0.10129
0.37004 -0.29771 0.09897
0.37101 -0.29844 0.09673
0.3719 -0.29905 0.09442
0.37259 -0.29959 0.09201
0.37364 -0.30057 0.0899
0.3746 -0.3016 0.08776
0.37555 -0.30267 0.08565
0.37673 -0.30363 0.08361
0.37789 -0.30461 0.08155
0.37907 -0.30553 0.07949
0.38015 -0.30636 0.07732
0.38158 -0.30742 0.07548
0.38278 -0.30846 0.07346
0.38359 -0.30914 0.07112
0.38424 -0.3095 0.06867
0.38526 -0.31001 0.06638
0.38629 -0.31067 0.06414
0.38755 -0.31148 0.06208
0.38876 -0.3123 0.05998
0.3897 -0.31305 0.05773
0.39056 -0.31387 0.05547
0.3913 -0.31465 0.05316
0.39196 -0.31552 0.05085
0.39269 -0.31635 0.04855
0.39343 -0.31688 0.04617
0.39417 -0.31717 0.04372
0.39571 -0.31803 0.04181
0.39686 -0.31889 0.03965
0.39739 -0.31943 0.03718
0.39801 -0.31976 0.03472
0.39844 -0.32004 0.03221
0.39896 -0.32037 0.02973
0.39917 -0.3206 0.02718
0.39911 -0.32063 0.02462
0.39941 -0.32076 0.02209
0.39991 -0.321 0.01959
0.39994 -0.3212 0.01704
0.39998 -0.32141 0.0145
0.39985 -0.32155 0.01195
0.40021 -0.32193 0.00944
0.40073 -0.32245 0.00699
0.40094 -0.32284 0.00447
0.40102 -0.3236 0.00205
0.401 -0.32479 -0.00021
0.40089 -0.32588 -0.00251
0.40092 -0.32659 -0.00496
0.40084 -0.32667 -0.00755
0.4004 -0.32605 -0.00999
0.40008 -0.32547 -0.01246
0.3995 -0.3248 -0.01487
0.39883 -0.32397 -0.0172
0.39823 -0.32276 -0.01937
0.39772 -0.3214 -0.02147
0.3972 -0.31998 -0.02353
0.39676 -0.3188 -0.02576
0.39611 -0.31758 -0.02791
0.39519 -0.3164 -0.02997
0.3943 -0.3155 -0.0322
0.39308 -0.31454 -0.03423
0.39181 -0.31344 -0.03615
0.39056 -0.31254 -0.03819
0.38932 -0.31189 -0.04032
0.38816 -0.31119 -0.04248
0.38718 -0.31029 -0.04464
0.38619 -0.30934 -0.0468
0.38517 -0.30845 -0.04896
0.38412 -0.30758 -0.05111
0.38299 -0.30661 -0.05318
0.38181 -0.30583 -0.05532
0.38075 -0.30517 -0.05755
0.37982 -0.30439 -0.05979
0.37886 -0.30349 -0.06196
0.37792 -0.30264 -0.06418
0.37712 -0.30189 -0.0665
0.37607 -0.30103 -0.06868
0.37548 -0.30021 -0.07104
0.37481 -0.29956 -0.0734
0.36717 -0.29189 0.1081
0.36857 -0.29304 0.10629
0.3699 -0.29412 0.10434
0.37079 -0.29484 0.10201
0.37162 -0.29558 0.09969
0.37256 -0.29626 0.0974
0.37327 -0.29672 0.09498
0.37384 -0.29717 0.09252
0.37468 -0.29802 0.09024
0.3757 -0.29906 0.08813
0.37677 -0.30019 0.0861
0.37802 -0.30119 0.0841
0.37907 -0.30209 0.08194
0.38008 -0.30293 0.07974
0.3813 -0.30383 0.07767
0.38277 -0.3049 0.07585
0.3838 -0.30583 0.07368
0.38473 -0.30656 0.0714
0.38552 -0.30697 0.069
0.38629 -0.30734 0.06658
0.38708 -0.30789 0.06419
0.38829 -0.30867 0.06203
0.38957 -0.30952 0.06
0.39069 -0.31032 0.05784
0.39169 -0.31118 0.05565
0.3925 -0.312 0.05335
0.39326 -0.31292 0.05108
0.39396 -0.31373 0.04875
0.39472 -0.31426 0.04637
0.39554 -0.3146 0.04397
0.39667 -0.31524 0.04176
0.39767 -0.31604 0.03954
0.39835 -0.31664 0.03713
0.39916 -0.31703 0.03473
0.3998 -0.31739 0.03226
0.40007 -0.3176 0.02972
0.40022 -0.31779 0.02717
0.40021 -0.31784 0.02461
0.40037 -0.31791 0.02205
0.40079 -0.31812 0.01953
0.40104 -0.31838 0.01699
0.40118 -0.31862 0.01445
0.40132 -0.31887 0.01191
0.40172 -0.31927 0.00942
0.40205 -0.31968 0.00692
0.40244 -0.32015 0.00443
0.40263 -0.32097 0.00202
0.40258 -0.32214 -0.00027
0.40253 -0.32324 -0.00259
0.40229 -0.3238 -0.00509
0.40178 -0.32369 -0.00762
0.40181 -0.32329 -0.01013
0.40179 -0.32288 -0.01267
0.40134 -0.32232 -0.01518
0.40036 -0.32127 -0.01735
0.39964 -0.32 -0.01946
0.39911 -0.31863 -0.02155
0.3987 -0.31727 -0.02369
0.39821 -0.31607 -0.02591
0.39743 -0.31478 -0.02798
0.39655 -0.31363 -0.03009
0.39557 -0.31269 -0.03226
0.39447 -0.31181 -0.03439
0.3934 -0.31086 -0.03652
0.39209 -0.30994 -0.03852
0.39087 -0.30931 -0.04068
0.38978 -0.30867 -0.0429
0.38882 -0.30781 -0.0451
0.38785 -0.30689 -0.04729
0.38677 -0.30596 -0.04941
0.38568 -0.30509 -0.05156
0.38465 -0.30423 -0.05375
0.38354 -0.30352 -0.05594
0.38244 -0.30284 -0.05815
0.3813 -0.3019 -0.06023
0.38023 -0.30093 -0.06234
0.37908 -0.29996 -0.06442
0.37786 -0.29903 -0.06651
0.37701 -0.29825 -0.06883
0.37647 -0.29745 -0.07122
0.37572 -0.29678 -0.07355
0.36986 -0.29061 0.1065
0.36872 -0.28971 0.10863
0.37131 -0.29174 0.10468
0.37244 -0.29267 0.10253
0.3732 -0.29336 0.10016
0.37401 -0.29394 0.09778
0.37483 -0.29447 0.0954
0.37535 -0.29487 0.09292
0.37602 -0.2956 0.09055
0.37692 -0.29655 0.08833
0.37805 -0.29771 0.08634
0.37926 -0.29868 0.0843
0.38036 -0.29962 0.08218
0.38139 -0.30046 0.07998
0.38248 -0.30128 0.0778
0.38381 -0.30228 0.07584
0.38512 -0.30336 0.07391
0.38611 -0.3041 0.07164
0.38696 -0.30452 0.06925
0.38766 -0.30483 0.0668
0.3885 -0.30538 0.06443
0.38975 -0.30617 0.06232
0.39051 -0.30679 0.05994
0.39121 -0.30747 0.05757
0.39223 -0.30832 0.05536
0.3933 -0.30919 0.0532
0.39428 -0.31018 0.05104
0.39514 -0.31106 0.04878
0.3959 -0.31158 0.04639
0.39679 -0.31194 0.04402
0.39774 -0.31251 0.04171
0.39876 -0.31331 0.0395
0.39972 -0.31401 0.03723
0.4009 -0.31459 0.03497
0.40147 -0.3149 0.0324
0.40141 -0.31493 0.02979
0.4014 -0.31504 0.02722
0.40145 -0.31511 0.02466
0.40147 -0.3151 0.02209
0.40168 -0.31523 0.01954
0.40209 -0.31554 0.01702
0.40224 -0.31577 0.01447
0.40256 -0.31608 0.01194
0.40323 -0.31659 0.00951
0.40368 -0.31705 0.00702
0.40401 -0.31748 0.0045
0.40404 -0.31821 0.00204
0.40379 -0.31928 -0.00029
0.40354 -0.32029 -0.00263
0.40331 -0.32087 -0.00511
0.40317 -0.32091 -0.00766
0.4033 -0.32056 -0.01018
0.40351 -0.32026 -0.01276
0.40309 -0.31971 -0.01533
0.40207 -0.31868 -0.01752
0.40124 -0.31735 -0.01956
0.40072 -0.31598 -0.02167
0.4003 -0.31462 -0.0238
0.39968 -0.31334 -0.02594
0.39882 -0.31202 -0.02797
0.39803 -0.31091 -0.03015
0.39713 -0.31004 -0.03239
0.39602 -0.30918 -0.03454
0.39483 -0.30817 -0.03658
0.39375 -0.3074 -0.03877
0.39257 -0.30681 -0.04097
0.39139 -0.30612 -0.04313
0.39035 -0.30522 -0.04529
0.38942 -0.30435 -0.04752
0.38836 -0.30344 -0.04967
0.38717 -0.30253 -0.05176
0.38615 -0.30169 -0.05397
0.3851 -0.30104 -0.05621
0.38385 -0.30026 -0.0583
0.38253 -0.29922 -0.06023
0.38127 -0.29815 -0.06222
0.38033 -0.2973 -0.06448
0.37933 -0.29646 -0.06671
0.37843 -0.29564 -0.06899
0.37794 -0.29492 -0.07142
0.37705 -0.29418 -0.07369
0.37105 -0.28819 0.10694
0.37002 -0.28737 0.10915
0.37228 -0.28916 0.10491
0.3736 -0.29017 0.10293
0.37468 -0.29107 0.10073
0.37534 -0.29156 0.09826
0.37593 -0.29195 0.09578
0.37657 -0.29242 0.09333
0.37734 -0.29319 0.091
0.37824 -0.29413 0.08877
0.37934 -0.29525 0.08673
0.38049 -0.29618 0.08464
0.38166 -0.29716 0.08256
0.38288 -0.29814 0.08052
0.38392 -0.29891 0.0783
0.38515 -0.29983 0.07623
0.38639 -0.30086 0.07422
0.38742 -0.30161 0.07199
0.3886 -0.30224 0.06977
0.38929 -0.30251 0.06729
0.38976 -0.30281 0.06476
0.39107 -0.30357 0.0626
0.39152 -0.30407 0.06009
0.39208 -0.3047 0.05767
0.39293 -0.30549 0.05538
0.39418 -0.30641 0.05332
0.39532 -0.30744 0.05124
0.39631 -0.30835 0.049
0.39692 -0.30884 0.04655
0.39815 -0.30933 0.04435
0.39939 -0.30997 0.04213
0.39996 -0.31057 0.03969
0.40089 -0.31123 0.03743
0.4022 -0.31179 0.03521
0.40308 -0.3122 0.03262
0.40256 -0.31215 0.02995
0.40245 -0.31224 0.02739
0.40302 -0.31253 0.02488
0.40301 -0.31251 0.02229
0.40293 -0.31248 0.01972
0.4032 -0.31273 0.01717
0.40341 -0.31297 0.01463
0.40376 -0.31328 0.0121
0.40419 -0.31367 0.0096
0.40455 -0.31408 0.00709
0.40482 -0.31448 0.00455
0.40487 -0.31522 0.0021
0.40475 -0.31634 -0.00023
0.40448 -0.31735 -0.00258
0.40439 -0.31796 -0.00506
0.40436 -0.31804 -0.00762
0.40456 -0.31771 -0.01014
0.40473 -0.31738 -0.01271
0.40429 -0.31681 -0.01523
0.40355 -0.31595 -0.01756
0.40305 -0.31483 -0.01983
0.40244 -0.31341 -0.02189
0.40187 -0.31195 -0.02393
0.40113 -0.3106 -0.02601
0.40019 -0.30924 -0.02798
0.3995 -0.3082 -0.03023
0.39862 -0.30735 -0.03249
0.39761 -0.30658 -0.03472
0.39657 -0.30569 -0.03691
0.3953 -0.3048 -0.03897
0.39402 -0.30415 -0.0411
0.39273 -0.30341 -0.04319
0.39173 -0.30255 -0.04539
0.39082 -0.3017 -0.04764
0.38961 -0.30073 -0.04969
0.38846 -0.29983 -0.05183
0.3876 -0.2991 -0.05415
0.38652 -0.29845 -0.05637
0.38524 -0.29766 -0.05845
0.38392 -0.29661 -0.06041
0.38289 -0.29566 -0.06259
0.38195 -0.29484 -0.06484
0.381 -0.29406 -0.06711
0.38017 -0.29331 -0.06943
0.37961 -0.29255 -0.07184
0.37835 -0.29157 -0.07387
0.37695 -0.29094 -0.07596
0.37221 -0.28574 0.10729
0.37343 -0.28668 0.10522
0.37457 -0.28759 0.10311
0.37562 -0.28846 0.10091
0.37662 -0.28914 0.09862
0.37747 -0.2897 0.09624
0.37795 -0.29005 0.09372
0.3787 -0.29079 0.09136
0.37981 -0.29186 0.08928
0.38063 -0.29279 0.08702
0.38172 -0.29368 0.08487
0.3832 -0.29485 0.0831
0.3845 -0.29591 0.08113
0.38561 -0.29675 0.07895
0.38675 -0.29759 0.0768
0.38778 -0.29844 0.0746
0.38885 -0.2992 0.07238
0.38985 -0.29967 0.07005
0.39054 -0.29994 0.06758
0.39109 -0.30028 0.06509
0.39142 -0.30064 0.06255
0.39217 -0.30125 0.06016
0.39294 -0.30193 0.05781
0.39378 -0.30271 0.05551
0.39503 -0.30362 0.05344
0.396 -0.3046 0.05124
0.39669 -0.30542 0.04889
0.3976 -0.30598 0.04656
0.39891 -0.30642 0.04436
0.3998 -0.30694 0.04196
0.40033 -0.30759 0.03953
0.40105 -0.30823 0.03716
0.40242 -0.3087 0.03499
0.40326 -0.30908 0.03247
0.40315 -0.3092 0.02984
0.40342 -0.3094 0.02731
0.40434 -0.30977 0.02488
0.40456 -0.30987 0.02226
0.40441 -0.30984 0.01967
0.40484 -0.31008 0.01712
0.40455 -0.31014 0.01453
0.40469 -0.31037 0.01198
0.40505 -0.31073 0.00946
0.40547 -0.31115 0.00693
0.4053 -0.31143 0.00436
0.40522 -0.31215 0.0019
0.40518 -0.31327 -0.00042
0.40521 -0.31435 -0.00276
0.40523 -0.31498 -0.00524
0.40534 -0.31509 -0.0078
0.40586 -0.31489 -0.01031
0.40596 -0.31452 -0.01289
0.40554 -0.31399 -0.0154
0.40492 -0.31318 -0.01778
0.40433 -0.312 -0.01999
0.40387 -0.31067 -0.02215
0.40352 -0.30933 -0.02435
0.40279 -0.30797 -0.02646
0.40155 -0.30646 -0.02819
0.40074 -0.30537 -0.03036
0.39998 -0.30459 -0.03269
0.39927 -0.30401 -0.0351
0.39834 -0.30324 -0.03742
0.3971 -0.30238 -0.03956
0.39535 -0.30143 -0.04126
0.39388 -0.3006 -0.0432
0.39279 -0.29972 -0.04536
0.39188 -0.2989 -0.04763
0.39096 -0.29807 -0.04989
0.39026 -0.29745 -0.0523
0.38943 -0.29675 -0.05466
0.38789 -0.29584 -0.05658
0.38645 -0.29496 -0.05855
0.38536 -0.29402 -0.06072
0.38466 -0.29336 -0.06312
0.38388 -0.29272 -0.06549
0.38287 -0.29188 -0.0677
0.3819 -0.29101 -0.06993
0.38097 -0.28996 -0.07209
0.3799 -0.28911 -0.07426
0.37458 -0.28419 0.10528
0.37345 -0.28331 0.10742
0.37574 -0.2851 0.10317
0.37674 -0.28594 0.10094
0.37788 -0.28669 0.09874
0.37883 -0.28728 0.0964
0.37941 -0.2877 0.09391
0.38015 -0.28842 0.09155
0.38124 -0.28945 0.08944
0.3821 -0.2904 0.08721
0.38305 -0.2912 0.08493
0.38442 -0.29229 0.08303
0.38591 -0.29348 0.08128
0.38752 -0.29467 0.07958
0.38872 -0.29553 0.07739
0.38948 -0.2962 0.07499
0.39051 -0.29693 0.07272
0.39111 -0.29711 0.07019
0.39155 -0.29725 0.06766
0.39229 -0.29767 0.06521
0.39282 -0.29809 0.06272
0.39312 -0.29852 0.0602
0.39379 -0.29916 0.05781
0.39471 -0.29996 0.05555
0.39573 -0.30079 0.05334
0.39656 -0.30173 0.05108
0.39744 -0.3026 0.04881
0.3981 -0.3031 0.04636
0.3988 -0.30346 0.04391
0.3996 -0.30397 0.04152
0.40044 -0.30465 0.03918
0.4011 -0.30527 0.03676
0.40206 -0.30575 0.03441
0.40326 -0.30612 0.03211
0.40359 -0.30626 0.02953
0.40396 -0.30646 0.02699
0.40491 -0.30679 0.02457
0.40525 -0.30688 0.02196
0.40504 -0.30687 0.01937
0.40485 -0.30697 0.01679
0.40513 -0.30717 0.01423
0.40573 -0.30748 0.01173
0.40587 -0.30779 0.00917
0.40579 -0.30808 0.0066
0.40579 -0.30841 0.00404
0.40585 -0.30915 0.00158
0.40585 -0.31028 -0.00074
0.40589 -0.31135 -0.00308
0.40599 -0.31199 -0.00556
0.40633 -0.31216 -0.00809
0.40678 -0.31192 -0.01061
0.40709 -0.31163 -0.01316
0.40735 -0.31145 -0.01579
0.40689 -0.3108 -0.01837
0.40616 -0.30952 -0.02057
0.4054 -0.30799 -0.02253
0.40478 -0.30648 -0.02456
0.40352 -0.30491 -0.02624
0.40268 -0.30358 -0.02829
0.40178 -0.30245 -0.03042
0.40107 -0.30171 -0.03278
0.4003 -0.30109 -0.03516
0.39978 -0.30049 -0.03769
0.39847 -0.29964 -0.03982
0.39668 -0.29871 -0.0415
0.39517 -0.29786 -0.04341
0.39397 -0.29695 -0.04551
0.3929 -0.29607 -0.0477
0.39211 -0.29532 -0.05004
0.39115 -0.2946 -0.05232
0.39022 -0.29386 -0.05461
0.38886 -0.29305 -0.05665
0.38766 -0.29228 -0.05885
0.38724 -0.29181 -0.06139
0.38656 -0.29121 -0.06381
0.38565 -0.29047 -0.0661
0.38454 -0.28955 -0.06825
0.38355 -0.28866 -0.07046
0.38279 -0.28777 -0.07276
0.38174 -0.28694 -0.07496
0.37581 -0.28175 0.10545
0.37472 -0.2809 0.10763
0.37678 -0.28255 0.1032
0.3779 -0.28345 0.10105
0.37899 -0.28416 0.09882
0.37994 -0.28475 0.09649
0.38081 -0.28532 0.09414
0.38158 -0.28605 0.09178
0.38235 -0.28688 0.08947
0.38326 -0.28785 0.08725
0.38462 -0.2889 0.08533
0.38617 -0.29016 0.08369
0.38752 -0.29121 0.0817
0.38853 -0.29199 0.07943
0.38954 -0.29277 0.0772
0.39077 -0.29369 0.07515
0.39243 -0.29485 0.07334
0.39311 -0.29506 0.07066
0.39301 -0.2948 0.06803
0.39315 -0.29493 0.06545
0.39361 -0.29531 0.06294
0.39384 -0.29572 0.06041
0.39457 -0.29638 0.05803
0.39548 -0.29717 0.05576
0.39626 -0.29793 0.05342
0.39701 -0.29885 0.05113
0.39799 -0.29974 0.04889
0.39864 -0.30023 0.04644
0.39932 -0.30058 0.04398
0.40021 -0.30109 0.04161
0.40119 -0.3018 0.03932
0.40179 -0.30239 0.03688
0.40234 -0.30277 0.03438
0.40372 -0.30321 0.03221
0.40451 -0.30346 0.02973
0.40466 -0.30354 0.02714
0.4051 -0.30379 0.0246
0.40515 -0.30385 0.02202
0.405 -0.30385 0.01945
0.40511 -0.30397 0.01688
0.40546 -0.30416 0.01433
0.40583 -0.30441 0.01179
0.40628 -0.30476 0.00927
0.40654 -0.30511 0.00672
0.40655 -0.30543 0.00415
0.40659 -0.30616 0.00169
0.40644 -0.30726 -0.00065
0.40642 -0.30831 -0.00301
0.40665 -0.30898 -0.00548
0.4071 -0.30917 -0.00801
0.40748 -0.3089 -0.01052
0.40777 -0.30859 -0.01306
0.40817 -0.30837 -0.01562
0.40859 -0.30796 -0.01836
0.40751 -0.30665 -0.02049
0.40689 -0.30523 -0.02257
0.40616 -0.30369 -0.02455
0.40489 -0.30212 -0.02623
0.4039 -0.30074 -0.02817
0.40315 -0.29969 -0.03041
0.40243 -0.29896 -0.03277
0.40142 -0.29824 -0.03504
0.40039 -0.29746 -0.03728
0.39955 -0.29678 -0.03964
0.3982 -0.29609 -0.04174
0.39668 -0.29525 -0.04365
0.39548 -0.29434 -0.04574
0.39432 -0.29342 -0.04786
0.39322 -0.29253 -0.05002
0.39193 -0.2917 -0.05211
0.39091 -0.29095 -0.05437
0.38987 -0.29025 -0.05663
0.38913 -0.28973 -0.05908
0.38874 -0.28929 -0.0616
0.38805 -0.28869 -0.06401
0.38727 -0.28804 -0.06638
0.38638 -0.28733 -0.06869
0.38539 -0.28644 -0.07091
0.38454 -0.28547 -0.07314
0.38367 -0.28481 -0.07548
0.37692 -0.27925 0.10576
0.37594 -0.27849 0.10802
0.37784 -0.28003 0.10347
0.37896 -0.28092 0.10132
0.38012 -0.28167 0.09913
0.38117 -0.28231 0.09687
0.38217 -0.28294 0.09457
0.38307 -0.28376 0.09229
0.38378 -0.28453 0.08993
0.3844 -0.28529 0.08751
0.38593 -0.28645 0.08575
0.38764 -0.28774 0.08425
0.38917 -0.28885 0.08231
0.39002 -0.28955 0.07983
0.39046 -0.29011 0.07737
0.39187 -0.29109 0.07551
0.39371 -0.29222 0.07385
0.3948 -0.29264 0.07124
0.39469 -0.29243 0.06852
0.39416 -0.29228 0.06596
0.39422 -0.29253 0.0634
0.39464 -0.29299 0.06091
0.39525 -0.2936 0.05849
0.39618 -0.29439 0.05622
0.39704 -0.29518 0.05391
0.39774 -0.29608 0.05159
0.3984 -0.29688 0.04922
0.39919 -0.29739 0.04681
0.40006 -0.29777 0.04442
0.40121 -0.29835 0.04217
0.40189 -0.29896 0.03974
0.40241 -0.29953 0.03727
0.40311 -0.29991 0.03481
0.4045 -0.30042 0.03269
0.40618 -0.3011 0.0306
0.40646 -0.30117 0.02787
0.40643 -0.30118 0.02522
0.40575 -0.30098 0.02268
0.40561 -0.30097 0.02011
0.40572 -0.30107 0.01754
0.4058 -0.30121 0.01496
0.40603 -0.30143 0.01239
0.40656 -0.30178 0.00989
0.40693 -0.30213 0.00736
0.40728 -0.30252 0.00483
0.40733 -0.30325 0.00237
0.4072 -0.30434 1e-05
0.4071 -0.30536 -0.00238
0.40719 -0.30598 -0.00488
0.40786 -0.30622 -0.00737
0.40837 -0.30599 -0.00987
0.40842 -0.30562 -0.01244
0.40862 -0.30534 -0.01499
0.4083 -0.30475 -0.01748
0.4082 -0.30365 -0.01983
0.40778 -0.30228 -0.02197
0.40745 -0.30091 -0.02415
0.40656 -0.29952 -0.02616
0.40578 -0.29828 -0.02829
0.40486 -0.29712 -0.0304
0.40393 -0.29628 -0.03265
0.40293 -0.2956 -0.03493
0.40179 -0.29476 -0.03709
0.40079 -0.29402 -0.03936
0.39974 -0.29348 -0.04166
0.39842 -0.29277 -0.04376
0.39724 -0.2919 -0.04588
0.39605 -0.29096 -0.04797
0.3948 -0.28998 -0.05001
0.39358 -0.28918 -0.05215
0.39233 -0.28829 -0.05425
0.39125 -0.28759 -0.05651
0.3905 -0.28709 -0.05897
0.38995 -0.28658 -0.06146
0.38953 -0.28614 -0.06396
0.38898 -0.28567 -0.06644
0.38838 -0.28517 -0.06892
0.38728 -0.28423 -0.07109
0.38653 -0.28335 -0.0734
0.38581 -0.28286 -0.07584
0.37902 -0.27758 0.1039
0.37806 -0.27679 0.10616
0.37995 -0.27836 0.10161
0.38117 -0.27914 0.09947
0.3824 -0.27988 0.09732
0.38358 -0.28063 0.09514
0.38456 -0.28147 0.09289
0.38523 -0.28222 0.0905
0.3858 -0.28292 0.08806
0.38701 -0.28386 0.08597
0.38852 -0.28502 0.08418
0.38968 -0.28598 0.08203
0.39045 -0.2867 0.07963
0.39111 -0.28737 0.07722
0.39263 -0.28835 0.07539
0.3946 -0.28943 0.07381
0.39536 -0.28977 0.07114
0.39514 -0.28955 0.06849
0.39513 -0.28958 0.0659
0.39521 -0.28982 0.06334
0.39561 -0.29027 0.06084
0.39646 -0.29097 0.05851
0.3974 -0.29177 0.05624
0.39817 -0.29251 0.05387
0.39902 -0.29345 0.05159
0.39936 -0.29413 0.04909
0.40003 -0.2946 0.04667
0.4009 -0.29496 0.04427
0.40197 -0.2955 0.04198
0.40274 -0.29615 0.0396
0.40376 -0.29691 0.03737
0.40503 -0.29765 0.03525
0.4065 -0.29824 0.03314
0.40769 -0.29854 0.03068
0.40768 -0.29841 0.02796
0.4077 -0.29839 0.02528
0.40691 -0.29818 0.02278
0.40631 -0.29804 0.0203
0.40627 -0.2981 0.01773
0.40657 -0.29827 0.01516
0.40672 -0.29846 0.01259
0.40711 -0.29878 0.01006
0.40746 -0.29912 0.00752
0.40781 -0.29949 0.00499
0.408 -0.30025 0.00254
0.40819 -0.30142 0.00023
0.40803 -0.30242 -0.00216
0.40807 -0.30302 -0.00466
0.40827 -0.30314 -0.00723
0.40891 -0.30293 -0.00972
0.40917 -0.30261 -0.01226
0.40916 -0.30229 -0.01482
0.40909 -0.30175 -0.01734
0.40883 -0.30063 -0.01965
0.40874 -0.29933 -0.02189
0.40878 -0.29811 -0.02417
0.4086 -0.29722 -0.02663
0.40785 -0.296 -0.02885
0.40659 -0.29458 -0.03064
0.40538 -0.29357 -0.03269
0.40433 -0.29288 -0.03495
0.40326 -0.29209 -0.03716
0.40223 -0.29134 -0.03942
0.40123 -0.29084 -0.04175
0.40007 -0.29024 -0.04397
0.39893 -0.28942 -0.04614
0.39769 -0.28845 -0.04819
0.39648 -0.28751 -0.05027
0.39523 -0.28669 -0.05239
0.39407 -0.28586 -0.05456
0.39309 -0.28524 -0.0569
0.39222 -0.28464 -0.05928
0.39172 -0.2842 -0.06179
0.39125 -0.28378 -0.0643
0.39041 -0.28311 -0.06665
0.38963 -0.2825 -0.06903
0.38889 -0.28181 -0.07141
0.38834 -0.28111 -0.07384
0.38767 -0.28066 -0.0763
0.38021 -0.27512 0.10418
0.37931 -0.27437 0.10649
0.38125 -0.27596 0.10196
0.38254 -0.27678 0.09985
0.38368 -0.27746 0.09763
0.38495 -0.27824 0.09551
0.38593 -0.27906 0.09324
0.38655 -0.27977 0.09082
0.38751 -0.28073 0.0886
0.38831 -0.28139 0.08623
0.38924 -0.2823 0.08398
0.39016 -0.28322 0.08173
0.39081 -0.28392 0.07932
0.39179 -0.28465 0.07703
0.39326 -0.2856 0.0751
0.39506 -0.28664 0.07347
0.39627 -0.28709 0.07109
0.39638 -0.28696 0.06842
0.39617 -0.2869 0.06583
0.39619 -0.28711 0.06326
0.3966 -0.28755 0.06076
0.39782 -0.28839 0.05863
0.39889 -0.28925 0.05639
0.39933 -0.28983 0.05385
0.39965 -0.29057 0.05139
0.40012 -0.29131 0.04896
0.40078 -0.29178 0.04651
0.40168 -0.29214 0.04412
0.40263 -0.29265 0.04179
0.40383 -0.29341 0.03969
0.40532 -0.29441 0.03785
0.40709 -0.29545 0.0361
0.40852 -0.29589 0.03373
0.40948 -0.29596 0.03096
0.40895 -0.29565 0.02818
0.40779 -0.29533 0.02576
0.40724 -0.2952 0.02323
0.40685 -0.29511 0.02068
0.40689 -0.29517 0.0181
0.40718 -0.29532 0.01553
0.40728 -0.29549 0.01294
0.40746 -0.29576 0.01037
0.40775 -0.29608 0.00781
0.4081 -0.29644 0.00528
0.40842 -0.29721 0.00284
0.40874 -0.2984 0.00054
0.40905 -0.29952 -0.0018
0.40899 -0.30009 -0.00432
0.40915 -0.30018 -0.00689
0.40946 -0.29989 -0.00943
0.40985 -0.2996 -0.01196
0.40996 -0.29931 -0.01453
0.40994 -0.29878 -0.01707
0.40999 -0.29776 -0.01945
0.41038 -0.2967 -0.02178
0.41089 -0.2958 -0.02419
0.41059 -0.29478 -0.02665
0.40948 -0.29334 -0.02858
0.40842 -0.29209 -0.03058
0.40721 -0.2911 -0.03264
0.40612 -0.2904 -0.03489
0.40513 -0.28969 -0.03717
0.40417 -0.289 -0.03947
0.40308 -0.28844 -0.04176
0.40191 -0.28785 -0.04399
0.40079 -0.28704 -0.04618
0.39972 -0.28625 -0.0484
0.3985 -0.28529 -0.05047
0.39726 -0.28449 -0.05262
0.39621 -0.28379 -0.0549
0.39529 -0.28324 -0.05727
0.39451 -0.28278 -0.0597
0.39387 -0.2822 -0.06214
0.39306 -0.28147 -0.06449
0.39231 -0.28088 -0.0669
0.39148 -0.28023 -0.06927
0.39083 -0.27965 -0.07172
0.39026 -0.27893 -0.07414
0.38952 -0.27841 -0.07656
0.38144 -0.27268 0.10452
0.38058 -0.27198 0.10687
0.38253 -0.27355 0.10232
0.38376 -0.27433 0.10017
0.38488 -0.275 0.09793
0.38636 -0.27586 0.09592
0.38707 -0.27652 0.09348
0.38768 -0.27723 0.09105
0.38862 -0.27815 0.08881
0.38941 -0.27882 0.08643
0.38995 -0.27958 0.08401
0.39055 -0.28044 0.08163
0.39131 -0.28115 0.07923
0.39263 -0.28197 0.07714
0.39443 -0.28302 0.07557
0.39636 -0.28401 0.07387
0.3974 -0.28432 0.07126
0.39741 -0.2842 0.06851
0.39698 -0.28412 0.06592
0.3969 -0.28431 0.06334
0.39723 -0.28473 0.0608
0.39857 -0.28554 0.05873
0.40011 -0.28642 0.05665
0.40047 -0.28704 0.054
0.40019 -0.2877 0.05145
0.40098 -0.28849 0.04909
0.40143 -0.28891 0.04657
0.40224 -0.28925 0.04416
0.4032 -0.28976 0.04183
0.40469 -0.29056 0.03992
0.40657 -0.29157 0.03837
0.40812 -0.29237 0.03632
0.40954 -0.29275 0.03394
0.41028 -0.2928 0.03115
0.40984 -0.29275 0.02836
0.40864 -0.29247 0.02592
0.40811 -0.29234 0.02338
0.40757 -0.29219 0.02086
0.4074 -0.29219 0.01828
0.40766 -0.29232 0.01571
0.40792 -0.29251 0.01313
0.40792 -0.29274 0.01054
0.40812 -0.29304 0.00797
0.40847 -0.29339 0.00542
0.40894 -0.29418 0.00301
0.40899 -0.29533 0.00066
0.40937 -0.29644 -0.00166
0.40969 -0.29708 -0.00415
0.40993 -0.29719 -0.00672
0.41025 -0.29689 -0.00926
0.41055 -0.29658 -0.01181
0.41066 -0.29629 -0.01438
0.41099 -0.29587 -0.01692
0.41157 -0.29507 -0.01932
0.41237 -0.29415 -0.02166
0.41276 -0.29306 -0.02413
0.41196 -0.2919 -0.02653
0.41076 -0.29052 -0.02843
0.40988 -0.28936 -0.03058
0.40893 -0.28856 -0.03285
0.40805 -0.28805 -0.03525
0.40698 -0.2873 -0.0375
0.40599 -0.28659 -0.03979
0.40496 -0.28609 -0.04211
0.4038 -0.28551 -0.04436
0.40265 -0.2847 -0.04654
0.40158 -0.28392 -0.04878
0.40057 -0.2832 -0.05106
0.39951 -0.28265 -0.05337
0.39846 -0.28193 -0.05565
0.39762 -0.2816 -0.05809
0.39674 -0.28099 -0.06046
0.39583 -0.28007 -0.0627
0.39487 -0.27919 -0.06496
0.39418 -0.27869 -0.06742
0.3935 -0.27821 -0.06988
0.3928 -0.27758 -0.0723
0.39211 -0.27674 -0.07467
0.39138 -0.27621 -0.07712
0.38361 -0.2711 0.10296
0.38266 -0.27032 0.10525
0.38472 -0.2718 0.10072
0.38585 -0.27247 0.09848
0.38685 -0.27309 0.09618
0.38783 -0.27387 0.09391
0.38846 -0.27459 0.09148
0.38941 -0.2755 0.08923
0.3903 -0.2762 0.0869
0.39072 -0.27691 0.08443
0.39112 -0.2777 0.08197
0.39215 -0.27851 0.07972
0.39321 -0.27924 0.07747
0.39481 -0.28018 0.07564
0.39634 -0.28103 0.07363
0.39699 -0.28136 0.07106
0.39708 -0.28127 0.06844
0.39732 -0.28126 0.06585
0.39758 -0.28151 0.06328
0.39794 -0.28193 0.06075
0.39859 -0.28263 0.05834
0.39959 -0.28345 0.05608
0.40032 -0.28407 0.05365
0.40051 -0.28482 0.05116
0.40101 -0.28555 0.04872
0.40187 -0.28602 0.04633
0.40288 -0.28637 0.04397
0.40386 -0.28686 0.04166
0.40532 -0.28758 0.03967
0.4066 -0.28847 0.0376
0.40805 -0.28923 0.03554
0.40912 -0.28961 0.03315
0.40991 -0.28969 0.03061
0.41048 -0.28985 0.02796
0.41017 -0.28994 0.02521
0.40899 -0.28955 0.02279
0.4081 -0.28926 0.02036
0.40781 -0.28924 0.01777
0.40798 -0.28934 0.01517
0.40835 -0.28954 0.01261
0.40835 -0.28976 0.01001
0.40859 -0.29005 0.00745
0.40897 -0.2904 0.0049
0.40926 -0.29116 0.00245
0.40934 -0.29232 0.00012
0.40979 -0.29343 -0.00219
0.41017 -0.29407 -0.00466
0.41067 -0.29421 -0.00719
0.41099 -0.29392 -0.00973
0.41118 -0.29358 -0.0123
0.41137 -0.29331 -0.01487
0.41187 -0.29293 -0.01738
0.41247 -0.29208 -0.01978
0.41246 -0.29096 -0.02216
0.41215 -0.2898 -0.02449
0.4118 -0.28872 -0.02682
0.41169 -0.28768 -0.0292
0.41108 -0.28668 -0.03151
0.41015 -0.2859 -0.0338
0.40931 -0.28544 -0.03622
0.40846 -0.28489 -0.03862
0.40749 -0.28422 -0.04093
0.40627 -0.28355 -0.04312
0.40519 -0.28304 -0.04542
0.40421 -0.28242 -0.04773
0.40327 -0.28181 -0.05008
0.40232 -0.28119 -0.05244
0.40134 -0.28077 -0.05481
0.40059 -0.28066 -0.05731
0.39958 -0.27998 -0.05961
0.39844 -0.27893 -0.0617
0.39743 -0.27787 -0.06385
0.39669 -0.27728 -0.06628
0.39597 -0.27677 -0.06872
0.39513 -0.27611 -0.07109
0.39433 -0.27537 -0.07345
0.39376 -0.27466 -0.0759
0.39334 -0.27452 -0.07848
0.38505 -0.26879 0.10345
0.3841 -0.26803 0.10575
0.386 -0.26939 0.10111
0.38707 -0.27002 0.09882
0.38811 -0.27063 0.09652
0.38874 -0.27124 0.09407
0.38948 -0.27199 0.09169
0.39038 -0.27288 0.08941
0.39113 -0.27352 0.087
0.39162 -0.27426 0.08456
0.39212 -0.27508 0.08213
0.39296 -0.27582 0.07978
0.39381 -0.2765 0.07742
0.39455 -0.27736 0.07507
0.39593 -0.27825 0.07302
0.3969 -0.27855 0.07062
0.3975 -0.27846 0.06809
0.39795 -0.27847 0.06552
0.39826 -0.27872 0.06295
0.39872 -0.27916 0.06044
0.39907 -0.27979 0.05794
0.39963 -0.28059 0.05554
0.40027 -0.28121 0.05309
0.40072 -0.28196 0.05064
0.40125 -0.28269 0.0482
0.40216 -0.28315 0.04582
0.40299 -0.28347 0.04338
0.40386 -0.28396 0.04099
0.40498 -0.2847 0.03877
0.40583 -0.28573 0.03653
0.40703 -0.28656 0.03438
0.40807 -0.28693 0.03204
0.40938 -0.28682 0.02979
0.41106 -0.28685 0.02757
0.41155 -0.28716 0.02463
0.41041 -0.2869 0.02202
0.40884 -0.28638 0.01987
0.40829 -0.28628 0.01732
0.4086 -0.28639 0.01474
0.40873 -0.28655 0.01215
0.40887 -0.28678 0.00956
0.40905 -0.28706 0.00698
0.40926 -0.28738 0.00441
0.40956 -0.28814 0.00195
0.40975 -0.2893 -0.00038
0.41013 -0.29039 -0.0027
0.41064 -0.29104 -0.00515
0.41128 -0.2912 -0.00766
0.41165 -0.29092 -0.0102
0.41184 -0.29059 -0.01277
0.41211 -0.29034 -0.01534
0.4121 -0.28986 -0.01789
0.41216 -0.28896 -0.02033
0.4123 -0.28784 -0.02268
0.41271 -0.28678 -0.02503
0.41284 -0.28585 -0.02745
0.4128 -0.28487 -0.02985
0.41237 -0.28397 -0.03225
0.4116 -0.28332 -0.03464
0.41082 -0.28293 -0.03709
0.41017 -0.28255 -0.0396
0.4092 -0.28191 -0.04195
0.40789 -0.28118 -0.04409
0.40688 -0.28075 -0.04644
0.40613 -0.2804 -0.0489
0.40522 -0.27987 -0.05129
0.40442 -0.27949 -0.05373
0.40385 -0.27972 -0.05634
0.40284 -0.27916 -0.05877
0.40151 -0.27801 -0.06079
0.40019 -0.27675 -0.06267
0.39943 -0.27606 -0.06506
0.39855 -0.2753 -0.06739
0.39778 -0.27474 -0.06981
0.39695 -0.27409 -0.07219
0.39627 -0.27352 -0.07464
0.3958 -0.27295 -0.07713
0.38653 -0.26651 0.10387
0.38744 -0.26707 0.10149
0.38838 -0.26761 0.09912
0.38929 -0.26813 0.09674
0.38996 -0.26873 0.0943
0.39066 -0.26946 0.09189
0.39142 -0.27028 0.08954
0.39207 -0.27088 0.08709
0.3927 -0.27167 0.08468
0.39316 -0.27247 0.08224
0.39387 -0.27314 0.07982
0.39458 -0.27377 0.07742
0.39494 -0.27452 0.07494
0.39578 -0.2754 0.07259
0.39711 -0.27573 0.07037
0.39807 -0.27566 0.06794
0.39854 -0.27566 0.06537
0.39899 -0.27593 0.06282
0.39945 -0.27637 0.0603
0.39989 -0.27701 0.05781
0.40027 -0.27776 0.05535
0.40076 -0.27835 0.05286
0.40114 -0.27908 0.05039
0.40165 -0.27981 0.04794
0.40234 -0.28025 0.04547
0.4029 -0.28056 0.04294
0.40325 -0.2811 0.0404
0.40417 -0.28191 0.03808
0.40503 -0.28293 0.03582
0.40625 -0.28375 0.03366
0.40756 -0.28404 0.03143
0.40903 -0.28389 0.02927
0.41084 -0.28372 0.02722
0.4119 -0.2839 0.02444
0.41096 -0.28386 0.02168
0.40954 -0.28348 0.01943
0.40898 -0.28336 0.0169
0.40898 -0.28341 0.01431
0.40896 -0.28353 0.0117
0.40942 -0.2838 0.00913
0.40963 -0.28408 0.00655
0.40976 -0.28437 0.00396
0.40996 -0.28511 0.00147
0.41048 -0.28633 -0.00079
0.4115 -0.28756 -0.00294
0.41156 -0.2881 -0.00552
0.41167 -0.28816 -0.00811
0.41223 -0.2879 -0.01063
0.4127 -0.28763 -0.01318
0.41275 -0.28733 -0.01578
0.41281 -0.28686 -0.01832
0.41297 -0.28596 -0.02077
0.41345 -0.28493 -0.02314
0.41419 -0.28407 -0.02553
0.41428 -0.28315 -0.02798
0.41405 -0.28208 -0.03034
0.41357 -0.28117 -0.03273
0.41294 -0.28061 -0.03519
0.41213 -0.28022 -0.03764
0.41151 -0.27985 -0.04015
0.41052 -0.2792 -0.04248
0.40957 -0.27878 -0.04487
0.4087 -0.27849 -0.0473
0.4079 -0.27811 -0.04975
0.40723 -0.27787 -0.05226
0.40667 -0.2778 -0.05484
0.40558 -0.27735 -0.05721
0.40422 -0.27649 -0.05929
0.40309 -0.27558 -0.06145
0.40212 -0.27478 -0.06373
0.40145 -0.27422 -0.06618
0.40067 -0.27362 -0.06859
0.39971 -0.27282 -0.07089
0.39891 -0.27224 -0.0733
0.39817 -0.2716 -0.07572
0.39761 -0.27092 -0.07817
0.38877 -0.2647 0.10191
0.38786 -0.26415 0.1043
0.38982 -0.26529 0.09959
0.39084 -0.26587 0.09725
0.39143 -0.26641 0.09475
0.39215 -0.26713 0.09235
0.39279 -0.26787 0.08992
0.39324 -0.26834 0.08739
0.39371 -0.26906 0.08492
0.39452 -0.27002 0.08262
0.39553 -0.27087 0.08035
0.39605 -0.27137 0.07781
0.39603 -0.2719 0.07523
0.39658 -0.27266 0.07278
0.39791 -0.27298 0.07054
0.39875 -0.27287 0.06802
0.39904 -0.27283 0.06541
0.39953 -0.27309 0.06287
0.40021 -0.27355 0.06039
0.40061 -0.27419 0.05788
0.40085 -0.27491 0.05538
0.40117 -0.27547 0.05285
0.40157 -0.2762 0.05037
0.40214 -0.27693 0.04793
0.4027 -0.27735 0.04542
0.40324 -0.27765 0.04288
0.40349 -0.27814 0.04031
0.4039 -0.27893 0.03782
0.40495 -0.27992 0.03561
0.40641 -0.28075 0.03358
0.40752 -0.28106 0.03124
0.40836 -0.281 0.02876
0.40976 -0.2809 0.02653
0.41078 -0.28093 0.02405
0.41096 -0.28082 0.02133
0.41013 -0.28058 0.01882
0.40988 -0.28055 0.01623
0.40962 -0.28052 0.01364
0.40957 -0.28061 0.01103
0.40991 -0.28086 0.00845
0.41024 -0.28115 0.00587
0.41051 -0.28146 0.00329
0.41067 -0.28219 0.00079
0.41117 -0.2834 -0.00148
0.41182 -0.28455 -0.00373
0.41227 -0.28516 -0.00623
0.41247 -0.28524 -0.00881
0.41291 -0.28496 -0.01136
0.41333 -0.28468 -0.01392
0.41363 -0.28445 -0.0165
0.4137 -0.28398 -0.01906
0.41401 -0.28313 -0.02153
0.41502 -0.28231 -0.02386
0.41573 -0.28142 -0.02629
0.41561 -0.28042 -0.02877
0.41524 -0.27932 -0.03112
0.41462 -0.27836 -0.03347
0.41409 -0.27786 -0.03597
0.41336 -0.27754 -0.03846
0.41262 -0.27713 -0.04094
0.41178 -0.27658 -0.04335
0.41096 -0.27626 -0.04581
0.41025 -0.2761 -0.04831
0.4096 -0.27587 -0.05082
0.40901 -0.27572 -0.05337
0.40828 -0.27546 -0.0559
0.40699 -0.27487 -0.05813
0.40552 -0.27394 -0.06012
0.40462 -0.27327 -0.06249
0.40389 -0.27274 -0.06494
0.40324 -0.27222 -0.06741
0.40235 -0.27151 -0.06977
0.40146 -0.27082 -0.07212
0.40071 -0.27032 -0.07458
0.40007 -0.26982 -0.07707
0.38991 -0.26229 0.10259
0.39074 -0.26276 0.10016
0.39181 -0.26333 0.09784
0.39247 -0.26391 0.09537
0.39336 -0.26469 0.09304
0.3942 -0.2655 0.09064
0.39434 -0.26584 0.08801
0.39471 -0.26651 0.08552
0.39568 -0.26752 0.08328
0.39671 -0.26827 0.08096
0.3973 -0.26876 0.07836
0.39688 -0.26926 0.07575
0.3972 -0.26994 0.07327
0.39848 -0.2702 0.071
0.39921 -0.27006 0.06843
0.39947 -0.27002 0.0658
0.39976 -0.27023 0.06321
0.40019 -0.27065 0.06066
0.40086 -0.27131 0.05822
0.40129 -0.27206 0.05575
0.40163 -0.27262 0.05321
0.402 -0.27334 0.05072
0.40235 -0.27404 0.04822
0.40288 -0.27445 0.04569
0.40354 -0.27476 0.04318
0.40395 -0.27525 0.04064
0.40437 -0.276 0.03816
0.40536 -0.27698 0.03592
0.40647 -0.27778 0.03371
0.40727 -0.27807 0.03127
0.40801 -0.27799 0.02876
0.40885 -0.27799 0.02628
0.40984 -0.27803 0.02386
0.41045 -0.27781 0.02134
0.41076 -0.27765 0.01874
0.41056 -0.2776 0.01613
0.41043 -0.2776 0.01352
0.41042 -0.27769 0.01091
0.41065 -0.27791 0.00832
0.41093 -0.27817 0.00573
0.41114 -0.27846 0.00313
0.4114 -0.2792 0.00065
0.41169 -0.28038 -0.00169
0.41231 -0.28152 -0.00396
0.41278 -0.28213 -0.00646
0.41309 -0.28222 -0.00906
0.41338 -0.28191 -0.01162
0.41382 -0.28163 -0.01417
0.41451 -0.28148 -0.01671
0.41458 -0.28103 -0.0193
0.41507 -0.28024 -0.02175
0.41573 -0.27929 -0.02411
0.41611 -0.27829 -0.0265
0.41619 -0.27736 -0.02895
0.41621 -0.27638 -0.03138
0.4158 -0.27552 -0.03382
0.41518 -0.27501 -0.0363
0.41438 -0.27467 -0.03878
0.41389 -0.27439 -0.04134
0.41329 -0.274 -0.04385
0.41256 -0.27374 -0.04635
0.41197 -0.27368 -0.0489
0.41135 -0.2735 -0.05143
0.4107 -0.27333 -0.05397
0.4097 -0.27285 -0.05634
0.40848 -0.27232 -0.05858
0.40733 -0.27171 -0.06086
0.40654 -0.27117 -0.0633
0.40573 -0.27057 -0.06571
0.40503 -0.27 -0.06816
0.40423 -0.26942 -0.07058
0.40343 -0.26885 -0.073
0.40279 -0.26847 -0.07553
0.40191 -0.26768 -0.07789
0.38886 -0.26166 0.10492
0.39086 -0.25985 0.10346
0.39171 -0.26032 0.10104
0.39263 -0.26081 0.09864
0.39334 -0.2614 0.09618
0.39401 -0.26207 0.09374
0.39466 -0.26277 0.09128
0.3952 -0.26326 0.08877
0.39568 -0.26399 0.08631
0.39601 -0.26476 0.08381
0.39642 -0.26541 0.08131
0.39684 -0.2659 0.07877
0.39721 -0.2665 0.07626
0.3974 -0.26715 0.07372
0.39822 -0.26733 0.07126
0.39941 -0.26724 0.06889
0.3998 -0.2672 0.06627
0.40022 -0.26743 0.0637
0.40066 -0.26784 0.06114
0.40112 -0.26846 0.05865
0.40167 -0.26922 0.0562
0.40194 -0.26976 0.05364
0.40245 -0.2705 0.05117
0.40281 -0.2712 0.04866
0.40331 -0.27159 0.04613
0.40392 -0.27188 0.04359
0.4044 -0.27238 0.04107
0.40496 -0.27315 0.03863
0.40612 -0.27415 0.0365
0.40726 -0.27493 0.03426
0.40765 -0.27512 0.03165
0.40847 -0.27503 0.02916
0.4092 -0.275 0.02664
0.41035 -0.27509 0.02427
0.41133 -0.27497 0.02178
0.4114 -0.27474 0.01912
0.41142 -0.27472 0.0165
0.41141 -0.27475 0.01388
0.4112 -0.27477 0.01126
0.41133 -0.27495 0.00865
0.41159 -0.2752 0.00605
0.41191 -0.2755 0.00346
0.41212 -0.27622 0.00096
0.41244 -0.2774 -0.00138
0.41292 -0.27852 -0.0037
0.4134 -0.27911 -0.0062
0.41365 -0.27918 -0.00881
0.41398 -0.27888 -0.01137
0.41451 -0.27862 -0.01392
0.41503 -0.27842 -0.01648
0.4153 -0.27802 -0.01907
0.41578 -0.27723 -0.02152
0.41627 -0.27624 -0.02391
0.41664 -0.27524 -0.0263
0.41682 -0.27433 -0.02876
0.417 -0.27336 -0.03121
0.41645 -0.27249 -0.03364
0.41596 -0.27203 -0.03617
0.41589 -0.27195 -0.03882
0.41519 -0.27162 -0.04134
0.41467 -0.27128 -0.04389
0.41401 -0.27109 -0.04642
0.41352 -0.27108 -0.04899
0.41295 -0.27095 -0.05155
0.41227 -0.27077 -0.05408
0.41149 -0.27047 -0.05656
0.41039 -0.27006 -0.0589
0.40928 -0.2695 -0.06121
0.40851 -0.26899 -0.06366
0.40784 -0.26855 -0.06616
0.40709 -0.26793 -0.0686
0.40641 -0.26749 -0.07109
0.40549 -0.26681 -0.07346
0.4046 -0.26618 -0.07586
0.40364 -0.26535 -0.07816
0.39261 -0.25781 0.10172
0.39212 -0.25755 0.10431
0.39335 -0.25819 0.09924
0.39427 -0.25886 0.09685
0.39508 -0.25955 0.0944
0.39508 -0.26004 0.09178
0.39556 -0.26052 0.08926
0.39647 -0.26132 0.0869
0.39688 -0.26211 0.08435
0.39627 -0.26263 0.08175
0.39651 -0.26312 0.07917
0.39732 -0.26373 0.07674
0.39776 -0.26438 0.07422
0.39864 -0.26456 0.07177
0.39959 -0.26442 0.06932
0.40044 -0.26446 0.06683
0.40095 -0.2647 0.06425
0.40134 -0.26508 0.06168
0.40186 -0.26571 0.05919
0.4021 -0.26638 0.05665
0.40248 -0.26694 0.05411
0.40287 -0.26766 0.05161
0.40333 -0.26836 0.04911
0.40388 -0.26876 0.04658
0.40443 -0.26903 0.04402
0.4048 -0.26949 0.04145
0.4053 -0.27023 0.03898
0.40631 -0.2712 0.03674
0.40751 -0.27195 0.03451
0.40788 -0.27216 0.03189
0.4086 -0.27206 0.02937
0.40979 -0.27206 0.02702
0.41132 -0.27219 0.02483
0.41242 -0.2721 0.02226
0.41212 -0.27182 0.01949
0.41211 -0.27179 0.01687
0.41213 -0.27182 0.01424
0.41228 -0.27193 0.01162
0.41236 -0.27209 0.009
0.41235 -0.27224 0.00637
0.41277 -0.27257 0.00379
0.41302 -0.27329 0.00129
0.41317 -0.27442 -0.0011
0.41358 -0.27552 -0.00345
0.41395 -0.27608 -0.00599
0.41425 -0.27615 -0.00859
0.41479 -0.27589 -0.01113
0.41525 -0.27561 -0.0137
0.41551 -0.27536 -0.01631
0.41593 -0.27499 -0.01888
0.41666 -0.27428 -0.02131
0.41698 -0.27324 -0.02373
0.41704 -0.27217 -0.02613
0.41724 -0.27125 -0.02859
0.41714 -0.27025 -0.03103
0.41673 -0.26941 -0.03348
0.41643 -0.26899 -0.03605
0.41625 -0.26887 -0.03867
0.41595 -0.26866 -0.04128
0.41573 -0.26843 -0.04389
0.41522 -0.26831 -0.04647
0.41466 -0.26827 -0.04904
0.41431 -0.26826 -0.05165
0.41386 -0.26823 -0.05424
0.41327 -0.26808 -0.0568
0.41234 -0.26783 -0.05925
0.4112 -0.26726 -0.06156
0.41051 -0.26682 -0.06406
0.40988 -0.2664 -0.06659
0.40902 -0.26571 -0.06897
0.40835 -0.26527 -0.07148
0.40752 -0.2647 -0.07393
0.40655 -0.26401 -0.07629
0.40554 -0.26316 -0.07858
0.39393 -0.25541 0.10219
0.39469 -0.25581 0.0997
0.39525 -0.25628 0.09716
0.39533 -0.25671 0.09456
0.39557 -0.25729 0.092
0.39594 -0.25774 0.08943
0.39653 -0.25848 0.08696
0.39708 -0.25929 0.08449
0.39711 -0.25993 0.08192
0.39699 -0.26034 0.0793
0.39759 -0.26092 0.07679
0.39824 -0.26159 0.07433
0.39929 -0.26179 0.07193
0.40043 -0.2617 0.06955
0.40127 -0.26172 0.06704
0.40189 -0.26198 0.06447
0.40216 -0.26232 0.06186
0.40233 -0.26284 0.05928
0.40287 -0.26359 0.05682
0.40332 -0.26415 0.05427
0.40352 -0.26482 0.05173
0.40395 -0.26552 0.04923
0.40447 -0.2659 0.04668
0.40488 -0.26613 0.04409
0.40541 -0.26661 0.04155
0.40602 -0.26737 0.0391
0.40668 -0.26825 0.03671
0.40748 -0.26897 0.03433
0.40803 -0.26918 0.03176
0.40883 -0.26908 0.02924
0.40986 -0.26907 0.02682
0.41108 -0.26915 0.02448
0.41235 -0.26902 0.0221
0.4125 -0.26882 0.0194
0.41257 -0.26879 0.01677
0.41291 -0.26888 0.01417
0.41334 -0.26907 0.01157
0.41338 -0.26921 0.00892
0.4135 -0.26939 0.0063
0.41368 -0.26963 0.00369
0.41397 -0.27036 0.00118
0.41437 -0.27157 -0.00114
0.41467 -0.27262 -0.00354
0.41473 -0.27309 -0.00614
0.41512 -0.27318 -0.00874
0.41559 -0.2729 -0.01131
0.41588 -0.27257 -0.0139
0.41622 -0.27235 -0.01648
0.41718 -0.27214 -0.01893
0.41823 -0.27152 -0.02146
0.41755 -0.27019 -0.02385
0.4173 -0.26908 -0.02623
0.41764 -0.26819 -0.02871
0.41733 -0.26716 -0.03113
0.41718 -0.26636 -0.03363
0.41702 -0.26598 -0.03622
0.41684 -0.26587 -0.03884
0.41668 -0.26571 -0.04147
0.41649 -0.26549 -0.04409
0.41622 -0.26546 -0.04671
0.41589 -0.26552 -0.04932
0.41564 -0.26557 -0.05194
0.41533 -0.26564 -0.05456
0.41513 -0.26574 -0.05722
0.41436 -0.26566 -0.05981
0.41307 -0.26499 -0.06206
0.41217 -0.26438 -0.06444
0.4115 -0.26392 -0.06695
0.41074 -0.26331 -0.0694
0.40985 -0.26271 -0.07181
0.40893 -0.26209 -0.0742
0.40803 -0.26147 -0.07661
0.40713 -0.26071 -0.07896
0.39607 -0.25341 0.09981
0.39565 -0.25325 0.10239
0.39613 -0.25362 0.09716
0.39661 -0.25421 0.09462
0.39662 -0.25468 0.09202
0.39662 -0.25501 0.0894
0.39662 -0.25565 0.08682
0.39697 -0.25645 0.08432
0.3975 -0.25715 0.08182
0.39796 -0.25769 0.07928
0.39839 -0.25821 0.07673
0.39922 -0.25893 0.07432
0.40021 -0.2591 0.07189
0.40138 -0.259 0.06951
0.40219 -0.259 0.06698
0.40266 -0.25921 0.06438
0.40289 -0.25952 0.06175
0.40327 -0.2601 0.05921
0.40356 -0.26077 0.05668
0.40394 -0.26131 0.05412
0.40424 -0.26201 0.05158
0.40473 -0.26272 0.04909
0.40522 -0.26308 0.04652
0.40585 -0.26336 0.04398
0.40639 -0.26384 0.04144
0.40702 -0.26459 0.039
0.40808 -0.26557 0.03674
0.40831 -0.26611 0.03412
0.40887 -0.26631 0.03155
0.40969 -0.26622 0.02905
0.41074 -0.26622 0.02663
0.41179 -0.26628 0.0242
0.41259 -0.26607 0.02167
0.41303 -0.26588 0.01905
0.41331 -0.26588 0.01643
0.41392 -0.26602 0.01387
0.41436 -0.26619 0.01125
0.41459 -0.26638 0.00861
0.41462 -0.26653 0.00597
0.41475 -0.26676 0.00335
0.41512 -0.2675 0.00086
0.41531 -0.26864 -0.00153
0.41533 -0.26962 -0.00398
0.4155 -0.27012 -0.00656
0.41584 -0.27018 -0.00917
0.41637 -0.26992 -0.01174
0.41675 -0.26962 -0.01432
0.41702 -0.26938 -0.01691
0.41824 -0.26917 -0.01929
0.4187 -0.26838 -0.02195
0.41776 -0.26712 -0.02428
0.41771 -0.26604 -0.02671
0.41786 -0.26513 -0.02919
0.41774 -0.26414 -0.03162
0.4178 -0.26337 -0.03414
0.4175 -0.26299 -0.03673
0.41736 -0.26291 -0.03937
0.41738 -0.2628 -0.04201
0.41727 -0.26261 -0.04464
0.41717 -0.26263 -0.04728
0.41713 -0.26283 -0.0499
0.41689 -0.2629 -0.05253
0.41661 -0.263 -0.05516
0.41618 -0.26297 -0.05777
0.41568 -0.26297 -0.06043
0.41464 -0.26252 -0.06285
0.41345 -0.26177 -0.06507
0.41266 -0.26123 -0.06753
0.41186 -0.2606 -0.06998
0.41081 -0.25996 -0.07232
0.40985 -0.25934 -0.07469
0.40909 -0.25878 -0.07715
0.40837 -0.25812 -0.0796
0.39811 -0.25161 0.10265
0.39767 -0.25114 0.09993
0.3975 -0.2512 0.0973
0.39788 -0.25171 0.09472
0.39816 -0.25228 0.09211
0.39755 -0.25236 0.08948
0.39734 -0.25291 0.08687
0.39767 -0.25372 0.08434
0.39834 -0.25447 0.08189
0.39891 -0.25504 0.07937
0.39951 -0.25562 0.07686
0.40032 -0.25632 0.07444
0.4013 -0.25647 0.07199
0.40229 -0.25628 0.06953
0.40299 -0.25623 0.06697
0.40357 -0.25647 0.06439
0.4039 -0.25681 0.06178
0.40423 -0.25737 0.05921
0.40452 -0.25802 0.05667
0.40491 -0.25856 0.05411
0.40521 -0.25926 0.05157
0.40551 -0.25991 0.04901
0.40607 -0.26029 0.04646
0.40667 -0.26055 0.0439
0.4072 -0.26101 0.04135
0.40787 -0.26176 0.03891
0.40865 -0.26264 0.03653
0.40931 -0.26331 0.03404
0.40989 -0.26351 0.03147
0.41057 -0.26335 0.02891
0.41151 -0.26331 0.02646
0.41268 -0.26339 0.02407
0.41359 -0.26322 0.02152
0.41378 -0.26296 0.01884
0.41398 -0.26293 0.01621
0.4146 -0.26305 0.01364
0.41471 -0.26314 0.01097
0.41485 -0.2633 0.00833
0.41514 -0.2635 0.0057
0.41521 -0.26371 0.00306
0.41571 -0.26445 0.00057
0.41588 -0.2656 -0.00183
0.41596 -0.2666 -0.00428
0.41628 -0.26712 -0.00684
0.41666 -0.26719 -0.00945
0.41699 -0.26688 -0.01205
0.41721 -0.26656 -0.01466
0.41752 -0.26633 -0.01728
0.41833 -0.26605 -0.01979
0.41876 -0.26527 -0.02236
0.41826 -0.2641 -0.02475
0.41829 -0.26303 -0.0272
0.4181 -0.26208 -0.02965
0.41798 -0.26109 -0.0321
0.41803 -0.26033 -0.03463
0.41808 -0.26002 -0.03726
0.41792 -0.25995 -0.03991
0.41787 -0.25984 -0.04255
0.41806 -0.25973 -0.04518
0.41853 -0.25996 -0.04777
0.41898 -0.26045 -0.05037
0.41902 -0.26075 -0.05307
0.41829 -0.26055 -0.05569
0.41725 -0.2602 -0.05812
0.41623 -0.25999 -0.06056
0.41536 -0.25959 -0.06303
0.41461 -0.25907 -0.06552
0.41366 -0.25846 -0.06791
0.41272 -0.25778 -0.0703
0.4117 -0.25718 -0.07266
0.41088 -0.25663 -0.07511
0.41012 -0.25607 -0.07757
0.40931 -0.25537 -0.08001
0.39889 -0.2488 0.1026
0.39873 -0.24856 0.09993
0.39853 -0.24861 0.09728
0.39853 -0.24898 0.09465
0.39862 -0.24948 0.09205
0.39856 -0.24975 0.08941
0.39837 -0.2503 0.08682
0.39858 -0.25107 0.08428
0.39885 -0.25171 0.08172
0.39944 -0.25228 0.0792
0.40056 -0.25297 0.07689
0.40133 -0.25365 0.07444
0.40246 -0.25383 0.07204
0.40319 -0.25356 0.06948
0.40378 -0.25347 0.06689
0.40445 -0.25371 0.06433
0.40511 -0.25414 0.06177
0.40521 -0.25463 0.05915
0.40538 -0.25524 0.05658
0.40573 -0.25576 0.054
0.40626 -0.25653 0.05152
0.40661 -0.2572 0.04896
0.40696 -0.25751 0.04635
0.4075 -0.25774 0.04377
0.40804 -0.2582 0.04122
0.40882 -0.25896 0.03881
0.40969 -0.25985 0.03646
0.41023 -0.26048 0.0339
0.41068 -0.26063 0.03129
0.41116 -0.26043 0.02868
0.41157 -0.26029 0.02604
0.41312 -0.26041 0.02381
0.4139 -0.2602 0.02123
0.41403 -0.25995 0.01856
0.41446 -0.25995 0.01594
0.41502 -0.26004 0.01335
0.41529 -0.26016 0.0107
0.41532 -0.26029 0.00805
0.41539 -0.26045 0.0054
0.41552 -0.26067 0.00277
0.41574 -0.26137 0.00023
0.41611 -0.26253 -0.00215
0.41637 -0.26354 -0.00458
0.4167 -0.26406 -0.00715
0.41703 -0.26412 -0.00977
0.41759 -0.26384 -0.01234
0.41799 -0.26356 -0.01493
0.41854 -0.26339 -0.01755
0.41845 -0.26298 -0.0202
0.41884 -0.26221 -0.02272
0.41884 -0.26107 -0.02514
0.41852 -0.25995 -0.02755
0.41838 -0.25901 -0.03002
0.41836 -0.25803 -0.03249
0.41864 -0.25733 -0.03503
0.41882 -0.25707 -0.03767
0.41864 -0.25701 -0.04032
0.41855 -0.2569 -0.04297
0.41888 -0.25683 -0.04559
0.41987 -0.25717 -0.04803
0.42081 -0.25778 -0.05056
0.42125 -0.25821 -0.05352
0.41976 -0.25784 -0.05606
0.41837 -0.25743 -0.05833
0.41745 -0.25728 -0.06081
0.4166 -0.2569 -0.0633
0.41571 -0.25633 -0.06575
0.41464 -0.25568 -0.06809
0.41361 -0.25497 -0.07043
0.41272 -0.25443 -0.07286
0.41179 -0.25385 -0.07527
0.41108 -0.25331 -0.07777
0.41019 -0.25258 -0.08018
0.39941 -0.24587 0.10021
0.39926 -0.24603 0.10284
0.39957 -0.24604 0.09756
0.39928 -0.24628 0.09492
0.39926 -0.24675 0.0923
0.39924 -0.24703 0.08966
0.39919 -0.24762 0.08707
0.39921 -0.24834 0.08451
0.39944 -0.24897 0.08194
0.39997 -0.24952 0.0794
0.4007 -0.25012 0.07692
0.40173 -0.25084 0.07458
0.40281 -0.25098 0.07218
0.40424 -0.25086 0.06987
0.4049 -0.25077 0.06723
0.40495 -0.25086 0.06455
0.40554 -0.25123 0.06197
0.40592 -0.25178 0.05939
0.40602 -0.2524 0.05681
0.4064 -0.25294 0.05425
0.40699 -0.25371 0.05177
0.40737 -0.25439 0.04922
0.40786 -0.25474 0.04665
0.40839 -0.25497 0.04406
0.40888 -0.25539 0.04148
0.40935 -0.25606 0.03895
0.41012 -0.2569 0.03656
0.41089 -0.25757 0.0341
0.41136 -0.25773 0.03148
0.41176 -0.25751 0.02886
0.41228 -0.25737 0.02625
0.41315 -0.25739 0.02374
0.41401 -0.25719 0.02124
0.41455 -0.25698 0.01864
0.41502 -0.25697 0.01603
0.41554 -0.25704 0.01343
0.41602 -0.25717 0.01079
0.41575 -0.25726 0.00812
0.41567 -0.25739 0.00548
0.4158 -0.2576 0.00284
0.41598 -0.2583 0.00029
0.41648 -0.25947 -0.00207
0.41679 -0.26049 -0.00449
0.4169 -0.26097 -0.00709
0.4173 -0.26103 -0.00971
0.41789 -0.26075 -0.01227
0.41845 -0.26048 -0.01484
0.41902 -0.26029 -0.01745
0.41902 -0.25993 -0.02011
0.41923 -0.25913 -0.02265
0.41963 -0.25804 -0.02508
0.41941 -0.25695 -0.02752
0.41906 -0.25599 -0.02998
0.41933 -0.25508 -0.03245
0.41979 -0.25445 -0.03499
0.41972 -0.25413 -0.03763
0.41946 -0.25407 -0.04027
0.41944 -0.25399 -0.04292
0.41974 -0.25392 -0.04555
0.41975 -0.25406 -0.04821
0.42071 -0.25456 -0.05071
0.4208 -0.25486 -0.05347
0.41998 -0.25477 -0.05606
0.41919 -0.25454 -0.05859
0.41845 -0.25447 -0.06115
0.41758 -0.25412 -0.06364
0.41685 -0.25362 -0.06617
0.41584 -0.25301 -0.06858
0.41452 -0.25219 -0.07075
0.41356 -0.25163 -0.07315
0.41263 -0.25105 -0.07556
0.41188 -0.25052 -0.07806
0.411 -0.24979 -0.08047
0.40047 -0.24333 0.10077
0.40058 -0.24346 0.09813
0.40043 -0.24373 0.0955
0.40026 -0.24415 0.09287
0.40027 -0.24446 0.09023
0.40007 -0.24501 0.08762
0.40006 -0.24572 0.08505
0.40022 -0.24632 0.08247
0.40066 -0.24685 0.07991
0.40122 -0.24738 0.07737
0.40216 -0.24807 0.07499
0.40326 -0.24819 0.07258
0.40427 -0.24795 0.07011
0.40498 -0.24786 0.06752
0.40526 -0.24801 0.06486
0.40539 -0.24833 0.06221
0.40575 -0.24886 0.05963
0.40633 -0.24952 0.05713
0.40696 -0.2501 0.05461
0.40752 -0.25087 0.05211
0.40807 -0.25159 0.04961
0.40859 -0.25193 0.04703
0.40932 -0.25222 0.04449
0.41001 -0.25271 0.04195
0.41018 -0.25325 0.03934
0.41054 -0.25398 0.03682
0.41128 -0.25462 0.03436
0.41204 -0.25484 0.03182
0.41243 -0.25461 0.02919
0.41314 -0.25452 0.02663
0.41405 -0.25454 0.02412
0.41447 -0.25423 0.0215
0.41505 -0.25402 0.01891
0.41524 -0.25396 0.01625
0.41556 -0.254 0.01361
0.41598 -0.25409 0.01097
0.41589 -0.2542 0.00831
0.41585 -0.25433 0.00565
0.41591 -0.25453 0.003
0.4162 -0.25523 0.00046
0.41668 -0.25639 -0.00191
0.41735 -0.25745 -0.00427
0.41742 -0.25793 -0.0069
0.41781 -0.25798 -0.00952
0.4184 -0.2577 -0.01209
0.41864 -0.25737 -0.01471
0.41895 -0.25716 -0.01735
0.41937 -0.25684 -0.01996
0.41956 -0.25605 -0.02252
0.41953 -0.25492 -0.02495
0.41958 -0.25385 -0.02739
0.41983 -0.25298 -0.02988
0.42031 -0.25214 -0.03235
0.42061 -0.25146 -0.0349
0.42052 -0.25115 -0.03755
0.42027 -0.25112 -0.0402
0.4202 -0.25104 -0.04285
0.42016 -0.2509 -0.04551
0.42008 -0.25105 -0.04816
0.4203 -0.25154 -0.05078
0.42021 -0.25186 -0.05342
0.42005 -0.25177 -0.05609
0.4196 -0.25157 -0.05871
0.41879 -0.25148 -0.06126
0.4185 -0.25127 -0.06393
0.41777 -0.25078 -0.06648
0.41669 -0.25017 -0.06886
0.41552 -0.24945 -0.07113
0.4146 -0.24892 -0.07356
0.41366 -0.24835 -0.07598
0.4128 -0.24778 -0.07844
0.41177 -0.24701 -0.08079
0.40267 -0.24162 0.09872
0.40222 -0.24121 0.10132
0.40248 -0.24182 0.09607
0.40191 -0.24188 0.09348
0.40161 -0.24203 0.09083
0.40131 -0.24254 0.08821
0.40128 -0.24326 0.08562
0.40114 -0.24373 0.08301
0.40153 -0.24422 0.08044
0.40189 -0.24468 0.07784
0.40271 -0.24533 0.07539
0.40358 -0.24538 0.07289
0.40449 -0.24512 0.07039
0.40519 -0.24503 0.06781
0.40574 -0.24521 0.0652
0.40599 -0.24553 0.06256
0.40631 -0.24604 0.05997
0.40703 -0.24674 0.05751
0.4077 -0.24732 0.055
0.40837 -0.24812 0.05254
0.40898 -0.24886 0.05004
0.40942 -0.24915 0.04743
0.41025 -0.24947 0.04492
0.41081 -0.2499 0.04234
0.41099 -0.25043 0.03973
0.41121 -0.25111 0.03717
0.41192 -0.25173 0.03469
0.41256 -0.25191 0.03211
0.41309 -0.25171 0.0295
0.41369 -0.25159 0.02691
0.41447 -0.25157 0.02436
0.41494 -0.25128 0.02175
0.41554 -0.25106 0.01917
0.41574 -0.25098 0.01651
0.41558 -0.25097 0.01385
0.41541 -0.25108 0.01119
0.4156 -0.25116 0.00853
0.4161 -0.25127 0.0059
0.41599 -0.25146 0.00322
0.41626 -0.25215 0.00067
0.4167 -0.25331 -0.00171
0.41747 -0.25434 -0.00406
0.41792 -0.25486 -0.00663
0.41843 -0.25493 -0.00924
0.41883 -0.25462 -0.01185
0.41903 -0.2543 -0.01448
0.4193 -0.25409 -0.01712
0.41961 -0.25376 -0.01976
0.41977 -0.25297 -0.02231
0.41998 -0.25186 -0.02473
0.42012 -0.25081 -0.02717
0.42054 -0.24997 -0.02966
0.42087 -0.24909 -0.03214
0.42116 -0.24842 -0.0347
0.42121 -0.24816 -0.03735
0.42107 -0.24817 -0.04002
0.42104 -0.24812 -0.04268
0.42096 -0.24797 -0.04534
0.42074 -0.24809 -0.04799
0.42062 -0.24855 -0.05061
0.42047 -0.24888 -0.05325
0.42019 -0.24879 -0.05591
0.41978 -0.24858 -0.05853
0.41934 -0.24855 -0.06116
0.4189 -0.24831 -0.06379
0.41821 -0.24783 -0.06632
0.41761 -0.24735 -0.0689
0.41649 -0.24666 -0.07123
0.41577 -0.24624 -0.07376
0.41489 -0.24571 -0.07623
0.41387 -0.24508 -0.07862
0.41282 -0.2443 -0.08094
0.4052 -0.2401 0.09913
0.40539 -0.24077 0.09633
0.40453 -0.24054 0.0936
0.40348 -0.23993 0.09112
0.40271 -0.24013 0.08856
0.40232 -0.24067 0.08595
0.4021 -0.24111 0.08332
0.40238 -0.24155 0.0807
0.4029 -0.24205 0.07812
0.40355 -0.24264 0.07561
0.40465 -0.24275 0.07317
0.40546 -0.24245 0.07062
0.40613 -0.24234 0.06804
0.40664 -0.24251 0.06542
0.40694 -0.24282 0.06278
0.40741 -0.24337 0.06022
0.40804 -0.24403 0.05772
0.40866 -0.24458 0.05518
0.40945 -0.24542 0.05278
0.41015 -0.24618 0.05029
0.41046 -0.24643 0.04763
0.4112 -0.2467 0.04508
0.4119 -0.24717 0.04252
0.41184 -0.24761 0.03987
0.41198 -0.24825 0.03728
0.41226 -0.24875 0.03466
0.41294 -0.24893 0.03208
0.41382 -0.24881 0.02956
0.41455 -0.24872 0.02699
0.41491 -0.2486 0.02435
0.41572 -0.24836 0.02181
0.41629 -0.24813 0.01919
0.41658 -0.24803 0.01649
0.41605 -0.24795 0.01383
0.41523 -0.24802 0.01126
0.4152 -0.24812 0.00857
0.4159 -0.24819 0.00597
0.4161 -0.24839 0.0033
0.41643 -0.24908 0.00075
0.41666 -0.25023 -0.00165
0.41716 -0.25125 -0.00406
0.41779 -0.25175 -0.0066
0.41847 -0.25179 -0.00918
0.41885 -0.25149 -0.01178
0.41941 -0.25122 -0.01437
0.41983 -0.25104 -0.01702
0.41997 -0.25069 -0.01966
0.4202 -0.24991 -0.0222
0.42049 -0.24881 -0.02463
0.42066 -0.24776 -0.02709
0.42103 -0.24691 -0.02959
0.4215 -0.24607 -0.03207
0.42166 -0.24537 -0.03465
0.42176 -0.24513 -0.03731
0.42185 -0.24521 -0.03998
0.42173 -0.24515 -0.04265
0.42154 -0.24499 -0.04531
0.42131 -0.24512 -0.04796
0.4212 -0.24559 -0.05059
0.42107 -0.24594 -0.05324
0.42082 -0.24587 -0.0559
0.42051 -0.24569 -0.05856
0.41982 -0.24562 -0.06114
0.41937 -0.24539 -0.06377
0.4188 -0.24494 -0.06634
0.41821 -0.24446 -0.06889
0.41764 -0.24396 -0.07146
0.41699 -0.24358 -0.07403
0.41603 -0.24303 -0.07648
0.41499 -0.2424 -0.07886
0.41398 -0.24165 -0.08121
0.40739 -0.23817 0.09599
0.40702 -0.23745 0.09881
0.40693 -0.23851 0.09308
0.40546 -0.23791 0.09061
0.40408 -0.23771 0.08827
0.40347 -0.23813 0.08568
0.40341 -0.23863 0.08305
0.40385 -0.23916 0.08047
0.40468 -0.23983 0.07798
0.4049 -0.24017 0.07532
0.40559 -0.24008 0.07276
0.40661 -0.23985 0.07029
0.40745 -0.2398 0.06775
0.40811 -0.24005 0.06516
0.40842 -0.24035 0.06251
0.40875 -0.24082 0.05989
0.40914 -0.24137 0.05732
0.40989 -0.24197 0.05483
0.41055 -0.24275 0.05235
0.41113 -0.24346 0.04983
0.41162 -0.24377 0.04723
0.4124 -0.24405 0.04467
0.41276 -0.24439 0.04203
0.41287 -0.24488 0.0394
0.41304 -0.24552 0.0368
0.41342 -0.24603 0.0342
0.41418 -0.24623 0.03166
0.41508 -0.24613 0.02913
0.4156 -0.24596 0.0265
0.41581 -0.24577 0.02384
0.41619 -0.24544 0.02123
0.41657 -0.24517 0.01857
0.41659 -0.24503 0.01587
0.41589 -0.24497 0.01325
0.41539 -0.24503 0.01063
0.4154 -0.24513 0.00795
0.41544 -0.24522 0.00528
0.41584 -0.2454 0.00262
0.41652 -0.24606 0.00012
0.41701 -0.24721 -0.00225
0.4174 -0.24823 -0.00469
0.41751 -0.24874 -0.00731
0.41811 -0.24877 -0.00985
0.41892 -0.24845 -0.01238
0.41982 -0.24819 -0.0149
0.4203 -0.24802 -0.01755
0.42058 -0.2477 -0.02016
0.42076 -0.24691 -0.0227
0.42103 -0.24581 -0.02514
0.42136 -0.24479 -0.02763
0.42186 -0.24397 -0.03012
0.42224 -0.24311 -0.03264
0.42232 -0.24241 -0.03524
0.42239 -0.24218 -0.03792
0.42245 -0.24227 -0.04059
0.42235 -0.24223 -0.04327
0.42238 -0.24214 -0.04595
0.42214 -0.24228 -0.04862
0.42191 -0.24273 -0.05124
0.42166 -0.24307 -0.05387
0.42146 -0.24302 -0.05655
0.42101 -0.24282 -0.05919
0.42048 -0.2428 -0.06181
0.42013 -0.24262 -0.06445
0.41963 -0.2422 -0.06704
0.41918 -0.24177 -0.06963
0.41867 -0.2413 -0.07223
0.4179 -0.24088 -0.07477
0.41696 -0.24036 -0.07724
0.41606 -0.23983 -0.07971
0.415 -0.23906 -0.08206
0.40585 -0.23391 0.10047
0.40671 -0.23446 0.09791
0.40717 -0.23507 0.09523
0.407 -0.23541 0.09247
0.40632 -0.23526 0.0898
0.40516 -0.23529 0.08735
0.40458 -0.23572 0.08477
0.40468 -0.2363 0.08215
0.40549 -0.23697 0.07967
0.40611 -0.2375 0.07706
0.40603 -0.23774 0.07436
0.40684 -0.23769 0.07183
0.40769 -0.23737 0.06931
0.40867 -0.23735 0.06684
0.40966 -0.23773 0.06435
0.41019 -0.23815 0.06171
0.4101 -0.23841 0.05901
0.41048 -0.23895 0.05642
0.41123 -0.23954 0.05392
0.41176 -0.24027 0.05139
0.41211 -0.2409 0.04881
0.41264 -0.24123 0.04622
0.41329 -0.24145 0.04363
0.41386 -0.24187 0.04103
0.41406 -0.24237 0.0384
0.41432 -0.24303 0.03581
0.4149 -0.24363 0.03326
0.41596 -0.24393 0.03079
0.41629 -0.24358 0.02809
0.41641 -0.24328 0.02541
0.41633 -0.24302 0.02275
0.41665 -0.24268 0.02012
0.41677 -0.24238 0.01742
0.41626 -0.24223 0.01477
0.4157 -0.24215 0.01213
0.41557 -0.24222 0.00946
0.41536 -0.2423 0.00678
0.41531 -0.24239 0.00409
0.41576 -0.24257 0.00142
0.41669 -0.24321 -0.00103
0.41699 -0.24437 -0.00345
0.41735 -0.24538 -0.00588
0.41776 -0.24588 -0.00844
0.41851 -0.24588 -0.0109
0.41935 -0.24557 -0.01344
0.42017 -0.24531 -0.01599
0.42106 -0.24518 -0.01857
0.42122 -0.24485 -0.02119
0.42133 -0.24406 -0.02373
0.42168 -0.24299 -0.02622
0.42199 -0.24197 -0.02874
0.42255 -0.24117 -0.03125
0.42262 -0.24026 -0.03379
0.42277 -0.23959 -0.0364
0.42288 -0.23938 -0.03908
0.42285 -0.23948 -0.04176
0.42289 -0.23948 -0.04444
0.42312 -0.23944 -0.04713
0.42296 -0.23963 -0.04982
0.42268 -0.24009 -0.05245
0.42238 -0.24042 -0.05507
0.42217 -0.24039 -0.05776
0.42156 -0.24014 -0.06037
0.42128 -0.24021 -0.06303
0.42092 -0.24005 -0.06568
0.42045 -0.23966 -0.06829
0.41977 -0.23914 -0.07083
0.41919 -0.23865 -0.07341
0.41842 -0.23825 -0.07594
0.41765 -0.23782 -0.07848
0.41682 -0.23734 -0.08101
0.40524 -0.23129 0.09966
0.40598 -0.23184 0.09714
0.40665 -0.23239 0.09455
0.40652 -0.23267 0.09185
0.40628 -0.23249 0.08918
0.40601 -0.23275 0.08652
0.40578 -0.23334 0.08391
0.40594 -0.23394 0.08131
0.40629 -0.23443 0.0787
0.40674 -0.23489 0.07609
0.40715 -0.23529 0.07347
0.40774 -0.23515 0.07087
0.40856 -0.23481 0.06835
0.40977 -0.23482 0.06596
0.41083 -0.23516 0.06347
0.41127 -0.23555 0.06079
0.41136 -0.23593 0.05813
0.41171 -0.23646 0.05554
0.41239 -0.23701 0.05299
0.41272 -0.23769 0.05041
0.41298 -0.23831 0.04781
0.41366 -0.23867 0.04524
0.41483 -0.23909 0.04283
0.41522 -0.23942 0.04016
0.4154 -0.2399 0.03752
0.41582 -0.24061 0.03497
0.4164 -0.24118 0.03241
0.41688 -0.24124 0.02975
0.4169 -0.24082 0.02707
0.41702 -0.24052 0.0244
0.41696 -0.24028 0.02173
0.41689 -0.23987 0.01908
0.41669 -0.23954 0.01641
0.41626 -0.23938 0.01376
0.41573 -0.23928 0.01112
0.41563 -0.23935 0.00843
0.41562 -0.23943 0.00575
0.41561 -0.23951 0.00306
0.41602 -0.23967 0.0004
0.41685 -0.24033 -0.00207
0.41735 -0.24148 -0.00445
0.4176 -0.2425 -0.00693
0.41815 -0.243 -0.00948
0.41887 -0.24301 -0.012
0.42 -0.24271 -0.01443
0.42072 -0.24244 -0.01702
0.42138 -0.24228 -0.01964
0.42171 -0.24198 -0.02226
0.42198 -0.24123 -0.02481
0.42232 -0.24016 -0.02729
0.4227 -0.23915 -0.0298
0.42303 -0.23831 -0.03233
0.42329 -0.23744 -0.03487
0.42347 -0.23679 -0.03747
0.42356 -0.2366 -0.04016
0.42348 -0.23669 -0.04284
0.42362 -0.23674 -0.04552
0.42377 -0.23669 -0.0482
0.42385 -0.23693 -0.05087
0.42427 -0.23768 -0.05352
0.4235 -0.23784 -0.05618
0.42284 -0.23766 -0.05878
0.42232 -0.23745 -0.06141
0.42198 -0.23752 -0.06406
0.42175 -0.23743 -0.06674
0.42126 -0.23704 -0.06936
0.42062 -0.23655 -0.07192
0.42005 -0.23609 -0.07451
0.41931 -0.2357 -0.07706
0.41859 -0.23531 -0.07963
0.41777 -0.23484 -0.08217
0.40609 -0.22911 0.09701
0.40532 -0.22855 0.09953
0.40698 -0.22972 0.09449
0.40707 -0.22997 0.09178
0.40732 -0.22992 0.0891
0.40725 -0.23025 0.08643
0.4071 -0.23087 0.08382
0.40702 -0.23137 0.08118
0.4072 -0.23179 0.07854
0.4076 -0.23222 0.07591
0.4081 -0.23264 0.07331
0.40845 -0.2324 0.07065
0.40916 -0.23203 0.06808
0.41001 -0.23196 0.06553
0.41086 -0.23225 0.063
0.41158 -0.23266 0.06044
0.41206 -0.23313 0.05783
0.41244 -0.23367 0.05523
0.41294 -0.23417 0.05263
0.41341 -0.23488 0.05008
0.41379 -0.23553 0.04749
0.41463 -0.23593 0.04497
0.41599 -0.23637 0.04265
0.41676 -0.23684 0.04004
0.41665 -0.23722 0.03733
0.41665 -0.23777 0.03471
0.41731 -0.23834 0.03215
0.41757 -0.23834 0.02945
0.41753 -0.23792 0.02678
0.41767 -0.23763 0.02411
0.41758 -0.23737 0.02143
0.41744 -0.23695 0.01878
0.41712 -0.23658 0.01613
0.41652 -0.23638 0.01351
0.416 -0.23626 0.01087
0.41588 -0.23632 0.00817
0.41612 -0.23644 0.00548
0.41623 -0.23652 0.00279
0.41653 -0.23665 0.00013
0.41704 -0.23729 -0.00243
0.41759 -0.23845 -0.00481
0.41803 -0.23947 -0.00725
0.41884 -0.24001 -0.00974
0.41955 -0.24002 -0.01232
0.42042 -0.23969 -0.01483
0.42124 -0.23942 -0.01737
0.42182 -0.23926 -0.02001
0.42229 -0.23898 -0.02264
0.42276 -0.23828 -0.0252
0.42321 -0.23723 -0.02765
0.42346 -0.23617 -0.03013
0.42381 -0.23535 -0.03266
0.42423 -0.23453 -0.03519
0.42457 -0.23394 -0.03779
0.42459 -0.23374 -0.04048
0.42431 -0.23378 -0.04316
0.42434 -0.23381 -0.04584
0.42457 -0.23379 -0.04852
0.42464 -0.23402 -0.05119
0.4249 -0.23466 -0.05382
0.42433 -0.23495 -0.05646
0.42367 -0.23479 -0.05908
0.42343 -0.23471 -0.06175
0.42315 -0.23483 -0.06443
0.42293 -0.23476 -0.06711
0.42255 -0.23442 -0.06976
0.42212 -0.23406 -0.0724
0.42156 -0.23363 -0.07501
0.42071 -0.23318 -0.07753
0.41995 -0.23276 -0.08008
0.41906 -0.23226 -0.08259
0.40679 -0.22645 0.09724
0.40611 -0.22593 0.09979
0.4077 -0.22711 0.09475
0.40814 -0.22744 0.09209
0.40855 -0.22743 0.08941
0.40868 -0.22786 0.08675
0.40849 -0.22846 0.08411
0.40842 -0.22895 0.08147
0.40872 -0.22944 0.07885
0.40883 -0.2297 0.07616
0.40897 -0.22995 0.07348
0.4095 -0.22976 0.07086
0.40992 -0.22925 0.06823
0.41078 -0.22918 0.06566
0.41172 -0.22949 0.06315
0.41248 -0.22991 0.06059
0.41292 -0.23037 0.05796
0.41331 -0.2309 0.05535
0.41363 -0.23134 0.0527
0.414 -0.23203 0.05012
0.41452 -0.23271 0.04756
0.41536 -0.2331 0.04503
0.41639 -0.23344 0.04256
0.4172 -0.23386 0.03999
0.41721 -0.2343 0.0373
0.41713 -0.23485 0.03465
0.41763 -0.23537 0.03204
0.41809 -0.2354 0.02939
0.41853 -0.23511 0.02674
0.41871 -0.23483 0.02406
0.41866 -0.23458 0.02137
0.41841 -0.23411 0.01872
0.41792 -0.23368 0.01611
0.41713 -0.2334 0.01354
0.41642 -0.23322 0.01091
0.41636 -0.23329 0.00818
0.41666 -0.23342 0.00549
0.41729 -0.23364 0.00285
0.41734 -0.23368 0.00014
0.41778 -0.2343 -0.00245
0.41823 -0.23545 -0.00486
0.41857 -0.23644 -0.00733
0.41931 -0.23695 -0.00985
0.42024 -0.237 -0.01236
0.42105 -0.23666 -0.0149
0.42193 -0.23642 -0.01742
0.4226 -0.23628 -0.02005
0.4232 -0.23604 -0.02267
0.42368 -0.23534 -0.02524
0.42408 -0.23427 -0.0277
0.42442 -0.23323 -0.03018
0.42497 -0.23248 -0.03269
0.4255 -0.23172 -0.03522
0.42592 -0.23117 -0.03784
0.42599 -0.23102 -0.04054
0.42584 -0.23113 -0.04324
0.42548 -0.231 -0.04591
0.42546 -0.23089 -0.0486
0.42546 -0.23111 -0.05129
0.42549 -0.23169 -0.05392
0.4253 -0.2321 -0.05658
0.42512 -0.23215 -0.05926
0.42505 -0.23221 -0.06196
0.42469 -0.23229 -0.06463
0.42442 -0.23223 -0.06731
0.42409 -0.23192 -0.06997
0.4238 -0.23164 -0.07264
0.42332 -0.23126 -0.07531
0.42224 -0.23068 -0.07775
0.42133 -0.2302 -0.08024
0.42045 -0.2297 -0.08273
0.40814 -0.22405 0.09748
0.40756 -0.22359 0.10007
0.40878 -0.22456 0.09489
0.40937 -0.22495 0.09226
0.40983 -0.22495 0.08958
0.40996 -0.22536 0.08691
0.40979 -0.22597 0.08427
0.40967 -0.22645 0.08161
0.4101 -0.22699 0.07899
0.41033 -0.22731 0.07631
0.4104 -0.2275 0.07361
0.41068 -0.22716 0.07094
0.41121 -0.22667 0.06833
0.41198 -0.22657 0.06573
0.41285 -0.22684 0.06318
0.41346 -0.22719 0.06056
0.41383 -0.22762 0.05791
0.41427 -0.22816 0.0553
0.4145 -0.22856 0.05263
0.41471 -0.2292 0.05001
0.41526 -0.22989 0.04744
0.41612 -0.23028 0.04491
0.41692 -0.23057 0.04234
0.41707 -0.23089 0.03965
0.4174 -0.23136 0.03701
0.41764 -0.23195 0.03438
0.41818 -0.23246 0.03177
0.41881 -0.23252 0.02914
0.41957 -0.23231 0.02653
0.41985 -0.23208 0.02384
0.41989 -0.23186 0.02114
0.41982 -0.23147 0.01844
0.41905 -0.2309 0.01589
0.41829 -0.2306 0.01331
0.41757 -0.23037 0.01069
0.4174 -0.23039 0.00796
0.41781 -0.23058 0.00528
0.41829 -0.23077 0.00262
0.41844 -0.23081 -9e-05
0.41884 -0.23142 -0.0027
0.41911 -0.23252 -0.00516
0.41932 -0.23347 -0.00767
0.41993 -0.23395 -0.01024
0.42094 -0.23401 -0.01271
0.422 -0.23375 -0.01517
0.42292 -0.23353 -0.0177
0.42376 -0.23345 -0.02029
0.42429 -0.23317 -0.02293
0.4249 -0.23251 -0.02549
0.42522 -0.2314 -0.02797
0.42557 -0.23038 -0.03046
0.4261 -0.22963 -0.03299
0.42667 -0.22888 -0.03553
0.42715 -0.22837 -0.03815
0.42724 -0.22823 -0.04086
0.42725 -0.22844 -0.04357
0.42688 -0.22834 -0.04626
0.4268 -0.22821 -0.04896
0.42673 -0.22839 -0.05165
0.42671 -0.22896 -0.05429
0.42693 -0.22959 -0.0569
0.42723 -0.23004 -0.05955
0.42738 -0.23039 -0.06224
0.427 -0.23047 -0.06494
0.42639 -0.23005 -0.06756
0.42577 -0.2295 -0.07013
0.42522 -0.22904 -0.07273
0.42479 -0.22868 -0.07538
0.42398 -0.22832 -0.07798
0.42292 -0.22776 -0.08041
0.42203 -0.22726 -0.0829
0.40963 -0.22169 0.09739
0.40897 -0.22119 0.09998
0.41008 -0.2221 0.09473
0.41057 -0.22242 0.09208
0.41101 -0.22241 0.08939
0.41111 -0.2228 0.08671
0.41091 -0.2234 0.08406
0.41098 -0.22398 0.08142
0.41127 -0.22444 0.07877
0.41153 -0.22476 0.07608
0.41164 -0.22496 0.07338
0.41209 -0.22469 0.07072
0.41282 -0.2243 0.06814
0.41345 -0.22411 0.06552
0.41398 -0.22421 0.06286
0.41436 -0.22447 0.06019
0.41485 -0.22492 0.05755
0.41514 -0.22541 0.05491
0.41547 -0.22585 0.05225
0.41579 -0.22652 0.04964
0.41642 -0.22723 0.0471
0.41712 -0.22756 0.0445
0.41782 -0.22783 0.0419
0.41805 -0.22814 0.03922
0.41806 -0.22851 0.03653
0.41827 -0.22908 0.03387
0.4189 -0.22961 0.03128
0.41965 -0.2297 0.02867
0.42028 -0.22943 0.02605
0.42096 -0.22932 0.02342
0.42116 -0.22918 0.02069
0.42104 -0.22877 0.01799
0.4206 -0.22837 0.01533
0.41983 -0.22805 0.01275
0.41926 -0.22789 0.01011
0.41944 -0.22813 0.00742
0.41949 -0.22809 0.0047
0.41953 -0.22803 0.00198
0.41974 -0.22809 -0.00073
0.42013 -0.22871 -0.00335
0.42025 -0.22975 -0.00586
0.4204 -0.23067 -0.00839
0.42102 -0.23115 -0.01097
0.42209 -0.23123 -0.01341
0.42338 -0.23106 -0.01579
0.42452 -0.23094 -0.01826
0.42551 -0.23095 -0.02088
0.42559 -0.23043 -0.02358
0.42566 -0.22955 -0.02615
0.42614 -0.22852 -0.02863
0.42681 -0.22763 -0.03113
0.42741 -0.22694 -0.03367
0.42818 -0.22632 -0.03621
0.42856 -0.22575 -0.03886
0.42842 -0.2255 -0.04157
0.42832 -0.22567 -0.04426
0.42823 -0.22571 -0.04697
0.42828 -0.22566 -0.04968
0.42823 -0.22586 -0.05237
0.4287 -0.22677 -0.05488
0.42952 -0.22804 -0.05717
0.43007 -0.22891 -0.05977
0.43019 -0.22927 -0.0626
0.42957 -0.22902 -0.06536
0.42876 -0.22829 -0.06793
0.42771 -0.22726 -0.07023
0.42672 -0.2265 -0.0726
0.42633 -0.22618 -0.07524
0.42565 -0.2259 -0.07789
0.42466 -0.2254 -0.08039
0.42375 -0.22491 -0.08289
0.41092 -0.21925 0.09758
0.4114 -0.21967 0.09491
0.41174 -0.21992 0.09222
0.41224 -0.21993 0.08955
0.41233 -0.22031 0.08685
0.41215 -0.2209 0.08418
0.41215 -0.22144 0.08153
0.41227 -0.22182 0.07887
0.41253 -0.22213 0.07618
0.41285 -0.22241 0.07351
0.41351 -0.22224 0.07089
0.41431 -0.22187 0.06831
0.41468 -0.22152 0.06563
0.41542 -0.22171 0.06298
0.41535 -0.22176 0.06023
0.41546 -0.22208 0.05753
0.41569 -0.22255 0.05485
0.41653 -0.22314 0.05231
0.4168 -0.22379 0.04965
0.41739 -0.22449 0.04709
0.41848 -0.22495 0.04464
0.4194 -0.22527 0.04202
0.41926 -0.22544 0.03925
0.4189 -0.22568 0.03653
0.41922 -0.22627 0.03389
0.41971 -0.22675 0.03127
0.42051 -0.22685 0.02869
0.4215 -0.22669 0.02614
0.422 -0.22651 0.02345
0.42257 -0.22649 0.02075
0.42258 -0.22618 0.018
0.4223 -0.22589 0.01527
0.42158 -0.22559 0.01264
0.42121 -0.22557 0.00997
0.42103 -0.22554 0.00725
0.42106 -0.22548 0.00453
0.4214 -0.22561 0.00183
0.42152 -0.22557 -0.00089
0.42162 -0.22602 -0.00357
0.42167 -0.22703 -0.00613
0.42191 -0.22799 -0.00863
0.4225 -0.22845 -0.01122
0.4235 -0.2285 -0.01373
0.42467 -0.22827 -0.01614
0.42614 -0.22826 -0.01852
0.42695 -0.22809 -0.02128
0.4265 -0.22745 -0.02399
0.42652 -0.22661 -0.02656
0.42721 -0.22564 -0.029
0.4281 -0.22484 -0.03144
0.42916 -0.22436 -0.0339
0.43045 -0.22404 -0.03644
0.43035 -0.22325 -0.03918
0.43009 -0.22294 -0.04188
0.42982 -0.22304 -0.04455
0.42973 -0.22307 -0.04726
0.42964 -0.22295 -0.04996
0.42996 -0.22338 -0.0526
0.43095 -0.22469 -0.05478
0.43207 -0.22612 -0.05693
0.43271 -0.22699 -0.05963
0.43288 -0.22737 -0.06253
0.43242 -0.22738 -0.06549
0.4312 -0.22637 -0.06804
0.42955 -0.22496 -0.06986
0.42827 -0.22404 -0.07204
0.42778 -0.22367 -0.07468
0.42738 -0.22353 -0.07741
0.42651 -0.22313 -0.07998
0.42562 -0.22268 -0.0825
0.42504 -0.22226 -0.08512
0.41257 -0.21744 0.09613
0.41186 -0.21689 0.09873
0.41311 -0.21783 0.09347
0.41358 -0.21785 0.09079
0.4136 -0.21816 0.08809
0.4136 -0.21884 0.08541
0.41336 -0.2192 0.08271
0.41324 -0.21946 0.08003
0.41329 -0.21967 0.07733
0.41367 -0.21995 0.07464
0.41442 -0.2198 0.07203
0.41531 -0.21946 0.06948
0.41567 -0.21909 0.0668
0.41597 -0.21907 0.06411
0.41626 -0.21927 0.0614
0.41633 -0.21957 0.0587
0.41655 -0.22001 0.05601
0.41706 -0.22048 0.05338
0.41751 -0.22119 0.05078
0.41776 -0.22176 0.04809
0.4186 -0.22214 0.04553
0.41952 -0.22243 0.04297
0.41975 -0.22271 0.04026
0.41967 -0.22302 0.03755
0.41989 -0.22356 0.0349
0.42044 -0.22405 0.0323
0.42126 -0.22415 0.02972
0.42183 -0.22386 0.02707
0.42261 -0.22374 0.02445
0.42292 -0.22361 0.02174
0.42358 -0.22347 0.01908
0.42399 -0.22345 0.01632
0.42349 -0.22336 0.01358
0.42287 -0.2232 0.01092
0.42272 -0.22318 0.0082
0.42263 -0.22304 0.00549
0.42331 -0.22337 0.00281
0.42331 -0.22326 8e-05
0.42307 -0.22348 -0.00261
0.42292 -0.22436 -0.00521
0.42319 -0.22534 -0.00772
0.42402 -0.22592 -0.01022
0.42477 -0.22582 -0.01284
0.42581 -0.2255 -0.0153
0.42668 -0.22522 -0.01788
0.42709 -0.22497 -0.0206
0.42698 -0.22445 -0.02329
0.42737 -0.22372 -0.02587
0.42831 -0.22285 -0.02827
0.42927 -0.22206 -0.0307
0.43003 -0.22143 -0.03322
0.43099 -0.22089 -0.03571
0.43197 -0.22065 -0.03836
0.43162 -0.22038 -0.04115
0.43127 -0.22045 -0.04384
0.43107 -0.22044 -0.04653
0.43087 -0.22028 -0.04922
0.43123 -0.22072 -0.05184
0.4324 -0.22197 -0.05402
0.43311 -0.22307 -0.05644
0.43384 -0.2239 -0.05901
0.43418 -0.22431 -0.06186
0.4339 -0.2244 -0.06478
0.43301 -0.22376 -0.06749
0.43153 -0.2227 -0.06967
0.43009 -0.22174 -0.07177
0.42936 -0.22123 -0.07433
0.42858 -0.22088 -0.07691
0.42783 -0.22053 -0.07949
0.42726 -0.22024 -0.08214
0.42651 -0.21971 -0.08474
0.41336 -0.21516 0.09757
0.41418 -0.21572 0.09503
0.41512 -0.21613 0.09243
0.41506 -0.2164 0.08967
0.41465 -0.21677 0.08698
0.41457 -0.21723 0.08429
0.41421 -0.21734 0.0816
0.41398 -0.21742 0.07888
0.41437 -0.21768 0.07617
0.41516 -0.21753 0.07358
0.41602 -0.21715 0.07102
0.41668 -0.21691 0.06839
0.4169 -0.21683 0.06569
0.41684 -0.21685 0.06294
0.41724 -0.2173 0.06026
0.41739 -0.2177 0.05756
0.41786 -0.21813 0.05491
0.41809 -0.21875 0.05227
0.41833 -0.2193 0.0496
0.41879 -0.21955 0.04692
0.41915 -0.21973 0.04424
0.41972 -0.22005 0.04158
0.42027 -0.2205 0.03896
0.42036 -0.22097 0.03628
0.42082 -0.22142 0.03365
0.42181 -0.22156 0.03111
0.42248 -0.22129 0.02847
0.42278 -0.22104 0.02577
0.42326 -0.22095 0.02309
0.42377 -0.22075 0.02041
0.42409 -0.22066 0.01771
0.4243 -0.22073 0.01498
0.42427 -0.22083 0.01226
0.42401 -0.22075 0.00953
0.42407 -0.22068 0.00681
0.42433 -0.22073 0.00409
0.42477 -0.22089 0.00141
0.42472 -0.22124 -0.00128
0.42442 -0.22203 -0.00388
0.42444 -0.22281 -0.00648
0.42496 -0.22318 -0.00911
0.4258 -0.22313 -0.01169
0.4266 -0.2227 -0.01424
0.42719 -0.22234 -0.01687
0.42822 -0.22236 -0.01946
0.42827 -0.22188 -0.02219
0.42864 -0.22112 -0.02478
0.42948 -0.2202 -0.0272
0.43021 -0.21929 -0.02966
0.43085 -0.21862 -0.03221
0.43155 -0.21799 -0.03474
0.43296 -0.21795 -0.03718
0.4331 -0.21789 -0.04002
0.4326 -0.21791 -0.04273
0.43233 -0.21789 -0.04542
0.43217 -0.21777 -0.04812
0.43192 -0.21796 -0.05079
0.43238 -0.21897 -0.05327
0.43298 -0.22001 -0.05575
0.43332 -0.22081 -0.05834
0.43365 -0.22122 -0.06104
0.43355 -0.22134 -0.06381
0.43314 -0.22076 -0.06647
0.43264 -0.21997 -0.06903
0.43237 -0.21963 -0.07178
0.43138 -0.21897 -0.07431
0.43001 -0.21833 -0.07658
0.42919 -0.21796 -0.07912
0.42852 -0.21761 -0.08174
0.42774 -0.21706 -0.08433
0.4153 -0.21324 0.09579
0.41439 -0.21264 0.09827
0.41645 -0.21379 0.09335
0.41711 -0.21475 0.0907
0.41646 -0.21487 0.08789
0.41538 -0.21468 0.08531
0.41513 -0.21488 0.08259
0.41524 -0.21508 0.07987
0.4151 -0.2151 0.07711
0.41582 -0.21489 0.07447
0.41685 -0.21456 0.07195
0.41772 -0.21443 0.06938
0.41828 -0.21451 0.06673
0.41843 -0.21463 0.06402
0.41817 -0.21469 0.06128
0.41831 -0.2151 0.05855
0.4189 -0.2156 0.05591
0.41919 -0.21624 0.05328
0.41944 -0.2168 0.05063
0.41983 -0.217 0.04795
0.42005 -0.21707 0.04523
0.42033 -0.21729 0.04251
0.42087 -0.21774 0.03987
0.42123 -0.2183 0.03724
0.42167 -0.21873 0.0346
0.42222 -0.21872 0.03193
0.42284 -0.21843 0.02929
0.42346 -0.21826 0.02664
0.42368 -0.21809 0.02392
0.42435 -0.21795 0.02127
0.42466 -0.21784 0.01856
0.42488 -0.21789 0.01585
0.4252 -0.21806 0.01315
0.42555 -0.21826 0.01044
0.42576 -0.21828 0.00772
0.42586 -0.21823 0.00499
0.42615 -0.21828 0.00228
0.42635 -0.21878 -0.00038
0.42616 -0.21966 -0.00297
0.42608 -0.22037 -0.00557
0.42645 -0.22062 -0.00824
0.42712 -0.22045 -0.01088
0.42784 -0.21998 -0.01345
0.42837 -0.21958 -0.01608
0.42905 -0.21944 -0.0187
0.43013 -0.21946 -0.02127
0.43067 -0.21885 -0.02395
0.431 -0.21763 -0.02644
0.43129 -0.21652 -0.0289
0.43182 -0.2158 -0.03145
0.43266 -0.21522 -0.03395
0.43425 -0.21526 -0.03631
0.43459 -0.2153 -0.03918
0.43402 -0.21531 -0.04191
0.43367 -0.21528 -0.0446
0.43348 -0.21516 -0.04731
0.43319 -0.21534 -0.05001
0.43258 -0.21604 -0.05258
0.43262 -0.2171 -0.05508
0.43285 -0.21794 -0.05765
0.43308 -0.21836 -0.06031
0.43373 -0.21849 -0.06296
0.43417 -0.21806 -0.06569
0.43377 -0.21727 -0.06833
0.43328 -0.21675 -0.071
0.43237 -0.21617 -0.07353
0.43143 -0.21577 -0.07607
0.4305 -0.21537 -0.07859
0.42964 -0.21495 -0.08114
0.42887 -0.2144 -0.08373
0.4158 -0.21018 0.09807
0.41682 -0.21084 0.09567
0.4183 -0.21158 0.09354
0.41959 -0.21307 0.09101
0.41881 -0.21319 0.08786
0.41704 -0.2124 0.08558
0.4159 -0.21215 0.08303
0.41576 -0.21226 0.0802
0.4163 -0.21255 0.0775
0.41692 -0.21224 0.07482
0.41821 -0.21206 0.0724
0.41898 -0.21185 0.06981
0.41968 -0.21201 0.06719
0.42019 -0.21238 0.06455
0.42008 -0.21253 0.06183
0.41988 -0.21265 0.05909
0.42022 -0.21302 0.05637
0.42047 -0.21365 0.05373
0.42066 -0.21418 0.05107
0.42106 -0.21437 0.04838
0.42134 -0.21445 0.04567
0.42148 -0.21459 0.04294
0.42188 -0.21497 0.04024
0.42241 -0.21561 0.03764
0.42265 -0.21594 0.03495
0.42326 -0.21594 0.03229
0.42374 -0.2156 0.02962
0.42416 -0.21537 0.02694
0.42473 -0.21531 0.02427
0.42525 -0.21511 0.02159
0.42564 -0.21502 0.0189
0.42604 -0.21513 0.01621
0.42627 -0.21525 0.0135
0.42658 -0.2154 0.01079
0.42682 -0.21541 0.00807
0.4274 -0.2156 0.0054
0.42792 -0.21577 0.00273
0.42805 -0.21623 4e-05
0.42792 -0.21714 -0.00253
0.42773 -0.21778 -0.00517
0.42797 -0.21794 -0.00787
0.42852 -0.21769 -0.01052
0.42922 -0.21721 -0.01309
0.42964 -0.21677 -0.01574
0.42987 -0.21645 -0.01844
0.43083 -0.21636 -0.02099
0.43208 -0.21605 -0.02349
0.43267 -0.21502 -0.02604
0.43296 -0.21392 -0.02853
0.43329 -0.2131 -0.03108
0.43408 -0.21249 -0.03357
0.43535 -0.21234 -0.03603
0.43575 -0.21242 -0.03887
0.4352 -0.2125 -0.04159
0.43498 -0.21255 -0.0443
0.43479 -0.21244 -0.04702
0.43464 -0.21269 -0.04973
0.43388 -0.21334 -0.05229
0.43306 -0.21417 -0.05475
0.4327 -0.21497 -0.05733
0.43278 -0.21538 -0.06004
0.43393 -0.21555 -0.06255
0.43487 -0.21516 -0.06523
0.43419 -0.21435 -0.0679
0.43311 -0.21378 -0.07038
0.43253 -0.21324 -0.07299
0.43209 -0.2129 -0.07567
0.43141 -0.21258 -0.07831
0.43041 -0.21214 -0.08082
0.42957 -0.21158 -0.08338
0.42777 -0.21359 -0.08614
0.42845 -0.21077 -0.08575
0.41677 -0.20752 0.09778
0.41796 -0.20824 0.09549
0.41957 -0.20893 0.09346
0.42153 -0.21043 0.09119
0.42067 -0.21086 0.08782
0.41867 -0.21014 0.08563
0.41729 -0.20961 0.08319
0.41717 -0.20972 0.08031
0.4175 -0.2099 0.07753
0.41858 -0.20987 0.07498
0.41989 -0.20973 0.0726
0.42084 -0.20963 0.07006
0.42143 -0.20971 0.06741
0.42196 -0.21011 0.06476
0.42214 -0.21049 0.06206
0.42189 -0.21055 0.05933
0.42224 -0.2109 0.05663
0.42189 -0.2111 0.05391
0.42198 -0.21158 0.0512
0.42235 -0.21175 0.0485
0.42276 -0.2119 0.04582
0.42289 -0.21199 0.04307
0.42333 -0.21238 0.04039
0.4237 -0.21293 0.03775
0.42419 -0.21339 0.03511
0.42463 -0.2133 0.03242
0.42513 -0.21296 0.02975
0.42535 -0.21262 0.02705
0.42596 -0.21259 0.02438
0.42632 -0.21232 0.02169
0.42665 -0.2122 0.01899
0.42705 -0.21229 0.0163
0.42733 -0.21241 0.01359
0.42775 -0.2126 0.0109
0.42831 -0.21274 0.00823
0.42869 -0.21281 0.00553
0.42938 -0.21302 0.00288
0.42946 -0.21346 0.00017
0.42927 -0.21435 -0.00241
0.42935 -0.21512 -0.00502
0.42946 -0.21521 -0.00774
0.42961 -0.21478 -0.01042
0.43035 -0.21433 -0.01298
0.43085 -0.21393 -0.01562
0.43129 -0.2137 -0.01829
0.43218 -0.21358 -0.02087
0.43305 -0.21307 -0.02343
0.43383 -0.2121 -0.0259
0.43417 -0.21105 -0.02842
0.43469 -0.21034 -0.03099
0.43533 -0.20966 -0.03354
0.43615 -0.20934 -0.03612
0.43665 -0.20951 -0.03884
0.43634 -0.20969 -0.04158
0.43617 -0.20977 -0.04429
0.43612 -0.20972 -0.04702
0.43594 -0.20997 -0.04973
0.4354 -0.21075 -0.05231
0.43454 -0.21158 -0.05476
0.43371 -0.21215 -0.05729
0.43361 -0.21248 -0.06001
0.43414 -0.21258 -0.06268
0.43488 -0.21217 -0.06532
0.43446 -0.21141 -0.06796
0.4335 -0.21085 -0.07047
0.43292 -0.21032 -0.07308
0.43243 -0.20998 -0.07574
0.43204 -0.20971 -0.07845
0.43122 -0.20933 -0.08105
0.43024 -0.20876 -0.08356
0.42906 -0.20793 -0.0859
0.41817 -0.20546 0.09605
0.41979 -0.20612 0.09395
0.42134 -0.20729 0.09182
0.42236 -0.20848 0.08886
0.42073 -0.20825 0.08603
0.41929 -0.20766 0.08361
0.41929 -0.20786 0.08082
0.41964 -0.20802 0.0781
0.42041 -0.20772 0.07548
0.42166 -0.20752 0.07305
0.42268 -0.20743 0.07053
0.42343 -0.20765 0.06794
0.42368 -0.2078 0.06526
0.4236 -0.20796 0.06254
0.4236 -0.20824 0.05981
0.42372 -0.20843 0.05712
0.42349 -0.20871 0.05441
0.42343 -0.20909 0.05168
0.42378 -0.20925 0.04897
0.4241 -0.20934 0.04626
0.42439 -0.20952 0.04353
0.42496 -0.20998 0.04088
0.42541 -0.21057 0.03827
0.42551 -0.21078 0.03556
0.42587 -0.21064 0.03286
0.42639 -0.2103 0.03019
0.42683 -0.21007 0.02751
0.42765 -0.21019 0.02488
0.428 -0.20991 0.02216
0.428 -0.20958 0.01945
0.4283 -0.2096 0.01674
0.42857 -0.2097 0.01403
0.42892 -0.20983 0.01132
0.42931 -0.20988 0.00862
0.42968 -0.20994 0.00591
0.42997 -0.20999 0.0032
0.43015 -0.21047 0.00053
0.43021 -0.21144 -0.00203
0.43037 -0.21223 -0.00463
0.43052 -0.21234 -0.00734
0.43079 -0.21196 -0.01003
0.43156 -0.21153 -0.01259
0.43214 -0.21116 -0.01521
0.4327 -0.21099 -0.01787
0.4334 -0.21078 -0.02051
0.43421 -0.21026 -0.0231
0.43489 -0.20925 -0.02555
0.43557 -0.20833 -0.02802
0.43624 -0.20771 -0.03058
0.43688 -0.20704 -0.03313
0.43764 -0.20671 -0.03573
0.43797 -0.20682 -0.03845
0.43791 -0.20713 -0.04117
0.43778 -0.20725 -0.0439
0.43784 -0.20731 -0.04662
0.4377 -0.20761 -0.04933
0.43705 -0.20829 -0.0519
0.43629 -0.2092 -0.05438
0.4355 -0.20978 -0.05692
0.43523 -0.21001 -0.05962
0.43531 -0.20987 -0.06235
0.43534 -0.20929 -0.06502
0.43502 -0.20856 -0.06764
0.43439 -0.20807 -0.07026
0.43381 -0.20754 -0.07288
0.43313 -0.20716 -0.07549
0.43259 -0.20687 -0.07816
0.43199 -0.20654 -0.08082
0.43114 -0.206 -0.08338
0.43006 -0.20521 -0.08579
0.41989 -0.2033 0.09403
0.41823 -0.20262 0.0961
0.42129 -0.20443 0.09188
0.42274 -0.20558 0.08952
0.42248 -0.20601 0.08643
0.42125 -0.20567 0.08382
0.42117 -0.20581 0.08107
0.42175 -0.20614 0.07841
0.42241 -0.20568 0.07576
0.42387 -0.20569 0.07343
0.42513 -0.20591 0.07102
0.42589 -0.20616 0.06842
0.4262 -0.20635 0.06572
0.42603 -0.20633 0.06299
0.42576 -0.20628 0.06026
0.42578 -0.20636 0.05754
0.42544 -0.20654 0.05483
0.4251 -0.2067 0.0521
0.42526 -0.20675 0.04936
0.4255 -0.20679 0.04662
0.42577 -0.20696 0.04388
0.42628 -0.20739 0.04121
0.42701 -0.20809 0.03864
0.42695 -0.2082 0.0359
0.42708 -0.20792 0.03318
0.42774 -0.20765 0.03052
0.42852 -0.20763 0.0279
0.42922 -0.20766 0.02524
0.42975 -0.20748 0.02254
0.42989 -0.20725 0.01982
0.43008 -0.20717 0.01709
0.43008 -0.20708 0.01436
0.43022 -0.2071 0.01164
0.43056 -0.20712 0.00893
0.43074 -0.20708 0.00619
0.4309 -0.20708 0.00346
0.43096 -0.2075 0.00077
0.43121 -0.20854 -0.00176
0.43137 -0.20932 -0.00436
0.43176 -0.20953 -0.00705
0.43222 -0.20923 -0.00972
0.43298 -0.20881 -0.01227
0.4338 -0.20858 -0.01485
0.43436 -0.2084 -0.01754
0.43479 -0.20805 -0.02022
0.43557 -0.20753 -0.0228
0.43626 -0.2065 -0.02526
0.43679 -0.2055 -0.02775
0.43758 -0.20494 -0.03028
0.43858 -0.2045 -0.03278
0.43943 -0.20427 -0.03537
0.43967 -0.20431 -0.03811
0.43949 -0.20454 -0.04083
0.43961 -0.20484 -0.04352
0.43997 -0.20516 -0.04621
0.4399 -0.20556 -0.04894
0.43939 -0.20638 -0.05153
0.43838 -0.20708 -0.05402
0.43741 -0.2075 -0.05653
0.43752 -0.20796 -0.0593
0.43682 -0.20733 -0.06197
0.43618 -0.20651 -0.06451
0.43597 -0.20581 -0.06714
0.43554 -0.20539 -0.06981
0.43502 -0.20489 -0.07246
0.43437 -0.20453 -0.0751
0.43362 -0.20418 -0.07771
0.43275 -0.20378 -0.08027
0.4319 -0.20323 -0.08282
0.43115 -0.20251 -0.08538
0.4186 -0.19986 0.09576
0.42028 -0.20054 0.09369
0.42181 -0.20171 0.09172
0.42343 -0.20295 0.08966
0.42392 -0.20362 0.08669
0.42281 -0.20335 0.08396
0.42251 -0.20333 0.08118
0.42315 -0.20365 0.07846
0.42462 -0.20391 0.07612
0.42633 -0.20431 0.074
0.42767 -0.20465 0.07161
0.42839 -0.20479 0.06894
0.42865 -0.20486 0.06619
0.42854 -0.20493 0.06344
0.42827 -0.20483 0.06071
0.42799 -0.20453 0.05801
0.4274 -0.20445 0.05533
0.42693 -0.2045 0.0526
0.42684 -0.20434 0.04985
0.42697 -0.20429 0.04708
0.42721 -0.20443 0.04433
0.42752 -0.20475 0.04161
0.42777 -0.20521 0.03891
0.42829 -0.20558 0.03625
0.42852 -0.20533 0.03352
0.42936 -0.20517 0.03088
0.43019 -0.20518 0.02827
0.4306 -0.20501 0.02556
0.43098 -0.20474 0.02286
0.43153 -0.20475 0.02016
0.4316 -0.20458 0.0174
0.43132 -0.20433 0.01467
0.43149 -0.20436 0.01193
0.43183 -0.20437 0.00921
0.43195 -0.20429 0.00647
0.43225 -0.20434 0.00374
0.43227 -0.20473 0.00103
0.43229 -0.20567 -0.00155
0.43265 -0.20654 -0.00411
0.43317 -0.20681 -0.00678
0.43379 -0.20659 -0.00945
0.43468 -0.20624 -0.01199
0.43559 -0.2061 -0.01456
0.43601 -0.20582 -0.01728
0.43638 -0.20542 -0.01997
0.43689 -0.20474 -0.0226
0.43734 -0.20358 -0.02506
0.43812 -0.20269 -0.02755
0.43936 -0.20245 -0.02999
0.44065 -0.20229 -0.03241
0.44161 -0.20221 -0.03499
0.44162 -0.20201 -0.03775
0.44115 -0.20202 -0.04045
0.44106 -0.20218 -0.04315
0.44182 -0.20269 -0.04577
0.44214 -0.20332 -0.04852
0.4414 -0.20404 -0.05116
0.44063 -0.20497 -0.05373
0.43911 -0.20507 -0.05613
0.43858 -0.20511 -0.05882
0.438 -0.20463 -0.06146
0.43751 -0.2039 -0.06406
0.4372 -0.20316 -0.06668
0.43673 -0.20273 -0.06935
0.43619 -0.20223 -0.072
0.43547 -0.20185 -0.07464
0.43466 -0.20149 -0.07724
0.43377 -0.20109 -0.07981
0.43287 -0.20053 -0.08235
0.4318 -0.19973 -0.08475
0.43053 -0.19933 -0.08714
0.41909 -0.19717 0.0953
0.42084 -0.19785 0.09332
0.42262 -0.19902 0.09162
0.42462 -0.20031 0.08982
0.42549 -0.20117 0.08688
0.42445 -0.20108 0.08402
0.42416 -0.20104 0.08122
0.42513 -0.20161 0.07864
0.42694 -0.20223 0.07662
0.42871 -0.20259 0.07448
0.43003 -0.20279 0.07196
0.43055 -0.20275 0.06917
0.4305 -0.20261 0.0664
0.43055 -0.20281 0.06365
0.43056 -0.20299 0.06088
0.43024 -0.20266 0.05815
0.42944 -0.2024 0.05552
0.42843 -0.20204 0.0529
0.4284 -0.20188 0.05008
0.42863 -0.20186 0.0473
0.42886 -0.20198 0.04455
0.42889 -0.20211 0.0418
0.42905 -0.20252 0.03904
0.42957 -0.2029 0.03635
0.42991 -0.2027 0.03358
0.43107 -0.20273 0.03103
0.4319 -0.20273 0.0284
0.43193 -0.2023 0.02565
0.43243 -0.20207 0.02292
0.43342 -0.20245 0.02029
0.43315 -0.202 0.01754
0.43269 -0.20162 0.01484
0.43293 -0.20167 0.01209
0.43334 -0.20172 0.00936
0.43349 -0.20165 0.00661
0.43382 -0.20172 0.00387
0.4337 -0.202 0.00113
0.43363 -0.20289 -0.00148
0.43402 -0.20379 -0.00404
0.43482 -0.20423 -0.00664
0.43581 -0.20429 -0.00918
0.43674 -0.20396 -0.01176
0.43752 -0.20369 -0.01435
0.43802 -0.20349 -0.01705
0.43829 -0.20301 -0.01974
0.43857 -0.20216 -0.02234
0.4391 -0.20102 -0.02482
0.44022 -0.20041 -0.02729
0.44174 -0.20054 -0.0296
0.44335 -0.2009 -0.03186
0.44438 -0.20091 -0.03456
0.44407 -0.20023 -0.03734
0.44299 -0.19968 -0.03984
0.44252 -0.19959 -0.04253
0.44258 -0.19972 -0.04527
0.44289 -0.2003 -0.04796
0.44291 -0.20134 -0.05059
0.44211 -0.20227 -0.05317
0.44095 -0.2027 -0.05569
0.43986 -0.20248 -0.05823
0.43933 -0.20205 -0.06089
0.43898 -0.20138 -0.06356
0.43835 -0.20052 -0.06609
0.43799 -0.20012 -0.06878
0.43751 -0.19963 -0.07147
0.43666 -0.19921 -0.07408
0.43586 -0.19887 -0.0767
0.43481 -0.19843 -0.07922
0.43392 -0.19788 -0.08177
0.43304 -0.19714 -0.08429
0.43174 -0.19674 -0.08668
0.4181 -0.1938 0.0971
0.41969 -0.1945 0.095
0.42157 -0.19519 0.09312
0.42333 -0.19632 0.0913
0.42509 -0.19748 0.08935
0.42607 -0.19836 0.08673
0.42584 -0.19865 0.08386
0.42552 -0.19861 0.08101
0.42671 -0.19931 0.07848
0.42843 -0.19975 0.07633
0.42991 -0.1999 0.07397
0.43101 -0.19998 0.0714
0.43125 -0.19991 0.06861
0.43125 -0.19986 0.06585
0.43133 -0.20006 0.0631
0.43134 -0.20019 0.06034
0.43121 -0.19996 0.0576
0.43036 -0.19969 0.05498
0.42976 -0.19955 0.0522
0.43006 -0.19956 0.04938
0.43047 -0.19968 0.04663
0.43091 -0.19993 0.0439
0.43052 -0.19973 0.04114
0.43056 -0.20004 0.03834
0.43087 -0.20029 0.03557
0.43168 -0.20037 0.0329
0.43266 -0.20029 0.0303
0.4331 -0.20001 0.02759
0.43401 -0.2002 0.02496
0.43517 -0.20064 0.02238
0.43567 -0.20049 0.01951
0.43493 -0.19965 0.01685
0.43423 -0.19906 0.01422
0.43428 -0.19901 0.01145
0.4346 -0.199 0.00869
0.43499 -0.19905 0.00596
0.43544 -0.19919 0.00323
0.43541 -0.19948 0.00045
0.4356 -0.20057 -0.00211
0.43615 -0.20163 -0.0046
0.43715 -0.2023 -0.00707
0.43824 -0.20245 -0.00955
0.43939 -0.2024 -0.01207
0.44038 -0.20255 -0.01467
0.44088 -0.20227 -0.01746
0.44075 -0.20114 -0.02005
0.4406 -0.19983 -0.0225
0.44133 -0.19886 -0.025
0.44295 -0.1989 -0.02726
0.44466 -0.19935 -0.0294
0.44628 -0.19953 -0.03182
0.44721 -0.19921 -0.03479
0.44639 -0.19809 -0.0375
0.44488 -0.19727 -0.03972
0.4442 -0.19706 -0.04236
0.44394 -0.19702 -0.0451
0.44358 -0.19734 -0.04781
0.4435 -0.19832 -0.05041
0.44291 -0.19931 -0.05296
0.44206 -0.19988 -0.05556
0.44113 -0.19978 -0.05816
0.44085 -0.19946 -0.0609
0.4403 -0.19871 -0.06352
0.43959 -0.19784 -0.06603
0.439 -0.19735 -0.06869
0.43829 -0.19679 -0.07131
0.43749 -0.1964 -0.07392
0.43667 -0.19606 -0.07654
0.43574 -0.19566 -0.07913
0.4348 -0.1951 -0.08167
0.43384 -0.19434 -0.08415
0.43272 -0.194 -0.08666
0.42063 -0.1919 0.09523
0.42246 -0.19258 0.09328
0.42413 -0.19368 0.09132
0.42561 -0.19477 0.08922
0.42713 -0.19583 0.08702
0.42771 -0.19652 0.08422
0.42699 -0.19624 0.08134
0.42757 -0.19663 0.07857
0.42899 -0.19694 0.07617
0.43015 -0.19702 0.07366
0.43124 -0.1971 0.07111
0.43147 -0.19703 0.06835
0.43126 -0.19695 0.06558
0.43123 -0.19714 0.06279
0.4314 -0.19728 0.06001
0.43158 -0.19707 0.05727
0.43138 -0.19701 0.0545
0.4314 -0.19716 0.0517
0.43177 -0.19722 0.04892
0.43222 -0.19737 0.04619
0.4321 -0.19722 0.04342
0.4323 -0.1974 0.04063
0.43238 -0.19769 0.03785
0.43275 -0.19797 0.03509
0.4335 -0.19803 0.0324
0.43441 -0.1979 0.02976
0.43531 -0.19797 0.02712
0.43658 -0.19862 0.02462
0.43729 -0.19851 0.02181
0.437 -0.19775 0.01908
0.4365 -0.1971 0.01641
0.43618 -0.19678 0.01367
0.43612 -0.1966 0.01087
0.43639 -0.19654 0.00809
0.43687 -0.19666 0.00534
0.43742 -0.19686 0.0026
0.43774 -0.19744 -0.00014
0.43819 -0.1989 -0.00254
0.43898 -0.20041 -0.00473
0.44013 -0.20159 -0.00703
0.44129 -0.20191 -0.0096
0.44249 -0.20194 -0.01216
0.44346 -0.20183 -0.0149
0.44366 -0.20073 -0.01768
0.44307 -0.19905 -0.01995
0.4426 -0.1975 -0.02226
0.44371 -0.1969 -0.02476
0.44566 -0.19734 -0.02678
0.44718 -0.19738 -0.0292
0.44849 -0.1971 -0.03181
0.44893 -0.1964 -0.03475
0.44793 -0.19535 -0.03733
0.44654 -0.1947 -0.03966
0.44584 -0.19449 -0.0423
0.44546 -0.19439 -0.04504
0.44484 -0.1946 -0.04773
0.44424 -0.1954 -0.05031
0.44365 -0.19639 -0.05285
0.44289 -0.197 -0.05546
0.4424 -0.19707 -0.0582
0.44164 -0.19657 -0.06084
0.44118 -0.19586 -0.06348
0.44088 -0.19519 -0.06615
0.44028 -0.19472 -0.06885
0.43929 -0.19404 -0.07138
0.43845 -0.19363 -0.07398
0.43749 -0.19326 -0.07657
0.43659 -0.19287 -0.07917
0.43557 -0.19229 -0.0817
0.43472 -0.19157 -0.08425
0.43366 -0.19124 -0.0868
0.42351 -0.19006 0.09378
0.4219 -0.18955 0.096
0.42504 -0.19108 0.09166
0.42658 -0.19221 0.08962
0.42802 -0.1932 0.08739
0.42922 -0.19416 0.08484
0.42863 -0.19398 0.0819
0.42829 -0.19391 0.07904
0.42949 -0.19414 0.07643
0.43082 -0.19424 0.07397
0.43206 -0.19438 0.07144
0.43196 -0.19417 0.0686
0.43208 -0.19412 0.06581
0.43184 -0.19423 0.06301
0.43212 -0.19442 0.06022
0.43228 -0.19422 0.05741
0.43283 -0.19448 0.05466
0.43314 -0.19484 0.05191
0.43357 -0.19494 0.04917
0.43387 -0.19495 0.04643
0.4338 -0.19481 0.04364
0.43414 -0.1951 0.04082
0.43446 -0.19557 0.03807
0.43498 -0.19597 0.03538
0.43538 -0.1957 0.03262
0.43658 -0.19585 0.03004
0.43774 -0.19617 0.02749
0.43862 -0.19636 0.02479
0.439 -0.19605 0.02199
0.43894 -0.19552 0.01923
0.43889 -0.19531 0.01644
0.43863 -0.19497 0.01367
0.43867 -0.19487 0.01087
0.43891 -0.19468 0.00806
0.43951 -0.195 0.00533
0.44012 -0.19528 0.00261
0.44035 -0.19573 -0.0002
0.441 -0.19758 -0.00233
0.44193 -0.19946 -0.00417
0.4432 -0.201 -0.00636
0.44449 -0.20157 -0.00907
0.44575 -0.20124 -0.01178
0.4467 -0.20053 -0.0147
0.44625 -0.19871 -0.01727
0.44504 -0.19676 -0.01911
0.44456 -0.19526 -0.02144
0.44559 -0.19458 -0.02398
0.4475 -0.1948 -0.02611
0.44891 -0.1947 -0.02862
0.4498 -0.19418 -0.03134
0.45025 -0.19353 -0.0342
0.44935 -0.19263 -0.03684
0.44812 -0.1921 -0.0393
0.44724 -0.19181 -0.04192
0.44668 -0.19164 -0.04465
0.44596 -0.19181 -0.04734
0.44528 -0.1926 -0.04992
0.44458 -0.19356 -0.05245
0.44388 -0.1942 -0.05508
0.44344 -0.19428 -0.05786
0.44266 -0.19379 -0.06051
0.44229 -0.19313 -0.06318
0.44227 -0.19255 -0.06591
0.44201 -0.19222 -0.06878
0.44062 -0.19143 -0.07119
0.43945 -0.19092 -0.07367
0.43844 -0.19052 -0.07624
0.43758 -0.19016 -0.07888
0.43654 -0.18956 -0.0814
0.43575 -0.18887 -0.084
0.4347 -0.18854 -0.08656
0.42465 -0.18773 0.09482
0.42597 -0.18858 0.09248
0.42747 -0.18969 0.0904
0.42892 -0.19066 0.08815
0.4298 -0.19141 0.08553
0.42992 -0.19158 0.08266
0.42925 -0.19131 0.07983
0.42991 -0.19131 0.07698
0.43141 -0.19147 0.07453
0.433 -0.19179 0.07217
0.43311 -0.1916 0.06932
0.43332 -0.19158 0.06651
0.43338 -0.19179 0.06371
0.43294 -0.19162 0.06091
0.43331 -0.1915 0.05807
0.43362 -0.19172 0.05527
0.4342 -0.19225 0.05254
0.435 -0.19256 0.04986
0.43575 -0.19286 0.04721
0.43563 -0.1927 0.04442
0.43578 -0.19281 0.04157
0.43647 -0.19357 0.03892
0.43728 -0.19426 0.0363
0.43757 -0.19384 0.03351
0.43801 -0.19333 0.03076
0.43914 -0.19358 0.02816
0.43991 -0.1937 0.02546
0.44134 -0.19442 0.023
0.44168 -0.19457 0.02015
0.44165 -0.19449 0.01727
0.44144 -0.19418 0.01446
0.44136 -0.19367 0.01166
0.4418 -0.19393 0.00888
0.44246 -0.19458 0.0062
0.4431 -0.19483 0.00343
0.443 -0.19431 0.0006
0.44295 -0.19518 -0.00213
0.44426 -0.1973 -0.00361
0.44599 -0.19899 -0.0054
0.44754 -0.19963 -0.00813
0.44842 -0.19883 -0.01118
0.4488 -0.1976 -0.01404
0.44778 -0.19589 -0.01641
0.44643 -0.19411 -0.01831
0.44627 -0.19279 -0.02084
0.44758 -0.19227 -0.02331
0.44891 -0.19199 -0.02577
0.44985 -0.19166 -0.02843
0.45065 -0.19114 -0.03111
0.45087 -0.19045 -0.03389
0.45055 -0.18979 -0.03664
0.44959 -0.18942 -0.03927
0.44884 -0.18923 -0.04195
0.44816 -0.18899 -0.04466
0.4476 -0.18927 -0.0474
0.44657 -0.18988 -0.04994
0.44569 -0.19078 -0.05243
0.44508 -0.19146 -0.05508
0.4443 -0.19142 -0.05778
0.44361 -0.19098 -0.06047
0.44335 -0.19038 -0.06319
0.44297 -0.18966 -0.06587
0.44255 -0.18926 -0.06862
0.44201 -0.18881 -0.07137
0.44111 -0.18848 -0.07404
0.43992 -0.18801 -0.07655
0.43868 -0.18747 -0.079
0.43774 -0.18693 -0.08159
0.43687 -0.1862 -0.08416
0.43577 -0.18584 -0.08671
0.42714 -0.18639 0.09377
0.42836 -0.18723 0.09139
0.42969 -0.18816 0.08909
0.43053 -0.18889 0.08648
0.43084 -0.18912 0.08368
0.43064 -0.18902 0.08087
0.43089 -0.18876 0.07801
0.43227 -0.18888 0.07548
0.43397 -0.18929 0.0732
0.43471 -0.18939 0.07041
0.43409 -0.18894 0.06755
0.43447 -0.18928 0.06473
0.4348 -0.18955 0.062
0.43456 -0.18899 0.05921
0.43481 -0.1892 0.05637
0.43497 -0.18957 0.05354
0.43582 -0.18997 0.05083
0.43674 -0.19034 0.04822
0.4368 -0.19027 0.04545
0.43679 -0.19027 0.04256
0.4378 -0.19119 0.03998
0.43888 -0.19198 0.03745
0.43915 -0.1916 0.03464
0.43931 -0.19093 0.03188
0.4401 -0.19094 0.02916
0.44109 -0.1912 0.02654
0.44293 -0.19212 0.02448
0.44385 -0.19302 0.02187
0.44415 -0.19375 0.01904
0.44408 -0.19406 0.01611
0.4441 -0.194 0.01325
0.44437 -0.19367 0.01051
0.44502 -0.1942 0.00783
0.44586 -0.19486 0.00501
0.44574 -0.19394 0.00212
0.44454 -0.19308 -0.00048
0.44455 -0.19411 -0.00326
0.4464 -0.19562 -0.00506
0.44812 -0.19615 -0.00743
0.44895 -0.19547 -0.01027
0.44881 -0.19428 -0.01296
0.44807 -0.19283 -0.01534
0.44771 -0.19135 -0.01771
0.44767 -0.1901 -0.0203
0.44852 -0.18931 -0.02294
0.45005 -0.18908 -0.02538
0.45093 -0.18875 -0.02807
0.45115 -0.18808 -0.03083
0.4514 -0.18741 -0.03356
0.4514 -0.18684 -0.03631
0.45099 -0.18671 -0.03909
0.45039 -0.18661 -0.04183
0.44999 -0.18658 -0.04461
0.44926 -0.18674 -0.04732
0.44825 -0.18739 -0.04987
0.4471 -0.18812 -0.05233
0.44655 -0.18887 -0.055
0.44582 -0.18886 -0.05772
0.44503 -0.18836 -0.06039
0.4448 -0.18781 -0.06314
0.44432 -0.18705 -0.06581
0.44354 -0.1865 -0.06844
0.4431 -0.18607 -0.07119
0.4422 -0.18573 -0.07386
0.44105 -0.18531 -0.07641
0.43989 -0.18483 -0.07892
0.43922 -0.18444 -0.08162
0.43849 -0.1838 -0.08429
0.43712 -0.18328 -0.0867
0.43552 -0.18344 -0.08895
0.42997 -0.1851 0.09218
0.42896 -0.18451 0.09473
0.43104 -0.18581 0.08967
0.43175 -0.18645 0.087
0.43228 -0.18678 0.08425
0.43218 -0.18669 0.08142
0.43234 -0.18633 0.07855
0.43372 -0.18647 0.076
0.43488 -0.18656 0.07345
0.43534 -0.18652 0.07069
0.43566 -0.18647 0.06788
0.43621 -0.18693 0.06513
0.43668 -0.18732 0.06245
0.43657 -0.18676 0.05974
0.43673 -0.18697 0.05687
0.4366 -0.18711 0.05405
0.4368 -0.18718 0.05117
0.43741 -0.18745 0.04842
0.43782 -0.18751 0.04567
0.43817 -0.18768 0.04282
0.43903 -0.18852 0.0402
0.43983 -0.18912 0.03759
0.43989 -0.18866 0.0348
0.44061 -0.18825 0.03207
0.44121 -0.18815 0.0293
0.44224 -0.18844 0.02664
0.44424 -0.18923 0.02472
0.44597 -0.19064 0.02281
0.44698 -0.19229 0.02034
0.44715 -0.19327 0.0174
0.4473 -0.19382 0.01445
0.44756 -0.19382 0.01168
0.44812 -0.19388 0.00891
0.4489 -0.19386 0.0059
0.44865 -0.19292 0.00293
0.44742 -0.19203 0.00047
0.44574 -0.19145 -0.00195
0.44609 -0.19249 -0.0047
0.44756 -0.19299 -0.00708
0.44858 -0.19235 -0.00966
0.44901 -0.19129 -0.01222
0.44907 -0.18997 -0.0147
0.44903 -0.18856 -0.01715
0.44941 -0.18756 -0.01977
0.44987 -0.18655 -0.02238
0.45047 -0.18598 -0.02509
0.45125 -0.18564 -0.02778
0.45159 -0.18501 -0.03049
0.45198 -0.18438 -0.03321
0.45256 -0.18402 -0.03594
0.45268 -0.1842 -0.03875
0.45238 -0.18434 -0.04155
0.45204 -0.18435 -0.04435
0.45164 -0.1849 -0.0471
0.45055 -0.18549 -0.04965
0.44904 -0.18586 -0.05201
0.44819 -0.18643 -0.05462
0.44739 -0.18636 -0.05733
0.44694 -0.18609 -0.0601
0.44678 -0.18561 -0.06289
0.44611 -0.18472 -0.06551
0.44497 -0.184 -0.06797
0.4442 -0.18343 -0.0706
0.44349 -0.18317 -0.07332
0.44287 -0.18307 -0.07609
0.44166 -0.18255 -0.0786
0.44121 -0.1823 -0.08141
0.44049 -0.18156 -0.08412
0.4389 -0.18092 -0.08643
0.43685 -0.1809 -0.08836
0.43126 -0.18293 0.09463
0.43216 -0.18336 0.092
0.43292 -0.18376 0.0893
0.43339 -0.18422 0.08654
0.43402 -0.18462 0.08379
0.43392 -0.18451 0.08093
0.43419 -0.1842 0.07809
0.43544 -0.18425 0.07549
0.43645 -0.18423 0.07287
0.4369 -0.18411 0.07006
0.43774 -0.18444 0.06735
0.43879 -0.18548 0.06492
0.43938 -0.18612 0.06222
0.43907 -0.18504 0.05958
0.4386 -0.18464 0.05675
0.43854 -0.18489 0.05387
0.43849 -0.18474 0.05102
0.43874 -0.1848 0.04816
0.43911 -0.18484 0.04532
0.43978 -0.18518 0.04252
0.44064 -0.18602 0.03995
0.44102 -0.18638 0.03722
0.44138 -0.186 0.03445
0.44213 -0.18562 0.03172
0.44282 -0.1856 0.02898
0.44319 -0.18562 0.02606
0.44488 -0.18634 0.0237
0.44716 -0.18761 0.02228
0.44926 -0.18951 0.02058
0.44992 -0.1909 0.01774
0.45033 -0.19168 0.01489
0.45095 -0.19216 0.01214
0.4518 -0.19241 0.00919
0.45207 -0.19176 0.00598
0.45147 -0.19089 0.00297
0.45011 -0.19028 0.0004
0.44828 -0.18958 -0.00181
0.44751 -0.18973 -0.00453
0.44797 -0.18991 -0.00726
0.44895 -0.18928 -0.00979
0.4501 -0.18841 -0.01218
0.45084 -0.18739 -0.0147
0.45135 -0.18636 -0.01727
0.45133 -0.18511 -0.01984
0.45169 -0.18402 -0.02244
0.45205 -0.18329 -0.02517
0.45241 -0.18277 -0.02791
0.45267 -0.18208 -0.03065
0.45332 -0.18156 -0.03338
0.45404 -0.1813 -0.03612
0.45454 -0.18174 -0.03886
0.45488 -0.18267 -0.04156
0.45462 -0.18273 -0.04439
0.45425 -0.18333 -0.04718
0.45297 -0.1837 -0.04973
0.45125 -0.18383 -0.05198
0.45011 -0.18417 -0.05452
0.44935 -0.18412 -0.05724
0.449 -0.18392 -0.06004
0.4487 -0.18328 -0.06284
0.44759 -0.18216 -0.06522
0.44672 -0.18163 -0.06781
0.44611 -0.18121 -0.07052
0.44533 -0.18091 -0.0732
0.4448 -0.18086 -0.07601
0.44389 -0.18055 -0.07872
0.44299 -0.17997 -0.08138
0.44151 -0.17884 -0.08363
0.43995 -0.17823 -0.08589
0.43816 -0.17831 -0.08804
0.43375 -0.18174 0.09404
0.43414 -0.18154 0.09123
0.43472 -0.18178 0.08845
0.43505 -0.18214 0.08564
0.43533 -0.18229 0.08282
0.43547 -0.18232 0.07997
0.43614 -0.18229 0.07719
0.43726 -0.18224 0.07457
0.43813 -0.18212 0.07187
0.43887 -0.18219 0.0691
0.44011 -0.18291 0.0666
0.44153 -0.18449 0.06458
0.44216 -0.18528 0.06174
0.44187 -0.18409 0.05902
0.4412 -0.18313 0.05643
0.44035 -0.18253 0.05369
0.44021 -0.18234 0.05079
0.44033 -0.18229 0.04789
0.44078 -0.18237 0.04502
0.4415 -0.18277 0.04223
0.44256 -0.18375 0.03975
0.44304 -0.18415 0.03701
0.44342 -0.18375 0.03423
0.44422 -0.18345 0.03152
0.44491 -0.18343 0.02876
0.44465 -0.18293 0.02586
0.44527 -0.18335 0.02283
0.44765 -0.1847 0.02126
0.4499 -0.18616 0.01969
0.45145 -0.1876 0.01731
0.45203 -0.18839 0.01448
0.45257 -0.18869 0.01158
0.45246 -0.18851 0.00856
0.45235 -0.18799 0.00566
0.45208 -0.18745 0.00279
0.45105 -0.18712 9e-05
0.45002 -0.18714 -0.00258
0.44959 -0.18756 -0.00532
0.44984 -0.18751 -0.00798
0.45054 -0.18674 -0.01059
0.45138 -0.18575 -0.01308
0.45199 -0.18465 -0.01562
0.45257 -0.18364 -0.01819
0.45293 -0.18265 -0.02081
0.45333 -0.18159 -0.02345
0.45357 -0.18078 -0.02619
0.45378 -0.18016 -0.02895
0.4544 -0.17967 -0.03172
0.45535 -0.17939 -0.03444
0.4565 -0.17959 -0.03707
0.45747 -0.18092 -0.03949
0.45774 -0.18176 -0.04236
0.4574 -0.18156 -0.04533
0.45658 -0.18141 -0.04807
0.45511 -0.18161 -0.05053
0.45336 -0.18181 -0.05275
0.45208 -0.18202 -0.05523
0.4516 -0.18223 -0.05808
0.45047 -0.18137 -0.06061
0.44958 -0.18043 -0.06311
0.44881 -0.17952 -0.06565
0.4482 -0.17915 -0.06838
0.44774 -0.1788 -0.07115
0.44737 -0.17875 -0.07397
0.44634 -0.17837 -0.07668
0.44507 -0.17788 -0.0792
0.44429 -0.17738 -0.08195
0.44266 -0.17623 -0.08414
0.44068 -0.1754 -0.08603
0.4391 -0.17558 -0.08836
0.43606 -0.18019 0.09347
0.43611 -0.17964 0.09065
0.43633 -0.1796 0.08779
0.43661 -0.1799 0.08497
0.43684 -0.18001 0.08213
0.43724 -0.1802 0.0793
0.43809 -0.18031 0.07659
0.43909 -0.18013 0.07393
0.43993 -0.17999 0.07121
0.44095 -0.18029 0.06855
0.44238 -0.18118 0.06624
0.44392 -0.1827 0.06428
0.44489 -0.18375 0.06156
0.44466 -0.18308 0.05858
0.44391 -0.18204 0.05598
0.4428 -0.18084 0.05358
0.44216 -0.18009 0.05079
0.44215 -0.17993 0.04784
0.44265 -0.18004 0.04496
0.44345 -0.1805 0.04219
0.44423 -0.18129 0.03956
0.44497 -0.1819 0.03691
0.44566 -0.18176 0.0342
0.4462 -0.18122 0.03144
0.44654 -0.18092 0.02864
0.4465 -0.1805 0.02578
0.44661 -0.18046 0.02269
0.44815 -0.18184 0.02038
0.44972 -0.18325 0.01837
0.45097 -0.18441 0.01603
0.45153 -0.18512 0.01331
0.45183 -0.18541 0.01048
0.45184 -0.18534 0.00764
0.45181 -0.18481 0.00482
0.45213 -0.18433 0.00198
0.45225 -0.18445 -0.00089
0.45182 -0.1849 -0.00367
0.45132 -0.18522 -0.00637
0.45148 -0.18509 -0.00899
0.4521 -0.18426 -0.01161
0.45282 -0.1832 -0.01412
0.4535 -0.18216 -0.01669
0.45411 -0.18118 -0.01929
0.45466 -0.18033 -0.02194
0.45493 -0.17919 -0.02459
0.45515 -0.17835 -0.02735
0.4557 -0.17796 -0.03013
0.45665 -0.17777 -0.03288
0.45804 -0.17808 -0.03542
0.45957 -0.17922 -0.03768
0.46049 -0.18033 -0.04039
0.46031 -0.18016 -0.04355
0.45935 -0.17924 -0.04624
0.45814 -0.17884 -0.04877
0.45673 -0.17913 -0.05122
0.45531 -0.17967 -0.05361
0.45392 -0.17979 -0.05607
0.45313 -0.17968 -0.05883
0.45189 -0.17883 -0.06126
0.451 -0.17793 -0.06375
0.45055 -0.17726 -0.06645
0.44983 -0.1768 -0.06917
0.44899 -0.17619 -0.07183
0.44805 -0.17582 -0.07447
0.44713 -0.17553 -0.07716
0.44626 -0.17524 -0.07987
0.44523 -0.17464 -0.08249
0.44367 -0.17357 -0.08473
0.4421 -0.17308 -0.08707
0.44024 -0.17305 -0.08919
0.43783 -0.17801 0.09295
0.43801 -0.17762 0.09013
0.43779 -0.17728 0.08728
0.43816 -0.17763 0.08445
0.43847 -0.17778 0.0816
0.4392 -0.17819 0.07885
0.43979 -0.1781 0.07607
0.44059 -0.17777 0.07334
0.44146 -0.17763 0.07062
0.44242 -0.17791 0.06792
0.44415 -0.17891 0.06582
0.44544 -0.18018 0.06355
0.44604 -0.18089 0.06078
0.44626 -0.18061 0.05786
0.44587 -0.18006 0.055
0.44475 -0.17901 0.05253
0.44407 -0.17812 0.04981
0.44419 -0.17804 0.04686
0.44466 -0.17812 0.04396
0.44576 -0.17884 0.04132
0.44662 -0.17971 0.03874
0.44691 -0.17989 0.03596
0.44735 -0.17954 0.0332
0.448 -0.17911 0.03041
0.44815 -0.17862 0.02758
0.44835 -0.17837 0.0247
0.4489 -0.1786 0.02179
0.4496 -0.17951 0.01908
0.44996 -0.18072 0.01651
0.4506 -0.18189 0.01402
0.45145 -0.18255 0.01147
0.45231 -0.18287 0.00882
0.45257 -0.18279 0.00605
0.45297 -0.18238 0.00321
0.45374 -0.18221 0.00035
0.45372 -0.1823 -0.00253
0.45324 -0.18272 -0.00533
0.45275 -0.18298 -0.00794
0.4529 -0.18276 -0.01048
0.45358 -0.18199 -0.01312
0.45434 -0.18102 -0.01571
0.45481 -0.17988 -0.01834
0.45552 -0.179 -0.02098
0.45592 -0.17807 -0.02365
0.4563 -0.17703 -0.02639
0.45686 -0.17642 -0.02922
0.45789 -0.17649 -0.03194
0.45926 -0.17696 -0.03448
0.46098 -0.1782 -0.03664
0.46251 -0.17912 -0.03932
0.46273 -0.1788 -0.04258
0.46145 -0.17754 -0.04512
0.46036 -0.17668 -0.04762
0.45948 -0.17661 -0.05031
0.45827 -0.17712 -0.05288
0.45673 -0.17757 -0.05527
0.45512 -0.17749 -0.05761
0.45379 -0.17699 -0.06
0.45287 -0.1764 -0.06258
0.45225 -0.17573 -0.06524
0.45165 -0.17495 -0.06794
0.45074 -0.17435 -0.07057
0.44996 -0.17384 -0.07329
0.44874 -0.17333 -0.07581
0.44772 -0.17295 -0.07842
0.44669 -0.17259 -0.08104
0.44566 -0.17202 -0.08366
0.44479 -0.17142 -0.08641
0.44316 -0.17094 -0.08891
0.43912 -0.17568 0.09204
0.43911 -0.17519 0.08921
0.43903 -0.17496 0.08636
0.43916 -0.17517 0.08345
0.44016 -0.17568 0.08076
0.44069 -0.17597 0.07794
0.44107 -0.17577 0.07508
0.44201 -0.1755 0.07236
0.44284 -0.17532 0.06961
0.44395 -0.17567 0.06698
0.44516 -0.17645 0.06453
0.44584 -0.17759 0.06206
0.44608 -0.17825 0.05936
0.44627 -0.17794 0.05651
0.44635 -0.17746 0.05366
0.44571 -0.17679 0.05091
0.44561 -0.17638 0.04802
0.44595 -0.17647 0.04511
0.44671 -0.17682 0.04229
0.4482 -0.17785 0.03992
0.44889 -0.17853 0.03716
0.44855 -0.17806 0.0343
0.4488 -0.17758 0.03149
0.44957 -0.17723 0.02868
0.44989 -0.17689 0.02584
0.4502 -0.17675 0.02296
0.45081 -0.17701 0.02009
0.45132 -0.17775 0.01732
0.45176 -0.17894 0.01474
0.4524 -0.18008 0.01223
0.45339 -0.18084 0.0097
0.45401 -0.18112 0.00693
0.45393 -0.18083 0.00408
0.45459 -0.1806 0.00125
0.45506 -0.18029 -0.00165
0.45502 -0.18036 -0.00454
0.45453 -0.18077 -0.00734
0.45408 -0.18103 -0.00994
0.45436 -0.18084 -0.01242
0.45504 -0.18005 -0.01506
0.45546 -0.17893 -0.01772
0.45616 -0.17798 -0.02039
0.45665 -0.17702 -0.02308
0.45704 -0.17615 -0.02583
0.45771 -0.17533 -0.0287
0.45902 -0.17546 -0.0314
0.4605 -0.17633 -0.03373
0.46208 -0.17741 -0.03596
0.46386 -0.17834 -0.03857
0.46436 -0.1775 -0.04186
0.46344 -0.17613 -0.04449
0.46199 -0.17496 -0.04671
0.46121 -0.17433 -0.04937
0.46054 -0.17432 -0.05214
0.45954 -0.17498 -0.05486
0.45781 -0.17537 -0.05722
0.45587 -0.17515 -0.05933
0.4548 -0.17494 -0.06189
0.45384 -0.17434 -0.06448
0.45309 -0.17359 -0.06712
0.45225 -0.17263 -0.06971
0.45135 -0.17207 -0.07236
0.45044 -0.17146 -0.07502
0.44915 -0.17096 -0.07752
0.4478 -0.17048 -0.07998
0.44689 -0.17017 -0.08263
0.44614 -0.16969 -0.08539
0.44517 -0.1689 -0.08817
0.44309 -0.16821 -0.09034
0.43983 -0.17336 0.0906
0.4396 -0.17279 0.08774
0.4398 -0.17266 0.0848
0.44065 -0.17323 0.08202
0.44134 -0.17359 0.07925
0.44185 -0.17386 0.07643
0.44251 -0.17379 0.0736
0.44337 -0.17348 0.07082
0.44444 -0.17343 0.06814
0.44549 -0.17374 0.06546
0.44709 -0.17469 0.06324
0.44756 -0.1757 0.06059
0.44672 -0.17586 0.0578
0.44648 -0.17547 0.05492
0.44654 -0.17497 0.05202
0.44672 -0.17465 0.04912
0.44717 -0.17464 0.04626
0.44769 -0.17488 0.04338
0.4489 -0.17554 0.04079
0.45023 -0.17637 0.03829
0.45023 -0.17653 0.03535
0.44994 -0.17612 0.03252
0.45054 -0.17588 0.02973
0.45111 -0.1754 0.02689
0.45151 -0.17515 0.02403
0.4519 -0.17508 0.02114
0.45263 -0.17544 0.0183
0.45318 -0.17619 0.01553
0.4536 -0.17736 0.01293
0.45437 -0.17856 0.01046
0.45484 -0.17902 0.00773
0.4549 -0.17897 0.00489
0.45536 -0.17897 0.0021
0.45588 -0.17866 -0.00077
0.45651 -0.17849 -0.00368
0.45618 -0.17836 -0.00658
0.45583 -0.17887 -0.00939
0.45559 -0.17922 -0.01196
0.45582 -0.17896 -0.01442
0.45618 -0.178 -0.0171
0.45683 -0.17704 -0.01978
0.4574 -0.176 -0.02243
0.45789 -0.17503 -0.02514
0.45845 -0.17424 -0.028
0.46011 -0.17437 -0.03062
0.46197 -0.17545 -0.0327
0.46349 -0.17656 -0.03493
0.46511 -0.17733 -0.0376
0.46567 -0.17642 -0.04089
0.46511 -0.17485 -0.0436
0.46385 -0.17333 -0.0458
0.4629 -0.17259 -0.04839
0.46193 -0.17183 -0.05099
0.46077 -0.17158 -0.05359
0.45949 -0.17204 -0.05614
0.458 -0.17257 -0.05855
0.45675 -0.17287 -0.06107
0.45571 -0.17271 -0.06366
0.45488 -0.17229 -0.06638
0.45393 -0.17138 -0.06894
0.45308 -0.17044 -0.07154
0.45202 -0.16976 -0.07411
0.45089 -0.16902 -0.07666
0.44946 -0.16847 -0.07906
0.44833 -0.16813 -0.08165
0.44733 -0.16779 -0.08431
0.44637 -0.16716 -0.08706
0.44464 -0.16612 -0.08933
0.44011 -0.17144 0.09202
0.44035 -0.17089 0.08921
0.44077 -0.17059 0.0863
0.44136 -0.17068 0.08341
0.4422 -0.1713 0.08067
0.44284 -0.17162 0.07789
0.44336 -0.17187 0.07505
0.4439 -0.17171 0.07219
0.44486 -0.17144 0.06941
0.44608 -0.17147 0.06676
0.44741 -0.17195 0.06424
0.44873 -0.17278 0.06178
0.44878 -0.17359 0.05892
0.44716 -0.17342 0.05629
0.44714 -0.17304 0.05331
0.44766 -0.17272 0.05039
0.44842 -0.17278 0.04757
0.44894 -0.17287 0.04475
0.44927 -0.17301 0.04183
0.45054 -0.17367 0.03924
0.45121 -0.17418 0.03648
0.45125 -0.17431 0.03362
0.45161 -0.17435 0.03079
0.45215 -0.17405 0.02801
0.45269 -0.17353 0.02518
0.45316 -0.17335 0.02229
0.45376 -0.17344 0.01944
0.45444 -0.17376 0.01658
0.455 -0.17452 0.0138
0.45545 -0.1757 0.01121
0.45581 -0.17667 0.00856
0.45601 -0.17697 0.00578
0.45631 -0.17705 0.00295
0.45679 -0.17707 0.00016
0.45755 -0.17691 -0.00268
0.45804 -0.17663 -0.00562
0.45745 -0.17632 -0.0085
0.45691 -0.17671 -0.01134
0.45677 -0.17717 -0.01395
0.45706 -0.17693 -0.01641
0.45764 -0.17613 -0.0191
0.4582 -0.17507 -0.02175
0.45881 -0.17408 -0.02444
0.45937 -0.17318 -0.02724
0.4609 -0.17327 -0.02981
0.46315 -0.17407 -0.03174
0.46507 -0.17507 -0.03387
0.46639 -0.17575 -0.03662
0.46703 -0.17548 -0.03989
0.46658 -0.17403 -0.04286
0.46569 -0.1723 -0.04518
0.46481 -0.17114 -0.04767
0.46367 -0.17024 -0.05019
0.46227 -0.16922 -0.05252
0.46092 -0.16892 -0.05502
0.45962 -0.16938 -0.05756
0.45841 -0.17003 -0.06009
0.45744 -0.17051 -0.06274
0.45666 -0.17055 -0.06548
0.45578 -0.1701 -0.06821
0.45476 -0.16916 -0.07074
0.45377 -0.16811 -0.07326
0.45254 -0.16732 -0.07574
0.45121 -0.16648 -0.07815
0.44979 -0.16594 -0.08055
0.4487 -0.16562 -0.08319
0.44763 -0.16526 -0.08592
0.44577 -0.16439 -0.08809
0.4437 -0.16335 -0.08994
0.44156 -0.16918 0.09105
0.44207 -0.1688 0.08823
0.44247 -0.16851 0.08532
0.44316 -0.16869 0.08247
0.44396 -0.1693 0.07973
0.44454 -0.16958 0.07692
0.445 -0.16978 0.07405
0.4456 -0.16962 0.07119
0.4468 -0.16949 0.06849
0.4482 -0.16966 0.06595
0.44902 -0.16982 0.06323
0.44919 -0.17023 0.06042
0.4484 -0.1708 0.0577
0.44799 -0.17096 0.0548
0.44851 -0.17079 0.05187
0.44931 -0.17065 0.04903
0.45018 -0.17084 0.04626
0.4504 -0.17073 0.04335
0.45092 -0.17097 0.04047
0.45174 -0.17142 0.0377
0.45246 -0.17193 0.03496
0.45293 -0.1723 0.03215
0.4534 -0.17246 0.02933
0.45392 -0.17215 0.02654
0.45437 -0.17155 0.0237
0.45497 -0.17145 0.02082
0.45565 -0.17163 0.01799
0.45633 -0.17193 0.01515
0.45686 -0.17265 0.01237
0.45726 -0.17379 0.00973
0.45748 -0.17467 0.007
0.45761 -0.17493 0.00416
0.45796 -0.17504 0.00132
0.45852 -0.17513 -0.00149
0.45921 -0.17493 -0.00433
0.45908 -0.17416 -0.00719
0.45886 -0.17409 -0.01009
0.45849 -0.1746 -0.01294
0.45841 -0.17521 -0.01567
0.4588 -0.17511 -0.01822
0.45915 -0.17413 -0.02093
0.45978 -0.1731 -0.02356
0.4604 -0.17211 -0.02627
0.46166 -0.17182 -0.02893
0.4637 -0.17234 -0.03099
0.46568 -0.17274 -0.03319
0.46708 -0.1733 -0.03582
0.468 -0.17374 -0.03873
0.46813 -0.17321 -0.04186
0.46766 -0.17179 -0.04463
0.46699 -0.17039 -0.04723
0.4659 -0.16894 -0.04958
0.46432 -0.16762 -0.05164
0.46303 -0.16671 -0.05403
0.46172 -0.16643 -0.05653
0.46083 -0.16711 -0.05915
0.45993 -0.16803 -0.06176
0.4588 -0.16846 -0.06444
0.45776 -0.16831 -0.06714
0.45689 -0.16788 -0.06992
0.45567 -0.16679 -0.07235
0.45455 -0.16562 -0.07478
0.45298 -0.16465 -0.07699
0.45175 -0.16389 -0.07948
0.45012 -0.16328 -0.08178
0.44883 -0.1629 -0.08435
0.44725 -0.16242 -0.08676
0.44545 -0.16163 -0.08893
0.44343 -0.16059 -0.09081
0.44315 -0.1669 0.09055
0.44376 -0.16662 0.08772
0.44429 -0.16642 0.08483
0.44508 -0.1667 0.08202
0.44595 -0.16735 0.0793
0.44618 -0.16734 0.07639
0.44668 -0.16756 0.07351
0.44753 -0.16756 0.0707
0.4488 -0.16749 0.06806
0.45029 -0.16769 0.06552
0.45044 -0.16741 0.06261
0.44999 -0.16751 0.05974
0.44944 -0.16808 0.05689
0.44967 -0.16861 0.05401
0.45034 -0.16857 0.05116
0.45121 -0.1685 0.04838
0.4518 -0.16849 0.04554
0.45221 -0.16849 0.04265
0.45291 -0.16886 0.03982
0.45355 -0.16917 0.03699
0.45432 -0.16973 0.03422
0.45524 -0.17049 0.03155
0.45571 -0.17068 0.02867
0.45579 -0.16996 0.02584
0.45629 -0.16937 0.02299
0.45709 -0.16944 0.02016
0.45767 -0.16953 0.01731
0.45831 -0.16979 0.01447
0.45879 -0.17046 0.01168
0.45905 -0.17149 0.00897
0.45923 -0.17234 0.0062
0.45979 -0.17293 0.00341
0.46049 -0.17339 0.00062
0.46079 -0.17323 -0.00229
0.46095 -0.17254 -0.00513
0.46091 -0.17181 -0.00796
0.46079 -0.17183 -0.01086
0.46046 -0.17236 -0.01369
0.46019 -0.17286 -0.01653
0.46036 -0.1727 -0.01932
0.46099 -0.17191 -0.02203
0.46162 -0.17088 -0.02465
0.46262 -0.17021 -0.02729
0.46397 -0.17 -0.02985
0.46566 -0.17023 -0.03219
0.46734 -0.17044 -0.03456
0.46882 -0.17105 -0.03713
0.46947 -0.17137 -0.04012
0.46982 -0.17098 -0.04321
0.46968 -0.16983 -0.04612
0.46895 -0.1682 -0.04871
0.46735 -0.16631 -0.05049
0.4657 -0.16504 -0.05244
0.46439 -0.16416 -0.05483
0.463 -0.16383 -0.05732
0.46183 -0.16435 -0.05988
0.46141 -0.16544 -0.06255
0.4607 -0.16615 -0.06541
0.4593 -0.16586 -0.06807
0.45816 -0.16523 -0.07072
0.45673 -0.16405 -0.07302
0.45535 -0.16277 -0.07522
0.45381 -0.16186 -0.07749
0.45245 -0.16106 -0.07991
0.45093 -0.16054 -0.08234
0.44931 -0.16007 -0.0847
0.44785 -0.15965 -0.08717
0.44632 -0.15899 -0.08964
0.4447 -0.1646 0.0907
0.44543 -0.16439 0.08788
0.44609 -0.16431 0.08504
0.4468 -0.16453 0.08222
0.44761 -0.16511 0.07947
0.4479 -0.16514 0.07656
0.44832 -0.16526 0.07367
0.44927 -0.16534 0.07091
0.45029 -0.16509 0.06818
0.45139 -0.16504 0.06549
0.45167 -0.16482 0.06261
0.45146 -0.16501 0.05971
0.45124 -0.16575 0.05687
0.45144 -0.16629 0.05401
0.45229 -0.1664 0.05122
0.45332 -0.16649 0.0485
0.45386 -0.16643 0.04564
0.45427 -0.16638 0.04274
0.45499 -0.16679 0.03993
0.45533 -0.16681 0.03703
0.4559 -0.16725 0.03417
0.45703 -0.16815 0.03159
0.45795 -0.16866 0.02879
0.45782 -0.1678 0.02591
0.45833 -0.1672 0.02309
0.45896 -0.16713 0.02023
0.45961 -0.16726 0.01738
0.46019 -0.16746 0.01454
0.46055 -0.16802 0.01171
0.46069 -0.16896 0.00894
0.46087 -0.16981 0.00617
0.46179 -0.17061 0.00351
0.46262 -0.17113 0.0007
0.46292 -0.17096 -0.00226
0.46273 -0.17005 -0.00507
0.46285 -0.16944 -0.00792
0.46265 -0.16939 -0.0108
0.46227 -0.16987 -0.01364
0.46195 -0.17033 -0.01649
0.46214 -0.17018 -0.01936
0.46283 -0.16945 -0.02207
0.46362 -0.16853 -0.02468
0.46462 -0.16785 -0.02729
0.4657 -0.16745 -0.02996
0.46699 -0.16746 -0.03254
0.4687 -0.16764 -0.03488
0.47021 -0.16821 -0.03745
0.47097 -0.16855 -0.04039
0.47179 -0.16821 -0.04344
0.47194 -0.16698 -0.04651
0.4707 -0.16522 -0.04892
0.46888 -0.16357 -0.05068
0.46737 -0.16254 -0.05289
0.46619 -0.16182 -0.05539
0.46493 -0.16164 -0.058
0.4632 -0.1617 -0.06032
0.46191 -0.1624 -0.0628
0.46134 -0.16308 -0.06561
0.46037 -0.16301 -0.06841
0.45925 -0.1624 -0.07107
0.45787 -0.16131 -0.07344
0.45629 -0.15997 -0.07547
0.45486 -0.15914 -0.07784
0.45361 -0.15841 -0.08035
0.45209 -0.1579 -0.08278
0.45051 -0.15747 -0.0852
0.44886 -0.15694 -0.08753
0.44742 -0.1563 -0.09004
0.44705 -0.16219 0.08848
0.44603 -0.16222 0.09123
0.44762 -0.16206 0.08563
0.44811 -0.16213 0.08277
0.4488 -0.16261 0.07997
0.44936 -0.16281 0.07712
0.44985 -0.16298 0.07426
0.45072 -0.16297 0.07149
0.45161 -0.16262 0.06875
0.45234 -0.16236 0.06594
0.45261 -0.16215 0.06306
0.45274 -0.16249 0.06017
0.45285 -0.1634 0.05738
0.45318 -0.16403 0.05455
0.45402 -0.16412 0.05177
0.45504 -0.1642 0.04905
0.4557 -0.16424 0.04622
0.45648 -0.16456 0.04342
0.45708 -0.16483 0.04059
0.45725 -0.16465 0.03767
0.45757 -0.16485 0.03477
0.45812 -0.16537 0.03193
0.45899 -0.16582 0.0292
0.45976 -0.1656 0.02642
0.46024 -0.16497 0.02361
0.46076 -0.1648 0.02074
0.4613 -0.16484 0.01787
0.46183 -0.16499 0.01502
0.46214 -0.16551 0.01219
0.46202 -0.16627 0.00936
0.46212 -0.16707 0.00655
0.46274 -0.1677 0.00376
0.46354 -0.16815 0.00098
0.46403 -0.16807 -0.00189
0.46444 -0.16752 -0.00473
0.46457 -0.1669 -0.00758
0.46457 -0.167 -0.01046
0.4642 -0.16748 -0.0133
0.46394 -0.16799 -0.01616
0.46416 -0.16785 -0.01905
0.46507 -0.16731 -0.02177
0.46573 -0.16627 -0.02439
0.46642 -0.16534 -0.02703
0.46718 -0.16473 -0.02978
0.46793 -0.1645 -0.03257
0.46929 -0.16458 -0.03515
0.47078 -0.16504 -0.03769
0.47183 -0.16534 -0.04054
0.47221 -0.16478 -0.04355
0.47165 -0.16348 -0.04631
0.47062 -0.16191 -0.04859
0.4698 -0.16063 -0.05103
0.46882 -0.15996 -0.05366
0.46799 -0.15957 -0.05641
0.46687 -0.15958 -0.05916
0.46489 -0.15943 -0.06136
0.46303 -0.15971 -0.06353
0.462 -0.16023 -0.06619
0.46094 -0.16011 -0.06892
0.45984 -0.15951 -0.07158
0.45849 -0.15848 -0.07396
0.4573 -0.15737 -0.07634
0.45595 -0.15659 -0.0788
0.45466 -0.15584 -0.0813
0.45314 -0.15534 -0.08374
0.45125 -0.15473 -0.0859
0.44957 -0.15421 -0.08822
0.4479 -0.15345 -0.09051
0.44819 -0.15966 0.089
0.44892 -0.15964 0.08621
0.44944 -0.15971 0.08335
0.45007 -0.16015 0.08051
0.45083 -0.16049 0.07772
0.45135 -0.16067 0.07487
0.45204 -0.16053 0.07206
0.45293 -0.16014 0.06932
0.45322 -0.15968 0.06647
0.45316 -0.15936 0.06355
0.45338 -0.15971 0.06061
0.45392 -0.16079 0.0579
0.45466 -0.16164 0.05521
0.45593 -0.16208 0.05262
0.45685 -0.16206 0.04985
0.45749 -0.16209 0.04701
0.45821 -0.16236 0.0442
0.45903 -0.16279 0.04141
0.45913 -0.16254 0.03847
0.45946 -0.16271 0.03559
0.45981 -0.16303 0.03271
0.46053 -0.16337 0.0299
0.46146 -0.16325 0.02714
0.46187 -0.16258 0.02432
0.46245 -0.16244 0.02146
0.463 -0.16247 0.01859
0.46347 -0.16257 0.01572
0.46373 -0.16304 0.01287
0.46343 -0.16366 0.01002
0.46338 -0.16435 0.00717
0.46394 -0.16495 0.00435
0.46468 -0.16538 0.00154
0.46544 -0.16543 -0.00127
0.4661 -0.16501 -0.00409
0.46637 -0.16448 -0.00694
0.46639 -0.16459 -0.00983
0.46613 -0.16516 -0.01267
0.46588 -0.16566 -0.01553
0.46611 -0.16552 -0.01843
0.46692 -0.16487 -0.02116
0.46759 -0.16384 -0.02379
0.46812 -0.16281 -0.02644
0.4687 -0.1621 -0.0292
0.46928 -0.16178 -0.03203
0.46988 -0.16156 -0.03487
0.47036 -0.16187 -0.03773
0.47127 -0.16217 -0.04053
0.47134 -0.16166 -0.04343
0.47095 -0.16042 -0.04607
0.47072 -0.15884 -0.04846
0.47044 -0.15762 -0.05106
0.47034 -0.15727 -0.05396
0.46979 -0.15703 -0.05686
0.46877 -0.15713 -0.05971
0.46677 -0.15713 -0.06201
0.46473 -0.15729 -0.06404
0.4631 -0.15748 -0.06638
0.46199 -0.15733 -0.06907
0.46081 -0.15672 -0.07167
0.46002 -0.15598 -0.07434
0.45932 -0.15526 -0.07714
0.45766 -0.15426 -0.07943
0.4562 -0.15338 -0.08181
0.45454 -0.15281 -0.08414
0.45276 -0.15229 -0.08641
0.45087 -0.15164 -0.08854
0.44911 -0.15084 -0.09073
0.45055 -0.15734 0.0867
0.44974 -0.15729 0.08945
0.45099 -0.15738 0.08382
0.45149 -0.15776 0.08094
0.45224 -0.15809 0.07814
0.45281 -0.15828 0.07529
0.45344 -0.15808 0.07247
0.45401 -0.15751 0.06969
0.45402 -0.15689 0.06685
0.45396 -0.15652 0.0639
0.4542 -0.15686 0.06088
0.45487 -0.15803 0.05816
0.45608 -0.15916 0.05572
0.45751 -0.15971 0.05324
0.45858 -0.15982 0.05053
0.45913 -0.15977 0.04766
0.45978 -0.15997 0.04481
0.46053 -0.16033 0.04201
0.46104 -0.16042 0.03914
0.46124 -0.16046 0.03623
0.46169 -0.16082 0.03336
0.46223 -0.16099 0.0305
0.46291 -0.1607 0.02769
0.46347 -0.16012 0.02488
0.46408 -0.15998 0.02201
0.46469 -0.16006 0.01915
0.4652 -0.16018 0.01629
0.46546 -0.16064 0.01342
0.46511 -0.16119 0.01056
0.46528 -0.16203 0.00775
0.46552 -0.16238 0.00485
0.46619 -0.16276 0.00202
0.46705 -0.16287 -0.00076
0.468 -0.16266 -0.00353
0.46827 -0.16212 -0.0064
0.46824 -0.16218 -0.0093
0.46806 -0.16281 -0.01214
0.46766 -0.16318 -0.01501
0.46777 -0.16295 -0.0179
0.46848 -0.16223 -0.02062
0.46921 -0.16125 -0.02324
0.46984 -0.16029 -0.0259
0.4704 -0.15956 -0.02867
0.47096 -0.15923 -0.03152
0.47124 -0.15881 -0.03438
0.47117 -0.15888 -0.0373
0.47119 -0.1591 -0.04021
0.47132 -0.15862 -0.04307
0.47129 -0.1574 -0.04572
0.47132 -0.15587 -0.04816
0.47132 -0.15471 -0.05082
0.47105 -0.15426 -0.0537
0.47066 -0.15404 -0.05661
0.47001 -0.15422 -0.05949
0.46874 -0.15474 -0.06221
0.46652 -0.15487 -0.06423
0.46448 -0.15483 -0.06628
0.46308 -0.15457 -0.06879
0.46201 -0.154 -0.07142
0.46118 -0.1532 -0.07406
0.46095 -0.15256 -0.077
0.45938 -0.15173 -0.07948
0.45777 -0.15082 -0.08176
0.45613 -0.15029 -0.08411
0.45432 -0.14978 -0.08637
0.45255 -0.14925 -0.08864
0.4507 -0.1484 -0.09074
0.45256 -0.15542 0.08723
0.45267 -0.15518 0.08432
0.45304 -0.15545 0.08139
0.45362 -0.15566 0.07853
0.45407 -0.15577 0.07564
0.45477 -0.15558 0.07282
0.45532 -0.15495 0.07004
0.45543 -0.1543 0.06719
0.45551 -0.1539 0.06422
0.45574 -0.15421 0.06116
0.45636 -0.15544 0.0584
0.45753 -0.15662 0.05593
0.45916 -0.15734 0.0536
0.46031 -0.15751 0.05092
0.46088 -0.15746 0.04806
0.46142 -0.15757 0.04518
0.46205 -0.15785 0.04233
0.46273 -0.15804 0.03949
0.46307 -0.15819 0.03659
0.46355 -0.15856 0.03372
0.46397 -0.1586 0.03084
0.46467 -0.1583 0.02802
0.4653 -0.15776 0.0252
0.46587 -0.15759 0.02233
0.46641 -0.15762 0.01945
0.46699 -0.15778 0.01658
0.46719 -0.15818 0.0137
0.46692 -0.15878 0.01083
0.46694 -0.15948 0.00799
0.4673 -0.15992 0.00511
0.46798 -0.16029 0.00228
0.46876 -0.16033 -0.00053
0.46961 -0.16004 -0.00332
0.47014 -0.15968 -0.00618
0.47018 -0.1598 -0.00908
0.46997 -0.16039 -0.01193
0.46965 -0.16081 -0.01481
0.46964 -0.16048 -0.01768
0.47038 -0.1598 -0.02041
0.47117 -0.15887 -0.02304
0.47183 -0.1579 -0.02569
0.47243 -0.15721 -0.02847
0.47276 -0.15671 -0.03132
0.47304 -0.15628 -0.03419
0.473 -0.15635 -0.03712
0.47256 -0.1563 -0.04001
0.47249 -0.15579 -0.04289
0.47232 -0.15452 -0.04551
0.47238 -0.15301 -0.04797
0.47238 -0.15187 -0.05065
0.47198 -0.15138 -0.05352
0.47146 -0.15113 -0.0564
0.47066 -0.15122 -0.05922
0.4702 -0.15186 -0.06219
0.46835 -0.15233 -0.06469
0.46575 -0.15211 -0.06631
0.46395 -0.1517 -0.06855
0.46285 -0.15112 -0.07118
0.46187 -0.15029 -0.07379
0.46111 -0.14948 -0.07651
0.45998 -0.14876 -0.07914
0.45853 -0.14793 -0.08154
0.45719 -0.1475 -0.08412
0.4555 -0.14707 -0.08649
0.45382 -0.1466 -0.08886
0.45209 -0.14586 -0.0911
0.45201 -0.15563 0.09008
0.455 -0.15375 0.08788
0.45437 -0.15308 0.08489
0.45451 -0.15316 0.08194
0.45497 -0.15325 0.07903
0.45538 -0.15331 0.07612
0.45612 -0.15311 0.07329
0.45706 -0.1527 0.07054
0.45745 -0.15223 0.06767
0.45774 -0.15201 0.06473
0.45791 -0.1522 0.06172
0.45828 -0.15319 0.05886
0.45927 -0.15428 0.05625
0.46092 -0.15504 0.05392
0.46205 -0.15519 0.05122
0.46295 -0.15542 0.04845
0.46325 -0.15531 0.04553
0.46356 -0.15534 0.04261
0.46398 -0.15535 0.03969
0.46455 -0.15564 0.03681
0.46522 -0.15612 0.03399
0.46578 -0.15626 0.03114
0.46649 -0.15595 0.02832
0.4673 -0.15555 0.02552
0.46778 -0.1553 0.02263
0.46818 -0.1552 0.01972
0.46861 -0.15524 0.01681
0.46886 -0.15567 0.01393
0.46884 -0.15645 0.0111
0.46873 -0.15704 0.00822
0.46906 -0.15744 0.00531
0.46968 -0.15775 0.00246
0.47041 -0.15775 -0.00037
0.47143 -0.15756 -0.00313
0.47213 -0.15734 -0.00597
0.4721 -0.15739 -0.00887
0.47181 -0.15792 -0.01174
0.47161 -0.15844 -0.01462
0.47181 -0.15827 -0.01751
0.47266 -0.15771 -0.02024
0.47383 -0.1572 -0.02289
0.47436 -0.15607 -0.02556
0.47466 -0.15506 -0.02832
0.475 -0.15457 -0.03119
0.47507 -0.15395 -0.03405
0.47473 -0.15379 -0.03696
0.47434 -0.15377 -0.03986
0.47442 -0.15339 -0.04282
0.47391 -0.15188 -0.04532
0.47392 -0.15038 -0.0478
0.47381 -0.14918 -0.05046
0.47364 -0.14885 -0.05342
0.47259 -0.14834 -0.05616
0.47124 -0.14828 -0.05875
0.46988 -0.14877 -0.06129
0.46872 -0.14922 -0.064
0.46681 -0.14927 -0.06628
0.46488 -0.14886 -0.06844
0.46338 -0.14819 -0.07087
0.46234 -0.14738 -0.07349
0.46126 -0.14655 -0.07608
0.46018 -0.14584 -0.07871
0.459 -0.14503 -0.08127
0.45787 -0.14462 -0.08396
0.45647 -0.14428 -0.08654
0.45494 -0.14387 -0.08901
0.45346 -0.14329 -0.09148
0.45561 -0.15063 0.08526
0.45573 -0.15086 0.08824
0.45565 -0.15068 0.08231
0.45601 -0.15068 0.07937
0.45678 -0.15088 0.07653
0.45757 -0.15068 0.07369
0.45859 -0.1503 0.07097
0.45933 -0.1501 0.06815
0.45983 -0.15009 0.06525
0.46015 -0.15046 0.06233
0.46041 -0.15129 0.05946
0.46112 -0.15205 0.05666
0.46243 -0.15252 0.05406
0.46387 -0.15295 0.05155
0.46491 -0.15327 0.04881
0.46492 -0.15294 0.04585
0.46528 -0.15296 0.04292
0.46567 -0.15292 0.03999
0.46628 -0.15325 0.03712
0.4669 -0.15369 0.03428
0.46762 -0.15394 0.03146
0.46833 -0.15362 0.02864
0.46902 -0.15312 0.02582
0.46966 -0.15299 0.02295
0.47006 -0.15287 0.02004
0.47052 -0.15292 0.01714
0.4708 -0.15337 0.01428
0.47064 -0.15403 0.01142
0.47055 -0.15462 0.00853
0.47088 -0.155 0.0056
0.47148 -0.15529 0.00272
0.47234 -0.15535 -9e-05
0.47346 -0.15528 -0.0028
0.47417 -0.15505 -0.00563
0.47416 -0.15512 -0.0085
0.4739 -0.15567 -0.01137
0.4738 -0.15628 -0.01428
0.47398 -0.15608 -0.01721
0.47499 -0.15566 -0.01992
0.47633 -0.15523 -0.02258
0.47659 -0.15389 -0.02528
0.47679 -0.15283 -0.02802
0.47697 -0.15218 -0.03088
0.47707 -0.15159 -0.03375
0.47659 -0.15134 -0.03663
0.47627 -0.15138 -0.03956
0.47623 -0.15091 -0.0425
0.47569 -0.14939 -0.04497
0.47573 -0.14793 -0.0475
0.47574 -0.14681 -0.0502
0.47523 -0.14623 -0.05309
0.47373 -0.14556 -0.05558
0.47192 -0.14545 -0.05788
0.47068 -0.14597 -0.06049
0.46914 -0.14639 -0.06299
0.46748 -0.14644 -0.06543
0.46587 -0.1461 -0.06789
0.46437 -0.14544 -0.07034
0.4634 -0.14465 -0.07301
0.46212 -0.1438 -0.07551
0.46085 -0.14305 -0.07806
0.45985 -0.14227 -0.08071
0.45885 -0.1419 -0.08347
0.45722 -0.1415 -0.08591
0.45588 -0.14112 -0.08848
0.45487 -0.14069 -0.09121
0.4537 -0.1401 -0.09392
0.45582 -0.14787 0.08562
0.45547 -0.148 0.08854
0.45613 -0.14798 0.08268
0.45695 -0.14809 0.07984
0.45776 -0.14825 0.07701
0.4589 -0.14819 0.07428
0.46021 -0.14797 0.07167
0.46121 -0.148 0.06896
0.46177 -0.14804 0.0661
0.4621 -0.14844 0.0632
0.4623 -0.14921 0.06032
0.46285 -0.14978 0.05742
0.46401 -0.15012 0.05473
0.46508 -0.15033 0.05206
0.46596 -0.15055 0.04932
0.46655 -0.1506 0.04646
0.46713 -0.15079 0.04359
0.46752 -0.15074 0.04067
0.46792 -0.15088 0.03777
0.4686 -0.15135 0.03494
0.46934 -0.15161 0.03211
0.47018 -0.15138 0.02931
0.47082 -0.15083 0.02649
0.4715 -0.15073 0.02364
0.47203 -0.15072 0.02075
0.47252 -0.15081 0.01789
0.47264 -0.1511 0.01501
0.47262 -0.15185 0.01216
0.47251 -0.1524 0.00926
0.47275 -0.15268 0.0063
0.47341 -0.153 0.00342
0.47443 -0.15322 0.00066
0.47578 -0.15346 -0.00194
0.47668 -0.15351 -0.00472
0.47643 -0.15324 -0.00755
0.47614 -0.15376 -0.01044
0.47574 -0.15403 -0.0134
0.47598 -0.15386 -0.01638
0.47661 -0.1531 -0.01915
0.47765 -0.15239 -0.0218
0.47834 -0.15142 -0.0245
0.47853 -0.15038 -0.02725
0.47867 -0.14972 -0.03009
0.47869 -0.14906 -0.03293
0.47844 -0.14898 -0.03583
0.47819 -0.14909 -0.03878
0.478 -0.14852 -0.04168
0.47797 -0.14735 -0.0444
0.47771 -0.14568 -0.0468
0.4774 -0.14439 -0.04934
0.47638 -0.14362 -0.05196
0.47462 -0.14297 -0.0542
0.47308 -0.14296 -0.05661
0.47166 -0.14344 -0.05917
0.47056 -0.14393 -0.06195
0.46894 -0.14401 -0.06447
0.46718 -0.14364 -0.06685
0.46561 -0.14295 -0.06929
0.46453 -0.14214 -0.07194
0.46334 -0.14132 -0.07448
0.46206 -0.14057 -0.07705
0.46113 -0.13982 -0.07973
0.45997 -0.13943 -0.0824
0.45842 -0.13905 -0.08488
0.45694 -0.13865 -0.08738
0.45588 -0.13817 -0.09008
0.4548 -0.13753 -0.09279
0.45581 -0.1451 0.08597
0.45481 -0.14526 0.0887
0.45639 -0.14524 0.08306
0.45742 -0.14533 0.08026
0.45878 -0.14566 0.07764
0.46043 -0.14588 0.07518
0.46211 -0.14601 0.0728
0.46335 -0.14641 0.07027
0.46403 -0.14664 0.0675
0.46424 -0.14684 0.06461
0.46422 -0.14736 0.06165
0.46468 -0.14783 0.0587
0.46574 -0.14807 0.05597
0.46635 -0.14788 0.05316
0.46732 -0.14819 0.05038
0.46811 -0.1484 0.04757
0.46853 -0.14847 0.04467
0.46902 -0.14849 0.04177
0.46938 -0.14859 0.03889
0.47 -0.14901 0.03603
0.4708 -0.14927 0.03319
0.47181 -0.14915 0.03043
0.47263 -0.14875 0.02765
0.47319 -0.14856 0.0248
0.47371 -0.14854 0.02191
0.47424 -0.14866 0.01907
0.47446 -0.14903 0.01621
0.47429 -0.1496 0.01332
0.4743 -0.15023 0.01043
0.47456 -0.15049 0.00747
0.47521 -0.15079 0.00456
0.47641 -0.15119 0.00185
0.47805 -0.15194 -0.00053
0.47922 -0.15245 -0.00325
0.47869 -0.15175 -0.00609
0.47808 -0.15186 -0.00898
0.47782 -0.15224 -0.01198
0.47775 -0.15174 -0.01497
0.47829 -0.15089 -0.01776
0.47902 -0.14995 -0.02046
0.47975 -0.14901 -0.02314
0.48022 -0.14816 -0.0259
0.48043 -0.14755 -0.02875
0.48055 -0.14698 -0.0316
0.48037 -0.14696 -0.0345
0.48027 -0.14718 -0.03748
0.48008 -0.14659 -0.04039
0.47973 -0.1452 -0.04299
0.47959 -0.14364 -0.04547
0.47911 -0.14231 -0.0479
0.4781 -0.14161 -0.05049
0.4765 -0.14101 -0.0528
0.47459 -0.14088 -0.05494
0.47298 -0.14131 -0.05746
0.47162 -0.14176 -0.06016
0.47022 -0.14189 -0.06278
0.46875 -0.1416 -0.06536
0.46743 -0.14101 -0.06796
0.46591 -0.14005 -0.07035
0.46477 -0.13926 -0.07293
0.46364 -0.13855 -0.07559
0.46261 -0.13778 -0.07822
0.46134 -0.13738 -0.0808
0.45993 -0.13706 -0.08336
0.45843 -0.13665 -0.08587
0.45714 -0.13612 -0.08844
0.45572 -0.13547 -0.0909
0.45395 -0.13503 -0.09303
0.45446 -0.14247 0.08882
0.45541 -0.14231 0.08602
0.45664 -0.14243 0.08331
0.45828 -0.14266 0.0808
0.46017 -0.14332 0.0786
0.46212 -0.1439 0.07645
0.46413 -0.14479 0.07452
0.4655 -0.14569 0.07213
0.46625 -0.14611 0.06937
0.4665 -0.14627 0.06648
0.46626 -0.14614 0.0635
0.4663 -0.14596 0.06047
0.46706 -0.14591 0.05761
0.46791 -0.14601 0.05488
0.46836 -0.14595 0.05196
0.46936 -0.14631 0.04916
0.46971 -0.14631 0.04623
0.4702 -0.14631 0.04333
0.47067 -0.14647 0.04047
0.47105 -0.1467 0.03757
0.47181 -0.14692 0.03468
0.47303 -0.14692 0.03197
0.47398 -0.14662 0.02923
0.47469 -0.14654 0.02641
0.47511 -0.14642 0.02351
0.47558 -0.14648 0.02065
0.47591 -0.14692 0.01779
0.47595 -0.14764 0.01491
0.47613 -0.14842 0.01205
0.4765 -0.14879 0.00913
0.47705 -0.14895 0.0062
0.47831 -0.14947 0.00353
0.47994 -0.15019 0.00118
0.48134 -0.15093 -0.00145
0.48087 -0.15037 -0.00438
0.48003 -0.15023 -0.00723
0.47948 -0.15032 -0.01019
0.47961 -0.15 -0.0132
0.48011 -0.14911 -0.01598
0.48078 -0.14811 -0.01868
0.48132 -0.14702 -0.02136
0.48183 -0.14621 -0.02412
0.48206 -0.14561 -0.02698
0.48217 -0.14502 -0.02984
0.48206 -0.14503 -0.03276
0.48178 -0.14511 -0.03571
0.48145 -0.14447 -0.03855
0.48129 -0.14321 -0.0412
0.48135 -0.14178 -0.04377
0.48125 -0.14072 -0.04638
0.48036 -0.14012 -0.04908
0.47895 -0.13964 -0.05159
0.47694 -0.13939 -0.05365
0.4747 -0.13952 -0.05568
0.47295 -0.13986 -0.05822
0.47161 -0.14004 -0.06088
0.47026 -0.1398 -0.06351
0.46912 -0.1393 -0.06621
0.46795 -0.13849 -0.06882
0.4664 -0.13754 -0.07114
0.46532 -0.13687 -0.07385
0.46382 -0.13594 -0.07622
0.46261 -0.13559 -0.07884
0.4613 -0.1353 -0.08145
0.45992 -0.13494 -0.08403
0.45856 -0.1344 -0.08657
0.45713 -0.13376 -0.08903
0.45532 -0.13331 -0.09113
0.45351 -0.13304 -0.09341
0.45425 -0.13969 0.08856
0.45552 -0.13948 0.08586
0.45726 -0.13964 0.08339
0.45952 -0.14016 0.08147
0.46175 -0.14126 0.07984
0.46389 -0.14231 0.07809
0.46593 -0.14335 0.07626
0.46749 -0.14462 0.07406
0.46837 -0.14541 0.0713
0.46872 -0.14581 0.06836
0.46856 -0.14577 0.06535
0.46858 -0.14532 0.06238
0.46924 -0.14492 0.05954
0.46952 -0.14435 0.05675
0.46944 -0.14391 0.05384
0.47003 -0.144 0.05086
0.47057 -0.14411 0.04795
0.47122 -0.14418 0.04507
0.47171 -0.14433 0.04221
0.4722 -0.14459 0.03932
0.47283 -0.14469 0.0364
0.47392 -0.14459 0.03363
0.47521 -0.14455 0.031
0.47602 -0.14454 0.0282
0.47652 -0.14447 0.02531
0.47696 -0.14449 0.02244
0.47726 -0.14486 0.01955
0.47741 -0.14565 0.01664
0.47769 -0.14651 0.01381
0.4783 -0.14715 0.01097
0.47892 -0.14739 0.00807
0.47996 -0.14759 0.0053
0.4818 -0.14839 0.00305
0.48339 -0.149 0.0004
0.48314 -0.14876 -0.00278
0.48169 -0.14826 -0.00553
0.48121 -0.14838 -0.00852
0.48138 -0.14809 -0.01151
0.4821 -0.14739 -0.01431
0.48262 -0.14626 -0.01699
0.48304 -0.14508 -0.01966
0.48348 -0.1442 -0.02242
0.48384 -0.1437 -0.0253
0.48378 -0.14298 -0.02815
0.4836 -0.14293 -0.03107
0.48348 -0.14312 -0.03403
0.48343 -0.14265 -0.03697
0.48314 -0.14132 -0.0396
0.48314 -0.13986 -0.04216
0.48302 -0.13877 -0.04479
0.48225 -0.13825 -0.04755
0.48141 -0.13811 -0.05043
0.47927 -0.13781 -0.05251
0.47708 -0.13798 -0.05455
0.47475 -0.13804 -0.05657
0.47301 -0.13814 -0.05901
0.47187 -0.13799 -0.06177
0.4707 -0.13749 -0.06445
0.46971 -0.13677 -0.06716
0.4683 -0.13589 -0.06958
0.46707 -0.13516 -0.07219
0.46586 -0.13435 -0.07475
0.46432 -0.13386 -0.07719
0.46276 -0.1335 -0.07967
0.46146 -0.13316 -0.0823
0.46014 -0.13261 -0.08488
0.45839 -0.13193 -0.08712
0.45674 -0.13147 -0.08936
0.45482 -0.13121 -0.09156
0.45297 -0.13055 -0.09383
0.45416 -0.13688 0.08824
0.45586 -0.13666 0.08573
0.45831 -0.13706 0.084
0.46085 -0.13793 0.08273
0.46308 -0.1391 0.08118
0.46543 -0.14033 0.07974
0.46752 -0.14124 0.07775
0.46904 -0.1423 0.07537
0.47028 -0.14343 0.07283
0.47095 -0.14431 0.06995
0.47097 -0.14476 0.06689
0.47098 -0.14449 0.06392
0.47195 -0.14428 0.06108
0.47204 -0.14333 0.05818
0.47153 -0.1424 0.05538
0.47099 -0.14177 0.05248
0.47161 -0.1419 0.04954
0.47224 -0.14195 0.04664
0.47279 -0.14211 0.04377
0.47338 -0.14241 0.0409
0.47415 -0.14261 0.03805
0.47519 -0.14246 0.03529
0.47631 -0.14226 0.03257
0.47729 -0.14239 0.02981
0.47799 -0.14248 0.02696
0.47851 -0.14255 0.02408
0.47879 -0.14289 0.02119
0.47879 -0.14357 0.01829
0.47896 -0.1443 0.01541
0.47963 -0.14494 0.01257
0.48048 -0.14538 0.00976
0.48131 -0.14538 0.00692
0.48234 -0.14542 0.00416
0.48379 -0.1459 0.00158
0.48425 -0.14614 -0.00136
0.48371 -0.14628 -0.00431
0.48302 -0.14627 -0.00721
0.48309 -0.14592 -0.01014
0.48364 -0.14509 -0.01291
0.48428 -0.14406 -0.01556
0.48478 -0.14294 -0.01824
0.48532 -0.14214 -0.02103
0.48558 -0.14156 -0.02391
0.48568 -0.14094 -0.02679
0.48519 -0.14068 -0.02967
0.48489 -0.14075 -0.03261
0.48485 -0.14029 -0.03551
0.48493 -0.1392 -0.03823
0.48506 -0.13783 -0.04084
0.48465 -0.13656 -0.04345
0.48376 -0.13597 -0.04618
0.48284 -0.13574 -0.04898
0.48151 -0.13588 -0.05163
0.4794 -0.1362 -0.05374
0.47706 -0.1363 -0.05567
0.47475 -0.13614 -0.05757
0.47333 -0.13591 -0.0602
0.47236 -0.1355 -0.06299
0.47131 -0.13477 -0.06566
0.47007 -0.13395 -0.06821
0.4685 -0.13312 -0.07059
0.46738 -0.13233 -0.07321
0.46625 -0.13202 -0.07592
0.4647 -0.13167 -0.07843
0.46281 -0.13115 -0.08066
0.46141 -0.13059 -0.0832
0.45965 -0.12991 -0.08545
0.45786 -0.12942 -0.08762
0.45603 -0.12917 -0.08988
0.45412 -0.12854 -0.09207
0.45438 -0.13408 0.088
0.45654 -0.13392 0.08587
0.45919 -0.13446 0.08459
0.46172 -0.13528 0.08329
0.46402 -0.13638 0.08173
0.46615 -0.13737 0.07991
0.46818 -0.13823 0.07785
0.46955 -0.13928 0.07537
0.47059 -0.14032 0.0728
0.47163 -0.14123 0.07016
0.47253 -0.14196 0.06734
0.47248 -0.14186 0.0644
0.47345 -0.14139 0.06164
0.4739 -0.14077 0.05862
0.47303 -0.13993 0.05576
0.47241 -0.13931 0.0529
0.47293 -0.13935 0.04996
0.47363 -0.13943 0.0471
0.47439 -0.13969 0.04424
0.4751 -0.14007 0.0414
0.47593 -0.1403 0.0386
0.47707 -0.14025 0.03591
0.47825 -0.1401 0.03321
0.47912 -0.14013 0.03039
0.47981 -0.14021 0.02753
0.48032 -0.14027 0.02461
0.48081 -0.14077 0.02175
0.48061 -0.14127 0.01883
0.48077 -0.14197 0.01596
0.48125 -0.14244 0.0131
0.48181 -0.14264 0.01023
0.48261 -0.14264 0.00742
0.48339 -0.14255 0.00458
0.48414 -0.14276 0.00172
0.48493 -0.14312 -0.00111
0.48525 -0.14365 -0.004
0.48496 -0.1439 -0.00692
0.48483 -0.14339 -0.0097
0.48526 -0.14248 -0.01243
0.48589 -0.14146 -0.01504
0.48654 -0.14045 -0.01773
0.48721 -0.13973 -0.02055
0.4873 -0.13903 -0.02341
0.48733 -0.13837 -0.0263
0.48688 -0.13814 -0.02921
0.48649 -0.13816 -0.03213
0.48639 -0.13767 -0.035
0.48646 -0.13658 -0.03767
0.48639 -0.13511 -0.04023
0.48583 -0.1338 -0.04288
0.48496 -0.13323 -0.04565
0.48402 -0.13299 -0.04845
0.48258 -0.13306 -0.05104
0.48104 -0.13362 -0.0535
0.47894 -0.13395 -0.05562
0.47661 -0.1338 -0.05745
0.47479 -0.13338 -0.05971
0.47357 -0.13288 -0.06233
0.47257 -0.13218 -0.065
0.47131 -0.13137 -0.06754
0.4698 -0.13057 -0.06992
0.46839 -0.12971 -0.07236
0.46719 -0.12936 -0.07502
0.46604 -0.12908 -0.07778
0.46397 -0.1286 -0.0799
0.4622 -0.128 -0.08217
0.46058 -0.12733 -0.08456
0.45878 -0.1268 -0.08684
0.45688 -0.12654 -0.08908
0.45504 -0.12593 -0.09124
0.45325 -0.12476 -0.09318
0.45242 -0.12734 -0.09418
0.45489 -0.13133 0.08776
0.45741 -0.13127 0.0861
0.46003 -0.13176 0.0848
0.46245 -0.13246 0.08319
0.46417 -0.13356 0.08101
0.46598 -0.13459 0.07892
0.46783 -0.13546 0.07679
0.46929 -0.1365 0.07443
0.47039 -0.13754 0.07188
0.471 -0.13849 0.06914
0.47155 -0.13913 0.06632
0.47166 -0.13911 0.0634
0.47273 -0.13847 0.06067
0.4731 -0.13782 0.05777
0.47298 -0.13706 0.05487
0.47355 -0.13677 0.05198
0.47443 -0.13697 0.04915
0.47542 -0.13719 0.04638
0.47642 -0.13763 0.04362
0.47734 -0.13818 0.04087
0.47833 -0.13857 0.03814
0.47947 -0.13853 0.03546
0.48059 -0.13829 0.03271
0.48106 -0.13795 0.0298
0.48149 -0.13782 0.02688
0.48203 -0.13791 0.02396
0.48241 -0.13832 0.02106
0.4824 -0.13893 0.01817
0.48273 -0.13973 0.01535
0.48334 -0.14027 0.01255
0.48404 -0.14057 0.00973
0.48481 -0.14052 0.00693
0.48529 -0.14015 0.00404
0.48589 -0.14025 0.00112
0.48641 -0.1405 -0.00182
0.48665 -0.14098 -0.00471
0.48658 -0.14134 -0.00757
0.48665 -0.14095 -0.01029
0.48715 -0.14008 -0.01302
0.48761 -0.13894 -0.01561
0.48821 -0.1379 -0.01832
0.48862 -0.13701 -0.02112
0.48871 -0.13633 -0.02398
0.48875 -0.13567 -0.02688
0.4885 -0.13558 -0.02984
0.48806 -0.13556 -0.03274
0.48776 -0.13494 -0.03556
0.48759 -0.13374 -0.03818
0.48712 -0.13215 -0.04063
0.48636 -0.13081 -0.04324
0.48552 -0.13026 -0.04604
0.48437 -0.12997 -0.04874
0.483 -0.13006 -0.05137
0.48119 -0.13055 -0.05364
0.47942 -0.13096 -0.05597
0.47727 -0.13093 -0.058
0.4756 -0.13058 -0.06037
0.47423 -0.13003 -0.06288
0.47305 -0.12929 -0.06544
0.47187 -0.12851 -0.06803
0.47051 -0.12776 -0.0705
0.46885 -0.12683 -0.07276
0.46723 -0.12643 -0.07516
0.46561 -0.12613 -0.07761
0.46375 -0.12568 -0.07985
0.46218 -0.12509 -0.08229
0.46073 -0.12443 -0.08479
0.45907 -0.12393 -0.08724
0.4572 -0.12367 -0.08955
0.45516 -0.12303 -0.09148
0.45346 -0.12188 -0.09346
0.45836 -0.12855 0.08607
0.46062 -0.129 0.08417
0.46239 -0.12985 0.08192
0.46419 -0.13095 0.07984
0.46588 -0.13202 0.07767
0.46743 -0.133 0.07536
0.46908 -0.13395 0.07308
0.46994 -0.13505 0.07046
0.47047 -0.13603 0.06771
0.47063 -0.13679 0.06485
0.47112 -0.13665 0.06196
0.47179 -0.13603 0.05911
0.47284 -0.13516 0.05643
0.47385 -0.13444 0.05372
0.47506 -0.13442 0.05101
0.47615 -0.13474 0.04829
0.47733 -0.1351 0.0456
0.47861 -0.13574 0.04299
0.47967 -0.13641 0.0403
0.48071 -0.13682 0.03756
0.48148 -0.13644 0.03474
0.48201 -0.13578 0.03187
0.48257 -0.1355 0.02898
0.48306 -0.13541 0.02606
0.48368 -0.13552 0.02314
0.48409 -0.13594 0.02023
0.4844 -0.13677 0.0174
0.48491 -0.13771 0.01465
0.48564 -0.13836 0.0119
0.48643 -0.13876 0.00911
0.48716 -0.13864 0.00628
0.48748 -0.13807 0.00338
0.48794 -0.13804 0.00044
0.48845 -0.13827 -0.0025
0.48867 -0.13873 -0.00539
0.48848 -0.13899 -0.00828
0.48867 -0.13872 -0.01108
0.48895 -0.13769 -0.01379
0.48927 -0.13645 -0.01639
0.48976 -0.13533 -0.01908
0.49013 -0.13442 -0.02188
0.49013 -0.13369 -0.02474
0.49033 -0.13312 -0.02765
0.48997 -0.13295 -0.03059
0.48917 -0.13275 -0.03342
0.48866 -0.13205 -0.03621
0.48827 -0.13078 -0.03878
0.4878 -0.12921 -0.04121
0.48726 -0.12796 -0.04389
0.48602 -0.1273 -0.0465
0.48456 -0.12695 -0.04904
0.48288 -0.12701 -0.05145
0.48121 -0.12753 -0.0538
0.47959 -0.12797 -0.05622
0.47778 -0.12804 -0.05856
0.47614 -0.12772 -0.06099
0.4747 -0.12716 -0.06349
0.47356 -0.12644 -0.0661
0.47231 -0.12565 -0.06865
0.47094 -0.1249 -0.07115
0.46913 -0.12395 -0.0733
0.46721 -0.12351 -0.07547
0.46528 -0.12321 -0.07769
0.46375 -0.12278 -0.08019
0.46215 -0.12219 -0.08261
0.46069 -0.12153 -0.0851
0.45903 -0.12102 -0.0875
0.45715 -0.12076 -0.08976
0.45524 -0.12015 -0.09188
0.45369 -0.11904 -0.09403
0.45588 -0.12596 0.08684
0.45808 -0.12596 0.08485
0.4602 -0.12649 0.08285
0.46204 -0.12733 0.08069
0.46387 -0.1284 0.07862
0.46543 -0.12952 0.07636
0.46725 -0.13038 0.07418
0.46855 -0.13145 0.07173
0.46917 -0.13263 0.06907
0.46971 -0.13359 0.06634
0.46958 -0.13435 0.06337
0.47053 -0.13401 0.0605
0.47209 -0.13319 0.05799
0.47405 -0.13249 0.05578
0.47551 -0.13203 0.05326
0.47672 -0.13205 0.05057
0.47803 -0.13251 0.04795
0.47909 -0.13279 0.04521
0.48009 -0.13325 0.04246
0.48107 -0.13386 0.03973
0.48193 -0.13413 0.03695
0.48247 -0.13367 0.03411
0.4833 -0.13315 0.03129
0.48407 -0.13295 0.02842
0.48479 -0.13299 0.02556
0.48548 -0.13316 0.02266
0.48592 -0.13359 0.01974
0.48657 -0.13468 0.01705
0.48723 -0.13575 0.01438
0.48798 -0.13642 0.01161
0.48872 -0.13675 0.00878
0.48934 -0.13649 0.00591
0.48951 -0.1358 0.00301
0.49014 -0.1359 1e-04
0.49062 -0.13612 -0.00284
0.49128 -0.13696 -0.00567
0.49095 -0.13708 -0.00866
0.4906 -0.13632 -0.01139
0.49053 -0.13504 -0.01403
0.49095 -0.13387 -0.01665
0.49132 -0.13267 -0.01933
0.49156 -0.13169 -0.02213
0.49152 -0.13094 -0.02499
0.49161 -0.1303 -0.02789
0.4914 -0.13018 -0.03087
0.49029 -0.12987 -0.03363
0.4897 -0.12914 -0.03639
0.4893 -0.12788 -0.03896
0.489 -0.12639 -0.04148
0.48862 -0.12523 -0.04429
0.48692 -0.1244 -0.04664
0.48505 -0.12396 -0.04889
0.48341 -0.12402 -0.05134
0.48177 -0.12456 -0.05371
0.48022 -0.12503 -0.05618
0.4787 -0.1252 -0.05872
0.47714 -0.12491 -0.06122
0.47554 -0.12431 -0.06363
0.47421 -0.12355 -0.06614
0.47288 -0.12274 -0.06864
0.47143 -0.12198 -0.0711
0.4697 -0.12107 -0.07332
0.46788 -0.12065 -0.07559
0.46601 -0.12036 -0.07786
0.46427 -0.11991 -0.0802
0.46255 -0.1193 -0.08253
0.46108 -0.11865 -0.08502
0.45945 -0.11814 -0.08744
0.45754 -0.11787 -0.08967
0.45586 -0.1173 -0.092
0.45444 -0.11623 -0.09429
0.45361 -0.12336 0.088
0.45537 -0.12347 0.08561
0.45746 -0.12356 0.08349
0.45956 -0.1241 0.08149
0.46141 -0.12492 0.07934
0.46328 -0.12596 0.0773
0.46492 -0.12703 0.07508
0.46655 -0.12795 0.0728
0.46767 -0.12907 0.07033
0.46835 -0.13018 0.06768
0.46903 -0.13105 0.06493
0.46984 -0.13153 0.06204
0.47153 -0.1312 0.05957
0.47364 -0.1306 0.05752
0.47559 -0.13004 0.05537
0.47699 -0.12957 0.05282
0.47824 -0.12962 0.05014
0.47963 -0.13007 0.04755
0.48055 -0.1303 0.04475
0.48137 -0.13066 0.04192
0.48201 -0.13113 0.03906
0.48279 -0.13136 0.03625
0.4837 -0.13101 0.03348
0.48496 -0.1307 0.03078
0.48607 -0.13073 0.02803
0.48675 -0.13075 0.02516
0.48713 -0.13069 0.02219
0.48789 -0.13133 0.01937
0.48841 -0.13233 0.01663
0.48882 -0.13322 0.01383
0.48991 -0.13408 0.0112
0.49047 -0.13427 0.00831
0.49078 -0.13379 0.00544
0.49135 -0.13339 0.00255
0.49189 -0.13341 -0.00038
0.49242 -0.13367 -0.00331
0.49305 -0.13435 -0.0062
0.49256 -0.13443 -0.00914
0.49196 -0.13356 -0.01176
0.49214 -0.13243 -0.01445
0.49241 -0.13116 -0.01704
0.49264 -0.1299 -0.01971
0.49273 -0.12884 -0.0225
0.49266 -0.12809 -0.02536
0.49254 -0.12736 -0.02824
0.49197 -0.12711 -0.03114
0.49119 -0.12692 -0.03397
0.4906 -0.1262 -0.03673
0.49025 -0.12496 -0.03931
0.49002 -0.12352 -0.04189
0.48936 -0.12225 -0.04461
0.48764 -0.12146 -0.04694
0.48579 -0.12102 -0.04921
0.48392 -0.12103 -0.0515
0.48239 -0.12161 -0.05395
0.48096 -0.12214 -0.05649
0.47955 -0.12235 -0.05908
0.47802 -0.12209 -0.06159
0.47647 -0.12151 -0.06403
0.47483 -0.12066 -0.06631
0.47329 -0.11981 -0.06869
0.47182 -0.11906 -0.07111
0.47019 -0.11816 -0.07342
0.46844 -0.11777 -0.07576
0.4666 -0.1175 -0.07805
0.46489 -0.11706 -0.08043
0.46299 -0.11642 -0.08261
0.46144 -0.11576 -0.08506
0.45998 -0.11528 -0.08762
0.4582 -0.11504 -0.08997
0.4564 -0.11444 -0.09218
0.45498 -0.11337 -0.09445
0.45345 -0.12069 0.08708
0.45523 -0.12077 0.08472
0.45711 -0.12092 0.08241
0.45906 -0.12152 0.08027
0.46094 -0.12231 0.07815
0.46264 -0.1234 0.07601
0.46433 -0.12445 0.07383
0.46586 -0.12541 0.07153
0.46719 -0.12644 0.06915
0.46832 -0.12742 0.06662
0.46943 -0.12823 0.06397
0.4709 -0.12877 0.06139
0.47311 -0.12869 0.05939
0.47568 -0.12839 0.05779
0.47719 -0.12759 0.05531
0.47808 -0.12691 0.05254
0.47914 -0.1269 0.04977
0.48028 -0.12725 0.04706
0.48116 -0.12748 0.04425
0.48203 -0.12784 0.04144
0.48294 -0.12836 0.03868
0.48382 -0.1286 0.03586
0.48507 -0.12838 0.0332
0.48644 -0.12812 0.03057
0.48735 -0.12804 0.02775
0.48843 -0.12828 0.02502
0.48888 -0.12826 0.02208
0.48948 -0.12877 0.01921
0.48987 -0.12967 0.01642
0.49028 -0.13056 0.01359
0.49126 -0.13136 0.0109
0.49194 -0.13161 0.00804
0.49235 -0.13119 0.00516
0.49319 -0.13095 0.00232
0.49377 -0.13098 -0.00059
0.49385 -0.13097 -0.00354
0.49375 -0.13129 -0.00647
0.49327 -0.13138 -0.00937
0.49322 -0.13077 -0.01217
0.49351 -0.12968 -0.01489
0.49377 -0.12841 -0.0175
0.49398 -0.12713 -0.02015
0.49395 -0.12602 -0.02291
0.4939 -0.12528 -0.02577
0.49364 -0.1245 -0.02861
0.49291 -0.12417 -0.03145
0.49219 -0.12401 -0.03432
0.49165 -0.12332 -0.03712
0.49132 -0.1221 -0.03975
0.49092 -0.1206 -0.04225
0.48998 -0.11926 -0.04476
0.48837 -0.11852 -0.04715
0.48674 -0.11816 -0.0496
0.4848 -0.11815 -0.05183
0.48311 -0.11868 -0.05418
0.48179 -0.11926 -0.05677
0.48047 -0.11952 -0.05942
0.4792 -0.11936 -0.06214
0.4775 -0.11873 -0.06453
0.47545 -0.11777 -0.06649
0.47384 -0.11691 -0.06881
0.47227 -0.11614 -0.07119
0.47055 -0.11524 -0.07342
0.46886 -0.11487 -0.07581
0.4672 -0.11464 -0.07824
0.46538 -0.11418 -0.08053
0.46346 -0.11355 -0.08271
0.46188 -0.11288 -0.08512
0.4604 -0.11239 -0.08763
0.45873 -0.11216 -0.09006
0.45699 -0.11158 -0.09236
0.45547 -0.11051 -0.09459
0.45327 -0.11789 0.08663
0.45514 -0.11794 0.08433
0.45721 -0.11805 0.08219
0.45921 -0.11863 0.08009
0.46111 -0.11941 0.07794
0.46316 -0.12051 0.07606
0.46461 -0.12154 0.07369
0.46595 -0.1225 0.07125
0.46733 -0.12354 0.06887
0.46864 -0.12453 0.06641
0.47004 -0.12536 0.06394
0.47181 -0.12601 0.06161
0.47413 -0.12601 0.05976
0.47633 -0.1255 0.05781
0.47774 -0.12472 0.0553
0.47879 -0.12412 0.0526
0.47983 -0.12407 0.04982
0.48064 -0.12435 0.04698
0.48158 -0.12458 0.04417
0.48252 -0.12493 0.04139
0.48351 -0.12545 0.03864
0.48465 -0.12575 0.03591
0.48631 -0.12568 0.03345
0.48763 -0.1254 0.03081
0.48863 -0.12536 0.02803
0.48962 -0.12555 0.02525
0.49045 -0.12575 0.02242
0.49133 -0.12643 0.01968
0.49161 -0.12722 0.01684
0.49184 -0.12797 0.01396
0.49258 -0.12863 0.01114
0.49307 -0.12877 0.00822
0.4937 -0.12845 0.00537
0.49449 -0.12818 0.00252
0.49499 -0.12816 -0.00039
0.49517 -0.1282 -0.00331
0.49493 -0.12845 -0.00625
0.49456 -0.12856 -0.00918
0.49453 -0.12796 -0.01202
0.49493 -0.12693 -0.01475
0.49522 -0.12568 -0.01738
0.49543 -0.1244 -0.02003
0.4955 -0.12334 -0.02281
0.49524 -0.1225 -0.02563
0.49488 -0.12166 -0.02845
0.49421 -0.12136 -0.03131
0.49348 -0.1212 -0.03417
0.49286 -0.12048 -0.03696
0.49249 -0.11925 -0.03959
0.48275 -0.11642 -0.05652
0.48147 -0.1167 -0.05921
0.47993 -0.11646 -0.06176
0.47814 -0.11583 -0.06406
0.47643 -0.11497 -0.06632
0.47484 -0.11413 -0.06867
0.47315 -0.11333 -0.07097
0.47123 -0.11238 -0.07303
0.46946 -0.11202 -0.07537
0.4679 -0.11182 -0.0779
0.466 -0.11136 -0.08013
0.46436 -0.11077 -0.08254
0.46244 -0.11005 -0.08469
0.46083 -0.10955 -0.08708
0.45914 -0.10932 -0.08947
0.45772 -0.10877 -0.09201
0.45646 -0.10776 -0.09447
0.45315 -0.11504 0.08652
0.4552 -0.11509 0.08433
0.45744 -0.11523 0.08235
0.45979 -0.11588 0.08063
0.46147 -0.11662 0.07828
0.4631 -0.11768 0.07602
0.46484 -0.1187 0.07383
0.46613 -0.11964 0.07136
0.46739 -0.12066 0.06888
0.46884 -0.12165 0.06649
0.47068 -0.12255 0.06433
0.4723 -0.12319 0.06192
0.47425 -0.12312 0.05971
0.47629 -0.12256 0.05763
0.47809 -0.1218 0.05536
0.479 -0.12123 0.05255
0.47986 -0.12115 0.04971
0.48093 -0.12144 0.04695
0.48204 -0.12167 0.0442
0.48298 -0.12202 0.04141
0.48409 -0.12254 0.03869
0.48546 -0.12288 0.03606
0.48714 -0.12281 0.03363
0.48859 -0.12257 0.03107
0.48984 -0.12266 0.0284
0.49078 -0.12283 0.0256
0.4916 -0.12304 0.02275
0.49271 -0.12381 0.0201
0.49347 -0.12486 0.01741
0.49354 -0.1255 0.01448
0.49391 -0.12591 0.01155
0.49447 -0.12609 0.00864
0.49513 -0.12577 0.00579
0.49584 -0.12545 0.00292
0.49617 -0.12534 -2e-05
0.49629 -0.12535 -0.00296
0.49617 -0.12565 -0.0059
0.49606 -0.12587 -0.00886
0.49601 -0.12525 -0.01168
0.49623 -0.12414 -0.01439
0.49654 -0.12289 -0.01702
0.49685 -0.12166 -0.01969
0.49691 -0.1206 -0.02247
0.49672 -0.11979 -0.02532
0.45363 -0.11224 0.08669
0.45569 -0.11232 0.08454
0.45789 -0.11248 0.08254
0.46003 -0.11309 0.08057
0.46177 -0.11382 0.07828
0.46302 -0.11487 0.07577
0.46456 -0.11589 0.07342
0.46606 -0.11681 0.07106
0.4675 -0.11781 0.06866
0.46903 -0.11878 0.06629
0.47081 -0.11966 0.0641
0.47244 -0.12031 0.06172
0.47407 -0.12024 0.05923
0.47599 -0.1197 0.05704
0.47774 -0.11893 0.05477
0.47896 -0.11834 0.05213
0.48015 -0.11826 0.04943
0.4813 -0.11854 0.0467
0.48241 -0.11877 0.04395
0.48356 -0.11913 0.04123
0.48485 -0.11968 0.03858
0.48646 -0.12008 0.03609
0.48832 -0.12007 0.0338
0.48989 -0.11989 0.0313
0.49098 -0.11991 0.02857
0.49167 -0.11998 0.02568
0.49258 -0.12023 0.02285
0.49339 -0.12087 0.02007
0.49427 -0.12192 0.01743
0.49476 -0.12273 0.01461
0.49507 -0.1231 0.01167
0.49567 -0.12328 0.00876
0.49624 -0.12292 0.00589
0.49688 -0.12255 0.00302
0.49726 -0.12246 8e-05
0.49744 -0.12249 -0.00288
0.4974 -0.12282 -0.00582
0.49724 -0.12301 -0.00877
0.4973 -0.12244 -0.01158
0.49746 -0.12129 -0.01429
0.49785 -0.12008 -0.01691
0.45397 -0.10948 0.08674
0.45591 -0.10956 0.08448
0.45817 -0.10969 0.08252
0.45984 -0.11032 0.08014
0.46141 -0.11107 0.07772
0.46297 -0.11208 0.07538
0.46463 -0.11305 0.07309
0.46599 -0.11397 0.07062
0.46755 -0.11495 0.06828
0.46951 -0.11594 0.06624
0.47146 -0.11682 0.06417
0.47268 -0.11742 0.06149
0.47424 -0.11732 0.05896
0.47609 -0.11681 0.0567
0.4776 -0.11606 0.05425
0.47909 -0.11545 0.05174
0.48042 -0.11536 0.0491
0.48166 -0.11564 0.04642
0.48284 -0.11585 0.04369
0.48413 -0.11623 0.04103
0.48555 -0.11682 0.03844
0.4873 -0.11727 0.03604
0.4895 -0.11734 0.03401
0.49115 -0.11718 0.03153
0.49186 -0.11704 0.02864
0.49246 -0.11706 0.02572
0.49355 -0.11738 0.02293
0.4944 -0.11803 0.02016
0.49505 -0.119 0.01742
0.49558 -0.11981 0.0146
0.49612 -0.12025 0.0117
0.49671 -0.1204 0.00879
0.49743 -0.1201 0.00594
0.4982 -0.11976 0.00308
0.49837 -0.11959 0.00011
0.4986 -0.11963 -0.00285
0.4986 -0.11997 -0.0058
0.4984 -0.12014 -0.00875
0.49845 -0.11955 -0.01157
0.45398 -0.10668 0.0867
0.45573 -0.10677 0.08427
0.45761 -0.10697 0.08197
0.45948 -0.10756 0.07973
0.4612 -0.10826 0.0774
0.4628 -0.10925 0.07507
0.46438 -0.11021 0.07271
0.46602 -0.11109 0.0704
0.46777 -0.11207 0.0682
0.46941 -0.11306 0.06591
0.47132 -0.11393 0.06379
0.47311 -0.11455 0.06151
0.47461 -0.11444 0.05895
0.47601 -0.1139 0.05639
0.47749 -0.11316 0.05388
0.47911 -0.11254 0.05144
0.48079 -0.11245 0.04899
0.48213 -0.11274 0.04635
0.48358 -0.11299 0.04376
0.48477 -0.11334 0.04104
0.48606 -0.11389 0.03839
0.48759 -0.11432 0.03581
0.4898 -0.11437 0.03376
0.49167 -0.11425 0.03144
0.49315 -0.11432 0.02885
0.49407 -0.11446 0.02601
0.49472 -0.1146 0.02309
0.4952 -0.11513 0.0202
0.4956 -0.11602 0.01738
0.49616 -0.11683 0.01454
0.49697 -0.11733 0.01171
0.49772 -0.11752 0.00884
0.49838 -0.11719 0.00597
0.45395 -0.10387 0.08663
0.45569 -0.10395 0.0842
0.45746 -0.10414 0.08178
0.45937 -0.10473 0.07955
0.46118 -0.10543 0.07727
0.46287 -0.10639 0.07498
0.46451 -0.10734 0.07265
0.46625 -0.10821 0.0704
0.4679 -0.10918 0.06813
0.46945 -0.11016 0.06575
0.47141 -0.11104 0.06366
0.47311 -0.11166 0.0613
0.47471 -0.11153 0.05881
0.47611 -0.11098 0.05625
0.47759 -0.11022 0.05373
0.47934 -0.10961 0.05135
0.48113 -0.10955 0.04897
0.48252 -0.10985 0.04635
0.48398 -0.1101 0.04375
0.48543 -0.11047 0.04116
0.48669 -0.11098 0.03849
0.48804 -0.11134 0.03582
0.48999 -0.1114 0.03352
0.49162 -0.11128 0.03103
0.49337 -0.11135 0.0286
0.45426 -0.10107 0.08649
0.45596 -0.10114 0.08403
0.45775 -0.10132 0.08161
0.45961 -0.10192 0.07933
0.46135 -0.10261 0.07698
0.46309 -0.10356 0.07471
0.4649 -0.1045 0.0725
0.4667 -0.10537 0.0703
0.46845 -0.10635 0.06809
0.46998 -0.10729 0.06571
0.47172 -0.10816 0.06344
0.47329 -0.10878 0.06096
0.47524 -0.10866 0.05869
0.47652 -0.10809 0.05604
0.47812 -0.10734 0.05359
0.47984 -0.10673 0.0512
0.48144 -0.10665 0.04868
0.48287 -0.10694 0.04608
0.4843 -0.10718 0.04345
0.48593 -0.10757 0.04094
0.48779 -0.10821 0.03866
0.48896 -0.10849 0.03591
0.45461 -0.09828 0.08639
0.45642 -0.09836 0.084
0.45824 -0.09854 0.08163
0.46001 -0.09913 0.07928
0.46173 -0.0998 0.0769
0.46345 -0.10074 0.07459
0.46545 -0.10169 0.07253
0.46724 -0.10255 0.07032
0.46893 -0.10351 0.06807
0.47059 -0.10447 0.06579
0.47205 -0.10529 0.06331
0.47351 -0.10589 0.06077
0.47509 -0.10578 0.05824
0.47675 -0.10521 0.0558
0.4785 -0.10446 0.05348
0.48012 -0.10383 0.05103
0.48181 -0.10375 0.04856
0.48325 -0.10403 0.04595
0.48479 -0.10427 0.04337
0.45481 -0.09548 0.08645
0.45665 -0.09557 0.08408
0.45852 -0.09577 0.08177
0.46027 -0.09634 0.07939
0.46197 -0.09699 0.077
0.46359 -0.09791 0.0746
0.46557 -0.09885 0.0725
0.46753 -0.09972 0.07044
0.46918 -0.10067 0.06816
0.47075 -0.1016 0.06582
0.47213 -0.10241 0.06331
0.47355 -0.103 0.06072
0.47508 -0.10287 0.05814
0.4768 -0.1023 0.05573
0.4787 -0.10155 0.05352
0.48052 -0.10094 0.05121
0.45673 -0.09279 0.08427
0.45494 -0.09269 0.08668
0.45856 -0.09298 0.08191
0.46043 -0.09355 0.07962
0.46221 -0.09419 0.07728
0.46375 -0.09507 0.07484
0.46544 -0.09598 0.07248
0.46738 -0.09685 0.07038
0.46917 -0.0978 0.06821
0.47069 -0.09872 0.06584
0.47204 -0.09952 0.06331
0.47342 -0.1001 0.0607
0.47505 -0.09995 0.05816
0.47689 -0.09938 0.05584
0.45514 -0.08991 0.08668
0.45689 -0.09 0.08424
0.45868 -0.09019 0.08182
0.46057 -0.09076 0.07953
0.46249 -0.09139 0.07729
0.46443 -0.09231 0.07518
0.46596 -0.09315 0.07272
0.46764 -0.09398 0.07039
0.46932 -0.09492 0.06811
0.47085 -0.09584 0.06574
0.47213 -0.09663 0.06316
0.47351 -0.09719 0.06052
0.45505 -0.08713 0.08657
0.45676 -0.08721 0.08409
0.45859 -0.08739 0.08168
0.46071 -0.08795 0.0796
0.46253 -0.08859 0.07725
0.46467 -0.0895 0.07533
0.46624 -0.09034 0.07291
0.45482 -0.08431 0.08656
0.45665 -0.08439 0.08416
0.45861 -0.08457 0.08186
POLYGONS 12583 50332
3 0 1 2
3 3 4 5
3 3 6 4
3 6 7 4
3 6 8 7
3 8 9 7
3 8 2 9
3 2 10 9
3 11 12 13
3 14 15 12
3 14 16 15
3 16 17 15
3 16 5 17
3 5 18 17
3 5 4 18
3 4 19 18
3 4 7 19
3 7 20 19
3 7 9 20
3 9 21 20
3 9 10 21
3 10 22 21
3 23 24 25
3 25 26 27
3 28 29 30
3 28 31 29
3 31 32 29
3 31 33 32
3 33 34 32
3 33 13 34
3 13 35 34
3 13 12 35
3 12 36 35
3 12 15 36
3 15 37 36
3 15 17 37
3 17 38 37
3 17 18 38
3 18 39 38
3 18 19 39
3 19 40 39
3 19 20 40
3 20 41 40
3 20 21 41
3 21 42 41
3 21 22 42
3 23 25 43
3 25 44 43
3 25 27 44
3 27 45 44
3 44 45 46
3 45 47 46
3 46 47 48
3 47 49 48
3 48 49 50
3 49 51 50
3 49 52 51
3 52 53 51
3 54 55 56
3 55 57 56
3 55 58 57
3 58 59 57
3 58 30 59
3 30 60 59
3 30 29 60
3 29 61 60
3 29 32 61
3 32 62 61
3 32 34 62
3 34 63 62
3 34 35 63
3 35 64 63
3 35 36 64
3 36 65 64
3 36 37 65
3 37 66 65
3 37 38 66
3 38 67 66
3 38 39 67
3 39 68 67
3 39 40 68
3 40 69 68
3 40 41 69
3 41 70 69
3 41 42 70
3 43 71 72
3 43 44 71
3 44 73 71
3 44 46 73
3 46 74 73
3 46 48 74
3 48 75 74
3 48 50 75
3 50 76 75
3 50 51 76
3 51 77 76
3 51 53 77
3 53 78 77
3 53 79 78
3 79 80 78
3 79 81 80
3 81 82 80
3 81 83 82
3 83 84 82
3 83 85 84
3 85 86 84
3 85 87 86
3 87 88 86
3 89 90 88
3 91 92 93
3 92 94 93
3 93 94 95
3 94 96 95
3 94 97 96
3 97 98 96
3 97 54 98
3 54 56 98
3 98 56 99
3 56 100 99
3 56 57 100
3 57 101 100
3 57 59 101
3 59 102 101
3 59 60 102
3 60 103 102
3 60 61 103
3 61 104 103
3 61 62 104
3 62 105 104
3 62 63 105
3 63 106 105
3 63 64 106
3 64 107 106
3 64 65 107
3 65 108 107
3 65 66 108
3 66 109 108
3 66 67 109
3 67 68 109
3 109 68 110
3 68 69 110
3 110 69 111
3 69 70 111
3 111 70 112
3 70 113 112
3 72 114 115
3 72 71 114
3 71 116 114
3 71 73 116
3 73 117 116
3 73 74 117
3 74 118 117
3 74 75 118
3 75 119 118
3 75 76 119
3 76 120 119
3 76 77 120
3 77 121 120
3 77 78 121
3 78 122 121
3 78 80 122
3 80 123 122
3 80 82 123
3 82 124 123
3 82 84 124
3 84 125 124
3 84 86 125
3 86 126 125
3 86 88 126
3 88 127 126
3 88 90 127
3 90 128 127
3 90 129 128
3 129 130 128
3 129 131 130
3 131 132 130
3 133 134 132
3 135 136 134
3 137 138 139
3 138 140 139
3 139 140 141
3 140 91 141
3 141 91 142
3 91 93 142
3 142 93 143
3 93 95 143
3 143 95 144
3 95 96 144
3 144 96 145
3 96 98 145
3 145 98 146
3 98 99 146
3 146 99 147
3 99 148 147
3 99 100 148
3 100 101 148
3 148 101 149
3 101 102 149
3 149 102 150
3 102 103 150
3 150 103 151
3 103 104 151
3 151 104 152
3 104 105 152
3 152 105 153
3 105 106 153
3 153 106 154
3 106 107 154
3 154 107 155
3 107 108 155
3 155 108 156
3 108 109 156
3 156 109 157
3 109 110 157
3 157 110 158
3 110 111 158
3 158 111 159
3 111 112 159
3 159 112 160
3 114 161 162
3 114 116 161
3 116 163 161
3 116 117 163
3 117 164 163
3 117 118 164
3 118 165 164
3 118 119 165
3 119 166 165
3 119 120 166
3 120 167 166
3 120 121 167
3 121 168 167
3 121 122 168
3 122 169 168
3 122 123 169
3 123 170 169
3 123 124 170
3 124 171 170
3 124 125 171
3 125 172 171
3 125 126 172
3 126 173 172
3 126 127 173
3 127 174 173
3 127 128 174
3 128 175 174
3 128 130 175
3 130 176 175
3 130 132 176
3 132 177 176
3 132 134 177
3 134 178 177
3 134 136 178
3 136 179 178
3 136 180 179
3 180 181 179
3 180 182 181
3 182 183 181
3 182 184 183
3 184 185 183
3 184 186 185
3 186 187 185
3 186 188 187
3 188 189 187
3 190 191 189
3 190 192 191
3 192 193 191
3 192 194 193
3 194 195 193
3 196 197 198
3 199 200 197
3 197 200 201
3 200 137 201
3 201 137 202
3 137 139 202
3 202 139 203
3 139 141 203
3 203 141 204
3 141 142 204
3 204 142 205
3 142 143 205
3 205 143 206
3 143 144 206
3 206 144 207
3 144 145 207
3 207 145 208
3 145 146 208
3 208 146 209
3 146 147 209
3 209 147 210
3 147 148 210
3 210 148 211
3 148 149 211
3 211 149 212
3 149 150 212
3 212 150 213
3 150 151 213
3 213 151 214
3 151 152 214
3 214 152 215
3 152 153 215
3 215 153 216
3 153 154 216
3 216 154 217
3 154 155 217
3 217 155 218
3 155 156 218
3 218 156 219
3 156 157 219
3 219 157 220
3 157 158 220
3 220 158 221
3 158 159 221
3 221 159 222
3 159 160 222
3 222 160 223
3 162 161 224
3 161 225 224
3 161 163 225
3 163 226 225
3 163 164 226
3 164 227 226
3 164 165 227
3 165 228 227
3 165 166 228
3 166 229 228
3 166 167 229
3 167 230 229
3 167 168 230
3 168 231 230
3 168 169 231
3 169 232 231
3 169 170 232
3 170 233 232
3 170 171 233
3 171 234 233
3 171 172 234
3 172 235 234
3 172 173 235
3 173 236 235
3 173 174 236
3 174 237 236
3 174 175 237
3 175 238 237
3 175 176 238
3 176 239 238
3 176 177 239
3 177 240 239
3 177 178 240
3 178 241 240
3 178 179 241
3 179 242 241
3 179 181 242
3 181 243 242
3 181 183 243
3 183 244 243
3 183 185 244
3 185 245 244
3 185 187 245
3 187 246 245
3 187 189 246
3 189 247 246
3 189 191 247
3 191 248 247
3 191 193 248
3 193 249 248
3 193 195 249
3 195 250 249
3 195 251 250
3 251 252 250
3 251 253 252
3 253 254 252
3 253 255 254
3 255 256 254
3 255 257 256
3 257 258 256
3 257 259 258
3 259 260 258
3 261 262 260
3 261 263 262
3 263 264 262
3 263 265 264
3 265 266 264
3 267 268 266
3 269 270 268
3 269 271 270
3 271 272 270
3 273 274 272
3 275 276 277
3 275 278 276
3 278 279 276
3 278 280 279
3 280 281 279
3 280 282 281
3 282 283 281
3 284 285 283
3 286 287 285
3 288 289 290
3 289 291 290
3 289 292 291
3 292 293 291
3 292 198 293
3 198 197 293
3 293 197 294
3 197 201 294
3 294 201 295
3 201 202 295
3 295 202 296
3 202 203 296
3 296 203 297
3 203 204 297
3 297 204 298
3 204 205 298
3 298 205 299
3 205 206 299
3 299 206 300
3 206 207 300
3 300 207 301
3 207 302 301
3 207 208 302
3 208 303 302
3 208 209 303
3 209 210 303
3 303 210 304
3 210 211 304
3 304 211 305
3 211 212 305
3 305 212 306
3 212 213 306
3 306 213 307
3 213 214 307
3 307 214 308
3 214 215 308
3 308 215 309
3 215 216 309
3 309 216 310
3 216 217 310
3 310 217 311
3 217 218 311
3 311 218 312
3 218 219 312
3 312 219 313
3 219 220 313
3 313 220 314
3 220 221 314
3 314 221 315
3 221 222 315
3 315 222 316
3 222 223 316
3 316 223 317
3 224 318 319
3 224 225 318
3 225 320 318
3 225 226 320
3 226 321 320
3 226 227 321
3 227 322 321
3 227 228 322
3 228 323 322
3 228 229 323
3 229 324 323
3 229 230 324
3 230 325 324
3 230 231 325
3 231 326 325
3 231 232 326
3 232 327 326
3 232 233 327
3 233 328 327
3 233 234 328
3 234 329 328
3 234 235 329
3 235 330 329
3 235 236 330
3 236 331 330
3 236 237 331
3 237 332 331
3 237 238 332
3 238 333 332
3 238 239 333
3 239 334 333
3 239 240 334
3 240 335 334
3 240 241 335
3 241 336 335
3 241 242 336
3 242 337 336
3 242 243 337
3 243 338 337
3 243 244 338
3 244 339 338
3 244 245 339
3 245 340 339
3 245 246 340
3 246 341 340
3 246 247 341
3 247 342 341
3 247 248 342
3 248 343 342
3 248 249 343
3 249 344 343
3 249 250 344
3 250 345 344
3 250 252 345
3 252 346 345
3 252 254 346
3 254 347 346
3 254 256 347
3 256 348 347
3 256 258 348
3 258 349 348
3 258 260 349
3 260 350 349
3 260 262 350
3 262 351 350
3 262 264 351
3 264 352 351
3 264 266 352
3 266 353 352
3 266 268 353
3 268 354 353
3 268 270 354
3 270 355 354
3 270 272 355
3 272 356 355
3 272 274 356
3 274 357 356
3 274 358 357
3 358 359 357
3 358 277 359
3 277 360 359
3 277 276 360
3 276 361 360
3 276 279 361
3 279 362 361
3 279 281 362
3 281 363 362
3 281 283 363
3 283 364 363
3 283 285 364
3 285 365 364
3 285 287 365
3 287 366 365
3 287 367 366
3 367 368 366
3 367 369 368
3 369 370 368
3 369 371 370
3 371 372 370
3 371 373 372
3 373 374 372
3 373 375 374
3 375 376 374
3 377 378 379
3 377 380 378
3 380 381 378
3 380 382 381
3 382 383 381
3 382 384 383
3 384 385 383
3 384 290 385
3 290 386 385
3 290 291 386
3 291 293 386
3 386 293 387
3 293 294 387
3 387 294 388
3 294 295 388
3 388 295 389
3 295 296 389
3 389 296 390
3 296 297 390
3 390 297 391
3 297 298 391
3 391 298 392
3 298 299 392
3 392 299 393
3 299 300 393
3 393 300 394
3 300 395 394
3 300 301 395
3 301 396 395
3 301 302 396
3 302 397 396
3 302 303 397
3 303 304 397
3 397 304 398
3 304 305 398
3 398 305 399
3 305 306 399
3 399 306 400
3 306 307 400
3 400 307 401
3 307 308 401
3 401 308 402
3 308 403 402
3 308 309 403
3 309 404 403
3 309 310 404
3 310 311 404
3 404 311 405
3 311 312 405
3 405 312 406
3 312 313 406
3 406 313 407
3 313 314 407
3 407 314 408
3 314 315 408
3 408 315 409
3 315 316 409
3 409 316 410
3 316 317 410
3 410 317 411
3 319 318 412
3 318 413 412
3 318 320 413
3 320 414 413
3 320 321 414
3 321 415 414
3 321 322 415
3 322 416 415
3 322 323 416
3 323 417 416
3 323 324 417
3 324 418 417
3 324 325 418
3 325 419 418
3 325 326 419
3 326 420 419
3 326 327 420
3 327 421 420
3 327 328 421
3 328 422 421
3 328 329 422
3 329 423 422
3 329 330 423
3 330 424 423
3 330 331 424
3 331 425 424
3 331 332 425
3 332 426 425
3 332 333 426
3 333 427 426
3 333 334 427
3 334 428 427
3 334 335 428
3 335 429 428
3 335 336 429
3 336 430 429
3 336 337 430
3 337 431 430
3 337 338 431
3 338 432 431
3 338 339 432
3 339 433 432
3 339 340 433
3 340 434 433
3 340 341 434
3 341 435 434
3 341 342 435
3 342 436 435
3 342 343 436
3 343 437 436
3 343 344 437
3 344 438 437
3 344 345 438
3 345 439 438
3 345 346 439
3 346 440 439
3 346 347 440
3 347 441 440
3 347 348 441
3 348 442 441
3 348 349 442
3 349 443 442
3 349 350 443
3 350 444 443
3 350 351 444
3 351 445 444
3 351 352 445
3 352 446 445
3 352 353 446
3 353 447 446
3 353 354 447
3 354 448 447
3 354 355 448
3 355 449 448
3 355 356 449
3 356 450 449
3 356 357 450
3 357 451 450
3 357 359 451
3 359 452 451
3 359 360 452
3 360 453 452
3 360 361 453
3 361 454 453
3 361 362 454
3 362 455 454
3 362 363 455
3 363 456 455
3 363 364 456
3 364 457 456
3 364 365 457
3 365 458 457
3 365 366 458
3 366 459 458
3 366 368 459
3 368 460 459
3 368 370 460
3 370 461 460
3 370 372 461
3 372 462 461
3 372 374 462
3 374 463 462
3 374 376 463
3 376 464 463
3 376 379 464
3 379 465 464
3 379 378 465
3 378 381 465
3 465 381 466
3 381 467 466
3 381 383 467
3 383 385 467
3 467 385 468
3 385 386 468
3 468 386 469
3 386 387 469
3 469 387 470
3 387 388 470
3 470 388 471
3 388 389 471
3 471 389 472
3 389 390 472
3 472 390 473
3 390 391 473
3 473 391 474
3 391 392 474
3 474 392 475
3 392 393 475
3 475 393 476
3 393 394 476
3 476 394 477
3 394 395 477
3 477 395 478
3 395 479 478
3 395 396 479
3 396 397 479
3 479 397 480
3 397 398 480
3 480 398 481
3 398 399 481
3 481 399 482
3 399 400 482
3 482 400 483
3 400 401 483
3 483 401 484
3 401 402 484
3 484 402 485
3 402 403 485
3 485 403 486
3 403 487 486
3 403 404 487
3 404 405 487
3 487 405 488
3 405 406 488
3 488 406 489
3 406 407 489
3 489 407 490
3 407 408 490
3 490 408 491
3 408 409 491
3 491 409 492
3 409 410 492
3 492 410 493
3 410 411 493
3 493 411 494
3 412 495 496
3 412 413 495
3 413 497 495
3 413 414 497
3 414 498 497
3 414 415 498
3 415 499 498
3 415 416 499
3 416 500 499
3 416 417 500
3 417 501 500
3 417 418 501
3 418 502 501
3 418 419 502
3 419 503 502
3 419 420 503
3 420 504 503
3 420 421 504
3 421 505 504
3 421 422 505
3 422 506 505
3 422 423 506
3 423 507 506
3 423 424 507
3 424 508 507
3 424 425 508
3 425 509 508
3 425 426 509
3 426 510 509
3 426 427 510
3 427 511 510
3 427 428 511
3 428 512 511
3 428 429 512
3 429 513 512
3 429 430 513
3 430 514 513
3 430 431 514
3 431 515 514
3 431 432 515
3 432 516 515
3 432 433 516
3 433 517 516
3 433 434 517
3 434 518 517
3 434 435 518
3 435 519 518
3 435 436 519
3 436 520 519
3 436 437 520
3 437 521 520
3 437 438 521
3 438 522 521
3 438 439 522
3 439 523 522
3 439 440 523
3 440 524 523
3 440 441 524
3 441 525 524
3 441 442 525
3 442 443 525
3 525 443 526
3 443 444 526
3 526 444 527
3 444 445 527
3 527 445 528
3 445 446 528
3 528 446 529
3 446 530 529
3 446 447 530
3 447 531 530
3 447 448 531
3 448 532 531
3 448 449 532
3 449 533 532
3 449 450 533
3 450 451 533
3 533 451 534
3 451 452 534
3 534 452 535
3 452 453 535
3 535 453 536
3 453 537 536
3 453 454 537
3 454 538 537
3 454 455 538
3 455 539 538
3 455 456 539
3 456 540 539
3 456 457 540
3 457 541 540
3 457 458 541
3 458 542 541
3 458 459 542
3 459 543 542
3 459 460 543
3 460 544 543
3 460 461 544
3 461 545 544
3 461 462 545
3 462 546 545
3 462 463 546
3 463 547 546
3 463 464 547
3 464 465 547
3 547 465 548
3 465 466 548
3 548 466 549
3 466 467 549
3 549 467 550
3 467 468 550
3 550 468 551
3 468 469 551
3 551 469 552
3 469 470 552
3 552 470 553
3 470 471 553
3 553 471 554
3 471 472 554
3 554 472 555
3 472 473 555
3 555 473 556
3 473 474 556
3 556 474 557
3 474 475 557
3 557 475 558
3 475 476 558
3 558 476 559
3 476 477 559
3 559 477 560
3 477 478 560
3 560 478 561
3 478 562 561
3 478 479 562
3 479 480 562
3 562 480 563
3 480 481 563
3 563 481 564
3 481 482 564
3 564 482 565
3 482 483 565
3 565 483 566
3 483 484 566
3 566 484 567
3 484 485 567
3 567 485 568
3 485 486 568
3 568 486 569
3 486 487 569
3 569 487 570
3 487 488 570
3 570 488 571
3 488 489 571
3 571 489 572
3 489 490 572
3 572 490 573
3 490 491 573
3 573 491 574
3 491 492 574
3 574 492 575
3 492 493 575
3 575 493 576
3 493 494 576
3 576 494 577
3 496 495 578
3 495 579 578
3 495 497 579
3 497 580 579
3 497 498 580
3 498 581 580
3 498 499 581
3 499 582 581
3 499 500 582
3 500 583 582
3 500 501 583
3 501 584 583
3 501 502 584
3 502 585 584
3 502 503 585
3 503 586 585
3 503 504 586
3 504 587 586
3 504 505 587
3 505 588 587
3 505 506 588
3 506 589 588
3 506 507 589
3 507 590 589
3 507 508 590
3 508 591 590
3 508 509 591
3 509 592 591
3 509 510 592
3 510 593 592
3 510 511 593
3 511 594 593
3 511 512 594
3 512 595 594
3 512 513 595
3 513 596 595
3 513 514 596
3 514 597 596
3 514 515 597
3 515 598 597
3 515 516 598
3 516 599 598
3 516 517 599
3 517 600 599
3 517 518 600
3 518 601 600
3 518 519 601
3 519 602 601
3 519 520 602
3 520 603 602
3 520 521 603
3 521 604 603
3 521 522 604
3 522 605 604
3 522 523 605
3 523 606 605
3 523 524 606
3 524 607 606
3 524 525 607
3 525 526 607
3 607 526 608
3 526 527 608
3 608 527 609
3 527 610 609
3 527 528 610
3 528 611 610
3 528 529 611
3 529 612 611
3 529 530 612
3 530 613 612
3 530 531 613
3 531 614 613
3 531 532 614
3 532 615 614
3 532 533 615
3 533 616 615
3 533 534 616
3 534 617 616
3 534 535 617
3 535 618 617
3 535 536 618
3 536 619 618
3 536 537 619
3 537 620 619
3 537 538 620
3 538 621 620
3 538 539 621
3 539 622 621
3 539 540 622
3 540 623 622
3 540 541 623
3 541 624 623
3 541 542 624
3 542 625 624
3 542 543 625
3 543 626 625
3 543 544 626
3 544 627 626
3 544 545 627
3 545 628 627
3 545 546 628
3 546 629 628
3 546 547 629
3 547 548 629
3 629 548 630
3 548 549 630
3 630 549 631
3 549 550 631
3 631 550 632
3 550 551 632
3 632 551 633
3 551 552 633
3 633 552 634
3 552 553 634
3 634 553 635
3 553 554 635
3 635 554 636
3 554 555 636
3 636 555 637
3 555 556 637
3 637 556 638
3 556 557 638
3 638 557 639
3 557 558 639
3 639 558 640
3 558 559 640
3 640 559 641
3 559 560 641
3 641 560 642
3 560 643 642
3 560 561 643
3 561 644 643
3 561 562 644
3 562 645 644
3 562 563 645
3 563 564 645
3 645 564 646
3 564 565 646
3 646 565 647
3 565 566 647
3 647 566 648
3 566 567 648
3 648 567 649
3 567 568 649
3 649 568 650
3 568 569 650
3 650 569 651
3 569 570 651
3 651 570 652
3 570 571 652
3 652 571 653
3 571 572 653
3 653 572 654
3 572 573 654
3 654 573 655
3 573 574 655
3 655 574 656
3 574 575 656
3 656 575 657
3 575 576 657
3 657 576 658
3 576 577 658
3 658 577 659
3 578 660 661
3 578 579 660
3 579 662 660
3 579 580 662
3 580 663 662
3 580 581 663
3 581 664 663
3 581 582 664
3 582 665 664
3 582 583 665
3 583 666 665
3 583 584 666
3 584 667 666
3 584 585 667
3 585 668 667
3 585 586 668
3 586 669 668
3 586 587 669
3 587 670 669
3 587 588 670
3 588 671 670
3 588 589 671
3 589 672 671
3 589 590 672
3 590 673 672
3 590 591 673
3 591 674 673
3 591 592 674
3 592 675 674
3 592 593 675
3 593 676 675
3 593 594 676
3 594 677 676
3 594 595 677
3 595 678 677
3 595 596 678
3 596 679 678
3 596 597 679
3 597 680 679
3 597 598 680
3 598 681 680
3 598 599 681
3 599 682 681
3 599 600 682
3 600 683 682
3 600 601 683
3 601 684 683
3 601 602 684
3 602 685 684
3 602 603 685
3 603 686 685
3 603 604 686
3 604 687 686
3 604 605 687
3 605 688 687
3 605 606 688
3 606 689 688
3 606 607 689
3 607 608 689
3 689 608 690
3 608 609 690
3 690 609 691
3 609 692 691
3 609 610 692
3 610 693 692
3 610 611 693
3 611 612 693
3 693 612 694
3 612 695 694
3 612 613 695
3 613 696 695
3 613 614 696
3 614 697 696
3 614 615 697
3 615 698 697
3 615 616 698
3 616 617 698
3 698 617 699
3 617 618 699
3 699 618 700
3 618 701 700
3 618 619 701
3 619 702 701
3 619 620 702
3 620 703 702
3 620 621 703
3 621 704 703
3 621 622 704
3 622 705 704
3 622 623 705
3 623 706 705
3 623 624 706
3 624 707 706
3 624 625 707
3 625 708 707
3 625 626 708
3 626 709 708
3 626 627 709
3 627 710 709
3 627 628 710
3 628 711 710
3 628 629 711
3 629 630 711
3 711 630 712
3 630 631 712
3 712 631 713
3 631 632 713
3 713 632 714
3 632 633 714
3 714 633 715
3 633 634 715
3 715 634 716
3 634 635 716
3 716 635 717
3 635 636 717
3 717 636 718
3 636 637 718
3 718 637 719
3 637 638 719
3 719 638 720
3 638 639 720
3 720 639 721
3 639 640 721
3 721 640 722
3 640 641 722
3 722 641 723
3 641 642 723
3 723 642 724
3 642 643 724
3 724 643 725
3 643 726 725
3 643 644 726
3 644 645 726
3 726 645 727
3 645 646 727
3 727 646 728
3 646 647 728
3 728 647 729
3 647 648 729
3 729 648 730
3 648 649 730
3 730 649 731
3 649 650 731
3 731 650 732
3 650 651 732
3 732 651 733
3 651 652 733
3 733 652 734
3 652 653 734
3 734 653 735
3 653 654 735
3 735 654 736
3 654 655 736
3 736 655 737
3 655 656 737
3 737 656 738
3 656 657 738
3 738 657 739
3 657 658 739
3 739 658 740
3 658 659 740
3 740 659 741
3 661 660 742
3 660 743 742
3 660 662 743
3 662 744 743
3 662 663 744
3 663 745 744
3 663 664 745
3 664 746 745
3 664 665 746
3 665 747 746
3 665 666 747
3 666 748 747
3 666 667 748
3 667 749 748
3 667 668 749
3 668 750 749
3 668 669 750
3 669 751 750
3 669 670 751
3 670 752 751
3 670 671 752
3 671 753 752
3 671 672 753
3 672 754 753
3 672 673 754
3 673 755 754
3 673 674 755
3 674 756 755
3 674 675 756
3 675 757 756
3 675 676 757
3 676 758 757
3 676 677 758
3 677 759 758
3 677 678 759
3 678 760 759
3 678 679 760
3 679 761 760
3 679 680 761
3 680 762 761
3 680 681 762
3 681 682 762
3 762 682 763
3 682 683 763
3 763 683 764
3 683 765 764
3 683 684 765
3 684 766 765
3 684 685 766
3 685 767 766
3 685 686 767
3 686 768 767
3 686 687 768
3 687 769 768
3 687 688 769
3 688 770 769
3 688 689 770
3 689 690 770
3 770 690 771
3 690 691 771
3 771 691 772
3 691 692 772
3 772 692 773
3 692 774 773
3 692 693 774
3 693 694 774
3 774 694 775
3 694 695 775
3 775 695 776
3 695 777 776
3 695 696 777
3 696 778 777
3 696 697 778
3 697 779 778
3 697 698 779
3 698 699 779
3 779 699 780
3 699 700 780
3 780 700 781
3 700 782 781
3 700 701 782
3 701 783 782
3 701 702 783
3 702 784 783
3 702 703 784
3 703 785 784
3 703 704 785
3 704 786 785
3 704 705 786
3 705 787 786
3 705 706 787
3 706 788 787
3 706 707 788
3 707 789 788
3 707 708 789
3 708 790 789
3 708 709 790
3 709 791 790
3 709 710 791
3 710 792 791
3 710 711 792
3 711 712 792
3 792 712 793
3 712 713 793
3 793 713 794
3 713 714 794
3 794 714 795
3 714 715 795
3 795 715 796
3 715 716 796
3 796 716 797
3 716 717 797
3 797 717 798
3 717 718 798
3 798 718 799
3 718 719 799
3 799 719 800
3 719 720 800
3 800 720 801
3 720 721 801
3 801 721 802
3 721 722 802
3 802 722 803
3 722 723 803
3 803 723 804
3 723 724 804
3 804 724 805
3 724 725 805
3 805 725 806
3 725 726 806
3 806 726 807
3 726 727 807
3 807 727 808
3 727 728 808
3 808 728 809
3 728 729 809
3 809 729 810
3 729 730 810
3 810 730 811
3 730 731 811
3 811 731 812
3 731 732 812
3 812 732 813
3 732 733 813
3 813 733 814
3 733 734 814
3 814 734 815
3 734 735 815
3 815 735 816
3 735 736 816
3 816 736 817
3 736 737 817
3 817 737 818
3 737 738 818
3 818 738 819
3 738 739 819
3 819 739 820
3 739 740 820
3 820 740 821
3 740 741 821
3 821 741 822
3 742 823 824
3 742 743 823
3 743 825 823
3 743 744 825
3 744 826 825
3 744 745 826
3 745 827 826
3 745 746 827
3 746 828 827
3 746 747 828
3 747 829 828
3 747 748 829
3 748 830 829
3 748 749 830
3 749 831 830
3 749 750 831
3 750 832 831
3 750 751 832
3 751 833 832
3 751 752 833
3 752 834 833
3 752 753 834
3 753 835 834
3 753 754 835
3 754 836 835
3 754 755 836
3 755 837 836
3 755 756 837
3 756 838 837
3 756 757 838
3 757 839 838
3 757 758 839
3 758 840 839
3 758 759 840
3 759 841 840
3 759 760 841
3 760 842 841
3 760 761 842
3 761 843 842
3 761 762 843
3 762 844 843
3 762 763 844
3 763 845 844
3 763 764 845
3 764 765 845
3 845 765 846
3 765 766 846
3 846 766 847
3 766 848 847
3 766 767 848
3 767 849 848
3 767 768 849
3 768 850 849
3 768 769 850
3 769 851 850
3 769 770 851
3 770 771 851
3 851 771 852
3 771 772 852
3 852 772 853
3 772 854 853
3 772 773 854
3 773 855 854
3 773 774 855
3 774 775 855
3 855 775 856
3 775 857 856
3 775 776 857
3 776 858 857
3 776 777 858
3 777 859 858
3 777 778 859
3 778 860 859
3 778 779 860
3 779 861 860
3 779 780 861
3 780 781 861
3 861 781 862
3 781 863 862
3 781 782 863
3 782 864 863
3 782 783 864
3 783 865 864
3 783 784 865
3 784 866 865
3 784 785 866
3 785 867 866
3 785 786 867
3 786 868 867
3 786 787 868
3 787 869 868
3 787 788 869
3 788 870 869
3 788 789 870
3 789 871 870
3 789 790 871
3 790 872 871
3 790 791 872
3 791 873 872
3 791 792 873
3 792 793 873
3 873 793 874
3 793 794 874
3 874 794 875
3 794 795 875
3 875 795 876
3 795 796 876
3 876 796 877
3 796 797 877
3 877 797 878
3 797 798 878
3 878 798 879
3 798 799 879
3 879 799 880
3 799 800 880
3 880 800 881
3 800 801 881
3 881 801 882
3 801 802 882
3 882 802 883
3 802 803 883
3 883 803 884
3 803 804 884
3 884 804 885
3 804 805 885
3 885 805 886
3 805 806 886
3 886 806 887
3 806 888 887
3 806 807 888
3 807 808 888
3 888 808 889
3 808 809 889
3 889 809 890
3 809 810 890
3 890 810 891
3 810 811 891
3 891 811 892
3 811 812 892
3 892 812 893
3 812 813 893
3 893 813 894
3 813 814 894
3 894 814 895
3 814 815 895
3 895 815 896
3 815 816 896
3 896 816 897
3 816 817 897
3 897 817 898
3 817 818 898
3 898 818 899
3 818 819 899
3 899 819 900
3 819 820 900
3 900 820 901
3 820 821 901
3 901 821 902
3 821 822 902
3 902 822 903
3 824 904 905
3 824 823 904
3 823 906 904
3 823 825 906
3 825 907 906
3 825 826 907
3 826 908 907
3 826 827 908
3 827 909 908
3 827 828 909
3 828 910 909
3 828 829 910
3 829 911 910
3 829 830 911
3 830 912 911
3 830 831 912
3 831 913 912
3 831 832 913
3 832 914 913
3 832 833 914
3 833 915 914
3 833 834 915
3 834 916 915
3 834 835 916
3 835 917 916
3 835 836 917
3 836 918 917
3 836 837 918
3 837 919 918
3 837 838 919
3 838 920 919
3 838 839 920
3 839 921 920
3 839 840 921
3 840 922 921
3 840 841 922
3 841 923 922
3 841 842 923
3 842 924 923
3 842 843 924
3 843 925 924
3 843 844 925
3 844 926 925
3 844 845 926
3 845 927 926
3 845 846 927
3 846 928 927
3 846 847 928
3 847 929 928
3 847 848 929
3 848 930 929
3 848 849 930
3 849 931 930
3 849 850 931
3 850 932 931
3 850 851 932
3 851 852 932
3 932 852 933
3 852 934 933
3 852 853 934
3 853 935 934
3 853 854 935
3 854 936 935
3 854 855 936
3 855 856 936
3 936 856 937
3 856 938 937
3 856 857 938
3 857 939 938
3 857 858 939
3 858 940 939
3 858 859 940
3 859 941 940
3 859 860 941
3 860 942 941
3 860 861 942
3 861 943 942
3 861 862 943
3 862 944 943
3 862 863 944
3 863 945 944
3 863 864 945
3 864 946 945
3 864 865 946
3 865 947 946
3 865 866 947
3 866 948 947
3 866 867 948
3 867 949 948
3 867 868 949
3 868 950 949
3 868 869 950
3 869 951 950
3 869 870 951
3 870 952 951
3 870 871 952
3 871 953 952
3 871 872 953
3 872 954 953
3 872 873 954
3 873 874 954
3 954 874 955
3 874 875 955
3 955 875 956
3 875 876 956
3 956 876 957
3 876 877 957
3 957 877 958
3 877 878 958
3 958 878 959
3 878 879 959
3 959 879 960
3 879 880 960
3 960 880 961
3 880 881 961
3 961 881 962
3 881 882 962
3 962 882 963
3 882 883 963
3 963 883 964
3 883 884 964
3 964 884 965
3 884 885 965
3 965 885 966
3 885 886 966
3 966 886 967
3 886 887 967
3 967 887 968
3 887 969 968
3 887 888 969
3 888 970 969
3 888 889 970
3 889 890 970
3 970 890 971
3 890 891 971
3 971 891 972
3 891 892 972
3 972 892 973
3 892 893 973
3 973 893 974
3 893 894 974
3 974 894 975
3 894 895 975
3 975 895 976
3 895 896 976
3 976 896 977
3 896 897 977
3 977 897 978
3 897 898 978
3 978 898 979
3 898 899 979
3 979 899 980
3 899 900 980
3 980 900 981
3 900 901 981
3 981 901 982
3 901 902 982
3 982 902 983
3 902 903 983
3 983 903 984
3 903 985 984
3 905 904 986
3 904 987 986
3 904 906 987
3 906 988 987
3 906 907 988
3 907 989 988
3 907 908 989
3 908 990 989
3 908 909 990
3 909 991 990
3 909 910 991
3 910 992 991
3 910 911 992
3 911 993 992
3 911 912 993
3 912 994 993
3 912 913 994
3 913 995 994
3 913 914 995
3 914 996 995
3 914 915 996
3 915 997 996
3 915 916 997
3 916 998 997
3 916 917 998
3 917 999 998
3 917 918 999
3 918 1000 999
3 918 919 1000
3 919 1001 1000
3 919 920 1001
3 920 1002 1001
3 920 921 1002
3 921 1003 1002
3 921 922 1003
3 922 1004 1003
3 922 923 1004
3 923 1005 1004
3 923 924 1005
3 924 1006 1005
3 924 925 1006
3 925 1007 1006
3 925 926 1007
3 926 1008 1007
3 926 927 1008
3 927 1009 1008
3 927 928 1009
3 928 1010 1009
3 928 929 1010
3 929 1011 1010
3 929 930 1011
3 930 1012 1011
3 930 931 1012
3 931 1013 1012
3 931 932 1013
3 932 933 1013
3 1013 933 1014
3 933 934 1014
3 1014 934 1015
3 934 1016 1015
3 934 935 1016
3 935 936 1016
3 1016 936 1017
3 936 937 1017
3 1017 937 1018
3 937 938 1018
3 1018 938 1019
3 938 1020 1019
3 938 939 1020
3 939 1021 1020
3 939 940 1021
3 940 941 1021
3 1021 941 1022
3 941 942 1022
3 1022 942 1023
3 942 1024 1023
3 942 943 1024
3 943 944 1024
3 1024 944 1025
3 944 1026 1025
3 944 945 1026
3 945 946 1026
3 1026 946 1027
3 946 947 1027
3 1027 947 1028
3 947 948 1028
3 1028 948 1029
3 948 1030 1029
3 948 949 1030
3 949 1031 1030
3 949 950 1031
3 950 1032 1031
3 950 951 1032
3 951 1033 1032
3 951 952 1033
3 952 1034 1033
3 952 953 1034
3 953 954 1034
3 1034 954 1035
3 954 955 1035
3 1035 955 1036
3 955 956 1036
3 1036 956 1037
3 956 957 1037
3 1037 957 1038
3 957 958 1038
3 1038 958 1039
3 958 959 1039
3 1039 959 1040
3 959 960 1040
3 1040 960 1041
3 960 961 1041
3 1041 961 1042
3 961 962 1042
3 1042 962 1043
3 962 963 1043
3 1043 963 1044
3 963 964 1044
3 1044 964 1045
3 964 965 1045
3 1045 965 1046
3 965 966 1046
3 1046 966 1047
3 966 967 1047
3 1047 967 1048
3 967 968 1048
3 1048 968 1049
3 968 1050 1049
3 968 969 1050
3 969 1051 1050
3 969 970 1051
3 970 971 1051
3 1051 971 1052
3 971 972 1052
3 1052 972 1053
3 972 973 1053
3 1053 973 1054
3 973 974 1054
3 1054 974 1055
3 974 975 1055
3 1055 975 1056
3 975 976 1056
3 1056 976 1057
3 976 1058 1057
3 976 977 1058
3 977 978 1058
3 1058 978 1059
3 978 979 1059
3 1059 979 1060
3 979 980 1060
3 1060 980 1061
3 980 981 1061
3 1061 981 1062
3 981 982 1062
3 1062 982 1063
3 982 983 1063
3 1063 983 1064
3 983 984 1064
3 1064 984 1065
3 984 985 1065
3 986 1066 1067
3 986 987 1066
3 987 1068 1066
3 987 988 1068
3 988 1069 1068
3 988 989 1069
3 989 1070 1069
3 989 990 1070
3 990 1071 1070
3 990 991 1071
3 991 1072 1071
3 991 992 1072
3 992 1073 1072
3 992 993 1073
3 993 1074 1073
3 993 994 1074
3 994 1075 1074
3 994 995 1075
3 995 1076 1075
3 995 996 1076
3 996 1077 1076
3 996 997 1077
3 997 1078 1077
3 997 998 1078
3 998 1079 1078
3 998 999 1079
3 999 1080 1079
3 999 1000 1080
3 1000 1081 1080
3 1000 1001 1081
3 1001 1082 1081
3 1001 1002 1082
3 1002 1083 1082
3 1002 1003 1083
3 1003 1084 1083
3 1003 1004 1084
3 1004 1085 1084
3 1004 1005 1085
3 1005 1086 1085
3 1005 1006 1086
3 1006 1087 1086
3 1006 1007 1087
3 1007 1088 1087
3 1007 1008 1088
3 1008 1089 1088
3 1008 1009 1089
3 1009 1090 1089
3 1009 1010 1090
3 1010 1091 1090
3 1010 1011 1091
3 1011 1092 1091
3 1011 1012 1092
3 1012 1013 1092
3 1092 1013 1093
3 1013 1014 1093
3 1093 1014 1094
3 1014 1015 1094
3 1094 1015 1095
3 1015 1016 1095
3 1095 1016 1096
3 1016 1017 1096
3 1096 1017 1097
3 1017 1018 1097
3 1097 1018 1098
3 1018 1019 1098
3 1098 1019 1099
3 1019 1020 1099
3 1099 1020 1100
3 1020 1021 1100
3 1100 1021 1101
3 1021 1022 1101
3 1101 1022 1102
3 1022 1023 1102
3 1102 1023 1103
3 1023 1024 1103
3 1103 1024 1104
3 1024 1025 1104
3 1104 1025 1105
3 1025 1026 1105
3 1105 1026 1106
3 1026 1027 1106
3 1106 1027 1107
3 1027 1028 1107
3 1107 1028 1108
3 1028 1029 1108
3 1108 1029 1109
3 1029 1030 1109
3 1109 1030 1110
3 1030 1111 1110
3 1030 1031 1111
3 1031 1112 1111
3 1031 1032 1112
3 1032 1113 1112
3 1032 1033 1113
3 1033 1114 1113
3 1033 1034 1114
3 1034 1035 1114
3 1114 1035 1115
3 1035 1036 1115
3 1115 1036 1116
3 1036 1037 1116
3 1116 1037 1117
3 1037 1038 1117
3 1117 1038 1118
3 1038 1039 1118
3 1118 1039 1119
3 1039 1040 1119
3 1119 1040 1120
3 1040 1041 1120
3 1120 1041 1121
3 1041 1042 1121
3 1121 1042 1122
3 1042 1043 1122
3 1122 1043 1123
3 1043 1044 1123
3 1123 1044 1124
3 1044 1045 1124
3 1124 1045 1125
3 1045 1046 1125
3 1125 1046 1126
3 1046 1047 1126
3 1126 1047 1127
3 1047 1048 1127
3 1127 1048 1128
3 1048 1049 1128
3 1128 1049 1129
3 1049 1130 1129
3 1049 1050 1130
3 1050 1131 1130
3 1050 1051 1131
3 1051 1052 1131
3 1131 1052 1132
3 1052 1053 1132
3 1132 1053 1133
3 1053 1054 1133
3 1133 1054 1134
3 1054 1055 1134
3 1134 1055 1135
3 1055 1056 1135
3 1135 1056 1136
3 1056 1137 1136
3 1056 1057 1137
3 1057 1058 1137
3 1137 1058 1138
3 1058 1059 1138
3 1138 1059 1139
3 1059 1060 1139
3 1139 1060 1140
3 1060 1061 1140
3 1140 1061 1141
3 1061 1062 1141
3 1141 1062 1142
3 1062 1063 1142
3 1142 1063 1143
3 1063 1064 1143
3 1143 1064 1144
3 1064 1065 1144
3 1144 1065 1145
3 1067 1146 1147
3 1067 1066 1146
3 1066 1148 1146
3 1066 1068 1148
3 1068 1149 1148
3 1068 1069 1149
3 1069 1150 1149
3 1069 1070 1150
3 1070 1151 1150
3 1070 1071 1151
3 1071 1152 1151
3 1071 1072 1152
3 1072 1153 1152
3 1072 1073 1153
3 1073 1154 1153
3 1073 1074 1154
3 1074 1155 1154
3 1074 1075 1155
3 1075 1156 1155
3 1075 1076 1156
3 1076 1157 1156
3 1076 1077 1157
3 1077 1158 1157
3 1077 1078 1158
3 1078 1159 1158
3 1078 1079 1159
3 1079 1080 1159
3 1159 1080 1160
3 1080 1161 1160
3 1080 1081 1161
3 1081 1162 1161
3 1081 1082 1162
3 1082 1163 1162
3 1082 1083 1163
3 1083 1164 1163
3 1083 1084 1164
3 1084 1165 1164
3 1084 1085 1165
3 1085 1166 1165
3 1085 1086 1166
3 1086 1167 1166
3 1086 1087 1167
3 1087 1168 1167
3 1087 1088 1168
3 1088 1169 1168
3 1088 1089 1169
3 1089 1170 1169
3 1089 1090 1170
3 1090 1171 1170
3 1090 1091 1171
3 1091 1172 1171
3 1091 1092 1172
3 1092 1173 1172
3 1092 1093 1173
3 1093 1174 1173
3 1093 1094 1174
3 1094 1175 1174
3 1094 1095 1175
3 1095 1176 1175
3 1095 1096 1176
3 1096 1177 1176
3 1096 1097 1177
3 1097 1178 1177
3 1097 1098 1178
3 1098 1099 1178
3 1178 1099 1179
3 1099 1180 1179
3 1099 1100 1180
3 1100 1181 1180
3 1100 1101 1181
3 1101 1102 1181
3 1181 1102 1182
3 1102 1183 1182
3 1102 1103 1183
3 1103 1184 1183
3 1103 1104 1184
3 1104 1185 1184
3 1104 1105 1185
3 1105 1186 1185
3 1105 1106 1186
3 1106 1187 1186
3 1106 1107 1187
3 1107 1188 1187
3 1107 1108 1188
3 1108 1189 1188
3 1108 1109 1189
3 1109 1190 1189
3 1109 1110 1190
3 1110 1191 1190
3 1110 1111 1191
3 1111 1192 1191
3 1111 1112 1192
3 1112 1193 1192
3 1112 1113 1193
3 1113 1194 1193
3 1113 1114 1194
3 1114 1115 1194
3 1194 1115 1195
3 1115 1116 1195
3 1195 1116 1196
3 1116 1117 1196
3 1196 1117 1197
3 1117 1118 1197
3 1197 1118 1198
3 1118 1119 1198
3 1198 1119 1199
3 1119 1120 1199
3 1199 1120 1200
3 1120 1121 1200
3 1200 1121 1201
3 1121 1122 1201
3 1201 1122 1202
3 1122 1123 1202
3 1202 1123 1203
3 1123 1124 1203
3 1203 1124 1204
3 1124 1125 1204
3 1204 1125 1205
3 1125 1126 1205
3 1205 1126 1206
3 1126 1207 1206
3 1126 1127 1207
3 1127 1208 1207
3 1127 1128 1208
3 1128 1209 1208
3 1128 1129 1209
3 1129 1210 1209
3 1129 1130 1210
3 1130 1211 1210
3 1130 1131 1211
3 1131 1132 1211
3 1211 1132 1212
3 1132 1133 1212
3 1212 1133 1213
3 1133 1134 1213
3 1213 1134 1214
3 1134 1215 1214
3 1134 1135 1215
3 1135 1216 1215
3 1135 1136 1216
3 1136 1217 1216
3 1136 1137 1217
3 1137 1138 1217
3 1217 1138 1218
3 1138 1139 1218
3 1218 1139 1219
3 1139 1140 1219
3 1219 1140 1220
3 1140 1141 1220
3 1220 1141 1221
3 1141 1142 1221
3 1221 1142 1222
3 1142 1143 1222
3 1222 1143 1223
3 1143 1144 1223
3 1223 1144 1224
3 1144 1145 1224
3 1224 1145 1225
3 1147 1226 1227
3 1147 1146 1226
3 1146 1228 1226
3 1146 1148 1228
3 1148 1229 1228
3 1148 1149 1229
3 1149 1230 1229
3 1149 1150 1230
3 1150 1231 1230
3 1150 1151 1231
3 1151 1232 1231
3 1151 1152 1232
3 1152 1233 1232
3 1152 1153 1233
3 1153 1234 1233
3 1153 1154 1234
3 1154 1235 1234
3 1154 1155 1235
3 1155 1236 1235
3 1155 1156 1236
3 1156 1237 1236
3 1156 1157 1237
3 1157 1238 1237
3 1157 1158 1238
3 1158 1239 1238
3 1158 1159 1239
3 1159 1240 1239
3 1159 1160 1240
3 1160 1241 1240
3 1160 1161 1241
3 1161 1242 1241
3 1161 1162 1242
3 1162 1243 1242
3 1162 1163 1243
3 1163 1244 1243
3 1163 1164 1244
3 1164 1245 1244
3 1164 1165 1245
3 1165 1246 1245
3 1165 1166 1246
3 1166 1247 1246
3 1166 1167 1247
3 1167 1248 1247
3 1167 1168 1248
3 1168 1249 1248
3 1168 1169 1249
3 1169 1250 1249
3 1169 1170 1250
3 1170 1251 1250
3 1170 1171 1251
3 1171 1252 1251
3 1171 1172 1252
3 1172 1253 1252
3 1172 1173 1253
3 1173 1254 1253
3 1173 1174 1254
3 1174 1255 1254
3 1174 1175 1255
3 1175 1256 1255
3 1175 1176 1256
3 1176 1257 1256
3 1176 1177 1257
3 1177 1258 1257
3 1177 1178 1258
3 1178 1179 1258
3 1258 1179 1259
3 1179 1260 1259
3 1179 1180 1260
3 1180 1261 1260
3 1180 1181 1261
3 1181 1262 1261
3 1181 1182 1262
3 1182 1263 1262
3 1182 1183 1263
3 1183 1264 1263
3 1183 1184 1264
3 1184 1265 1264
3 1184 1185 1265
3 1185 1266 1265
3 1185 1186 1266
3 1186 1267 1266
3 1186 1187 1267
3 1187 1268 1267
3 1187 1188 1268
3 1188 1269 1268
3 1188 1189 1269
3 1189 1270 1269
3 1189 1190 1270
3 1190 1271 1270
3 1190 1191 1271
3 1191 1272 1271
3 1191 1192 1272
3 1192 1273 1272
3 1192 1193 1273
3 1193 1274 1273
3 1193 1194 1274
3 1194 1275 1274
3 1194 1195 1275
3 1195 1276 1275
3 1195 1196 1276
3 1196 1277 1276
3 1196 1197 1277
3 1197 1278 1277
3 1197 1198 1278
3 1198 1279 1278
3 1198 1199 1279
3 1199 1280 1279
3 1199 1200 1280
3 1200 1201 1280
3 1280 1201 1281
3 1201 1202 1281
3 1281 1202 1282
3 1202 1203 1282
3 1282 1203 1283
3 1203 1204 1283
3 1283 1204 1284
3 1204 1205 1284
3 1284 1205 1285
3 1205 1206 1285
3 1285 1206 1286
3 1206 1287 1286
3 1206 1207 1287
3 1207 1288 1287
3 1207 1208 1288
3 1208 1289 1288
3 1208 1209 1289
3 1209 1290 1289
3 1209 1210 1290
3 1210 1291 1290
3 1210 1211 1291
3 1211 1212 1291
3 1291 1212 1292
3 1212 1213 1292
3 1292 1213 1293
3 1213 1214 1293
3 1293 1214 1294
3 1214 1295 1294
3 1214 1215 1295
3 1215 1296 1295
3 1215 1216 1296
3 1216 1297 1296
3 1216 1217 1297
3 1217 1298 1297
3 1217 1218 1298
3 1218 1219 1298
3 1298 1219 1299
3 1219 1220 1299
3 1299 1220 1300
3 1220 1221 1300
3 1300 1221 1301
3 1221 1222 1301
3 1301 1222 1302
3 1222 1223 1302
3 1302 1223 1303
3 1223 1224 1303
3 1303 1224 1304
3 1224 1225 1304
3 1304 1225 1305
3 1226 1306 1307
3 1226 1228 1306
3 1228 1308 1306
3 1228 1229 1308
3 1229 1309 1308
3 1229 1230 1309
3 1230 1310 1309
3 1230 1231 1310
3 1231 1311 1310
3 1231 1232 1311
3 1232 1312 1311
3 1232 1233 1312
3 1233 1313 1312
3 1233 1234 1313
3 1234 1314 1313
3 1234 1235 1314
3 1235 1315 1314
3 1235 1236 1315
3 1236 1316 1315
3 1236 1237 1316
3 1237 1317 1316
3 1237 1238 1317
3 1238 1318 1317
3 1238 1239 1318
3 1239 1319 1318
3 1239 1240 1319
3 1240 1241 1319
3 1319 1241 1320
3 1241 1242 1320
3 1320 1242 1321
3 1242 1243 1321
3 1321 1243 1322
3 1243 1323 1322
3 1243 1244 1323
3 1244 1324 1323
3 1244 1245 1324
3 1245 1325 1324
3 1245 1246 1325
3 1246 1326 1325
3 1246 1247 1326
3 1247 1327 1326
3 1247 1248 1327
3 1248 1328 1327
3 1248 1249 1328
3 1249 1329 1328
3 1249 1250 1329
3 1250 1330 1329
3 1250 1251 1330
3 1251 1331 1330
3 1251 1252 1331
3 1252 1253 1331
3 1331 1253 1332
3 1253 1254 1332
3 1332 1254 1333
3 1254 1255 1333
3 1333 1255 1334
3 1255 1335 1334
3 1255 1256 1335
3 1256 1336 1335
3 1256 1257 1336
3 1257 1337 1336
3 1257 1258 1337
3 1258 1259 1337
3 1337 1259 1338
3 1259 1260 1338
3 1338 1260 1339
3 1260 1261 1339
3 1339 1261 1340
3 1261 1341 1340
3 1261 1262 1341
3 1262 1342 1341
3 1262 1263 1342
3 1263 1343 1342
3 1263 1264 1343
3 1264 1344 1343
3 1264 1265 1344
3 1265 1345 1344
3 1265 1266 1345
3 1266 1346 1345
3 1266 1267 1346
3 1267 1347 1346
3 1267 1268 1347
3 1268 1348 1347
3 1268 1269 1348
3 1269 1349 1348
3 1269 1270 1349
3 1270 1350 1349
3 1270 1271 1350
3 1271 1351 1350
3 1271 1272 1351
3 1272 1352 1351
3 1272 1273 1352
3 1273 1353 1352
3 1273 1274 1353
3 1274 1354 1353
3 1274 1275 1354
3 1275 1276 1354
3 1354 1276 1355
3 1276 1277 1355
3 1355 1277 1356
3 1277 1278 1356
3 1356 1278 1357
3 1278 1279 1357
3 1357 1279 1358
3 1279 1280 1358
3 1358 1280 1359
3 1280 1281 1359
3 1359 1281 1360
3 1281 1282 1360
3 1360 1282 1361
3 1282 1283 1361
3 1361 1283 1362
3 1283 1284 1362
3 1362 1284 1363
3 1284 1285 1363
3 1363 1285 1364
3 1285 1286 1364
3 1364 1286 1365
3 1286 1366 1365
3 1286 1287 1366
3 1287 1288 1366
3 1366 1288 1367
3 1288 1289 1367
3 1367 1289 1368
3 1289 1369 1368
3 1289 1290 1369
3 1290 1370 1369
3 1290 1291 1370
3 1291 1292 1370
3 1370 1292 1371
3 1292 1293 1371
3 1371 1293 1372
3 1293 1294 1372
3 1372 1294 1373
3 1294 1295 1373
3 1373 1295 1374
3 1295 1296 1374
3 1374 1296 1375
3 1296 1297 1375
3 1375 1297 1376
3 1297 1298 1376
3 1376 1298 1377
3 1298 1299 1377
3 1377 1299 1378
3 1299 1300 1378
3 1378 1300 1379
3 1300 1301 1379
3 1379 1301 1380
3 1301 1302 1380
3 1380 1302 1381
3 1302 1303 1381
3 1381 1303 1382
3 1303 1304 1382
3 1382 1304 1383
3 1304 1305 1383
3 1383 1305 1384
3 1307 1385 1386
3 1307 1306 1385
3 1306 1387 1385
3 1306 1308 1387
3 1308 1388 1387
3 1308 1309 1388
3 1309 1389 1388
3 1309 1310 1389
3 1310 1390 1389
3 1310 1311 1390
3 1311 1391 1390
3 1311 1312 1391
3 1312 1392 1391
3 1312 1313 1392
3 1313 1393 1392
3 1313 1314 1393
3 1314 1394 1393
3 1314 1315 1394
3 1315 1395 1394
3 1315 1316 1395
3 1316 1396 1395
3 1316 1317 1396
3 1317 1397 1396
3 1317 1318 1397
3 1318 1398 1397
3 1318 1319 1398
3 1319 1320 1398
3 1398 1320 1399
3 1320 1321 1399
3 1399 1321 1400
3 1321 1322 1400
3 1400 1322 1401
3 1322 1323 1401
3 1401 1323 1402
3 1323 1403 1402
3 1323 1324 1403
3 1324 1404 1403
3 1324 1325 1404
3 1325 1405 1404
3 1325 1326 1405
3 1326 1406 1405
3 1326 1327 1406
3 1327 1407 1406
3 1327 1328 1407
3 1328 1408 1407
3 1328 1329 1408
3 1329 1409 1408
3 1329 1330 1409
3 1330 1410 1409
3 1330 1331 1410
3 1331 1332 1410
3 1410 1332 1411
3 1332 1333 1411
3 1411 1333 1412
3 1333 1334 1412
3 1412 1334 1413
3 1334 1414 1413
3 1334 1335 1414
3 1335 1415 1414
3 1335 1336 1415
3 1336 1416 1415
3 1336 1337 1416
3 1337 1417 1416
3 1337 1338 1417
3 1338 1339 1417
3 1417 1339 1418
3 1339 1419 1418
3 1339 1340 1419
3 1340 1420 1419
3 1340 1341 1420
3 1341 1421 1420
3 1341 1342 1421
3 1342 1422 1421
3 1342 1343 1422
3 1343 1423 1422
3 1343 1344 1423
3 1344 1424 1423
3 1344 1345 1424
3 1345 1425 1424
3 1345 1346 1425
3 1346 1426 1425
3 1346 1347 1426
3 1347 1427 1426
3 1347 1348 1427
3 1348 1428 1427
3 1348 1349 1428
3 1349 1429 1428
3 1349 1350 1429
3 1350 1430 1429
3 1350 1351 1430
3 1351 1431 1430
3 1351 1352 1431
3 1352 1432 1431
3 1352 1353 1432
3 1353 1433 1432
3 1353 1354 1433
3 1354 1355 1433
3 1433 1355 1434
3 1355 1356 1434
3 1434 1356 1435
3 1356 1357 1435
3 1435 1357 1436
3 1357 1358 1436
3 1436 1358 1437
3 1358 1359 1437
3 1437 1359 1438
3 1359 1360 1438
3 1438 1360 1439
3 1360 1361 1439
3 1439 1361 1440
3 1361 1362 1440
3 1440 1362 1441
3 1362 1363 1441
3 1441 1363 1442
3 1363 1364 1442
3 1442 1364 1443
3 1364 1365 1443
3 1443 1365 1444
3 1365 1445 1444
3 1365 1366 1445
3 1366 1446 1445
3 1366 1367 1446
3 1367 1368 1446
3 1446 1368 1447
3 1368 1448 1447
3 1368 1369 1448
3 1369 1449 1448
3 1369 1370 1449
3 1370 1371 1449
3 1449 1371 1450
3 1371 1372 1450
3 1450 1372 1451
3 1372 1373 1451
3 1451 1373 1452
3 1373 1374 1452
3 1452 1374 1453
3 1374 1375 1453
3 1453 1375 1454
3 1375 1376 1454
3 1454 1376 1455
3 1376 1377 1455
3 1455 1377 1456
3 1377 1378 1456
3 1456 1378 1457
3 1378 1379 1457
3 1457 1379 1458
3 1379 1380 1458
3 1458 1380 1459
3 1380 1381 1459
3 1459 1381 1460
3 1381 1382 1460
3 1460 1382 1461
3 1382 1383 1461
3 1461 1383 1462
3 1383 1384 1462
3 1462 1384 1463
3 1386 1464 1465
3 1386 1385 1464
3 1385 1466 1464
3 1385 1387 1466
3 1387 1467 1466
3 1387 1388 1467
3 1388 1468 1467
3 1388 1389 1468
3 1389 1469 1468
3 1389 1390 1469
3 1390 1470 1469
3 1390 1391 1470
3 1391 1471 1470
3 1391 1392 1471
3 1392 1472 1471
3 1392 1393 1472
3 1393 1473 1472
3 1393 1394 1473
3 1394 1474 1473
3 1394 1395 1474
3 1395 1475 1474
3 1395 1396 1475
3 1396 1476 1475
3 1396 1397 1476
3 1397 1477 1476
3 1397 1398 1477
3 1398 1478 1477
3 1398 1399 1478
3 1399 1479 1478
3 1399 1400 1479
3 1400 1401 1479
3 1479 1401 1480
3 1401 1481 1480
3 1401 1402 1481
3 1402 1482 1481
3 1402 1403 1482
3 1403 1483 1482
3 1403 1404 1483
3 1404 1484 1483
3 1404 1405 1484
3 1405 1485 1484
3 1405 1406 1485
3 1406 1486 1485
3 1406 1407 1486
3 1407 1487 1486
3 1407 1408 1487
3 1408 1488 1487
3 1408 1409 1488
3 1409 1489 1488
3 1409 1410 1489
3 1410 1490 1489
3 1410 1411 1490
3 1411 1412 1490
3 1490 1412 1491
3 1412 1413 1491
3 1491 1413 1492
3 1413 1493 1492
3 1413 1414 1493
3 1414 1494 1493
3 1414 1415 1494
3 1415 1495 1494
3 1415 1416 1495
3 1416 1417 1495
3 1495 1417 1496
3 1417 1418 1496
3 1496 1418 1497
3 1418 1498 1497
3 1418 1419 1498
3 1419 1499 1498
3 1419 1420 1499
3 1420 1500 1499
3 1420 1421 1500
3 1421 1501 1500
3 1421 1422 1501
3 1422 1502 1501
3 1422 1423 1502
3 1423 1503 1502
3 1423 1424 1503
3 1424 1504 1503
3 1424 1425 1504
3 1425 1505 1504
3 1425 1426 1505
3 1426 1506 1505
3 1426 1427 1506
3 1427 1507 1506
3 1427 1428 1507
3 1428 1508 1507
3 1428 1429 1508
3 1429 1509 1508
3 1429 1430 1509
3 1430 1510 1509
3 1430 1431 1510
3 1431 1511 1510
3 1431 1432 1511
3 1432 1512 1511
3 1432 1433 1512
3 1433 1434 1512
3 1512 1434 1513
3 1434 1435 1513
3 1513 1435 1514
3 1435 1436 1514
3 1514 1436 1515
3 1436 1437 1515
3 1515 1437 1516
3 1437 1438 1516
3 1516 1438 1517
3 1438 1439 1517
3 1517 1439 1518
3 1439 1440 1518
3 1518 1440 1519
3 1440 1441 1519
3 1519 1441 1520
3 1441 1442 1520
3 1520 1442 1521
3 1442 1443 1521
3 1521 1443 1522
3 1443 1444 1522
3 1522 1444 1523
3 1444 1445 1523
3 1523 1445 1524
3 1445 1446 1524
3 1524 1446 1525
3 1446 1447 1525
3 1525 1447 1526
3 1447 1448 1526
3 1526 1448 1527
3 1448 1449 1527
3 1527 1449 1528
3 1449 1450 1528
3 1528 1450 1529
3 1450 1451 1529
3 1529 1451 1530
3 1451 1452 1530
3 1530 1452 1531
3 1452 1453 1531
3 1531 1453 1532
3 1453 1454 1532
3 1532 1454 1533
3 1454 1455 1533
3 1533 1455 1534
3 1455 1456 1534
3 1534 1456 1535
3 1456 1457 1535
3 1535 1457 1536
3 1457 1458 1536
3 1536 1458 1537
3 1458 1459 1537
3 1537 1459 1538
3 1459 1460 1538
3 1538 1460 1539
3 1460 1461 1539
3 1539 1461 1540
3 1461 1462 1540
3 1540 1462 1541
3 1462 1463 1541
3 1541 1463 1542
3 1464 1543 1544
3 1464 1466 1543
3 1466 1545 1543
3 1466 1467 1545
3 1467 1546 1545
3 1467 1468 1546
3 1468 1547 1546
3 1468 1469 1547
3 1469 1548 1547
3 1469 1470 1548
3 1470 1549 1548
3 1470 1471 1549
3 1471 1550 1549
3 1471 1472 1550
3 1472 1551 1550
3 1472 1473 1551
3 1473 1552 1551
3 1473 1474 1552
3 1474 1553 1552
3 1474 1475 1553
3 1475 1554 1553
3 1475 1476 1554
3 1476 1555 1554
3 1476 1477 1555
3 1477 1556 1555
3 1477 1478 1556
3 1478 1479 1556
3 1556 1479 1557
3 1479 1480 1557
3 1557 1480 1558
3 1480 1559 1558
3 1480 1481 1559
3 1481 1560 1559
3 1481 1482 1560
3 1482 1561 1560
3 1482 1483 1561
3 1483 1562 1561
3 1483 1484 1562
3 1484 1485 1562
3 1562 1485 1563
3 1485 1486 1563
3 1563 1486 1564
3 1486 1487 1564
3 1564 1487 1565
3 1487 1566 1565
3 1487 1488 1566
3 1488 1567 1566
3 1488 1489 1567
3 1489 1490 1567
3 1567 1490 1568
3 1490 1491 1568
3 1568 1491 1569
3 1491 1492 1569
3 1569 1492 1570
3 1492 1493 1570
3 1570 1493 1571
3 1493 1494 1571
3 1571 1494 1572
3 1494 1495 1572
3 1572 1495 1573
3 1495 1496 1573
3 1573 1496 1574
3 1496 1497 1574
3 1574 1497 1575
3 1497 1498 1575
3 1575 1498 1576
3 1498 1499 1576
3 1576 1499 1577
3 1499 1500 1577
3 1577 1500 1578
3 1500 1501 1578
3 1578 1501 1579
3 1501 1502 1579
3 1579 1502 1580
3 1502 1503 1580
3 1580 1503 1581
3 1503 1504 1581
3 1581 1504 1582
3 1504 1505 1582
3 1582 1505 1583
3 1505 1506 1583
3 1583 1506 1584
3 1506 1507 1584
3 1584 1507 1585
3 1507 1508 1585
3 1585 1508 1586
3 1508 1587 1586
3 1508 1509 1587
3 1509 1588 1587
3 1509 1510 1588
3 1510 1511 1588
3 1588 1511 1589
3 1511 1512 1589
3 1589 1512 1590
3 1512 1513 1590
3 1590 1513 1591
3 1513 1514 1591
3 1591 1514 1592
3 1514 1515 1592
3 1592 1515 1593
3 1515 1516 1593
3 1593 1516 1594
3 1516 1517 1594
3 1594 1517 1595
3 1517 1518 1595
3 1595 1518 1596
3 1518 1519 1596
3 1596 1519 1597
3 1519 1520 1597
3 1597 1520 1598
3 1520 1521 1598
3 1598 1521 1599
3 1521 1522 1599
3 1599 1522 1600
3 1522 1523 1600
3 1600 1523 1601
3 1523 1524 1601
3 1601 1524 1602
3 1524 1525 1602
3 1602 1525 1603
3 1525 1526 1603
3 1603 1526 1604
3 1526 1527 1604
3 1604 1527 1605
3 1527 1528 1605
3 1605 1528 1606
3 1528 1529 1606
3 1606 1529 1607
3 1529 1530 1607
3 1607 1530 1608
3 1530 1531 1608
3 1608 1531 1609
3 1531 1532 1609
3 1609 1532 1610
3 1532 1533 1610
3 1610 1533 1611
3 1533 1534 1611
3 1611 1534 1612
3 1534 1535 1612
3 1612 1535 1613
3 1535 1536 1613
3 1613 1536 1614
3 1536 1537 1614
3 1614 1537 1615
3 1537 1538 1615
3 1615 1538 1616
3 1538 1539 1616
3 1616 1539 1617
3 1539 1540 1617
3 1617 1540 1618
3 1540 1541 1618
3 1618 1541 1619
3 1541 1542 1619
3 1619 1542 1620
3 1544 1621 1622
3 1544 1543 1621
3 1543 1623 1621
3 1543 1545 1623
3 1545 1624 1623
3 1545 1546 1624
3 1546 1625 1624
3 1546 1547 1625
3 1547 1626 1625
3 1547 1548 1626
3 1548 1627 1626
3 1548 1549 1627
3 1549 1628 1627
3 1549 1550 1628
3 1550 1629 1628
3 1550 1551 1629
3 1551 1630 1629
3 1551 1552 1630
3 1552 1631 1630
3 1552 1553 1631
3 1553 1632 1631
3 1553 1554 1632
3 1554 1633 1632
3 1554 1555 1633
3 1555 1556 1633
3 1633 1556 1634
3 1556 1557 1634
3 1634 1557 1635
3 1557 1558 1635
3 1635 1558 1636
3 1558 1559 1636
3 1636 1559 1637
3 1559 1560 1637
3 1637 1560 1638
3 1560 1561 1638
3 1638 1561 1639
3 1561 1562 1639
3 1639 1562 1640
3 1562 1641 1640
3 1562 1563 1641
3 1563 1564 1641
3 1641 1564 1642
3 1564 1565 1642
3 1642 1565 1643
3 1565 1644 1643
3 1565 1566 1644
3 1566 1567 1644
3 1644 1567 1645
3 1567 1568 1645
3 1645 1568 1646
3 1568 1569 1646
3 1646 1569 1647
3 1569 1570 1647
3 1647 1570 1648
3 1570 1571 1648
3 1648 1571 1649
3 1571 1572 1649
3 1649 1572 1650
3 1572 1573 1650
3 1650 1573 1651
3 1573 1574 1651
3 1651 1574 1652
3 1574 1575 1652
3 1652 1575 1653
3 1575 1576 1653
3 1653 1576 1654
3 1576 1577 1654
3 1654 1577 1655
3 1577 1578 1655
3 1655 1578 1656
3 1578 1579 1656
3 1656 1579 1657
3 1579 1580 1657
3 1657 1580 1658
3 1580 1581 1658
3 1658 1581 1659
3 1581 1582 1659
3 1659 1582 1660
3 1582 1583 1660
3 1660 1583 1661
3 1583 1584 1661
3 1661 1584 1662
3 1584 1585 1662
3 1662 1585 1663
3 1585 1586 1663
3 1663 1586 1664
3 1586 1665 1664
3 1586 1587 1665
3 1587 1666 1665
3 1587 1588 1666
3 1588 1589 1666
3 1666 1589 1667
3 1589 1590 1667
3 1667 1590 1668
3 1590 1591 1668
3 1668 1591 1669
3 1591 1592 1669
3 1669 1592 1670
3 1592 1593 1670
3 1670 1593 1671
3 1593 1594 1671
3 1671 1594 1672
3 1594 1595 1672
3 1672 1595 1673
3 1595 1596 1673
3 1673 1596 1674
3 1596 1597 1674
3 1674 1597 1675
3 1597 1598 1675
3 1675 1598 1676
3 1598 1599 1676
3 1676 1599 1677
3 1599 1600 1677
3 1677 1600 1678
3 1600 1601 1678
3 1678 1601 1679
3 1601 1602 1679
3 1679 1602 1680
3 1602 1603 1680
3 1680 1603 1681
3 1603 1604 1681
3 1681 1604 1682
3 1604 1605 1682
3 1682 1605 1683
3 1605 1606 1683
3 1683 1606 1684
3 1606 1607 1684
3 1684 1607 1685
3 1607 1608 1685
3 1685 1608 1686
3 1608 1609 1686
3 1686 1609 1687
3 1609 1610 1687
3 1687 1610 1688
3 1610 1611 1688
3 1688 1611 1689
3 1611 1612 1689
3 1689 1612 1690
3 1612 1613 1690
3 1690 1613 1691
3 1613 1614 1691
3 1691 1614 1692
3 1614 1615 1692
3 1692 1615 1693
3 1615 1616 1693
3 1693 1616 1694
3 1616 1617 1694
3 1694 1617 1695
3 1617 1618 1695
3 1695 1618 1696
3 1618 1619 1696
3 1696 1619 1697
3 1619 1620 1697
3 1622 1621 1698
3 1621 1699 1698
3 1621 1623 1699
3 1623 1700 1699
3 1623 1624 1700
3 1624 1701 1700
3 1624 1625 1701
3 1625 1702 1701
3 1625 1626 1702
3 1626 1703 1702
3 1626 1627 1703
3 1627 1704 1703
3 1627 1628 1704
3 1628 1705 1704
3 1628 1629 1705
3 1629 1706 1705
3 1629 1630 1706
3 1630 1707 1706
3 1630 1631 1707
3 1631 1708 1707
3 1631 1632 1708
3 1632 1709 1708
3 1632 1633 1709
3 1633 1710 1709
3 1633 1634 1710
3 1634 1711 1710
3 1634 1635 1711
3 1635 1636 1711
3 1711 1636 1712
3 1636 1637 1712
3 1712 1637 1713
3 1637 1638 1713
3 1713 1638 1714
3 1638 1639 1714
3 1714 1639 1715
3 1639 1716 1715
3 1639 1640 1716
3 1640 1717 1716
3 1640 1641 1717
3 1641 1718 1717
3 1641 1642 1718
3 1642 1719 1718
3 1642 1643 1719
3 1643 1720 1719
3 1643 1644 1720
3 1644 1721 1720
3 1644 1645 1721
3 1645 1646 1721
3 1721 1646 1722
3 1646 1647 1722
3 1722 1647 1723
3 1647 1648 1723
3 1723 1648 1724
3 1648 1649 1724
3 1724 1649 1725
3 1649 1650 1725
3 1725 1650 1726
3 1650 1651 1726
3 1726 1651 1727
3 1651 1652 1727
3 1727 1652 1728
3 1652 1653 1728
3 1728 1653 1729
3 1653 1654 1729
3 1729 1654 1730
3 1654 1655 1730
3 1730 1655 1731
3 1655 1732 1731
3 1655 1656 1732
3 1656 1733 1732
3 1656 1657 1733
3 1657 1658 1733
3 1733 1658 1734
3 1658 1659 1734
3 1734 1659 1735
3 1659 1660 1735
3 1735 1660 1736
3 1660 1661 1736
3 1736 1661 1737
3 1661 1662 1737
3 1737 1662 1738
3 1662 1663 1738
3 1738 1663 1739
3 1663 1740 1739
3 1663 1664 1740
3 1664 1741 1740
3 1664 1665 1741
3 1665 1742 1741
3 1665 1666 1742
3 1666 1743 1742
3 1666 1667 1743
3 1667 1668 1743
3 1743 1668 1744
3 1668 1669 1744
3 1744 1669 1745
3 1669 1670 1745
3 1745 1670 1746
3 1670 1671 1746
3 1746 1671 1747
3 1671 1672 1747
3 1747 1672 1748
3 1672 1673 1748
3 1748 1673 1749
3 1673 1674 1749
3 1749 1674 1750
3 1674 1675 1750
3 1750 1675 1751
3 1675 1676 1751
3 1751 1676 1752
3 1676 1677 1752
3 1752 1677 1753
3 1677 1678 1753
3 1753 1678 1754
3 1678 1679 1754
3 1754 1679 1755
3 1679 1680 1755
3 1755 1680 1756
3 1680 1681 1756
3 1756 1681 1757
3 1681 1682 1757
3 1757 1682 1758
3 1682 1683 1758
3 1758 1683 1759
3 1683 1684 1759
3 1759 1684 1760
3 1684 1685 1760
3 1760 1685 1761
3 1685 1686 1761
3 1761 1686 1762
3 1686 1687 1762
3 1762 1687 1763
3 1687 1688 1763
3 1763 1688 1764
3 1688 1689 1764
3 1764 1689 1765
3 1689 1690 1765
3 1765 1690 1766
3 1690 1691 1766
3 1766 1691 1767
3 1691 1692 1767
3 1767 1692 1768
3 1692 1693 1768
3 1768 1693 1769
3 1693 1694 1769
3 1769 1694 1770
3 1694 1695 1770
3 1770 1695 1771
3 1695 1696 1771
3 1771 1696 1772
3 1696 1697 1772
3 1772 1697 1773
3 1698 1774 1775
3 1698 1699 1774
3 1699 1776 1774
3 1699 1700 1776
3 1700 1777 1776
3 1700 1701 1777
3 1701 1778 1777
3 1701 1702 1778
3 1702 1779 1778
3 1702 1703 1779
3 1703 1780 1779
3 1703 1704 1780
3 1704 1781 1780
3 1704 1705 1781
3 1705 1782 1781
3 1705 1706 1782
3 1706 1783 1782
3 1706 1707 1783
3 1707 1784 1783
3 1707 1708 1784
3 1708 1785 1784
3 1708 1709 1785
3 1709 1786 1785
3 1709 1710 1786
3 1710 1787 1786
3 1710 1711 1787
3 1711 1712 1787
3 1787 1712 1788
3 1712 1713 1788
3 1788 1713 1789
3 1713 1714 1789
3 1789 1714 1790
3 1714 1791 1790
3 1714 1715 1791
3 1715 1792 1791
3 1715 1716 1792
3 1716 1793 1792
3 1716 1717 1793
3 1717 1794 1793
3 1717 1718 1794
3 1718 1795 1794
3 1718 1719 1795
3 1719 1796 1795
3 1719 1720 1796
3 1720 1797 1796
3 1720 1721 1797
3 1721 1798 1797
3 1721 1722 1798
3 1722 1723 1798
3 1798 1723 1799
3 1723 1800 1799
3 1723 1724 1800
3 1724 1801 1800
3 1724 1725 1801
3 1725 1802 1801
3 1725 1726 1802
3 1726 1727 1802
3 1802 1727 1803
3 1727 1728 1803
3 1803 1728 1804
3 1728 1729 1804
3 1804 1729 1805
3 1729 1730 1805
3 1805 1730 1806
3 1730 1731 1806
3 1806 1731 1807
3 1731 1732 1807
3 1807 1732 1808
3 1732 1809 1808
3 1732 1733 1809
3 1733 1734 1809
3 1809 1734 1810
3 1734 1735 1810
3 1810 1735 1811
3 1735 1736 1811
3 1811 1736 1812
3 1736 1737 1812
3 1812 1737 1813
3 1737 1738 1813
3 1813 1738 1814
3 1738 1739 1814
3 1814 1739 1815
3 1739 1740 1815
3 1815 1740 1816
3 1740 1817 1816
3 1740 1741 1817
3 1741 1742 1817
3 1817 1742 1818
3 1742 1743 1818
3 1818 1743 1819
3 1743 1744 1819
3 1819 1744 1820
3 1744 1745 1820
3 1820 1745 1821
3 1745 1746 1821
3 1821 1746 1822
3 1746 1747 1822
3 1822 1747 1823
3 1747 1748 1823
3 1823 1748 1824
3 1748 1749 1824
3 1824 1749 1825
3 1749 1750 1825
3 1825 1750 1826
3 1750 1751 1826
3 1826 1751 1827
3 1751 1752 1827
3 1827 1752 1828
3 1752 1753 1828
3 1828 1753 1829
3 1753 1754 1829
3 1829 1754 1830
3 1754 1755 1830
3 1830 1755 1831
3 1755 1756 1831
3 1831 1756 1832
3 1756 1757 1832
3 1832 1757 1833
3 1757 1758 1833
3 1833 1758 1834
3 1758 1759 1834
3 1834 1759 1835
3 1759 1760 1835
3 1835 1760 1836
3 1760 1761 1836
3 1836 1761 1837
3 1761 1762 1837
3 1837 1762 1838
3 1762 1763 1838
3 1838 1763 1839
3 1763 1764 1839
3 1839 1764 1840
3 1764 1765 1840
3 1840 1765 1841
3 1765 1766 1841
3 1841 1766 1842
3 1766 1767 1842
3 1842 1767 1843
3 1767 1768 1843
3 1843 1768 1844
3 1768 1769 1844
3 1844 1769 1845
3 1769 1770 1845
3 1845 1770 1846
3 1770 1771 1846
3 1846 1771 1847
3 1771 1772 1847
3 1847 1772 1848
3 1772 1773 1848
3 1775 1774 1849
3 1774 1850 1849
3 1774 1776 1850
3 1776 1851 1850
3 1776 1777 1851
3 1777 1852 1851
3 1777 1778 1852
3 1778 1853 1852
3 1778 1779 1853
3 1779 1854 1853
3 1779 1780 1854
3 1780 1855 1854
3 1780 1781 1855
3 1781 1856 1855
3 1781 1782 1856
3 1782 1857 1856
3 1782 1783 1857
3 1783 1858 1857
3 1783 1784 1858
3 1784 1859 1858
3 1784 1785 1859
3 1785 1860 1859
3 1785 1786 1860
3 1786 1861 1860
3 1786 1787 1861
3 1787 1862 1861
3 1787 1788 1862
3 1788 1863 1862
3 1788 1789 1863
3 1789 1864 1863
3 1789 1790 1864
3 1790 1865 1864
3 1790 1791 1865
3 1791 1866 1865
3 1791 1792 1866
3 1792 1867 1866
3 1792 1793 1867
3 1793 1868 1867
3 1793 1794 1868
3 1794 1869 1868
3 1794 1795 1869
3 1795 1870 1869
3 1795 1796 1870
3 1796 1871 1870
3 1796 1797 1871
3 1797 1872 1871
3 1797 1798 1872
3 1798 1873 1872
3 1798 1799 1873
3 1799 1874 1873
3 1799 1800 1874
3 1800 1875 1874
3 1800 1801 1875
3 1801 1876 1875
3 1801 1802 1876
3 1802 1877 1876
3 1802 1803 1877
3 1803 1804 1877
3 1877 1804 1878
3 1804 1805 1878
3 1878 1805 1879
3 1805 1806 1879
3 1879 1806 1880
3 1806 1807 1880
3 1880 1807 1881
3 1807 1808 1881
3 1881 1808 1882
3 1808 1883 1882
3 1808 1809 1883
3 1809 1884 1883
3 1809 1810 1884
3 1810 1885 1884
3 1810 1811 1885
3 1811 1886 1885
3 1811 1812 1886
3 1812 1813 1886
3 1886 1813 1887
3 1813 1814 1887
3 1887 1814 1888
3 1814 1815 1888
3 1888 1815 1889
3 1815 1890 1889
3 1815 1816 1890
3 1816 1891 1890
3 1816 1817 1891
3 1817 1892 1891
3 1817 1818 1892
3 1818 1893 1892
3 1818 1819 1893
3 1819 1820 1893
3 1893 1820 1894
3 1820 1821 1894
3 1894 1821 1895
3 1821 1822 1895
3 1895 1822 1896
3 1822 1823 1896
3 1896 1823 1897
3 1823 1824 1897
3 1897 1824 1898
3 1824 1825 1898
3 1898 1825 1899
3 1825 1826 1899
3 1899 1826 1900
3 1826 1827 1900
3 1900 1827 1901
3 1827 1828 1901
3 1901 1828 1902
3 1828 1829 1902
3 1902 1829 1903
3 1829 1830 1903
3 1903 1830 1904
3 1830 1831 1904
3 1904 1831 1905
3 1831 1832 1905
3 1905 1832 1906
3 1832 1833 1906
3 1906 1833 1907
3 1833 1834 1907
3 1907 1834 1908
3 1834 1835 1908
3 1908 1835 1909
3 1835 1836 1909
3 1909 1836 1910
3 1836 1837 1910
3 1910 1837 1911
3 1837 1838 1911
3 1911 1838 1912
3 1838 1839 1912
3 1912 1839 1913
3 1839 1840 1913
3 1913 1840 1914
3 1840 1841 1914
3 1914 1841 1915
3 1841 1842 1915
3 1915 1842 1916
3 1842 1843 1916
3 1916 1843 1917
3 1843 1844 1917
3 1917 1844 1918
3 1844 1845 1918
3 1918 1845 1919
3 1845 1846 1919
3 1919 1846 1920
3 1846 1847 1920
3 1920 1847 1921
3 1847 1848 1921
3 1921 1848 1922
3 1923 1849 1924
3 1849 1925 1924
3 1849 1850 1925
3 1850 1926 1925
3 1850 1851 1926
3 1851 1927 1926
3 1851 1852 1927
3 1852 1928 1927
3 1852 1853 1928
3 1853 1929 1928
3 1853 1854 1929
3 1854 1930 1929
3 1854 1855 1930
3 1855 1931 1930
3 1855 1856 1931
3 1856 1932 1931
3 1856 1857 1932
3 1857 1933 1932
3 1857 1858 1933
3 1858 1934 1933
3 1858 1859 1934
3 1859 1935 1934
3 1859 1860 1935
3 1860 1936 1935
3 1860 1861 1936
3 1861 1937 1936
3 1861 1862 1937
3 1862 1938 1937
3 1862 1863 1938
3 1863 1939 1938
3 1863 1864 1939
3 1864 1940 1939
3 1864 1865 1940
3 1865 1941 1940
3 1865 1866 1941
3 1866 1942 1941
3 1866 1867 1942
3 1867 1943 1942
3 1867 1868 1943
3 1868 1944 1943
3 1868 1869 1944
3 1869 1945 1944
3 1869 1870 1945
3 1870 1946 1945
3 1870 1871 1946
3 1871 1947 1946
3 1871 1872 1947
3 1872 1948 1947
3 1872 1873 1948
3 1873 1949 1948
3 1873 1874 1949
3 1874 1950 1949
3 1874 1875 1950
3 1875 1951 1950
3 1875 1876 1951
3 1876 1952 1951
3 1876 1877 1952
3 1877 1953 1952
3 1877 1878 1953
3 1878 1879 1953
3 1953 1879 1954
3 1879 1880 1954
3 1954 1880 1955
3 1880 1881 1955
3 1955 1881 1956
3 1881 1882 1956
3 1956 1882 1957
3 1882 1958 1957
3 1882 1883 1958
3 1883 1959 1958
3 1883 1884 1959
3 1884 1960 1959
3 1884 1885 1960
3 1885 1961 1960
3 1885 1886 1961
3 1886 1962 1961
3 1886 1887 1962
3 1887 1963 1962
3 1887 1888 1963
3 1888 1964 1963
3 1888 1889 1964
3 1889 1965 1964
3 1889 1890 1965
3 1890 1966 1965
3 1890 1891 1966
3 1891 1967 1966
3 1891 1892 1967
3 1892 1968 1967
3 1892 1893 1968
3 1893 1969 1968
3 1893 1894 1969
3 1894 1895 1969
3 1969 1895 1970
3 1895 1896 1970
3 1970 1896 1971
3 1896 1897 1971
3 1971 1897 1972
3 1897 1898 1972
3 1972 1898 1973
3 1898 1899 1973
3 1973 1899 1974
3 1899 1900 1974
3 1974 1900 1975
3 1900 1901 1975
3 1975 1901 1976
3 1901 1902 1976
3 1976 1902 1977
3 1902 1903 1977
3 1977 1903 1978
3 1903 1904 1978
3 1978 1904 1979
3 1904 1905 1979
3 1979 1905 1980
3 1905 1981 1980
3 1905 1906 1981
3 1906 1982 1981
3 1906 1907 1982
3 1907 1908 1982
3 1982 1908 1983
3 1908 1984 1983
3 1908 1909 1984
3 1909 1985 1984
3 1909 1910 1985
3 1910 1986 1985
3 1910 1911 1986
3 1911 1987 1986
3 1911 1912 1987
3 1912 1988 1987
3 1912 1913 1988
3 1913 1989 1988
3 1913 1914 1989
3 1914 1915 1989
3 1989 1915 1990
3 1915 1916 1990
3 1990 1916 1991
3 1916 1917 1991
3 1991 1917 1992
3 1917 1918 1992
3 1992 1918 1993
3 1918 1919 1993
3 1993 1919 1994
3 1919 1920 1994
3 1994 1920 1995
3 1920 1921 1995
3 1995 1921 1996
3 1921 1922 1996
3 1996 1922 1997
3 1924 1998 1999
3 1924 1925 1998
3 1925 2000 1998
3 1925 1926 2000
3 1926 2001 2000
3 1926 1927 2001
3 1927 2002 2001
3 1927 1928 2002
3 1928 2003 2002
3 1928 1929 2003
3 1929 2004 2003
3 1929 1930 2004
3 1930 2005 2004
3 1930 1931 2005
3 1931 2006 2005
3 1931 1932 2006
3 1932 2007 2006
3 1932 1933 2007
3 1933 2008 2007
3 1933 1934 2008
3 1934 2009 2008
3 1934 1935 2009
3 1935 2010 2009
3 1935 1936 2010
3 1936 2011 2010
3 1936 1937 2011
3 1937 1938 2011
3 2011 1938 2012
3 1938 2013 2012
3 1938 1939 2013
3 1939 2014 2013
3 1939 1940 2014
3 1940 2015 2014
3 1940 1941 2015
3 1941 2016 2015
3 1941 1942 2016
3 1942 2017 2016
3 1942 1943 2017
3 1943 2018 2017
3 1943 1944 2018
3 1944 2019 2018
3 1944 1945 2019
3 1945 2020 2019
3 1945 1946 2020
3 1946 2021 2020
3 1946 1947 2021
3 1947 2022 2021
3 1947 1948 2022
3 1948 2023 2022
3 1948 1949 2023
3 1949 2024 2023
3 1949 1950 2024
3 1950 2025 2024
3 1950 1951 2025
3 1951 2026 2025
3 1951 1952 2026
3 1952 2027 2026
3 1952 1953 2027
3 1953 1954 2027
3 2027 1954 2028
3 1954 1955 2028
3 2028 1955 2029
3 1955 1956 2029
3 2029 1956 2030
3 1956 1957 2030
3 2030 1957 2031
3 1957 2032 2031
3 1957 1958 2032
3 1958 2033 2032
3 1958 1959 2033
3 1959 2034 2033
3 1959 1960 2034
3 1960 2035 2034
3 1960 1961 2035
3 1961 2036 2035
3 1961 1962 2036
3 1962 2037 2036
3 1962 1963 2037
3 1963 2038 2037
3 1963 1964 2038
3 1964 2039 2038
3 1964 1965 2039
3 1965 2040 2039
3 1965 1966 2040
3 1966 2041 2040
3 1966 1967 2041
3 1967 2042 2041
3 1967 1968 2042
3 1968 2043 2042
3 1968 1969 2043
3 1969 1970 2043
3 2043 1970 2044
3 1970 1971 2044
3 2044 1971 2045
3 1971 1972 2045
3 2045 1972 2046
3 1972 1973 2046
3 2046 1973 2047
3 1973 1974 2047
3 2047 1974 2048
3 1974 1975 2048
3 2048 1975 2049
3 1975 1976 2049
3 2049 1976 2050
3 1976 1977 2050
3 2050 1977 2051
3 1977 1978 2051
3 2051 1978 2052
3 1978 1979 2052
3 2052 1979 2053
3 1979 1980 2053
3 2053 1980 2054
3 1980 2055 2054
3 1980 1981 2055
3 1981 2056 2055
3 1981 1982 2056
3 1982 1983 2056
3 2056 1983 2057
3 1983 2058 2057
3 1983 1984 2058
3 1984 2059 2058
3 1984 1985 2059
3 1985 2060 2059
3 1985 1986 2060
3 1986 2061 2060
3 1986 1987 2061
3 1987 2062 2061
3 1987 1988 2062
3 1988 2063 2062
3 1988 1989 2063
3 1989 1990 2063
3 2063 1990 2064
3 1990 1991 2064
3 2064 1991 2065
3 1991 1992 2065
3 2065 1992 2066
3 1992 1993 2066
3 2066 1993 2067
3 1993 1994 2067
3 2067 1994 2068
3 1994 1995 2068
3 2068 1995 2069
3 1995 1996 2069
3 2069 1996 2070
3 1996 1997 2070
3 2070 1997 2071
3 1999 1998 2072
3 1998 2073 2072
3 1998 2000 2073
3 2000 2074 2073
3 2000 2001 2074
3 2001 2075 2074
3 2001 2002 2075
3 2002 2076 2075
3 2002 2003 2076
3 2003 2077 2076
3 2003 2004 2077
3 2004 2078 2077
3 2004 2005 2078
3 2005 2079 2078
3 2005 2006 2079
3 2006 2080 2079
3 2006 2007 2080
3 2007 2081 2080
3 2007 2008 2081
3 2008 2082 2081
3 2008 2009 2082
3 2009 2083 2082
3 2009 2010 2083
3 2010 2011 2083
3 2083 2011 2084
3 2011 2012 2084
3 2084 2012 2085
3 2012 2013 2085
3 2085 2013 2086
3 2013 2087 2086
3 2013 2014 2087
3 2014 2088 2087
3 2014 2015 2088
3 2015 2089 2088
3 2015 2016 2089
3 2016 2090 2089
3 2016 2017 2090
3 2017 2091 2090
3 2017 2018 2091
3 2018 2092 2091
3 2018 2019 2092
3 2019 2093 2092
3 2019 2020 2093
3 2020 2094 2093
3 2020 2021 2094
3 2021 2095 2094
3 2021 2022 2095
3 2022 2096 2095
3 2022 2023 2096
3 2023 2097 2096
3 2023 2024 2097
3 2024 2098 2097
3 2024 2025 2098
3 2025 2099 2098
3 2025 2026 2099
3 2026 2027 2099
3 2099 2027 2100
3 2027 2028 2100
3 2100 2028 2101
3 2028 2029 2101
3 2101 2029 2102
3 2029 2030 2102
3 2102 2030 2103
3 2030 2031 2103
3 2103 2031 2104
3 2031 2032 2104
3 2104 2032 2105
3 2032 2033 2105
3 2105 2033 2106
3 2033 2034 2106
3 2106 2034 2107
3 2034 2035 2107
3 2107 2035 2108
3 2035 2109 2108
3 2035 2036 2109
3 2036 2110 2109
3 2036 2037 2110
3 2037 2111 2110
3 2037 2038 2111
3 2038 2112 2111
3 2038 2039 2112
3 2039 2113 2112
3 2039 2040 2113
3 2040 2114 2113
3 2040 2041 2114
3 2041 2115 2114
3 2041 2042 2115
3 2042 2043 2115
3 2115 2043 2116
3 2043 2044 2116
3 2116 2044 2117
3 2044 2045 2117
3 2117 2045 2118
3 2045 2046 2118
3 2118 2046 2119
3 2046 2047 2119
3 2119 2047 2120
3 2047 2048 2120
3 2120 2048 2121
3 2048 2049 2121
3 2121 2049 2122
3 2049 2050 2122
3 2122 2050 2123
3 2050 2051 2123
3 2123 2051 2124
3 2051 2052 2124
3 2124 2052 2125
3 2052 2053 2125
3 2125 2053 2126
3 2053 2054 2126
3 2126 2054 2127
3 2054 2055 2127
3 2127 2055 2128
3 2055 2056 2128
3 2128 2056 2129
3 2056 2057 2129
3 2129 2057 2130
3 2057 2058 2130
3 2130 2058 2131
3 2058 2059 2131
3 2131 2059 2132
3 2059 2060 2132
3 2132 2060 2133
3 2060 2061 2133
3 2133 2061 2134
3 2061 2062 2134
3 2134 2062 2135
3 2062 2063 2135
3 2135 2063 2136
3 2063 2064 2136
3 2136 2064 2137
3 2064 2065 2137
3 2137 2065 2138
3 2065 2066 2138
3 2138 2066 2139
3 2066 2067 2139
3 2139 2067 2140
3 2067 2068 2140
3 2140 2068 2141
3 2068 2069 2141
3 2141 2069 2142
3 2069 2070 2142
3 2142 2070 2143
3 2070 2071 2143
3 2143 2071 2144
3 2072 2145 2146
3 2072 2073 2145
3 2073 2147 2145
3 2073 2074 2147
3 2074 2148 2147
3 2074 2075 2148
3 2075 2149 2148
3 2075 2076 2149
3 2076 2150 2149
3 2076 2077 2150
3 2077 2151 2150
3 2077 2078 2151
3 2078 2152 2151
3 2078 2079 2152
3 2079 2153 2152
3 2079 2080 2153
3 2080 2154 2153
3 2080 2081 2154
3 2081 2155 2154
3 2081 2082 2155
3 2082 2156 2155
3 2082 2083 2156
3 2083 2084 2156
3 2156 2084 2157
3 2084 2085 2157
3 2157 2085 2158
3 2085 2086 2158
3 2158 2086 2159
3 2086 2087 2159
3 2159 2087 2160
3 2087 2161 2160
3 2087 2088 2161
3 2088 2162 2161
3 2088 2089 2162
3 2089 2163 2162
3 2089 2090 2163
3 2090 2164 2163
3 2090 2091 2164
3 2091 2165 2164
3 2091 2092 2165
3 2092 2166 2165
3 2092 2093 2166
3 2093 2094 2166
3 2166 2094 2167
3 2094 2095 2167
3 2167 2095 2168
3 2095 2169 2168
3 2095 2096 2169
3 2096 2170 2169
3 2096 2097 2170
3 2097 2171 2170
3 2097 2098 2171
3 2098 2172 2171
3 2098 2099 2172
3 2099 2100 2172
3 2172 2100 2173
3 2100 2101 2173
3 2173 2101 2174
3 2101 2102 2174
3 2174 2102 2175
3 2102 2103 2175
3 2175 2103 2176
3 2103 2104 2176
3 2176 2104 2177
3 2104 2105 2177
3 2177 2105 2178
3 2105 2106 2178
3 2178 2106 2179
3 2106 2107 2179
3 2179 2107 2180
3 2107 2108 2180
3 2180 2108 2181
3 2108 2109 2181
3 2181 2109 2182
3 2109 2110 2182
3 2182 2110 2183
3 2110 2111 2183
3 2183 2111 2184
3 2111 2185 2184
3 2111 2112 2185
3 2112 2186 2185
3 2112 2113 2186
3 2113 2187 2186
3 2113 2114 2187
3 2114 2115 2187
3 2187 2115 2188
3 2115 2116 2188
3 2188 2116 2189
3 2116 2117 2189
3 2189 2117 2190
3 2117 2118 2190
3 2190 2118 2191
3 2118 2119 2191
3 2191 2119 2192
3 2119 2120 2192
3 2192 2120 2193
3 2120 2121 2193
3 2193 2121 2194
3 2121 2122 2194
3 2194 2122 2195
3 2122 2123 2195
3 2195 2123 2196
3 2123 2124 2196
3 2196 2124 2197
3 2124 2125 2197
3 2197 2125 2198
3 2125 2126 2198
3 2198 2126 2199
3 2126 2127 2199
3 2199 2127 2200
3 2127 2128 2200
3 2200 2128 2201
3 2128 2129 2201
3 2201 2129 2202
3 2129 2130 2202
3 2202 2130 2203
3 2130 2131 2203
3 2203 2131 2204
3 2131 2132 2204
3 2204 2132 2205
3 2132 2133 2205
3 2205 2133 2206
3 2133 2134 2206
3 2206 2134 2207
3 2134 2135 2207
3 2207 2135 2208
3 2135 2136 2208
3 2208 2136 2209
3 2136 2137 2209
3 2209 2137 2210
3 2137 2138 2210
3 2210 2138 2211
3 2138 2139 2211
3 2211 2139 2212
3 2139 2140 2212
3 2212 2140 2213
3 2140 2141 2213
3 2213 2141 2214
3 2141 2142 2214
3 2214 2142 2215
3 2142 2143 2215
3 2215 2143 2216
3 2143 2144 2216
3 2216 2144 2217
3 2146 2145 2218
3 2218 2145 2219
3 2145 2220 2219
3 2145 2147 2220
3 2147 2221 2220
3 2147 2148 2221
3 2148 2222 2221
3 2148 2149 2222
3 2149 2223 2222
3 2149 2150 2223
3 2150 2224 2223
3 2150 2151 2224
3 2151 2225 2224
3 2151 2152 2225
3 2152 2226 2225
3 2152 2153 2226
3 2153 2227 2226
3 2153 2154 2227
3 2154 2228 2227
3 2154 2155 2228
3 2155 2229 2228
3 2155 2156 2229
3 2156 2157 2229
3 2229 2157 2230
3 2157 2158 2230
3 2230 2158 2231
3 2158 2159 2231
3 2231 2159 2232
3 2159 2233 2232
3 2159 2160 2233
3 2160 2234 2233
3 2160 2161 2234
3 2161 2235 2234
3 2161 2162 2235
3 2162 2236 2235
3 2162 2163 2236
3 2163 2237 2236
3 2163 2164 2237
3 2164 2238 2237
3 2164 2165 2238
3 2165 2239 2238
3 2165 2166 2239
3 2166 2240 2239
3 2166 2167 2240
3 2167 2168 2240
3 2240 2168 2241
3 2168 2242 2241
3 2168 2169 2242
3 2169 2243 2242
3 2169 2170 2243
3 2170 2244 2243
3 2170 2171 2244
3 2171 2245 2244
3 2171 2172 2245
3 2172 2173 2245
3 2245 2173 2246
3 2173 2174 2246
3 2246 2174 2247
3 2174 2175 2247
3 2247 2175 2248
3 2175 2176 2248
3 2248 2176 2249
3 2176 2177 2249
3 2249 2177 2250
3 2177 2178 2250
3 2250 2178 2251
3 2178 2179 2251
3 2251 2179 2252
3 2179 2180 2252
3 2252 2180 2253
3 2180 2181 2253
3 2253 2181 2254
3 2181 2182 2254
3 2254 2182 2255
3 2182 2183 2255
3 2255 2183 2256
3 2183 2184 2256
3 2256 2184 2257
3 2184 2258 2257
3 2184 2185 2258
3 2185 2259 2258
3 2185 2186 2259
3 2186 2260 2259
3 2186 2187 2260
3 2187 2261 2260
3 2187 2188 2261
3 2188 2189 2261
3 2261 2189 2262
3 2189 2190 2262
3 2262 2190 2263
3 2190 2191 2263
3 2263 2191 2264
3 2191 2192 2264
3 2264 2192 2265
3 2192 2193 2265
3 2265 2193 2266
3 2193 2194 2266
3 2266 2194 2267
3 2194 2195 2267
3 2267 2195 2268
3 2195 2196 2268
3 2268 2196 2269
3 2196 2197 2269
3 2269 2197 2270
3 2197 2198 2270
3 2270 2198 2271
3 2198 2199 2271
3 2271 2199 2272
3 2199 2200 2272
3 2272 2200 2273
3 2200 2201 2273
3 2273 2201 2274
3 2201 2202 2274
3 2274 2202 2275
3 2202 2203 2275
3 2275 2203 2276
3 2203 2204 2276
3 2276 2204 2277
3 2204 2205 2277
3 2277 2205 2278
3 2205 2206 2278
3 2278 2206 2279
3 2206 2207 2279
3 2279 2207 2280
3 2207 2208 2280
3 2280 2208 2281
3 2208 2282 2281
3 2208 2209 2282
3 2209 2210 2282
3 2282 2210 2283
3 2210 2211 2283
3 2283 2211 2284
3 2211 2212 2284
3 2284 2212 2285
3 2212 2213 2285
3 2285 2213 2286
3 2213 2214 2286
3 2286 2214 2287
3 2214 2215 2287
3 2287 2215 2288
3 2215 2216 2288
3 2288 2216 2289
3 2216 2217 2289
3 2289 2217 2290
3 2218 2219 2291
3 2291 2219 2292
3 2219 2293 2292
3 2219 2220 2293
3 2220 2294 2293
3 2220 2221 2294
3 2221 2295 2294
3 2221 2222 2295
3 2222 2296 2295
3 2222 2223 2296
3 2223 2297 2296
3 2223 2224 2297
3 2224 2298 2297
3 2224 2225 2298
3 2225 2299 2298
3 2225 2226 2299
3 2226 2300 2299
3 2226 2227 2300
3 2227 2301 2300
3 2227 2228 2301
3 2228 2302 2301
3 2228 2229 2302
3 2229 2230 2302
3 2302 2230 2303
3 2230 2231 2303
3 2303 2231 2304
3 2231 2232 2304
3 2304 2232 2305
3 2232 2233 2305
3 2305 2233 2306
3 2233 2307 2306
3 2233 2234 2307
3 2234 2308 2307
3 2234 2235 2308
3 2235 2309 2308
3 2235 2236 2309
3 2236 2310 2309
3 2236 2237 2310
3 2237 2311 2310
3 2237 2238 2311
3 2238 2312 2311
3 2238 2239 2312
3 2239 2313 2312
3 2239 2240 2313
3 2240 2241 2313
3 2313 2241 2314
3 2241 2315 2314
3 2241 2242 2315
3 2242 2316 2315
3 2242 2243 2316
3 2243 2317 2316
3 2243 2244 2317
3 2244 2318 2317
3 2244 2245 2318
3 2245 2246 2318
3 2318 2246 2319
3 2246 2247 2319
3 2319 2247 2320
3 2247 2248 2320
3 2320 2248 2321
3 2248 2249 2321
3 2321 2249 2322
3 2249 2250 2322
3 2322 2250 2323
3 2250 2251 2323
3 2323 2251 2324
3 2251 2252 2324
3 2324 2252 2325
3 2252 2253 2325
3 2325 2253 2326
3 2253 2254 2326
3 2326 2254 2327
3 2254 2255 2327
3 2327 2255 2328
3 2255 2256 2328
3 2328 2256 2329
3 2256 2257 2329
3 2329 2257 2330
3 2257 2331 2330
3 2257 2258 2331
3 2258 2332 2331
3 2258 2259 2332
3 2259 2333 2332
3 2259 2260 2333
3 2260 2261 2333
3 2333 2261 2334
3 2261 2262 2334
3 2334 2262 2335
3 2262 2263 2335
3 2335 2263 2336
3 2263 2264 2336
3 2336 2264 2337
3 2264 2265 2337
3 2337 2265 2338
3 2265 2266 2338
3 2338 2266 2339
3 2266 2267 2339
3 2339 2267 2340
3 2267 2268 2340
3 2340 2268 2341
3 2268 2269 2341
3 2341 2269 2342
3 2269 2270 2342
3 2342 2270 2343
3 2270 2271 2343
3 2343 2271 2344
3 2271 2272 2344
3 2344 2272 2345
3 2272 2273 2345
3 2345 2273 2346
3 2273 2274 2346
3 2346 2274 2347
3 2274 2275 2347
3 2347 2275 2348
3 2275 2276 2348
3 2348 2276 2349
3 2276 2277 2349
3 2349 2277 2350
3 2277 2278 2350
3 2350 2278 2351
3 2278 2279 2351
3 2351 2279 2352
3 2279 2353 2352
3 2279 2280 2353
3 2280 2354 2353
3 2280 2281 2354
3 2281 2355 2354
3 2281 2282 2355
3 2282 2283 2355
3 2355 2283 2356
3 2283 2284 2356
3 2356 2284 2357
3 2284 2285 2357
3 2357 2285 2358
3 2285 2286 2358
3 2358 2286 2359
3 2286 2287 2359
3 2359 2287 2360
3 2287 2288 2360
3 2360 2288 2361
3 2288 2289 2361
3 2361 2289 2362
3 2289 2290 2362
3 2362 2290 2363
3 2291 2364 2365
3 2291 2292 2364
3 2292 2366 2364
3 2292 2293 2366
3 2293 2367 2366
3 2293 2294 2367
3 2294 2368 2367
3 2294 2295 2368
3 2295 2369 2368
3 2295 2296 2369
3 2296 2370 2369
3 2296 2297 2370
3 2297 2371 2370
3 2297 2298 2371
3 2298 2372 2371
3 2298 2299 2372
3 2299 2373 2372
3 2299 2300 2373
3 2300 2374 2373
3 2300 2301 2374
3 2301 2375 2374
3 2301 2302 2375
3 2302 2303 2375
3 2375 2303 2376
3 2303 2304 2376
3 2376 2304 2377
3 2304 2305 2377
3 2377 2305 2378
3 2305 2379 2378
3 2305 2306 2379
3 2306 2380 2379
3 2306 2307 2380
3 2307 2381 2380
3 2307 2308 2381
3 2308 2382 2381
3 2308 2309 2382
3 2309 2383 2382
3 2309 2310 2383
3 2310 2384 2383
3 2310 2311 2384
3 2311 2385 2384
3 2311 2312 2385
3 2312 2386 2385
3 2312 2313 2386
3 2313 2387 2386
3 2313 2314 2387
3 2314 2388 2387
3 2314 2315 2388
3 2315 2389 2388
3 2315 2316 2389
3 2316 2390 2389
3 2316 2317 2390
3 2317 2391 2390
3 2317 2318 2391
3 2318 2392 2391
3 2318 2319 2392
3 2319 2320 2392
3 2392 2320 2393
3 2320 2321 2393
3 2393 2321 2394
3 2321 2322 2394
3 2394 2322 2395
3 2322 2323 2395
3 2395 2323 2396
3 2323 2324 2396
3 2396 2324 2397
3 2324 2325 2397
3 2397 2325 2398
3 2325 2326 2398
3 2398 2326 2399
3 2326 2400 2399
3 2326 2327 2400
3 2327 2401 2400
3 2327 2328 2401
3 2328 2402 2401
3 2328 2329 2402
3 2329 2403 2402
3 2329 2330 2403
3 2330 2404 2403
3 2330 2331 2404
3 2331 2405 2404
3 2331 2332 2405
3 2332 2406 2405
3 2332 2333 2406
3 2333 2407 2406
3 2333 2334 2407
3 2334 2335 2407
3 2407 2335 2408
3 2335 2336 2408
3 2408 2336 2409
3 2336 2337 2409
3 2409 2337 2410
3 2337 2338 2410
3 2410 2338 2411
3 2338 2339 2411
3 2411 2339 2412
3 2339 2340 2412
3 2412 2340 2413
3 2340 2341 2413
3 2413 2341 2414
3 2341 2342 2414
3 2414 2342 2415
3 2342 2343 2415
3 2415 2343 2416
3 2343 2344 2416
3 2416 2344 2417
3 2344 2345 2417
3 2417 2345 2418
3 2345 2346 2418
3 2418 2346 2419
3 2346 2420 2419
3 2346 2347 2420
3 2347 2348 2420
3 2420 2348 2421
3 2348 2349 2421
3 2421 2349 2422
3 2349 2350 2422
3 2422 2350 2423
3 2350 2351 2423
3 2423 2351 2424
3 2351 2352 2424
3 2424 2352 2425
3 2352 2426 2425
3 2352 2353 2426
3 2353 2427 2426
3 2353 2354 2427
3 2354 2428 2427
3 2354 2355 2428
3 2355 2356 2428
3 2428 2356 2429
3 2356 2357 2429
3 2429 2357 2430
3 2357 2358 2430
3 2430 2358 2431
3 2358 2359 2431
3 2431 2359 2432
3 2359 2360 2432
3 2432 2360 2433
3 2360 2361 2433
3 2433 2361 2434
3 2361 2362 2434
3 2434 2362 2435
3 2362 2363 2435
3 2435 2363 2436
3 2365 2364 2437
3 2364 2438 2437
3 2364 2366 2438
3 2366 2439 2438
3 2366 2367 2439
3 2367 2440 2439
3 2367 2368 2440
3 2368 2441 2440
3 2368 2369 2441
3 2369 2442 2441
3 2369 2370 2442
3 2370 2443 2442
3 2370 2371 2443
3 2371 2444 2443
3 2371 2372 2444
3 2372 2445 2444
3 2372 2373 2445
3 2373 2446 2445
3 2373 2374 2446
3 2374 2447 2446
3 2374 2375 2447
3 2375 2448 2447
3 2375 2376 2448
3 2376 2377 2448
3 2448 2377 2449
3 2377 2450 2449
3 2377 2378 2450
3 2378 2451 2450
3 2378 2379 2451
3 2379 2452 2451
3 2379 2380 2452
3 2380 2453 2452
3 2380 2381 2453
3 2381 2454 2453
3 2381 2382 2454
3 2382 2455 2454
3 2382 2383 2455
3 2383 2456 2455
3 2383 2384 2456
3 2384 2457 2456
3 2384 2385 2457
3 2385 2458 2457
3 2385 2386 2458
3 2386 2459 2458
3 2386 2387 2459
3 2387 2460 2459
3 2387 2388 2460
3 2388 2461 2460
3 2388 2389 2461
3 2389 2462 2461
3 2389 2390 2462
3 2390 2463 2462
3 2390 2391 2463
3 2391 2464 2463
3 2391 2392 2464
3 2392 2393 2464
3 2464 2393 2465
3 2393 2394 2465
3 2465 2394 2466
3 2394 2395 2466
3 2466 2395 2467
3 2395 2396 2467
3 2467 2396 2468
3 2396 2397 2468
3 2468 2397 2469
3 2397 2470 2469
3 2397 2398 2470
3 2398 2471 2470
3 2398 2399 2471
3 2399 2472 2471
3 2399 2400 2472
3 2400 2473 2472
3 2400 2401 2473
3 2401 2474 2473
3 2401 2402 2474
3 2402 2475 2474
3 2402 2403 2475
3 2403 2476 2475
3 2403 2404 2476
3 2404 2477 2476
3 2404 2405 2477
3 2405 2478 2477
3 2405 2406 2478
3 2406 2479 2478
3 2406 2407 2479
3 2407 2408 2479
3 2479 2408 2480
3 2408 2409 2480
3 2480 2409 2481
3 2409 2410 2481
3 2481 2410 2482
3 2410 2411 2482
3 2482 2411 2483
3 2411 2412 2483
3 2483 2412 2484
3 2412 2413 2484
3 2484 2413 2485
3 2413 2414 2485
3 2485 2414 2486
3 2414 2415 2486
3 2486 2415 2487
3 2415 2416 2487
3 2487 2416 2488
3 2416 2417 2488
3 2488 2417 2489
3 2417 2418 2489
3 2489 2418 2490
3 2418 2419 2490
3 2490 2419 2491
3 2419 2492 2491
3 2419 2420 2492
3 2420 2421 2492
3 2492 2421 2493
3 2421 2422 2493
3 2493 2422 2494
3 2422 2495 2494
3 2422 2423 2495
3 2423 2424 2495
3 2495 2424 2496
3 2424 2497 2496
3 2424 2425 2497
3 2425 2426 2497
3 2497 2426 2498
3 2426 2427 2498
3 2498 2427 2499
3 2427 2500 2499
3 2427 2428 2500
3 2428 2429 2500
3 2500 2429 2501
3 2429 2430 2501
3 2501 2430 2502
3 2430 2431 2502
3 2502 2431 2503
3 2431 2432 2503
3 2503 2432 2504
3 2432 2433 2504
3 2504 2433 2505
3 2433 2434 2505
3 2505 2434 2506
3 2434 2435 2506
3 2506 2435 2507
3 2435 2436 2507
3 2507 2436 2508
3 2437 2509 2510
3 2437 2438 2509
3 2438 2511 2509
3 2438 2439 2511
3 2439 2512 2511
3 2439 2440 2512
3 2440 2513 2512
3 2440 2441 2513
3 2441 2514 2513
3 2441 2442 2514
3 2442 2515 2514
3 2442 2443 2515
3 2443 2516 2515
3 2443 2444 2516
3 2444 2517 2516
3 2444 2445 2517
3 2445 2518 2517
3 2445 2446 2518
3 2446 2519 2518
3 2446 2447 2519
3 2447 2520 2519
3 2447 2448 2520
3 2448 2449 2520
3 2520 2449 2521
3 2449 2522 2521
3 2449 2450 2522
3 2450 2523 2522
3 2450 2451 2523
3 2451 2524 2523
3 2451 2452 2524
3 2452 2525 2524
3 2452 2453 2525
3 2453 2526 2525
3 2453 2454 2526
3 2454 2527 2526
3 2454 2455 2527
3 2455 2528 2527
3 2455 2456 2528
3 2456 2529 2528
3 2456 2457 2529
3 2457 2530 2529
3 2457 2458 2530
3 2458 2531 2530
3 2458 2459 2531
3 2459 2532 2531
3 2459 2460 2532
3 2460 2533 2532
3 2460 2461 2533
3 2461 2534 2533
3 2461 2462 2534
3 2462 2535 2534
3 2462 2463 2535
3 2463 2536 2535
3 2463 2464 2536
3 2464 2465 2536
3 2536 2465 2537
3 2465 2466 2537
3 2537 2466 2538
3 2466 2467 2538
3 2538 2467 2539
3 2467 2468 2539
3 2539 2468 2540
3 2468 2469 2540
3 2540 2469 2541
3 2469 2542 2541
3 2469 2470 2542
3 2470 2543 2542
3 2470 2471 2543
3 2471 2544 2543
3 2471 2472 2544
3 2472 2545 2544
3 2472 2473 2545
3 2473 2546 2545
3 2473 2474 2546
3 2474 2547 2546
3 2474 2475 2547
3 2475 2548 2547
3 2475 2476 2548
3 2476 2549 2548
3 2476 2477 2549
3 2477 2550 2549
3 2477 2478 2550
3 2478 2551 2550
3 2478 2479 2551
3 2479 2552 2551
3 2479 2480 2552
3 2480 2481 2552
3 2552 2481 2553
3 2481 2482 2553
3 2553 2482 2554
3 2482 2483 2554
3 2554 2483 2555
3 2483 2484 2555
3 2555 2484 2556
3 2484 2485 2556
3 2556 2485 2557
3 2485 2486 2557
3 2557 2486 2558
3 2486 2487 2558
3 2558 2487 2559
3 2487 2488 2559
3 2559 2488 2560
3 2488 2489 2560
3 2560 2489 2561
3 2489 2490 2561
3 2561 2490 2562
3 2490 2491 2562
3 2562 2491 2563
3 2491 2564 2563
3 2491 2492 2564
3 2492 2565 2564
3 2492 2493 2565
3 2493 2494 2565
3 2565 2494 2566
3 2494 2567 2566
3 2494 2495 2567
3 2495 2568 2567
3 2495 2496 2568
3 2496 2569 2568
3 2496 2497 2569
3 2497 2570 2569
3 2497 2498 2570
3 2498 2571 2570
3 2498 2499 2571
3 2499 2572 2571
3 2499 2500 2572
3 2500 2501 2572
3 2572 2501 2573
3 2501 2502 2573
3 2573 2502 2574
3 2502 2503 2574
3 2574 2503 2575
3 2503 2504 2575
3 2575 2504 2576
3 2504 2505 2576
3 2576 2505 2577
3 2505 2506 2577
3 2577 2506 2578
3 2506 2507 2578
3 2578 2507 2579
3 2507 2508 2579
3 2579 2508 2580
3 2510 2509 2581
3 2509 2582 2581
3 2509 2511 2582
3 2511 2583 2582
3 2511 2512 2583
3 2512 2584 2583
3 2512 2513 2584
3 2513 2585 2584
3 2513 2514 2585
3 2514 2586 2585
3 2514 2515 2586
3 2515 2587 2586
3 2515 2516 2587
3 2516 2588 2587
3 2516 2517 2588
3 2517 2589 2588
3 2517 2518 2589
3 2518 2590 2589
3 2518 2519 2590
3 2519 2520 2590
3 2590 2520 2591
3 2520 2521 2591
3 2591 2521 2592
3 2521 2522 2592
3 2592 2522 2593
3 2522 2594 2593
3 2522 2523 2594
3 2523 2595 2594
3 2523 2524 2595
3 2524 2596 2595
3 2524 2525 2596
3 2525 2597 2596
3 2525 2526 2597
3 2526 2598 2597
3 2526 2527 2598
3 2527 2599 2598
3 2527 2528 2599
3 2528 2600 2599
3 2528 2529 2600
3 2529 2601 2600
3 2529 2530 2601
3 2530 2602 2601
3 2530 2531 2602
3 2531 2603 2602
3 2531 2532 2603
3 2532 2604 2603
3 2532 2533 2604
3 2533 2605 2604
3 2533 2534 2605
3 2534 2606 2605
3 2534 2535 2606
3 2535 2536 2606
3 2606 2536 2607
3 2536 2537 2607
3 2607 2537 2608
3 2537 2538 2608
3 2608 2538 2609
3 2538 2539 2609
3 2609 2539 2610
3 2539 2540 2610
3 2610 2540 2611
3 2540 2541 2611
3 2611 2541 2612
3 2541 2542 2612
3 2612 2542 2613
3 2542 2614 2613
3 2542 2543 2614
3 2543 2615 2614
3 2543 2544 2615
3 2544 2616 2615
3 2544 2545 2616
3 2545 2546 2616
3 2616 2546 2617
3 2546 2618 2617
3 2546 2547 2618
3 2547 2619 2618
3 2547 2548 2619
3 2548 2620 2619
3 2548 2549 2620
3 2549 2621 2620
3 2549 2550 2621
3 2550 2622 2621
3 2550 2551 2622
3 2551 2552 2622
3 2622 2552 2623
3 2552 2553 2623
3 2623 2553 2624
3 2553 2554 2624
3 2624 2554 2625
3 2554 2555 2625
3 2625 2555 2626
3 2555 2556 2626
3 2626 2556 2627
3 2556 2557 2627
3 2627 2557 2628
3 2557 2558 2628
3 2628 2558 2629
3 2558 2559 2629
3 2629 2559 2630
3 2559 2560 2630
3 2630 2560 2631
3 2560 2561 2631
3 2631 2561 2632
3 2561 2562 2632
3 2632 2562 2633
3 2562 2563 2633
3 2633 2563 2634
3 2563 2635 2634
3 2563 2564 2635
3 2564 2565 2635
3 2635 2565 2636
3 2565 2566 2636
3 2636 2566 2637
3 2566 2638 2637
3 2566 2567 2638
3 2567 2639 2638
3 2567 2568 2639
3 2568 2640 2639
3 2568 2569 2640
3 2569 2570 2640
3 2640 2570 2641
3 2570 2571 2641
3 2641 2571 2642
3 2571 2643 2642
3 2571 2572 2643
3 2572 2573 2643
3 2643 2573 2644
3 2573 2574 2644
3 2644 2574 2645
3 2574 2575 2645
3 2645 2575 2646
3 2575 2576 2646
3 2646 2576 2647
3 2576 2577 2647
3 2647 2577 2648
3 2577 2578 2648
3 2648 2578 2649
3 2578 2579 2649
3 2649 2579 2650
3 2579 2580 2650
3 2650 2580 2651
3 2581 2652 2653
3 2581 2582 2652
3 2582 2583 2652
3 2652 2583 2654
3 2583 2584 2654
3 2654 2584 2655
3 2584 2656 2655
3 2584 2585 2656
3 2585 2657 2656
3 2585 2586 2657
3 2586 2658 2657
3 2586 2587 2658
3 2587 2659 2658
3 2587 2588 2659
3 2588 2589 2659
3 2659 2589 2660
3 2589 2590 2660
3 2660 2590 2661
3 2590 2591 2661
3 2661 2591 2662
3 2591 2592 2662
3 2662 2592 2663
3 2592 2593 2663
3 2663 2593 2664
3 2593 2594 2664
3 2664 2594 2665
3 2594 2595 2665
3 2665 2595 2666
3 2595 2596 2666
3 2666 2596 2667
3 2596 2597 2667
3 2667 2597 2668
3 2597 2598 2668
3 2668 2598 2669
3 2598 2670 2669
3 2598 2599 2670
3 2599 2600 2670
3 2670 2600 2671
3 2600 2601 2671
3 2671 2601 2672
3 2601 2602 2672
3 2672 2602 2673
3 2602 2603 2673
3 2673 2603 2674
3 2603 2604 2674
3 2674 2604 2675
3 2604 2676 2675
3 2604 2605 2676
3 2605 2606 2676
3 2676 2606 2677
3 2606 2607 2677
3 2677 2607 2678
3 2607 2608 2678
3 2678 2608 2679
3 2608 2609 2679
3 2679 2609 2680
3 2609 2610 2680
3 2680 2610 2681
3 2610 2611 2681
3 2681 2611 2682
3 2611 2612 2682
3 2682 2612 2683
3 2612 2613 2683
3 2683 2613 2684
3 2613 2614 2684
3 2684 2614 2685
3 2614 2615 2685
3 2685 2615 2686
3 2615 2616 2686
3 2686 2616 2687
3 2616 2617 2687
3 2687 2617 2688
3 2617 2618 2688
3 2688 2618 2689
3 2618 2619 2689
3 2689 2619 2690
3 2619 2691 2690
3 2619 2620 2691
3 2620 2692 2691
3 2620 2621 2692
3 2621 2622 2692
3 2692 2622 2693
3 2622 2623 2693
3 2693 2623 2694
3 2623 2624 2694
3 2694 2624 2695
3 2624 2625 2695
3 2695 2625 2696
3 2625 2626 2696
3 2696 2626 2697
3 2626 2627 2697
3 2697 2627 2698
3 2627 2628 2698
3 2698 2628 2699
3 2628 2629 2699
3 2699 2629 2700
3 2629 2630 2700
3 2700 2630 2701
3 2630 2631 2701
3 2701 2631 2702
3 2631 2632 2702
3 2702 2632 2703
3 2632 2633 2703
3 2703 2633 2704
3 2633 2634 2704
3 2704 2634 2705
3 2634 2635 2705
3 2705 2635 2706
3 2635 2636 2706
3 2706 2636 2707
3 2636 2637 2707
3 2707 2637 2708
3 2637 2638 2708
3 2708 2638 2709
3 2638 2639 2709
3 2709 2639 2710
3 2639 2640 2710
3 2710 2640 2711
3 2640 2641 2711
3 2711 2641 2712
3 2641 2642 2712
3 2712 2642 2713
3 2642 2643 2713
3 2713 2643 2714
3 2643 2644 2714
3 2714 2644 2715
3 2644 2645 2715
3 2715 2645 2716
3 2645 2646 2716
3 2716 2646 2717
3 2646 2647 2717
3 2717 2647 2718
3 2647 2648 2718
3 2718 2648 2719
3 2648 2649 2719
3 2719 2649 2720
3 2649 2650 2720
3 2720 2650 2721
3 2650 2651 2721
3 2721 2651 2722
3 2723 2653 2724
3 2653 2652 2724
3 2724 2652 2725
3 2652 2726 2725
3 2652 2654 2726
3 2654 2655 2726
3 2726 2655 2727
3 2655 2656 2727
3 2727 2656 2728
3 2656 2657 2728
3 2728 2657 2729
3 2657 2658 2729
3 2729 2658 2730
3 2658 2659 2730
3 2730 2659 2731
3 2659 2660 2731
3 2731 2660 2732
3 2660 2661 2732
3 2732 2661 2733
3 2661 2662 2733
3 2733 2662 2734
3 2662 2663 2734
3 2734 2663 2735
3 2663 2664 2735
3 2735 2664 2736
3 2664 2665 2736
3 2736 2665 2737
3 2665 2666 2737
3 2737 2666 2738
3 2666 2667 2738
3 2738 2667 2739
3 2667 2668 2739
3 2739 2668 2740
3 2668 2669 2740
3 2740 2669 2741
3 2669 2670 2741
3 2741 2670 2742
3 2670 2671 2742
3 2742 2671 2743
3 2671 2672 2743
3 2743 2672 2744
3 2672 2673 2744
3 2744 2673 2745
3 2673 2674 2745
3 2745 2674 2746
3 2674 2675 2746
3 2746 2675 2747
3 2675 2676 2747
3 2747 2676 2748
3 2676 2677 2748
3 2748 2677 2749
3 2677 2678 2749
3 2749 2678 2750
3 2678 2679 2750
3 2750 2679 2751
3 2679 2680 2751
3 2751 2680 2752
3 2680 2681 2752
3 2752 2681 2753
3 2681 2682 2753
3 2753 2682 2754
3 2682 2683 2754
3 2754 2683 2755
3 2683 2684 2755
3 2755 2684 2756
3 2684 2685 2756
3 2756 2685 2757
3 2685 2686 2757
3 2757 2686 2758
3 2686 2687 2758
3 2758 2687 2759
3 2687 2688 2759
3 2759 2688 2760
3 2688 2689 2760
3 2760 2689 2761
3 2689 2690 2761
3 2761 2690 2762
3 2690 2691 2762
3 2762 2691 2763
3 2691 2692 2763
3 2763 2692 2764
3 2692 2693 2764
3 2764 2693 2765
3 2693 2694 2765
3 2765 2694 2766
3 2694 2695 2766
3 2766 2695 2767
3 2695 2696 2767
3 2767 2696 2768
3 2696 2697 2768
3 2768 2697 2769
3 2697 2698 2769
3 2769 2698 2770
3 2698 2699 2770
3 2770 2699 2771
3 2699 2700 2771
3 2771 2700 2772
3 2700 2701 2772
3 2772 2701 2773
3 2701 2702 2773
3 2773 2702 2774
3 2702 2703 2774
3 2774 2703 2775
3 2703 2704 2775
3 2775 2704 2776
3 2704 2705 2776
3 2776 2705 2777
3 2705 2706 2777
3 2777 2706 2778
3 2706 2707 2778
3 2778 2707 2779
3 2707 2708 2779
3 2779 2708 2780
3 2708 2709 2780
3 2780 2709 2781
3 2709 2710 2781
3 2781 2710 2782
3 2710 2711 2782
3 2782 2711 2783
3 2711 2712 2783
3 2783 2712 2784
3 2712 2713 2784
3 2784 2713 2785
3 2713 2714 2785
3 2785 2714 2786
3 2714 2715 2786
3 2786 2715 2787
3 2715 2716 2787
3 2787 2716 2788
3 2716 2717 2788
3 2788 2717 2789
3 2717 2718 2789
3 2789 2718 2790
3 2718 2719 2790
3 2790 2719 2791
3 2719 2720 2791
3 2791 2720 2792
3 2720 2721 2792
3 2792 2721 2793
3 2721 2722 2793
3 2723 2724 2794
3 2794 2724 2795
3 2724 2725 2795
3 2795 2725 2796
3 2725 2726 2796
3 2796 2726 2797
3 2726 2727 2797
3 2797 2727 2798
3 2727 2728 2798
3 2798 2728 2799
3 2728 2729 2799
3 2799 2729 2800
3 2729 2730 2800
3 2800 2730 2801
3 2730 2731 2801
3 2801 2731 2802
3 2731 2732 2802
3 2802 2732 2803
3 2732 2733 2803
3 2803 2733 2804
3 2733 2734 2804
3 2804 2734 2805
3 2734 2735 2805
3 2805 2735 2806
3 2735 2736 2806
3 2806 2736 2807
3 2736 2737 2807
3 2807 2737 2808
3 2737 2738 2808
3 2808 2738 2809
3 2738 2739 2809
3 2809 2739 2810
3 2739 2740 2810
3 2810 2740 2811
3 2740 2741 2811
3 2811 2741 2812
3 2741 2742 2812
3 2812 2742 2813
3 2742 2743 2813
3 2813 2743 2814
3 2743 2744 2814
3 2814 2744 2815
3 2744 2745 2815
3 2815 2745 2816
3 2745 2746 2816
3 2816 2746 2817
3 2746 2747 2817
3 2817 2747 2818
3 2747 2748 2818
3 2818 2748 2819
3 2748 2749 2819
3 2819 2749 2820
3 2749 2750 2820
3 2820 2750 2821
3 2750 2751 2821
3 2821 2751 2822
3 2751 2752 2822
3 2822 2752 2823
3 2752 2753 2823
3 2823 2753 2824
3 2753 2754 2824
3 2824 2754 2825
3 2754 2755 2825
3 2825 2755 2826
3 2755 2756 2826
3 2826 2756 2827
3 2756 2757 2827
3 2827 2757 2828
3 2757 2758 2828
3 2828 2758 2829
3 2758 2759 2829
3 2829 2759 2830
3 2759 2760 2830
3 2830 2760 2831
3 2760 2761 2831
3 2831 2761 2832
3 2761 2762 2832
3 2832 2762 2833
3 2762 2763 2833
3 2833 2763 2834
3 2763 2764 2834
3 2834 2764 2835
3 2764 2765 2835
3 2835 2765 2836
3 2765 2766 2836
3 2836 2766 2837
3 2766 2767 2837
3 2837 2767 2838
3 2767 2768 2838
3 2838 2768 2839
3 2768 2769 2839
3 2839 2769 2840
3 2769 2770 2840
3 2840 2770 2841
3 2770 2771 2841
3 2841 2771 2842
3 2771 2772 2842
3 2842 2772 2843
3 2772 2773 2843
3 2843 2773 2844
3 2773 2774 2844
3 2844 2774 2845
3 2774 2775 2845
3 2845 2775 2846
3 2775 2776 2846
3 2846 2776 2847
3 2776 2777 2847
3 2847 2777 2848
3 2777 2778 2848
3 2848 2778 2849
3 2778 2779 2849
3 2849 2779 2850
3 2779 2780 2850
3 2850 2780 2851
3 2780 2781 2851
3 2851 2781 2852
3 2781 2782 2852
3 2852 2782 2853
3 2782 2783 2853
3 2853 2783 2854
3 2783 2784 2854
3 2854 2784 2855
3 2784 2785 2855
3 2855 2785 2856
3 2785 2786 2856
3 2856 2786 2857
3 2786 2787 2857
3 2857 2787 2858
3 2787 2788 2858
3 2858 2788 2859
3 2788 2789 2859
3 2859 2789 2860
3 2789 2790 2860
3 2860 2790 2861
3 2790 2791 2861
3 2861 2791 2862
3 2791 2792 2862
3 2862 2792 2863
3 2792 2793 2863
3 2863 2793 2864
3 2794 2865 2866
3 2794 2795 2865
3 2795 2867 2865
3 2795 2796 2867
3 2796 2868 2867
3 2796 2797 2868
3 2797 2798 2868
3 2868 2798 2869
3 2798 2870 2869
3 2798 2799 2870
3 2799 2871 2870
3 2799 2800 2871
3 2800 2872 2871
3 2800 2801 2872
3 2801 2873 2872
3 2801 2802 2873
3 2802 2874 2873
3 2802 2803 2874
3 2803 2875 2874
3 2803 2804 2875
3 2804 2805 2875
3 2875 2805 2876
3 2805 2806 2876
3 2876 2806 2877
3 2806 2807 2877
3 2877 2807 2878
3 2807 2808 2878
3 2878 2808 2879
3 2808 2809 2879
3 2879 2809 2880
3 2809 2881 2880
3 2809 2810 2881
3 2810 2882 2881
3 2810 2811 2882
3 2811 2812 2882
3 2882 2812 2883
3 2812 2884 2883
3 2812 2813 2884
3 2813 2885 2884
3 2813 2814 2885
3 2814 2815 2885
3 2885 2815 2886
3 2815 2816 2886
3 2886 2816 2887
3 2816 2817 2887
3 2887 2817 2888
3 2817 2889 2888
3 2817 2818 2889
3 2818 2890 2889
3 2818 2819 2890
3 2819 2820 2890
3 2890 2820 2891
3 2820 2821 2891
3 2891 2821 2892
3 2821 2822 2892
3 2892 2822 2893
3 2822 2823 2893
3 2893 2823 2894
3 2823 2824 2894
3 2894 2824 2895
3 2824 2825 2895
3 2895 2825 2896
3 2825 2826 2896
3 2896 2826 2897
3 2826 2827 2897
3 2897 2827 2898
3 2827 2828 2898
3 2898 2828 2899
3 2828 2829 2899
3 2899 2829 2900
3 2829 2830 2900
3 2900 2830 2901
3 2830 2831 2901
3 2901 2831 2902
3 2831 2832 2902
3 2902 2832 2903
3 2832 2833 2903
3 2903 2833 2904
3 2833 2905 2904
3 2833 2834 2905
3 2834 2906 2905
3 2834 2835 2906
3 2835 2836 2906
3 2906 2836 2907
3 2836 2837 2907
3 2907 2837 2908
3 2837 2838 2908
3 2908 2838 2909
3 2838 2839 2909
3 2909 2839 2910
3 2839 2840 2910
3 2910 2840 2911
3 2840 2841 2911
3 2911 2841 2912
3 2841 2842 2912
3 2912 2842 2913
3 2842 2843 2913
3 2913 2843 2914
3 2843 2844 2914
3 2914 2844 2915
3 2844 2845 2915
3 2915 2845 2916
3 2845 2846 2916
3 2916 2846 2917
3 2846 2847 2917
3 2917 2847 2918
3 2847 2848 2918
3 2918 2848 2919
3 2848 2849 2919
3 2919 2849 2920
3 2849 2850 2920
3 2920 2850 2921
3 2850 2851 2921
3 2921 2851 2922
3 2851 2852 2922
3 2922 2852 2923
3 2852 2924 2923
3 2852 2853 2924
3 2853 2925 2924
3 2853 2854 2925
3 2854 2855 2925
3 2925 2855 2926
3 2855 2856 2926
3 2926 2856 2927
3 2856 2857 2927
3 2927 2857 2928
3 2857 2858 2928
3 2928 2858 2929
3 2858 2859 2929
3 2929 2859 2930
3 2859 2860 2930
3 2930 2860 2931
3 2860 2861 2931
3 2931 2861 2932
3 2861 2862 2932
3 2932 2862 2933
3 2862 2863 2933
3 2933 2863 2934
3 2863 2864 2934
3 2934 2864 2935
3 2866 2936 2937
3 2866 2865 2936
3 2865 2938 2936
3 2865 2867 2938
3 2867 2939 2938
3 2867 2868 2939
3 2868 2940 2939
3 2868 2869 2940
3 2869 2941 2940
3 2869 2870 2941
3 2870 2942 2941
3 2870 2871 2942
3 2871 2943 2942
3 2871 2872 2943
3 2872 2944 2943
3 2872 2873 2944
3 2873 2945 2944
3 2873 2874 2945
3 2874 2946 2945
3 2874 2875 2946
3 2875 2876 2946
3 2946 2876 2947
3 2876 2877 2947
3 2947 2877 2948
3 2877 2878 2948
3 2948 2878 2949
3 2878 2950 2949
3 2878 2879 2950
3 2879 2951 2950
3 2879 2880 2951
3 2880 2952 2951
3 2880 2881 2952
3 2881 2953 2952
3 2881 2882 2953
3 2882 2954 2953
3 2882 2883 2954
3 2883 2955 2954
3 2883 2884 2955
3 2884 2956 2955
3 2884 2885 2956
3 2885 2957 2956
3 2885 2886 2957
3 2886 2887 2957
3 2957 2887 2958
3 2887 2959 2958
3 2887 2888 2959
3 2888 2960 2959
3 2888 2889 2960
3 2889 2961 2960
3 2889 2890 2961
3 2890 2962 2961
3 2890 2891 2962
3 2891 2892 2962
3 2962 2892 2963
3 2892 2893 2963
3 2963 2893 2964
3 2893 2894 2964
3 2964 2894 2965
3 2894 2895 2965
3 2965 2895 2966
3 2895 2896 2966
3 2966 2896 2967
3 2896 2897 2967
3 2967 2897 2968
3 2897 2969 2968
3 2897 2898 2969
3 2898 2970 2969
3 2898 2899 2970
3 2899 2971 2970
3 2899 2900 2971
3 2900 2901 2971
3 2971 2901 2972
3 2901 2902 2972
3 2972 2902 2973
3 2902 2974 2973
3 2902 2903 2974
3 2903 2975 2974
3 2903 2904 2975
3 2904 2976 2975
3 2904 2905 2976
3 2905 2977 2976
3 2905 2906 2977
3 2906 2907 2977
3 2977 2907 2978
3 2907 2908 2978
3 2978 2908 2979
3 2908 2909 2979
3 2979 2909 2980
3 2909 2910 2980
3 2980 2910 2981
3 2910 2911 2981
3 2981 2911 2982
3 2911 2912 2982
3 2982 2912 2983
3 2912 2913 2983
3 2983 2913 2984
3 2913 2914 2984
3 2984 2914 2985
3 2914 2915 2985
3 2985 2915 2986
3 2915 2916 2986
3 2986 2916 2987
3 2916 2917 2987
3 2987 2917 2988
3 2917 2918 2988
3 2988 2918 2989
3 2918 2919 2989
3 2989 2919 2990
3 2919 2991 2990
3 2919 2920 2991
3 2920 2921 2991
3 2991 2921 2992
3 2921 2922 2992
3 2992 2922 2993
3 2922 2994 2993
3 2922 2923 2994
3 2923 2995 2994
3 2923 2924 2995
3 2924 2996 2995
3 2924 2925 2996
3 2925 2926 2996
3 2996 2926 2997
3 2926 2927 2997
3 2997 2927 2998
3 2927 2999 2998
3 2927 2928 2999
3 2928 2929 2999
3 2999 2929 3000
3 2929 2930 3000
3 3000 2930 3001
3 2930 2931 3001
3 3001 2931 3002
3 2931 2932 3002
3 3002 2932 3003
3 2932 2933 3003
3 3003 2933 3004
3 2933 2934 3004
3 3004 2934 3005
3 2934 2935 3005
3 3005 2935 3006
3 2937 3007 3008
3 2937 2936 3007
3 2936 3009 3007
3 2936 2938 3009
3 2938 3010 3009
3 2938 2939 3010
3 2939 2940 3010
3 3010 2940 3011
3 2940 3012 3011
3 2940 2941 3012
3 2941 3013 3012
3 2941 2942 3013
3 2942 3014 3013
3 2942 2943 3014
3 2943 3015 3014
3 2943 2944 3015
3 2944 3016 3015
3 2944 2945 3016
3 2945 3017 3016
3 2945 2946 3017
3 2946 2947 3017
3 3017 2947 3018
3 2947 2948 3018
3 3018 2948 3019
3 2948 2949 3019
3 3019 2949 3020
3 2949 2950 3020
3 3020 2950 3021
3 2950 3022 3021
3 2950 2951 3022
3 2951 3023 3022
3 2951 2952 3023
3 2952 3024 3023
3 2952 2953 3024
3 2953 3025 3024
3 2953 2954 3025
3 2954 3026 3025
3 2954 2955 3026
3 2955 3027 3026
3 2955 2956 3027
3 2956 2957 3027
3 3027 2957 3028
3 2957 2958 3028
3 3028 2958 3029
3 2958 2959 3029
3 3029 2959 3030
3 2959 3031 3030
3 2959 2960 3031
3 2960 3032 3031
3 2960 2961 3032
3 2961 2962 3032
3 3032 2962 3033
3 2962 2963 3033
3 3033 2963 3034
3 2963 2964 3034
3 3034 2964 3035
3 2964 2965 3035
3 3035 2965 3036
3 2965 2966 3036
3 3036 2966 3037
3 2966 2967 3037
3 3037 2967 3038
3 2967 2968 3038
3 3038 2968 3039
3 2968 2969 3039
3 3039 2969 3040
3 2969 2970 3040
3 3040 2970 3041
3 2970 2971 3041
3 3041 2971 3042
3 2971 2972 3042
3 3042 2972 3043
3 2972 2973 3043
3 3043 2973 3044
3 2973 2974 3044
3 3044 2974 3045
3 2974 3046 3045
3 2974 2975 3046
3 2975 3047 3046
3 2975 2976 3047
3 2976 3048 3047
3 2976 2977 3048
3 2977 2978 3048
3 3048 2978 3049
3 2978 2979 3049
3 3049 2979 3050
3 2979 2980 3050
3 3050 2980 3051
3 2980 2981 3051
3 3051 2981 3052
3 2981 2982 3052
3 3052 2982 3053
3 2982 2983 3053
3 3053 2983 3054
3 2983 2984 3054
3 3054 2984 3055
3 2984 2985 3055
3 3055 2985 3056
3 2985 2986 3056
3 3056 2986 3057
3 2986 2987 3057
3 3057 2987 3058
3 2987 2988 3058
3 3058 2988 3059
3 2988 2989 3059
3 3059 2989 3060
3 2989 2990 3060
3 3060 2990 3061
3 2990 2991 3061
3 3061 2991 3062
3 2991 2992 3062
3 3062 2992 3063
3 2992 2993 3063
3 3063 2993 3064
3 2993 2994 3064
3 3064 2994 3065
3 2994 3066 3065
3 2994 2995 3066
3 2995 3067 3066
3 2995 2996 3067
3 2996 2997 3067
3 3067 2997 3068
3 2997 3069 3068
3 2997 2998 3069
3 2998 3070 3069
3 2998 2999 3070
3 2999 3000 3070
3 3070 3000 3071
3 3000 3001 3071
3 3071 3001 3072
3 3001 3002 3072
3 3072 3002 3073
3 3002 3003 3073
3 3073 3003 3074
3 3003 3004 3074
3 3074 3004 3075
3 3004 3005 3075
3 3075 3005 3076
3 3005 3006 3076
3 3076 3006 3077
3 3008 3078 3079
3 3008 3007 3078
3 3007 3080 3078
3 3007 3009 3080
3 3009 3010 3080
3 3080 3010 3081
3 3010 3011 3081
3 3081 3011 3082
3 3011 3083 3082
3 3011 3012 3083
3 3012 3084 3083
3 3012 3013 3084
3 3013 3085 3084
3 3013 3014 3085
3 3014 3086 3085
3 3014 3015 3086
3 3015 3016 3086
3 3086 3016 3087
3 3016 3017 3087
3 3087 3017 3088
3 3017 3018 3088
3 3088 3018 3089
3 3018 3019 3089
3 3089 3019 3090
3 3019 3020 3090
3 3090 3020 3091
3 3020 3021 3091
3 3091 3021 3092
3 3021 3022 3092
3 3092 3022 3093
3 3022 3023 3093
3 3093 3023 3094
3 3023 3024 3094
3 3094 3024 3095
3 3024 3025 3095
3 3095 3025 3096
3 3025 3097 3096
3 3025 3026 3097
3 3026 3098 3097
3 3026 3027 3098
3 3027 3028 3098
3 3098 3028 3099
3 3028 3029 3099
3 3099 3029 3100
3 3029 3030 3100
3 3100 3030 3101
3 3030 3031 3101
3 3101 3031 3102
3 3031 3032 3102
3 3102 3032 3103
3 3032 3033 3103
3 3103 3033 3104
3 3033 3034 3104
3 3104 3034 3105
3 3034 3035 3105
3 3105 3035 3106
3 3035 3036 3106
3 3106 3036 3107
3 3036 3037 3107
3 3107 3037 3108
3 3037 3038 3108
3 3108 3038 3109
3 3038 3039 3109
3 3109 3039 3110
3 3039 3040 3110
3 3110 3040 3111
3 3040 3041 3111
3 3111 3041 3112
3 3041 3042 3112
3 3112 3042 3113
3 3042 3043 3113
3 3113 3043 3114
3 3043 3044 3114
3 3114 3044 3115
3 3044 3045 3115
3 3115 3045 3116
3 3045 3046 3116
3 3116 3046 3117
3 3046 3118 3117
3 3046 3047 3118
3 3047 3119 3118
3 3047 3048 3119
3 3048 3049 3119
3 3119 3049 3120
3 3049 3050 3120
3 3120 3050 3121
3 3050 3051 3121
3 3121 3051 3122
3 3051 3052 3122
3 3122 3052 3123
3 3052 3053 3123
3 3123 3053 3124
3 3053 3054 3124
3 3124 3054 3125
3 3054 3055 3125
3 3125 3055 3126
3 3055 3056 3126
3 3126 3056 3127
3 3056 3057 3127
3 3127 3057 3128
3 3057 3058 3128
3 3128 3058 3129
3 3058 3059 3129
3 3129 3059 3130
3 3059 3060 3130
3 3130 3060 3131
3 3060 3061 3131
3 3131 3061 3132
3 3061 3062 3132
3 3132 3062 3133
3 3062 3063 3133
3 3133 3063 3134
3 3063 3064 3134
3 3134 3064 3135
3 3064 3065 3135
3 3135 3065 3136
3 3065 3137 3136
3 3065 3066 3137
3 3066 3138 3137
3 3066 3067 3138
3 3067 3139 3138
3 3067 3068 3139
3 3068 3140 3139
3 3068 3069 3140
3 3069 3070 3140
3 3140 3070 3141
3 3070 3071 3141
3 3141 3071 3142
3 3071 3072 3142
3 3142 3072 3143
3 3072 3073 3143
3 3143 3073 3144
3 3073 3145 3144
3 3073 3074 3145
3 3074 3146 3145
3 3074 3075 3146
3 3075 3147 3146
3 3075 3076 3147
3 3076 3148 3147
3 3076 3077 3148
3 3079 3078 3149
3 3078 3150 3149
3 3078 3080 3150
3 3080 3151 3150
3 3080 3081 3151
3 3081 3082 3151
3 3151 3082 3152
3 3082 3153 3152
3 3082 3083 3153
3 3083 3154 3153
3 3083 3084 3154
3 3084 3155 3154
3 3084 3085 3155
3 3085 3156 3155
3 3085 3086 3156
3 3086 3157 3156
3 3086 3087 3157
3 3087 3158 3157
3 3087 3088 3158
3 3088 3089 3158
3 3158 3089 3159
3 3089 3090 3159
3 3159 3090 3160
3 3090 3091 3160
3 3160 3091 3161
3 3091 3092 3161
3 3161 3092 3162
3 3092 3163 3162
3 3092 3093 3163
3 3093 3164 3163
3 3093 3094 3164
3 3094 3165 3164
3 3094 3095 3165
3 3095 3166 3165
3 3095 3096 3166
3 3096 3167 3166
3 3096 3097 3167
3 3097 3168 3167
3 3097 3098 3168
3 3098 3099 3168
3 3168 3099 3169
3 3099 3100 3169
3 3169 3100 3170
3 3100 3171 3170
3 3100 3101 3171
3 3101 3172 3171
3 3101 3102 3172
3 3102 3173 3172
3 3102 3103 3173
3 3103 3174 3173
3 3103 3104 3174
3 3104 3105 3174
3 3174 3105 3175
3 3105 3106 3175
3 3175 3106 3176
3 3106 3107 3176
3 3176 3107 3177
3 3107 3108 3177
3 3177 3108 3178
3 3108 3109 3178
3 3178 3109 3179
3 3109 3110 3179
3 3179 3110 3180
3 3110 3111 3180
3 3180 3111 3181
3 3111 3182 3181
3 3111 3112 3182
3 3112 3113 3182
3 3182 3113 3183
3 3113 3114 3183
3 3183 3114 3184
3 3114 3115 3184
3 3184 3115 3185
3 3115 3116 3185
3 3185 3116 3186
3 3116 3187 3186
3 3116 3117 3187
3 3117 3188 3187
3 3117 3118 3188
3 3118 3189 3188
3 3118 3119 3189
3 3119 3120 3189
3 3189 3120 3190
3 3120 3121 3190
3 3190 3121 3191
3 3121 3122 3191
3 3191 3122 3192
3 3122 3123 3192
3 3192 3123 3193
3 3123 3124 3193
3 3193 3124 3194
3 3124 3125 3194
3 3194 3125 3195
3 3125 3126 3195
3 3195 3126 3196
3 3126 3127 3196
3 3196 3127 3197
3 3127 3128 3197
3 3197 3128 3198
3 3128 3129 3198
3 3198 3129 3199
3 3129 3130 3199
3 3199 3130 3200
3 3130 3131 3200
3 3200 3131 3201
3 3131 3132 3201
3 3201 3132 3202
3 3132 3133 3202
3 3202 3133 3203
3 3133 3134 3203
3 3203 3134 3204
3 3134 3135 3204
3 3204 3135 3205
3 3135 3206 3205
3 3135 3136 3206
3 3136 3207 3206
3 3136 3137 3207
3 3137 3208 3207
3 3137 3138 3208
3 3138 3209 3208
3 3138 3139 3209
3 3139 3210 3209
3 3139 3140 3210
3 3140 3211 3210
3 3140 3141 3211
3 3141 3142 3211
3 3211 3142 3212
3 3142 3143 3212
3 3212 3143 3213
3 3143 3214 3213
3 3143 3144 3214
3 3144 3215 3214
3 3144 3145 3215
3 3145 3216 3215
3 3145 3146 3216
3 3146 3217 3216
3 3146 3147 3217
3 3147 3218 3217
3 3147 3148 3218
3 3148 3219 3218
3 3149 3220 3221
3 3149 3150 3220
3 3150 3222 3220
3 3150 3151 3222
3 3151 3223 3222
3 3151 3152 3223
3 3152 3224 3223
3 3152 3153 3224
3 3153 3225 3224
3 3153 3154 3225
3 3154 3226 3225
3 3154 3155 3226
3 3155 3227 3226
3 3155 3156 3227
3 3156 3228 3227
3 3156 3157 3228
3 3157 3229 3228
3 3157 3158 3229
3 3158 3230 3229
3 3158 3159 3230
3 3159 3231 3230
3 3159 3160 3231
3 3160 3232 3231
3 3160 3161 3232
3 3161 3233 3232
3 3161 3162 3233
3 3162 3234 3233
3 3162 3163 3234
3 3163 3235 3234
3 3163 3164 3235
3 3164 3236 3235
3 3164 3165 3236
3 3165 3237 3236
3 3165 3166 3237
3 3166 3238 3237
3 3166 3167 3238
3 3167 3239 3238
3 3167 3168 3239
3 3168 3240 3239
3 3168 3169 3240
3 3169 3241 3240
3 3169 3170 3241
3 3170 3242 3241
3 3170 3171 3242
3 3171 3243 3242
3 3171 3172 3243
3 3172 3244 3243
3 3172 3173 3244
3 3173 3245 3244
3 3173 3174 3245
3 3174 3246 3245
3 3174 3175 3246
3 3175 3247 3246
3 3175 3176 3247
3 3176 3248 3247
3 3176 3177 3248
3 3177 3249 3248
3 3177 3178 3249
3 3178 3250 3249
3 3178 3179 3250
3 3179 3251 3250
3 3179 3180 3251
3 3180 3252 3251
3 3180 3181 3252
3 3181 3253 3252
3 3181 3182 3253
3 3182 3254 3253
3 3182 3183 3254
3 3183 3255 3254
3 3183 3184 3255
3 3184 3256 3255
3 3184 3185 3256
3 3185 3257 3256
3 3185 3186 3257
3 3186 3258 3257
3 3186 3187 3258
3 3187 3259 3258
3 3187 3188 3259
3 3188 3260 3259
3 3188 3189 3260
3 3189 3261 3260
3 3189 3190 3261
3 3190 3262 3261
3 3190 3191 3262
3 3191 3192 3262
3 3262 3192 3263
3 3192 3193 3263
3 3263 3193 3264
3 3193 3265 3264
3 3193 3194 3265
3 3194 3266 3265
3 3194 3195 3266
3 3195 3196 3266
3 3266 3196 3267
3 3196 3197 3267
3 3267 3197 3268
3 3197 3198 3268
3 3268 3198 3269
3 3198 3199 3269
3 3269 3199 3270
3 3199 3200 3270
3 3270 3200 3271
3 3200 3201 3271
3 3271 3201 3272
3 3201 3273 3272
3 3201 3202 3273
3 3202 3274 3273
3 3202 3203 3274
3 3203 3275 3274
3 3203 3204 3275
3 3204 3276 3275
3 3204 3205 3276
3 3205 3277 3276
3 3205 3206 3277
3 3206 3278 3277
3 3206 3207 3278
3 3207 3279 3278
3 3207 3208 3279
3 3208 3280 3279
3 3208 3209 3280
3 3209 3281 3280
3 3209 3210 3281
3 3210 3282 3281
3 3210 3211 3282
3 3211 3283 3282
3 3211 3212 3283
3 3212 3213 3283
3 3283 3213 3284
3 3213 3285 3284
3 3213 3214 3285
3 3214 3286 3285
3 3214 3215 3286
3 3215 3287 3286
3 3215 3216 3287
3 3216 3288 3287
3 3216 3217 3288
3 3217 3289 3288
3 3217 3218 3289
3 3218 3290 3289
3 3218 3219 3290
3 3221 3220 3291
3 3220 3292 3291
3 3220 3222 3292
3 3222 3293 3292
3 3222 3223 3293
3 3223 3294 3293
3 3223 3224 3294
3 3224 3295 3294
3 3224 3225 3295
3 3225 3296 3295
3 3225 3226 3296
3 3226 3297 3296
3 3226 3227 3297
3 3227 3298 3297
3 3227 3228 3298
3 3228 3299 3298
3 3228 3229 3299
3 3229 3300 3299
3 3229 3230 3300
3 3230 3301 3300
3 3230 3231 3301
3 3231 3302 3301
3 3231 3232 3302
3 3232 3303 3302
3 3232 3233 3303
3 3233 3304 3303
3 3233 3234 3304
3 3234 3305 3304
3 3234 3235 3305
3 3235 3306 3305
3 3235 3236 3306
3 3236 3307 3306
3 3236 3237 3307
3 3237 3308 3307
3 3237 3238 3308
3 3238 3309 3308
3 3238 3239 3309
3 3239 3310 3309
3 3239 3240 3310
3 3240 3311 3310
3 3240 3241 3311
3 3241 3312 3311
3 3241 3242 3312
3 3242 3313 3312
3 3242 3243 3313
3 3243 3314 3313
3 3243 3244 3314
3 3244 3315 3314
3 3244 3245 3315
3 3245 3316 3315
3 3245 3246 3316
3 3246 3317 3316
3 3246 3247 3317
3 3247 3318 3317
3 3247 3248 3318
3 3248 3319 3318
3 3248 3249 3319
3 3249 3320 3319
3 3249 3250 3320
3 3250 3321 3320
3 3250 3251 3321
3 3251 3322 3321
3 3251 3252 3322
3 3252 3323 3322
3 3252 3253 3323
3 3253 3324 3323
3 3253 3254 3324
3 3254 3325 3324
3 3254 3255 3325
3 3255 3326 3325
3 3255 3256 3326
3 3256 3327 3326
3 3256 3257 3327
3 3257 3328 3327
3 3257 3258 3328
3 3258 3329 3328
3 3258 3259 3329
3 3259 3330 3329
3 3259 3260 3330
3 3260 3331 3330
3 3260 3261 3331
3 3261 3332 3331
3 3261 3262 3332
3 3262 3333 3332
3 3262 3263 3333
3 3263 3334 3333
3 3263 3264 3334
3 3264 3335 3334
3 3264 3265 3335
3 3265 3336 3335
3 3265 3266 3336
3 3266 3337 3336
3 3266 3267 3337
3 3267 3268 3337
3 3337 3268 3338
3 3268 3269 3338
3 3338 3269 3339
3 3269 3270 3339
3 3339 3270 3340
3 3270 3271 3340
3 3340 3271 3341
3 3271 3342 3341
3 3271 3272 3342
3 3272 3343 3342
3 3272 3273 3343
3 3273 3344 3343
3 3273 3274 3344
3 3274 3345 3344
3 3274 3275 3345
3 3275 3346 3345
3 3275 3276 3346
3 3276 3347 3346
3 3276 3277 3347
3 3277 3348 3347
3 3277 3278 3348
3 3278 3349 3348
3 3278 3279 3349
3 3279 3350 3349
3 3279 3280 3350
3 3280 3351 3350
3 3280 3281 3351
3 3281 3352 3351
3 3281 3282 3352
3 3282 3353 3352
3 3282 3283 3353
3 3283 3354 3353
3 3283 3284 3354
3 3284 3355 3354
3 3284 3285 3355
3 3285 3286 3355
3 3355 3286 3356
3 3286 3357 3356
3 3286 3287 3357
3 3287 3358 3357
3 3287 3288 3358
3 3288 3359 3358
3 3288 3289 3359
3 3289 3360 3359
3 3289 3290 3360
3 3291 3361 3362
3 3291 3292 3361
3 3292 3363 3361
3 3292 3293 3363
3 3293 3364 3363
3 3293 3294 3364
3 3294 3365 3364
3 3294 3295 3365
3 3295 3366 3365
3 3295 3296 3366
3 3296 3367 3366
3 3296 3297 3367
3 3297 3368 3367
3 3297 3298 3368
3 3298 3369 3368
3 3298 3299 3369
3 3299 3370 3369
3 3299 3300 3370
3 3300 3371 3370
3 3300 3301 3371
3 3301 3372 3371
3 3301 3302 3372
3 3302 3373 3372
3 3302 3303 3373
3 3303 3374 3373
3 3303 3304 3374
3 3304 3375 3374
3 3304 3305 3375
3 3305 3376 3375
3 3305 3306 3376
3 3306 3377 3376
3 3306 3307 3377
3 3307 3378 3377
3 3307 3308 3378
3 3308 3379 3378
3 3308 3309 3379
3 3309 3380 3379
3 3309 3310 3380
3 3310 3381 3380
3 3310 3311 3381
3 3311 3382 3381
3 3311 3312 3382
3 3312 3383 3382
3 3312 3313 3383
3 3313 3384 3383
3 3313 3314 3384
3 3314 3385 3384
3 3314 3315 3385
3 3315 3386 3385
3 3315 3316 3386
3 3316 3387 3386
3 3316 3317 3387
3 3317 3388 3387
3 3317 3318 3388
3 3318 3389 3388
3 3318 3319 3389
3 3319 3390 3389
3 3319 3320 3390
3 3320 3391 3390
3 3320 3321 3391
3 3321 3392 3391
3 3321 3322 3392
3 3322 3393 3392
3 3322 3323 3393
3 3323 3394 3393
3 3323 3324 3394
3 3324 3395 3394
3 3324 3325 3395
3 3325 3396 3395
3 3325 3326 3396
3 3326 3397 3396
3 3326 3327 3397
3 3327 3398 3397
3 3327 3328 3398
3 3328 3399 3398
3 3328 3329 3399
3 3329 3400 3399
3 3329 3330 3400
3 3330 3401 3400
3 3330 3331 3401
3 3331 3402 3401
3 3331 3332 3402
3 3332 3333 3402
3 3402 3333 3403
3 3333 3404 3403
3 3333 3334 3404
3 3334 3405 3404
3 3334 3335 3405
3 3335 3406 3405
3 3335 3336 3406
3 3336 3337 3406
3 3406 3337 3407
3 3337 3338 3407
3 3407 3338 3408
3 3338 3339 3408
3 3408 3339 3409
3 3339 3340 3409
3 3409 3340 3410
3 3340 3341 3410
3 3410 3341 3411
3 3341 3342 3411
3 3411 3342 3412
3 3342 3413 3412
3 3342 3343 3413
3 3343 3414 3413
3 3343 3344 3414
3 3344 3415 3414
3 3344 3345 3415
3 3345 3416 3415
3 3345 3346 3416
3 3346 3417 3416
3 3346 3347 3417
3 3347 3418 3417
3 3347 3348 3418
3 3348 3419 3418
3 3348 3349 3419
3 3349 3420 3419
3 3349 3350 3420
3 3350 3421 3420
3 3350 3351 3421
3 3351 3422 3421
3 3351 3352 3422
3 3352 3423 3422
3 3352 3353 3423
3 3353 3424 3423
3 3353 3354 3424
3 3354 3425 3424
3 3354 3355 3425
3 3355 3426 3425
3 3355 3356 3426
3 3356 3427 3426
3 3356 3357 3427
3 3357 3428 3427
3 3357 3358 3428
3 3358 3429 3428
3 3358 3359 3429
3 3359 3430 3429
3 3359 3360 3430
3 3362 3361 3431
3 3431 3361 3432
3 3361 3363 3432
3 3432 3363 3433
3 3363 3434 3433
3 3363 3364 3434
3 3364 3435 3434
3 3364 3365 3435
3 3365 3436 3435
3 3365 3366 3436
3 3366 3437 3436
3 3366 3367 3437
3 3367 3438 3437
3 3367 3368 3438
3 3368 3439 3438
3 3368 3369 3439
3 3369 3370 3439
3 3439 3370 3440
3 3370 3371 3440
3 3440 3371 3441
3 3371 3372 3441
3 3441 3372 3442
3 3372 3443 3442
3 3372 3373 3443
3 3373 3444 3443
3 3373 3374 3444
3 3374 3445 3444
3 3374 3375 3445
3 3375 3446 3445
3 3375 3376 3446
3 3376 3447 3446
3 3376 3377 3447
3 3377 3448 3447
3 3377 3378 3448
3 3378 3449 3448
3 3378 3379 3449
3 3379 3450 3449
3 3379 3380 3450
3 3380 3451 3450
3 3380 3381 3451
3 3381 3452 3451
3 3381 3382 3452
3 3382 3453 3452
3 3382 3383 3453
3 3383 3454 3453
3 3383 3384 3454
3 3384 3455 3454
3 3384 3385 3455
3 3385 3456 3455
3 3385 3386 3456
3 3386 3387 3456
3 3456 3387 3457
3 3387 3388 3457
3 3457 3388 3458
3 3388 3459 3458
3 3388 3389 3459
3 3389 3390 3459
3 3459 3390 3460
3 3390 3461 3460
3 3390 3391 3461
3 3391 3462 3461
3 3391 3392 3462
3 3392 3463 3462
3 3392 3393 3463
3 3393 3464 3463
3 3393 3394 3464
3 3394 3465 3464
3 3394 3395 3465
3 3395 3466 3465
3 3395 3396 3466
3 3396 3467 3466
3 3396 3397 3467
3 3397 3468 3467
3 3397 3398 3468
3 3398 3469 3468
3 3398 3399 3469
3 3399 3470 3469
3 3399 3400 3470
3 3400 3471 3470
3 3400 3401 3471
3 3401 3402 3471
3 3471 3402 3472
3 3402 3403 3472
3 3472 3403 3473
3 3403 3404 3473
3 3473 3404 3474
3 3404 3405 3474
3 3474 3405 3475
3 3405 3406 3475
3 3475 3406 3476
3 3406 3407 3476
3 3476 3407 3477
3 3407 3408 3477
3 3477 3408 3478
3 3408 3409 3478
3 3478 3409 3479
3 3409 3410 3479
3 3479 3410 3480
3 3410 3411 3480
3 3480 3411 3481
3 3411 3412 3481
3 3481 3412 3482
3 3412 3483 3482
3 3412 3413 3483
3 3413 3484 3483
3 3413 3414 3484
3 3414 3485 3484
3 3414 3415 3485
3 3415 3486 3485
3 3415 3416 3486
3 3416 3487 3486
3 3416 3417 3487
3 3417 3488 3487
3 3417 3418 3488
3 3418 3489 3488
3 3418 3419 3489
3 3419 3490 3489
3 3419 3420 3490
3 3420 3491 3490
3 3420 3421 3491
3 3421 3422 3491
3 3491 3422 3492
3 3422 3423 3492
3 3492 3423 3493
3 3423 3424 3493
3 3493 3424 3494
3 3424 3495 3494
3 3424 3425 3495
3 3425 3496 3495
3 3425 3426 3496
3 3426 3497 3496
3 3426 3427 3497
3 3427 3498 3497
3 3427 3428 3498
3 3428 3499 3498
3 3428 3429 3499
3 3429 3500 3499
3 3429 3430 3500
3 3430 3501 3500
3 3500 3501 3502
3 3503 3432 3504
3 3432 3433 3504
3 3504 3433 3505
3 3433 3506 3505
3 3433 3434 3506
3 3434 3507 3506
3 3434 3435 3507
3 3435 3508 3507
3 3435 3436 3508
3 3436 3509 3508
3 3436 3437 3509
3 3437 3510 3509
3 3437 3438 3510
3 3438 3511 3510
3 3438 3439 3511
3 3439 3440 3511
3 3511 3440 3512
3 3440 3441 3512
3 3512 3441 3513
3 3441 3442 3513
3 3513 3442 3514
3 3442 3443 3514
3 3514 3443 3515
3 3443 3516 3515
3 3443 3444 3516
3 3444 3517 3516
3 3444 3445 3517
3 3445 3518 3517
3 3445 3446 3518
3 3446 3519 3518
3 3446 3447 3519
3 3447 3520 3519
3 3447 3448 3520
3 3448 3521 3520
3 3448 3449 3521
3 3449 3522 3521
3 3449 3450 3522
3 3450 3523 3522
3 3450 3451 3523
3 3451 3524 3523
3 3451 3452 3524
3 3452 3525 3524
3 3452 3453 3525
3 3453 3526 3525
3 3453 3454 3526
3 3454 3527 3526
3 3454 3455 3527
3 3455 3456 3527
3 3527 3456 3528
3 3456 3457 3528
3 3528 3457 3529
3 3457 3458 3529
3 3529 3458 3530
3 3458 3459 3530
3 3530 3459 3531
3 3459 3460 3531
3 3531 3460 3532
3 3460 3461 3532
3 3532 3461 3533
3 3461 3534 3533
3 3461 3462 3534
3 3462 3535 3534
3 3462 3463 3535
3 3463 3536 3535
3 3463 3464 3536
3 3464 3537 3536
3 3464 3465 3537
3 3465 3538 3537
3 3465 3466 3538
3 3466 3539 3538
3 3466 3467 3539
3 3467 3540 3539
3 3467 3468 3540
3 3468 3541 3540
3 3468 3469 3541
3 3469 3542 3541
3 3469 3470 3542
3 3470 3543 3542
3 3470 3471 3543
3 3471 3472 3543
3 3543 3472 3544
3 3472 3473 3544
3 3544 3473 3545
3 3473 3474 3545
3 3545 3474 3546
3 3474 3475 3546
3 3546 3475 3547
3 3475 3476 3547
3 3547 3476 3548
3 3476 3477 3548
3 3548 3477 3549
3 3477 3478 3549
3 3549 3478 3550
3 3478 3479 3550
3 3550 3479 3551
3 3479 3480 3551
3 3551 3480 3552
3 3480 3481 3552
3 3552 3481 3553
3 3481 3482 3553
3 3553 3482 3554
3 3482 3483 3554
3 3554 3483 3555
3 3483 3556 3555
3 3483 3484 3556
3 3484 3557 3556
3 3484 3485 3557
3 3485 3486 3557
3 3557 3486 3558
3 3486 3559 3558
3 3486 3487 3559
3 3487 3560 3559
3 3487 3488 3560
3 3488 3561 3560
3 3488 3489 3561
3 3489 3562 3561
3 3489 3490 3562
3 3490 3563 3562
3 3490 3491 3563
3 3491 3492 3563
3 3563 3492 3564
3 3492 3493 3564
3 3564 3493 3565
3 3493 3494 3565
3 3565 3494 3566
3 3494 3495 3566
3 3566 3495 3567
3 3495 3496 3567
3 3567 3496 3568
3 3496 3497 3568
3 3568 3497 3569
3 3497 3498 3569
3 3569 3498 3570
3 3498 3499 3570
3 3570 3499 3571
3 3499 3500 3571
3 3571 3500 3572
3 3500 3502 3572
3 3572 3502 3573
3 3503 3504 3574
3 3504 3575 3574
3 3504 3505 3575
3 3505 3576 3575
3 3505 3506 3576
3 3506 3577 3576
3 3506 3507 3577
3 3507 3578 3577
3 3507 3508 3578
3 3508 3579 3578
3 3508 3509 3579
3 3509 3580 3579
3 3509 3510 3580
3 3510 3581 3580
3 3510 3511 3581
3 3511 3512 3581
3 3581 3512 3582
3 3512 3513 3582
3 3582 3513 3583
3 3513 3514 3583
3 3583 3514 3584
3 3514 3585 3584
3 3514 3515 3585
3 3515 3586 3585
3 3515 3516 3586
3 3516 3587 3586
3 3516 3517 3587
3 3517 3588 3587
3 3517 3518 3588
3 3518 3589 3588
3 3518 3519 3589
3 3519 3590 3589
3 3519 3520 3590
3 3520 3591 3590
3 3520 3521 3591
3 3521 3592 3591
3 3521 3522 3592
3 3522 3593 3592
3 3522 3523 3593
3 3523 3594 3593
3 3523 3524 3594
3 3524 3595 3594
3 3524 3525 3595
3 3525 3596 3595
3 3525 3526 3596
3 3526 3597 3596
3 3526 3527 3597
3 3527 3598 3597
3 3527 3528 3598
3 3528 3529 3598
3 3598 3529 3599
3 3529 3600 3599
3 3529 3530 3600
3 3530 3601 3600
3 3530 3531 3601
3 3531 3602 3601
3 3531 3532 3602
3 3532 3603 3602
3 3532 3533 3603
3 3533 3604 3603
3 3533 3534 3604
3 3534 3605 3604
3 3534 3535 3605
3 3535 3606 3605
3 3535 3536 3606
3 3536 3607 3606
3 3536 3537 3607
3 3537 3608 3607
3 3537 3538 3608
3 3538 3609 3608
3 3538 3539 3609
3 3539 3610 3609
3 3539 3540 3610
3 3540 3611 3610
3 3540 3541 3611
3 3541 3612 3611
3 3541 3542 3612
3 3542 3613 3612
3 3542 3543 3613
3 3543 3544 3613
3 3613 3544 3614
3 3544 3545 3614
3 3614 3545 3615
3 3545 3546 3615
3 3615 3546 3616
3 3546 3547 3616
3 3616 3547 3617
3 3547 3548 3617
3 3617 3548 3618
3 3548 3549 3618
3 3618 3549 3619
3 3549 3550 3619
3 3619 3550 3620
3 3550 3551 3620
3 3620 3551 3621
3 3551 3552 3621
3 3621 3552 3622
3 3552 3553 3622
3 3622 3553 3623
3 3553 3554 3623
3 3623 3554 3624
3 3554 3625 3624
3 3554 3555 3625
3 3555 3626 3625
3 3555 3556 3626
3 3556 3627 3626
3 3556 3557 3627
3 3557 3628 3627
3 3557 3558 3628
3 3558 3629 3628
3 3558 3559 3629
3 3559 3630 3629
3 3559 3560 3630
3 3560 3631 3630
3 3560 3561 3631
3 3561 3632 3631
3 3561 3562 3632
3 3562 3633 3632
3 3562 3563 3633
3 3563 3634 3633
3 3563 3564 3634
3 3564 3565 3634
3 3634 3565 3635
3 3565 3566 3635
3 3635 3566 3636
3 3566 3637 3636
3 3566 3567 3637
3 3567 3568 3637
3 3637 3568 3638
3 3568 3639 3638
3 3568 3569 3639
3 3569 3640 3639
3 3569 3570 3640
3 3570 3641 3640
3 3570 3571 3641
3 3571 3642 3641
3 3571 3572 3642
3 3572 3573 3642
3 3642 3573 3643
3 3574 3644 3645
3 3574 3575 3644
3 3575 3646 3644
3 3575 3576 3646
3 3576 3647 3646
3 3576 3577 3647
3 3577 3648 3647
3 3577 3578 3648
3 3578 3649 3648
3 3578 3579 3649
3 3579 3650 3649
3 3579 3580 3650
3 3580 3651 3650
3 3580 3581 3651
3 3581 3582 3651
3 3651 3582 3652
3 3582 3583 3652
3 3652 3583 3653
3 3583 3584 3653
3 3653 3584 3654
3 3584 3655 3654
3 3584 3585 3655
3 3585 3656 3655
3 3585 3586 3656
3 3586 3657 3656
3 3586 3587 3657
3 3587 3658 3657
3 3587 3588 3658
3 3588 3659 3658
3 3588 3589 3659
3 3589 3660 3659
3 3589 3590 3660
3 3590 3661 3660
3 3590 3591 3661
3 3591 3662 3661
3 3591 3592 3662
3 3592 3663 3662
3 3592 3593 3663
3 3593 3664 3663
3 3593 3594 3664
3 3594 3665 3664
3 3594 3595 3665
3 3595 3666 3665
3 3595 3596 3666
3 3596 3667 3666
3 3596 3597 3667
3 3597 3668 3667
3 3597 3598 3668
3 3598 3599 3668
3 3668 3599 3669
3 3599 3600 3669
3 3669 3600 3670
3 3600 3671 3670
3 3600 3601 3671
3 3601 3602 3671
3 3671 3602 3672
3 3602 3673 3672
3 3602 3603 3673
3 3603 3674 3673
3 3603 3604 3674
3 3604 3675 3674
3 3604 3605 3675
3 3605 3676 3675
3 3605 3606 3676
3 3606 3677 3676
3 3606 3607 3677
3 3607 3678 3677
3 3607 3608 3678
3 3608 3679 3678
3 3608 3609 3679
3 3609 3680 3679
3 3609 3610 3680
3 3610 3681 3680
3 3610 3611 3681
3 3611 3682 3681
3 3611 3612 3682
3 3612 3683 3682
3 3612 3613 3683
3 3613 3614 3683
3 3683 3614 3684
3 3614 3615 3684
3 3684 3615 3685
3 3615 3616 3685
3 3685 3616 3686
3 3616 3617 3686
3 3686 3617 3687
3 3617 3618 3687
3 3687 3618 3688
3 3618 3619 3688
3 3688 3619 3689
3 3619 3620 3689
3 3689 3620 3690
3 3620 3621 3690
3 3690 3621 3691
3 3621 3622 3691
3 3691 3622 3692
3 3622 3623 3692
3 3692 3623 3693
3 3623 3624 3693
3 3693 3624 3694
3 3624 3695 3694
3 3624 3625 3695
3 3625 3696 3695
3 3625 3626 3696
3 3626 3697 3696
3 3626 3627 3697
3 3627 3698 3697
3 3627 3628 3698
3 3628 3699 3698
3 3628 3629 3699
3 3629 3700 3699
3 3629 3630 3700
3 3630 3701 3700
3 3630 3631 3701
3 3631 3702 3701
3 3631 3632 3702
3 3632 3703 3702
3 3632 3633 3703
3 3633 3704 3703
3 3633 3634 3704
3 3634 3635 3704
3 3704 3635 3705
3 3635 3636 3705
3 3705 3636 3706
3 3636 3707 3706
3 3636 3637 3707
3 3637 3708 3707
3 3637 3638 3708
3 3638 3709 3708
3 3638 3639 3709
3 3639 3710 3709
3 3639 3640 3710
3 3640 3711 3710
3 3640 3641 3711
3 3641 3712 3711
3 3641 3642 3712
3 3642 3713 3712
3 3642 3643 3713
3 3645 3644 3714
3 3714 3644 3715
3 3644 3716 3715
3 3644 3646 3716
3 3646 3717 3716
3 3646 3647 3717
3 3647 3718 3717
3 3647 3648 3718
3 3648 3719 3718
3 3648 3649 3719
3 3649 3720 3719
3 3649 3650 3720
3 3650 3721 3720
3 3650 3651 3721
3 3651 3652 3721
3 3721 3652 3722
3 3652 3653 3722
3 3722 3653 3723
3 3653 3724 3723
3 3653 3654 3724
3 3654 3725 3724
3 3654 3655 3725
3 3655 3726 3725
3 3655 3656 3726
3 3656 3727 3726
3 3656 3657 3727
3 3657 3728 3727
3 3657 3658 3728
3 3658 3729 3728
3 3658 3659 3729
3 3659 3730 3729
3 3659 3660 3730
3 3660 3731 3730
3 3660 3661 3731
3 3661 3732 3731
3 3661 3662 3732
3 3662 3733 3732
3 3662 3663 3733
3 3663 3734 3733
3 3663 3664 3734
3 3664 3735 3734
3 3664 3665 3735
3 3665 3736 3735
3 3665 3666 3736
3 3666 3737 3736
3 3666 3667 3737
3 3667 3668 3737
3 3737 3668 3738
3 3668 3669 3738
3 3738 3669 3739
3 3669 3670 3739
3 3739 3670 3740
3 3670 3671 3740
3 3740 3671 3741
3 3671 3672 3741
3 3741 3672 3742
3 3672 3743 3742
3 3672 3673 3743
3 3673 3744 3743
3 3673 3674 3744
3 3674 3745 3744
3 3674 3675 3745
3 3675 3746 3745
3 3675 3676 3746
3 3676 3747 3746
3 3676 3677 3747
3 3677 3748 3747
3 3677 3678 3748
3 3678 3749 3748
3 3678 3679 3749
3 3679 3750 3749
3 3679 3680 3750
3 3680 3751 3750
3 3680 3681 3751
3 3681 3752 3751
3 3681 3682 3752
3 3682 3753 3752
3 3682 3683 3753
3 3683 3684 3753
3 3753 3684 3754
3 3684 3685 3754
3 3754 3685 3755
3 3685 3686 3755
3 3755 3686 3756
3 3686 3687 3756
3 3756 3687 3757
3 3687 3688 3757
3 3757 3688 3758
3 3688 3689 3758
3 3758 3689 3759
3 3689 3690 3759
3 3759 3690 3760
3 3690 3691 3760
3 3760 3691 3761
3 3691 3692 3761
3 3761 3692 3762
3 3692 3693 3762
3 3762 3693 3763
3 3693 3694 3763
3 3763 3694 3764
3 3694 3765 3764
3 3694 3695 3765
3 3695 3766 3765
3 3695 3696 3766
3 3696 3767 3766
3 3696 3697 3767
3 3697 3768 3767
3 3697 3698 3768
3 3698 3769 3768
3 3698 3699 3769
3 3699 3770 3769
3 3699 3700 3770
3 3700 3771 3770
3 3700 3701 3771
3 3701 3772 3771
3 3701 3702 3772
3 3702 3773 3772
3 3702 3703 3773
3 3703 3774 3773
3 3703 3704 3774
3 3704 3705 3774
3 3774 3705 3775
3 3705 3706 3775
3 3775 3706 3776
3 3706 3777 3776
3 3706 3707 3777
3 3707 3778 3777
3 3707 3708 3778
3 3708 3779 3778
3 3708 3709 3779
3 3709 3780 3779
3 3709 3710 3780
3 3710 3781 3780
3 3710 3711 3781
3 3711 3782 3781
3 3711 3712 3782
3 3712 3783 3782
3 3712 3713 3783
3 3713 3784 3783
3 3714 3715 3785
3 3785 3715 3786
3 3715 3787 3786
3 3715 3716 3787
3 3716 3788 3787
3 3716 3717 3788
3 3717 3789 3788
3 3717 3718 3789
3 3718 3790 3789
3 3718 3719 3790
3 3719 3791 3790
3 3719 3720 3791
3 3720 3792 3791
3 3720 3721 3792
3 3721 3722 3792
3 3792 3722 3793
3 3722 3723 3793
3 3793 3723 3794
3 3723 3724 3794
3 3794 3724 3795
3 3724 3725 3795
3 3795 3725 3796
3 3725 3797 3796
3 3725 3726 3797
3 3726 3798 3797
3 3726 3727 3798
3 3727 3799 3798
3 3727 3728 3799
3 3728 3729 3799
3 3799 3729 3800
3 3729 3801 3800
3 3729 3730 3801
3 3730 3802 3801
3 3730 3731 3802
3 3731 3803 3802
3 3731 3732 3803
3 3732 3804 3803
3 3732 3733 3804
3 3733 3805 3804
3 3733 3734 3805
3 3734 3806 3805
3 3734 3735 3806
3 3735 3807 3806
3 3735 3736 3807
3 3736 3808 3807
3 3736 3737 3808
3 3737 3738 3808
3 3808 3738 3809
3 3738 3739 3809
3 3809 3739 3810
3 3739 3740 3810
3 3810 3740 3811
3 3740 3741 3811
3 3811 3741 3812
3 3741 3742 3812
3 3812 3742 3813
3 3742 3743 3813
3 3813 3743 3814
3 3743 3744 3814
3 3814 3744 3815
3 3744 3816 3815
3 3744 3745 3816
3 3745 3817 3816
3 3745 3746 3817
3 3746 3747 3817
3 3817 3747 3818
3 3747 3819 3818
3 3747 3748 3819
3 3748 3820 3819
3 3748 3749 3820
3 3749 3821 3820
3 3749 3750 3821
3 3750 3822 3821
3 3750 3751 3822
3 3751 3823 3822
3 3751 3752 3823
3 3752 3824 3823
3 3752 3753 3824
3 3753 3754 3824
3 3824 3754 3825
3 3754 3755 3825
3 3825 3755 3826
3 3755 3756 3826
3 3826 3756 3827
3 3756 3757 3827
3 3827 3757 3828
3 3757 3758 3828
3 3828 3758 3829
3 3758 3759 3829
3 3829 3759 3830
3 3759 3760 3830
3 3830 3760 3831
3 3760 3761 3831
3 3831 3761 3832
3 3761 3762 3832
3 3832 3762 3833
3 3762 3763 3833
3 3833 3763 3834
3 3763 3835 3834
3 3763 3764 3835
3 3764 3836 3835
3 3764 3765 3836
3 3765 3837 3836
3 3765 3766 3837
3 3766 3838 3837
3 3766 3767 3838
3 3767 3839 3838
3 3767 3768 3839
3 3768 3840 3839
3 3768 3769 3840
3 3769 3841 3840
3 3769 3770 3841
3 3770 3842 3841
3 3770 3771 3842
3 3771 3843 3842
3 3771 3772 3843
3 3772 3844 3843
3 3772 3773 3844
3 3773 3845 3844
3 3773 3774 3845
3 3774 3846 3845
3 3774 3775 3846
3 3775 3776 3846
3 3846 3776 3847
3 3776 3848 3847
3 3776 3777 3848
3 3777 3849 3848
3 3777 3778 3849
3 3778 3850 3849
3 3778 3779 3850
3 3779 3851 3850
3 3779 3780 3851
3 3780 3852 3851
3 3780 3781 3852
3 3781 3853 3852
3 3781 3782 3853
3 3782 3854 3853
3 3782 3783 3854
3 3783 3855 3854
3 3783 3784 3855
3 3856 3785 3857
3 3785 3786 3857
3 3857 3786 3858
3 3786 3859 3858
3 3786 3787 3859
3 3787 3860 3859
3 3787 3788 3860
3 3788 3861 3860
3 3788 3789 3861
3 3789 3862 3861
3 3789 3790 3862
3 3790 3791 3862
3 3862 3791 3863
3 3791 3792 3863
3 3863 3792 3864
3 3792 3793 3864
3 3864 3793 3865
3 3793 3794 3865
3 3865 3794 3866
3 3794 3795 3866
3 3866 3795 3867
3 3795 3796 3867
3 3867 3796 3868
3 3796 3797 3868
3 3868 3797 3869
3 3797 3798 3869
3 3869 3798 3870
3 3798 3799 3870
3 3870 3799 3871
3 3799 3800 3871
3 3871 3800 3872
3 3800 3801 3872
3 3872 3801 3873
3 3801 3802 3873
3 3873 3802 3874
3 3802 3803 3874
3 3874 3803 3875
3 3803 3804 3875
3 3875 3804 3876
3 3804 3805 3876
3 3876 3805 3877
3 3805 3806 3877
3 3877 3806 3878
3 3806 3807 3878
3 3878 3807 3879
3 3807 3808 3879
3 3879 3808 3880
3 3808 3809 3880
3 3880 3809 3881
3 3809 3810 3881
3 3881 3810 3882
3 3810 3811 3882
3 3882 3811 3883
3 3811 3812 3883
3 3883 3812 3884
3 3812 3813 3884
3 3884 3813 3885
3 3813 3814 3885
3 3885 3814 3886
3 3814 3815 3886
3 3886 3815 3887
3 3815 3816 3887
3 3887 3816 3888
3 3816 3817 3888
3 3888 3817 3889
3 3817 3818 3889
3 3889 3818 3890
3 3818 3819 3890
3 3890 3819 3891
3 3819 3820 3891
3 3891 3820 3892
3 3820 3821 3892
3 3892 3821 3893
3 3821 3894 3893
3 3821 3822 3894
3 3822 3895 3894
3 3822 3823 3895
3 3823 3824 3895
3 3895 3824 3896
3 3824 3825 3896
3 3896 3825 3897
3 3825 3826 3897
3 3897 3826 3898
3 3826 3827 3898
3 3898 3827 3899
3 3827 3828 3899
3 3899 3828 3900
3 3828 3829 3900
3 3900 3829 3901
3 3829 3830 3901
3 3901 3830 3902
3 3830 3831 3902
3 3902 3831 3903
3 3831 3832 3903
3 3903 3832 3904
3 3832 3833 3904
3 3904 3833 3905
3 3833 3834 3905
3 3905 3834 3906
3 3834 3835 3906
3 3906 3835 3907
3 3835 3836 3907
3 3907 3836 3908
3 3836 3837 3908
3 3908 3837 3909
3 3837 3910 3909
3 3837 3838 3910
3 3838 3911 3910
3 3838 3839 3911
3 3839 3912 3911
3 3839 3840 3912
3 3840 3913 3912
3 3840 3841 3913
3 3841 3914 3913
3 3841 3842 3914
3 3842 3915 3914
3 3842 3843 3915
3 3843 3916 3915
3 3843 3844 3916
3 3844 3845 3916
3 3916 3845 3917
3 3845 3846 3917
3 3917 3846 3918
3 3846 3847 3918
3 3918 3847 3919
3 3847 3848 3919
3 3919 3848 3920
3 3848 3849 3920
3 3920 3849 3921
3 3849 3922 3921
3 3849 3850 3922
3 3850 3923 3922
3 3850 3851 3923
3 3851 3924 3923
3 3851 3852 3924
3 3852 3853 3924
3 3924 3853 3925
3 3853 3854 3925
3 3925 3854 3926
3 3854 3927 3926
3 3854 3855 3927
3 3856 3857 3928
3 3857 3929 3928
3 3857 3858 3929
3 3858 3930 3929
3 3858 3859 3930
3 3859 3931 3930
3 3859 3860 3931
3 3860 3932 3931
3 3860 3861 3932
3 3861 3933 3932
3 3861 3862 3933
3 3862 3934 3933
3 3862 3863 3934
3 3863 3935 3934
3 3863 3864 3935
3 3864 3865 3935
3 3935 3865 3936
3 3865 3866 3936
3 3936 3866 3937
3 3866 3867 3937
3 3937 3867 3938
3 3867 3868 3938
3 3938 3868 3939
3 3868 3869 3939
3 3939 3869 3940
3 3869 3941 3940
3 3869 3870 3941
3 3870 3871 3941
3 3941 3871 3942
3 3871 3872 3942
3 3942 3872 3943
3 3872 3873 3943
3 3943 3873 3944
3 3873 3874 3944
3 3944 3874 3945
3 3874 3875 3945
3 3945 3875 3946
3 3875 3876 3946
3 3946 3876 3947
3 3876 3877 3947
3 3947 3877 3948
3 3877 3878 3948
3 3948 3878 3949
3 3878 3879 3949
3 3949 3879 3950
3 3879 3880 3950
3 3950 3880 3951
3 3880 3881 3951
3 3951 3881 3952
3 3881 3882 3952
3 3952 3882 3953
3 3882 3883 3953
3 3953 3883 3954
3 3883 3884 3954
3 3954 3884 3955
3 3884 3885 3955
3 3955 3885 3956
3 3885 3886 3956
3 3956 3886 3957
3 3886 3887 3957
3 3957 3887 3958
3 3887 3888 3958
3 3958 3888 3959
3 3888 3889 3959
3 3959 3889 3960
3 3889 3890 3960
3 3960 3890 3961
3 3890 3891 3961
3 3961 3891 3962
3 3891 3892 3962
3 3962 3892 3963
3 3892 3893 3963
3 3963 3893 3964
3 3893 3965 3964
3 3893 3894 3965
3 3894 3966 3965
3 3894 3895 3966
3 3895 3967 3966
3 3895 3896 3967
3 3896 3897 3967
3 3967 3897 3968
3 3897 3898 3968
3 3968 3898 3969
3 3898 3899 3969
3 3969 3899 3970
3 3899 3900 3970
3 3970 3900 3971
3 3900 3901 3971
3 3971 3901 3972
3 3901 3902 3972
3 3972 3902 3973
3 3902 3903 3973
3 3973 3903 3974
3 3903 3904 3974
3 3974 3904 3975
3 3904 3905 3975
3 3975 3905 3976
3 3905 3906 3976
3 3976 3906 3977
3 3906 3907 3977
3 3977 3907 3978
3 3907 3908 3978
3 3978 3908 3979
3 3908 3980 3979
3 3908 3909 3980
3 3909 3981 3980
3 3909 3910 3981
3 3910 3982 3981
3 3910 3911 3982
3 3911 3983 3982
3 3911 3912 3983
3 3912 3984 3983
3 3912 3913 3984
3 3913 3985 3984
3 3913 3914 3985
3 3914 3986 3985
3 3914 3915 3986
3 3915 3987 3986
3 3915 3916 3987
3 3916 3917 3987
3 3987 3917 3988
3 3917 3918 3988
3 3988 3918 3989
3 3918 3919 3989
3 3989 3919 3990
3 3919 3920 3990
3 3990 3920 3991
3 3920 3921 3991
3 3991 3921 3992
3 3921 3922 3992
3 3992 3922 3993
3 3922 3923 3993
3 3993 3923 3994
3 3923 3924 3994
3 3994 3924 3995
3 3924 3925 3995
3 3995 3925 3996
3 3925 3926 3996
3 3996 3926 3997
3 3926 3927 3997
3 3997 3927 3998
3 3928 3999 4000
3 3928 3929 3999
3 3929 4001 3999
3 3929 3930 4001
3 3930 4002 4001
3 3930 3931 4002
3 3931 4003 4002
3 3931 3932 4003
3 3932 4004 4003
3 3932 3933 4004
3 3933 4005 4004
3 3933 3934 4005
3 3934 4006 4005
3 3934 3935 4006
3 3935 4007 4006
3 3935 3936 4007
3 3936 3937 4007
3 4007 3937 4008
3 3937 3938 4008
3 4008 3938 4009
3 3938 4010 4009
3 3938 3939 4010
3 3939 4011 4010
3 3939 3940 4011
3 3940 4012 4011
3 3940 3941 4012
3 3941 4013 4012
3 3941 3942 4013
3 3942 3943 4013
3 4013 3943 4014
3 3943 4015 4014
3 3943 3944 4015
3 3944 4016 4015
3 3944 3945 4016
3 3945 4017 4016
3 3945 3946 4017
3 3946 4018 4017
3 3946 3947 4018
3 3947 4019 4018
3 3947 3948 4019
3 3948 4020 4019
3 3948 3949 4020
3 3949 4021 4020
3 3949 3950 4021
3 3950 4022 4021
3 3950 3951 4022
3 3951 3952 4022
3 4022 3952 4023
3 3952 3953 4023
3 4023 3953 4024
3 3953 3954 4024
3 4024 3954 4025
3 3954 4026 4025
3 3954 3955 4026
3 3955 3956 4026
3 4026 3956 4027
3 3956 3957 4027
3 4027 3957 4028
3 3957 3958 4028
3 4028 3958 4029
3 3958 3959 4029
3 4029 3959 4030
3 3959 3960 4030
3 4030 3960 4031
3 3960 3961 4031
3 4031 3961 4032
3 3961 3962 4032
3 4032 3962 4033
3 3962 3963 4033
3 4033 3963 4034
3 3963 4035 4034
3 3963 3964 4035
3 3964 4036 4035
3 3964 3965 4036
3 3965 4037 4036
3 3965 3966 4037
3 3966 4038 4037
3 3966 3967 4038
3 3967 4039 4038
3 3967 3968 4039
3 3968 4040 4039
3 3968 3969 4040
3 3969 3970 4040
3 4040 3970 4041
3 3970 3971 4041
3 4041 3971 4042
3 3971 3972 4042
3 4042 3972 4043
3 3972 3973 4043
3 4043 3973 4044
3 3973 3974 4044
3 4044 3974 4045
3 3974 4046 4045
3 3974 3975 4046
3 3975 3976 4046
3 4046 3976 4047
3 3976 3977 4047
3 4047 3977 4048
3 3977 3978 4048
3 4048 3978 4049
3 3978 3979 4049
3 4049 3979 4050
3 3979 4051 4050
3 3979 3980 4051
3 3980 4052 4051
3 3980 3981 4052
3 3981 4053 4052
3 3981 3982 4053
3 3982 4054 4053
3 3982 3983 4054
3 3983 4055 4054
3 3983 3984 4055
3 3984 4056 4055
3 3984 3985 4056
3 3985 4057 4056
3 3985 3986 4057
3 3986 4058 4057
3 3986 3987 4058
3 3987 4059 4058
3 3987 3988 4059
3 3988 3989 4059
3 4059 3989 4060
3 3989 3990 4060
3 4060 3990 4061
3 3990 4062 4061
3 3990 3991 4062
3 3991 3992 4062
3 4062 3992 4063
3 3992 4064 4063
3 3992 3993 4064
3 3993 4065 4064
3 3993 3994 4065
3 3994 4066 4065
3 3994 3995 4066
3 3995 4067 4066
3 3995 3996 4067
3 3996 3997 4067
3 4067 3997 4068
3 3997 4069 4068
3 3997 3998 4069
3 4000 3999 4070
3 3999 4071 4070
3 3999 4001 4071
3 4001 4072 4071
3 4001 4002 4072
3 4002 4073 4072
3 4002 4003 4073
3 4003 4074 4073
3 4003 4004 4074
3 4004 4075 4074
3 4004 4005 4075
3 4005 4076 4075
3 4005 4006 4076
3 4006 4077 4076
3 4006 4007 4077
3 4007 4078 4077
3 4007 4008 4078
3 4008 4079 4078
3 4008 4009 4079
3 4009 4080 4079
3 4009 4010 4080
3 4010 4081 4080
3 4010 4011 4081
3 4011 4082 4081
3 4011 4012 4082
3 4012 4083 4082
3 4012 4013 4083
3 4013 4084 4083
3 4013 4014 4084
3 4014 4085 4084
3 4014 4015 4085
3 4015 4086 4085
3 4015 4016 4086
3 4016 4087 4086
3 4016 4017 4087
3 4017 4088 4087
3 4017 4018 4088
3 4018 4089 4088
3 4018 4019 4089
3 4019 4090 4089
3 4019 4020 4090
3 4020 4091 4090
3 4020 4021 4091
3 4021 4092 4091
3 4021 4022 4092
3 4022 4093 4092
3 4022 4023 4093
3 4023 4094 4093
3 4023 4024 4094
3 4024 4095 4094
3 4024 4025 4095
3 4025 4096 4095
3 4025 4026 4096
3 4026 4097 4096
3 4026 4027 4097
3 4027 4098 4097
3 4027 4028 4098
3 4028 4099 4098
3 4028 4029 4099
3 4029 4100 4099
3 4029 4030 4100
3 4030 4101 4100
3 4030 4031 4101
3 4031 4102 4101
3 4031 4032 4102
3 4032 4103 4102
3 4032 4033 4103
3 4033 4104 4103
3 4033 4034 4104
3 4034 4105 4104
3 4034 4035 4105
3 4035 4106 4105
3 4035 4036 4106
3 4036 4107 4106
3 4036 4037 4107
3 4037 4108 4107
3 4037 4038 4108
3 4038 4109 4108
3 4038 4039 4109
3 4039 4040 4109
3 4109 4040 4110
3 4040 4041 4110
3 4110 4041 4111
3 4041 4042 4111
3 4111 4042 4112
3 4042 4043 4112
3 4112 4043 4113
3 4043 4044 4113
3 4113 4044 4114
3 4044 4045 4114
3 4114 4045 4115
3 4045 4046 4115
3 4115 4046 4116
3 4046 4047 4116
3 4116 4047 4117
3 4047 4048 4117
3 4117 4048 4118
3 4048 4049 4118
3 4118 4049 4119
3 4049 4050 4119
3 4119 4050 4120
3 4050 4121 4120
3 4050 4051 4121
3 4051 4122 4121
3 4051 4052 4122
3 4052 4123 4122
3 4052 4053 4123
3 4053 4124 4123
3 4053 4054 4124
3 4054 4125 4124
3 4054 4055 4125
3 4055 4126 4125
3 4055 4056 4126
3 4056 4127 4126
3 4056 4057 4127
3 4057 4128 4127
3 4057 4058 4128
3 4058 4059 4128
3 4128 4059 4129
3 4059 4060 4129
3 4129 4060 4130
3 4060 4061 4130
3 4130 4061 4131
3 4061 4062 4131
3 4131 4062 4132
3 4062 4063 4132
3 4132 4063 4133
3 4063 4064 4133
3 4133 4064 4134
3 4064 4065 4134
3 4134 4065 4135
3 4065 4066 4135
3 4135 4066 4136
3 4066 4067 4136
3 4136 4067 4137
3 4067 4068 4137
3 4137 4068 4138
3 4068 4069 4138
3 4138 4069 4139
3 4070 4071 4140
3 4071 4141 4140
3 4071 4072 4141
3 4072 4142 4141
3 4072 4073 4142
3 4073 4143 4142
3 4073 4074 4143
3 4074 4144 4143
3 4074 4075 4144
3 4075 4145 4144
3 4075 4076 4145
3 4076 4146 4145
3 4076 4077 4146
3 4077 4147 4146
3 4077 4078 4147
3 4078 4148 4147
3 4078 4079 4148
3 4079 4149 4148
3 4079 4080 4149
3 4080 4150 4149
3 4080 4081 4150
3 4081 4151 4150
3 4081 4082 4151
3 4082 4152 4151
3 4082 4083 4152
3 4083 4153 4152
3 4083 4084 4153
3 4084 4154 4153
3 4084 4085 4154
3 4085 4155 4154
3 4085 4086 4155
3 4086 4156 4155
3 4086 4087 4156
3 4087 4157 4156
3 4087 4088 4157
3 4088 4158 4157
3 4088 4089 4158
3 4089 4159 4158
3 4089 4090 4159
3 4090 4160 4159
3 4090 4091 4160
3 4091 4161 4160
3 4091 4092 4161
3 4092 4162 4161
3 4092 4093 4162
3 4093 4163 4162
3 4093 4094 4163
3 4094 4164 4163
3 4094 4095 4164
3 4095 4165 4164
3 4095 4096 4165
3 4096 4166 4165
3 4096 4097 4166
3 4097 4167 4166
3 4097 4098 4167
3 4098 4168 4167
3 4098 4099 4168
3 4099 4169 4168
3 4099 4100 4169
3 4100 4170 4169
3 4100 4101 4170
3 4101 4171 4170
3 4101 4102 4171
3 4102 4172 4171
3 4102 4103 4172
3 4103 4173 4172
3 4103 4104 4173
3 4104 4174 4173
3 4104 4105 4174
3 4105 4175 4174
3 4105 4106 4175
3 4106 4176 4175
3 4106 4107 4176
3 4107 4177 4176
3 4107 4108 4177
3 4108 4178 4177
3 4108 4109 4178
3 4109 4110 4178
3 4178 4110 4179
3 4110 4111 4179
3 4179 4111 4180
3 4111 4112 4180
3 4180 4112 4181
3 4112 4113 4181
3 4181 4113 4182
3 4113 4114 4182
3 4182 4114 4183
3 4114 4115 4183
3 4183 4115 4184
3 4115 4116 4184
3 4184 4116 4185
3 4116 4117 4185
3 4185 4117 4186
3 4117 4118 4186
3 4186 4118 4187
3 4118 4119 4187
3 4187 4119 4188
3 4119 4120 4188
3 4188 4120 4189
3 4120 4190 4189
3 4120 4121 4190
3 4121 4191 4190
3 4121 4122 4191
3 4122 4192 4191
3 4122 4123 4192
3 4123 4193 4192
3 4123 4124 4193
3 4124 4194 4193
3 4124 4125 4194
3 4125 4195 4194
3 4125 4126 4195
3 4126 4196 4195
3 4126 4127 4196
3 4127 4197 4196
3 4127 4128 4197
3 4128 4129 4197
3 4197 4129 4198
3 4129 4130 4198
3 4198 4130 4199
3 4130 4131 4199
3 4199 4131 4200
3 4131 4132 4200
3 4200 4132 4201
3 4132 4133 4201
3 4201 4133 4202
3 4133 4203 4202
3 4133 4134 4203
3 4134 4204 4203
3 4134 4135 4204
3 4135 4205 4204
3 4135 4136 4205
3 4136 4137 4205
3 4205 4137 4206
3 4137 4138 4206
3 4206 4138 4207
3 4138 4208 4207
3 4138 4139 4208
3 4139 4209 4208
3 4140 4210 4211
3 4140 4141 4210
3 4141 4212 4210
3 4141 4142 4212
3 4142 4213 4212
3 4142 4143 4213
3 4143 4214 4213
3 4143 4144 4214
3 4144 4215 4214
3 4144 4145 4215
3 4145 4216 4215
3 4145 4146 4216
3 4146 4217 4216
3 4146 4147 4217
3 4147 4218 4217
3 4147 4148 4218
3 4148 4219 4218
3 4148 4149 4219
3 4149 4220 4219
3 4149 4150 4220
3 4150 4221 4220
3 4150 4151 4221
3 4151 4222 4221
3 4151 4152 4222
3 4152 4153 4222
3 4222 4153 4223
3 4153 4224 4223
3 4153 4154 4224
3 4154 4225 4224
3 4154 4155 4225
3 4155 4226 4225
3 4155 4156 4226
3 4156 4227 4226
3 4156 4157 4227
3 4157 4228 4227
3 4157 4158 4228
3 4158 4229 4228
3 4158 4159 4229
3 4159 4230 4229
3 4159 4160 4230
3 4160 4231 4230
3 4160 4161 4231
3 4161 4162 4231
3 4231 4162 4232
3 4162 4163 4232
3 4232 4163 4233
3 4163 4164 4233
3 4233 4164 4234
3 4164 4165 4234
3 4234 4165 4235
3 4165 4236 4235
3 4165 4166 4236
3 4166 4237 4236
3 4166 4167 4237
3 4167 4238 4237
3 4167 4168 4238
3 4168 4239 4238
3 4168 4169 4239
3 4169 4240 4239
3 4169 4170 4240
3 4170 4241 4240
3 4170 4171 4241
3 4171 4242 4241
3 4171 4172 4242
3 4172 4243 4242
3 4172 4173 4243
3 4173 4244 4243
3 4173 4174 4244
3 4174 4245 4244
3 4174 4175 4245
3 4175 4246 4245
3 4175 4176 4246
3 4176 4247 4246
3 4176 4177 4247
3 4177 4248 4247
3 4177 4178 4248
3 4178 4179 4248
3 4248 4179 4249
3 4179 4180 4249
3 4249 4180 4250
3 4180 4181 4250
3 4250 4181 4251
3 4181 4182 4251
3 4251 4182 4252
3 4182 4183 4252
3 4252 4183 4253
3 4183 4184 4253
3 4253 4184 4254
3 4184 4185 4254
3 4254 4185 4255
3 4185 4186 4255
3 4255 4186 4256
3 4186 4187 4256
3 4256 4187 4257
3 4187 4188 4257
3 4257 4188 4258
3 4188 4189 4258
3 4258 4189 4259
3 4189 4260 4259
3 4189 4190 4260
3 4190 4261 4260
3 4190 4191 4261
3 4191 4262 4261
3 4191 4192 4262
3 4192 4263 4262
3 4192 4193 4263
3 4193 4264 4263
3 4193 4194 4264
3 4194 4265 4264
3 4194 4195 4265
3 4195 4266 4265
3 4195 4196 4266
3 4196 4267 4266
3 4196 4197 4267
3 4197 4268 4267
3 4197 4198 4268
3 4198 4199 4268
3 4268 4199 4269
3 4199 4200 4269
3 4269 4200 4270
3 4200 4271 4270
3 4200 4201 4271
3 4201 4272 4271
3 4201 4202 4272
3 4202 4273 4272
3 4202 4203 4273
3 4203 4274 4273
3 4203 4204 4274
3 4204 4275 4274
3 4204 4205 4275
3 4205 4276 4275
3 4205 4206 4276
3 4206 4277 4276
3 4206 4207 4277
3 4207 4278 4277
3 4207 4208 4278
3 4208 4279 4278
3 4208 4209 4279
3 4211 4210 4280
3 4280 4210 4281
3 4210 4212 4281
3 4281 4212 4282
3 4212 4213 4282
3 4282 4213 4283
3 4213 4214 4283
3 4283 4214 4284
3 4214 4215 4284
3 4284 4215 4285
3 4215 4216 4285
3 4285 4216 4286
3 4216 4217 4286
3 4286 4217 4287
3 4217 4218 4287
3 4287 4218 4288
3 4218 4219 4288
3 4288 4219 4289
3 4219 4220 4289
3 4289 4220 4290
3 4220 4221 4290
3 4290 4221 4291
3 4221 4222 4291
3 4291 4222 4292
3 4222 4223 4292
3 4292 4223 4293
3 4223 4224 4293
3 4293 4224 4294
3 4224 4225 4294
3 4294 4225 4295
3 4225 4226 4295
3 4295 4226 4296
3 4226 4227 4296
3 4296 4227 4297
3 4227 4228 4297
3 4297 4228 4298
3 4228 4229 4298
3 4298 4229 4299
3 4229 4300 4299
3 4229 4230 4300
3 4230 4231 4300
3 4300 4231 4301
3 4231 4232 4301
3 4301 4232 4302
3 4232 4233 4302
3 4302 4233 4303
3 4233 4234 4303
3 4303 4234 4304
3 4234 4235 4304
3 4304 4235 4305
3 4235 4236 4305
3 4305 4236 4306
3 4236 4307 4306
3 4236 4237 4307
3 4237 4308 4307
3 4237 4238 4308
3 4238 4309 4308
3 4238 4239 4309
3 4239 4310 4309
3 4239 4240 4310
3 4240 4311 4310
3 4240 4241 4311
3 4241 4312 4311
3 4241 4242 4312
3 4242 4243 4312
3 4312 4243 4313
3 4243 4244 4313
3 4313 4244 4314
3 4244 4245 4314
3 4314 4245 4315
3 4245 4316 4315
3 4245 4246 4316
3 4246 4317 4316
3 4246 4247 4317
3 4247 4248 4317
3 4317 4248 4318
3 4248 4249 4318
3 4318 4249 4319
3 4249 4250 4319
3 4319 4250 4320
3 4250 4251 4320
3 4320 4251 4321
3 4251 4252 4321
3 4321 4252 4322
3 4252 4253 4322
3 4322 4253 4323
3 4253 4254 4323
3 4323 4254 4324
3 4254 4255 4324
3 4324 4255 4325
3 4255 4256 4325
3 4325 4256 4326
3 4256 4257 4326
3 4326 4257 4327
3 4257 4258 4327
3 4327 4258 4328
3 4258 4259 4328
3 4328 4259 4329
3 4259 4330 4329
3 4259 4260 4330
3 4260 4331 4330
3 4260 4261 4331
3 4261 4332 4331
3 4261 4262 4332
3 4262 4333 4332
3 4262 4263 4333
3 4263 4334 4333
3 4263 4264 4334
3 4264 4335 4334
3 4264 4265 4335
3 4265 4336 4335
3 4265 4266 4336
3 4266 4337 4336
3 4266 4267 4337
3 4267 4338 4337
3 4267 4268 4338
3 4268 4269 4338
3 4338 4269 4339
3 4269 4270 4339
3 4339 4270 4340
3 4270 4341 4340
3 4270 4271 4341
3 4271 4342 4341
3 4271 4272 4342
3 4272 4343 4342
3 4272 4273 4343
3 4273 4344 4343
3 4273 4274 4344
3 4274 4345 4344
3 4274 4275 4345
3 4275 4346 4345
3 4275 4276 4346
3 4276 4277 4346
3 4346 4277 4347
3 4277 4348 4347
3 4277 4278 4348
3 4278 4349 4348
3 4278 4279 4349
3 4350 4281 4351
3 4281 4282 4351
3 4351 4282 4352
3 4282 4283 4352
3 4352 4283 4353
3 4283 4284 4353
3 4353 4284 4354
3 4284 4285 4354
3 4354 4285 4355
3 4285 4286 4355
3 4355 4286 4356
3 4286 4287 4356
3 4356 4287 4357
3 4287 4288 4357
3 4357 4288 4358
3 4288 4289 4358
3 4358 4289 4359
3 4289 4290 4359
3 4359 4290 4360
3 4290 4291 4360
3 4360 4291 4361
3 4291 4292 4361
3 4361 4292 4362
3 4292 4293 4362
3 4362 4293 4363
3 4293 4294 4363
3 4363 4294 4364
3 4294 4295 4364
3 4364 4295 4365
3 4295 4296 4365
3 4365 4296 4366
3 4296 4297 4366
3 4366 4297 4367
3 4297 4298 4367
3 4367 4298 4368
3 4298 4299 4368
3 4368 4299 4369
3 4299 4370 4369
3 4299 4300 4370
3 4300 4301 4370
3 4370 4301 4371
3 4301 4302 4371
3 4371 4302 4372
3 4302 4303 4372
3 4372 4303 4373
3 4303 4304 4373
3 4373 4304 4374
3 4304 4305 4374
3 4374 4305 4375
3 4305 4306 4375
3 4375 4306 4376
3 4306 4307 4376
3 4376 4307 4377
3 4307 4378 4377
3 4307 4308 4378
3 4308 4379 4378
3 4308 4309 4379
3 4309 4380 4379
3 4309 4310 4380
3 4310 4311 4380
3 4380 4311 4381
3 4311 4312 4381
3 4381 4312 4382
3 4312 4313 4382
3 4382 4313 4383
3 4313 4314 4383
3 4383 4314 4384
3 4314 4315 4384
3 4384 4315 4385
3 4315 4316 4385
3 4385 4316 4386
3 4316 4317 4386
3 4386 4317 4387
3 4317 4318 4387
3 4387 4318 4388
3 4318 4319 4388
3 4388 4319 4389
3 4319 4320 4389
3 4389 4320 4390
3 4320 4321 4390
3 4390 4321 4391
3 4321 4322 4391
3 4391 4322 4392
3 4322 4323 4392
3 4392 4323 4393
3 4323 4324 4393
3 4393 4324 4394
3 4324 4325 4394
3 4394 4325 4395
3 4325 4326 4395
3 4395 4326 4396
3 4326 4327 4396
3 4396 4327 4397
3 4327 4328 4397
3 4397 4328 4398
3 4328 4329 4398
3 4398 4329 4399
3 4329 4330 4399
3 4399 4330 4400
3 4330 4331 4400
3 4400 4331 4401
3 4331 4332 4401
3 4401 4332 4402
3 4332 4333 4402
3 4402 4333 4403
3 4333 4404 4403
3 4333 4334 4404
3 4334 4405 4404
3 4334 4335 4405
3 4335 4406 4405
3 4335 4336 4406
3 4336 4337 4406
3 4406 4337 4407
3 4337 4338 4407
3 4407 4338 4408
3 4338 4339 4408
3 4408 4339 4409
3 4339 4340 4409
3 4409 4340 4410
3 4340 4341 4410
3 4410 4341 4411
3 4341 4342 4411
3 4411 4342 4412
3 4342 4343 4412
3 4412 4343 4413
3 4343 4344 4413
3 4413 4344 4414
3 4344 4345 4414
3 4414 4345 4415
3 4345 4346 4415
3 4415 4346 4416
3 4346 4347 4416
3 4416 4347 4417
3 4347 4348 4417
3 4417 4348 4418
3 4348 4419 4418
3 4348 4349 4419
3 4420 4351 4421
3 4351 4352 4421
3 4421 4352 4422
3 4352 4353 4422
3 4422 4353 4423
3 4353 4354 4423
3 4423 4354 4424
3 4354 4355 4424
3 4424 4355 4425
3 4355 4356 4425
3 4425 4356 4426
3 4356 4357 4426
3 4426 4357 4427
3 4357 4358 4427
3 4427 4358 4428
3 4358 4359 4428
3 4428 4359 4429
3 4359 4360 4429
3 4429 4360 4430
3 4360 4431 4430
3 4360 4361 4431
3 4361 4432 4431
3 4361 4362 4432
3 4362 4363 4432
3 4432 4363 4433
3 4363 4364 4433
3 4433 4364 4434
3 4364 4365 4434
3 4434 4365 4435
3 4365 4366 4435
3 4435 4366 4436
3 4366 4367 4436
3 4436 4367 4437
3 4367 4368 4437
3 4437 4368 4438
3 4368 4369 4438
3 4438 4369 4439
3 4369 4440 4439
3 4369 4370 4440
3 4370 4441 4440
3 4370 4371 4441
3 4371 4372 4441
3 4441 4372 4442
3 4372 4373 4442
3 4442 4373 4443
3 4373 4374 4443
3 4443 4374 4444
3 4374 4375 4444
3 4444 4375 4445
3 4375 4376 4445
3 4445 4376 4446
3 4376 4447 4446
3 4376 4377 4447
3 4377 4378 4447
3 4447 4378 4448
3 4378 4379 4448
3 4448 4379 4449
3 4379 4380 4449
3 4449 4380 4450
3 4380 4381 4450
3 4450 4381 4451
3 4381 4382 4451
3 4451 4382 4452
3 4382 4383 4452
3 4452 4383 4453
3 4383 4384 4453
3 4453 4384 4454
3 4384 4385 4454
3 4454 4385 4455
3 4385 4386 4455
3 4455 4386 4456
3 4386 4387 4456
3 4456 4387 4457
3 4387 4388 4457
3 4457 4388 4458
3 4388 4389 4458
3 4458 4389 4459
3 4389 4390 4459
3 4459 4390 4460
3 4390 4391 4460
3 4460 4391 4461
3 4391 4392 4461
3 4461 4392 4462
3 4392 4393 4462
3 4462 4393 4463
3 4393 4394 4463
3 4463 4394 4464
3 4394 4395 4464
3 4464 4395 4465
3 4395 4396 4465
3 4465 4396 4466
3 4396 4397 4466
3 4466 4397 4467
3 4397 4398 4467
3 4467 4398 4468
3 4398 4399 4468
3 4468 4399 4469
3 4399 4400 4469
3 4469 4400 4470
3 4400 4401 4470
3 4470 4401 4471
3 4401 4402 4471
3 4471 4402 4472
3 4402 4403 4472
3 4472 4403 4473
3 4403 4474 4473
3 4403 4404 4474
3 4404 4475 4474
3 4404 4405 4475
3 4405 4406 4475
3 4475 4406 4476
3 4406 4407 4476
3 4476 4407 4477
3 4407 4408 4477
3 4477 4408 4478
3 4408 4409 4478
3 4478 4409 4479
3 4409 4410 4479
3 4479 4410 4480
3 4410 4411 4480
3 4480 4411 4481
3 4411 4412 4481
3 4481 4412 4482
3 4412 4413 4482
3 4482 4413 4483
3 4413 4414 4483
3 4483 4414 4484
3 4414 4415 4484
3 4484 4415 4485
3 4415 4416 4485
3 4485 4416 4486
3 4416 4417 4486
3 4486 4417 4487
3 4417 4418 4487
3 4487 4418 4488
3 4418 4419 4488
3 4488 4419 4489
3 4420 4421 4490
3 4490 4421 4491
3 4421 4422 4491
3 4491 4422 4492
3 4422 4423 4492
3 4492 4423 4493
3 4423 4424 4493
3 4493 4424 4494
3 4424 4425 4494
3 4494 4425 4495
3 4425 4426 4495
3 4495 4426 4496
3 4426 4427 4496
3 4496 4427 4497
3 4427 4428 4497
3 4497 4428 4498
3 4428 4429 4498
3 4498 4429 4499
3 4429 4430 4499
3 4499 4430 4500
3 4430 4501 4500
3 4430 4431 4501
3 4431 4432 4501
3 4501 4432 4502
3 4432 4433 4502
3 4502 4433 4503
3 4433 4434 4503
3 4503 4434 4504
3 4434 4435 4504
3 4504 4435 4505
3 4435 4436 4505
3 4505 4436 4506
3 4436 4437 4506
3 4506 4437 4507
3 4437 4438 4507
3 4507 4438 4508
3 4438 4439 4508
3 4508 4439 4509
3 4439 4440 4509
3 4509 4440 4510
3 4440 4441 4510
3 4510 4441 4511
3 4441 4442 4511
3 4511 4442 4512
3 4442 4443 4512
3 4512 4443 4513
3 4443 4444 4513
3 4513 4444 4514
3 4444 4445 4514
3 4514 4445 4515
3 4445 4446 4515
3 4515 4446 4516
3 4446 4447 4516
3 4516 4447 4517
3 4447 4448 4517
3 4517 4448 4518
3 4448 4449 4518
3 4518 4449 4519
3 4449 4450 4519
3 4519 4450 4520
3 4450 4451 4520
3 4520 4451 4521
3 4451 4452 4521
3 4521 4452 4522
3 4452 4453 4522
3 4522 4453 4523
3 4453 4454 4523
3 4523 4454 4524
3 4454 4455 4524
3 4524 4455 4525
3 4455 4456 4525
3 4525 4456 4526
3 4456 4457 4526
3 4526 4457 4527
3 4457 4458 4527
3 4527 4458 4528
3 4458 4459 4528
3 4528 4459 4529
3 4459 4460 4529
3 4529 4460 4530
3 4460 4461 4530
3 4530 4461 4531
3 4461 4462 4531
3 4531 4462 4532
3 4462 4463 4532
3 4532 4463 4533
3 4463 4464 4533
3 4533 4464 4534
3 4464 4465 4534
3 4534 4465 4535
3 4465 4466 4535
3 4535 4466 4536
3 4466 4467 4536
3 4536 4467 4537
3 4467 4468 4537
3 4537 4468 4538
3 4468 4469 4538
3 4538 4469 4539
3 4469 4470 4539
3 4539 4470 4540
3 4470 4471 4540
3 4540 4471 4541
3 4471 4472 4541
3 4541 4472 4542
3 4472 4473 4542
3 4542 4473 4543
3 4473 4474 4543
3 4543 4474 4544
3 4474 4475 4544
3 4544 4475 4545
3 4475 4476 4545
3 4545 4476 4546
3 4476 4477 4546
3 4546 4477 4547
3 4477 4478 4547
3 4547 4478 4548
3 4478 4479 4548
3 4548 4479 4549
3 4479 4480 4549
3 4549 4480 4550
3 4480 4481 4550
3 4550 4481 4551
3 4481 4482 4551
3 4551 4482 4552
3 4482 4483 4552
3 4552 4483 4553
3 4483 4484 4553
3 4553 4484 4554
3 4484 4485 4554
3 4554 4485 4555
3 4485 4486 4555
3 4555 4486 4556
3 4486 4487 4556
3 4556 4487 4557
3 4487 4488 4557
3 4557 4488 4558
3 4488 4489 4558
3 4490 4491 4559
3 4559 4491 4560
3 4491 4492 4560
3 4560 4492 4561
3 4492 4493 4561
3 4561 4493 4562
3 4493 4494 4562
3 4562 4494 4563
3 4494 4495 4563
3 4563 4495 4564
3 4495 4496 4564
3 4564 4496 4565
3 4496 4497 4565
3 4565 4497 4566
3 4497 4498 4566
3 4566 4498 4567
3 4498 4499 4567
3 4567 4499 4568
3 4499 4500 4568
3 4568 4500 4569
3 4500 4501 4569
3 4569 4501 4570
3 4501 4502 4570
3 4570 4502 4571
3 4502 4503 4571
3 4571 4503 4572
3 4503 4504 4572
3 4572 4504 4573
3 4504 4505 4573
3 4573 4505 4574
3 4505 4506 4574
3 4574 4506 4575
3 4506 4507 4575
3 4575 4507 4576
3 4507 4508 4576
3 4576 4508 4577
3 4508 4509 4577
3 4577 4509 4578
3 4509 4510 4578
3 4578 4510 4579
3 4510 4511 4579
3 4579 4511 4580
3 4511 4512 4580
3 4580 4512 4581
3 4512 4513 4581
3 4581 4513 4582
3 4513 4514 4582
3 4582 4514 4583
3 4514 4515 4583
3 4583 4515 4584
3 4515 4516 4584
3 4584 4516 4585
3 4516 4517 4585
3 4585 4517 4586
3 4517 4518 4586
3 4586 4518 4587
3 4518 4519 4587
3 4587 4519 4588
3 4519 4520 4588
3 4588 4520 4589
3 4520 4521 4589
3 4589 4521 4590
3 4521 4522 4590
3 4590 4522 4591
3 4522 4523 4591
3 4591 4523 4592
3 4523 4524 4592
3 4592 4524 4593
3 4524 4525 4593
3 4593 4525 4594
3 4525 4526 4594
3 4594 4526 4595
3 4526 4527 4595
3 4595 4527 4596
3 4527 4528 4596
3 4596 4528 4597
3 4528 4529 4597
3 4597 4529 4598
3 4529 4530 4598
3 4598 4530 4599
3 4530 4531 4599
3 4599 4531 4600
3 4531 4532 4600
3 4600 4532 4601
3 4532 4533 4601
3 4601 4533 4602
3 4533 4534 4602
3 4602 4534 4603
3 4534 4535 4603
3 4603 4535 4604
3 4535 4536 4604
3 4604 4536 4605
3 4536 4537 4605
3 4605 4537 4606
3 4537 4538 4606
3 4606 4538 4607
3 4538 4539 4607
3 4607 4539 4608
3 4539 4540 4608
3 4608 4540 4609
3 4540 4541 4609
3 4609 4541 4610
3 4541 4542 4610
3 4610 4542 4611
3 4542 4543 4611
3 4611 4543 4612
3 4543 4544 4612
3 4612 4544 4613
3 4544 4545 4613
3 4613 4545 4614
3 4545 4546 4614
3 4614 4546 4615
3 4546 4547 4615
3 4615 4547 4616
3 4547 4548 4616
3 4616 4548 4617
3 4548 4549 4617
3 4617 4549 4618
3 4549 4550 4618
3 4618 4550 4619
3 4550 4551 4619
3 4619 4551 4620
3 4551 4552 4620
3 4620 4552 4621
3 4552 4553 4621
3 4621 4553 4622
3 4553 4554 4622
3 4622 4554 4623
3 4554 4555 4623
3 4623 4555 4624
3 4555 4556 4624
3 4624 4556 4625
3 4556 4557 4625
3 4625 4557 4626
3 4557 4558 4626
3 4626 4558 4627
3 4559 4560 4628
3 4628 4560 4629
3 4560 4561 4629
3 4629 4561 4630
3 4561 4562 4630
3 4630 4562 4631
3 4562 4563 4631
3 4631 4563 4632
3 4563 4564 4632
3 4632 4564 4633
3 4564 4565 4633
3 4633 4565 4634
3 4565 4566 4634
3 4634 4566 4635
3 4566 4567 4635
3 4635 4567 4636
3 4567 4568 4636
3 4636 4568 4637
3 4568 4569 4637
3 4637 4569 4638
3 4569 4570 4638
3 4638 4570 4639
3 4570 4571 4639
3 4639 4571 4640
3 4571 4572 4640
3 4640 4572 4641
3 4572 4573 4641
3 4641 4573 4642
3 4573 4574 4642
3 4642 4574 4643
3 4574 4575 4643
3 4643 4575 4644
3 4575 4576 4644
3 4644 4576 4645
3 4576 4577 4645
3 4645 4577 4646
3 4577 4578 4646
3 4646 4578 4647
3 4578 4579 4647
3 4647 4579 4648
3 4579 4580 4648
3 4648 4580 4649
3 4580 4581 4649
3 4649 4581 4650
3 4581 4582 4650
3 4650 4582 4651
3 4582 4583 4651
3 4651 4583 4652
3 4583 4584 4652
3 4652 4584 4653
3 4584 4585 4653
3 4653 4585 4654
3 4585 4586 4654
3 4654 4586 4655
3 4586 4587 4655
3 4655 4587 4656
3 4587 4588 4656
3 4656 4588 4657
3 4588 4589 4657
3 4657 4589 4658
3 4589 4590 4658
3 4658 4590 4659
3 4590 4591 4659
3 4659 4591 4660
3 4591 4592 4660
3 4660 4592 4661
3 4592 4593 4661
3 4661 4593 4662
3 4593 4594 4662
3 4662 4594 4663
3 4594 4595 4663
3 4663 4595 4664
3 4595 4596 4664
3 4664 4596 4665
3 4596 4597 4665
3 4665 4597 4666
3 4597 4598 4666
3 4666 4598 4667
3 4598 4599 4667
3 4667 4599 4668
3 4599 4600 4668
3 4668 4600 4669
3 4600 4601 4669
3 4669 4601 4670
3 4601 4602 4670
3 4670 4602 4671
3 4602 4603 4671
3 4671 4603 4672
3 4603 4604 4672
3 4672 4604 4673
3 4604 4605 4673
3 4673 4605 4674
3 4605 4606 4674
3 4674 4606 4675
3 4606 4607 4675
3 4675 4607 4676
3 4607 4608 4676
3 4676 4608 4677
3 4608 4609 4677
3 4677 4609 4678
3 4609 4610 4678
3 4678 4610 4679
3 4610 4611 4679
3 4679 4611 4680
3 4611 4612 4680
3 4680 4612 4681
3 4612 4613 4681
3 4681 4613 4682
3 4613 4614 4682
3 4682 4614 4683
3 4614 4615 4683
3 4683 4615 4684
3 4615 4616 4684
3 4684 4616 4685
3 4616 4617 4685
3 4685 4617 4686
3 4617 4618 4686
3 4686 4618 4687
3 4618 4619 4687
3 4687 4619 4688
3 4619 4620 4688
3 4688 4620 4689
3 4620 4621 4689
3 4689 4621 4690
3 4621 4622 4690
3 4690 4622 4691
3 4622 4623 4691
3 4691 4623 4692
3 4623 4624 4692
3 4692 4624 4693
3 4624 4625 4693
3 4693 4625 4694
3 4625 4626 4694
3 4694 4626 4695
3 4626 4627 4695
3 4696 4628 4697
3 4628 4629 4697
3 4697 4629 4698
3 4629 4630 4698
3 4698 4630 4699
3 4630 4631 4699
3 4699 4631 4700
3 4631 4632 4700
3 4700 4632 4701
3 4632 4633 4701
3 4701 4633 4702
3 4633 4634 4702
3 4702 4634 4703
3 4634 4635 4703
3 4703 4635 4704
3 4635 4636 4704
3 4704 4636 4705
3 4636 4637 4705
3 4705 4637 4706
3 4637 4638 4706
3 4706 4638 4707
3 4638 4639 4707
3 4707 4639 4708
3 4639 4640 4708
3 4708 4640 4709
3 4640 4641 4709
3 4709 4641 4710
3 4641 4642 4710
3 4710 4642 4711
3 4642 4643 4711
3 4711 4643 4712
3 4643 4644 4712
3 4712 4644 4713
3 4644 4645 4713
3 4713 4645 4714
3 4645 4646 4714
3 4714 4646 4715
3 4646 4647 4715
3 4715 4647 4716
3 4647 4648 4716
3 4716 4648 4717
3 4648 4649 4717
3 4717 4649 4718
3 4649 4650 4718
3 4718 4650 4719
3 4650 4651 4719
3 4719 4651 4720
3 4651 4652 4720
3 4720 4652 4721
3 4652 4653 4721
3 4721 4653 4722
3 4653 4654 4722
3 4722 4654 4723
3 4654 4655 4723
3 4723 4655 4724
3 4655 4656 4724
3 4724 4656 4725
3 4656 4657 4725
3 4725 4657 4726
3 4657 4658 4726
3 4726 4658 4727
3 4658 4659 4727
3 4727 4659 4728
3 4659 4660 4728
3 4728 4660 4729
3 4660 4661 4729
3 4729 4661 4730
3 4661 4662 4730
3 4730 4662 4731
3 4662 4663 4731
3 4731 4663 4732
3 4663 4664 4732
3 4732 4664 4733
3 4664 4665 4733
3 4733 4665 4734
3 4665 4666 4734
3 4734 4666 4735
3 4666 4667 4735
3 4735 4667 4736
3 4667 4668 4736
3 4736 4668 4737
3 4668 4669 4737
3 4737 4669 4738
3 4669 4670 4738
3 4738 4670 4739
3 4670 4671 4739
3 4739 4671 4740
3 4671 4672 4740
3 4740 4672 4741
3 4672 4673 4741
3 4741 4673 4742
3 4673 4674 4742
3 4742 4674 4743
3 4674 4675 4743
3 4743 4675 4744
3 4675 4676 4744
3 4744 4676 4745
3 4676 4677 4745
3 4745 4677 4746
3 4677 4678 4746
3 4746 4678 4747
3 4678 4679 4747
3 4747 4679 4748
3 4679 4680 4748
3 4748 4680 4749
3 4680 4681 4749
3 4749 4681 4750
3 4681 4682 4750
3 4750 4682 4751
3 4682 4683 4751
3 4751 4683 4752
3 4683 4684 4752
3 4752 4684 4753
3 4684 4685 4753
3 4753 4685 4754
3 4685 4686 4754
3 4754 4686 4755
3 4686 4687 4755
3 4755 4687 4756
3 4687 4688 4756
3 4756 4688 4757
3 4688 4689 4757
3 4757 4689 4758
3 4689 4690 4758
3 4758 4690 4759
3 4690 4691 4759
3 4759 4691 4760
3 4691 4692 4760
3 4760 4692 4761
3 4692 4693 4761
3 4761 4693 4762
3 4693 4694 4762
3 4762 4694 4763
3 4694 4695 4763
3 4763 4695 4764
3 4696 4697 4765
3 4765 4697 4766
3 4697 4698 4766
3 4766 4698 4767
3 4698 4699 4767
3 4767 4699 4768
3 4699 4700 4768
3 4768 4700 4769
3 4700 4701 4769
3 4769 4701 4770
3 4701 4702 4770
3 4770 4702 4771
3 4702 4703 4771
3 4771 4703 4772
3 4703 4704 4772
3 4772 4704 4773
3 4704 4705 4773
3 4773 4705 4774
3 4705 4706 4774
3 4774 4706 4775
3 4706 4707 4775
3 4775 4707 4776
3 4707 4708 4776
3 4776 4708 4777
3 4708 4709 4777
3 4777 4709 4778
3 4709 4710 4778
3 4778 4710 4779
3 4710 4711 4779
3 4779 4711 4780
3 4711 4712 4780
3 4780 4712 4781
3 4712 4713 4781
3 4781 4713 4782
3 4713 4714 4782
3 4782 4714 4783
3 4714 4715 4783
3 4783 4715 4784
3 4715 4716 4784
3 4784 4716 4785
3 4716 4717 4785
3 4785 4717 4786
3 4717 4718 4786
3 4786 4718 4787
3 4718 4719 4787
3 4787 4719 4788
3 4719 4720 4788
3 4788 4720 4789
3 4720 4721 4789
3 4789 4721 4790
3 4721 4722 4790
3 4790 4722 4791
3 4722 4723 4791
3 4791 4723 4792
3 4723 4724 4792
3 4792 4724 4793
3 4724 4725 4793
3 4793 4725 4794
3 4725 4726 4794
3 4794 4726 4795
3 4726 4727 4795
3 4795 4727 4796
3 4727 4728 4796
3 4796 4728 4797
3 4728 4729 4797
3 4797 4729 4798
3 4729 4730 4798
3 4798 4730 4799
3 4730 4731 4799
3 4799 4731 4800
3 4731 4732 4800
3 4800 4732 4801
3 4732 4733 4801
3 4801 4733 4802
3 4733 4734 4802
3 4802 4734 4803
3 4734 4735 4803
3 4803 4735 4804
3 4735 4736 4804
3 4804 4736 4805
3 4736 4737 4805
3 4805 4737 4806
3 4737 4738 4806
3 4806 4738 4807
3 4738 4739 4807
3 4807 4739 4808
3 4739 4740 4808
3 4808 4740 4809
3 4740 4741 4809
3 4809 4741 4810
3 4741 4742 4810
3 4810 4742 4811
3 4742 4743 4811
3 4811 4743 4812
3 4743 4744 4812
3 4812 4744 4813
3 4744 4745 4813
3 4813 4745 4814
3 4745 4746 4814
3 4814 4746 4815
3 4746 4747 4815
3 4815 4747 4816
3 4747 4748 4816
3 4816 4748 4817
3 4748 4749 4817
3 4817 4749 4818
3 4749 4750 4818
3 4818 4750 4819
3 4750 4751 4819
3 4819 4751 4820
3 4751 4752 4820
3 4820 4752 4821
3 4752 4753 4821
3 4821 4753 4822
3 4753 4754 4822
3 4822 4754 4823
3 4754 4755 4823
3 4823 4755 4824
3 4755 4756 4824
3 4824 4756 4825
3 4756 4757 4825
3 4825 4757 4826
3 4757 4758 4826
3 4826 4758 4827
3 4758 4759 4827
3 4827 4759 4828
3 4759 4760 4828
3 4828 4760 4829
3 4760 4761 4829
3 4829 4761 4830
3 4761 4762 4830
3 4830 4762 4831
3 4762 4763 4831
3 4831 4763 4832
3 4763 4764 4832
3 4832 4764 4833
3 4765 4766 4834
3 4834 4766 4835
3 4766 4767 4835
3 4835 4767 4836
3 4767 4768 4836
3 4836 4768 4837
3 4768 4769 4837
3 4837 4769 4838
3 4769 4770 4838
3 4838 4770 4839
3 4770 4771 4839
3 4839 4771 4840
3 4771 4772 4840
3 4840 4772 4841
3 4772 4773 4841
3 4841 4773 4842
3 4773 4774 4842
3 4842 4774 4843
3 4774 4775 4843
3 4843 4775 4844
3 4775 4776 4844
3 4844 4776 4845
3 4776 4846 4845
3 4776 4777 4846
3 4777 4778 4846
3 4846 4778 4847
3 4778 4779 4847
3 4847 4779 4848
3 4779 4780 4848
3 4848 4780 4849
3 4780 4781 4849
3 4849 4781 4850
3 4781 4782 4850
3 4850 4782 4851
3 4782 4783 4851
3 4851 4783 4852
3 4783 4784 4852
3 4852 4784 4853
3 4784 4785 4853
3 4853 4785 4854
3 4785 4786 4854
3 4854 4786 4855
3 4786 4787 4855
3 4855 4787 4856
3 4787 4788 4856
3 4856 4788 4857
3 4788 4789 4857
3 4857 4789 4858
3 4789 4790 4858
3 4858 4790 4859
3 4790 4791 4859
3 4859 4791 4860
3 4791 4792 4860
3 4860 4792 4861
3 4792 4793 4861
3 4861 4793 4862
3 4793 4863 4862
3 4793 4794 4863
3 4794 4795 4863
3 4863 4795 4864
3 4795 4796 4864
3 4864 4796 4865
3 4796 4797 4865
3 4865 4797 4866
3 4797 4798 4866
3 4866 4798 4867
3 4798 4799 4867
3 4867 4799 4868
3 4799 4800 4868
3 4868 4800 4869
3 4800 4801 4869
3 4869 4801 4870
3 4801 4802 4870
3 4870 4802 4871
3 4802 4803 4871
3 4871 4803 4872
3 4803 4804 4872
3 4872 4804 4873
3 4804 4805 4873
3 4873 4805 4874
3 4805 4806 4874
3 4874 4806 4875
3 4806 4807 4875
3 4875 4807 4876
3 4807 4808 4876
3 4876 4808 4877
3 4808 4809 4877
3 4877 4809 4878
3 4809 4810 4878
3 4878 4810 4879
3 4810 4811 4879
3 4879 4811 4880
3 4811 4812 4880
3 4880 4812 4881
3 4812 4813 4881
3 4881 4813 4882
3 4813 4814 4882
3 4882 4814 4883
3 4814 4815 4883
3 4883 4815 4884
3 4815 4816 4884
3 4884 4816 4885
3 4816 4817 4885
3 4885 4817 4886
3 4817 4818 4886
3 4886 4818 4887
3 4818 4819 4887
3 4887 4819 4888
3 4819 4889 4888
3 4819 4820 4889
3 4820 4890 4889
3 4820 4821 4890
3 4821 4891 4890
3 4821 4822 4891
3 4822 4823 4891
3 4891 4823 4892
3 4823 4824 4892
3 4892 4824 4893
3 4824 4825 4893
3 4893 4825 4894
3 4825 4826 4894
3 4894 4826 4895
3 4826 4827 4895
3 4895 4827 4896
3 4827 4828 4896
3 4896 4828 4897
3 4828 4829 4897
3 4897 4829 4898
3 4829 4830 4898
3 4898 4830 4899
3 4830 4831 4899
3 4899 4831 4900
3 4831 4832 4900
3 4900 4832 4901
3 4832 4833 4901
3 4834 4835 4902
3 4902 4835 4903
3 4835 4836 4903
3 4903 4836 4904
3 4836 4905 4904
3 4836 4837 4905
3 4837 4906 4905
3 4837 4838 4906
3 4838 4839 4906
3 4906 4839 4907
3 4839 4908 4907
3 4839 4840 4908
3 4840 4841 4908
3 4908 4841 4909
3 4841 4842 4909
3 4909 4842 4910
3 4842 4843 4910
3 4910 4843 4911
3 4843 4844 4911
3 4911 4844 4912
3 4844 4913 4912
3 4844 4845 4913
3 4845 4914 4913
3 4845 4846 4914
3 4846 4915 4914
3 4846 4847 4915
3 4847 4848 4915
3 4915 4848 4916
3 4848 4849 4916
3 4916 4849 4917
3 4849 4850 4917
3 4917 4850 4918
3 4850 4851 4918
3 4918 4851 4919
3 4851 4920 4919
3 4851 4852 4920
3 4852 4853 4920
3 4920 4853 4921
3 4853 4922 4921
3 4853 4854 4922
3 4854 4923 4922
3 4854 4855 4923
3 4855 4924 4923
3 4855 4856 4924
3 4856 4857 4924
3 4924 4857 4925
3 4857 4858 4925
3 4925 4858 4926
3 4858 4859 4926
3 4926 4859 4927
3 4859 4860 4927
3 4927 4860 4928
3 4860 4929 4928
3 4860 4861 4929
3 4861 4930 4929
3 4861 4862 4930
3 4862 4931 4930
3 4862 4863 4931
3 4863 4932 4931
3 4863 4864 4932
3 4864 4933 4932
3 4864 4865 4933
3 4865 4934 4933
3 4865 4866 4934
3 4866 4867 4934
3 4934 4867 4935
3 4867 4868 4935
3 4935 4868 4936
3 4868 4869 4936
3 4936 4869 4937
3 4869 4938 4937
3 4869 4870 4938
3 4870 4939 4938
3 4870 4871 4939
3 4871 4940 4939
3 4871 4872 4940
3 4872 4873 4940
3 4940 4873 4941
3 4873 4874 4941
3 4941 4874 4942
3 4874 4875 4942
3 4942 4875 4943
3 4875 4876 4943
3 4943 4876 4944
3 4876 4877 4944
3 4944 4877 4945
3 4877 4878 4945
3 4945 4878 4946
3 4878 4879 4946
3 4946 4879 4947
3 4879 4880 4947
3 4947 4880 4948
3 4880 4881 4948
3 4948 4881 4949
3 4881 4882 4949
3 4949 4882 4950
3 4882 4883 4950
3 4950 4883 4951
3 4883 4884 4951
3 4951 4884 4952
3 4884 4885 4952
3 4952 4885 4953
3 4885 4886 4953
3 4953 4886 4954
3 4886 4887 4954
3 4954 4887 4955
3 4887 4888 4955
3 4955 4888 4956
3 4888 4957 4956
3 4888 4889 4957
3 4889 4958 4957
3 4889 4890 4958
3 4890 4959 4958
3 4890 4891 4959
3 4891 4892 4959
3 4959 4892 4960
3 4892 4893 4960
3 4960 4893 4961
3 4893 4894 4961
3 4961 4894 4962
3 4894 4895 4962
3 4962 4895 4963
3 4895 4896 4963
3 4963 4896 4964
3 4896 4897 4964
3 4964 4897 4965
3 4897 4898 4965
3 4965 4898 4966
3 4898 4899 4966
3 4966 4899 4967
3 4899 4900 4967
3 4967 4900 4968
3 4900 4901 4968
3 4968 4901 4969
3 4902 4970 4971
3 4902 4903 4970
3 4903 4972 4970
3 4903 4904 4972
3 4904 4973 4972
3 4904 4905 4973
3 4905 4974 4973
3 4905 4906 4974
3 4906 4975 4974
3 4906 4907 4975
3 4907 4976 4975
3 4907 4908 4976
3 4908 4977 4976
3 4908 4909 4977
3 4909 4910 4977
3 4977 4910 4978
3 4910 4979 4978
3 4910 4911 4979
3 4911 4980 4979
3 4911 4912 4980
3 4912 4981 4980
3 4912 4913 4981
3 4913 4982 4981
3 4913 4914 4982
3 4914 4983 4982
3 4914 4915 4983
3 4915 4984 4983
3 4915 4916 4984
3 4916 4985 4984
3 4916 4917 4985
3 4917 4986 4985
3 4917 4918 4986
3 4918 4987 4986
3 4918 4919 4987
3 4919 4988 4987
3 4919 4920 4988
3 4920 4989 4988
3 4920 4921 4989
3 4921 4990 4989
3 4921 4922 4990
3 4922 4991 4990
3 4922 4923 4991
3 4923 4992 4991
3 4923 4924 4992
3 4924 4925 4992
3 4992 4925 4993
3 4925 4926 4993
3 4993 4926 4994
3 4926 4995 4994
3 4926 4927 4995
3 4927 4996 4995
3 4927 4928 4996
3 4928 4997 4996
3 4928 4929 4997
3 4929 4998 4997
3 4929 4930 4998
3 4930 4999 4998
3 4930 4931 4999
3 4931 5000 4999
3 4931 4932 5000
3 4932 5001 5000
3 4932 4933 5001
3 4933 5002 5001
3 4933 4934 5002
3 4934 5003 5002
3 4934 4935 5003
3 4935 4936 5003
3 5003 4936 5004
3 4936 4937 5004
3 5004 4937 5005
3 4937 5006 5005
3 4937 4938 5006
3 4938 5007 5006
3 4938 4939 5007
3 4939 5008 5007
3 4939 4940 5008
3 4940 5009 5008
3 4940 4941 5009
3 4941 4942 5009
3 5009 4942 5010
3 4942 4943 5010
3 5010 4943 5011
3 4943 4944 5011
3 5011 4944 5012
3 4944 4945 5012
3 5012 4945 5013
3 4945 4946 5013
3 5013 4946 5014
3 4946 4947 5014
3 5014 4947 5015
3 4947 4948 5015
3 5015 4948 5016
3 4948 4949 5016
3 5016 4949 5017
3 4949 4950 5017
3 5017 4950 5018
3 4950 4951 5018
3 5018 4951 5019
3 4951 4952 5019
3 5019 4952 5020
3 4952 4953 5020
3 5020 4953 5021
3 4953 4954 5021
3 5021 4954 5022
3 4954 4955 5022
3 5022 4955 5023
3 4955 4956 5023
3 5023 4956 5024
3 4956 4957 5024
3 5024 4957 5025
3 4957 5026 5025
3 4957 4958 5026
3 4958 5027 5026
3 4958 4959 5027
3 4959 4960 5027
3 5027 4960 5028
3 4960 4961 5028
3 5028 4961 5029
3 4961 4962 5029
3 5029 4962 5030
3 4962 4963 5030
3 5030 4963 5031
3 4963 4964 5031
3 5031 4964 5032
3 4964 4965 5032
3 5032 4965 5033
3 4965 4966 5033
3 5033 4966 5034
3 4966 4967 5034
3 5034 4967 5035
3 4967 4968 5035
3 5035 4968 5036
3 4968 4969 5036
3 5036 4969 5037
3 4971 4970 5038
3 4970 5039 5038
3 4970 4972 5039
3 4972 5040 5039
3 4972 4973 5040
3 4973 5041 5040
3 4973 4974 5041
3 4974 5042 5041
3 4974 4975 5042
3 4975 5043 5042
3 4975 4976 5043
3 4976 5044 5043
3 4976 4977 5044
3 4977 4978 5044
3 5044 4978 5045
3 4978 5046 5045
3 4978 4979 5046
3 4979 5047 5046
3 4979 4980 5047
3 4980 5048 5047
3 4980 4981 5048
3 4981 5049 5048
3 4981 4982 5049
3 4982 5050 5049
3 4982 4983 5050
3 4983 5051 5050
3 4983 4984 5051
3 4984 5052 5051
3 4984 4985 5052
3 4985 5053 5052
3 4985 4986 5053
3 4986 5054 5053
3 4986 4987 5054
3 4987 5055 5054
3 4987 4988 5055
3 4988 5056 5055
3 4988 4989 5056
3 4989 5057 5056
3 4989 4990 5057
3 4990 5058 5057
3 4990 4991 5058
3 4991 5059 5058
3 4991 4992 5059
3 4992 5060 5059
3 4992 4993 5060
3 4993 4994 5060
3 5060 4994 5061
3 4994 5062 5061
3 4994 4995 5062
3 4995 5063 5062
3 4995 4996 5063
3 4996 5064 5063
3 4996 4997 5064
3 4997 5065 5064
3 4997 4998 5065
3 4998 5066 5065
3 4998 4999 5066
3 4999 5067 5066
3 4999 5000 5067
3 5000 5068 5067
3 5000 5001 5068
3 5001 5069 5068
3 5001 5002 5069
3 5002 5070 5069
3 5002 5003 5070
3 5003 5004 5070
3 5070 5004 5071
3 5004 5072 5071
3 5004 5005 5072
3 5005 5073 5072
3 5005 5006 5073
3 5006 5074 5073
3 5006 5007 5074
3 5007 5075 5074
3 5007 5008 5075
3 5008 5076 5075
3 5008 5009 5076
3 5009 5010 5076
3 5076 5010 5077
3 5010 5011 5077
3 5077 5011 5078
3 5011 5012 5078
3 5078 5012 5079
3 5012 5013 5079
3 5079 5013 5080
3 5013 5081 5080
3 5013 5014 5081
3 5014 5015 5081
3 5081 5015 5082
3 5015 5083 5082
3 5015 5016 5083
3 5016 5017 5083
3 5083 5017 5084
3 5017 5018 5084
3 5084 5018 5085
3 5018 5019 5085
3 5085 5019 5086
3 5019 5020 5086
3 5086 5020 5087
3 5020 5021 5087
3 5087 5021 5088
3 5021 5022 5088
3 5088 5022 5089
3 5022 5023 5089
3 5089 5023 5090
3 5023 5091 5090
3 5023 5024 5091
3 5024 5092 5091
3 5024 5025 5092
3 5025 5093 5092
3 5025 5026 5093
3 5026 5094 5093
3 5026 5027 5094
3 5027 5095 5094
3 5027 5028 5095
3 5028 5029 5095
3 5095 5029 5096
3 5029 5030 5096
3 5096 5030 5097
3 5030 5031 5097
3 5097 5031 5098
3 5031 5032 5098
3 5098 5032 5099
3 5032 5033 5099
3 5099 5033 5100
3 5033 5034 5100
3 5100 5034 5101
3 5034 5035 5101
3 5101 5035 5102
3 5035 5036 5102
3 5102 5036 5103
3 5036 5037 5103
3 5103 5037 5104
3 5038 5105 5106
3 5038 5039 5105
3 5039 5107 5105
3 5039 5040 5107
3 5040 5108 5107
3 5040 5041 5108
3 5041 5109 5108
3 5041 5042 5109
3 5042 5110 5109
3 5042 5043 5110
3 5043 5044 5110
3 5110 5044 5111
3 5044 5045 5111
3 5111 5045 5112
3 5045 5046 5112
3 5112 5046 5113
3 5046 5114 5113
3 5046 5047 5114
3 5047 5115 5114
3 5047 5048 5115
3 5048 5116 5115
3 5048 5049 5116
3 5049 5117 5116
3 5049 5050 5117
3 5050 5118 5117
3 5050 5051 5118
3 5051 5119 5118
3 5051 5052 5119
3 5052 5120 5119
3 5052 5053 5120
3 5053 5121 5120
3 5053 5054 5121
3 5054 5122 5121
3 5054 5055 5122
3 5055 5123 5122
3 5055 5056 5123
3 5056 5124 5123
3 5056 5057 5124
3 5057 5125 5124
3 5057 5058 5125
3 5058 5126 5125
3 5058 5059 5126
3 5059 5127 5126
3 5059 5060 5127
3 5060 5061 5127
3 5127 5061 5128
3 5061 5129 5128
3 5061 5062 5129
3 5062 5130 5129
3 5062 5063 5130
3 5063 5131 5130
3 5063 5064 5131
3 5064 5132 5131
3 5064 5065 5132
3 5065 5133 5132
3 5065 5066 5133
3 5066 5134 5133
3 5066 5067 5134
3 5067 5135 5134
3 5067 5068 5135
3 5068 5136 5135
3 5068 5069 5136
3 5069 5137 5136
3 5069 5070 5137
3 5070 5071 5137
3 5137 5071 5138
3 5071 5072 5138
3 5138 5072 5139
3 5072 5140 5139
3 5072 5073 5140
3 5073 5141 5140
3 5073 5074 5141
3 5074 5142 5141
3 5074 5075 5142
3 5075 5143 5142
3 5075 5076 5143
3 5076 5077 5143
3 5143 5077 5144
3 5077 5078 5144
3 5144 5078 5145
3 5078 5079 5145
3 5145 5079 5146
3 5079 5080 5146
3 5146 5080 5147
3 5080 5148 5147
3 5080 5081 5148
3 5081 5149 5148
3 5081 5082 5149
3 5082 5150 5149
3 5082 5083 5150
3 5083 5151 5150
3 5083 5084 5151
3 5084 5085 5151
3 5151 5085 5152
3 5085 5086 5152
3 5152 5086 5153
3 5086 5087 5153
3 5153 5087 5154
3 5087 5088 5154
3 5154 5088 5155
3 5088 5089 5155
3 5155 5089 5156
3 5089 5157 5156
3 5089 5090 5157
3 5090 5158 5157
3 5090 5091 5158
3 5091 5159 5158
3 5091 5092 5159
3 5092 5160 5159
3 5092 5093 5160
3 5093 5161 5160
3 5093 5094 5161
3 5094 5162 5161
3 5094 5095 5162
3 5095 5163 5162
3 5095 5096 5163
3 5096 5097 5163
3 5163 5097 5164
3 5097 5098 5164
3 5164 5098 5165
3 5098 5099 5165
3 5165 5099 5166
3 5099 5100 5166
3 5166 5100 5167
3 5100 5168 5167
3 5100 5101 5168
3 5101 5169 5168
3 5101 5102 5169
3 5102 5170 5169
3 5102 5103 5170
3 5103 5104 5170
3 5170 5104 5171
3 5106 5105 5172
3 5105 5173 5172
3 5105 5107 5173
3 5107 5174 5173
3 5107 5108 5174
3 5108 5175 5174
3 5108 5109 5175
3 5109 5176 5175
3 5109 5110 5176
3 5110 5111 5176
3 5176 5111 5177
3 5111 5112 5177
3 5177 5112 5178
3 5112 5113 5178
3 5178 5113 5179
3 5113 5114 5179
3 5179 5114 5180
3 5114 5181 5180
3 5114 5115 5181
3 5115 5182 5181
3 5115 5116 5182
3 5116 5183 5182
3 5116 5117 5183
3 5117 5184 5183
3 5117 5118 5184
3 5118 5185 5184
3 5118 5119 5185
3 5119 5186 5185
3 5119 5120 5186
3 5120 5187 5186
3 5120 5121 5187
3 5121 5188 5187
3 5121 5122 5188
3 5122 5189 5188
3 5122 5123 5189
3 5123 5190 5189
3 5123 5124 5190
3 5124 5191 5190
3 5124 5125 5191
3 5125 5192 5191
3 5125 5126 5192
3 5126 5127 5192
3 5192 5127 5193
3 5127 5128 5193
3 5193 5128 5194
3 5128 5129 5194
3 5194 5129 5195
3 5129 5196 5195
3 5129 5130 5196
3 5130 5197 5196
3 5130 5131 5197
3 5131 5198 5197
3 5131 5132 5198
3 5132 5199 5198
3 5132 5133 5199
3 5133 5200 5199
3 5133 5134 5200
3 5134 5201 5200
3 5134 5135 5201
3 5135 5202 5201
3 5135 5136 5202
3 5136 5203 5202
3 5136 5137 5203
3 5137 5138 5203
3 5203 5138 5204
3 5138 5139 5204
3 5204 5139 5205
3 5139 5206 5205
3 5139 5140 5206
3 5140 5207 5206
3 5140 5141 5207
3 5141 5208 5207
3 5141 5142 5208
3 5142 5143 5208
3 5208 5143 5209
3 5143 5144 5209
3 5209 5144 5210
3 5144 5145 5210
3 5210 5145 5211
3 5145 5146 5211
3 5211 5146 5212
3 5146 5147 5212
3 5212 5147 5213
3 5147 5148 5213
3 5213 5148 5214
3 5148 5149 5214
3 5214 5149 5215
3 5149 5216 5215
3 5149 5150 5216
3 5150 5217 5216
3 5150 5151 5217
3 5151 5152 5217
3 5217 5152 5218
3 5152 5153 5218
3 5218 5153 5219
3 5153 5154 5219
3 5219 5154 5220
3 5154 5155 5220
3 5220 5155 5221
3 5155 5156 5221
3 5221 5156 5222
3 5156 5223 5222
3 5156 5157 5223
3 5157 5224 5223
3 5157 5158 5224
3 5158 5225 5224
3 5158 5159 5225
3 5159 5226 5225
3 5159 5160 5226
3 5160 5227 5226
3 5160 5161 5227
3 5161 5228 5227
3 5161 5162 5228
3 5162 5163 5228
3 5228 5163 5229
3 5163 5164 5229
3 5229 5164 5230
3 5164 5165 5230
3 5230 5165 5231
3 5165 5166 5231
3 5231 5166 5232
3 5166 5167 5232
3 5232 5167 5233
3 5167 5234 5233
3 5167 5168 5234
3 5168 5235 5234
3 5168 5169 5235
3 5169 5170 5235
3 5235 5170 5236
3 5170 5171 5236
3 5236 5171 5237
3 5238 5172 5239
3 5172 5240 5239
3 5172 5173 5240
3 5173 5241 5240
3 5173 5174 5241
3 5174 5242 5241
3 5174 5175 5242
3 5175 5243 5242
3 5175 5176 5243
3 5176 5177 5243
3 5243 5177 5244
3 5177 5178 5244
3 5244 5178 5245
3 5178 5179 5245
3 5245 5179 5246
3 5179 5180 5246
3 5246 5180 5247
3 5180 5248 5247
3 5180 5181 5248
3 5181 5249 5248
3 5181 5182 5249
3 5182 5250 5249
3 5182 5183 5250
3 5183 5251 5250
3 5183 5184 5251
3 5184 5185 5251
3 5251 5185 5252
3 5185 5253 5252
3 5185 5186 5253
3 5186 5254 5253
3 5186 5187 5254
3 5187 5255 5254
3 5187 5188 5255
3 5188 5256 5255
3 5188 5189 5256
3 5189 5257 5256
3 5189 5190 5257
3 5190 5258 5257
3 5190 5191 5258
3 5191 5259 5258
3 5191 5192 5259
3 5192 5193 5259
3 5259 5193 5260
3 5193 5194 5260
3 5260 5194 5261
3 5194 5195 5261
3 5261 5195 5262
3 5195 5263 5262
3 5195 5196 5263
3 5196 5264 5263
3 5196 5197 5264
3 5197 5265 5264
3 5197 5198 5265
3 5198 5266 5265
3 5198 5199 5266
3 5199 5267 5266
3 5199 5200 5267
3 5200 5268 5267
3 5200 5201 5268
3 5201 5269 5268
3 5201 5202 5269
3 5202 5203 5269
3 5269 5203 5270
3 5203 5204 5270
3 5270 5204 5271
3 5204 5205 5271
3 5271 5205 5272
3 5205 5273 5272
3 5205 5206 5273
3 5206 5274 5273
3 5206 5207 5274
3 5207 5275 5274
3 5207 5208 5275
3 5208 5209 5275
3 5275 5209 5276
3 5209 5210 5276
3 5276 5210 5277
3 5210 5211 5277
3 5277 5211 5278
3 5211 5212 5278
3 5278 5212 5279
3 5212 5213 5279
3 5279 5213 5280
3 5213 5214 5280
3 5280 5214 5281
3 5214 5215 5281
3 5281 5215 5282
3 5215 5283 5282
3 5215 5216 5283
3 5216 5284 5283
3 5216 5217 5284
3 5217 5218 5284
3 5284 5218 5285
3 5218 5219 5285
3 5285 5219 5286
3 5219 5220 5286
3 5286 5220 5287
3 5220 5221 5287
3 5287 5221 5288
3 5221 5222 5288
3 5288 5222 5289
3 5222 5290 5289
3 5222 5223 5290
3 5223 5291 5290
3 5223 5224 5291
3 5224 5292 5291
3 5224 5225 5292
3 5225 5293 5292
3 5225 5226 5293
3 5226 5294 5293
3 5226 5227 5294
3 5227 5295 5294
3 5227 5228 5295
3 5228 5229 5295
3 5295 5229 5296
3 5229 5230 5296
3 5296 5230 5297
3 5230 5231 5297
3 5297 5231 5298
3 5231 5232 5298
3 5298 5232 5299
3 5232 5233 5299
3 5299 5233 5300
3 5233 5301 5300
3 5233 5234 5301
3 5234 5302 5301
3 5234 5235 5302
3 5235 5303 5302
3 5235 5236 5303
3 5236 5237 5303
3 5303 5237 5304
3 5239 5305 5306
3 5239 5240 5305
3 5240 5307 5305
3 5240 5241 5307
3 5241 5308 5307
3 5241 5242 5308
3 5242 5309 5308
3 5242 5243 5309
3 5243 5244 5309
3 5309 5244 5310
3 5244 5245 5310
3 5310 5245 5311
3 5245 5246 5311
3 5311 5246 5312
3 5246 5313 5312
3 5246 5247 5313
3 5247 5314 5313
3 5247 5248 5314
3 5248 5315 5314
3 5248 5249 5315
3 5249 5316 5315
3 5249 5250 5316
3 5250 5317 5316
3 5250 5251 5317
3 5251 5318 5317
3 5251 5252 5318
3 5252 5319 5318
3 5252 5253 5319
3 5253 5320 5319
3 5253 5254 5320
3 5254 5321 5320
3 5254 5255 5321
3 5255 5322 5321
3 5255 5256 5322
3 5256 5323 5322
3 5256 5257 5323
3 5257 5324 5323
3 5257 5258 5324
3 5258 5325 5324
3 5258 5259 5325
3 5259 5260 5325
3 5325 5260 5326
3 5260 5261 5326
3 5326 5261 5327
3 5261 5262 5327
3 5327 5262 5328
3 5262 5329 5328
3 5262 5263 5329
3 5263 5330 5329
3 5263 5264 5330
3 5264 5331 5330
3 5264 5265 5331
3 5265 5332 5331
3 5265 5266 5332
3 5266 5333 5332
3 5266 5267 5333
3 5267 5334 5333
3 5267 5268 5334
3 5268 5335 5334
3 5268 5269 5335
3 5269 5336 5335
3 5269 5270 5336
3 5270 5271 5336
3 5336 5271 5337
3 5271 5272 5337
3 5337 5272 5338
3 5272 5339 5338
3 5272 5273 5339
3 5273 5340 5339
3 5273 5274 5340
3 5274 5341 5340
3 5274 5275 5341
3 5275 5342 5341
3 5275 5276 5342
3 5276 5277 5342
3 5342 5277 5343
3 5277 5278 5343
3 5343 5278 5344
3 5278 5279 5344
3 5344 5279 5345
3 5279 5280 5345
3 5345 5280 5346
3 5280 5281 5346
3 5346 5281 5347
3 5281 5282 5347
3 5347 5282 5348
3 5282 5349 5348
3 5282 5283 5349
3 5283 5350 5349
3 5283 5284 5350
3 5284 5285 5350
3 5350 5285 5351
3 5285 5286 5351
3 5351 5286 5352
3 5286 5287 5352
3 5352 5287 5353
3 5287 5288 5353
3 5353 5288 5354
3 5288 5355 5354
3 5288 5289 5355
3 5289 5356 5355
3 5289 5290 5356
3 5290 5357 5356
3 5290 5291 5357
3 5291 5358 5357
3 5291 5292 5358
3 5292 5359 5358
3 5292 5293 5359
3 5293 5360 5359
3 5293 5294 5360
3 5294 5361 5360
3 5294 5295 5361
3 5295 5362 5361
3 5295 5296 5362
3 5296 5363 5362
3 5296 5297 5363
3 5297 5364 5363
3 5297 5298 5364
3 5298 5365 5364
3 5298 5299 5365
3 5299 5366 5365
3 5299 5300 5366
3 5300 5367 5366
3 5300 5301 5367
3 5301 5368 5367
3 5301 5302 5368
3 5302 5369 5368
3 5302 5303 5369
3 5303 5370 5369
3 5303 5304 5370
3 5304 5371 5370
3 5306 5372 5373
3 5306 5305 5372
3 5305 5374 5372
3 5305 5307 5374
3 5307 5375 5374
3 5307 5308 5375
3 5308 5376 5375
3 5308 5309 5376
3 5309 5377 5376
3 5309 5310 5377
3 5310 5311 5377
3 5377 5311 5378
3 5311 5379 5378
3 5311 5312 5379
3 5312 5380 5379
3 5312 5313 5380
3 5313 5381 5380
3 5313 5314 5381
3 5314 5382 5381
3 5314 5315 5382
3 5315 5383 5382
3 5315 5316 5383
3 5316 5384 5383
3 5316 5317 5384
3 5317 5385 5384
3 5317 5318 5385
3 5318 5386 5385
3 5318 5319 5386
3 5319 5387 5386
3 5319 5320 5387
3 5320 5388 5387
3 5320 5321 5388
3 5321 5389 5388
3 5321 5322 5389
3 5322 5390 5389
3 5322 5323 5390
3 5323 5391 5390
3 5323 5324 5391
3 5324 5392 5391
3 5324 5325 5392
3 5325 5393 5392
3 5325 5326 5393
3 5326 5327 5393
3 5393 5327 5394
3 5327 5395 5394
3 5327 5328 5395
3 5328 5396 5395
3 5328 5329 5396
3 5329 5397 5396
3 5329 5330 5397
3 5330 5398 5397
3 5330 5331 5398
3 5331 5399 5398
3 5331 5332 5399
3 5332 5400 5399
3 5332 5333 5400
3 5333 5401 5400
3 5333 5334 5401
3 5334 5402 5401
3 5334 5335 5402
3 5335 5403 5402
3 5335 5336 5403
3 5336 5404 5403
3 5336 5337 5404
3 5337 5405 5404
3 5337 5338 5405
3 5338 5406 5405
3 5338 5339 5406
3 5339 5407 5406
3 5339 5340 5407
3 5340 5408 5407
3 5340 5341 5408
3 5341 5409 5408
3 5341 5342 5409
3 5342 5343 5409
3 5409 5343 5410
3 5343 5344 5410
3 5410 5344 5411
3 5344 5345 5411
3 5411 5345 5412
3 5345 5346 5412
3 5412 5346 5413
3 5346 5414 5413
3 5346 5347 5414
3 5347 5415 5414
3 5347 5348 5415
3 5348 5416 5415
3 5348 5349 5416
3 5349 5417 5416
3 5349 5350 5417
3 5350 5418 5417
3 5350 5351 5418
3 5351 5352 5418
3 5418 5352 5419
3 5352 5353 5419
3 5419 5353 5420
3 5353 5354 5420
3 5420 5354 5421
3 5354 5422 5421
3 5354 5355 5422
3 5355 5423 5422
3 5355 5356 5423
3 5356 5424 5423
3 5356 5357 5424
3 5357 5425 5424
3 5357 5358 5425
3 5358 5426 5425
3 5358 5359 5426
3 5359 5427 5426
3 5359 5360 5427
3 5360 5428 5427
3 5360 5361 5428
3 5361 5429 5428
3 5361 5362 5429
3 5362 5430 5429
3 5362 5363 5430
3 5363 5431 5430
3 5363 5364 5431
3 5364 5432 5431
3 5364 5365 5432
3 5365 5433 5432
3 5365 5366 5433
3 5366 5434 5433
3 5366 5367 5434
3 5367 5435 5434
3 5367 5368 5435
3 5368 5436 5435
3 5368 5369 5436
3 5369 5437 5436
3 5369 5370 5437
3 5370 5438 5437
3 5370 5371 5438
3 5373 5439 5440
3 5373 5372 5439
3 5372 5441 5439
3 5372 5374 5441
3 5374 5442 5441
3 5374 5375 5442
3 5375 5443 5442
3 5375 5376 5443
3 5376 5444 5443
3 5376 5377 5444
3 5377 5445 5444
3 5377 5378 5445
3 5378 5446 5445
3 5378 5379 5446
3 5379 5447 5446
3 5379 5380 5447
3 5380 5448 5447
3 5380 5381 5448
3 5381 5449 5448
3 5381 5382 5449
3 5382 5450 5449
3 5382 5383 5450
3 5383 5451 5450
3 5383 5384 5451
3 5384 5452 5451
3 5384 5385 5452
3 5385 5453 5452
3 5385 5386 5453
3 5386 5454 5453
3 5386 5387 5454
3 5387 5455 5454
3 5387 5388 5455
3 5388 5456 5455
3 5388 5389 5456
3 5389 5457 5456
3 5389 5390 5457
3 5390 5458 5457
3 5390 5391 5458
3 5391 5459 5458
3 5391 5392 5459
3 5392 5460 5459
3 5392 5393 5460
3 5393 5461 5460
3 5393 5394 5461
3 5394 5462 5461
3 5394 5395 5462
3 5395 5463 5462
3 5395 5396 5463
3 5396 5464 5463
3 5396 5397 5464
3 5397 5465 5464
3 5397 5398 5465
3 5398 5466 5465
3 5398 5399 5466
3 5399 5467 5466
3 5399 5400 5467
3 5400 5468 5467
3 5400 5401 5468
3 5401 5469 5468
3 5401 5402 5469
3 5402 5470 5469
3 5402 5403 5470
3 5403 5471 5470
3 5403 5404 5471
3 5404 5472 5471
3 5404 5405 5472
3 5405 5473 5472
3 5405 5406 5473
3 5406 5474 5473
3 5406 5407 5474
3 5407 5475 5474
3 5407 5408 5475
3 5408 5476 5475
3 5408 5409 5476
3 5409 5477 5476
3 5409 5410 5477
3 5410 5478 5477
3 5410 5411 5478
3 5411 5479 5478
3 5411 5412 5479
3 5412 5480 5479
3 5412 5413 5480
3 5413 5481 5480
3 5413 5414 5481
3 5414 5482 5481
3 5414 5415 5482
3 5415 5483 5482
3 5415 5416 5483
3 5416 5484 5483
3 5416 5417 5484
3 5417 5485 5484
3 5417 5418 5485
3 5418 5486 5485
3 5418 5419 5486
3 5419 5420 5486
3 5486 5420 5487
3 5420 5488 5487
3 5420 5421 5488
3 5421 5489 5488
3 5421 5422 5489
3 5422 5490 5489
3 5422 5423 5490
3 5423 5491 5490
3 5423 5424 5491
3 5424 5492 5491
3 5424 5425 5492
3 5425 5493 5492
3 5425 5426 5493
3 5426 5494 5493
3 5426 5427 5494
3 5427 5495 5494
3 5427 5428 5495
3 5428 5496 5495
3 5428 5429 5496
3 5429 5497 5496
3 5429 5430 5497
3 5430 5498 5497
3 5430 5431 5498
3 5431 5499 5498
3 5431 5432 5499
3 5432 5500 5499
3 5432 5433 5500
3 5433 5501 5500
3 5433 5434 5501
3 5434 5502 5501
3 5434 5435 5502
3 5435 5503 5502
3 5435 5436 5503
3 5436 5504 5503
3 5436 5437 5504
3 5437 5505 5504
3 5437 5438 5505
3 5438 5506 5505
3 5440 5439 5507
3 5507 5439 5508
3 5439 5509 5508
3 5439 5441 5509
3 5441 5510 5509
3 5441 5442 5510
3 5442 5511 5510
3 5442 5443 5511
3 5443 5512 5511
3 5443 5444 5512
3 5444 5513 5512
3 5444 5445 5513
3 5445 5514 5513
3 5445 5446 5514
3 5446 5515 5514
3 5446 5447 5515
3 5447 5516 5515
3 5447 5448 5516
3 5448 5517 5516
3 5448 5449 5517
3 5449 5518 5517
3 5449 5450 5518
3 5450 5519 5518
3 5450 5451 5519
3 5451 5520 5519
3 5451 5452 5520
3 5452 5521 5520
3 5452 5453 5521
3 5453 5522 5521
3 5453 5454 5522
3 5454 5523 5522
3 5454 5455 5523
3 5455 5524 5523
3 5455 5456 5524
3 5456 5525 5524
3 5456 5457 5525
3 5457 5526 5525
3 5457 5458 5526
3 5458 5527 5526
3 5458 5459 5527
3 5459 5528 5527
3 5459 5460 5528
3 5460 5529 5528
3 5460 5461 5529
3 5461 5530 5529
3 5461 5462 5530
3 5462 5531 5530
3 5462 5463 5531
3 5463 5532 5531
3 5463 5464 5532
3 5464 5533 5532
3 5464 5465 5533
3 5465 5534 5533
3 5465 5466 5534
3 5466 5535 5534
3 5466 5467 5535
3 5467 5536 5535
3 5467 5468 5536
3 5468 5537 5536
3 5468 5469 5537
3 5469 5538 5537
3 5469 5470 5538
3 5470 5539 5538
3 5470 5471 5539
3 5471 5540 5539
3 5471 5472 5540
3 5472 5541 5540
3 5472 5473 5541
3 5473 5542 5541
3 5473 5474 5542
3 5474 5543 5542
3 5474 5475 5543
3 5475 5544 5543
3 5475 5476 5544
3 5476 5545 5544
3 5476 5477 5545
3 5477 5546 5545
3 5477 5478 5546
3 5478 5547 5546
3 5478 5479 5547
3 5479 5548 5547
3 5479 5480 5548
3 5480 5549 5548
3 5480 5481 5549
3 5481 5550 5549
3 5481 5482 5550
3 5482 5551 5550
3 5482 5483 5551
3 5483 5552 5551
3 5483 5484 5552
3 5484 5553 5552
3 5484 5485 5553
3 5485 5554 5553
3 5485 5486 5554
3 5486 5555 5554
3 5486 5487 5555
3 5487 5556 5555
3 5487 5488 5556
3 5488 5557 5556
3 5488 5489 5557
3 5489 5558 5557
3 5489 5490 5558
3 5490 5559 5558
3 5490 5491 5559
3 5491 5560 5559
3 5491 5492 5560
3 5492 5561 5560
3 5492 5493 5561
3 5493 5562 5561
3 5493 5494 5562
3 5494 5563 5562
3 5494 5495 5563
3 5495 5564 5563
3 5495 5496 5564
3 5496 5565 5564
3 5496 5497 5565
3 5497 5566 5565
3 5497 5498 5566
3 5498 5567 5566
3 5498 5499 5567
3 5499 5568 5567
3 5499 5500 5568
3 5500 5569 5568
3 5500 5501 5569
3 5501 5570 5569
3 5501 5502 5570
3 5502 5571 5570
3 5502 5503 5571
3 5503 5572 5571
3 5503 5504 5572
3 5504 5573 5572
3 5504 5505 5573
3 5505 5574 5573
3 5505 5506 5574
3 5506 5575 5574
3 5507 5508 5576
3 5576 5508 5577
3 5508 5509 5577
3 5577 5509 5578
3 5509 5579 5578
3 5509 5510 5579
3 5510 5580 5579
3 5510 5511 5580
3 5511 5581 5580
3 5511 5512 5581
3 5512 5582 5581
3 5512 5513 5582
3 5513 5583 5582
3 5513 5514 5583
3 5514 5584 5583
3 5514 5515 5584
3 5515 5585 5584
3 5515 5516 5585
3 5516 5586 5585
3 5516 5517 5586
3 5517 5587 5586
3 5517 5518 5587
3 5518 5588 5587
3 5518 5519 5588
3 5519 5589 5588
3 5519 5520 5589
3 5520 5590 5589
3 5520 5521 5590
3 5521 5591 5590
3 5521 5522 5591
3 5522 5592 5591
3 5522 5523 5592
3 5523 5593 5592
3 5523 5524 5593
3 5524 5594 5593
3 5524 5525 5594
3 5525 5595 5594
3 5525 5526 5595
3 5526 5596 5595
3 5526 5527 5596
3 5527 5597 5596
3 5527 5528 5597
3 5528 5598 5597
3 5528 5529 5598
3 5529 5599 5598
3 5529 5530 5599
3 5530 5600 5599
3 5530 5531 5600
3 5531 5601 5600
3 5531 5532 5601
3 5532 5602 5601
3 5532 5533 5602
3 5533 5603 5602
3 5533 5534 5603
3 5534 5604 5603
3 5534 5535 5604
3 5535 5605 5604
3 5535 5536 5605
3 5536 5606 5605
3 5536 5537 5606
3 5537 5607 5606
3 5537 5538 5607
3 5538 5608 5607
3 5538 5539 5608
3 5539 5609 5608
3 5539 5540 5609
3 5540 5610 5609
3 5540 5541 5610
3 5541 5611 5610
3 5541 5542 5611
3 5542 5612 5611
3 5542 5543 5612
3 5543 5613 5612
3 5543 5544 5613
3 5544 5614 5613
3 5544 5545 5614
3 5545 5615 5614
3 5545 5546 5615
3 5546 5616 5615
3 5546 5547 5616
3 5547 5617 5616
3 5547 5548 5617
3 5548 5618 5617
3 5548 5549 5618
3 5549 5619 5618
3 5549 5550 5619
3 5550 5620 5619
3 5550 5551 5620
3 5551 5621 5620
3 5551 5552 5621
3 5552 5622 5621
3 5552 5553 5622
3 5553 5623 5622
3 5553 5554 5623
3 5554 5624 5623
3 5554 5555 5624
3 5555 5625 5624
3 5555 5556 5625
3 5556 5626 5625
3 5556 5557 5626
3 5557 5627 5626
3 5557 5558 5627
3 5558 5628 5627
3 5558 5559 5628
3 5559 5629 5628
3 5559 5560 5629
3 5560 5630 5629
3 5560 5561 5630
3 5561 5631 5630
3 5561 5562 5631
3 5562 5632 5631
3 5562 5563 5632
3 5563 5633 5632
3 5563 5564 5633
3 5564 5634 5633
3 5564 5565 5634
3 5565 5635 5634
3 5565 5566 5635
3 5566 5636 5635
3 5566 5567 5636
3 5567 5637 5636
3 5567 5568 5637
3 5568 5638 5637
3 5568 5569 5638
3 5569 5639 5638
3 5569 5570 5639
3 5570 5640 5639
3 5570 5571 5640
3 5571 5641 5640
3 5571 5572 5641
3 5572 5642 5641
3 5572 5573 5642
3 5573 5643 5642
3 5573 5574 5643
3 5574 5644 5643
3 5574 5575 5644
3 5575 5645 5644
3 5576 5577 5646
3 5646 5577 5647
3 5577 5578 5647
3 5647 5578 5648
3 5578 5649 5648
3 5578 5579 5649
3 5579 5650 5649
3 5579 5580 5650
3 5580 5651 5650
3 5580 5581 5651
3 5581 5652 5651
3 5581 5582 5652
3 5582 5653 5652
3 5582 5583 5653
3 5583 5654 5653
3 5583 5584 5654
3 5584 5655 5654
3 5584 5585 5655
3 5585 5656 5655
3 5585 5586 5656
3 5586 5657 5656
3 5586 5587 5657
3 5587 5658 5657
3 5587 5588 5658
3 5588 5659 5658
3 5588 5589 5659
3 5589 5660 5659
3 5589 5590 5660
3 5590 5661 5660
3 5590 5591 5661
3 5591 5662 5661
3 5591 5592 5662
3 5592 5663 5662
3 5592 5593 5663
3 5593 5664 5663
3 5593 5594 5664
3 5594 5665 5664
3 5594 5595 5665
3 5595 5666 5665
3 5595 5596 5666
3 5596 5667 5666
3 5596 5597 5667
3 5597 5668 5667
3 5597 5598 5668
3 5598 5669 5668
3 5598 5599 5669
3 5599 5670 5669
3 5599 5600 5670
3 5600 5671 5670
3 5600 5601 5671
3 5601 5672 5671
3 5601 5602 5672
3 5602 5673 5672
3 5602 5603 5673
3 5603 5674 5673
3 5603 5604 5674
3 5604 5675 5674
3 5604 5605 5675
3 5605 5676 5675
3 5605 5606 5676
3 5606 5677 5676
3 5606 5607 5677
3 5607 5678 5677
3 5607 5608 5678
3 5608 5679 5678
3 5608 5609 5679
3 5609 5680 5679
3 5609 5610 5680
3 5610 5681 5680
3 5610 5611 5681
3 5611 5682 5681
3 5611 5612 5682
3 5612 5683 5682
3 5612 5613 5683
3 5613 5684 5683
3 5613 5614 5684
3 5614 5685 5684
3 5614 5615 5685
3 5615 5686 5685
3 5615 5616 5686
3 5616 5687 5686
3 5616 5617 5687
3 5617 5688 5687
3 5617 5618 5688
3 5618 5689 5688
3 5618 5619 5689
3 5619 5690 5689
3 5619 5620 5690
3 5620 5691 5690
3 5620 5621 5691
3 5621 5692 5691
3 5621 5622 5692
3 5622 5693 5692
3 5622 5623 5693
3 5623 5694 5693
3 5623 5624 5694
3 5624 5695 5694
3 5624 5625 5695
3 5625 5696 5695
3 5625 5626 5696
3 5626 5697 5696
3 5626 5627 5697
3 5627 5698 5697
3 5627 5628 5698
3 5628 5699 5698
3 5628 5629 5699
3 5629 5700 5699
3 5629 5630 5700
3 5630 5701 5700
3 5630 5631 5701
3 5631 5702 5701
3 5631 5632 5702
3 5632 5703 5702
3 5632 5633 5703
3 5633 5704 5703
3 5633 5634 5704
3 5634 5705 5704
3 5634 5635 5705
3 5635 5706 5705
3 5635 5636 5706
3 5636 5707 5706
3 5636 5637 5707
3 5637 5708 5707
3 5637 5638 5708
3 5638 5709 5708
3 5638 5639 5709
3 5639 5710 5709
3 5639 5640 5710
3 5640 5711 5710
3 5640 5641 5711
3 5641 5712 5711
3 5641 5642 5712
3 5642 5713 5712
3 5642 5643 5713
3 5643 5714 5713
3 5643 5644 5714
3 5644 5715 5714
3 5644 5645 5715
3 5646 5647 5716
3 5716 5647 5717
3 5647 5648 5717
3 5717 5648 5718
3 5648 5719 5718
3 5648 5649 5719
3 5649 5720 5719
3 5649 5650 5720
3 5650 5721 5720
3 5650 5651 5721
3 5651 5722 5721
3 5651 5652 5722
3 5652 5723 5722
3 5652 5653 5723
3 5653 5724 5723
3 5653 5654 5724
3 5654 5725 5724
3 5654 5655 5725
3 5655 5726 5725
3 5655 5656 5726
3 5656 5727 5726
3 5656 5657 5727
3 5657 5658 5727
3 5727 5658 5728
3 5658 5659 5728
3 5728 5659 5729
3 5659 5660 5729
3 5729 5660 5730
3 5660 5661 5730
3 5730 5661 5731
3 5661 5732 5731
3 5661 5662 5732
3 5662 5733 5732
3 5662 5663 5733
3 5663 5734 5733
3 5663 5664 5734
3 5664 5735 5734
3 5664 5665 5735
3 5665 5736 5735
3 5665 5666 5736
3 5666 5737 5736
3 5666 5667 5737
3 5667 5738 5737
3 5667 5668 5738
3 5668 5739 5738
3 5668 5669 5739
3 5669 5740 5739
3 5669 5670 5740
3 5670 5741 5740
3 5670 5671 5741
3 5671 5742 5741
3 5671 5672 5742
3 5672 5743 5742
3 5672 5673 5743
3 5673 5744 5743
3 5673 5674 5744
3 5674 5745 5744
3 5674 5675 5745
3 5675 5746 5745
3 5675 5676 5746
3 5676 5747 5746
3 5676 5677 5747
3 5677 5748 5747
3 5677 5678 5748
3 5678 5749 5748
3 5678 5679 5749
3 5679 5750 5749
3 5679 5680 5750
3 5680 5751 5750
3 5680 5681 5751
3 5681 5752 5751
3 5681 5682 5752
3 5682 5683 5752
3 5752 5683 5753
3 5683 5684 5753
3 5753 5684 5754
3 5684 5685 5754
3 5754 5685 5755
3 5685 5686 5755
3 5755 5686 5756
3 5686 5687 5756
3 5756 5687 5757
3 5687 5688 5757
3 5757 5688 5758
3 5688 5689 5758
3 5758 5689 5759
3 5689 5760 5759
3 5689 5690 5760
3 5690 5761 5760
3 5690 5691 5761
3 5691 5762 5761
3 5691 5692 5762
3 5692 5693 5762
3 5762 5693 5763
3 5693 5694 5763
3 5763 5694 5764
3 5694 5695 5764
3 5764 5695 5765
3 5695 5766 5765
3 5695 5696 5766
3 5696 5767 5766
3 5696 5697 5767
3 5697 5768 5767
3 5697 5698 5768
3 5698 5769 5768
3 5698 5699 5769
3 5699 5770 5769
3 5699 5700 5770
3 5700 5771 5770
3 5700 5701 5771
3 5701 5772 5771
3 5701 5702 5772
3 5702 5773 5772
3 5702 5703 5773
3 5703 5774 5773
3 5703 5704 5774
3 5704 5775 5774
3 5704 5705 5775
3 5705 5776 5775
3 5705 5706 5776
3 5706 5777 5776
3 5706 5707 5777
3 5707 5778 5777
3 5707 5708 5778
3 5708 5779 5778
3 5708 5709 5779
3 5709 5780 5779
3 5709 5710 5780
3 5710 5781 5780
3 5710 5711 5781
3 5711 5782 5781
3 5711 5712 5782
3 5712 5783 5782
3 5712 5713 5783
3 5713 5784 5783
3 5713 5714 5784
3 5714 5785 5784
3 5714 5715 5785
3 5715 5786 5785
3 5715 5787 5786
3 5716 5717 5788
3 5788 5717 5789
3 5717 5718 5789
3 5789 5718 5790
3 5718 5791 5790
3 5718 5719 5791
3 5719 5792 5791
3 5719 5720 5792
3 5720 5721 5792
3 5792 5721 5793
3 5721 5722 5793
3 5793 5722 5794
3 5722 5723 5794
3 5794 5723 5795
3 5723 5724 5795
3 5795 5724 5796
3 5724 5725 5796
3 5796 5725 5797
3 5725 5726 5797
3 5797 5726 5798
3 5726 5727 5798
3 5798 5727 5799
3 5727 5728 5799
3 5799 5728 5800
3 5728 5729 5800
3 5800 5729 5801
3 5729 5730 5801
3 5801 5730 5802
3 5730 5731 5802
3 5802 5731 5803
3 5731 5732 5803
3 5803 5732 5804
3 5732 5733 5804
3 5804 5733 5805
3 5733 5734 5805
3 5805 5734 5806
3 5734 5735 5806
3 5806 5735 5807
3 5735 5736 5807
3 5807 5736 5808
3 5736 5737 5808
3 5808 5737 5809
3 5737 5738 5809
3 5809 5738 5810
3 5738 5739 5810
3 5810 5739 5811
3 5739 5740 5811
3 5811 5740 5812
3 5740 5741 5812
3 5812 5741 5813
3 5741 5742 5813
3 5813 5742 5814
3 5742 5743 5814
3 5814 5743 5815
3 5743 5744 5815
3 5815 5744 5816
3 5744 5745 5816
3 5816 5745 5817
3 5745 5746 5817
3 5817 5746 5818
3 5746 5747 5818
3 5818 5747 5819
3 5747 5748 5819
3 5819 5748 5820
3 5748 5749 5820
3 5820 5749 5821
3 5749 5750 5821
3 5821 5750 5822
3 5750 5751 5822
3 5822 5751 5823
3 5751 5752 5823
3 5823 5752 5824
3 5752 5753 5824
3 5824 5753 5825
3 5753 5754 5825
3 5825 5754 5826
3 5754 5755 5826
3 5826 5755 5827
3 5755 5756 5827
3 5827 5756 5828
3 5756 5757 5828
3 5828 5757 5829
3 5757 5758 5829
3 5829 5758 5830
3 5758 5759 5830
3 5830 5759 5831
3 5759 5760 5831
3 5831 5760 5832
3 5760 5761 5832
3 5832 5761 5833
3 5761 5762 5833
3 5833 5762 5834
3 5762 5763 5834
3 5834 5763 5835
3 5763 5764 5835
3 5835 5764 5836
3 5764 5765 5836
3 5836 5765 5837
3 5765 5766 5837
3 5837 5766 5838
3 5766 5767 5838
3 5838 5767 5839
3 5767 5840 5839
3 5767 5768 5840
3 5768 5841 5840
3 5768 5769 5841
3 5769 5842 5841
3 5769 5770 5842
3 5770 5843 5842
3 5770 5771 5843
3 5771 5772 5843
3 5843 5772 5844
3 5772 5773 5844
3 5844 5773 5845
3 5773 5774 5845
3 5845 5774 5846
3 5774 5775 5846
3 5846 5775 5847
3 5775 5776 5847
3 5847 5776 5848
3 5776 5777 5848
3 5848 5777 5849
3 5777 5778 5849
3 5849 5778 5850
3 5778 5779 5850
3 5850 5779 5851
3 5779 5852 5851
3 5779 5780 5852
3 5780 5781 5852
3 5852 5781 5853
3 5781 5782 5853
3 5853 5782 5854
3 5782 5783 5854
3 5854 5783 5855
3 5783 5784 5855
3 5855 5784 5856
3 5784 5785 5856
3 5856 5785 5857
3 5785 5786 5857
3 5857 5786 5858
3 5789 5790 5859
3 5859 5790 5860
3 5790 5791 5860
3 5860 5791 5861
3 5791 5792 5861
3 5861 5792 5862
3 5792 5793 5862
3 5862 5793 5863
3 5793 5794 5863
3 5863 5794 5864
3 5794 5795 5864
3 5864 5795 5865
3 5795 5796 5865
3 5865 5796 5866
3 5796 5797 5866
3 5866 5797 5867
3 5797 5798 5867
3 5867 5798 5868
3 5798 5799 5868
3 5868 5799 5869
3 5799 5800 5869
3 5869 5800 5870
3 5800 5801 5870
3 5870 5801 5871
3 5801 5802 5871
3 5871 5802 5872
3 5802 5803 5872
3 5872 5803 5873
3 5803 5804 5873
3 5873 5804 5874
3 5804 5805 5874
3 5874 5805 5875
3 5805 5806 5875
3 5875 5806 5876
3 5806 5807 5876
3 5876 5807 5877
3 5807 5808 5877
3 5877 5808 5878
3 5808 5809 5878
3 5878 5809 5879
3 5809 5810 5879
3 5879 5810 5880
3 5810 5811 5880
3 5880 5811 5881
3 5811 5812 5881
3 5881 5812 5882
3 5812 5813 5882
3 5882 5813 5883
3 5813 5814 5883
3 5883 5814 5884
3 5814 5815 5884
3 5884 5815 5885
3 5815 5816 5885
3 5885 5816 5886
3 5816 5817 5886
3 5886 5817 5887
3 5817 5818 5887
3 5887 5818 5888
3 5818 5819 5888
3 5888 5819 5889
3 5819 5820 5889
3 5889 5820 5890
3 5820 5821 5890
3 5890 5821 5891
3 5821 5822 5891
3 5891 5822 5892
3 5822 5823 5892
3 5892 5823 5893
3 5823 5824 5893
3 5893 5824 5894
3 5824 5825 5894
3 5894 5825 5895
3 5825 5826 5895
3 5895 5826 5896
3 5826 5827 5896
3 5896 5827 5897
3 5827 5828 5897
3 5897 5828 5898
3 5828 5829 5898
3 5898 5829 5899
3 5829 5830 5899
3 5899 5830 5900
3 5830 5831 5900
3 5900 5831 5901
3 5831 5832 5901
3 5901 5832 5902
3 5832 5833 5902
3 5902 5833 5903
3 5833 5834 5903
3 5903 5834 5904
3 5834 5835 5904
3 5904 5835 5905
3 5835 5836 5905
3 5905 5836 5906
3 5836 5837 5906
3 5906 5837 5907
3 5837 5838 5907
3 5907 5838 5908
3 5838 5839 5908
3 5908 5839 5909
3 5839 5910 5909
3 5839 5840 5910
3 5840 5911 5910
3 5840 5841 5911
3 5841 5912 5911
3 5841 5842 5912
3 5842 5913 5912
3 5842 5843 5913
3 5843 5844 5913
3 5913 5844 5914
3 5844 5845 5914
3 5914 5845 5915
3 5845 5846 5915
3 5915 5846 5916
3 5846 5847 5916
3 5916 5847 5917
3 5847 5848 5917
3 5917 5848 5918
3 5848 5849 5918
3 5918 5849 5919
3 5849 5850 5919
3 5919 5850 5920
3 5850 5851 5920
3 5920 5851 5921
3 5851 5852 5921
3 5921 5852 5922
3 5852 5853 5922
3 5922 5853 5923
3 5853 5854 5923
3 5923 5854 5924
3 5854 5855 5924
3 5924 5855 5925
3 5855 5856 5925
3 5925 5856 5926
3 5856 5857 5926
3 5926 5857 5927
3 5857 5858 5927
3 5927 5858 5928
3 5929 5859 5930
3 5859 5860 5930
3 5930 5860 5931
3 5860 5861 5931
3 5931 5861 5932
3 5861 5862 5932
3 5932 5862 5933
3 5862 5863 5933
3 5933 5863 5934
3 5863 5864 5934
3 5934 5864 5935
3 5864 5865 5935
3 5935 5865 5936
3 5865 5866 5936
3 5936 5866 5937
3 5866 5867 5937
3 5937 5867 5938
3 5867 5868 5938
3 5938 5868 5939
3 5868 5869 5939
3 5939 5869 5940
3 5869 5870 5940
3 5940 5870 5941
3 5870 5871 5941
3 5941 5871 5942
3 5871 5872 5942
3 5942 5872 5943
3 5872 5873 5943
3 5943 5873 5944
3 5873 5874 5944
3 5944 5874 5945
3 5874 5875 5945
3 5945 5875 5946
3 5875 5876 5946
3 5946 5876 5947
3 5876 5877 5947
3 5947 5877 5948
3 5877 5878 5948
3 5948 5878 5949
3 5878 5879 5949
3 5949 5879 5950
3 5879 5880 5950
3 5950 5880 5951
3 5880 5881 5951
3 5951 5881 5952
3 5881 5882 5952
3 5952 5882 5953
3 5882 5883 5953
3 5953 5883 5954
3 5883 5884 5954
3 5954 5884 5955
3 5884 5956 5955
3 5884 5885 5956
3 5885 5957 5956
3 5885 5886 5957
3 5886 5958 5957
3 5886 5887 5958
3 5887 5888 5958
3 5958 5888 5959
3 5888 5889 5959
3 5959 5889 5960
3 5889 5890 5960
3 5960 5890 5961
3 5890 5891 5961
3 5961 5891 5962
3 5891 5892 5962
3 5962 5892 5963
3 5892 5964 5963
3 5892 5893 5964
3 5893 5894 5964
3 5964 5894 5965
3 5894 5895 5965
3 5965 5895 5966
3 5895 5896 5966
3 5966 5896 5967
3 5896 5897 5967
3 5967 5897 5968
3 5897 5898 5968
3 5968 5898 5969
3 5898 5899 5969
3 5969 5899 5970
3 5899 5900 5970
3 5970 5900 5971
3 5900 5901 5971
3 5971 5901 5972
3 5901 5902 5972
3 5972 5902 5973
3 5902 5903 5973
3 5973 5903 5974
3 5903 5904 5974
3 5974 5904 5975
3 5904 5905 5975
3 5975 5905 5976
3 5905 5906 5976
3 5976 5906 5977
3 5906 5907 5977
3 5977 5907 5978
3 5907 5908 5978
3 5978 5908 5979
3 5908 5980 5979
3 5908 5909 5980
3 5909 5981 5980
3 5909 5910 5981
3 5910 5982 5981
3 5910 5911 5982
3 5911 5983 5982
3 5911 5912 5983
3 5912 5984 5983
3 5912 5913 5984
3 5913 5914 5984
3 5984 5914 5985
3 5914 5915 5985
3 5985 5915 5986
3 5915 5916 5986
3 5986 5916 5987
3 5916 5917 5987
3 5987 5917 5988
3 5917 5918 5988
3 5988 5918 5989
3 5918 5919 5989
3 5989 5919 5990
3 5919 5920 5990
3 5990 5920 5991
3 5920 5992 5991
3 5920 5921 5992
3 5921 5922 5992
3 5992 5922 5993
3 5922 5923 5993
3 5993 5923 5994
3 5923 5924 5994
3 5994 5924 5995
3 5924 5925 5995
3 5995 5925 5996
3 5925 5997 5996
3 5925 5926 5997
3 5926 5927 5997
3 5997 5927 5998
3 5927 5928 5998
3 5998 5928 5999
3 6000 5929 6001
3 5929 5930 6001
3 6001 5930 6002
3 5930 5931 6002
3 6002 5931 6003
3 5931 5932 6003
3 6003 5932 6004
3 5932 5933 6004
3 6004 5933 6005
3 5933 5934 6005
3 6005 5934 6006
3 5934 5935 6006
3 6006 5935 6007
3 5935 5936 6007
3 6007 5936 6008
3 5936 5937 6008
3 6008 5937 6009
3 5937 5938 6009
3 6009 5938 6010
3 5938 5939 6010
3 6010 5939 6011
3 5939 5940 6011
3 6011 5940 6012
3 5940 5941 6012
3 6012 5941 6013
3 5941 5942 6013
3 6013 5942 6014
3 5942 5943 6014
3 6014 5943 6015
3 5943 5944 6015
3 6015 5944 6016
3 5944 5945 6016
3 6016 5945 6017
3 5945 5946 6017
3 6017 5946 6018
3 5946 5947 6018
3 6018 5947 6019
3 5947 5948 6019
3 6019 5948 6020
3 5948 5949 6020
3 6020 5949 6021
3 5949 5950 6021
3 6021 5950 6022
3 5950 5951 6022
3 6022 5951 6023
3 5951 5952 6023
3 6023 5952 6024
3 5952 5953 6024
3 6024 5953 6025
3 5953 5954 6025
3 6025 5954 6026
3 5954 5955 6026
3 6026 5955 6027
3 5955 6028 6027
3 5955 5956 6028
3 5956 6029 6028
3 5956 5957 6029
3 5957 6030 6029
3 5957 5958 6030
3 5958 5959 6030
3 6030 5959 6031
3 5959 5960 6031
3 6031 5960 6032
3 5960 5961 6032
3 6032 5961 6033
3 5961 5962 6033
3 6033 5962 6034
3 5962 5963 6034
3 6034 5963 6035
3 5963 6036 6035
3 5963 5964 6036
3 5964 5965 6036
3 6036 5965 6037
3 5965 5966 6037
3 6037 5966 6038
3 5966 5967 6038
3 6038 5967 6039
3 5967 5968 6039
3 6039 5968 6040
3 5968 5969 6040
3 6040 5969 6041
3 5969 5970 6041
3 6041 5970 6042
3 5970 5971 6042
3 6042 5971 6043
3 5971 5972 6043
3 6043 5972 6044
3 5972 5973 6044
3 6044 5973 6045
3 5973 5974 6045
3 6045 5974 6046
3 5974 5975 6046
3 6046 5975 6047
3 5975 5976 6047
3 6047 5976 6048
3 5976 5977 6048
3 6048 5977 6049
3 5977 5978 6049
3 6049 5978 6050
3 5978 5979 6050
3 6050 5979 6051
3 5979 5980 6051
3 6051 5980 6052
3 5980 6053 6052
3 5980 5981 6053
3 5981 6054 6053
3 5981 5982 6054
3 5982 6055 6054
3 5982 5983 6055
3 5983 6056 6055
3 5983 5984 6056
3 5984 5985 6056
3 6056 5985 6057
3 5985 5986 6057
3 6057 5986 6058
3 5986 5987 6058
3 6058 5987 6059
3 5987 5988 6059
3 6059 5988 6060
3 5988 5989 6060
3 6060 5989 6061
3 5989 5990 6061
3 6061 5990 6062
3 5990 5991 6062
3 6062 5991 6063
3 5991 6064 6063
3 5991 5992 6064
3 5992 5993 6064
3 6064 5993 6065
3 5993 5994 6065
3 6065 5994 6066
3 5994 5995 6066
3 6066 5995 6067
3 5995 5996 6067
3 6067 5996 6068
3 5996 5997 6068
3 6068 5997 6069
3 5997 5998 6069
3 6069 5998 6070
3 5998 5999 6070
3 6070 5999 6071
3 6000 6001 6072
3 6072 6001 6073
3 6001 6002 6073
3 6073 6002 6074
3 6002 6003 6074
3 6074 6003 6075
3 6003 6004 6075
3 6075 6004 6076
3 6004 6005 6076
3 6076 6005 6077
3 6005 6006 6077
3 6077 6006 6078
3 6006 6007 6078
3 6078 6007 6079
3 6007 6008 6079
3 6079 6008 6080
3 6008 6009 6080
3 6080 6009 6081
3 6009 6010 6081
3 6081 6010 6082
3 6010 6011 6082
3 6082 6011 6083
3 6011 6012 6083
3 6083 6012 6084
3 6012 6013 6084
3 6084 6013 6085
3 6013 6014 6085
3 6085 6014 6086
3 6014 6015 6086
3 6086 6015 6087
3 6015 6016 6087
3 6087 6016 6088
3 6016 6017 6088
3 6088 6017 6089
3 6017 6018 6089
3 6089 6018 6090
3 6018 6019 6090
3 6090 6019 6091
3 6019 6020 6091
3 6091 6020 6092
3 6020 6021 6092
3 6092 6021 6093
3 6021 6022 6093
3 6093 6022 6094
3 6022 6023 6094
3 6094 6023 6095
3 6023 6024 6095
3 6095 6024 6096
3 6024 6025 6096
3 6096 6025 6097
3 6025 6026 6097
3 6097 6026 6098
3 6026 6099 6098
3 6026 6027 6099
3 6027 6100 6099
3 6027 6028 6100
3 6028 6101 6100
3 6028 6029 6101
3 6029 6102 6101
3 6029 6030 6102
3 6030 6031 6102
3 6102 6031 6103
3 6031 6032 6103
3 6103 6032 6104
3 6032 6033 6104
3 6104 6033 6105
3 6033 6034 6105
3 6105 6034 6106
3 6034 6035 6106
3 6106 6035 6107
3 6035 6108 6107
3 6035 6036 6108
3 6036 6037 6108
3 6108 6037 6109
3 6037 6038 6109
3 6109 6038 6110
3 6038 6039 6110
3 6110 6039 6111
3 6039 6040 6111
3 6111 6040 6112
3 6040 6041 6112
3 6112 6041 6113
3 6041 6042 6113
3 6113 6042 6114
3 6042 6043 6114
3 6114 6043 6115
3 6043 6044 6115
3 6115 6044 6116
3 6044 6045 6116
3 6116 6045 6117
3 6045 6046 6117
3 6117 6046 6118
3 6046 6047 6118
3 6118 6047 6119
3 6047 6048 6119
3 6119 6048 6120
3 6048 6049 6120
3 6120 6049 6121
3 6049 6050 6121
3 6121 6050 6122
3 6050 6051 6122
3 6122 6051 6123
3 6051 6052 6123
3 6123 6052 6124
3 6052 6125 6124
3 6052 6053 6125
3 6053 6126 6125
3 6053 6054 6126
3 6054 6127 6126
3 6054 6055 6127
3 6055 6128 6127
3 6055 6056 6128
3 6056 6057 6128
3 6128 6057 6129
3 6057 6058 6129
3 6129 6058 6130
3 6058 6059 6130
3 6130 6059 6131
3 6059 6060 6131
3 6131 6060 6132
3 6060 6061 6132
3 6132 6061 6133
3 6061 6062 6133
3 6133 6062 6134
3 6062 6063 6134
3 6134 6063 6135
3 6063 6136 6135
3 6063 6064 6136
3 6064 6065 6136
3 6136 6065 6137
3 6065 6066 6137
3 6137 6066 6138
3 6066 6067 6138
3 6138 6067 6139
3 6067 6068 6139
3 6139 6068 6140
3 6068 6141 6140
3 6068 6069 6141
3 6069 6070 6141
3 6141 6070 6142
3 6070 6071 6142
3 6142 6071 6143
3 6072 6073 6144
3 6144 6073 6145
3 6073 6074 6145
3 6145 6074 6146
3 6074 6075 6146
3 6146 6075 6147
3 6075 6148 6147
3 6075 6076 6148
3 6076 6149 6148
3 6076 6077 6149
3 6077 6150 6149
3 6077 6078 6150
3 6078 6151 6150
3 6078 6079 6151
3 6079 6152 6151
3 6079 6080 6152
3 6080 6153 6152
3 6080 6081 6153
3 6081 6154 6153
3 6081 6082 6154
3 6082 6155 6154
3 6082 6083 6155
3 6083 6084 6155
3 6155 6084 6156
3 6084 6085 6156
3 6156 6085 6157
3 6085 6086 6157
3 6157 6086 6158
3 6086 6087 6158
3 6158 6087 6159
3 6087 6088 6159
3 6159 6088 6160
3 6088 6161 6160
3 6088 6089 6161
3 6089 6090 6161
3 6161 6090 6162
3 6090 6163 6162
3 6090 6091 6163
3 6091 6164 6163
3 6091 6092 6164
3 6092 6165 6164
3 6092 6093 6165
3 6093 6094 6165
3 6165 6094 6166
3 6094 6095 6166
3 6166 6095 6167
3 6095 6096 6167
3 6167 6096 6168
3 6096 6169 6168
3 6096 6097 6169
3 6097 6170 6169
3 6097 6098 6170
3 6098 6171 6170
3 6098 6099 6171
3 6099 6172 6171
3 6099 6100 6172
3 6100 6173 6172
3 6100 6101 6173
3 6101 6174 6173
3 6101 6102 6174
3 6102 6175 6174
3 6102 6103 6175
3 6103 6104 6175
3 6175 6104 6176
3 6104 6105 6176
3 6176 6105 6177
3 6105 6178 6177
3 6105 6106 6178
3 6106 6179 6178
3 6106 6107 6179
3 6107 6180 6179
3 6107 6108 6180
3 6108 6181 6180
3 6108 6109 6181
3 6109 6110 6181
3 6181 6110 6182
3 6110 6111 6182
3 6182 6111 6183
3 6111 6112 6183
3 6183 6112 6184
3 6112 6113 6184
3 6184 6113 6185
3 6113 6114 6185
3 6185 6114 6186
3 6114 6115 6186
3 6186 6115 6187
3 6115 6116 6187
3 6187 6116 6188
3 6116 6189 6188
3 6116 6117 6189
3 6117 6190 6189
3 6117 6118 6190
3 6118 6119 6190
3 6190 6119 6191
3 6119 6120 6191
3 6191 6120 6192
3 6120 6121 6192
3 6126 6127 6193
3 6127 6194 6193
3 6127 6128 6194
3 6128 6195 6194
3 6128 6129 6195
3 6129 6196 6195
3 6129 6130 6196
3 6130 6131 6196
3 6196 6131 6197
3 6131 6132 6197
3 6197 6132 6198
3 6132 6133 6198
3 6198 6133 6199
3 6133 6134 6199
3 6199 6134 6200
3 6134 6201 6200
3 6134 6135 6201
3 6135 6202 6201
3 6135 6136 6202
3 6136 6203 6202
3 6136 6137 6203
3 6137 6204 6203
3 6137 6138 6204
3 6138 6205 6204
3 6138 6139 6205
3 6139 6206 6205
3 6139 6140 6206
3 6140 6207 6206
3 6140 6141 6207
3 6141 6208 6207
3 6141 6142 6208
3 6142 6143 6208
3 6208 6143 6209
3 6144 6145 6210
3 6210 6145 6211
3 6145 6146 6211
3 6211 6146 6212
3 6146 6213 6212
3 6146 6147 6213
3 6147 6214 6213
3 6147 6148 6214
3 6148 6215 6214
3 6148 6149 6215
3 6149 6216 6215
3 6149 6150 6216
3 6150 6217 6216
3 6150 6151 6217
3 6151 6218 6217
3 6151 6152 6218
3 6152 6219 6218
3 6152 6153 6219
3 6153 6220 6219
3 6153 6154 6220
3 6154 6221 6220
3 6154 6155 6221
3 6155 6156 6221
3 6221 6156 6222
3 6156 6157 6222
3 6222 6157 6223
3 6157 6158 6223
3 6223 6158 6224
3 6158 6159 6224
3 6224 6159 6225
3 6159 6160 6225
3 6225 6160 6226
3 6160 6227 6226
3 6160 6161 6227
3 6161 6162 6227
3 6227 6162 6228
3 6162 6229 6228
3 6162 6163 6229
3 6163 6230 6229
3 6163 6164 6230
3 6164 6231 6230
3 6164 6165 6231
3 6165 6166 6231
3 6231 6166 6232
3 6166 6167 6232
3 6232 6167 6233
3 6167 6234 6233
3 6167 6168 6234
3 6168 6235 6234
3 6168 6169 6235
3 6169 6236 6235
3 6169 6170 6236
3 6170 6237 6236
3 6170 6171 6237
3 6171 6238 6237
3 6171 6172 6238
3 6172 6239 6238
3 6172 6173 6239
3 6173 6240 6239
3 6173 6174 6240
3 6174 6241 6240
3 6174 6175 6241
3 6175 6176 6241
3 6241 6176 6242
3 6176 6177 6242
3 6242 6177 6243
3 6177 6244 6243
3 6177 6178 6244
3 6178 6245 6244
3 6178 6179 6245
3 6179 6246 6245
3 6179 6180 6246
3 6180 6247 6246
3 6180 6181 6247
3 6181 6182 6247
3 6247 6182 6248
3 6182 6183 6248
3 6248 6183 6249
3 6183 6184 6249
3 6249 6184 6250
3 6184 6185 6250
3 6250 6185 6251
3 6185 6186 6251
3 6251 6186 6252
3 6186 6187 6252
3 6252 6187 6253
3 6187 6188 6253
3 6210 6211 6254
3 6254 6211 6255
3 6211 6212 6255
3 6255 6212 6256
3 6212 6257 6256
3 6212 6213 6257
3 6213 6258 6257
3 6213 6214 6258
3 6214 6259 6258
3 6214 6215 6259
3 6215 6260 6259
3 6215 6216 6260
3 6216 6261 6260
3 6216 6217 6261
3 6217 6262 6261
3 6217 6218 6262
3 6218 6263 6262
3 6218 6219 6263
3 6219 6264 6263
3 6219 6220 6264
3 6220 6265 6264
3 6220 6221 6265
3 6221 6222 6265
3 6265 6222 6266
3 6222 6223 6266
3 6266 6223 6267
3 6223 6224 6267
3 6267 6224 6268
3 6224 6225 6268
3 6268 6225 6269
3 6225 6226 6269
3 6269 6226 6270
3 6226 6227 6270
3 6270 6227 6271
3 6227 6228 6271
3 6271 6228 6272
3 6228 6229 6272
3 6272 6229 6273
3 6229 6274 6273
3 6229 6230 6274
3 6230 6231 6274
3 6274 6231 6275
3 6231 6232 6275
3 6275 6232 6276
3 6232 6233 6276
3 6276 6233 6277
3 6233 6234 6277
3 6277 6234 6278
3 6234 6279 6278
3 6234 6235 6279
3 6235 6280 6279
3 6235 6236 6280
3 6236 6281 6280
3 6236 6237 6281
3 6237 6282 6281
3 6237 6238 6282
3 6238 6283 6282
3 6238 6239 6283
3 6239 6284 6283
3 6239 6240 6284
3 6240 6285 6284
3 6240 6241 6285
3 6241 6242 6285
3 6285 6242 6286
3 6242 6243 6286
3 6286 6243 6287
3 6243 6244 6287
3 6287 6244 6288
3 6244 6289 6288
3 6244 6245 6289
3 6245 6290 6289
3 6245 6246 6290
3 6246 6291 6290
3 6246 6247 6291
3 6247 6248 6291
3 6291 6248 6292
3 6248 6249 6292
3 6292 6249 6293
3 6249 6250 6293
3 6293 6250 6294
3 6250 6251 6294
3 6254 6255 6295
3 6295 6255 6296
3 6255 6256 6296
3 6296 6256 6297
3 6256 6298 6297
3 6256 6257 6298
3 6257 6258 6298
3 6298 6258 6299
3 6258 6300 6299
3 6258 6259 6300
3 6259 6301 6300
3 6259 6260 6301
3 6260 6302 6301
3 6260 6261 6302
3 6261 6303 6302
3 6261 6262 6303
3 6262 6304 6303
3 6262 6263 6304
3 6263 6305 6304
3 6263 6264 6305
3 6264 6306 6305
3 6264 6265 6306
3 6265 6266 6306
3 6306 6266 6307
3 6266 6267 6307
3 6307 6267 6308
3 6267 6268 6308
3 6308 6268 6309
3 6268 6269 6309
3 6309 6269 6310
3 6269 6270 6310
3 6310 6270 6311
3 6270 6271 6311
3 6311 6271 6312
3 6271 6272 6312
3 6312 6272 6313
3 6272 6273 6313
3 6313 6273 6314
3 6273 6315 6314
3 6273 6274 6315
3 6274 6275 6315
3 6315 6275 6316
3 6275 6276 6316
3 6316 6276 6317
3 6276 6277 6317
3 6317 6277 6318
3 6277 6278 6318
3 6318 6278 6319
3 6278 6279 6319
3 6319 6279 6320
3 6279 6321 6320
3 6279 6280 6321
3 6280 6322 6321
3 6280 6281 6322
3 6281 6323 6322
3 6281 6282 6323
3 6282 6324 6323
3 6282 6283 6324
3 6283 6325 6324
3 6283 6284 6325
3 6284 6326 6325
3 6284 6285 6326
3 6285 6286 6326
3 6326 6286 6327
3 6286 6287 6327
3 6327 6287 6328
3 6287 6288 6328
3 6328 6288 6329
3 6288 6330 6329
3 6288 6289 6330
3 6289 6331 6330
3 6289 6290 6331
3 6290 6332 6331
3 6290 6291 6332
3 6291 6292 6332
3 6332 6292 6333
3 6292 6293 6333
3 6295 6296 6334
3 6334 6296 6335
3 6296 6297 6335
3 6335 6297 6336
3 6297 6298 6336
3 6336 6298 6337
3 6298 6338 6337
3 6298 6299 6338
3 6299 6339 6338
3 6299 6300 6339
3 6300 6340 6339
3 6300 6301 6340
3 6301 6341 6340
3 6301 6302 6341
3 6302 6342 6341
3 6302 6303 6342
3 6303 6343 6342
3 6303 6304 6343
3 6304 6344 6343
3 6304 6305 6344
3 6305 6345 6344
3 6305 6306 6345
3 6306 6307 6345
3 6345 6307 6346
3 6307 6308 6346
3 6346 6308 6347
3 6308 6309 6347
3 6347 6309 6348
3 6309 6310 6348
3 6348 6310 6349
3 6310 6311 6349
3 6349 6311 6350
3 6311 6312 6350
3 6350 6312 6351
3 6312 6313 6351
3 6351 6313 6352
3 6313 6353 6352
3 6313 6314 6353
3 6314 6354 6353
3 6314 6315 6354
3 6315 6316 6354
3 6354 6316 6355
3 6316 6317 6355
3 6355 6317 6356
3 6317 6318 6356
3 6356 6318 6357
3 6318 6319 6357
3 6357 6319 6358
3 6319 6359 6358
3 6319 6320 6359
3 6320 6360 6359
3 6320 6321 6360
3 6321 6361 6360
3 6321 6322 6361
3 6322 6362 6361
3 6322 6323 6362
3 6323 6363 6362
3 6323 6324 6363
3 6324 6364 6363
3 6324 6325 6364
3 6325 6365 6364
3 6325 6326 6365
3 6326 6327 6365
3 6365 6327 6366
3 6327 6328 6366
3 6334 6335 6367
3 6367 6335 6368
3 6335 6336 6368
3 6368 6336 6369
3 6336 6370 6369
3 6336 6337 6370
3 6337 6371 6370
3 6337 6338 6371
3 6338 6372 6371
3 6338 6339 6372
3 6339 6373 6372
3 6339 6340 6373
3 6340 6374 6373
3 6340 6341 6374
3 6341 6375 6374
3 6341 6342 6375
3 6342 6376 6375
3 6342 6343 6376
3 6343 6377 6376
3 6343 6344 6377
3 6344 6378 6377
3 6344 6345 6378
3 6345 6346 6378
3 6378 6346 6379
3 6346 6347 6379
3 6379 6347 6380
3 6347 6348 6380
3 6380 6348 6381
3 6348 6349 6381
3 6381 6349 6382
3 6349 6350 6382
3 6382 6350 6383
3 6350 6351 6383
3 6383 6351 6384
3 6351 6352 6384
3 6384 6352 6385
3 6352 6386 6385
3 6352 6353 6386
3 6353 6387 6386
3 6353 6354 6387
3 6354 6388 6387
3 6354 6355 6388
3 6355 6356 6388
3 6388 6356 6389
3 6356 6357 6389
3 6389 6357 6390
3 6357 6358 6390
3 6390 6358 6391
3 6358 6359 6391
3 6367 6368 6392
3 6392 6368 6393
3 6368 6369 6393
3 6393 6369 6394
3 6369 6395 6394
3 6369 6370 6395
3 6370 6396 6395
3 6370 6371 6396
3 6371 6397 6396
3 6371 6372 6397
3 6372 6398 6397
3 6372 6373 6398
3 6373 6399 6398
3 6373 6374 6399
3 6374 6400 6399
3 6374 6375 6400
3 6375 6401 6400
3 6375 6376 6401
3 6376 6402 6401
3 6376 6377 6402
3 6377 6403 6402
3 6377 6378 6403
3 6378 6379 6403
3 6403 6379 6404
3 6379 6380 6404
3 6404 6380 6405
3 6380 6381 6405
3 6405 6381 6406
3 6381 6382 6406
3 6406 6382 6407
3 6382 6383 6407
3 6407 6383 6408
3 6383 6384 6408
3 6408 6384 6409
3 6384 6385 6409
3 6409 6385 6410
3 6385 6386 6410
3 6410 6386 6411
3 6386 6412 6411
3 6386 6387 6412
3 6387 6413 6412
3 6387 6388 6413
3 6388 6389 6413
3 6392 6393 6414
3 6414 6393 6415
3 6393 6394 6415
3 6415 6394 6416
3 6394 6417 6416
3 6394 6395 6417
3 6395 6418 6417
3 6395 6396 6418
3 6396 6419 6418
3 6396 6397 6419
3 6397 6420 6419
3 6397 6398 6420
3 6398 6421 6420
3 6398 6399 6421
3 6399 6422 6421
3 6399 6400 6422
3 6400 6423 6422
3 6400 6401 6423
3 6401 6424 6423
3 6401 6402 6424
3 6402 6425 6424
3 6402 6403 6425
3 6403 6404 6425
3 6425 6404 6426
3 6404 6405 6426
3 6426 6405 6427
3 6405 6406 6427
3 6427 6406 6428
3 6406 6407 6428
3 6428 6407 6429
3 6407 6408 6429
3 6429 6408 6430
3 6408 6409 6430
3 6430 6409 6431
3 6409 6410 6431
3 6410 6411 6432
3 6414 6415 6433
3 6433 6415 6434
3 6415 6416 6434
3 6434 6416 6435
3 6416 6436 6435
3 6416 6417 6436
3 6417 6437 6436
3 6417 6418 6437
3 6418 6438 6437
3 6418 6419 6438
3 6419 6439 6438
3 6419 6420 6439
3 6420 6440 6439
3 6420 6421 6440
3 6421 6441 6440
3 6421 6422 6441
3 6422 6442 6441
3 6422 6423 6442
3 6423 6443 6442
3 6423 6424 6443
3 6424 6444 6443
3 6424 6425 6444
3 6425 6426 6444
3 6444 6426 6445
3 6426 6427 6445
3 6445 6427 6446
3 6427 6428 6446
3 6446 6428 6447
3 6428 6429 6447
3 6429 6430 6448
3 6433 6449 6450
3 6433 6434 6449
3 6434 6451 6449
3 6434 6435 6451
3 6435 6452 6451
3 6435 6436 6452
3 6436 6453 6452
3 6436 6437 6453
3 6437 6454 6453
3 6437 6438 6454
3 6438 6455 6454
3 6438 6439 6455
3 6439 6456 6455
3 6439 6440 6456
3 6440 6457 6456
3 6440 6441 6457
3 6441 6458 6457
3 6441 6442 6458
3 6442 6459 6458
3 6442 6443 6459
3 6443 6460 6459
3 6443 6444 6460
3 6444 6445 6460
3 6460 6445 6461
3 6445 6446 6461
3 6461 6446 6462
3 6446 6447 6462
3 6450 6449 6463
3 6463 6449 6464
3 6449 6451 6464
3 6464 6451 6465
3 6451 6466 6465
3 6451 6452 6466
3 6452 6467 6466
3 6452 6453 6467
3 6453 6468 6467
3 6453 6454 6468
3 6454 6469 6468
3 6454 6455 6469
3 6455 6470 6469
3 6455 6456 6470
3 6456 6471 6470
3 6456 6457 6471
3 6457 6472 6471
3 6457 6458 6472
3 6458 6473 6472
3 6458 6459 6473
3 6459 6474 6473
3 6459 6460 6474
3 6460 6461 6474
3 6463 6464 6475
3 6475 6464 6476
3 6464 6465 6476
3 6476 6465 6477
3 6465 6478 6477
3 6465 6466 6478
3 6466 6479 6478
3 6466 6467 6479
3 6467 6468 6480
3 6468 6481 6480
3 6468 6469 6481
3 6475 6476 6482
3 6482 6476 6483
3 6476 6477 6484
CELL_DATA 12583
SCALARS brightness_temperature float
LOOKUP_TABLE default
POINT_DATA 6485
CELL_DATA 12583
SCALARS emission_angle float
LOOKUP_TABLE default
POINT_DATA 6485
CELL_DATA 12583
SCALARS incidence_angle float
LOOKUP_TABLE default
POINT_DATA 6485
CELL_DATA 12583
SCALARS phase_angle float
LOOKUP_TABLE default
POINT_DATA 6485
CELL_DATA 12583
SCALARS local_solar_time float
LOOKUP_TABLE default
POINT_DATA 6485
CELL_DATA 12583
SCALARS local_solar_time_normal_vector float
LOOKUP_TABLE default
CELL_DATA 12583
SCALARS pixel_x float
LOOKUP_TABLE default
POINT_DATA 6485
CELL_DATA 12583
SCALARS pixel_y float
LOOKUP_TABLE default
POINT_DATA 6485
CELL_DATA 12583
SCALARS longitude float
LOOKUP_TABLE default
POINT_DATA 6485
CELL_DATA 12583
SCALARS latitude float
LOOKUP_TABLE default
