# vtk DataFile Version 3.0
SHAPE_sfm_50k_v20200323
ASCII
DATASET POLYDATA
POINTS 4925 float
0.35693 0.34562 -0.02871
0.35702 0.34597 -0.031
0.35483 0.34841 -0.03055
0.35467 0.3484 -0.03288
0.35718 0.34632 -0.03329
0.35468 0.34857 -0.0352
0.35721 0.34651 -0.0356
0.35459 0.34859 -0.03753
0.35716 0.34658 -0.03793
0.35456 0.3487 -0.03986
0.35719 0.34678 -0.04025
0.35462 0.3488 -0.04219
0.35725 0.3469 -0.04259
0.35443 0.34863 -0.04449
0.35697 0.34661 -0.04489
0.35419 0.34847 -0.0468
0.35664 0.34634 -0.04719
0.35392 0.34841 -0.04912
0.35639 0.34633 -0.0495
0.35354 0.34818 -0.05141
0.35611 0.34626 -0.05182
0.35293 0.34765 -0.0536
0.35545 0.34568 -0.05399
0.3524 0.34721 -0.05582
0.35496 0.3453 -0.05624
0.35186 0.34682 -0.05807
0.35423 0.34466 -0.05835
0.35102 0.34592 -0.06007
0.35356 0.34403 -0.06049
0.3504 0.34533 -0.06224
0.35293 0.34342 -0.06265
0.3497 0.34469 -0.06436
0.35225 0.34284 -0.0648
0.34893 0.34417 -0.0665
0.35146 0.34231 -0.06692
0.3481 0.34347 -0.06856
0.35069 0.34174 -0.06904
0.34728 0.34281 -0.07064
0.3499 0.34116 -0.07115
0.34648 0.34213 -0.07272
0.3492 0.34067 -0.07332
0.3458 0.34167 -0.07491
0.34845 0.34009 -0.07544
0.34509 0.34109 -0.07705
0.34767 0.33938 -0.07752
0.3444 0.34049 -0.07919
0.34691 0.33867 -0.0796
0.34353 0.33969 -0.0812
0.34604 0.33788 -0.0816
0.34245 0.3387 -0.08301
0.34508 0.33716 -0.08359
0.34143 0.33773 -0.08487
0.34414 0.33644 -0.0856
0.34046 0.33693 -0.08684
0.34323 0.33576 -0.08764
0.33961 0.33641 -0.08896
0.34212 0.33466 -0.08939
0.33864 0.33557 -0.09094
0.34107 0.33368 -0.09122
0.33756 0.33436 -0.09263
0.34003 0.33259 -0.09299
0.33649 0.3331 -0.09427
0.33894 0.33133 -0.09464
0.33546 0.33209 -0.0961
0.33802 0.33058 -0.09668
0.33441 0.33132 -0.09803
0.3371 0.33014 -0.09882
0.3333 0.33025 -0.09981
0.33591 0.32886 -0.1004
0.33213 0.329 -0.10139
0.33474 0.32764 -0.10199
0.33105 0.32793 -0.10315
0.33368 0.32666 -0.10382
0.32999 0.32688 -0.10495
0.33261 0.32561 -0.1056
0.32896 0.32576 -0.10671
0.3316 0.32459 -0.10744
0.328 0.32484 -0.10863
0.33073 0.324 -0.10952
0.32713 0.32431 -0.11073
0.32987 0.32341 -0.11162
0.32618 0.32355 -0.11273
0.32887 0.3225 -0.11353
0.32526 0.32274 -0.11473
0.32791 0.3216 -0.11546
0.32429 0.32164 -0.11654
0.32695 0.32062 -0.11733
0.32343 0.32089 -0.11855
0.32609 0.31998 -0.11939
0.3226 0.32023 -0.12063
0.32522 0.31914 -0.12139
0.32173 0.31915 -0.12253
0.32436 0.3181 -0.1233
0.3209 0.31817 -0.12448
0.32354 0.31725 -0.1253
0.32019 0.31771 -0.12666
0.32278 0.31659 -0.1274
0.31949 0.31718 -0.12883
0.32207 0.31604 -0.12956
0.31885 0.31657 -0.13099
0.32131 0.31507 -0.13154
0.31825 0.31579 -0.13309
0.32064 0.31421 -0.13361
0.31775 0.31509 -0.13527
0.31992 0.31322 -0.13557
0.31706 0.31421 -0.13735
0.31921 0.31238 -0.13759
0.31617 0.31312 -0.13923
0.31854 0.31167 -0.13971
0.31537 0.31218 -0.14118
0.31786 0.31101 -0.14183
0.31479 0.31179 -0.14342
0.31721 0.31048 -0.14398
0.31407 0.31126 -0.14555
0.31655 0.31006 -0.14618
0.31349 0.31097 -0.14776
0.31589 0.30955 -0.14834
0.31295 0.3107 -0.14996
0.31523 0.309 -0.15047
0.31252 0.31057 -0.15226
0.31479 0.30887 -0.15282
0.31193 0.31003 -0.15458
0.31402 0.30811 -0.15493
0.3113 0.30939 -0.1567
0.31341 0.30758 -0.1571
0.31065 0.3088 -0.15885
0.31269 0.30688 -0.1592
0.30987 0.30813 -0.16093
0.31203 0.30641 -0.16135
0.3092 0.30775 -0.16312
0.31135 0.30602 -0.16356
0.30853 0.30735 -0.16533
0.31053 0.30542 -0.16569
0.35485 0.34817 -0.02818
0.35282 0.35105 -0.03035
0.35243 0.35082 -0.03272
0.35235 0.35088 -0.03506
0.35245 0.35109 -0.03739
0.35263 0.35136 -0.0397
0.35282 0.35152 -0.04203
0.35241 0.3512 -0.04432
0.35212 0.35098 -0.04663
0.35169 0.35076 -0.04892
0.35108 0.35028 -0.05112
0.35035 0.34958 -0.05323
0.34972 0.34896 -0.0554
0.34908 0.3484 -0.05757
0.34838 0.3477 -0.0597
0.34787 0.34726 -0.06195
0.34709 0.3465 -0.06402
0.34632 0.34594 -0.06615
0.34543 0.34514 -0.06815
0.34456 0.34436 -0.07018
0.34373 0.34361 -0.07224
0.34299 0.343 -0.07438
0.34226 0.34233 -0.07649
0.34154 0.34163 -0.07859
0.34065 0.34074 -0.08055
0.3396 0.33979 -0.08241
0.33859 0.33888 -0.08432
0.33762 0.33803 -0.08627
0.33677 0.33752 -0.0884
0.33582 0.33675 -0.09042
0.33474 0.33544 -0.09206
0.33374 0.33437 -0.09388
0.33269 0.33325 -0.09564
0.33155 0.33206 -0.09731
0.33048 0.33114 -0.09917
0.32936 0.33008 -0.10093
0.32827 0.32899 -0.10269
0.32719 0.32781 -0.10439
0.32622 0.32693 -0.10634
0.32525 0.32596 -0.10822
0.32432 0.32512 -0.11017
0.32337 0.3244 -0.11218
0.32246 0.32363 -0.1142
0.32155 0.32271 -0.11615
0.32065 0.3218 -0.11811
0.31973 0.32068 -0.11997
0.31893 0.31988 -0.12201
0.31813 0.31905 -0.12404
0.31737 0.31824 -0.1261
0.31663 0.31731 -0.12812
0.316 0.317 -0.13037
0.3154 0.31624 -0.13252
0.3153 0.31669 -0.13492
0.31482 0.31599 -0.13725
0.31388 0.31478 -0.13907
0.31305 0.31381 -0.14101
0.31229 0.3131 -0.14309
0.3115 0.31241 -0.14516
0.31084 0.31195 -0.14733
0.31028 0.31162 -0.14956
0.30974 0.31132 -0.15179
0.30928 0.31118 -0.15411
0.30878 0.31079 -0.1564
0.30816 0.31018 -0.15856
0.30753 0.30974 -0.16076
0.30691 0.30948 -0.163
0.30624 0.30914 -0.16523
0.35037 0.35329 -0.03033
0.35011 0.35314 -0.03276
0.34999 0.35319 -0.03511
0.35021 0.35351 -0.03745
0.35105 0.35428 -0.03959
0.35133 0.35452 -0.04204
0.35076 0.35406 -0.04436
0.35025 0.35368 -0.04662
0.34981 0.35347 -0.04897
0.34874 0.35253 -0.05092
0.34768 0.35137 -0.05269
0.34701 0.35065 -0.05486
0.34642 0.35015 -0.05708
0.34573 0.34944 -0.05921
0.34516 0.3489 -0.06143
0.34453 0.34835 -0.06362
0.34377 0.3478 -0.06577
0.34296 0.3471 -0.06785
0.34206 0.34629 -0.06986
0.34112 0.34535 -0.0718
0.34032 0.34461 -0.07389
0.33955 0.34385 -0.07597
0.33873 0.34289 -0.07794
0.33779 0.34184 -0.07982
0.3368 0.34107 -0.08181
0.3358 0.34013 -0.08371
0.33483 0.3393 -0.0857
0.33399 0.33873 -0.08783
0.33299 0.33774 -0.08971
0.33195 0.33657 -0.09146
0.33098 0.33557 -0.09335
0.32997 0.33452 -0.09519
0.32884 0.33336 -0.09689
0.32772 0.33225 -0.09863
0.32663 0.33128 -0.10047
0.3256 0.33036 -0.10238
0.32453 0.32918 -0.10411
0.32352 0.3281 -0.1059
0.32257 0.32721 -0.10786
0.32157 0.32616 -0.10971
0.32054 0.32514 -0.11155
0.31965 0.32443 -0.11358
0.31888 0.32397 -0.1158
0.31796 0.32298 -0.11777
0.31701 0.32175 -0.11955
0.31614 0.32059 -0.12137
0.3154 0.32 -0.12354
0.31462 0.31908 -0.12557
0.3139 0.31819 -0.12759
0.31323 0.31748 -0.1297
0.31267 0.31691 -0.13187
0.31257 0.31751 -0.13412
0.31279 0.31839 -0.13676
0.31194 0.31701 -0.13892
0.31093 0.31573 -0.14065
0.31 0.31469 -0.14249
0.30915 0.31386 -0.14448
0.3085 0.31341 -0.14666
0.30795 0.31304 -0.14892
0.30723 0.31231 -0.15105
0.30671 0.31197 -0.15328
0.30621 0.31171 -0.15554
0.30571 0.31141 -0.15782
0.30515 0.31114 -0.16009
0.30452 0.31093 -0.16237
0.30374 0.31045 -0.16461
0.3477 0.35532 -0.03227
0.34761 0.35509 -0.02989
0.34783 0.3556 -0.0346
0.34837 0.35619 -0.03685
0.34866 0.35653 -0.03918
0.34865 0.35649 -0.04155
0.34853 0.35646 -0.04394
0.34802 0.35606 -0.04623
0.34725 0.35549 -0.0484
0.34633 0.35465 -0.0504
0.34533 0.35358 -0.05225
0.34448 0.35258 -0.05423
0.34383 0.35196 -0.05643
0.34318 0.3513 -0.0586
0.34256 0.35065 -0.06078
0.34189 0.35002 -0.06295
0.34121 0.34958 -0.06516
0.34054 0.3491 -0.06737
0.33974 0.34841 -0.06948
0.33881 0.34749 -0.07144
0.33778 0.34635 -0.07324
0.33692 0.34539 -0.07521
0.33616 0.34457 -0.07729
0.33522 0.34355 -0.07919
0.33424 0.34273 -0.08117
0.33326 0.34187 -0.08314
0.33226 0.34096 -0.08507
0.33133 0.34013 -0.08706
0.3304 0.33927 -0.08904
0.3294 0.33818 -0.09087
0.32842 0.33711 -0.09273
0.3274 0.33603 -0.09456
0.32638 0.3351 -0.09648
0.32528 0.33402 -0.09828
0.32407 0.33273 -0.09984
0.32302 0.33174 -0.10169
0.322 0.33073 -0.10355
0.32106 0.32986 -0.10553
0.32006 0.32884 -0.10742
0.31903 0.32767 -0.1092
0.31797 0.32653 -0.11093
0.3171 0.32584 -0.11298
0.31628 0.32531 -0.11518
0.31531 0.32421 -0.11709
0.31441 0.32305 -0.11892
0.31361 0.32212 -0.12091
0.31272 0.3209 -0.12275
0.31194 0.3199 -0.12472
0.31126 0.31913 -0.12683
0.31059 0.31829 -0.12891
0.31005 0.31784 -0.13109
0.30979 0.3179 -0.13338
0.30979 0.31882 -0.13572
0.30931 0.31841 -0.13826
0.30841 0.31706 -0.14013
0.30757 0.31613 -0.1421
0.30674 0.31535 -0.14414
0.30604 0.31481 -0.14629
0.30564 0.31468 -0.14863
0.30502 0.31406 -0.15088
0.30427 0.3132 -0.15293
0.3037 0.3128 -0.15512
0.30322 0.3126 -0.1574
0.30268 0.31239 -0.1597
0.30202 0.31214 -0.16199
0.30121 0.31158 -0.16421
0.30275 0.30961 -0.16667
0.30019 0.3106 -0.16617
0.3454 0.35767 -0.03176
0.34481 0.35681 -0.02962
0.34563 0.35801 -0.03411
0.3461 0.35853 -0.03637
0.34627 0.35874 -0.03874
0.3461 0.35848 -0.04109
0.34582 0.35825 -0.04343
0.34537 0.35794 -0.04574
0.3447 0.35749 -0.04797
0.34392 0.35685 -0.05013
0.34302 0.35589 -0.05211
0.34204 0.35467 -0.05391
0.34124 0.35381 -0.05597
0.34052 0.353 -0.05807
0.33992 0.35239 -0.06028
0.3392 0.35164 -0.0624
0.33849 0.35111 -0.06459
0.33784 0.35067 -0.06682
0.33702 0.34992 -0.06891
0.33611 0.34905 -0.07091
0.33508 0.34785 -0.07267
0.33417 0.34676 -0.07458
0.33346 0.34607 -0.07673
0.33266 0.34532 -0.07882
0.33172 0.34454 -0.08084
0.33082 0.34377 -0.08288
0.32987 0.34294 -0.08488
0.32889 0.34202 -0.08682
0.32787 0.341 -0.08868
0.32687 0.33989 -0.09052
0.32589 0.33879 -0.09236
0.32488 0.33771 -0.0942
0.32381 0.33664 -0.09601
0.32275 0.33562 -0.09788
0.32152 0.33428 -0.09942
0.32037 0.333 -0.10103
0.31937 0.33202 -0.10293
0.31832 0.33084 -0.10469
0.31731 0.32982 -0.10656
0.31635 0.32891 -0.10851
0.31534 0.32784 -0.11034
0.31457 0.3274 -0.11256
0.31357 0.32642 -0.11455
0.31257 0.32504 -0.11624
0.3117 0.32406 -0.11816
0.31091 0.32312 -0.12016
0.31007 0.32196 -0.12205
0.30933 0.321 -0.12407
0.30865 0.32019 -0.12616
0.30801 0.31945 -0.12829
0.3074 0.31872 -0.13041
0.30703 0.31824 -0.13266
0.30693 0.31844 -0.135
0.30647 0.31841 -0.13734
0.30582 0.31832 -0.13968
0.30513 0.31764 -0.14188
0.30432 0.31685 -0.14396
0.30366 0.31634 -0.14615
0.3031 0.31596 -0.14841
0.3026 0.31557 -0.15074
0.30189 0.31468 -0.15281
0.30131 0.31417 -0.15498
0.30085 0.31401 -0.15727
0.30031 0.31385 -0.15958
0.29961 0.31358 -0.16188
0.29877 0.313 -0.1641
0.29774 0.31197 -0.16606
0.34196 0.35849 -0.02952
0.34245 0.35922 -0.03171
0.34299 0.36001 -0.03388
0.34353 0.36061 -0.03614
0.34375 0.36085 -0.03855
0.34342 0.36035 -0.04089
0.343 0.35987 -0.04317
0.34256 0.35963 -0.04551
0.3418 0.35898 -0.04768
0.34099 0.35827 -0.0498
0.34009 0.35727 -0.05176
0.3392 0.35617 -0.05367
0.3384 0.3553 -0.05574
0.33773 0.35459 -0.0579
0.33715 0.35399 -0.06012
0.33647 0.35329 -0.06227
0.33568 0.35258 -0.06439
0.33494 0.35192 -0.06654
0.33405 0.35092 -0.06849
0.33309 0.34982 -0.07036
0.33207 0.3487 -0.07219
0.33125 0.34787 -0.07428
0.33057 0.34724 -0.07647
0.32981 0.34658 -0.0786
0.32905 0.34622 -0.08083
0.32828 0.34574 -0.08306
0.3273 0.34479 -0.08505
0.32628 0.34381 -0.08698
0.32513 0.34241 -0.08857
0.32407 0.34112 -0.09025
0.32304 0.33985 -0.09197
0.32208 0.33892 -0.09392
0.32105 0.33796 -0.09582
0.32004 0.33702 -0.09778
0.31885 0.33573 -0.09943
0.31764 0.3343 -0.10088
0.31661 0.33329 -0.10275
0.31558 0.33211 -0.10454
0.3145 0.33076 -0.10616
0.31351 0.32974 -0.10803
0.31253 0.32885 -0.10997
0.3117 0.32865 -0.11232
0.31071 0.32739 -0.11422
0.30973 0.3257 -0.11567
0.30886 0.32454 -0.1175
0.3081 0.32375 -0.11958
0.30741 0.32325 -0.12183
0.30665 0.32214 -0.1238
0.30597 0.32126 -0.12588
0.3053 0.32039 -0.12796
0.30474 0.31977 -0.13015
0.3043 0.31896 -0.13232
0.3041 0.31823 -0.13455
0.30368 0.31858 -0.13687
0.30305 0.31893 -0.13915
0.30249 0.31872 -0.14148
0.30191 0.31836 -0.14377
0.30142 0.31813 -0.1461
0.30072 0.31752 -0.14831
0.3001 0.31688 -0.15052
0.29946 0.31609 -0.15264
0.29916 0.3159 -0.15497
0.2986 0.31565 -0.15727
0.29794 0.31539 -0.15956
0.29712 0.31497 -0.16181
0.2962 0.31421 -0.16392
0.29525 0.31336 -0.16597
0.33888 0.35962 -0.02925
0.33937 0.36037 -0.03145
0.33993 0.36124 -0.03358
0.34065 0.3622 -0.03566
0.34121 0.36299 -0.03801
0.34092 0.36243 -0.0405
0.34021 0.36148 -0.04262
0.33958 0.36079 -0.0448
0.3388 0.36008 -0.04693
0.338 0.35938 -0.04904
0.33717 0.35855 -0.05109
0.33636 0.35763 -0.05314
0.33562 0.35685 -0.05527
0.33498 0.35617 -0.05746
0.33443 0.35561 -0.05971
0.33376 0.35494 -0.06189
0.3329 0.35406 -0.06393
0.33214 0.35331 -0.06605
0.33121 0.35219 -0.06793
0.33022 0.35099 -0.06973
0.32926 0.35002 -0.07168
0.32843 0.34916 -0.07375
0.3277 0.34835 -0.07586
0.3269 0.34753 -0.07794
0.32604 0.34678 -0.08003
0.32523 0.34618 -0.08218
0.3243 0.34544 -0.08425
0.32329 0.3444 -0.08613
0.32227 0.34347 -0.08808
0.32123 0.34221 -0.0898
0.32021 0.3409 -0.09151
0.31918 0.33961 -0.09322
0.31818 0.33881 -0.09523
0.31718 0.33823 -0.09737
0.31602 0.33695 -0.09914
0.3148 0.33521 -0.10034
0.31371 0.33382 -0.10194
0.31271 0.33282 -0.10386
0.31171 0.33177 -0.10574
0.31074 0.33079 -0.10768
0.30966 0.32953 -0.10941
0.30874 0.32847 -0.11132
0.3078 0.32757 -0.11333
0.3069 0.32639 -0.11518
0.30608 0.3254 -0.11716
0.30534 0.32465 -0.11928
0.30458 0.32393 -0.12143
0.30397 0.32326 -0.12361
0.30336 0.32248 -0.12577
0.30271 0.3216 -0.12788
0.30204 0.32071 -0.12997
0.30163 0.31989 -0.13214
0.30152 0.31941 -0.13443
0.30104 0.31946 -0.13673
0.30031 0.31954 -0.13898
0.29982 0.31974 -0.14128
0.29956 0.32013 -0.14369
0.29898 0.31969 -0.14607
0.29833 0.31909 -0.14832
0.29771 0.31839 -0.1505
0.29718 0.31775 -0.15267
0.29709 0.31793 -0.15511
0.29633 0.31737 -0.15741
0.29543 0.31673 -0.15956
0.29451 0.3161 -0.16169
0.2936 0.31539 -0.16381
0.29263 0.3146 -0.1659
0.33629 0.36149 -0.03119
0.33584 0.36085 -0.02893
0.33681 0.36226 -0.03338
0.33747 0.36314 -0.03551
0.33805 0.36409 -0.0377
0.33819 0.36435 -0.04026
0.33752 0.36333 -0.04248
0.33678 0.36246 -0.0446
0.33609 0.36191 -0.04682
0.33529 0.36121 -0.04895
0.33444 0.36033 -0.051
0.33356 0.35923 -0.05293
0.33271 0.3582 -0.05493
0.3321 0.35757 -0.05718
0.33155 0.35699 -0.05943
0.33084 0.3562 -0.06156
0.33008 0.35552 -0.06372
0.32926 0.35462 -0.06576
0.3283 0.35342 -0.06757
0.32732 0.35226 -0.06942
0.32634 0.3512 -0.07134
0.32552 0.35028 -0.0734
0.32476 0.34937 -0.07548
0.32396 0.34856 -0.07758
0.32304 0.34751 -0.07952
0.32218 0.34654 -0.08153
0.32125 0.34576 -0.0836
0.32032 0.3452 -0.08573
0.31934 0.34437 -0.08775
0.31833 0.34317 -0.08955
0.31734 0.34193 -0.09134
0.31629 0.34054 -0.09298
0.3152 0.33909 -0.09456
0.31418 0.33811 -0.0965
0.31306 0.33724 -0.09843
0.31193 0.33609 -0.10021
0.31081 0.33459 -0.10173
0.30983 0.33361 -0.10367
0.30893 0.3329 -0.10578
0.30792 0.33177 -0.10766
0.30683 0.33049 -0.10938
0.30585 0.32921 -0.11114
0.3049 0.32812 -0.11303
0.30411 0.32735 -0.11515
0.30336 0.32653 -0.11725
0.30263 0.32579 -0.11941
0.30184 0.32491 -0.12149
0.30117 0.32412 -0.12361
0.30068 0.32363 -0.12589
0.30012 0.32282 -0.12808
0.29945 0.32185 -0.13017
0.29914 0.32122 -0.13244
0.29902 0.32069 -0.13473
0.2985 0.32063 -0.13704
0.29772 0.32062 -0.13929
0.29712 0.32062 -0.14157
0.29678 0.32095 -0.14394
0.29636 0.32085 -0.14637
0.29579 0.32035 -0.1487
0.2952 0.31969 -0.1509
0.29477 0.31924 -0.15314
0.29443 0.31911 -0.15554
0.29371 0.31856 -0.15786
0.29276 0.31768 -0.15993
0.29182 0.31699 -0.16203
0.29086 0.31621 -0.16413
0.28977 0.31504 -0.16599
0.33289 0.36229 -0.02876
0.33327 0.36279 -0.03108
0.33372 0.36338 -0.03336
0.33432 0.36407 -0.03557
0.33483 0.36484 -0.0378
0.33501 0.36533 -0.04022
0.33467 0.36493 -0.04264
0.33407 0.36427 -0.04488
0.33344 0.36379 -0.04716
0.33261 0.36302 -0.04929
0.33157 0.36182 -0.0511
0.33066 0.36069 -0.05303
0.32983 0.35966 -0.05505
0.32916 0.35886 -0.05723
0.32858 0.35821 -0.05947
0.32794 0.35752 -0.06167
0.32719 0.35683 -0.06384
0.32643 0.35604 -0.06597
0.32558 0.35502 -0.06796
0.32455 0.35375 -0.06972
0.32348 0.35253 -0.0715
0.32256 0.35138 -0.07341
0.32178 0.35035 -0.07544
0.32095 0.34943 -0.07749
0.32007 0.34852 -0.07953
0.31921 0.34757 -0.08156
0.31832 0.34684 -0.08366
0.31736 0.34606 -0.08571
0.31636 0.34515 -0.0877
0.31539 0.34401 -0.08958
0.31436 0.34259 -0.09122
0.31331 0.34112 -0.09279
0.31223 0.33977 -0.09446
0.31119 0.33854 -0.09625
0.31011 0.33786 -0.09832
0.30899 0.33681 -0.10018
0.30794 0.3355 -0.1019
0.30696 0.3345 -0.10382
0.30602 0.33368 -0.10587
0.30508 0.33283 -0.10792
0.3041 0.33182 -0.10992
0.30314 0.33043 -0.11164
0.30221 0.32934 -0.11352
0.30145 0.32859 -0.11562
0.30063 0.32759 -0.11764
0.29981 0.32663 -0.11968
0.2991 0.32599 -0.1219
0.29835 0.32492 -0.12389
0.29792 0.32455 -0.12616
0.29755 0.32403 -0.12843
0.29738 0.32369 -0.13082
0.29706 0.323 -0.13316
0.2966 0.32204 -0.1353
0.2959 0.32168 -0.13754
0.29508 0.32155 -0.13978
0.29454 0.32165 -0.14211
0.29412 0.32179 -0.14446
0.29378 0.32204 -0.14692
0.29312 0.3213 -0.14921
0.29253 0.32058 -0.1514
0.29213 0.32018 -0.15371
0.29169 0.31981 -0.15608
0.29092 0.31906 -0.15828
0.29007 0.31841 -0.16046
0.28908 0.31761 -0.16255
0.28806 0.3166 -0.16454
0.28698 0.31537 -0.16634
0.32995 0.36378 -0.02893
0.33031 0.36421 -0.03127
0.33072 0.36472 -0.03359
0.33132 0.36538 -0.03583
0.33175 0.36587 -0.03816
0.33186 0.36614 -0.04056
0.33163 0.36609 -0.04297
0.33121 0.36578 -0.04534
0.33056 0.36524 -0.04761
0.32967 0.36436 -0.04967
0.32872 0.36329 -0.05161
0.32787 0.36222 -0.0536
0.32706 0.36122 -0.05563
0.3263 0.36029 -0.05773
0.3257 0.35954 -0.05993
0.325 0.35872 -0.06208
0.3243 0.35807 -0.06429
0.32358 0.35732 -0.06646
0.32268 0.35621 -0.0684
0.32164 0.3549 -0.07013
0.3206 0.35373 -0.07196
0.31964 0.35251 -0.0738
0.31879 0.3513 -0.07572
0.31797 0.35036 -0.07779
0.3171 0.34943 -0.07983
0.31625 0.34849 -0.08188
0.31534 0.34768 -0.08395
0.31435 0.34676 -0.08593
0.31335 0.34577 -0.08788
0.31241 0.34472 -0.08983
0.3114 0.34328 -0.09148
0.31032 0.34168 -0.09294
0.30923 0.34028 -0.09458
0.3082 0.33907 -0.09641
0.30711 0.33816 -0.09836
0.30598 0.33705 -0.10017
0.30495 0.33585 -0.10198
0.304 0.33498 -0.10402
0.30301 0.33394 -0.10596
0.30202 0.3328 -0.10783
0.30106 0.33202 -0.10991
0.30019 0.33103 -0.11193
0.29928 0.3299 -0.11383
0.29856 0.32923 -0.11601
0.29786 0.3285 -0.11823
0.29701 0.32744 -0.12025
0.29614 0.32632 -0.1222
0.29545 0.32533 -0.12422
0.29517 0.32538 -0.12653
0.29526 0.32588 -0.12886
0.29547 0.32603 -0.13146
0.29503 0.32498 -0.13389
0.29447 0.32382 -0.13595
0.29355 0.32318 -0.13804
0.2928 0.32317 -0.1403
0.29214 0.32307 -0.14261
0.29154 0.32288 -0.14494
0.29108 0.32285 -0.14733
0.29049 0.32225 -0.14963
0.28999 0.32172 -0.15193
0.28949 0.32107 -0.1542
0.28897 0.32038 -0.15646
0.28825 0.31977 -0.15869
0.28737 0.31909 -0.16089
0.28633 0.31812 -0.1629
0.28526 0.317 -0.1648
0.32666 0.36452 -0.02743
0.32702 0.36509 -0.02974
0.32747 0.36571 -0.03203
0.32792 0.36629 -0.03432
0.32852 0.36691 -0.03658
0.3289 0.36726 -0.03895
0.32896 0.36739 -0.04137
0.32874 0.36736 -0.04378
0.32837 0.36716 -0.04618
0.32781 0.36682 -0.04859
0.32687 0.3658 -0.05065
0.32579 0.36446 -0.05238
0.32495 0.36336 -0.05436
0.32424 0.3625 -0.0565
0.32361 0.36176 -0.0587
0.32289 0.36081 -0.06079
0.32209 0.35976 -0.0628
0.32132 0.35895 -0.06495
0.32063 0.35827 -0.06717
0.31979 0.35722 -0.06917
0.31877 0.35595 -0.07096
0.31773 0.35476 -0.07278
0.31673 0.35345 -0.07454
0.31591 0.35229 -0.07651
0.31502 0.35121 -0.07847
0.31409 0.35013 -0.08043
0.31329 0.34924 -0.08253
0.31238 0.34837 -0.08457
0.31137 0.34737 -0.0865
0.31037 0.34633 -0.08843
0.30938 0.34504 -0.09019
0.30838 0.34358 -0.09183
0.30735 0.34214 -0.09348
0.30635 0.34095 -0.09532
0.30535 0.33978 -0.09718
0.30417 0.33858 -0.09889
0.30302 0.33736 -0.10063
0.30205 0.33635 -0.1026
0.3011 0.33542 -0.10461
0.3001 0.33432 -0.10652
0.29906 0.33302 -0.10828
0.29806 0.33199 -0.11022
0.29723 0.33119 -0.11234
0.29643 0.33045 -0.11449
0.29573 0.3298 -0.11671
0.29496 0.32885 -0.11882
0.29412 0.32778 -0.12084
0.29323 0.32646 -0.12264
0.29257 0.32559 -0.1248
0.29242 0.32619 -0.12717
0.29242 0.32669 -0.12953
0.29257 0.32695 -0.13205
0.29247 0.32635 -0.13454
0.29213 0.32529 -0.13674
0.29136 0.32477 -0.13893
0.29047 0.32461 -0.14116
0.28975 0.32444 -0.14345
0.28905 0.32403 -0.14572
0.28854 0.32377 -0.14806
0.288 0.3233 -0.15039
0.28745 0.32267 -0.15269
0.28688 0.32181 -0.15488
0.28635 0.32106 -0.15709
0.2856 0.32038 -0.15931
0.28468 0.31963 -0.16151
0.28357 0.3185 -0.16342
0.28246 0.31727 -0.1652
0.32402 0.36643 -0.02798
0.32438 0.36701 -0.0303
0.32483 0.3676 -0.0326
0.32524 0.36809 -0.03492
0.32573 0.3685 -0.03725
0.32613 0.36884 -0.03961
0.32614 0.36887 -0.04205
0.32584 0.36869 -0.04446
0.32535 0.36828 -0.04681
0.32462 0.36757 -0.04904
0.32373 0.36662 -0.0511
0.32275 0.3654 -0.05296
0.32201 0.3645 -0.05507
0.32134 0.36371 -0.05725
0.32072 0.36302 -0.05951
0.31992 0.36183 -0.06148
0.31903 0.36044 -0.06329
0.31829 0.35972 -0.06549
0.31761 0.35905 -0.06771
0.31684 0.35816 -0.06983
0.31594 0.35707 -0.07179
0.31487 0.35581 -0.07356
0.31389 0.35451 -0.07535
0.31304 0.3533 -0.07728
0.31224 0.35236 -0.07936
0.31141 0.35143 -0.08143
0.31045 0.35023 -0.08329
0.30948 0.34922 -0.08526
0.30852 0.34829 -0.08727
0.30744 0.34704 -0.08903
0.30642 0.34565 -0.09072
0.30542 0.34415 -0.09234
0.30452 0.34296 -0.09425
0.30355 0.34179 -0.09613
0.30255 0.34059 -0.09796
0.30129 0.33923 -0.09953
0.30016 0.33804 -0.1013
0.2992 0.33699 -0.10325
0.29822 0.33596 -0.10521
0.29725 0.33493 -0.10717
0.29624 0.33373 -0.10901
0.29529 0.3328 -0.11103
0.29445 0.33193 -0.11311
0.29371 0.33131 -0.11532
0.29303 0.33067 -0.1176
0.29214 0.32938 -0.11951
0.29126 0.32812 -0.12138
0.2904 0.32691 -0.12326
0.2899 0.32654 -0.12557
0.28965 0.32671 -0.12795
0.28969 0.32727 -0.13031
0.28983 0.32757 -0.13278
0.28978 0.3272 -0.13522
0.28974 0.32666 -0.13763
0.28902 0.32615 -0.13991
0.28799 0.32573 -0.14205
0.28718 0.32536 -0.14428
0.28656 0.32508 -0.14658
0.28621 0.32512 -0.14901
0.28564 0.32456 -0.15139
0.28498 0.3237 -0.1536
0.28435 0.3227 -0.15571
0.28379 0.32184 -0.15787
0.28298 0.32105 -0.16007
0.28196 0.32007 -0.16214
0.28079 0.31878 -0.1639
0.27968 0.31746 -0.16559
0.32193 0.36921 -0.03001
0.32158 0.36865 -0.02768
0.3223 0.3697 -0.03235
0.32268 0.37015 -0.03469
0.3231 0.37045 -0.03706
0.32344 0.37068 -0.03946
0.32351 0.3708 -0.04193
0.32295 0.37016 -0.04425
0.3223 0.36937 -0.04646
0.32152 0.36847 -0.04857
0.32063 0.36751 -0.05061
0.31977 0.36664 -0.0527
0.31902 0.36569 -0.0548
0.31829 0.36466 -0.05686
0.31756 0.36353 -0.05888
0.31684 0.36259 -0.06099
0.31604 0.36148 -0.063
0.31533 0.36081 -0.06522
0.31462 0.36002 -0.0674
0.31386 0.35916 -0.06953
0.31305 0.35831 -0.07164
0.31206 0.35721 -0.07356
0.31112 0.35596 -0.07541
0.31029 0.35477 -0.07736
0.30956 0.35395 -0.07953
0.30881 0.35322 -0.08176
0.30772 0.3517 -0.08338
0.30667 0.3505 -0.0852
0.30568 0.3495 -0.08717
0.30469 0.34842 -0.08911
0.30364 0.34692 -0.09072
0.30272 0.34557 -0.09251
0.30188 0.34445 -0.09448
0.30087 0.34317 -0.09628
0.29978 0.3418 -0.09796
0.29863 0.34062 -0.09974
0.29752 0.33945 -0.10154
0.2964 0.33808 -0.1032
0.29543 0.33704 -0.10517
0.29456 0.33621 -0.10728
0.29357 0.33506 -0.10917
0.29264 0.33418 -0.11123
0.29177 0.33322 -0.11326
0.29095 0.3324 -0.11538
0.29017 0.3315 -0.1175
0.28937 0.33037 -0.11951
0.28851 0.3291 -0.12138
0.28768 0.328 -0.12336
0.28707 0.32736 -0.12566
0.28702 0.32793 -0.12806
0.28712 0.32849 -0.13043
0.28722 0.32865 -0.13291
0.28712 0.32824 -0.13533
0.28709 0.32782 -0.13774
0.28646 0.32747 -0.14009
0.28554 0.32716 -0.14229
0.28479 0.32683 -0.14455
0.28415 0.3265 -0.14685
0.28362 0.32626 -0.14922
0.28307 0.3258 -0.1516
0.28242 0.32494 -0.15383
0.28181 0.32388 -0.15591
0.28123 0.32296 -0.15807
0.28036 0.32202 -0.16021
0.27925 0.32083 -0.1621
0.27811 0.3196 -0.16388
0.27698 0.31827 -0.16555
0.31984 0.37169 -0.02939
0.31953 0.37117 -0.02704
0.32021 0.37217 -0.03174
0.32055 0.37258 -0.03411
0.32078 0.37269 -0.03654
0.32094 0.37271 -0.03897
0.32079 0.3725 -0.04141
0.32032 0.37201 -0.04377
0.31972 0.37132 -0.04606
0.31885 0.37025 -0.0481
0.31779 0.36893 -0.04987
0.31694 0.36803 -0.05196
0.31616 0.36698 -0.054
0.31539 0.36578 -0.05597
0.31466 0.36464 -0.05799
0.31391 0.36355 -0.06003
0.31318 0.36268 -0.06219
0.31247 0.36193 -0.06439
0.31176 0.36106 -0.06654
0.31102 0.36028 -0.06872
0.31023 0.35953 -0.07089
0.30934 0.35873 -0.07301
0.30843 0.3575 -0.07491
0.30764 0.35638 -0.07692
0.30678 0.35522 -0.07886
0.3059 0.35414 -0.08085
0.30502 0.3532 -0.08292
0.30393 0.35182 -0.0846
0.30288 0.35059 -0.08642
0.30191 0.34961 -0.08843
0.30106 0.34858 -0.09047
0.30024 0.34739 -0.09242
0.29931 0.34609 -0.09426
0.29828 0.34472 -0.09597
0.29732 0.34359 -0.09788
0.29634 0.3427 -0.09994
0.29521 0.34152 -0.1018
0.29396 0.33984 -0.10312
0.29282 0.33847 -0.10477
0.29194 0.3376 -0.10686
0.29106 0.3367 -0.10894
0.29007 0.33568 -0.11091
0.2892 0.33471 -0.11295
0.28836 0.3338 -0.11502
0.2876 0.33293 -0.11716
0.28686 0.33189 -0.11925
0.28597 0.33056 -0.12109
0.28516 0.32949 -0.12312
0.28459 0.32895 -0.12543
0.28446 0.32925 -0.12785
0.28455 0.32974 -0.13025
0.28472 0.33 -0.1327
0.2847 0.32977 -0.13516
0.28464 0.32926 -0.13758
0.28397 0.32882 -0.13988
0.28312 0.32862 -0.14213
0.28253 0.3285 -0.14447
0.28211 0.32843 -0.14689
0.28145 0.32804 -0.14928
0.28061 0.32721 -0.15145
0.27993 0.32632 -0.15361
0.27938 0.32531 -0.15574
0.27878 0.32425 -0.15787
0.27788 0.32323 -0.15996
0.27675 0.32197 -0.16179
0.27556 0.32067 -0.1635
0.27438 0.31926 -0.16508
0.3181 0.37438 -0.02862
0.3183 0.37475 -0.03102
0.31873 0.37523 -0.03341
0.3187 0.37514 -0.03587
0.31869 0.37499 -0.03833
0.31837 0.37456 -0.04072
0.31782 0.37395 -0.04304
0.31709 0.37303 -0.04519
0.31627 0.37203 -0.04725
0.31527 0.37084 -0.04913
0.3143 0.36968 -0.05104
0.31354 0.36864 -0.05311
0.31281 0.36756 -0.05517
0.31211 0.36647 -0.05723
0.31137 0.36541 -0.0593
0.31055 0.36427 -0.06129
0.30974 0.36319 -0.06331
0.30898 0.36211 -0.06536
0.30824 0.36123 -0.06752
0.30747 0.36057 -0.06974
0.30662 0.3599 -0.07192
0.30577 0.35889 -0.07397
0.30502 0.35787 -0.07605
0.30421 0.35684 -0.0781
0.30329 0.35561 -0.07999
0.30237 0.35454 -0.08197
0.30136 0.35341 -0.08388
0.30029 0.3521 -0.08564
0.29926 0.35087 -0.08748
0.29841 0.34984 -0.08952
0.29763 0.3488 -0.09159
0.29674 0.34755 -0.09348
0.29577 0.34633 -0.09535
0.29478 0.3451 -0.0972
0.29371 0.34407 -0.09914
0.29249 0.34258 -0.10068
0.29144 0.34138 -0.10253
0.29047 0.34032 -0.10449
0.28948 0.33926 -0.10645
0.28855 0.33825 -0.10845
0.28758 0.33728 -0.11046
0.28673 0.33632 -0.11252
0.28591 0.33544 -0.11464
0.2851 0.33444 -0.1167
0.28448 0.33359 -0.11891
0.28373 0.33247 -0.12095
0.28286 0.33132 -0.12291
0.2823 0.33079 -0.12521
0.28235 0.33125 -0.12762
0.28228 0.33147 -0.13006
0.28217 0.33127 -0.13251
0.28212 0.33098 -0.13493
0.28217 0.33064 -0.13736
0.28166 0.33044 -0.13973
0.28103 0.33053 -0.14206
0.28077 0.33077 -0.14449
0.28039 0.33077 -0.14704
0.27936 0.33004 -0.14936
0.27828 0.32876 -0.15122
0.2775 0.32764 -0.15318
0.27707 0.32684 -0.15542
0.27653 0.32588 -0.15765
0.27558 0.32475 -0.15971
0.27442 0.32342 -0.16148
0.2732 0.32207 -0.16317
0.27199 0.32058 -0.1647
0.27077 0.31907 -0.16611
0.3165 0.37747 -0.0305
0.31642 0.37717 -0.02806
0.31652 0.37765 -0.03295
0.3165 0.37756 -0.03542
0.31634 0.37726 -0.03786
0.31599 0.37677 -0.04025
0.31541 0.37612 -0.04257
0.31477 0.37533 -0.04484
0.3138 0.3741 -0.04676
0.31275 0.37281 -0.04857
0.31176 0.37164 -0.05047
0.31094 0.37047 -0.05246
0.31023 0.36939 -0.05454
0.30958 0.36837 -0.05667
0.30889 0.36738 -0.05881
0.30804 0.3662 -0.06078
0.30715 0.36495 -0.06268
0.30629 0.36366 -0.06459
0.30551 0.36268 -0.06671
0.30471 0.36189 -0.06888
0.30387 0.36121 -0.07108
0.30304 0.36023 -0.07315
0.30232 0.35926 -0.07528
0.30151 0.35823 -0.07734
0.30065 0.35716 -0.07936
0.29968 0.35591 -0.08124
0.29862 0.3546 -0.08302
0.29758 0.35333 -0.08483
0.29659 0.35223 -0.08679
0.29572 0.35109 -0.08876
0.29492 0.34994 -0.09075
0.29408 0.34888 -0.0928
0.29309 0.34757 -0.09462
0.2921 0.34633 -0.09648
0.29099 0.34515 -0.09832
0.28993 0.34414 -0.10028
0.28894 0.34306 -0.10224
0.2881 0.34215 -0.10436
0.28702 0.34096 -0.1062
0.28601 0.3398 -0.10809
0.28508 0.3389 -0.11017
0.28424 0.33796 -0.11226
0.28339 0.337 -0.11433
0.2826 0.336 -0.11641
0.28204 0.33523 -0.11866
0.28145 0.33431 -0.12086
0.28068 0.33328 -0.12293
0.28021 0.33284 -0.12527
0.28015 0.33312 -0.12769
0.2802 0.33346 -0.13015
0.28007 0.33321 -0.13263
0.27982 0.33265 -0.135
0.27992 0.33239 -0.13743
0.27947 0.3323 -0.13984
0.27888 0.33253 -0.14218
0.27854 0.33283 -0.14465
0.27793 0.33265 -0.14723
0.27692 0.3317 -0.14946
0.27601 0.33044 -0.15141
0.2752 0.32917 -0.1533
0.27459 0.3281 -0.15538
0.27406 0.3272 -0.15762
0.27312 0.32604 -0.15966
0.27202 0.32479 -0.16156
0.27078 0.32338 -0.1632
0.26957 0.32186 -0.16471
0.2684 0.3204 -0.16626
0.31426 0.37989 -0.03011
0.31426 0.37967 -0.02766
0.31419 0.37998 -0.03259
0.31403 0.37973 -0.03506
0.31367 0.37913 -0.03743
0.31319 0.37843 -0.03973
0.31259 0.37772 -0.042
0.31198 0.37698 -0.04426
0.31117 0.37597 -0.04635
0.31021 0.37483 -0.0483
0.30929 0.37374 -0.0503
0.30843 0.37253 -0.05226
0.30762 0.37129 -0.05422
0.30697 0.37022 -0.05634
0.30626 0.36918 -0.05846
0.30541 0.36798 -0.06042
0.30456 0.36679 -0.06239
0.30375 0.36558 -0.06438
0.30298 0.36461 -0.0665
0.3021 0.36369 -0.06861
0.30119 0.36283 -0.07071
0.30029 0.36171 -0.07269
0.29947 0.36046 -0.07464
0.29867 0.35943 -0.07673
0.29782 0.35836 -0.07877
0.29686 0.35712 -0.08065
0.2958 0.35577 -0.0824
0.29476 0.35446 -0.08421
0.2938 0.35341 -0.08623
0.29285 0.35184 -0.08789
0.29205 0.35064 -0.0899
0.29128 0.34987 -0.09212
0.29038 0.34887 -0.09418
0.28944 0.34773 -0.09614
0.28852 0.34691 -0.09826
0.28778 0.34635 -0.10055
0.28702 0.34555 -0.10282
0.28588 0.34425 -0.10469
0.28454 0.34264 -0.10609
0.2834 0.34124 -0.10777
0.2824 0.34021 -0.10977
0.28156 0.33926 -0.11188
0.28082 0.33848 -0.11409
0.28023 0.33775 -0.11636
0.2796 0.33687 -0.11856
0.27911 0.33611 -0.12083
0.27864 0.33539 -0.1231
0.27858 0.33528 -0.12552
0.27836 0.33539 -0.12794
0.27811 0.33543 -0.13042
0.27786 0.33506 -0.13288
0.27761 0.3345 -0.13526
0.2775 0.33396 -0.13763
0.27693 0.33374 -0.14002
0.27614 0.33365 -0.14233
0.27565 0.33387 -0.14479
0.27503 0.33348 -0.14723
0.27428 0.33284 -0.14954
0.27357 0.33182 -0.15171
0.27294 0.33069 -0.15384
0.27229 0.3295 -0.1559
0.27159 0.32833 -0.15796
0.27068 0.32724 -0.16002
0.26955 0.32597 -0.16187
0.26837 0.32463 -0.1636
0.26722 0.3232 -0.16524
0.31166 0.38171 -0.02768
0.3116 0.38185 -0.03014
0.3115 0.38189 -0.03262
0.31131 0.38159 -0.03507
0.31099 0.38101 -0.03746
0.31042 0.38017 -0.03972
0.3098 0.37941 -0.04198
0.30916 0.37862 -0.04423
0.30841 0.3777 -0.04639
0.30763 0.3768 -0.04856
0.30677 0.37577 -0.05063
0.30603 0.37466 -0.0527
0.30521 0.3734 -0.05465
0.30437 0.37211 -0.05658
0.3036 0.37095 -0.05862
0.30277 0.36976 -0.06062
0.30192 0.36855 -0.06261
0.30117 0.36742 -0.06467
0.30039 0.36641 -0.06679
0.29956 0.36553 -0.06894
0.29856 0.36456 -0.07098
0.29758 0.3633 -0.07286
0.29668 0.36191 -0.07469
0.29576 0.36057 -0.07655
0.29491 0.35947 -0.0786
0.29401 0.35837 -0.08062
0.2929 0.35689 -0.08225
0.2918 0.35538 -0.08389
0.29085 0.35425 -0.08589
0.28989 0.35276 -0.08762
0.28911 0.35154 -0.08968
0.2884 0.35082 -0.09196
0.28767 0.35024 -0.09429
0.28664 0.34887 -0.09613
0.28571 0.34805 -0.09826
0.2849 0.34745 -0.10053
0.28406 0.34653 -0.1027
0.28301 0.34529 -0.1046
0.28178 0.34382 -0.1062
0.28071 0.34255 -0.10802
0.2798 0.34165 -0.11014
0.279 0.34075 -0.11229
0.27866 0.34044 -0.11475
0.27804 0.33962 -0.11703
0.27718 0.33847 -0.11907
0.27674 0.33773 -0.12137
0.27656 0.33735 -0.12376
0.27679 0.33754 -0.12621
0.27659 0.33764 -0.12873
0.27601 0.33733 -0.13119
0.27567 0.33685 -0.13362
0.27518 0.33594 -0.1359
0.27494 0.33518 -0.13822
0.27426 0.3347 -0.14054
0.27338 0.33429 -0.1428
0.27278 0.33395 -0.14516
0.2723 0.33396 -0.14758
0.27184 0.33394 -0.15002
0.27137 0.33331 -0.15243
0.27093 0.33237 -0.15477
0.27027 0.33112 -0.15688
0.26944 0.32979 -0.15882
0.26837 0.32853 -0.16071
0.26724 0.32729 -0.16257
0.26612 0.32605 -0.1644
0.26503 0.3247 -0.16619
0.30919 0.38386 -0.02803
0.30905 0.38389 -0.03052
0.30884 0.38378 -0.03299
0.30865 0.38347 -0.03546
0.30831 0.38285 -0.03784
0.30768 0.38192 -0.04007
0.30707 0.38115 -0.04234
0.30646 0.38039 -0.04462
0.30586 0.37967 -0.04692
0.30509 0.37875 -0.04909
0.30422 0.37769 -0.05116
0.30364 0.37673 -0.05339
0.30298 0.37562 -0.05554
0.30187 0.37403 -0.05715
0.30094 0.37269 -0.05904
0.30015 0.37153 -0.06109
0.29938 0.37038 -0.06315
0.29869 0.3693 -0.06527
0.29789 0.36826 -0.06737
0.29697 0.36726 -0.06944
0.29589 0.36616 -0.07138
0.29479 0.36472 -0.07307
0.29385 0.36323 -0.0748
0.29291 0.36185 -0.07665
0.29203 0.36067 -0.07866
0.2912 0.35969 -0.0808
0.29009 0.35822 -0.08247
0.28897 0.35669 -0.0841
0.28803 0.35551 -0.08608
0.28717 0.3542 -0.088
0.28645 0.35304 -0.09008
0.2856 0.352 -0.09217
0.28472 0.35101 -0.09426
0.28387 0.35005 -0.09638
0.28291 0.34914 -0.09848
0.28195 0.34814 -0.10054
0.28114 0.34725 -0.1027
0.28019 0.34624 -0.10477
0.27907 0.34501 -0.10662
0.27799 0.34377 -0.10849
0.277 0.34276 -0.11059
0.27653 0.34228 -0.11302
0.27615 0.3419 -0.11545
0.27561 0.34118 -0.11778
0.27516 0.34041 -0.1201
0.27465 0.33958 -0.12234
0.27451 0.33924 -0.12472
0.27478 0.33952 -0.12719
0.27445 0.33949 -0.12979
0.27366 0.33884 -0.13214
0.27316 0.33809 -0.13447
0.27283 0.33732 -0.13682
0.27237 0.33612 -0.13897
0.27163 0.33543 -0.14122
0.27064 0.33482 -0.14344
0.27028 0.33487 -0.14591
0.26998 0.33517 -0.14834
0.26978 0.33567 -0.15084
0.26945 0.33528 -0.15344
0.26881 0.33411 -0.15574
0.26808 0.33274 -0.15778
0.26728 0.33137 -0.15974
0.26616 0.33005 -0.16156
0.26498 0.32877 -0.16334
0.26382 0.32749 -0.16513
0.30642 0.38566 -0.02798
0.30637 0.38581 -0.03047
0.30618 0.38572 -0.03296
0.30592 0.3853 -0.03541
0.30564 0.38475 -0.03782
0.30513 0.38395 -0.04012
0.30439 0.38302 -0.04231
0.30383 0.38232 -0.04464
0.30326 0.38162 -0.04695
0.30264 0.38088 -0.04927
0.30179 0.37983 -0.05137
0.30087 0.37844 -0.05324
0.30019 0.3773 -0.05534
0.29946 0.37614 -0.05742
0.29863 0.37488 -0.0594
0.29778 0.37365 -0.06139
0.29691 0.37238 -0.06335
0.29624 0.37129 -0.06548
0.29544 0.37024 -0.06759
0.29442 0.36912 -0.06957
0.29323 0.36785 -0.07135
0.29207 0.36629 -0.07291
0.29111 0.36475 -0.07462
0.29018 0.36339 -0.07649
0.28923 0.36203 -0.07837
0.28847 0.36117 -0.0806
0.28741 0.35977 -0.08238
0.28639 0.3584 -0.0842
0.28547 0.35723 -0.0862
0.28478 0.35613 -0.08835
0.28387 0.35467 -0.09015
0.28305 0.35365 -0.09227
0.28211 0.35257 -0.09431
0.28152 0.35195 -0.09669
0.28054 0.35098 -0.09879
0.27944 0.34981 -0.1007
0.27853 0.34872 -0.10274
0.27768 0.34786 -0.10492
0.27677 0.34692 -0.10704
0.2757 0.34567 -0.10894
0.2751 0.34504 -0.11128
0.27459 0.34446 -0.11366
0.27372 0.34357 -0.11583
0.27304 0.34268 -0.11804
0.27272 0.34215 -0.12045
0.27227 0.34132 -0.12272
0.27225 0.34118 -0.12513
0.27239 0.34137 -0.12764
0.2718 0.34083 -0.13012
0.27123 0.3404 -0.13256
0.27065 0.33947 -0.13482
0.2703 0.33863 -0.13713
0.26999 0.33759 -0.13937
0.2694 0.33703 -0.14172
0.26878 0.33688 -0.1441
0.26843 0.33689 -0.14655
0.26793 0.33703 -0.14897
0.26734 0.33714 -0.15144
0.26681 0.33654 -0.15388
0.2664 0.33563 -0.15628
0.26571 0.33424 -0.15833
0.26487 0.33282 -0.16024
0.26377 0.33149 -0.16206
0.26265 0.33024 -0.16389
0.26162 0.32908 -0.16583
0.26266 0.32608 -0.16685
0.30368 0.38748 -0.02783
0.30352 0.38748 -0.03031
0.30337 0.38744 -0.03279
0.30318 0.38711 -0.03525
0.30297 0.38664 -0.03769
0.30258 0.386 -0.04007
0.302 0.38526 -0.04238
0.30127 0.38434 -0.04459
0.30061 0.38352 -0.04685
0.29982 0.38254 -0.04899
0.29897 0.38147 -0.05107
0.29823 0.38033 -0.05315
0.29753 0.37915 -0.05525
0.29692 0.37811 -0.05744
0.2963 0.37706 -0.05962
0.29553 0.37589 -0.06169
0.29466 0.37461 -0.06365
0.2937 0.37319 -0.06546
0.29274 0.37189 -0.06736
0.29178 0.37083 -0.06942
0.29058 0.36954 -0.07118
0.28954 0.36816 -0.07298
0.28855 0.36659 -0.07465
0.28743 0.36492 -0.07617
0.28651 0.36357 -0.07809
0.28562 0.3624 -0.08013
0.28481 0.36146 -0.08231
0.28387 0.36019 -0.08425
0.28291 0.35893 -0.08618
0.28222 0.35783 -0.08833
0.28146 0.35655 -0.09032
0.28057 0.3554 -0.09235
0.27979 0.35453 -0.09456
0.27897 0.35359 -0.09671
0.27805 0.35268 -0.09886
0.27705 0.35162 -0.10089
0.27627 0.35067 -0.10307
0.27523 0.34958 -0.10506
0.27422 0.34851 -0.10709
0.27356 0.34772 -0.10937
0.27337 0.34752 -0.11194
0.27266 0.3468 -0.11433
0.27144 0.34547 -0.11619
0.27038 0.34403 -0.11798
0.26997 0.34331 -0.12035
0.26968 0.34274 -0.12276
0.2694 0.34215 -0.12517
0.26953 0.34228 -0.12767
0.26935 0.34241 -0.13021
0.26875 0.3419 -0.13266
0.26822 0.34102 -0.13496
0.26798 0.34031 -0.13731
0.26803 0.33968 -0.13971
0.26781 0.33943 -0.14221
0.26704 0.33913 -0.14459
0.26631 0.33881 -0.14695
0.26559 0.33868 -0.14933
0.26482 0.33848 -0.15171
0.26436 0.33793 -0.15412
0.26402 0.33712 -0.15653
0.26348 0.33589 -0.15876
0.2626 0.33438 -0.16062
0.26156 0.33313 -0.16252
0.26052 0.33198 -0.16445
0.25953 0.33089 -0.16645
0.30122 0.38967 -0.02781
0.30113 0.38976 -0.0303
0.30092 0.38964 -0.03279
0.30068 0.38923 -0.03525
0.30033 0.38858 -0.03764
0.29997 0.38795 -0.04002
0.29939 0.38722 -0.04234
0.29878 0.38644 -0.04464
0.29812 0.38562 -0.04689
0.29736 0.38467 -0.04907
0.29662 0.38373 -0.05127
0.29601 0.38268 -0.05344
0.29529 0.38147 -0.05551
0.29464 0.38036 -0.05767
0.29409 0.37937 -0.0599
0.29331 0.37817 -0.06197
0.29233 0.37677 -0.06381
0.2912 0.37512 -0.06535
0.29019 0.37377 -0.06722
0.2892 0.37265 -0.06922
0.28813 0.37152 -0.07117
0.28699 0.37001 -0.07281
0.28614 0.36859 -0.0747
0.28513 0.36707 -0.0764
0.28405 0.36554 -0.07808
0.28303 0.36416 -0.07994
0.28222 0.36316 -0.0821
0.28148 0.36215 -0.08429
0.28041 0.36072 -0.08606
0.27965 0.35948 -0.08811
0.27903 0.35838 -0.09027
0.27815 0.35724 -0.09231
0.2773 0.35625 -0.09445
0.27653 0.35537 -0.09666
0.2757 0.35457 -0.09888
0.27482 0.35363 -0.10102
0.274 0.35263 -0.10317
0.27304 0.35161 -0.10524
0.27208 0.35061 -0.10732
0.27133 0.34971 -0.10953
0.27067 0.34899 -0.11183
0.26987 0.34811 -0.11404
0.26886 0.347 -0.11604
0.2681 0.34596 -0.11821
0.26779 0.34526 -0.1206
0.2676 0.34476 -0.12306
0.26712 0.34398 -0.12538
0.26695 0.3436 -0.12783
0.26676 0.3437 -0.13034
0.26634 0.34347 -0.13284
0.26594 0.34273 -0.13522
0.26555 0.34183 -0.13751
0.26557 0.34125 -0.1399
0.26546 0.34131 -0.14242
0.26479 0.34106 -0.14489
0.26397 0.3405 -0.1472
0.26317 0.34022 -0.14954
0.26242 0.34 -0.15191
0.26204 0.33953 -0.15436
0.26167 0.3387 -0.15675
0.26117 0.33752 -0.15898
0.26052 0.3362 -0.16108
0.25943 0.33487 -0.16293
0.25829 0.33367 -0.16479
0.25725 0.33257 -0.16676
0.29905 0.39214 -0.02795
0.29882 0.39209 -0.03044
0.29845 0.39179 -0.0329
0.29825 0.39144 -0.03538
0.29791 0.39078 -0.03777
0.29742 0.39 -0.0401
0.2969 0.38933 -0.04246
0.29647 0.38874 -0.04485
0.29577 0.38788 -0.0471
0.29514 0.38704 -0.04937
0.29452 0.38619 -0.05164
0.29385 0.38506 -0.05378
0.29299 0.3837 -0.0557
0.29208 0.38232 -0.05761
0.29145 0.3812 -0.05977
0.29076 0.3801 -0.0619
0.28968 0.37853 -0.06354
0.28871 0.37709 -0.06536
0.28785 0.3759 -0.06739
0.28687 0.37477 -0.06941
0.28566 0.37348 -0.07117
0.28467 0.37213 -0.07304
0.28392 0.37077 -0.07502
0.28297 0.36931 -0.07682
0.28178 0.36768 -0.07833
0.28072 0.36628 -0.08014
0.27975 0.36507 -0.08212
0.27893 0.36392 -0.08418
0.27804 0.3627 -0.08618
0.27729 0.36145 -0.08822
0.27664 0.36028 -0.09034
0.27578 0.35914 -0.0924
0.27491 0.35812 -0.09451
0.27422 0.35732 -0.09678
0.27339 0.3565 -0.09899
0.27256 0.35561 -0.10118
0.27169 0.35455 -0.10328
0.27083 0.35363 -0.10545
0.27001 0.35276 -0.10765
0.26912 0.35172 -0.10975
0.26818 0.35069 -0.11184
0.2675 0.34992 -0.11413
0.26677 0.34912 -0.11639
0.26668 0.34853 -0.11886
0.26637 0.34779 -0.12127
0.26566 0.3469 -0.1235
0.26512 0.34611 -0.12576
0.26497 0.34575 -0.1282
0.26458 0.34557 -0.13069
0.264 0.34511 -0.1331
0.26374 0.34452 -0.13555
0.26327 0.34352 -0.13782
0.26294 0.34239 -0.14001
0.26275 0.34232 -0.1425
0.26221 0.34233 -0.14497
0.26156 0.34202 -0.14739
0.2608 0.34178 -0.14976
0.26007 0.34161 -0.15214
0.25973 0.34118 -0.15461
0.25934 0.34027 -0.15697
0.2589 0.33915 -0.15921
0.25842 0.33802 -0.16147
0.25735 0.33666 -0.16336
0.2562 0.33543 -0.16522
0.25506 0.33426 -0.1671
0.29707 0.3948 -0.02816
0.29641 0.39432 -0.03061
0.29598 0.39397 -0.03306
0.29565 0.39346 -0.0355
0.29537 0.39286 -0.03791
0.29498 0.39217 -0.04029
0.29454 0.39157 -0.04269
0.29414 0.39101 -0.04512
0.29349 0.39018 -0.0474
0.29285 0.38932 -0.04967
0.29208 0.38832 -0.05184
0.29136 0.38713 -0.05392
0.29044 0.38572 -0.0558
0.28966 0.38447 -0.05785
0.28929 0.38354 -0.06023
0.28835 0.38215 -0.06212
0.28713 0.3805 -0.06364
0.28632 0.37918 -0.06565
0.28545 0.37795 -0.06766
0.28443 0.37676 -0.06963
0.28323 0.37547 -0.07144
0.28246 0.37432 -0.07356
0.28193 0.37313 -0.07576
0.28079 0.37149 -0.07736
0.27954 0.36982 -0.07881
0.27859 0.36849 -0.08073
0.2775 0.36718 -0.08259
0.27648 0.36584 -0.08446
0.27566 0.36465 -0.08653
0.27496 0.3634 -0.0886
0.27434 0.36224 -0.09075
0.27341 0.36101 -0.09274
0.27237 0.35977 -0.09467
0.27164 0.3589 -0.09693
0.27091 0.35821 -0.09923
0.27042 0.35769 -0.10167
0.26966 0.35669 -0.10388
0.26865 0.35563 -0.10593
0.26764 0.35457 -0.10798
0.26679 0.35357 -0.11013
0.26594 0.35262 -0.1123
0.26557 0.35218 -0.11478
0.2653 0.35178 -0.11723
0.26508 0.35107 -0.11967
0.26457 0.35013 -0.12205
0.26365 0.34901 -0.12415
0.26289 0.34801 -0.12625
0.26277 0.34775 -0.12869
0.26238 0.34749 -0.13112
0.2621 0.34722 -0.13363
0.26176 0.34651 -0.13612
0.26102 0.34523 -0.13822
0.26066 0.34406 -0.14038
0.26038 0.34377 -0.14283
0.25988 0.34385 -0.1453
0.25932 0.34369 -0.14777
0.25859 0.3435 -0.15018
0.25778 0.34323 -0.15253
0.25742 0.34275 -0.15498
0.25708 0.34188 -0.15737
0.25673 0.34085 -0.15966
0.25625 0.3397 -0.1619
0.25538 0.33852 -0.164
0.25425 0.33729 -0.16591
0.29443 0.39678 -0.02862
0.29414 0.39665 -0.03112
0.29374 0.39633 -0.03359
0.29329 0.3957 -0.03599
0.29302 0.39509 -0.03843
0.29269 0.39444 -0.04084
0.2921 0.39369 -0.04319
0.29153 0.39295 -0.04553
0.29102 0.39226 -0.0479
0.29046 0.39146 -0.05022
0.28962 0.39039 -0.05234
0.28893 0.38923 -0.05448
0.28832 0.38807 -0.05663
0.28763 0.38687 -0.05872
0.28683 0.38558 -0.06073
0.286 0.38427 -0.06269
0.28496 0.38278 -0.06442
0.28403 0.3813 -0.06625
0.28302 0.37992 -0.06812
0.28192 0.37864 -0.07001
0.2808 0.37743 -0.07193
0.27994 0.37617 -0.07395
0.27926 0.37484 -0.07599
0.27837 0.37341 -0.07785
0.27757 0.37203 -0.07983
0.27641 0.37056 -0.08154
0.27529 0.36922 -0.08338
0.27457 0.36806 -0.08553
0.27339 0.3666 -0.08724
0.27252 0.36516 -0.08915
0.27188 0.36395 -0.09128
0.27092 0.36268 -0.09323
0.26979 0.36133 -0.09507
0.26904 0.3604 -0.09734
0.26845 0.35988 -0.09976
0.26797 0.3594 -0.10221
0.26731 0.3585 -0.10452
0.2662 0.35729 -0.10647
0.26527 0.3563 -0.1086
0.26436 0.35523 -0.1107
0.26352 0.35428 -0.11288
0.26284 0.35343 -0.11516
0.26242 0.35301 -0.1176
0.26236 0.35265 -0.12011
0.26215 0.35201 -0.12268
0.26132 0.35082 -0.12488
0.26045 0.34958 -0.12685
0.26 0.34877 -0.12912
0.2598 0.34886 -0.13157
0.26007 0.34944 -0.1342
0.25965 0.34849 -0.1368
0.25885 0.34703 -0.13881
0.25861 0.34592 -0.14101
0.25826 0.34552 -0.14345
0.25761 0.34543 -0.14589
0.25715 0.3454 -0.14839
0.25637 0.34516 -0.1508
0.25562 0.34492 -0.15318
0.25532 0.34447 -0.15565
0.25501 0.3436 -0.15804
0.25465 0.34253 -0.16033
0.25429 0.34149 -0.16265
0.25333 0.34027 -0.1647
0.25246 0.33921 -0.16683
0.29214 0.39908 -0.02921
0.29187 0.39896 -0.03173
0.29155 0.39868 -0.03423
0.29124 0.39818 -0.03669
0.2908 0.39742 -0.03907
0.2903 0.3966 -0.04143
0.28985 0.39598 -0.04385
0.28936 0.39531 -0.04624
0.28889 0.39461 -0.04863
0.28836 0.39382 -0.05099
0.28747 0.39271 -0.0531
0.28705 0.3917 -0.05541
0.28715 0.39094 -0.05797
0.28609 0.3895 -0.05989
0.28504 0.38805 -0.06172
0.28437 0.38679 -0.06383
0.2835 0.38534 -0.06575
0.28217 0.38371 -0.0672
0.28075 0.38208 -0.06858
0.27964 0.38078 -0.07049
0.27853 0.37957 -0.07244
0.27763 0.37826 -0.07442
0.27677 0.37676 -0.07628
0.27595 0.37537 -0.07825
0.27518 0.37403 -0.08026
0.27422 0.37267 -0.08218
0.27344 0.37154 -0.08433
0.27239 0.37015 -0.08619
0.27114 0.3686 -0.08778
0.2701 0.367 -0.08952
0.26956 0.36588 -0.09177
0.26866 0.36464 -0.09379
0.26754 0.3633 -0.09564
0.2666 0.36214 -0.09771
0.26587 0.36142 -0.10004
0.26527 0.36076 -0.10242
0.26463 0.3599 -0.10473
0.26368 0.35886 -0.10685
0.26268 0.35778 -0.10892
0.26183 0.35678 -0.1111
0.26091 0.3557 -0.11321
0.26001 0.35444 -0.11523
0.25939 0.35339 -0.11749
0.25934 0.35318 -0.12007
0.25929 0.35324 -0.12274
0.25859 0.35213 -0.12505
0.25783 0.35091 -0.12714
0.25743 0.35012 -0.12945
0.25729 0.35034 -0.13192
0.2572 0.35043 -0.1345
0.25713 0.35 -0.13716
0.25664 0.34879 -0.1394
0.25665 0.34791 -0.14173
0.25624 0.34739 -0.14416
0.2556 0.34728 -0.14663
0.25499 0.34709 -0.14909
0.25421 0.34686 -0.1515
0.25353 0.34671 -0.15391
0.25327 0.34628 -0.15639
0.25315 0.34554 -0.15887
0.25287 0.34449 -0.16122
0.25232 0.34328 -0.16343
0.25163 0.34222 -0.16565
0.29016 0.40168 -0.02966
0.28977 0.40146 -0.03216
0.28938 0.40112 -0.03467
0.28919 0.4007 -0.03718
0.28889 0.40003 -0.03962
0.28839 0.39921 -0.04199
0.288 0.39861 -0.04444
0.28748 0.39791 -0.04683
0.28686 0.3971 -0.04917
0.28627 0.39625 -0.0515
0.28556 0.39526 -0.05374
0.28493 0.39408 -0.05592
0.28443 0.39288 -0.0581
0.28369 0.39164 -0.0602
0.28279 0.39027 -0.06217
0.28231 0.38919 -0.06446
0.28141 0.38769 -0.06636
0.2801 0.38602 -0.0678
0.27877 0.38446 -0.06932
0.27743 0.383 -0.07097
0.27656 0.38193 -0.07316
0.2756 0.38057 -0.07509
0.27465 0.379 -0.07688
0.27378 0.37757 -0.07882
0.27302 0.37621 -0.08083
0.27216 0.37491 -0.08284
0.27099 0.37347 -0.0846
0.26996 0.37206 -0.08644
0.26871 0.37051 -0.08806
0.26782 0.36904 -0.09
0.26727 0.36784 -0.09221
0.26628 0.3665 -0.09415
0.26516 0.36514 -0.09601
0.26418 0.36395 -0.09806
0.2634 0.36313 -0.10037
0.26269 0.36227 -0.10267
0.2619 0.36118 -0.10483
0.26112 0.3604 -0.10714
0.26026 0.35953 -0.1094
0.25928 0.35833 -0.11144
0.25834 0.35721 -0.11353
0.25744 0.35596 -0.11557
0.25669 0.35472 -0.1177
0.25643 0.35388 -0.12012
0.25634 0.35376 -0.12271
0.25591 0.35331 -0.12522
0.25529 0.35231 -0.12751
0.25485 0.35145 -0.12985
0.25455 0.35131 -0.13235
0.25464 0.3517 -0.13492
0.25467 0.35145 -0.13759
0.25434 0.35043 -0.13998
0.25442 0.34963 -0.14236
0.25417 0.34928 -0.14487
0.25353 0.34914 -0.14737
0.25284 0.34885 -0.14982
0.25212 0.34869 -0.15225
0.25144 0.34854 -0.15466
0.25123 0.34813 -0.15715
0.25119 0.34745 -0.15966
0.251 0.34642 -0.16206
0.2506 0.34528 -0.16432
0.25019 0.34438 -0.16669
0.2884 0.40427 -0.02748
0.28841 0.40446 -0.03009
0.28799 0.40421 -0.03263
0.28728 0.40362 -0.03504
0.28697 0.4031 -0.03753
0.28672 0.40246 -0.04
0.28641 0.40177 -0.04246
0.286 0.40116 -0.04492
0.2854 0.40037 -0.04729
0.28471 0.39951 -0.04961
0.28405 0.39859 -0.05191
0.2834 0.39762 -0.05419
0.28288 0.39652 -0.05645
0.282 0.39499 -0.05832
0.28111 0.3936 -0.06028
0.28031 0.39231 -0.06237
0.27956 0.39093 -0.0644
0.27888 0.38965 -0.0665
0.27799 0.38829 -0.06848
0.27675 0.38675 -0.07011
0.27541 0.3853 -0.07175
0.27405 0.38386 -0.07345
0.27313 0.38251 -0.07543
0.27235 0.38108 -0.07742
0.27161 0.37973 -0.07948
0.271 0.37846 -0.08164
0.27005 0.37708 -0.08358
0.26882 0.3756 -0.08527
0.2676 0.37402 -0.08691
0.26658 0.37262 -0.08881
0.26582 0.37123 -0.09084
0.26487 0.36969 -0.09266
0.2637 0.36818 -0.09441
0.26295 0.36714 -0.09668
0.26225 0.36614 -0.09894
0.2614 0.36524 -0.1012
0.2604 0.36413 -0.10329
0.25938 0.36277 -0.10522
0.25843 0.36173 -0.10737
0.25747 0.36069 -0.10952
0.25656 0.35962 -0.11166
0.25578 0.3587 -0.11394
0.25499 0.35758 -0.1161
0.25441 0.35655 -0.11838
0.25396 0.35545 -0.12065
0.25374 0.35496 -0.12316
0.25335 0.35462 -0.12568
0.25294 0.35396 -0.12815
0.25242 0.35295 -0.13045
0.25203 0.35263 -0.13292
0.25194 0.35267 -0.13547
0.25213 0.35274 -0.1381
0.25205 0.352 -0.14062
0.25221 0.3513 -0.14308
0.2519 0.35094 -0.14561
0.25125 0.35086 -0.14812
0.2505 0.35042 -0.15053
0.24982 0.35027 -0.15297
0.24923 0.3502 -0.15542
0.2491 0.34986 -0.15794
0.24915 0.34925 -0.16048
0.24917 0.34835 -0.16293
0.24898 0.34734 -0.1653
0.24862 0.34648 -0.16772
0.28639 0.40685 -0.02776
0.28612 0.40683 -0.03034
0.28573 0.4066 -0.03289
0.28517 0.40613 -0.03537
0.28483 0.40556 -0.03786
0.28454 0.40489 -0.04034
0.28415 0.40412 -0.04277
0.28357 0.40333 -0.04517
0.28309 0.40266 -0.04761
0.28257 0.40192 -0.05004
0.28189 0.40098 -0.05235
0.28112 0.3999 -0.05456
0.28044 0.39863 -0.0567
0.27977 0.39728 -0.05879
0.27902 0.39599 -0.06089
0.27815 0.39463 -0.06291
0.27742 0.39327 -0.06499
0.27682 0.392 -0.06716
0.2759 0.39059 -0.06911
0.27453 0.38895 -0.07058
0.27303 0.38735 -0.07201
0.27186 0.38607 -0.07398
0.27102 0.38477 -0.07606
0.27025 0.38332 -0.07805
0.26944 0.38191 -0.08006
0.26875 0.38056 -0.08215
0.26786 0.37922 -0.08419
0.26661 0.3777 -0.08587
0.2654 0.37611 -0.08751
0.26435 0.37466 -0.08938
0.26352 0.37319 -0.09134
0.26255 0.37164 -0.09316
0.26168 0.37036 -0.09526
0.26114 0.36938 -0.09762
0.26031 0.3683 -0.09981
0.25963 0.36756 -0.1023
0.25828 0.36616 -0.10411
0.25688 0.36442 -0.10554
0.25581 0.36321 -0.1076
0.255 0.36236 -0.10992
0.25438 0.36159 -0.11232
0.25365 0.36068 -0.11464
0.25272 0.35944 -0.11672
0.25198 0.3582 -0.11886
0.25185 0.35744 -0.12135
0.25131 0.35654 -0.12371
0.25087 0.35609 -0.12622
0.25048 0.35549 -0.12871
0.25 0.3545 -0.13105
0.24951 0.35397 -0.13349
0.24937 0.35383 -0.13602
0.24953 0.35392 -0.13859
0.24987 0.35384 -0.14124
0.24998 0.35295 -0.14377
0.24936 0.35215 -0.14619
0.24863 0.3519 -0.14864
0.24806 0.35177 -0.15114
0.24745 0.35172 -0.15362
0.24697 0.35177 -0.15611
0.247 0.35159 -0.15867
0.24713 0.35105 -0.16123
0.24729 0.35031 -0.16375
0.24724 0.3494 -0.16619
0.28393 0.40894 -0.02836
0.28383 0.40915 -0.03098
0.28338 0.40883 -0.03354
0.28299 0.40848 -0.03609
0.28286 0.40808 -0.03867
0.28227 0.40714 -0.04104
0.28183 0.40631 -0.04347
0.28126 0.40553 -0.04589
0.28066 0.40473 -0.04829
0.28016 0.404 -0.05074
0.27954 0.4031 -0.0531
0.27886 0.40207 -0.0554
0.27804 0.40067 -0.05745
0.27748 0.39938 -0.05964
0.27679 0.39812 -0.0618
0.27593 0.39675 -0.06384
0.27546 0.39555 -0.06611
0.27495 0.39434 -0.06843
0.27364 0.39264 -0.07002
0.27204 0.39084 -0.07111
0.27064 0.38931 -0.07275
0.26962 0.3881 -0.07485
0.26874 0.38676 -0.0769
0.26797 0.3853 -0.07891
0.26714 0.38385 -0.0809
0.26632 0.38238 -0.08288
0.2652 0.3808 -0.08459
0.2639 0.37921 -0.0862
0.26283 0.37774 -0.08808
0.26184 0.37634 -0.09005
0.26113 0.37496 -0.09215
0.26046 0.37359 -0.09428
0.26028 0.37274 -0.09682
0.25948 0.37159 -0.09907
0.25817 0.37019 -0.1009
0.25669 0.3687 -0.10249
0.25561 0.36754 -0.10457
0.25437 0.36592 -0.10623
0.2534 0.36482 -0.10839
0.25263 0.364 -0.11076
0.25206 0.36331 -0.11321
0.25135 0.36239 -0.11557
0.25035 0.36103 -0.11759
0.24963 0.35981 -0.11977
0.24948 0.35901 -0.12225
0.24911 0.35827 -0.12471
0.24846 0.35753 -0.12712
0.24797 0.35676 -0.12955
0.24757 0.35587 -0.13194
0.24711 0.35532 -0.13439
0.24695 0.35507 -0.13696
0.2471 0.35515 -0.13954
0.24735 0.35499 -0.14215
0.24766 0.35434 -0.14475
0.24717 0.3536 -0.14723
0.24637 0.35325 -0.14966
0.24584 0.35317 -0.15217
0.2454 0.3533 -0.1547
0.24503 0.35344 -0.15723
0.24514 0.35333 -0.1598
0.2453 0.35283 -0.1624
0.24543 0.35208 -0.16493
0.24532 0.35114 -0.16735
0.28129 0.41078 -0.02903
0.2809 0.41061 -0.03163
0.28063 0.41053 -0.03424
0.28056 0.41056 -0.03687
0.28058 0.41032 -0.0395
0.2802 0.40951 -0.04199
0.27964 0.40856 -0.04438
0.27898 0.40769 -0.04676
0.27831 0.40683 -0.04915
0.27768 0.40596 -0.05155
0.27713 0.40511 -0.05397
0.27642 0.40402 -0.05625
0.27585 0.40281 -0.05851
0.27515 0.40139 -0.0606
0.2743 0.39996 -0.06263
0.2735 0.39861 -0.06472
0.27287 0.39727 -0.06689
0.27205 0.39575 -0.06883
0.27082 0.39413 -0.07044
0.26959 0.39257 -0.07215
0.26838 0.39114 -0.074
0.26709 0.38973 -0.07585
0.26616 0.38831 -0.07787
0.26545 0.38686 -0.07993
0.26457 0.38536 -0.08187
0.26353 0.38369 -0.08356
0.26252 0.38217 -0.08544
0.26128 0.38061 -0.08715
0.26046 0.37932 -0.08931
0.25969 0.37807 -0.09148
0.25897 0.37664 -0.09356
0.25828 0.37522 -0.09565
0.25764 0.37403 -0.09791
0.25673 0.37273 -0.10002
0.25538 0.37117 -0.10164
0.25382 0.36956 -0.10312
0.25272 0.36833 -0.1052
0.25181 0.36707 -0.10731
0.25065 0.36573 -0.10929
0.2497 0.36465 -0.1116
0.24912 0.36397 -0.1141
0.24856 0.36328 -0.11655
0.24809 0.36243 -0.11898
0.24737 0.36117 -0.12116
0.24695 0.36001 -0.12348
0.24667 0.35935 -0.126
0.24619 0.35877 -0.12852
0.2456 0.35784 -0.1309
0.24524 0.35699 -0.1333
0.24489 0.35657 -0.13582
0.24474 0.35626 -0.13842
0.24478 0.35601 -0.14102
0.24532 0.35621 -0.14364
0.24557 0.35554 -0.14625
0.24502 0.35476 -0.14871
0.24427 0.35442 -0.15117
0.2438 0.3544 -0.15371
0.24354 0.35472 -0.15628
0.24364 0.35526 -0.15884
0.2438 0.35515 -0.1615
0.24362 0.35439 -0.16409
0.24353 0.35345 -0.16654
0.27884 0.4123 -0.02743
0.27855 0.41232 -0.03006
0.27847 0.41257 -0.0327
0.27838 0.41268 -0.03535
0.27813 0.41248 -0.03799
0.27811 0.41219 -0.04063
0.2779 0.41152 -0.0432
0.27725 0.41046 -0.04556
0.2766 0.40957 -0.04796
0.27588 0.40865 -0.05033
0.27523 0.40774 -0.05274
0.27457 0.40675 -0.05511
0.27394 0.40572 -0.05747
0.27325 0.40437 -0.05965
0.27226 0.40266 -0.06144
0.27147 0.40126 -0.06356
0.27081 0.40004 -0.0658
0.27003 0.39857 -0.06782
0.26935 0.39713 -0.06991
0.26851 0.39572 -0.07198
0.26713 0.39403 -0.07351
0.2659 0.39258 -0.07538
0.2647 0.39122 -0.07735
0.26389 0.38983 -0.07948
0.26307 0.38828 -0.08146
0.26227 0.38679 -0.08348
0.26123 0.3851 -0.08522
0.26004 0.38342 -0.08687
0.25881 0.38185 -0.08861
0.25821 0.38068 -0.09093
0.25728 0.37926 -0.09297
0.25636 0.37763 -0.09484
0.25539 0.37587 -0.09659
0.25456 0.37431 -0.0986
0.25393 0.37334 -0.10103
0.25276 0.37196 -0.10293
0.25141 0.37053 -0.10473
0.25022 0.3692 -0.1067
0.24907 0.36772 -0.10861
0.24797 0.36652 -0.11084
0.24731 0.36576 -0.11344
0.24734 0.36546 -0.11613
0.24699 0.36481 -0.1187
0.24617 0.36365 -0.12094
0.24533 0.36227 -0.12304
0.24481 0.36102 -0.12528
0.24464 0.36043 -0.12785
0.24398 0.3596 -0.13029
0.24332 0.35854 -0.13262
0.24298 0.35765 -0.13506
0.24278 0.35739 -0.13765
0.24273 0.35716 -0.14031
0.24361 0.35807 -0.1428
0.24409 0.35796 -0.14567
0.24364 0.35654 -0.14811
0.24296 0.35566 -0.15045
0.24239 0.35549 -0.153
0.24208 0.35566 -0.15557
0.2422 0.35644 -0.1581
0.24252 0.35722 -0.16075
0.24248 0.35686 -0.16359
0.24185 0.35565 -0.166
0.27617 0.41396 -0.02843
0.27606 0.41423 -0.03109
0.27608 0.4146 -0.03374
0.27588 0.41453 -0.03642
0.27564 0.41432 -0.03907
0.27566 0.41407 -0.04172
0.2755 0.41345 -0.04432
0.27493 0.41244 -0.04674
0.27426 0.41152 -0.04915
0.27345 0.41051 -0.05148
0.27274 0.40952 -0.05386
0.27201 0.40844 -0.05618
0.27113 0.40714 -0.05834
0.27045 0.40579 -0.06053
0.26976 0.40437 -0.06268
0.26916 0.40313 -0.06499
0.26874 0.40202 -0.06735
0.26805 0.40057 -0.06944
0.26706 0.39891 -0.07125
0.26586 0.39724 -0.07293
0.26474 0.39568 -0.07483
0.26388 0.3944 -0.07703
0.26284 0.3931 -0.07911
0.26187 0.39163 -0.08112
0.26091 0.39001 -0.08299
0.26006 0.38844 -0.08496
0.259 0.38671 -0.0867
0.25762 0.38492 -0.08811
0.25646 0.38337 -0.08996
0.25571 0.38204 -0.09215
0.25485 0.38065 -0.09424
0.25396 0.37903 -0.09615
0.25308 0.37736 -0.09803
0.25202 0.37564 -0.09982
0.25132 0.37445 -0.10213
0.25045 0.37328 -0.10436
0.24917 0.37188 -0.10627
0.248 0.37056 -0.10828
0.24691 0.3691 -0.11037
0.24641 0.36826 -0.11295
0.24681 0.36806 -0.11578
0.24635 0.36737 -0.11842
0.24489 0.36611 -0.12042
0.24371 0.36468 -0.12233
0.24312 0.36347 -0.12463
0.24273 0.36229 -0.12697
0.24234 0.3614 -0.12944
0.2417 0.36056 -0.13188
0.24107 0.3595 -0.13424
0.24085 0.35872 -0.13676
0.24067 0.35841 -0.13937
0.241 0.35879 -0.14198
0.24187 0.35976 -0.14452
0.24202 0.35918 -0.14746
0.24157 0.35764 -0.14975
0.24105 0.35688 -0.15215
0.24058 0.35681 -0.15475
0.2405 0.35729 -0.1573
0.24071 0.35833 -0.1598
0.24067 0.3588 -0.16268
0.24014 0.35775 -0.1653
0.2398 0.35667 -0.16772
0.27362 0.41599 -0.02905
0.27336 0.41603 -0.03173
0.27329 0.41625 -0.0344
0.27329 0.41646 -0.03707
0.27327 0.41651 -0.03975
0.27332 0.41626 -0.04243
0.27311 0.41557 -0.04501
0.27264 0.41464 -0.04748
0.27193 0.41369 -0.04988
0.27112 0.41269 -0.05222
0.27034 0.41163 -0.05455
0.2695 0.41044 -0.05679
0.26875 0.40926 -0.05909
0.26825 0.40802 -0.06141
0.26787 0.40677 -0.06377
0.26789 0.40585 -0.06632
0.26728 0.40459 -0.06864
0.26632 0.403 -0.0706
0.26521 0.40128 -0.07232
0.26377 0.39949 -0.07378
0.2629 0.39803 -0.07591
0.26242 0.3969 -0.07834
0.26148 0.39561 -0.0805
0.26058 0.39415 -0.08256
0.25986 0.39258 -0.08469
0.25828 0.39078 -0.08604
0.25678 0.38887 -0.08722
0.25552 0.38712 -0.08882
0.25426 0.38548 -0.09057
0.25345 0.38408 -0.09274
0.25265 0.38271 -0.09489
0.25193 0.38118 -0.09697
0.25111 0.37953 -0.09891
0.25006 0.37786 -0.10073
0.24916 0.37646 -0.10284
0.24809 0.37512 -0.1049
0.24726 0.37401 -0.10721
0.24634 0.37282 -0.10943
0.2455 0.3715 -0.11163
0.24558 0.371 -0.11432
0.24552 0.37062 -0.11709
0.24451 0.36962 -0.11961
0.24273 0.36806 -0.12121
0.2415 0.36655 -0.12304
0.24083 0.36526 -0.12527
0.24053 0.36414 -0.12769
0.24001 0.36308 -0.13009
0.23938 0.36224 -0.13255
0.23882 0.36124 -0.13497
0.23865 0.36047 -0.13753
0.23833 0.35997 -0.14015
0.23856 0.3601 -0.14284
0.23921 0.36068 -0.14546
0.23944 0.36037 -0.14821
0.23939 0.35923 -0.15071
0.23903 0.35856 -0.15324
0.23856 0.35849 -0.15585
0.2383 0.35872 -0.15846
0.23821 0.35927 -0.16108
0.23795 0.35942 -0.16383
0.23767 0.35868 -0.16643
0.27113 0.41814 -0.02913
0.27089 0.41821 -0.03181
0.27093 0.41855 -0.03448
0.27091 0.41872 -0.03717
0.27085 0.41872 -0.03986
0.27094 0.41851 -0.04254
0.27098 0.41806 -0.04521
0.27054 0.41713 -0.04771
0.26991 0.41623 -0.05016
0.26955 0.41552 -0.05275
0.26856 0.41434 -0.05496
0.26738 0.41298 -0.05701
0.26685 0.41188 -0.05943
0.26622 0.41053 -0.06166
0.26584 0.40923 -0.06402
0.26585 0.40834 -0.0666
0.26571 0.40746 -0.06926
0.26469 0.40571 -0.07118
0.26357 0.40393 -0.0729
0.26216 0.40214 -0.07439
0.26104 0.40054 -0.07632
0.26084 0.39958 -0.07892
0.26017 0.39841 -0.0813
0.25908 0.39685 -0.08324
0.2582 0.39524 -0.08525
0.25671 0.39342 -0.08665
0.2552 0.39151 -0.08785
0.25396 0.38974 -0.08947
0.25253 0.38803 -0.09101
0.25154 0.3865 -0.09303
0.25064 0.38504 -0.0951
0.24979 0.3834 -0.09706
0.24925 0.38193 -0.09926
0.24884 0.38056 -0.10156
0.24739 0.37893 -0.10321
0.24614 0.37745 -0.10511
0.24506 0.37611 -0.10724
0.24442 0.37511 -0.10968
0.24381 0.37393 -0.11203
0.24364 0.37338 -0.11468
0.24323 0.37285 -0.11734
0.24215 0.37172 -0.11973
0.24056 0.37013 -0.12141
0.23941 0.36866 -0.12333
0.23874 0.36735 -0.12556
0.23842 0.36619 -0.12796
0.23781 0.36505 -0.13032
0.2371 0.3641 -0.13273
0.23674 0.36329 -0.13527
0.23674 0.36266 -0.13789
0.23645 0.3622 -0.14051
0.23629 0.36188 -0.14316
0.23664 0.36193 -0.14582
0.23702 0.36186 -0.14852
0.2371 0.36091 -0.15109
0.23681 0.36029 -0.15368
0.23623 0.36006 -0.1563
0.23577 0.35993 -0.15893
0.23566 0.36039 -0.16159
0.23535 0.36042 -0.16428
0.23517 0.35989 -0.16692
0.26888 0.42056 -0.02897
0.26848 0.42043 -0.03164
0.26832 0.42054 -0.03432
0.26827 0.42067 -0.03701
0.2683 0.42077 -0.0397
0.26842 0.4206 -0.04239
0.26857 0.42027 -0.04507
0.26833 0.41952 -0.04764
0.26771 0.41862 -0.05012
0.26749 0.41806 -0.05276
0.2675 0.41739 -0.05541
0.26643 0.4161 -0.05756
0.26562 0.41487 -0.0598
0.26448 0.41328 -0.06169
0.26403 0.4119 -0.06401
0.26363 0.41064 -0.06637
0.26303 0.40932 -0.06865
0.26253 0.40812 -0.07104
0.26175 0.40658 -0.07316
0.26044 0.40476 -0.07474
0.25928 0.40311 -0.07658
0.2588 0.40201 -0.07903
0.25813 0.40087 -0.08137
0.25712 0.39933 -0.08334
0.25636 0.39778 -0.08542
0.25527 0.39612 -0.08725
0.25429 0.39431 -0.08903
0.25282 0.39249 -0.09043
0.25107 0.39073 -0.09156
0.24966 0.38898 -0.09316
0.24904 0.38764 -0.09547
0.24815 0.38598 -0.0974
0.24759 0.38447 -0.09959
0.24768 0.38334 -0.10214
0.24632 0.3817 -0.10393
0.24466 0.3801 -0.10541
0.24346 0.3787 -0.10741
0.24255 0.37746 -0.10965
0.2417 0.37604 -0.11179
0.24093 0.37481 -0.11407
0.24039 0.37403 -0.1166
0.23969 0.37337 -0.11915
0.23835 0.37213 -0.12119
0.23747 0.37091 -0.12343
0.23678 0.36957 -0.12566
0.23642 0.36837 -0.12804
0.23574 0.36713 -0.13034
0.23492 0.36607 -0.13269
0.23472 0.3654 -0.1353
0.23472 0.36477 -0.13792
0.23429 0.36413 -0.14051
0.23402 0.36367 -0.14315
0.23419 0.36341 -0.14582
0.23455 0.36331 -0.1485
0.2352 0.36307 -0.15119
0.23469 0.36219 -0.15374
0.23433 0.36219 -0.15641
0.23358 0.36175 -0.15898
0.23321 0.3618 -0.16164
0.23312 0.36212 -0.16435
0.2329 0.36156 -0.16701
0.26615 0.42243 -0.0287
0.26598 0.42255 -0.03139
0.26575 0.42257 -0.03408
0.26569 0.42268 -0.03678
0.2657 0.42275 -0.03947
0.26584 0.42261 -0.04217
0.26604 0.42234 -0.04485
0.266 0.42179 -0.0475
0.26555 0.42103 -0.05007
0.26583 0.42087 -0.05279
0.2663 0.42053 -0.05555
0.26543 0.4192 -0.05788
0.26458 0.41795 -0.06014
0.26354 0.4164 -0.06209
0.2626 0.4148 -0.06406
0.26167 0.41315 -0.06599
0.26076 0.41148 -0.06794
0.26011 0.41006 -0.07016
0.25943 0.40868 -0.07237
0.25838 0.40711 -0.07433
0.25754 0.40572 -0.07651
0.25683 0.40445 -0.07879
0.25613 0.40329 -0.08111
0.25563 0.40209 -0.08348
0.25485 0.40052 -0.08554
0.2538 0.39888 -0.08742
0.25292 0.39713 -0.0893
0.25158 0.39532 -0.09083
0.24992 0.39356 -0.09207
0.2485 0.39184 -0.09362
0.24744 0.39027 -0.09556
0.24672 0.38868 -0.09762
0.24621 0.38718 -0.0998
0.24608 0.38598 -0.10227
0.24498 0.38443 -0.10429
0.24376 0.38297 -0.10622
0.24218 0.38143 -0.10781
0.24065 0.37981 -0.10938
0.23942 0.37802 -0.11114
0.23844 0.37657 -0.1133
0.23748 0.37533 -0.11566
0.23747 0.3753 -0.11859
0.23677 0.37469 -0.12117
0.23575 0.37334 -0.12331
0.2349 0.37187 -0.12542
0.23436 0.37048 -0.12767
0.23382 0.36935 -0.13007
0.23301 0.36832 -0.13244
0.23293 0.36771 -0.1351
0.23256 0.36673 -0.1376
0.23238 0.36632 -0.14027
0.23225 0.36596 -0.14293
0.23215 0.36546 -0.14558
0.23252 0.36529 -0.14827
0.23269 0.36451 -0.15086
0.23238 0.36385 -0.15345
0.23187 0.36369 -0.1561
0.23152 0.3637 -0.15878
0.23088 0.36345 -0.16141
0.23075 0.36368 -0.16411
0.23064 0.36326 -0.16679
0.26382 0.4248 -0.02857
0.26342 0.42464 -0.03124
0.26326 0.42472 -0.03395
0.26326 0.42491 -0.03665
0.2631 0.42477 -0.03935
0.26326 0.42463 -0.04204
0.26335 0.42421 -0.04471
0.26342 0.4238 -0.04738
0.26334 0.42342 -0.05005
0.2633 0.42292 -0.05271
0.26375 0.42276 -0.0554
0.26357 0.42195 -0.05804
0.26263 0.42059 -0.06023
0.26209 0.41932 -0.0626
0.26102 0.41761 -0.06448
0.25967 0.41568 -0.06592
0.25865 0.41395 -0.06778
0.258 0.41248 -0.06997
0.25715 0.41093 -0.07203
0.25628 0.40953 -0.07419
0.25566 0.40827 -0.07652
0.25495 0.40699 -0.07878
0.25418 0.40575 -0.08106
0.25356 0.40447 -0.08335
0.25325 0.40325 -0.08578
0.25239 0.40168 -0.08786
0.25125 0.39978 -0.08946
0.24999 0.398 -0.09106
0.24873 0.39635 -0.0928
0.24734 0.39462 -0.09436
0.24588 0.39292 -0.0959
0.2453 0.39137 -0.09805
0.24462 0.38977 -0.10011
0.24394 0.3882 -0.10221
0.24283 0.38662 -0.1041
0.24169 0.38525 -0.10613
0.24055 0.38395 -0.10823
0.23896 0.38231 -0.1097
0.23759 0.38052 -0.11134
0.23682 0.37924 -0.11369
0.23624 0.37829 -0.11619
0.23561 0.37764 -0.11874
0.23447 0.37666 -0.12099
0.23377 0.37558 -0.12337
0.23306 0.37421 -0.12558
0.23244 0.37274 -0.12777
0.23179 0.37152 -0.13011
0.23176 0.371 -0.13279
0.2315 0.37024 -0.1354
0.23077 0.36906 -0.13775
0.2304 0.36845 -0.14035
0.23048 0.36825 -0.14304
0.23072 0.36798 -0.14571
0.23088 0.36763 -0.14842
0.2305 0.36637 -0.15083
0.2301 0.36561 -0.15341
0.22976 0.36561 -0.15611
0.22931 0.36551 -0.15877
0.22887 0.36548 -0.16143
0.22906 0.36606 -0.16418
0.22845 0.36506 -0.16676
0.26216 0.42776 -0.02832
0.26116 0.42702 -0.03088
0.26077 0.42683 -0.03355
0.2606 0.42681 -0.03626
0.26072 0.427 -0.03895
0.26094 0.42692 -0.04165
0.26081 0.42624 -0.04428
0.26085 0.42575 -0.04695
0.26091 0.42555 -0.04965
0.26098 0.4252 -0.05233
0.26109 0.42462 -0.05495
0.26114 0.42418 -0.05766
0.26069 0.42329 -0.06026
0.25973 0.4216 -0.06224
0.25884 0.42 -0.06424
0.25792 0.41836 -0.06621
0.25719 0.4168 -0.0683
0.25639 0.41523 -0.07035
0.25566 0.41376 -0.0725
0.25485 0.41237 -0.07469
0.25372 0.41078 -0.07661
0.25295 0.40944 -0.07884
0.25211 0.40814 -0.08104
0.25147 0.40682 -0.0833
0.25093 0.4054 -0.08554
0.25028 0.40404 -0.0878
0.24945 0.40233 -0.08975
0.24837 0.40062 -0.09156
0.24694 0.39889 -0.0931
0.24568 0.3972 -0.09481
0.24434 0.39553 -0.09649
0.24341 0.3938 -0.09837
0.24262 0.3921 -0.10031
0.24173 0.39036 -0.10218
0.24094 0.38899 -0.1044
0.23968 0.38752 -0.10627
0.23842 0.38613 -0.10823
0.23718 0.38472 -0.11016
0.23598 0.38306 -0.11198
0.2352 0.38173 -0.11428
0.23461 0.38075 -0.11673
0.23338 0.37969 -0.11889
0.23238 0.37881 -0.12126
0.23168 0.37771 -0.12363
0.23099 0.37635 -0.12586
0.2306 0.37503 -0.1282
0.23004 0.37385 -0.1306
0.23013 0.37345 -0.13331
0.23006 0.37283 -0.13599
0.22948 0.37165 -0.13842
0.22828 0.3705 -0.14067
0.22829 0.3702 -0.14344
0.22919 0.37043 -0.14607
0.22928 0.37006 -0.14884
0.22874 0.36862 -0.15116
0.22812 0.36768 -0.15365
0.22783 0.36771 -0.15637
0.22718 0.36739 -0.15897
0.2266 0.36719 -0.1616
0.22649 0.36751 -0.16432
0.22635 0.367 -0.167
0.25922 0.42966 -0.03036
0.25949 0.42968 -0.02763
0.25839 0.42904 -0.03291
0.25814 0.42891 -0.03562
0.25825 0.42908 -0.03833
0.25866 0.42927 -0.04106
0.25849 0.4285 -0.04371
0.25815 0.42743 -0.04622
0.25808 0.42701 -0.04892
0.25828 0.42692 -0.05164
0.25854 0.42656 -0.05431
0.25835 0.42574 -0.05689
0.25797 0.42501 -0.05948
0.25745 0.42389 -0.06191
0.25681 0.42252 -0.06416
0.25619 0.42109 -0.0664
0.25549 0.41953 -0.06853
0.25459 0.41787 -0.07048
0.25377 0.41632 -0.07255
0.25304 0.41498 -0.0748
0.25229 0.4136 -0.07701
0.2513 0.41214 -0.07906
0.2504 0.4108 -0.08123
0.24937 0.4092 -0.08315
0.24876 0.40766 -0.08532
0.24798 0.40615 -0.08742
0.24729 0.4046 -0.08954
0.24658 0.40318 -0.09175
0.24537 0.40153 -0.09354
0.24415 0.39984 -0.0953
0.24292 0.39819 -0.09707
0.24211 0.39651 -0.09904
0.24101 0.39466 -0.10071
0.24037 0.39306 -0.10281
0.23918 0.39146 -0.10465
0.23793 0.39002 -0.10659
0.2368 0.3887 -0.10867
0.23578 0.38735 -0.11079
0.23474 0.38574 -0.11272
0.23384 0.38436 -0.11487
0.23281 0.38315 -0.11707
0.23176 0.38221 -0.11938
0.2307 0.38128 -0.12169
0.22973 0.37999 -0.12389
0.22927 0.37875 -0.12627
0.22858 0.37723 -0.12844
0.2283 0.37621 -0.13096
0.22753 0.37513 -0.13336
0.22751 0.37453 -0.13607
0.22746 0.3738 -0.13867
0.22689 0.37306 -0.14124
0.22716 0.37286 -0.14397
0.22694 0.37228 -0.14659
0.22678 0.37158 -0.14917
0.22651 0.37037 -0.15159
0.22637 0.36986 -0.15427
0.22576 0.36959 -0.15689
0.22498 0.36915 -0.15944
0.22418 0.36868 -0.162
0.22388 0.36868 -0.16471
0.22398 0.3685 -0.16742
0.2573 0.43241 -0.0299
0.2564 0.43166 -0.03248
0.25583 0.43119 -0.0351
0.25566 0.43104 -0.03781
0.25572 0.43073 -0.0405
0.25564 0.43001 -0.04311
0.2554 0.42911 -0.04567
0.25524 0.42858 -0.04836
0.25531 0.42824 -0.05109
0.25577 0.42819 -0.05378
0.25575 0.42763 -0.05644
0.25546 0.42699 -0.05908
0.25474 0.42562 -0.06137
0.25442 0.42467 -0.06391
0.25403 0.42347 -0.06635
0.25324 0.42183 -0.0684
0.25235 0.42016 -0.07037
0.25175 0.41877 -0.07264
0.25112 0.41749 -0.07497
0.25034 0.41609 -0.07716
0.2496 0.41476 -0.07941
0.2488 0.41348 -0.08165
0.24786 0.41194 -0.08366
0.24679 0.41013 -0.08538
0.24579 0.40841 -0.08728
0.2452 0.40692 -0.08951
0.24452 0.40552 -0.09172
0.24351 0.404 -0.09373
0.24242 0.40238 -0.09563
0.24148 0.40084 -0.09766
0.24064 0.39914 -0.09962
0.23924 0.39716 -0.10099
0.23856 0.39551 -0.10308
0.23759 0.39402 -0.10513
0.23675 0.39272 -0.10739
0.23573 0.39141 -0.10953
0.23459 0.39001 -0.11157
0.2339 0.38849 -0.11373
0.23254 0.38699 -0.11555
0.23133 0.38572 -0.11767
0.23049 0.38484 -0.12012
0.22915 0.38379 -0.12223
0.22826 0.38254 -0.1245
0.22752 0.38113 -0.12672
0.22703 0.37974 -0.12901
0.22643 0.37853 -0.13139
0.22591 0.37766 -0.13393
0.2254 0.37675 -0.13651
0.22564 0.37611 -0.13921
0.22599 0.37579 -0.14191
0.22679 0.37569 -0.14463
0.22585 0.37493 -0.14717
0.22471 0.37365 -0.14933
0.22433 0.37228 -0.15174
0.22431 0.37183 -0.15446
0.22388 0.37172 -0.15715
0.22315 0.37132 -0.15974
0.22216 0.37074 -0.16223
0.22182 0.37066 -0.16495
0.22187 0.37039 -0.16766
0.25459 0.43445 -0.02963
0.25381 0.43368 -0.03226
0.25338 0.43339 -0.03494
0.25314 0.43315 -0.03764
0.25299 0.43257 -0.0403
0.25283 0.43174 -0.04289
0.25263 0.43091 -0.0455
0.2526 0.43055 -0.04824
0.2528 0.43038 -0.05097
0.2531 0.43007 -0.05366
0.25309 0.4295 -0.05631
0.25285 0.42889 -0.05895
0.25248 0.42794 -0.06148
0.25206 0.42685 -0.06394
0.25168 0.42567 -0.06637
0.25124 0.42431 -0.0687
0.25033 0.42263 -0.07067
0.24957 0.42109 -0.07279
0.24886 0.41972 -0.07506
0.24825 0.41844 -0.07739
0.24768 0.41723 -0.07976
0.24703 0.41605 -0.08213
0.24622 0.41457 -0.08431
0.2451 0.41272 -0.08599
0.24378 0.41084 -0.08754
0.24315 0.40928 -0.08972
0.24245 0.40785 -0.09192
0.24151 0.40639 -0.09402
0.2406 0.40486 -0.09608
0.23964 0.40331 -0.09811
0.2389 0.40164 -0.10011
0.23786 0.39981 -0.10185
0.2372 0.39812 -0.10391
0.23632 0.39665 -0.10602
0.23551 0.39534 -0.10828
0.23444 0.394 -0.11039
0.23346 0.39263 -0.11254
0.23229 0.39095 -0.11435
0.2314 0.38959 -0.11656
0.23034 0.38838 -0.11875
0.22905 0.38734 -0.12091
0.22758 0.38624 -0.12293
0.22642 0.38487 -0.12504
0.22594 0.38356 -0.12744
0.22594 0.38238 -0.12993
0.22529 0.38113 -0.13229
0.22531 0.38044 -0.13495
0.225 0.3796 -0.13753
0.22495 0.37884 -0.14016
0.22592 0.37865 -0.14277
0.22612 0.37838 -0.14562
0.22497 0.37753 -0.1481
0.22356 0.37622 -0.15008
0.2227 0.37467 -0.15224
0.22267 0.37411 -0.15496
0.22188 0.37371 -0.15754
0.22109 0.37326 -0.16011
0.22047 0.37301 -0.16275
0.22048 0.37314 -0.16549
0.22073 0.37296 -0.16824
0.2516 0.43551 -0.0275
0.25151 0.43556 -0.03031
0.25118 0.4355 -0.03304
0.2508 0.43526 -0.03574
0.25053 0.43498 -0.03846
0.25042 0.43446 -0.04113
0.25029 0.4337 -0.04374
0.25009 0.43289 -0.04638
0.25031 0.43274 -0.04918
0.25083 0.43285 -0.05189
0.2507 0.43212 -0.05456
0.25102 0.43183 -0.05728
0.25087 0.43124 -0.05996
0.25055 0.43031 -0.06253
0.25012 0.4292 -0.06499
0.24943 0.4278 -0.06724
0.24917 0.42653 -0.06965
0.24848 0.42498 -0.07181
0.24745 0.42328 -0.0737
0.24633 0.4216 -0.0756
0.24564 0.42017 -0.07786
0.24508 0.41895 -0.08026
0.24448 0.41782 -0.08269
0.24364 0.41634 -0.08482
0.24262 0.41457 -0.08662
0.24166 0.41291 -0.0886
0.2411 0.41138 -0.09083
0.24041 0.40997 -0.09307
0.23986 0.40868 -0.0954
0.239 0.40715 -0.09746
0.23816 0.40561 -0.09956
0.23755 0.40394 -0.10165
0.23683 0.40216 -0.10361
0.23583 0.40038 -0.10543
0.23502 0.39894 -0.10762
0.23352 0.39735 -0.10934
0.23269 0.3961 -0.11166
0.23149 0.39463 -0.11363
0.23043 0.39296 -0.11555
0.22942 0.39155 -0.11767
0.22862 0.39045 -0.12007
0.22725 0.38938 -0.12217
0.22572 0.38826 -0.12418
0.22493 0.38702 -0.12652
0.22435 0.38565 -0.12883
0.22401 0.38428 -0.13119
0.22377 0.38321 -0.13372
0.22359 0.38242 -0.13636
0.22419 0.38198 -0.13905
0.22494 0.38149 -0.14162
0.22566 0.38127 -0.14436
0.22478 0.3806 -0.14713
0.22342 0.37963 -0.14941
0.22213 0.37831 -0.15145
0.2218 0.37702 -0.1538
0.22119 0.37621 -0.15629
0.21994 0.37548 -0.15865
0.21918 0.37506 -0.16124
0.2189 0.37507 -0.16395
0.21952 0.37565 -0.16671
0.24883 0.43694 -0.02842
0.24911 0.43767 -0.03113
0.24892 0.4377 -0.03395
0.24834 0.43725 -0.03664
0.24801 0.43689 -0.03935
0.24802 0.43647 -0.04207
0.24805 0.43586 -0.04475
0.2481 0.43528 -0.04745
0.24837 0.43514 -0.0502
0.24873 0.43509 -0.05293
0.24891 0.43462 -0.05563
0.24938 0.43444 -0.05838
0.24931 0.43388 -0.06111
0.24912 0.43299 -0.06375
0.2486 0.43177 -0.06622
0.24785 0.43033 -0.06846
0.24743 0.42898 -0.07086
0.24643 0.42723 -0.0728
0.24527 0.42542 -0.07455
0.24419 0.42378 -0.0765
0.24314 0.42211 -0.07846
0.24242 0.42067 -0.08074
0.24182 0.41949 -0.08315
0.24115 0.41815 -0.08544
0.24037 0.41655 -0.08753
0.23977 0.4151 -0.08981
0.23945 0.41368 -0.09215
0.23925 0.41244 -0.09461
0.23874 0.41113 -0.09702
0.23757 0.40947 -0.09893
0.23627 0.40774 -0.10064
0.23562 0.40606 -0.10272
0.235 0.40434 -0.10479
0.23387 0.40244 -0.10645
0.2325 0.4007 -0.10816
0.23158 0.39938 -0.11042
0.2305 0.39801 -0.11253
0.22935 0.39657 -0.11456
0.22835 0.39494 -0.11657
0.22753 0.39359 -0.11882
0.2267 0.39245 -0.12119
0.22554 0.39145 -0.12346
0.22426 0.3904 -0.12567
0.223 0.38898 -0.1277
0.22222 0.38749 -0.12995
0.22188 0.3861 -0.13243
0.22212 0.3853 -0.13511
0.22249 0.38476 -0.1378
0.22283 0.38416 -0.14047
0.22385 0.38391 -0.1431
0.22401 0.38344 -0.14594
0.22293 0.38255 -0.14853
0.22136 0.38137 -0.15057
0.2203 0.38012 -0.15274
0.21986 0.37876 -0.15506
0.21899 0.37771 -0.15739
0.21812 0.37722 -0.15996
0.2174 0.37681 -0.16257
0.21736 0.37701 -0.16531
0.21771 0.37763 -0.16821
0.24573 0.43808 -0.02868
0.24601 0.4389 -0.0313
0.24655 0.43997 -0.03386
0.2463 0.43983 -0.03667
0.24562 0.43913 -0.03928
0.24558 0.43864 -0.04202
0.24576 0.43817 -0.04473
0.24601 0.43774 -0.04745
0.24611 0.43745 -0.05019
0.24624 0.43717 -0.05294
0.24662 0.43693 -0.05565
0.2469 0.43661 -0.05838
0.24691 0.43616 -0.06112
0.24689 0.43546 -0.06382
0.24681 0.43461 -0.06653
0.24645 0.43336 -0.06916
0.24525 0.43138 -0.07094
0.24421 0.42953 -0.07273
0.24354 0.42806 -0.07498
0.24272 0.42655 -0.07716
0.24149 0.42478 -0.07896
0.24075 0.42337 -0.08122
0.23995 0.42202 -0.08348
0.23903 0.42047 -0.08557
0.23852 0.41904 -0.08789
0.23811 0.41769 -0.09028
0.23805 0.4164 -0.09273
0.23766 0.4151 -0.09516
0.23694 0.4137 -0.09748
0.2357 0.41193 -0.09929
0.23422 0.41001 -0.1007
0.2334 0.40819 -0.10263
0.2327 0.40642 -0.10462
0.23181 0.40468 -0.10657
0.23091 0.40322 -0.10876
0.23006 0.40192 -0.11105
0.22897 0.40053 -0.11316
0.22804 0.39918 -0.11538
0.2274 0.39765 -0.11759
0.22656 0.39629 -0.11985
0.22517 0.39493 -0.1218
0.22361 0.39372 -0.12376
0.22221 0.39258 -0.12593
0.22155 0.39148 -0.12842
0.22083 0.3901 -0.13077
0.22084 0.38887 -0.13336
0.22128 0.38809 -0.136
0.22168 0.38747 -0.13865
0.22137 0.38658 -0.14125
0.22181 0.38587 -0.14393
0.22168 0.38518 -0.14669
0.22045 0.38415 -0.14905
0.21901 0.38298 -0.15111
0.21799 0.38172 -0.15333
0.21754 0.38032 -0.15566
0.21685 0.37941 -0.15815
0.21608 0.379 -0.16077
0.2155 0.3787 -0.16345
0.21506 0.37844 -0.16615
0.21497 0.37852 -0.169
0.24316 0.44051 -0.03097
0.24277 0.43951 -0.02842
0.24396 0.44204 -0.03325
0.24433 0.44254 -0.03615
0.24349 0.4416 -0.03882
0.24324 0.44089 -0.04151
0.24339 0.44035 -0.04422
0.24353 0.43977 -0.04691
0.24327 0.43896 -0.04957
0.24331 0.43858 -0.05236
0.24389 0.43862 -0.05511
0.24407 0.43818 -0.05783
0.24406 0.43771 -0.06055
0.24406 0.43709 -0.06326
0.24395 0.43638 -0.06597
0.2437 0.43546 -0.06867
0.24296 0.43375 -0.07091
0.24186 0.43167 -0.07248
0.24118 0.4302 -0.07472
0.24065 0.42898 -0.07717
0.23971 0.42736 -0.07924
0.23921 0.4261 -0.08167
0.23828 0.42467 -0.08384
0.23721 0.42303 -0.08581
0.23658 0.4215 -0.08806
0.23646 0.42033 -0.09059
0.23626 0.41896 -0.09299
0.23546 0.41733 -0.09509
0.23441 0.41557 -0.09695
0.23338 0.414 -0.09899
0.23217 0.41232 -0.10081
0.23135 0.41049 -0.10276
0.23064 0.40873 -0.10479
0.23 0.40715 -0.10696
0.22929 0.40575 -0.10925
0.22848 0.40444 -0.11154
0.22753 0.4031 -0.11376
0.22689 0.40186 -0.11617
0.22624 0.40034 -0.11841
0.22491 0.39876 -0.12028
0.2235 0.39739 -0.12222
0.22184 0.39616 -0.1241
0.22057 0.39509 -0.12643
0.21999 0.39399 -0.12903
0.21985 0.39284 -0.13161
0.22057 0.39179 -0.13415
0.22181 0.39108 -0.13669
0.22163 0.39034 -0.13948
0.22075 0.38939 -0.14196
0.22014 0.3882 -0.14437
0.21938 0.38697 -0.14677
0.21792 0.38562 -0.14872
0.21651 0.38449 -0.15084
0.2157 0.38348 -0.1533
0.21546 0.38227 -0.15579
0.21477 0.38136 -0.15831
0.2141 0.38104 -0.16098
0.21355 0.38077 -0.16367
0.21282 0.38021 -0.16627
0.21222 0.37941 -0.16885
0.2398 0.44099 -0.02852
0.24022 0.442 -0.0311
0.24081 0.44323 -0.03352
0.24149 0.44434 -0.03608
0.24134 0.44412 -0.03894
0.24101 0.44331 -0.0416
0.2409 0.44247 -0.04424
0.24078 0.44154 -0.04685
0.24061 0.44087 -0.04956
0.24078 0.44066 -0.05235
0.24138 0.44078 -0.05513
0.24124 0.43977 -0.05777
0.2411 0.43905 -0.06045
0.24093 0.43799 -0.06301
0.24069 0.43677 -0.0655
0.24046 0.43612 -0.06822
0.2398 0.4346 -0.07049
0.23907 0.43319 -0.07276
0.23843 0.43177 -0.07506
0.23794 0.43061 -0.07754
0.23759 0.42955 -0.08008
0.23722 0.4284 -0.08262
0.23603 0.42675 -0.08458
0.23506 0.42516 -0.08666
0.23461 0.42374 -0.08902
0.23427 0.4224 -0.09143
0.23412 0.42106 -0.09388
0.2331 0.41927 -0.09575
0.23193 0.41744 -0.0975
0.23101 0.41589 -0.09963
0.23002 0.41436 -0.10172
0.22926 0.41257 -0.10373
0.2289 0.41097 -0.10599
0.22857 0.40951 -0.10833
0.22746 0.40788 -0.11031
0.22648 0.40648 -0.11249
0.22553 0.40511 -0.11472
0.22478 0.40382 -0.11707
0.22386 0.40213 -0.11906
0.22273 0.40064 -0.12112
0.22157 0.39941 -0.12333
0.22012 0.39827 -0.12545
0.21881 0.39725 -0.12788
0.21888 0.39641 -0.1307
0.21992 0.3955 -0.1332
0.22118 0.39449 -0.13555
0.22195 0.39375 -0.13833
0.22102 0.39287 -0.14107
0.21994 0.39186 -0.14345
0.2189 0.39052 -0.14574
0.21735 0.38891 -0.14749
0.21563 0.38737 -0.14909
0.21429 0.38632 -0.15134
0.21377 0.38553 -0.15396
0.21345 0.38422 -0.15638
0.21278 0.38331 -0.15891
0.21215 0.38302 -0.16161
0.2113 0.38245 -0.16418
0.21056 0.38188 -0.16676
0.23702 0.4428 -0.02858
0.23734 0.44362 -0.03124
0.23788 0.4447 -0.03376
0.2386 0.44602 -0.03619
0.2389 0.44645 -0.03908
0.23851 0.44543 -0.04179
0.23823 0.44439 -0.04435
0.23808 0.44346 -0.04698
0.23778 0.44266 -0.04965
0.23776 0.44209 -0.05242
0.23819 0.44178 -0.05518
0.23848 0.44151 -0.05798
0.23807 0.4402 -0.06044
0.23761 0.4382 -0.06247
0.23742 0.43711 -0.06512
0.23722 0.43647 -0.06784
0.23677 0.43567 -0.07044
0.23635 0.43485 -0.07307
0.23573 0.43342 -0.07538
0.23526 0.43228 -0.07789
0.23506 0.43139 -0.08053
0.23473 0.43032 -0.08309
0.23376 0.42883 -0.08525
0.2329 0.42731 -0.08745
0.23257 0.42596 -0.08987
0.23195 0.42437 -0.09208
0.23182 0.42307 -0.09456
0.23121 0.42153 -0.09682
0.23018 0.41978 -0.09876
0.22871 0.41786 -0.10025
0.22804 0.41653 -0.10266
0.22778 0.415 -0.10497
0.22725 0.4133 -0.10712
0.22655 0.41161 -0.10922
0.22546 0.40997 -0.11119
0.22434 0.40848 -0.11325
0.22329 0.40702 -0.11538
0.22235 0.40555 -0.11755
0.2216 0.40398 -0.11972
0.22067 0.40265 -0.12199
0.21968 0.4015 -0.12434
0.21846 0.40048 -0.12672
0.21836 0.39987 -0.12956
0.21921 0.39915 -0.13216
0.22027 0.39818 -0.13458
0.22116 0.39715 -0.13722
0.2206 0.39617 -0.14
0.21939 0.39516 -0.14239
0.21851 0.39419 -0.14492
0.21695 0.39257 -0.14682
0.21513 0.39074 -0.14804
0.21338 0.38917 -0.14962
0.2125 0.38843 -0.15222
0.21209 0.38769 -0.15488
0.21163 0.38627 -0.15724
0.2108 0.38522 -0.15967
0.21001 0.38477 -0.16231
0.20923 0.38428 -0.16491
0.20828 0.38347 -0.16738
0.20987 0.38097 -0.16928
0.23444 0.44486 -0.02868
0.23454 0.44535 -0.03142
0.23493 0.44612 -0.03407
0.23537 0.44681 -0.03672
0.23561 0.44728 -0.03942
0.236 0.44755 -0.0422
0.23572 0.44643 -0.04481
0.23599 0.44597 -0.04756
0.23598 0.44544 -0.05029
0.23567 0.44468 -0.05294
0.23544 0.44361 -0.05549
0.23527 0.44243 -0.05796
0.23492 0.44114 -0.06035
0.23468 0.43976 -0.06279
0.23451 0.43868 -0.06538
0.23419 0.43767 -0.06795
0.23383 0.43695 -0.07061
0.23345 0.43615 -0.07325
0.23331 0.4355 -0.076
0.23272 0.43413 -0.07837
0.2324 0.43309 -0.08093
0.23214 0.43213 -0.08353
0.2316 0.43103 -0.08605
0.23118 0.42985 -0.08857
0.23048 0.42818 -0.09075
0.22953 0.42627 -0.0926
0.22922 0.42477 -0.09494
0.22886 0.42355 -0.09748
0.2277 0.42164 -0.0992
0.22638 0.41976 -0.10082
0.22569 0.41844 -0.10321
0.22561 0.41709 -0.10564
0.22538 0.41556 -0.10799
0.22437 0.41366 -0.10982
0.22341 0.41212 -0.11192
0.22255 0.41076 -0.11418
0.22122 0.40916 -0.11603
0.22022 0.40762 -0.11815
0.21927 0.40588 -0.12014
0.21841 0.40459 -0.1225
0.21763 0.40361 -0.12507
0.2174 0.40307 -0.1279
0.21847 0.40276 -0.13054
0.21947 0.40204 -0.13306
0.22037 0.40107 -0.13571
0.21988 0.39975 -0.13841
0.21848 0.39836 -0.14051
0.21744 0.39738 -0.14287
0.21639 0.39633 -0.14532
0.21491 0.39472 -0.14722
0.21311 0.39281 -0.14835
0.21166 0.39141 -0.15027
0.21054 0.39048 -0.15267
0.20994 0.38958 -0.15524
0.20947 0.38811 -0.15757
0.20873 0.38711 -0.16005
0.20791 0.38664 -0.16268
0.20703 0.38604 -0.16524
0.20611 0.38528 -0.16774
0.23124 0.44653 -0.02642
0.23175 0.44672 -0.02915
0.23186 0.44721 -0.03188
0.232 0.44755 -0.03465
0.23246 0.44825 -0.03732
0.2327 0.44867 -0.04005
0.23286 0.44856 -0.04279
0.23314 0.4483 -0.04554
0.23371 0.44818 -0.04828
0.23441 0.44827 -0.05105
0.2343 0.44759 -0.05385
0.23363 0.44627 -0.05628
0.23274 0.44453 -0.0583
0.23209 0.4428 -0.06044
0.23196 0.44153 -0.06298
0.23191 0.44059 -0.06563
0.23153 0.4395 -0.06816
0.23096 0.43836 -0.07063
0.23043 0.43715 -0.07311
0.23028 0.43657 -0.07588
0.22973 0.43518 -0.07825
0.22938 0.43405 -0.08078
0.22915 0.43324 -0.08344
0.22879 0.43256 -0.08614
0.22829 0.43127 -0.08858
0.22791 0.43005 -0.0911
0.22707 0.42816 -0.09304
0.22654 0.42638 -0.09512
0.22598 0.42485 -0.09738
0.22492 0.42306 -0.09922
0.2237 0.42132 -0.10112
0.22307 0.42008 -0.10362
0.22326 0.41897 -0.10622
0.22317 0.41761 -0.10868
0.22246 0.41584 -0.11075
0.22198 0.41454 -0.11318
0.22088 0.41304 -0.11528
0.2194 0.41138 -0.11698
0.21808 0.40968 -0.11882
0.2173 0.40805 -0.121
0.21648 0.40678 -0.1234
0.21589 0.40592 -0.12615
0.21688 0.40589 -0.12893
0.21824 0.40566 -0.13141
0.21919 0.40497 -0.13407
0.21948 0.40389 -0.13698
0.21817 0.40217 -0.13911
0.21689 0.40074 -0.14114
0.21575 0.39969 -0.14345
0.21442 0.39847 -0.1457
0.2127 0.39668 -0.1471
0.21111 0.3949 -0.14858
0.20984 0.39362 -0.15071
0.2087 0.39267 -0.15308
0.20777 0.39146 -0.15541
0.20731 0.38997 -0.15772
0.20657 0.38895 -0.16021
0.2057 0.38843 -0.16281
0.20488 0.3879 -0.16542
0.20398 0.38717 -0.16795
0.22923 0.44884 -0.02931
0.22858 0.44845 -0.02661
0.22907 0.44894 -0.03212
0.22922 0.4493 -0.0349
0.22956 0.44975 -0.03764
0.22974 0.45003 -0.0404
0.23 0.45008 -0.04317
0.23045 0.45008 -0.04594
0.23108 0.45004 -0.04866
0.23188 0.45042 -0.05138
0.23201 0.45 -0.05425
0.2316 0.44883 -0.05689
0.23058 0.44693 -0.05879
0.22953 0.44485 -0.06046
0.22927 0.4433 -0.06285
0.2291 0.44212 -0.06542
0.22882 0.4412 -0.06806
0.22813 0.43985 -0.07043
0.22754 0.43856 -0.07286
0.22724 0.43748 -0.07544
0.22683 0.43642 -0.07799
0.22636 0.43494 -0.08034
0.22611 0.43398 -0.08298
0.22576 0.43342 -0.08569
0.22543 0.43255 -0.08834
0.22486 0.43098 -0.09062
0.22459 0.43005 -0.09329
0.22428 0.42857 -0.0957
0.22336 0.42652 -0.09744
0.22241 0.42488 -0.09951
0.22152 0.42348 -0.1018
0.22127 0.4225 -0.10444
0.22078 0.42077 -0.10659
0.22035 0.41903 -0.10874
0.22004 0.41763 -0.11116
0.21987 0.41667 -0.11384
0.21898 0.41526 -0.11612
0.21752 0.41357 -0.11785
0.21625 0.4119 -0.11976
0.21559 0.41033 -0.12203
0.21494 0.40916 -0.12456
0.21493 0.40855 -0.12741
0.21642 0.4087 -0.12994
0.21766 0.40848 -0.13257
0.21825 0.40771 -0.13549
0.21749 0.4061 -0.13799
0.2165 0.40443 -0.14008
0.2155 0.40307 -0.14232
0.2142 0.40195 -0.14464
0.21228 0.40044 -0.14626
0.21042 0.39854 -0.14724
0.20893 0.39681 -0.14889
0.20781 0.39564 -0.15119
0.20647 0.3945 -0.15336
0.20543 0.39312 -0.15557
0.20498 0.39161 -0.15791
0.20432 0.39068 -0.16047
0.20346 0.39016 -0.16309
0.20265 0.38967 -0.16571
0.20178 0.38899 -0.16829
0.22629 0.45024 -0.02863
0.22643 0.45076 -0.03138
0.2265 0.45104 -0.03418
0.22671 0.45128 -0.03696
0.22684 0.45145 -0.03974
0.22714 0.45156 -0.04253
0.22753 0.45138 -0.0453
0.22816 0.45131 -0.04804
0.22896 0.45187 -0.05073
0.22922 0.45174 -0.05359
0.22904 0.45091 -0.05636
0.22837 0.44934 -0.05868
0.22742 0.44732 -0.06042
0.22674 0.44523 -0.06223
0.22645 0.44379 -0.0647
0.22602 0.44255 -0.06722
0.22559 0.44173 -0.06989
0.22507 0.44055 -0.07238
0.22456 0.43905 -0.07471
0.2241 0.43784 -0.07722
0.2237 0.43655 -0.07967
0.22329 0.43517 -0.08209
0.22294 0.43451 -0.08481
0.2226 0.43364 -0.08745
0.22224 0.43256 -0.09001
0.2219 0.43155 -0.09261
0.22161 0.43015 -0.09505
0.22091 0.42841 -0.09715
0.22014 0.42699 -0.09945
0.2196 0.4259 -0.10198
0.21938 0.42499 -0.10466
0.21895 0.42327 -0.10689
0.2184 0.42139 -0.10891
0.21788 0.41976 -0.11113
0.21737 0.41841 -0.11354
0.21681 0.41741 -0.11611
0.21562 0.41587 -0.11815
0.21461 0.41434 -0.1203
0.2141 0.41286 -0.12267
0.21382 0.41185 -0.12532
0.2142 0.41139 -0.12811
0.2156 0.41153 -0.13067
0.21648 0.41122 -0.13354
0.21621 0.40997 -0.13631
0.21565 0.40842 -0.13868
0.21505 0.40688 -0.141
0.21406 0.40551 -0.14335
0.21229 0.40418 -0.14535
0.21017 0.40253 -0.14647
0.2083 0.40055 -0.14727
0.20688 0.39886 -0.14903
0.2059 0.39782 -0.15147
0.20452 0.39662 -0.1536
0.20335 0.39509 -0.15565
0.20277 0.39341 -0.15784
0.20201 0.39231 -0.16031
0.20103 0.39159 -0.16285
0.20024 0.39118 -0.16553
0.19933 0.39075 -0.16827
0.22587 0.45019 -0.02586
0.22362 0.45193 -0.02762
0.22363 0.45228 -0.03043
0.22396 0.4529 -0.03317
0.22408 0.45302 -0.03597
0.22415 0.45309 -0.03878
0.2243 0.45289 -0.04159
0.22468 0.45269 -0.04437
0.22531 0.45259 -0.04713
0.22597 0.45288 -0.04985
0.22624 0.45282 -0.05268
0.22626 0.4525 -0.05554
0.22576 0.45125 -0.0581
0.225 0.44947 -0.06017
0.22437 0.44744 -0.06203
0.2238 0.44552 -0.06406
0.22334 0.44421 -0.06657
0.22291 0.44334 -0.06924
0.22244 0.44227 -0.0718
0.22191 0.4407 -0.07409
0.22142 0.4394 -0.07655
0.22098 0.43798 -0.07895
0.22062 0.43675 -0.08146
0.22015 0.43575 -0.08406
0.21976 0.43468 -0.08662
0.21933 0.43321 -0.08902
0.21901 0.4324 -0.09173
0.21878 0.43128 -0.09431
0.21827 0.43 -0.09676
0.21779 0.42905 -0.09938
0.21714 0.42775 -0.1018
0.21679 0.42682 -0.10449
0.2163 0.42481 -0.1065
0.21584 0.42302 -0.10864
0.21544 0.42155 -0.11102
0.21495 0.42022 -0.11346
0.21428 0.41909 -0.11594
0.21345 0.41795 -0.11838
0.21272 0.41663 -0.12078
0.21257 0.41535 -0.12331
0.21237 0.41434 -0.126
0.21334 0.41422 -0.12872
0.21452 0.41432 -0.13145
0.21469 0.41363 -0.13445
0.21406 0.41206 -0.13689
0.21369 0.41065 -0.13929
0.21329 0.40927 -0.1418
0.21218 0.40784 -0.14423
0.21006 0.40628 -0.14582
0.20786 0.40447 -0.14644
0.20604 0.40236 -0.14706
0.20468 0.40073 -0.14898
0.20346 0.3994 -0.15114
0.20209 0.39814 -0.15324
0.20099 0.39667 -0.15538
0.2005 0.39513 -0.1577
0.19955 0.39364 -0.15991
0.19849 0.39276 -0.16239
0.19753 0.39183 -0.16486
0.19648 0.39068 -0.16717
0.22115 0.45422 -0.02938
0.22118 0.45392 -0.02654
0.22155 0.45489 -0.03214
0.22151 0.4548 -0.03498
0.22137 0.45451 -0.03778
0.22144 0.45416 -0.04059
0.22174 0.45372 -0.04339
0.22232 0.45348 -0.04618
0.22296 0.45379 -0.04894
0.22332 0.45411 -0.0518
0.22328 0.45362 -0.05467
0.22292 0.45279 -0.05744
0.22221 0.45109 -0.05967
0.22163 0.44905 -0.06157
0.22103 0.44704 -0.06358
0.22067 0.44599 -0.06626
0.22009 0.44478 -0.06877
0.21954 0.44347 -0.07123
0.21909 0.44209 -0.07368
0.21855 0.44064 -0.07607
0.21814 0.43929 -0.07854
0.21772 0.43785 -0.08096
0.21726 0.43692 -0.0836
0.21682 0.43567 -0.08611
0.21637 0.4342 -0.08851
0.21601 0.43313 -0.09114
0.21585 0.43226 -0.09386
0.21551 0.43146 -0.09657
0.21496 0.43036 -0.09914
0.21427 0.42883 -0.10146
0.21369 0.4273 -0.10379
0.21354 0.42612 -0.10639
0.21321 0.42457 -0.10873
0.21272 0.42292 -0.11102
0.21239 0.42184 -0.11365
0.21183 0.42084 -0.11625
0.21111 0.4198 -0.1188
0.21072 0.41875 -0.12141
0.21046 0.41737 -0.12393
0.21065 0.41663 -0.12678
0.21228 0.41703 -0.12936
0.21311 0.41699 -0.1324
0.21244 0.41568 -0.13518
0.21194 0.41417 -0.13758
0.21158 0.41282 -0.14006
0.211 0.41141 -0.14259
0.20957 0.40983 -0.1449
0.20723 0.40778 -0.14567
0.20522 0.40569 -0.14569
0.20347 0.40357 -0.1466
0.20226 0.40233 -0.14892
0.2011 0.40111 -0.15121
0.1996 0.39959 -0.1531
0.19839 0.39779 -0.15495
0.19782 0.39596 -0.1571
0.19698 0.39477 -0.15955
0.19585 0.3937 -0.16193
0.19483 0.39258 -0.16432
0.19375 0.39135 -0.16661
0.19548 0.38936 -0.16943
0.19273 0.38996 -0.16887
0.21904 0.45596 -0.02752
0.2192 0.45629 -0.03036
0.21929 0.45643 -0.03322
0.21905 0.45595 -0.036
0.21906 0.45547 -0.0388
0.21926 0.45481 -0.04157
0.21977 0.45442 -0.0444
0.22021 0.45401 -0.04722
0.22051 0.45424 -0.05011
0.22056 0.45458 -0.05303
0.22019 0.45398 -0.05593
0.21953 0.45256 -0.05845
0.219 0.4504 -0.06034
0.21844 0.44845 -0.06246
0.21801 0.44733 -0.06514
0.21748 0.44628 -0.06776
0.21691 0.44492 -0.07022
0.21644 0.44346 -0.07265
0.21594 0.44214 -0.07515
0.21549 0.44067 -0.07755
0.21509 0.43927 -0.08001
0.21455 0.43808 -0.08254
0.21411 0.43685 -0.08507
0.21376 0.43573 -0.08769
0.21332 0.43447 -0.09023
0.21314 0.43345 -0.09291
0.21278 0.43258 -0.09562
0.21224 0.43152 -0.09823
0.21164 0.43027 -0.10073
0.21113 0.42898 -0.10323
0.21098 0.42766 -0.10576
0.21082 0.4264 -0.10832
0.21038 0.42479 -0.11066
0.21003 0.42365 -0.11329
0.20953 0.42272 -0.11595
0.20893 0.42182 -0.11859
0.20852 0.4207 -0.12118
0.20843 0.41946 -0.12383
0.20889 0.41899 -0.12668
0.21039 0.41945 -0.12927
0.21122 0.41959 -0.13249
0.21031 0.41791 -0.13518
0.20959 0.41618 -0.1374
0.20903 0.41476 -0.13989
0.20813 0.41301 -0.14215
0.20663 0.4108 -0.14358
0.20277 0.40642 -0.14421
0.20099 0.40485 -0.14588
0.19979 0.40366 -0.14822
0.19859 0.40231 -0.15039
0.19714 0.40089 -0.15239
0.19596 0.39921 -0.15441
0.19536 0.39734 -0.15654
0.19449 0.39603 -0.15892
0.19334 0.39487 -0.16126
0.19227 0.39361 -0.16358
0.19117 0.39235 -0.1659
0.19012 0.39092 -0.16816
0.21715 0.45763 -0.02809
0.21697 0.45732 -0.03095
0.21691 0.45718 -0.0338
0.21702 0.45688 -0.03665
0.2173 0.45641 -0.03947
0.21757 0.45539 -0.04218
0.21793 0.45478 -0.045
0.21811 0.4542 -0.04786
0.21816 0.45415 -0.05075
0.21778 0.45422 -0.05367
0.2171 0.45319 -0.05632
0.21654 0.45162 -0.05868
0.21605 0.45007 -0.06109
0.21555 0.44865 -0.06358
0.21496 0.44743 -0.06613
0.21443 0.44622 -0.0687
0.21404 0.44504 -0.07131
0.21354 0.44372 -0.07383
0.21309 0.44223 -0.07624
0.21262 0.44062 -0.07858
0.21207 0.4394 -0.08113
0.21164 0.43821 -0.0837
0.21124 0.43692 -0.08627
0.21103 0.43629 -0.08909
0.21078 0.4351 -0.09171
0.21026 0.43383 -0.09426
0.20978 0.4329 -0.09696
0.20933 0.43201 -0.09967
0.209 0.43103 -0.10235
0.20873 0.4295 -0.10477
0.20849 0.42805 -0.10724
0.2081 0.42653 -0.10965
0.20764 0.42518 -0.11221
0.20717 0.42429 -0.11494
0.20668 0.42355 -0.11768
0.20627 0.4224 -0.12026
0.20627 0.42126 -0.12296
0.20663 0.42064 -0.12584
0.208 0.42132 -0.12852
0.20889 0.42189 -0.13175
0.20817 0.42025 -0.13471
0.20724 0.41813 -0.1368
0.2064 0.41602 -0.13866
0.20562 0.41375 -0.14035
0.20448 0.41124 -0.14136
0.20258 0.40913 -0.1419
0.20036 0.40746 -0.1428
0.19859 0.40597 -0.14462
0.19739 0.40476 -0.14699
0.19621 0.4035 -0.14925
0.1948 0.40225 -0.15141
0.19368 0.40079 -0.15364
0.19313 0.39899 -0.15586
0.1922 0.39752 -0.15813
0.19103 0.39635 -0.16047
0.1899 0.39493 -0.1627
0.18877 0.39358 -0.165
0.18777 0.3924 -0.16745
0.21552 0.45592 -0.04309
0.21563 0.4552 -0.04593
0.21561 0.45461 -0.04876
0.21524 0.45379 -0.05152
0.21455 0.45359 -0.05436
0.21395 0.4524 -0.05692
0.21348 0.45118 -0.05952
0.21302 0.44997 -0.06214
0.21246 0.4489 -0.06479
0.21185 0.44748 -0.06723
0.21146 0.44621 -0.06982
0.21104 0.44513 -0.07249
0.21068 0.44394 -0.0751
0.21022 0.44236 -0.07748
0.20958 0.44084 -0.07984
0.20904 0.43929 -0.08223
0.20866 0.43808 -0.08488
0.20848 0.43751 -0.08775
0.20847 0.43697 -0.09065
0.20787 0.43546 -0.09312
0.20729 0.43423 -0.09569
0.20686 0.4334 -0.09845
0.20658 0.43252 -0.10117
0.2066 0.43153 -0.10389
0.20629 0.42994 -0.1063
0.20592 0.42847 -0.10875
0.20533 0.42691 -0.11118
0.20485 0.42595 -0.11392
0.20434 0.42512 -0.11665
0.20405 0.42419 -0.11933
0.20398 0.42277 -0.1219
0.20423 0.42192 -0.12473
0.20509 0.4219 -0.12755
0.20575 0.4229 -0.13065
0.20533 0.42207 -0.13396
0.20449 0.41933 -0.13584
0.20389 0.41659 -0.13697
0.2033 0.41417 -0.13845
0.20212 0.41177 -0.13959
0.2 0.41023 -0.14087
0.19781 0.40888 -0.14219
0.19605 0.40723 -0.14382
0.19483 0.40585 -0.14609
0.19367 0.40467 -0.14845
0.19225 0.40335 -0.15058
0.19114 0.40179 -0.15275
0.1906 0.39999 -0.15499
0.18969 0.39859 -0.15735
0.18851 0.39737 -0.15968
0.18737 0.39594 -0.16192
0.18623 0.39463 -0.16425
0.18525 0.39353 -0.16676
0.1844 0.39239 -0.16926
0.2108 0.45255 -0.05834
0.21029 0.45118 -0.06089
0.20982 0.45032 -0.06364
0.2094 0.44936 -0.06633
0.20898 0.44799 -0.06885
0.2085 0.44669 -0.0714
0.20805 0.44521 -0.07385
0.20766 0.44383 -0.07636
0.20704 0.44239 -0.07881
0.20659 0.4411 -0.08136
0.20612 0.43966 -0.08385
0.20575 0.43847 -0.08651
0.20573 0.43787 -0.08939
0.20533 0.43696 -0.09213
0.20467 0.43543 -0.09455
0.20427 0.43466 -0.09735
0.20407 0.43396 -0.10015
0.20414 0.43307 -0.10291
0.20414 0.43202 -0.10561
0.20389 0.43068 -0.10818
0.20337 0.42922 -0.11065
0.20257 0.42772 -0.11302
0.2019 0.42651 -0.11557
0.20149 0.42512 -0.11808
0.20151 0.42388 -0.12074
0.20175 0.42299 -0.12352
0.20237 0.4221 -0.12624
0.20279 0.42218 -0.12922
0.20232 0.42192 -0.13232
0.20169 0.41969 -0.13448
0.20119 0.41703 -0.13578
0.20062 0.41452 -0.13717
0.19931 0.41251 -0.13882
0.19726 0.41125 -0.14042
0.19506 0.40977 -0.14165
0.19333 0.40826 -0.14344
0.19218 0.40704 -0.14583
0.19101 0.40577 -0.14816
0.18957 0.40435 -0.15024
0.18845 0.40273 -0.15236
0.1879 0.40089 -0.15456
0.18701 0.39952 -0.15696
0.18579 0.39814 -0.1592
0.18464 0.39666 -0.16141
0.18351 0.39537 -0.16377
0.18257 0.39441 -0.16636
0.18177 0.39343 -0.16897
0.20571 0.44818 -0.07135
0.2052 0.44654 -0.0737
0.20473 0.44494 -0.07608
0.20415 0.44359 -0.0786
0.20376 0.44241 -0.08124
0.20335 0.44111 -0.08379
0.20291 0.43976 -0.08634
0.20271 0.43854 -0.08897
0.20227 0.43741 -0.09159
0.20168 0.43617 -0.09417
0.20131 0.43545 -0.097
0.20123 0.43511 -0.09992
0.20127 0.43406 -0.10263
0.20133 0.43318 -0.1054
0.20133 0.43232 -0.10818
0.20082 0.43082 -0.1106
0.19991 0.42911 -0.11272
0.19911 0.42753 -0.11506
0.19866 0.42595 -0.11749
0.1987 0.42465 -0.12014
0.19893 0.42363 -0.12287
0.19956 0.42292 -0.1256
0.19992 0.42167 -0.12819
0.19968 0.42074 -0.13088
0.19902 0.41912 -0.13309
0.19835 0.41691 -0.13485
0.19767 0.41487 -0.13679
0.19641 0.41302 -0.13854
0.19437 0.41174 -0.14017
0.19216 0.41024 -0.14147
0.19051 0.40901 -0.14353
0.1894 0.40788 -0.14595
0.18821 0.40652 -0.14824
0.18676 0.40503 -0.15029
0.18566 0.40345 -0.15245
0.18519 0.40182 -0.1548
0.18427 0.40032 -0.15709
0.18302 0.39888 -0.1593
0.18188 0.39746 -0.16155
0.18076 0.3962 -0.16391
0.17981 0.39516 -0.16646
0.17906 0.39426 -0.16913
0.20165 0.44559 -0.07646
0.2012 0.44453 -0.07917
0.20086 0.44348 -0.08187
0.20036 0.44193 -0.08427
0.19988 0.44049 -0.08676
0.19967 0.43922 -0.08938
0.19922 0.43808 -0.092
0.1987 0.437 -0.09465
0.19835 0.43624 -0.09745
0.19818 0.4355 -0.10026
0.19827 0.43452 -0.10298
0.19829 0.43345 -0.1057
0.19836 0.43293 -0.10857
0.19808 0.43206 -0.11136
0.1971 0.43 -0.11323
0.19619 0.42819 -0.11536
0.19569 0.42648 -0.11773
0.1957 0.42502 -0.12032
0.19603 0.42436 -0.12319
0.19658 0.42309 -0.12574
0.1969 0.42181 -0.12825
0.19667 0.42047 -0.13065
0.19606 0.41856 -0.1326
0.19535 0.41666 -0.1347
0.19471 0.41493 -0.13691
0.19348 0.41328 -0.13882
0.19142 0.41166 -0.14022
0.18925 0.41033 -0.14187
0.18765 0.40931 -0.14404
0.18658 0.40834 -0.1465
0.18541 0.40699 -0.14882
0.18395 0.4054 -0.15081
0.18291 0.40396 -0.1531
0.1825 0.40245 -0.1555
0.18154 0.40089 -0.15772
0.18033 0.39954 -0.16001
0.17918 0.39811 -0.16224
0.17805 0.39682 -0.16457
0.17715 0.39591 -0.1672
0.1764 0.39498 -0.16985
0.19744 0.44276 -0.08508
0.19693 0.44128 -0.08754
0.19678 0.44015 -0.09023
0.19636 0.43903 -0.09286
0.19584 0.43794 -0.09549
0.19545 0.43703 -0.09821
0.19523 0.43606 -0.10094
0.19526 0.43479 -0.10356
0.19533 0.43378 -0.1063
0.19537 0.43303 -0.10911
0.19502 0.43147 -0.11148
0.19414 0.43005 -0.11381
0.19325 0.4284 -0.11606
0.19278 0.42685 -0.11854
0.19283 0.42548 -0.12116
0.19311 0.42448 -0.1239
0.19365 0.42309 -0.12639
0.19399 0.422 -0.12898
0.19369 0.42022 -0.1311
0.19306 0.41834 -0.13309
0.19239 0.41643 -0.13518
0.19176 0.41452 -0.13723
0.19055 0.41298 -0.13923
0.18853 0.41159 -0.14092
0.18641 0.41041 -0.14273
0.18486 0.40948 -0.14492
0.18383 0.40865 -0.14745
0.18261 0.40693 -0.14953
0.18118 0.40538 -0.15159
0.18021 0.40418 -0.15402
0.17981 0.40268 -0.15643
0.17889 0.40119 -0.1587
0.17771 0.39994 -0.16106
0.17657 0.39856 -0.16332
0.17546 0.39731 -0.16568
0.17452 0.39632 -0.16826
0.19262 0.43773 -0.09922
0.19233 0.43654 -0.10186
0.19237 0.43529 -0.10448
0.19238 0.43393 -0.10704
0.19237 0.43248 -0.10953
0.19203 0.43098 -0.11195
0.19118 0.42989 -0.1145
0.19044 0.42883 -0.11712
0.19006 0.4275 -0.11969
0.1901 0.42612 -0.12226
0.19029 0.42482 -0.12485
0.19077 0.42313 -0.12715
0.1911 0.42158 -0.12953
0.19081 0.42006 -0.1319
0.19019 0.41823 -0.13398
0.18951 0.4162 -0.13594
0.18891 0.41446 -0.13813
0.1877 0.41283 -0.14004
0.18568 0.41145 -0.14171
0.18362 0.41053 -0.14368
0.18211 0.40964 -0.14591
0.181 0.40812 -0.14803
0.17981 0.4066 -0.15028
0.17845 0.40541 -0.1526
0.17749 0.40414 -0.15498
0.17712 0.40265 -0.1574
0.17626 0.40135 -0.1598
0.17511 0.40014 -0.1622
0.17403 0.39891 -0.16456
0.17291 0.39766 -0.16691
0.17201 0.39679 -0.16956
0.18943 0.43576 -0.10521
0.18945 0.43447 -0.10781
0.18934 0.43254 -0.11001
0.18902 0.43117 -0.11254
0.18824 0.43023 -0.11517
0.18753 0.42915 -0.11777
0.18721 0.42802 -0.12045
0.18721 0.42645 -0.1229
0.1873 0.42456 -0.12514
0.18781 0.42317 -0.12763
0.1881 0.42146 -0.12989
0.18782 0.41976 -0.13212
0.18721 0.41788 -0.13417
0.18657 0.4162 -0.13646
0.18599 0.41452 -0.13869
0.18478 0.41281 -0.14056
0.18282 0.41162 -0.14243
0.18084 0.41091 -0.14451
0.17924 0.40951 -0.14638
0.1781 0.40794 -0.14851
0.17698 0.40677 -0.151
0.17573 0.40586 -0.15349
0.17477 0.40451 -0.15582
0.17435 0.40282 -0.15813
0.17355 0.40166 -0.16064
0.17236 0.4003 -0.16293
0.17133 0.3992 -0.16539
0.1703 0.39823 -0.16791
0.18638 0.43307 -0.11057
0.18606 0.43159 -0.11303
0.18529 0.4306 -0.11564
0.18457 0.42943 -0.1182
0.18421 0.42791 -0.12066
0.18423 0.42658 -0.12323
0.18433 0.42489 -0.12558
0.18483 0.42335 -0.12796
0.18512 0.42167 -0.13027
0.18486 0.42005 -0.13262
0.18421 0.41807 -0.13461
0.18363 0.41646 -0.13697
0.1831 0.41488 -0.1393
0.1819 0.41316 -0.14118
0.17998 0.41205 -0.14307
0.17792 0.41099 -0.14482
0.17632 0.40961 -0.14677
0.17528 0.40836 -0.14918
0.1742 0.40723 -0.15167
0.17304 0.40653 -0.15427
0.17198 0.40486 -0.15639
0.17159 0.40325 -0.15877
0.1708 0.40202 -0.16126
0.1697 0.40097 -0.16375
0.16864 0.39977 -0.16614
0.1676 0.39873 -0.16862
0.18154 0.42936 -0.11815
0.18117 0.42782 -0.12062
0.18122 0.42679 -0.12336
0.18139 0.42555 -0.12593
0.18186 0.42393 -0.12824
0.18215 0.42223 -0.13055
0.18191 0.4206 -0.13291
0.18135 0.41889 -0.13514
0.18077 0.41724 -0.13746
0.18025 0.41558 -0.13976
0.17907 0.41385 -0.14168
0.17709 0.41258 -0.14334
0.17499 0.41144 -0.145
0.17343 0.4102 -0.14707
0.17239 0.40878 -0.1494
0.17139 0.40784 -0.15201
0.17028 0.40732 -0.1547
0.16934 0.40589 -0.15704
0.16897 0.40425 -0.1594
0.16813 0.4029 -0.1618
0.167 0.40175 -0.16422
0.1659 0.40045 -0.16656
0.16485 0.39941 -0.16903
0.17846 0.42623 -0.12621
0.179 0.42484 -0.12863
0.17933 0.42323 -0.131
0.17914 0.42166 -0.13341
0.17849 0.41973 -0.13548
0.17796 0.41815 -0.13787
0.17735 0.41619 -0.13989
0.17615 0.41438 -0.14175
0.1742 0.41322 -0.14353
0.17219 0.41233 -0.14543
0.17068 0.41114 -0.14755
0.16957 0.40953 -0.14971
0.16852 0.40829 -0.15218
0.16737 0.4075 -0.15476
0.16657 0.40656 -0.15737
0.16626 0.40507 -0.15983
0.16546 0.40379 -0.1623
0.16436 0.40268 -0.16475
0.16332 0.40151 -0.16719
0.16215 0.40026 -0.16949
0.17667 0.42461 -0.13113
0.17642 0.42294 -0.13349
0.1757 0.42094 -0.13551
0.17523 0.41935 -0.13791
0.17459 0.41731 -0.13986
0.17338 0.41547 -0.14175
0.17152 0.41447 -0.14372
0.16954 0.41358 -0.14562
0.16801 0.41232 -0.14772
0.16689 0.4107 -0.14988
0.16578 0.40931 -0.15218
0.16454 0.4081 -0.15455
0.16377 0.40721 -0.15722
0.1636 0.40611 -0.15992
0.16283 0.40486 -0.16243
0.16176 0.40383 -0.16494
0.16075 0.40279 -0.16749
0.15946 0.40117 -0.16954
0.17347 0.42297 -0.13603
0.17283 0.42112 -0.13819
0.17202 0.41882 -0.13981
0.17087 0.41706 -0.14182
0.16898 0.41598 -0.14369
0.16693 0.41493 -0.14544
0.16529 0.41348 -0.1474
0.16433 0.41214 -0.14983
0.16323 0.41075 -0.15213
0.16189 0.40931 -0.1543
0.16105 0.40805 -0.15681
0.16089 0.40698 -0.15954
0.16021 0.40603 -0.16221
0.15908 0.40478 -0.16461
0.15798 0.40344 -0.16694
0.15688 0.40244 -0.16946
0.16926 0.41986 -0.1399
0.16809 0.41806 -0.14183
0.16627 0.41711 -0.14386
0.16424 0.41611 -0.14574
0.16281 0.41499 -0.14802
0.16194 0.4137 -0.1505
0.16081 0.41222 -0.15276
0.15936 0.41065 -0.15477
0.15839 0.40912 -0.15703
0.1581 0.40757 -0.15948
0.15737 0.40636 -0.162
0.15627 0.40528 -0.1645
0.15524 0.40426 -0.16702
0.15408 0.40323 -0.16952
0.15559 0.40959 -0.15749
0.15529 0.40795 -0.15989
0.15457 0.40674 -0.16242
0.1535 0.40583 -0.16502
0.15238 0.40449 -0.16737
0.35252 0.28639 -0.13329
0.35049 0.2881 -0.13513
0.35169 0.28902 -0.13315
0.35146 0.28551 -0.13535
0.34976 0.28752 -0.13745
0.35042 0.28483 -0.13749
0.34949 0.28725 -0.13991
0.34945 0.28447 -0.13978
0.34951 0.28736 -0.14237
0.34894 0.28464 -0.1423
0.35021 0.28754 -0.14476
0.34938 0.28393 -0.15213
0.34804 0.28558 -0.15402
0.34942 0.28679 -0.15223
0.3479 0.28284 -0.15391
0.34659 0.28408 -0.15539
0.34642 0.28137 -0.15524
0.34533 0.28246 -0.15674
0.34569 0.27982 -0.15703
0.34415 0.28104 -0.15833
0.34505 0.27864 -0.15908
0.34305 0.27981 -0.16014
0.34406 0.2775 -0.16103
0.34189 0.27868 -0.162
0.34301 0.2765 -0.16303
0.34077 0.27771 -0.16397
0.35694 0.29586 -0.11623
0.35666 0.29303 -0.1186
0.35638 0.29587 -0.11865
0.35675 0.29633 -0.12107
0.35698 0.29351 -0.12107
0.35665 0.2966 -0.12355
0.35722 0.29383 -0.12354
0.35649 0.29362 -0.12593
0.35565 0.29631 -0.12581
0.35421 0.29525 -0.12751
0.35501 0.29258 -0.12764
0.35291 0.29387 -0.12908
0.35373 0.29123 -0.12925
0.35198 0.29272 -0.13105
0.35273 0.29007 -0.13119
0.35098 0.29167 -0.13302
0.34998 0.2908 -0.13509
0.34909 0.29016 -0.13733
0.34912 0.28994 -0.13982
0.34951 0.29009 -0.14224
0.35009 0.29035 -0.14468
0.34995 0.29036 -0.14722
0.35068 0.28756 -0.14728
0.34931 0.29009 -0.14966
0.35029 0.28739 -0.14985
0.34843 0.28944 -0.15195
0.34739 0.28827 -0.15393
0.34628 0.2868 -0.15564
0.34506 0.28515 -0.15708
0.34351 0.28364 -0.15823
0.34196 0.28214 -0.15942
0.34079 0.28098 -0.16123
0.33966 0.27998 -0.16316
0.33847 0.27891 -0.16501
0.36007 0.3005 -0.10796
0.36053 0.29731 -0.10997
0.35901 0.29972 -0.11001
0.35945 0.29683 -0.11211
0.35792 0.29921 -0.11213
0.35834 0.29638 -0.11425
0.3568 0.29876 -0.11425
0.35596 0.29848 -0.11654
0.35592 0.29863 -0.11899
0.3561 0.29908 -0.12139
0.3557 0.29926 -0.12383
0.35462 0.29891 -0.12599
0.35326 0.29786 -0.12772
0.35194 0.29646 -0.12923
0.35072 0.29516 -0.13092
0.34982 0.29415 -0.13298
0.34908 0.29337 -0.13518
0.34832 0.29276 -0.13747
0.34863 0.29263 -0.13994
0.3493 0.29288 -0.14233
0.34918 0.29303 -0.14486
0.34853 0.29279 -0.14726
0.34782 0.29243 -0.1496
0.34709 0.29183 -0.1519
0.34623 0.29075 -0.154
0.3452 0.28935 -0.15585
0.34383 0.28765 -0.15713
0.34225 0.28604 -0.15808
0.34078 0.28454 -0.15929
0.33946 0.28326 -0.16088
0.33828 0.2822 -0.16273
0.33725 0.28124 -0.16472
0.36583 0.30749 -0.09045
0.36625 0.30453 -0.09266
0.36494 0.30714 -0.09269
0.36534 0.30405 -0.09487
0.3641 0.30669 -0.09492
0.36323 0.30596 -0.09706
0.3645 0.30334 -0.09705
0.36253 0.30534 -0.0993
0.36385 0.30278 -0.09933
0.36194 0.30488 -0.10162
0.36316 0.30226 -0.10161
0.36252 0.30193 -0.10398
0.36094 0.30437 -0.10379
0.36125 0.3013 -0.106
0.3596 0.30366 -0.10569
0.35844 0.30285 -0.10766
0.35741 0.30207 -0.10971
0.35627 0.30152 -0.11181
0.3557 0.30136 -0.1142
0.35527 0.30122 -0.11658
0.355 0.30129 -0.11899
0.35491 0.30165 -0.12139
0.35459 0.30185 -0.12378
0.35375 0.30157 -0.12603
0.35234 0.3005 -0.1277
0.35084 0.29898 -0.12888
0.34956 0.29761 -0.13049
0.34874 0.29663 -0.1326
0.34808 0.29588 -0.13483
0.34758 0.29534 -0.13718
0.34787 0.29524 -0.13961
0.34829 0.29547 -0.14206
0.34779 0.29542 -0.14451
0.34708 0.29508 -0.14683
0.34643 0.29474 -0.14915
0.34581 0.29421 -0.15147
0.34512 0.29326 -0.15369
0.34411 0.29189 -0.15561
0.34267 0.29011 -0.15673
0.34112 0.28846 -0.15763
0.3397 0.28696 -0.15886
0.3384 0.28567 -0.16044
0.3372 0.28457 -0.16224
0.33613 0.28359 -0.16418
0.37139 0.31487 -0.07066
0.37191 0.31181 -0.07264
0.37039 0.31437 -0.0728
0.36962 0.31361 -0.07496
0.37119 0.31108 -0.07485
0.37046 0.31046 -0.07708
0.36892 0.31297 -0.07719
0.36978 0.30988 -0.07935
0.36824 0.31238 -0.07945
0.3693 0.30949 -0.08172
0.36765 0.3119 -0.08174
0.36887 0.30921 -0.08409
0.36705 0.31149 -0.08404
0.3681 0.30882 -0.08636
0.36628 0.3111 -0.08629
0.36681 0.30804 -0.08829
0.36519 0.31048 -0.08835
0.36409 0.30985 -0.09044
0.36354 0.30969 -0.09282
0.36272 0.30923 -0.09504
0.36209 0.30861 -0.09729
0.36137 0.30798 -0.09951
0.36037 0.3073 -0.10161
0.35933 0.30675 -0.10371
0.35818 0.30615 -0.10575
0.35709 0.30538 -0.10776
0.35606 0.30458 -0.1098
0.35536 0.30422 -0.11208
0.35488 0.30405 -0.11444
0.35445 0.30391 -0.11681
0.35393 0.3039 -0.11917
0.35395 0.30429 -0.12157
0.35407 0.30461 -0.12402
0.3531 0.30429 -0.12632
0.35141 0.30313 -0.12769
0.34983 0.30157 -0.12869
0.34835 0.30006 -0.12998
0.34733 0.29892 -0.13197
0.34682 0.29823 -0.13428
0.34657 0.29781 -0.13666
0.34666 0.29764 -0.13906
0.34689 0.2978 -0.14149
0.34645 0.29774 -0.14392
0.34574 0.29738 -0.14623
0.34497 0.29693 -0.14848
0.34436 0.29644 -0.15079
0.3437 0.29554 -0.15302
0.34269 0.29421 -0.15497
0.34134 0.29246 -0.1562
0.33983 0.29077 -0.15707
0.33845 0.28927 -0.15831
0.33724 0.28803 -0.15999
0.33605 0.28693 -0.16177
0.33493 0.28589 -0.16363
0.378 0.3185 -0.05557
0.37496 0.32014 -0.05742
0.3757 0.32045 -0.05514
0.37709 0.31804 -0.05777
0.37622 0.31759 -0.05998
0.37436 0.31993 -0.05974
0.37373 0.31937 -0.06199
0.37549 0.31697 -0.06219
0.37288 0.31871 -0.06415
0.37459 0.31627 -0.06431
0.37355 0.3157 -0.06641
0.37204 0.31825 -0.06636
0.37245 0.31525 -0.06852
0.37113 0.31791 -0.06856
0.37027 0.31762 -0.0708
0.36938 0.31715 -0.07297
0.36867 0.31642 -0.07515
0.36761 0.3156 -0.07715
0.36668 0.31486 -0.07928
0.36613 0.31439 -0.0816
0.36542 0.31391 -0.08385
0.36465 0.31352 -0.08609
0.3637 0.313 -0.08823
0.3627 0.31243 -0.09036
0.36196 0.31214 -0.09265
0.36122 0.31171 -0.0949
0.3607 0.31115 -0.09718
0.36007 0.31056 -0.09943
0.35901 0.30984 -0.10148
0.35808 0.30934 -0.10365
0.35686 0.30869 -0.10562
0.35582 0.30794 -0.10766
0.35505 0.30725 -0.10983
0.35421 0.3068 -0.11205
0.35389 0.30669 -0.11445
0.35351 0.30657 -0.11682
0.35321 0.30663 -0.1192
0.35355 0.30715 -0.12155
0.35366 0.30761 -0.12408
0.35254 0.30728 -0.12662
0.35066 0.30585 -0.12777
0.34903 0.30424 -0.12861
0.34747 0.30268 -0.12969
0.3464 0.3015 -0.13157
0.34556 0.30057 -0.13365
0.34483 0.29976 -0.13584
0.34471 0.2994 -0.13827
0.34548 0.30007 -0.14062
0.34519 0.30009 -0.14313
0.34453 0.29974 -0.1455
0.34373 0.29923 -0.14775
0.34281 0.29846 -0.14987
0.34217 0.29764 -0.15212
0.34111 0.29628 -0.15399
0.33983 0.2945 -0.15518
0.33837 0.29287 -0.15619
0.33713 0.29153 -0.15775
0.33594 0.29029 -0.15942
0.33478 0.28919 -0.16122
0.33364 0.28813 -0.16305
0.3325 0.28714 -0.16494
0.37551 0.31885 -0.02721
0.37416 0.3213 -0.02899
0.37401 0.3215 -0.0266
0.37575 0.31867 -0.02961
0.37438 0.32138 -0.0314
0.37603 0.31877 -0.03202
0.37495 0.3218 -0.0337
0.37656 0.31921 -0.03434
0.37533 0.32236 -0.036
0.37691 0.31975 -0.03666
0.37571 0.32288 -0.03832
0.37727 0.32026 -0.039
0.37619 0.3234 -0.0406
0.37779 0.32083 -0.04127
0.37636 0.3237 -0.04297
0.37809 0.32123 -0.04361
0.37641 0.32395 -0.04534
0.37807 0.32146 -0.046
0.37614 0.32395 -0.04772
0.37798 0.32162 -0.0484
0.37548 0.32373 -0.05001
0.37741 0.3215 -0.05075
0.3747 0.3233 -0.05223
0.37649 0.32095 -0.05292
0.37394 0.32282 -0.05444
0.37299 0.32228 -0.05659
0.37236 0.32202 -0.0589
0.37202 0.32171 -0.06126
0.37135 0.32117 -0.0635
0.37074 0.32086 -0.0658
0.37011 0.32067 -0.06812
0.36909 0.32027 -0.07026
0.36795 0.31961 -0.07226
0.36738 0.31897 -0.07451
0.36687 0.31848 -0.07683
0.36567 0.31755 -0.07874
0.36492 0.31697 -0.08096
0.36424 0.31651 -0.08322
0.36351 0.31614 -0.08547
0.36272 0.31569 -0.08768
0.36174 0.31514 -0.0898
0.36074 0.31468 -0.09194
0.35998 0.31423 -0.09417
0.35944 0.31364 -0.09642
0.35888 0.31308 -0.09869
0.35816 0.31253 -0.10092
0.35728 0.31206 -0.10311
0.35618 0.31146 -0.10517
0.35496 0.3106 -0.10706
0.35404 0.30981 -0.10911
0.35322 0.30934 -0.11132
0.35271 0.30913 -0.11366
0.35216 0.3089 -0.11599
0.35204 0.30906 -0.11838
0.35208 0.30955 -0.12076
0.35153 0.30962 -0.12315
0.3506 0.30938 -0.12544
0.34941 0.30845 -0.12746
0.348 0.30685 -0.12872
0.34648 0.30526 -0.12973
0.34525 0.30397 -0.13135
0.34416 0.30287 -0.13319
0.34318 0.30186 -0.13519
0.34276 0.30123 -0.13759
0.34347 0.30189 -0.13998
0.34341 0.30217 -0.14246
0.34275 0.3018 -0.14483
0.34214 0.30146 -0.14718
0.34128 0.30071 -0.14939
0.34031 0.29952 -0.15137
0.3392 0.29793 -0.15291
0.33802 0.29625 -0.15419
0.33684 0.29504 -0.15587
0.33575 0.29381 -0.15763
0.33463 0.29261 -0.15936
0.3334 0.29144 -0.16105
0.33227 0.29038 -0.16288
0.33111 0.28937 -0.16473
0.37304 0.32406 -0.02809
0.37318 0.3241 -0.03047
0.3735 0.3244 -0.03282
0.37401 0.32501 -0.03508
0.37445 0.32555 -0.03736
0.37474 0.32597 -0.03969
0.37503 0.32633 -0.04204
0.37498 0.32651 -0.04443
0.37467 0.32647 -0.04682
0.37409 0.3263 -0.04913
0.37328 0.32583 -0.05133
0.37238 0.32523 -0.05345
0.37153 0.32477 -0.05564
0.37082 0.3244 -0.05789
0.37031 0.32393 -0.06018
0.36983 0.32352 -0.06248
0.36928 0.32324 -0.06479
0.36866 0.32305 -0.06708
0.36772 0.32268 -0.06923
0.36654 0.32195 -0.07117
0.3659 0.32122 -0.07336
0.36521 0.3206 -0.07556
0.36461 0.3201 -0.07782
0.36404 0.31962 -0.08009
0.36337 0.31915 -0.08233
0.36262 0.31876 -0.08456
0.36173 0.31827 -0.08671
0.36069 0.31766 -0.08877
0.35967 0.31718 -0.09088
0.35896 0.31674 -0.09311
0.35831 0.31606 -0.0953
0.3577 0.31545 -0.09752
0.35718 0.31502 -0.09982
0.35654 0.31468 -0.10212
0.35544 0.31407 -0.10419
0.35425 0.31319 -0.10606
0.35325 0.31231 -0.10801
0.35251 0.31187 -0.11024
0.35149 0.31131 -0.11234
0.35087 0.311 -0.11463
0.35045 0.31093 -0.11697
0.35021 0.31121 -0.11935
0.34966 0.31126 -0.1217
0.34874 0.31099 -0.12393
0.34776 0.31044 -0.1261
0.34675 0.30939 -0.12812
0.34543 0.30782 -0.12943
0.34404 0.30634 -0.13071
0.34289 0.30518 -0.13247
0.34202 0.30425 -0.13451
0.34123 0.30329 -0.13663
0.34151 0.30357 -0.13911
0.34128 0.30376 -0.14153
0.34061 0.30336 -0.14385
0.34004 0.30315 -0.14619
0.33935 0.30272 -0.14863
0.33827 0.30106 -0.15032
0.33726 0.29939 -0.15173
0.33638 0.29833 -0.15363
0.33554 0.29747 -0.15573
0.33437 0.29614 -0.15741
0.33324 0.2949 -0.15909
0.33228 0.29394 -0.16105
0.331 0.29272 -0.1627
0.32977 0.29161 -0.1644
0.37174 0.32667 -0.02948
0.37153 0.32662 -0.02711
0.37215 0.327 -0.03178
0.37276 0.32766 -0.03397
0.37353 0.32837 -0.03618
0.37338 0.32855 -0.03863
0.37331 0.32868 -0.04101
0.37321 0.3288 -0.04339
0.37311 0.32889 -0.04578
0.37257 0.32873 -0.04811
0.37204 0.32847 -0.05042
0.37119 0.32788 -0.05257
0.37028 0.32736 -0.0547
0.36945 0.32689 -0.05689
0.36889 0.32636 -0.05914
0.36843 0.32595 -0.06144
0.36776 0.32555 -0.06368
0.36697 0.32519 -0.06587
0.36619 0.32494 -0.06809
0.36532 0.32448 -0.07024
0.36456 0.32363 -0.07232
0.36385 0.32297 -0.0745
0.36337 0.32254 -0.07679
0.36299 0.32216 -0.07911
0.36244 0.32175 -0.08138
0.36174 0.32139 -0.08363
0.36097 0.32096 -0.08584
0.35999 0.32039 -0.08794
0.3587 0.31973 -0.08984
0.35784 0.31919 -0.092
0.35736 0.31858 -0.09425
0.35669 0.31792 -0.09643
0.35601 0.31737 -0.09863
0.35538 0.31705 -0.10091
0.35456 0.31661 -0.10312
0.35345 0.31576 -0.10506
0.35237 0.3148 -0.10693
0.35139 0.31416 -0.10898
0.35047 0.31363 -0.1111
0.34955 0.31306 -0.11322
0.34896 0.31282 -0.11551
0.34835 0.31267 -0.1178
0.34768 0.31246 -0.12007
0.34684 0.31235 -0.12231
0.34588 0.31181 -0.12444
0.34499 0.31107 -0.12655
0.34402 0.31012 -0.12855
0.34284 0.30877 -0.13013
0.34173 0.30758 -0.13185
0.34073 0.30652 -0.13373
0.33994 0.30556 -0.13576
0.33949 0.30509 -0.13806
0.33903 0.30497 -0.14042
0.33831 0.3043 -0.14259
0.3377 0.3039 -0.14484
0.33702 0.30349 -0.14715
0.33619 0.30244 -0.14923
0.33528 0.30105 -0.15092
0.33455 0.3003 -0.15303
0.33359 0.29938 -0.15505
0.3326 0.29823 -0.15692
0.33159 0.29707 -0.15873
0.33047 0.29591 -0.16045
0.32951 0.29496 -0.16239
0.32844 0.29395 -0.16427
0.36982 0.3291 -0.02916
0.3703 0.32948 -0.03144
0.37076 0.33005 -0.03369
0.3713 0.33064 -0.03593
0.37156 0.33106 -0.03828
0.37133 0.33102 -0.04066
0.37119 0.33109 -0.04302
0.37094 0.33103 -0.04538
0.37048 0.33091 -0.04771
0.37005 0.33074 -0.05003
0.36959 0.33044 -0.05234
0.36906 0.33013 -0.05463
0.36824 0.32965 -0.0568
0.36733 0.3289 -0.05888
0.36701 0.32856 -0.06122
0.36646 0.32823 -0.06349
0.36549 0.32776 -0.06559
0.36438 0.32723 -0.0676
0.36347 0.32672 -0.06974
0.36303 0.32612 -0.07199
0.36245 0.32553 -0.07421
0.36186 0.32501 -0.07644
0.36141 0.32458 -0.07872
0.36083 0.32415 -0.08097
0.36013 0.32379 -0.0832
0.3594 0.32339 -0.08542
0.35854 0.3229 -0.08757
0.35773 0.3225 -0.08975
0.35695 0.32197 -0.09192
0.35611 0.32117 -0.09399
0.35512 0.32029 -0.09596
0.35443 0.31973 -0.09816
0.35377 0.3194 -0.10041
0.353 0.31901 -0.10265
0.35181 0.31806 -0.10451
0.35067 0.31699 -0.10628
0.34971 0.31635 -0.10834
0.3488 0.31581 -0.11045
0.34794 0.31529 -0.11259
0.34708 0.31476 -0.11473
0.34639 0.31453 -0.11699
0.34549 0.31392 -0.1191
0.34443 0.31315 -0.12108
0.34349 0.31255 -0.12316
0.3427 0.31216 -0.12537
0.34177 0.31137 -0.12742
0.34091 0.31067 -0.12952
0.34001 0.30973 -0.13151
0.33906 0.30869 -0.13341
0.33816 0.30759 -0.1353
0.33746 0.30683 -0.13744
0.33663 0.3058 -0.13939
0.3359 0.30481 -0.14139
0.33538 0.30469 -0.14369
0.3348 0.30457 -0.14605
0.33403 0.3037 -0.14822
0.33321 0.30266 -0.15018
0.33243 0.30192 -0.1523
0.3314 0.30075 -0.15415
0.33042 0.29958 -0.15597
0.32953 0.29871 -0.15798
0.32856 0.29773 -0.15989
0.32759 0.29679 -0.16182
0.32667 0.29597 -0.16386
0.32554 0.29502 -0.16574
0.36714 0.33096 -0.02744
0.36778 0.33139 -0.02967
0.36844 0.33193 -0.03187
0.36904 0.33261 -0.03406
0.3694 0.33305 -0.03637
0.3695 0.33333 -0.03875
0.36915 0.33315 -0.04111
0.36879 0.33295 -0.04343
0.3685 0.33283 -0.04577
0.36813 0.33281 -0.04811
0.36793 0.33286 -0.05046
0.36779 0.33281 -0.05283
0.36724 0.33248 -0.05512
0.36641 0.33198 -0.05727
0.36575 0.33137 -0.05946
0.36544 0.33103 -0.06179
0.3647 0.33056 -0.06399
0.36366 0.33004 -0.06603
0.36237 0.3294 -0.06793
0.36145 0.32889 -0.07007
0.36121 0.32839 -0.0724
0.36084 0.32794 -0.07469
0.36017 0.32735 -0.07688
0.3596 0.32684 -0.07911
0.35903 0.32641 -0.08136
0.35835 0.32607 -0.0836
0.35771 0.32573 -0.08585
0.3571 0.32539 -0.0881
0.35667 0.3252 -0.09046
0.35576 0.3246 -0.09261
0.35461 0.32362 -0.09447
0.35347 0.32264 -0.09629
0.35255 0.32192 -0.09833
0.35176 0.32149 -0.10053
0.35066 0.32073 -0.10249
0.34952 0.31978 -0.10433
0.3484 0.31869 -0.1061
0.34737 0.31794 -0.1081
0.34662 0.31768 -0.11033
0.34575 0.3171 -0.11245
0.34484 0.3165 -0.11455
0.34396 0.31594 -0.11667
0.343 0.31518 -0.1187
0.34197 0.31442 -0.12068
0.3409 0.31348 -0.12258
0.3401 0.31295 -0.12476
0.3394 0.31273 -0.12703
0.3385 0.312 -0.12912
0.3375 0.31076 -0.13089
0.33663 0.30989 -0.13291
0.3359 0.30919 -0.13507
0.33507 0.30817 -0.13706
0.33421 0.30688 -0.13885
0.33348 0.30588 -0.14083
0.33287 0.30544 -0.14304
0.33227 0.30529 -0.14534
0.33159 0.30473 -0.14761
0.33076 0.30372 -0.14963
0.32997 0.30291 -0.15168
0.32914 0.30212 -0.15379
0.32814 0.30091 -0.1556
0.32724 0.3 -0.15756
0.32638 0.29922 -0.15961
0.32542 0.29831 -0.16158
0.32449 0.29745 -0.16356
0.32349 0.29665 -0.16555
0.36547 0.3335 -0.02809
0.36618 0.33397 -0.03029
0.36677 0.33446 -0.03252
0.36733 0.3351 -0.03473
0.36772 0.33555 -0.03708
0.36721 0.33531 -0.03943
0.36687 0.33512 -0.04176
0.36658 0.33497 -0.0441
0.36641 0.33494 -0.04646
0.36621 0.33508 -0.04881
0.36617 0.33522 -0.05117
0.36587 0.33506 -0.0535
0.36524 0.33467 -0.05572
0.36441 0.33416 -0.05787
0.3639 0.33363 -0.06013
0.3635 0.3332 -0.06242
0.36263 0.33262 -0.06452
0.36145 0.33202 -0.06651
0.36063 0.33171 -0.06872
0.35996 0.33133 -0.07096
0.35968 0.33075 -0.07325
0.35893 0.33005 -0.07537
0.35823 0.32943 -0.07754
0.35755 0.32883 -0.07972
0.35706 0.32847 -0.082
0.35649 0.32822 -0.08428
0.35588 0.32791 -0.08654
0.35513 0.32747 -0.08874
0.3544 0.32709 -0.09096
0.35348 0.32646 -0.09308
0.3524 0.32547 -0.09495
0.35135 0.32453 -0.09684
0.35044 0.32382 -0.09889
0.34937 0.32309 -0.10087
0.34849 0.3226 -0.10302
0.34741 0.32172 -0.10503
0.346 0.32021 -0.10632
0.34475 0.31899 -0.10792
0.34385 0.31835 -0.11001
0.3431 0.31811 -0.11225
0.34227 0.31767 -0.11442
0.34141 0.31717 -0.11657
0.3405 0.31649 -0.11864
0.33953 0.31583 -0.12071
0.33844 0.31481 -0.12256
0.3376 0.31415 -0.12467
0.33677 0.31361 -0.12682
0.33586 0.31285 -0.12889
0.33493 0.31174 -0.13077
0.33403 0.31076 -0.1327
0.33322 0.30975 -0.13467
0.33245 0.30893 -0.13674
0.33175 0.30811 -0.13887
0.33099 0.30698 -0.14079
0.33027 0.30613 -0.14283
0.32961 0.30565 -0.14502
0.32899 0.30539 -0.14731
0.32823 0.30465 -0.14948
0.3275 0.30403 -0.15161
0.32672 0.30345 -0.15384
0.32579 0.30224 -0.15572
0.32493 0.30132 -0.15768
0.32409 0.30053 -0.15973
0.3232 0.29967 -0.16175
0.32226 0.29879 -0.16371
0.3214 0.29818 -0.16583
0.36411 0.33626 -0.0286
0.36459 0.33657 -0.03091
0.36527 0.3371 -0.03312
0.36575 0.33767 -0.03536
0.36567 0.33778 -0.03773
0.36533 0.33766 -0.04006
0.36489 0.33739 -0.04237
0.36468 0.33728 -0.04472
0.36463 0.33733 -0.04709
0.36503 0.33785 -0.0494
0.36495 0.33795 -0.05181
0.36448 0.33769 -0.05415
0.36397 0.33734 -0.05643
0.36327 0.33687 -0.05866
0.36232 0.33608 -0.06069
0.36151 0.33537 -0.06279
0.36065 0.3348 -0.06493
0.35997 0.33451 -0.0672
0.35964 0.33439 -0.06954
0.35939 0.33418 -0.07196
0.35826 0.33326 -0.07392
0.35689 0.33212 -0.07553
0.35607 0.33138 -0.07764
0.35547 0.33082 -0.07986
0.35485 0.33034 -0.08209
0.35423 0.33004 -0.08435
0.35357 0.32968 -0.08659
0.35265 0.32899 -0.08865
0.3517 0.32824 -0.09069
0.35089 0.32781 -0.09288
0.34985 0.32683 -0.09477
0.34899 0.3262 -0.09689
0.34806 0.3255 -0.09896
0.34687 0.32452 -0.10077
0.34584 0.32382 -0.10277
0.34478 0.32303 -0.10479
0.34352 0.32158 -0.10624
0.34227 0.32031 -0.1078
0.34127 0.31942 -0.10975
0.34051 0.31916 -0.11198
0.33964 0.31867 -0.11415
0.33869 0.31783 -0.11615
0.33783 0.31728 -0.11828
0.33695 0.31686 -0.12044
0.33599 0.31611 -0.12247
0.33506 0.31522 -0.12445
0.33412 0.31418 -0.12635
0.3332 0.3132 -0.12829
0.3323 0.31223 -0.13025
0.33141 0.31125 -0.13221
0.3306 0.31032 -0.13421
0.32986 0.30977 -0.13638
0.32916 0.30907 -0.13857
0.32845 0.3079 -0.14051
0.3278 0.30713 -0.14261
0.32709 0.30645 -0.14475
0.32641 0.30601 -0.14696
0.32572 0.30563 -0.14924
0.32485 0.3046 -0.15124
0.32405 0.30395 -0.15334
0.32333 0.30331 -0.15548
0.32261 0.30264 -0.15762
0.32191 0.30203 -0.15977
0.32124 0.30143 -0.16199
0.32032 0.30056 -0.16404
0.36305 0.33927 -0.03093
0.36345 0.33933 -0.02855
0.36358 0.33969 -0.03323
0.36414 0.34034 -0.03546
0.36411 0.34046 -0.03785
0.36359 0.34021 -0.04016
0.36319 0.33995 -0.04248
0.36293 0.33978 -0.04482
0.36287 0.33981 -0.04719
0.36301 0.34015 -0.04953
0.36301 0.34034 -0.05192
0.36251 0.34002 -0.05424
0.36192 0.3396 -0.05649
0.36122 0.3391 -0.05869
0.36048 0.33841 -0.06083
0.35958 0.33761 -0.06288
0.35896 0.33721 -0.06514
0.3584 0.33698 -0.06743
0.35807 0.33691 -0.06979
0.35747 0.3366 -0.07214
0.35623 0.33544 -0.07389
0.35494 0.3343 -0.07554
0.35411 0.33354 -0.07763
0.35343 0.33291 -0.0798
0.35261 0.33219 -0.0819
0.35188 0.33174 -0.08411
0.35121 0.33139 -0.08635
0.35026 0.33064 -0.08837
0.34926 0.32979 -0.09034
0.34828 0.32898 -0.09232
0.34731 0.32812 -0.0943
0.34637 0.32731 -0.09631
0.34544 0.32665 -0.09839
0.34424 0.32552 -0.10011
0.34314 0.32448 -0.10192
0.34207 0.32366 -0.10386
0.34103 0.32293 -0.10588
0.33989 0.32185 -0.10765
0.33884 0.32084 -0.10948
0.33788 0.32004 -0.11147
0.33699 0.31938 -0.11355
0.33608 0.31874 -0.11563
0.33526 0.31831 -0.11779
0.33446 0.31809 -0.12001
0.33354 0.3174 -0.1221
0.33257 0.31636 -0.124
0.33163 0.31527 -0.12588
0.33069 0.31413 -0.12771
0.32984 0.31325 -0.12973
0.32893 0.3122 -0.13166
0.32806 0.31097 -0.13347
0.32729 0.31017 -0.13555
0.32656 0.30931 -0.13761
0.326 0.30888 -0.13987
0.32541 0.3083 -0.14209
0.32474 0.30768 -0.14429
0.32392 0.30679 -0.14633
0.32318 0.3062 -0.14848
0.32246 0.3056 -0.15069
0.32159 0.30468 -0.15266
0.32093 0.30426 -0.15487
0.32027 0.30383 -0.15711
0.31959 0.30335 -0.15929
0.31901 0.30304 -0.1616
0.3182 0.30224 -0.16376
0.31723 0.3014 -0.16576
0.31944 0.29994 -0.16615
0.36194 0.34219 -0.03063
0.36169 0.34212 -0.03297
0.36178 0.34237 -0.03531
0.36208 0.34282 -0.03763
0.36183 0.34272 -0.04
0.36156 0.34254 -0.04233
0.36128 0.34233 -0.04466
0.36111 0.34227 -0.047
0.3609 0.34232 -0.04935
0.3607 0.34231 -0.05169
0.36033 0.34212 -0.05403
0.35954 0.34141 -0.05615
0.35875 0.34074 -0.05826
0.3581 0.34017 -0.06046
0.35759 0.33978 -0.06273
0.35713 0.33952 -0.06502
0.35642 0.33913 -0.06723
0.35572 0.33869 -0.06943
0.35484 0.33798 -0.07149
0.35386 0.33714 -0.07346
0.35297 0.33643 -0.07552
0.35211 0.33564 -0.07757
0.35137 0.33493 -0.07969
0.35048 0.33414 -0.08172
0.34958 0.33348 -0.0838
0.34885 0.33302 -0.08599
0.34799 0.33243 -0.08811
0.34703 0.33165 -0.09012
0.346 0.33075 -0.09204
0.34494 0.3297 -0.09387
0.34397 0.32879 -0.09581
0.34291 0.32774 -0.09763
0.34179 0.32684 -0.09949
0.34068 0.3258 -0.10129
0.33968 0.32513 -0.10333
0.33859 0.32417 -0.10519
0.33748 0.32314 -0.107
0.33644 0.32212 -0.10884
0.33546 0.32122 -0.11078
0.33458 0.32057 -0.11285
0.33366 0.31991 -0.11491
0.33281 0.31939 -0.11703
0.33197 0.31909 -0.11921
0.33109 0.31856 -0.12138
0.33012 0.31734 -0.12321
0.32918 0.31615 -0.12502
0.32836 0.31538 -0.12709
0.32755 0.3146 -0.12917
0.32665 0.31352 -0.13109
0.32573 0.31215 -0.13278
0.32487 0.31094 -0.13462
0.32415 0.31009 -0.1367
0.3236 0.30969 -0.13895
0.32304 0.3092 -0.14119
0.32246 0.30878 -0.14344
0.32175 0.30812 -0.14562
0.3209 0.30724 -0.14763
0.32031 0.30688 -0.14987
0.31964 0.30637 -0.15208
0.31888 0.30573 -0.15422
0.3182 0.30526 -0.15644
0.31732 0.30437 -0.15846
0.31663 0.30379 -0.16061
0.31602 0.30347 -0.16288
0.31523 0.30292 -0.16506
0.36229 0.34231 -0.02827
0.35981 0.34432 -0.02847
0.35968 0.34433 -0.03085
0.35956 0.34434 -0.03319
0.35954 0.34448 -0.03552
0.35957 0.34464 -0.03785
0.35961 0.34485 -0.04018
0.3596 0.34489 -0.04253
0.35936 0.34469 -0.04485
0.35911 0.34455 -0.04717
0.35882 0.34451 -0.04949
0.35848 0.34435 -0.05181
0.35783 0.34381 -0.054
0.35719 0.34327 -0.05617
0.35638 0.34258 -0.05827
0.35584 0.34211 -0.06051
0.35538 0.34174 -0.06277
0.35473 0.34122 -0.06495
0.35398 0.34077 -0.06712
0.35322 0.34023 -0.06926
0.35237 0.33955 -0.07133
0.35162 0.33901 -0.07348
0.35084 0.3384 -0.0756
0.34996 0.33757 -0.0776
0.34912 0.33677 -0.07963
0.34831 0.33606 -0.08171
0.34737 0.33535 -0.08373
0.3465 0.33472 -0.08581
0.34547 0.33383 -0.08772
0.34446 0.33293 -0.08962
0.34351 0.33216 -0.09162
0.34252 0.33121 -0.09351
0.34147 0.33008 -0.09527
0.34052 0.32928 -0.09726
0.33954 0.32863 -0.09932
0.33835 0.32743 -0.10097
0.33724 0.32644 -0.10275
0.33618 0.32554 -0.10462
0.33509 0.32451 -0.10642
0.33409 0.32353 -0.10829
0.33313 0.32266 -0.11022
0.3322 0.32188 -0.11222
0.33126 0.32118 -0.11424
0.33033 0.32042 -0.11625
0.32941 0.3197 -0.11827
0.32854 0.31902 -0.12033
0.32765 0.31818 -0.12233
0.32676 0.31713 -0.12423
0.32594 0.31633 -0.12627
0.32518 0.31571 -0.12841
0.3244 0.3149 -0.13048
0.32359 0.3138 -0.13241
0.32273 0.31256 -0.1342
0.32189 0.31141 -0.13604
0.32125 0.3107 -0.13815
0.3208 0.31041 -0.14043
0.32009 0.30968 -0.14256
0.31951 0.30935 -0.14482
0.31877 0.3087 -0.14696
0.31803 0.30803 -0.14904
0.31756 0.3079 -0.15135
0.31686 0.30732 -0.15356
0.31612 0.30667 -0.1557
0.31533 0.30589 -0.15776
0.31462 0.30523 -0.15986
0.31393 0.30474 -0.16203
0.31325 0.30439 -0.16425
POLYGONS 9538 38152
3 0 1 2
3 1 3 2
3 1 4 3
3 4 5 3
3 4 6 5
3 6 7 5
3 6 8 7
3 8 9 7
3 8 10 9
3 10 11 9
3 10 12 11
3 12 13 11
3 12 14 13
3 14 15 13
3 14 16 15
3 16 17 15
3 16 18 17
3 18 19 17
3 18 20 19
3 20 21 19
3 20 22 21
3 22 23 21
3 22 24 23
3 24 25 23
3 24 26 25
3 26 27 25
3 26 28 27
3 28 29 27
3 28 30 29
3 30 31 29
3 30 32 31
3 32 33 31
3 32 34 33
3 34 35 33
3 34 36 35
3 36 37 35
3 36 38 37
3 38 39 37
3 38 40 39
3 40 41 39
3 40 42 41
3 42 43 41
3 42 44 43
3 44 45 43
3 44 46 45
3 46 47 45
3 46 48 47
3 48 49 47
3 48 50 49
3 50 51 49
3 50 52 51
3 52 53 51
3 52 54 53
3 54 55 53
3 54 56 55
3 56 57 55
3 56 58 57
3 58 59 57
3 58 60 59
3 60 61 59
3 60 62 61
3 62 63 61
3 62 64 63
3 64 65 63
3 64 66 65
3 66 67 65
3 66 68 67
3 68 69 67
3 68 70 69
3 70 71 69
3 70 72 71
3 72 73 71
3 72 74 73
3 74 75 73
3 74 76 75
3 76 77 75
3 76 78 77
3 78 79 77
3 78 80 79
3 80 81 79
3 80 82 81
3 82 83 81
3 82 84 83
3 84 85 83
3 84 86 85
3 86 87 85
3 86 88 87
3 88 89 87
3 88 90 89
3 90 91 89
3 90 92 91
3 92 93 91
3 92 94 93
3 94 95 93
3 94 96 95
3 96 97 95
3 96 98 97
3 98 99 97
3 98 100 99
3 100 101 99
3 100 102 101
3 102 103 101
3 102 104 103
3 104 105 103
3 104 106 105
3 106 107 105
3 106 108 107
3 108 109 107
3 108 110 109
3 110 111 109
3 110 112 111
3 112 113 111
3 112 114 113
3 114 115 113
3 114 116 115
3 116 117 115
3 116 118 117
3 118 119 117
3 118 120 119
3 120 121 119
3 120 122 121
3 122 123 121
3 122 124 123
3 124 125 123
3 124 126 125
3 126 127 125
3 126 128 127
3 128 129 127
3 128 130 129
3 130 131 129
3 130 132 131
3 133 2 134
3 2 135 134
3 2 3 135
3 3 136 135
3 3 5 136
3 5 137 136
3 5 7 137
3 7 138 137
3 7 9 138
3 9 139 138
3 9 11 139
3 11 140 139
3 11 13 140
3 13 141 140
3 13 15 141
3 15 142 141
3 15 17 142
3 17 143 142
3 17 19 143
3 19 144 143
3 19 21 144
3 21 145 144
3 21 23 145
3 23 146 145
3 23 25 146
3 25 147 146
3 25 27 147
3 27 148 147
3 27 29 148
3 29 149 148
3 29 31 149
3 31 150 149
3 31 33 150
3 33 151 150
3 33 35 151
3 35 152 151
3 35 37 152
3 37 153 152
3 37 39 153
3 39 154 153
3 39 41 154
3 41 155 154
3 41 43 155
3 43 156 155
3 43 45 156
3 45 157 156
3 45 47 157
3 47 158 157
3 47 49 158
3 49 159 158
3 49 51 159
3 51 160 159
3 51 53 160
3 53 161 160
3 53 55 161
3 55 162 161
3 55 57 162
3 57 163 162
3 57 59 163
3 59 164 163
3 59 61 164
3 61 165 164
3 61 63 165
3 63 166 165
3 63 65 166
3 65 167 166
3 65 67 167
3 67 168 167
3 67 69 168
3 69 169 168
3 69 71 169
3 71 170 169
3 71 73 170
3 73 171 170
3 73 75 171
3 75 172 171
3 75 77 172
3 77 79 172
3 172 79 173
3 79 174 173
3 79 81 174
3 81 175 174
3 81 83 175
3 83 176 175
3 83 85 176
3 85 177 176
3 85 87 177
3 87 178 177
3 87 89 178
3 89 179 178
3 89 91 179
3 91 180 179
3 91 93 180
3 93 181 180
3 93 95 181
3 95 182 181
3 95 97 182
3 97 183 182
3 97 99 183
3 99 184 183
3 99 101 184
3 101 103 184
3 184 103 185
3 103 186 185
3 103 105 186
3 105 187 186
3 105 107 187
3 107 188 187
3 107 109 188
3 109 111 188
3 188 111 189
3 111 113 189
3 189 113 190
3 113 115 190
3 190 115 191
3 115 117 191
3 191 117 192
3 117 119 192
3 192 119 193
3 119 121 193
3 193 121 194
3 121 195 194
3 121 123 195
3 123 125 195
3 195 125 196
3 125 127 196
3 196 127 197
3 127 129 197
3 197 129 198
3 129 131 198
3 198 131 199
3 134 135 200
3 200 135 201
3 135 136 201
3 201 136 202
3 136 137 202
3 202 137 203
3 137 204 203
3 137 138 204
3 138 205 204
3 138 139 205
3 139 140 205
3 205 140 206
3 140 141 206
3 206 141 207
3 141 142 207
3 207 142 208
3 142 143 208
3 208 143 209
3 143 210 209
3 143 144 210
3 144 211 210
3 144 145 211
3 145 212 211
3 145 146 212
3 146 213 212
3 146 147 213
3 147 214 213
3 147 148 214
3 148 215 214
3 148 149 215
3 149 216 215
3 149 150 216
3 150 217 216
3 150 151 217
3 151 218 217
3 151 152 218
3 152 219 218
3 152 153 219
3 153 220 219
3 153 154 220
3 154 221 220
3 154 155 221
3 155 222 221
3 155 156 222
3 156 223 222
3 156 157 223
3 157 224 223
3 157 158 224
3 158 225 224
3 158 159 225
3 159 226 225
3 159 160 226
3 160 227 226
3 160 161 227
3 161 228 227
3 161 162 228
3 162 229 228
3 162 163 229
3 163 230 229
3 163 164 230
3 164 231 230
3 164 165 231
3 165 232 231
3 165 166 232
3 166 233 232
3 166 167 233
3 167 234 233
3 167 168 234
3 168 235 234
3 168 169 235
3 169 236 235
3 169 170 236
3 170 237 236
3 170 171 237
3 171 238 237
3 171 172 238
3 172 239 238
3 172 173 239
3 173 240 239
3 173 174 240
3 174 241 240
3 174 175 241
3 175 242 241
3 175 176 242
3 176 243 242
3 176 177 243
3 177 244 243
3 177 178 244
3 178 245 244
3 178 179 245
3 179 246 245
3 179 180 246
3 180 247 246
3 180 181 247
3 181 248 247
3 181 182 248
3 182 249 248
3 182 183 249
3 183 250 249
3 183 184 250
3 184 185 250
3 250 185 251
3 185 252 251
3 185 186 252
3 186 253 252
3 186 187 253
3 187 254 253
3 187 188 254
3 188 255 254
3 188 189 255
3 189 256 255
3 189 190 256
3 190 257 256
3 190 191 257
3 191 258 257
3 191 192 258
3 192 259 258
3 192 193 259
3 193 260 259
3 193 194 260
3 194 261 260
3 194 195 261
3 195 262 261
3 195 196 262
3 196 263 262
3 196 197 263
3 197 264 263
3 197 198 264
3 198 265 264
3 198 199 265
3 200 266 267
3 200 201 266
3 201 268 266
3 201 202 268
3 202 269 268
3 202 203 269
3 203 270 269
3 203 204 270
3 204 271 270
3 204 205 271
3 205 272 271
3 205 206 272
3 206 273 272
3 206 207 273
3 207 274 273
3 207 208 274
3 208 275 274
3 208 209 275
3 209 276 275
3 209 210 276
3 210 277 276
3 210 211 277
3 211 278 277
3 211 212 278
3 212 279 278
3 212 213 279
3 213 280 279
3 213 214 280
3 214 281 280
3 214 215 281
3 215 282 281
3 215 216 282
3 216 283 282
3 216 217 283
3 217 284 283
3 217 218 284
3 218 285 284
3 218 219 285
3 219 286 285
3 219 220 286
3 220 287 286
3 220 221 287
3 221 288 287
3 221 222 288
3 222 289 288
3 222 223 289
3 223 290 289
3 223 224 290
3 224 291 290
3 224 225 291
3 225 292 291
3 225 226 292
3 226 293 292
3 226 227 293
3 227 294 293
3 227 228 294
3 228 295 294
3 228 229 295
3 229 296 295
3 229 230 296
3 230 297 296
3 230 231 297
3 231 298 297
3 231 232 298
3 232 299 298
3 232 233 299
3 233 300 299
3 233 234 300
3 234 301 300
3 234 235 301
3 235 302 301
3 235 236 302
3 236 303 302
3 236 237 303
3 237 304 303
3 237 238 304
3 238 305 304
3 238 239 305
3 239 306 305
3 239 240 306
3 240 307 306
3 240 241 307
3 241 308 307
3 241 242 308
3 242 309 308
3 242 243 309
3 243 310 309
3 243 244 310
3 244 311 310
3 244 245 311
3 245 312 311
3 245 246 312
3 246 313 312
3 246 247 313
3 247 314 313
3 247 248 314
3 248 315 314
3 248 249 315
3 249 316 315
3 249 250 316
3 250 251 316
3 316 251 317
3 251 252 317
3 317 252 318
3 252 319 318
3 252 253 319
3 253 320 319
3 253 254 320
3 254 321 320
3 254 255 321
3 255 322 321
3 255 256 322
3 256 257 322
3 322 257 323
3 257 258 323
3 323 258 324
3 258 325 324
3 258 259 325
3 259 326 325
3 259 260 326
3 260 261 326
3 326 261 327
3 261 262 327
3 327 262 328
3 262 263 328
3 328 263 329
3 263 264 329
3 329 264 330
3 264 265 330
3 330 265 331
3 265 332 331
3 331 332 333
3 267 334 335
3 267 266 334
3 266 336 334
3 266 268 336
3 268 337 336
3 268 269 337
3 269 338 337
3 269 270 338
3 270 339 338
3 270 271 339
3 271 340 339
3 271 272 340
3 272 341 340
3 272 273 341
3 273 342 341
3 273 274 342
3 274 343 342
3 274 275 343
3 275 344 343
3 275 276 344
3 276 345 344
3 276 277 345
3 277 346 345
3 277 278 346
3 278 347 346
3 278 279 347
3 279 348 347
3 279 280 348
3 280 349 348
3 280 281 349
3 281 350 349
3 281 282 350
3 282 351 350
3 282 283 351
3 283 352 351
3 283 284 352
3 284 353 352
3 284 285 353
3 285 354 353
3 285 286 354
3 286 355 354
3 286 287 355
3 287 356 355
3 287 288 356
3 288 357 356
3 288 289 357
3 289 358 357
3 289 290 358
3 290 359 358
3 290 291 359
3 291 360 359
3 291 292 360
3 292 361 360
3 292 293 361
3 293 362 361
3 293 294 362
3 294 363 362
3 294 295 363
3 295 364 363
3 295 296 364
3 296 365 364
3 296 297 365
3 297 366 365
3 297 298 366
3 298 367 366
3 298 299 367
3 299 368 367
3 299 300 368
3 300 369 368
3 300 301 369
3 301 370 369
3 301 302 370
3 302 371 370
3 302 303 371
3 303 372 371
3 303 304 372
3 304 373 372
3 304 305 373
3 305 374 373
3 305 306 374
3 306 375 374
3 306 307 375
3 307 376 375
3 307 308 376
3 308 377 376
3 308 309 377
3 309 378 377
3 309 310 378
3 310 379 378
3 310 311 379
3 311 380 379
3 311 312 380
3 312 381 380
3 312 313 381
3 313 382 381
3 313 314 382
3 314 383 382
3 314 315 383
3 315 384 383
3 315 316 384
3 316 385 384
3 316 317 385
3 317 318 385
3 385 318 386
3 318 387 386
3 318 319 387
3 319 388 387
3 319 320 388
3 320 389 388
3 320 321 389
3 321 322 389
3 389 322 390
3 322 323 390
3 390 323 391
3 323 324 391
3 391 324 392
3 324 325 392
3 392 325 393
3 325 394 393
3 325 326 394
3 326 327 394
3 394 327 395
3 327 328 395
3 395 328 396
3 328 329 396
3 396 329 397
3 329 330 397
3 397 330 398
3 330 331 398
3 398 331 399
3 331 333 399
3 399 333 400
3 335 334 401
3 401 334 402
3 334 336 402
3 402 336 403
3 336 404 403
3 336 337 404
3 337 405 404
3 337 338 405
3 338 406 405
3 338 339 406
3 339 407 406
3 339 340 407
3 340 341 407
3 407 341 408
3 341 342 408
3 408 342 409
3 342 410 409
3 342 343 410
3 343 411 410
3 343 344 411
3 344 412 411
3 344 345 412
3 345 413 412
3 345 346 413
3 346 414 413
3 346 347 414
3 347 415 414
3 347 348 415
3 348 416 415
3 348 349 416
3 349 350 416
3 416 350 417
3 350 351 417
3 417 351 418
3 351 419 418
3 351 352 419
3 352 420 419
3 352 353 420
3 353 421 420
3 353 354 421
3 354 422 421
3 354 355 422
3 355 423 422
3 355 356 423
3 356 357 423
3 423 357 424
3 357 358 424
3 424 358 425
3 358 359 425
3 425 359 426
3 359 360 426
3 426 360 427
3 360 361 427
3 427 361 428
3 361 362 428
3 428 362 429
3 362 430 429
3 362 363 430
3 363 431 430
3 363 364 431
3 364 432 431
3 364 365 432
3 365 366 432
3 432 366 433
3 366 367 433
3 433 367 434
3 367 368 434
3 434 368 435
3 368 436 435
3 368 369 436
3 369 370 436
3 436 370 437
3 370 438 437
3 370 371 438
3 371 439 438
3 371 372 439
3 372 440 439
3 372 373 440
3 373 441 440
3 373 374 441
3 374 375 441
3 441 375 442
3 375 443 442
3 375 376 443
3 376 444 443
3 376 377 444
3 377 445 444
3 377 378 445
3 378 446 445
3 378 379 446
3 379 447 446
3 379 380 447
3 380 448 447
3 380 381 448
3 381 449 448
3 381 382 449
3 382 450 449
3 382 383 450
3 383 451 450
3 383 384 451
3 384 452 451
3 384 385 452
3 385 386 452
3 452 386 453
3 386 387 453
3 453 387 454
3 387 388 454
3 454 388 455
3 388 389 455
3 455 389 456
3 389 390 456
3 456 390 457
3 390 391 457
3 457 391 458
3 391 392 458
3 458 392 459
3 392 393 459
3 459 393 460
3 393 461 460
3 393 394 461
3 394 395 461
3 461 395 462
3 395 396 462
3 462 396 463
3 396 397 463
3 463 397 464
3 397 398 464
3 464 398 465
3 398 399 465
3 465 399 466
3 399 400 466
3 466 400 467
3 401 402 468
3 468 402 469
3 402 403 469
3 469 403 470
3 403 471 470
3 403 404 471
3 404 472 471
3 404 405 472
3 405 473 472
3 405 406 473
3 406 474 473
3 406 407 474
3 407 475 474
3 407 408 475
3 408 476 475
3 408 409 476
3 409 477 476
3 409 410 477
3 410 478 477
3 410 411 478
3 411 479 478
3 411 412 479
3 412 480 479
3 412 413 480
3 413 481 480
3 413 414 481
3 414 482 481
3 414 415 482
3 415 483 482
3 415 416 483
3 416 484 483
3 416 417 484
3 417 485 484
3 417 418 485
3 418 486 485
3 418 419 486
3 419 487 486
3 419 420 487
3 420 488 487
3 420 421 488
3 421 489 488
3 421 422 489
3 422 490 489
3 422 423 490
3 423 491 490
3 423 424 491
3 424 492 491
3 424 425 492
3 425 493 492
3 425 426 493
3 426 494 493
3 426 427 494
3 427 495 494
3 427 428 495
3 428 496 495
3 428 429 496
3 429 497 496
3 429 430 497
3 430 498 497
3 430 431 498
3 431 499 498
3 431 432 499
3 432 500 499
3 432 433 500
3 433 434 500
3 500 434 501
3 434 502 501
3 434 435 502
3 435 503 502
3 435 436 503
3 436 504 503
3 436 437 504
3 437 505 504
3 437 438 505
3 438 506 505
3 438 439 506
3 439 507 506
3 439 440 507
3 440 508 507
3 440 441 508
3 441 509 508
3 441 442 509
3 442 510 509
3 442 443 510
3 443 511 510
3 443 444 511
3 444 512 511
3 444 445 512
3 445 446 512
3 512 446 513
3 446 447 513
3 513 447 514
3 447 515 514
3 447 448 515
3 448 516 515
3 448 449 516
3 449 450 516
3 516 450 517
3 450 451 517
3 517 451 518
3 451 519 518
3 451 452 519
3 452 520 519
3 452 453 520
3 453 454 520
3 520 454 521
3 454 455 521
3 521 455 522
3 455 456 522
3 522 456 523
3 456 457 523
3 523 457 524
3 457 458 524
3 524 458 525
3 458 459 525
3 525 459 526
3 459 460 526
3 526 460 527
3 460 461 527
3 527 461 528
3 461 462 528
3 528 462 529
3 462 463 529
3 529 463 530
3 463 464 530
3 530 464 531
3 464 465 531
3 531 465 532
3 465 466 532
3 532 466 533
3 466 467 533
3 533 467 534
3 468 535 536
3 468 469 535
3 469 470 535
3 535 470 537
3 470 471 537
3 537 471 538
3 471 472 538
3 538 472 539
3 472 540 539
3 472 473 540
3 473 541 540
3 473 474 541
3 474 542 541
3 474 475 542
3 475 476 542
3 542 476 543
3 476 477 543
3 543 477 544
3 477 478 544
3 544 478 545
3 478 546 545
3 478 479 546
3 479 547 546
3 479 480 547
3 480 548 547
3 480 481 548
3 481 549 548
3 481 482 549
3 482 550 549
3 482 483 550
3 483 551 550
3 483 484 551
3 484 552 551
3 484 485 552
3 485 553 552
3 485 486 553
3 486 554 553
3 486 487 554
3 487 555 554
3 487 488 555
3 488 556 555
3 488 489 556
3 489 557 556
3 489 490 557
3 490 558 557
3 490 491 558
3 491 559 558
3 491 492 559
3 492 560 559
3 492 493 560
3 493 561 560
3 493 494 561
3 494 562 561
3 494 495 562
3 495 496 562
3 562 496 563
3 496 564 563
3 496 497 564
3 497 565 564
3 497 498 565
3 498 566 565
3 498 499 566
3 499 567 566
3 499 500 567
3 500 568 567
3 500 501 568
3 501 569 568
3 501 502 569
3 502 570 569
3 502 503 570
3 503 571 570
3 503 504 571
3 504 505 571
3 571 505 572
3 505 506 572
3 572 506 573
3 506 507 573
3 573 507 574
3 507 508 574
3 574 508 575
3 508 509 575
3 575 509 576
3 509 510 576
3 576 510 577
3 510 511 577
3 577 511 578
3 511 512 578
3 578 512 579
3 512 513 579
3 579 513 580
3 513 514 580
3 580 514 581
3 514 515 581
3 581 515 582
3 515 516 582
3 582 516 583
3 516 517 583
3 583 517 584
3 517 518 584
3 584 518 585
3 518 519 585
3 585 519 586
3 519 520 586
3 586 520 587
3 520 521 587
3 587 521 588
3 521 522 588
3 588 522 589
3 522 523 589
3 589 523 590
3 523 524 590
3 590 524 591
3 524 525 591
3 591 525 592
3 525 526 592
3 592 526 593
3 526 527 593
3 593 527 594
3 527 528 594
3 594 528 595
3 528 529 595
3 595 529 596
3 529 530 596
3 596 530 597
3 530 531 597
3 597 531 598
3 531 532 598
3 598 532 599
3 532 533 599
3 599 533 600
3 533 534 600
3 600 534 601
3 536 535 602
3 602 535 603
3 535 537 603
3 603 537 604
3 537 538 604
3 604 538 605
3 538 539 605
3 605 539 606
3 539 540 606
3 606 540 607
3 540 541 607
3 607 541 608
3 541 542 608
3 608 542 609
3 542 543 609
3 609 543 610
3 543 544 610
3 610 544 611
3 544 545 611
3 611 545 612
3 545 546 612
3 612 546 613
3 546 547 613
3 613 547 614
3 547 548 614
3 614 548 615
3 548 549 615
3 615 549 616
3 549 550 616
3 616 550 617
3 550 551 617
3 617 551 618
3 551 552 618
3 618 552 619
3 552 553 619
3 619 553 620
3 553 554 620
3 620 554 621
3 554 555 621
3 621 555 622
3 555 556 622
3 622 556 623
3 556 557 623
3 623 557 624
3 557 558 624
3 624 558 625
3 558 559 625
3 625 559 626
3 559 560 626
3 626 560 627
3 560 561 627
3 627 561 628
3 561 562 628
3 628 562 629
3 562 563 629
3 629 563 630
3 563 564 630
3 630 564 631
3 564 565 631
3 631 565 632
3 565 633 632
3 565 566 633
3 566 634 633
3 566 567 634
3 567 568 634
3 634 568 635
3 568 569 635
3 635 569 636
3 569 570 636
3 636 570 637
3 570 571 637
3 637 571 638
3 571 572 638
3 638 572 639
3 572 573 639
3 639 573 640
3 573 574 640
3 640 574 641
3 574 575 641
3 641 575 642
3 575 576 642
3 642 576 643
3 576 577 643
3 643 577 644
3 577 578 644
3 644 578 645
3 578 579 645
3 645 579 646
3 579 580 646
3 646 580 647
3 580 581 647
3 647 581 648
3 581 582 648
3 648 582 649
3 582 583 649
3 649 583 650
3 583 584 650
3 650 584 651
3 584 585 651
3 651 585 652
3 585 586 652
3 652 586 653
3 586 587 653
3 653 587 654
3 587 588 654
3 654 588 655
3 588 589 655
3 655 589 656
3 589 590 656
3 656 590 657
3 590 591 657
3 657 591 658
3 591 592 658
3 658 592 659
3 592 593 659
3 659 593 660
3 593 594 660
3 660 594 661
3 594 595 661
3 661 595 662
3 595 596 662
3 662 596 663
3 596 597 663
3 663 597 664
3 597 598 664
3 664 598 665
3 598 599 665
3 665 599 666
3 599 600 666
3 666 600 667
3 600 601 667
3 667 601 668
3 602 603 669
3 669 603 670
3 603 604 670
3 670 604 671
3 604 605 671
3 671 605 672
3 605 606 672
3 672 606 673
3 606 607 673
3 673 607 674
3 607 608 674
3 674 608 675
3 608 609 675
3 675 609 676
3 609 610 676
3 676 610 677
3 610 611 677
3 677 611 678
3 611 612 678
3 678 612 679
3 612 613 679
3 679 613 680
3 613 614 680
3 680 614 681
3 614 615 681
3 681 615 682
3 615 616 682
3 682 616 683
3 616 617 683
3 683 617 684
3 617 618 684
3 684 618 685
3 618 619 685
3 685 619 686
3 619 620 686
3 686 620 687
3 620 621 687
3 687 621 688
3 621 622 688
3 688 622 689
3 622 623 689
3 689 623 690
3 623 624 690
3 690 624 691
3 624 625 691
3 691 625 692
3 625 626 692
3 692 626 693
3 626 627 693
3 693 627 694
3 627 628 694
3 694 628 695
3 628 629 695
3 695 629 696
3 629 630 696
3 696 630 697
3 630 631 697
3 697 631 698
3 631 632 698
3 698 632 699
3 632 633 699
3 699 633 700
3 633 634 700
3 700 634 701
3 634 635 701
3 701 635 702
3 635 636 702
3 702 636 703
3 636 637 703
3 703 637 704
3 637 638 704
3 704 638 705
3 638 639 705
3 705 639 706
3 639 640 706
3 706 640 707
3 640 641 707
3 707 641 708
3 641 642 708
3 708 642 709
3 642 643 709
3 709 643 710
3 643 644 710
3 710 644 711
3 644 645 711
3 711 645 712
3 645 646 712
3 712 646 713
3 646 647 713
3 713 647 714
3 647 648 714
3 714 648 715
3 648 649 715
3 715 649 716
3 649 650 716
3 716 650 717
3 650 651 717
3 717 651 718
3 651 652 718
3 718 652 719
3 652 653 719
3 719 653 720
3 653 654 720
3 720 654 721
3 654 655 721
3 721 655 722
3 655 656 722
3 722 656 723
3 656 657 723
3 723 657 724
3 657 658 724
3 724 658 725
3 658 659 725
3 725 659 726
3 659 660 726
3 726 660 727
3 660 661 727
3 727 661 728
3 661 662 728
3 728 662 729
3 662 663 729
3 729 663 730
3 663 664 730
3 730 664 731
3 664 665 731
3 731 665 732
3 665 666 732
3 732 666 733
3 666 667 733
3 733 667 734
3 667 668 734
3 735 669 736
3 669 670 736
3 736 670 737
3 670 671 737
3 737 671 738
3 671 672 738
3 738 672 739
3 672 673 739
3 739 673 740
3 673 674 740
3 740 674 741
3 674 675 741
3 741 675 742
3 675 676 742
3 742 676 743
3 676 677 743
3 743 677 744
3 677 678 744
3 744 678 745
3 678 679 745
3 745 679 746
3 679 680 746
3 746 680 747
3 680 681 747
3 747 681 748
3 681 682 748
3 748 682 749
3 682 683 749
3 749 683 750
3 683 684 750
3 750 684 751
3 684 685 751
3 751 685 752
3 685 686 752
3 752 686 753
3 686 687 753
3 753 687 754
3 687 688 754
3 754 688 755
3 688 689 755
3 755 689 756
3 689 690 756
3 756 690 757
3 690 691 757
3 757 691 758
3 691 692 758
3 758 692 759
3 692 693 759
3 759 693 760
3 693 694 760
3 760 694 761
3 694 695 761
3 761 695 762
3 695 696 762
3 762 696 763
3 696 697 763
3 763 697 764
3 697 698 764
3 764 698 765
3 698 699 765
3 765 699 766
3 699 700 766
3 766 700 767
3 700 701 767
3 767 701 768
3 701 702 768
3 768 702 769
3 702 703 769
3 769 703 770
3 703 704 770
3 770 704 771
3 704 705 771
3 771 705 772
3 705 706 772
3 772 706 773
3 706 707 773
3 773 707 774
3 707 708 774
3 774 708 775
3 708 709 775
3 775 709 776
3 709 710 776
3 776 710 777
3 710 711 777
3 777 711 778
3 711 712 778
3 778 712 779
3 712 713 779
3 779 713 780
3 713 714 780
3 780 714 781
3 714 715 781
3 781 715 782
3 715 716 782
3 782 716 783
3 716 717 783
3 783 717 784
3 717 718 784
3 784 718 785
3 718 719 785
3 785 719 786
3 719 720 786
3 786 720 787
3 720 721 787
3 787 721 788
3 721 722 788
3 788 722 789
3 722 723 789
3 789 723 790
3 723 724 790
3 790 724 791
3 724 725 791
3 791 725 792
3 725 726 792
3 792 726 793
3 726 727 793
3 793 727 794
3 727 728 794
3 794 728 795
3 728 729 795
3 795 729 796
3 729 730 796
3 796 730 797
3 730 731 797
3 797 731 798
3 731 732 798
3 798 732 799
3 732 733 799
3 799 733 800
3 733 734 800
3 800 734 801
3 735 736 802
3 802 736 803
3 736 737 803
3 803 737 804
3 737 738 804
3 804 738 805
3 738 739 805
3 805 739 806
3 739 740 806
3 806 740 807
3 740 741 807
3 807 741 808
3 741 742 808
3 808 742 809
3 742 743 809
3 809 743 810
3 743 744 810
3 810 744 811
3 744 745 811
3 811 745 812
3 745 746 812
3 812 746 813
3 746 747 813
3 813 747 814
3 747 748 814
3 814 748 815
3 748 749 815
3 815 749 816
3 749 750 816
3 816 750 817
3 750 751 817
3 817 751 818
3 751 752 818
3 818 752 819
3 752 753 819
3 819 753 820
3 753 754 820
3 820 754 821
3 754 755 821
3 821 755 822
3 755 756 822
3 822 756 823
3 756 757 823
3 823 757 824
3 757 758 824
3 824 758 825
3 758 759 825
3 825 759 826
3 759 760 826
3 826 760 827
3 760 761 827
3 827 761 828
3 761 762 828
3 828 762 829
3 762 763 829
3 829 763 830
3 763 764 830
3 830 764 831
3 764 765 831
3 831 765 832
3 765 766 832
3 832 766 833
3 766 767 833
3 833 767 834
3 767 768 834
3 834 768 835
3 768 769 835
3 835 769 836
3 769 770 836
3 836 770 837
3 770 771 837
3 837 771 838
3 771 772 838
3 838 772 839
3 772 773 839
3 839 773 840
3 773 774 840
3 840 774 841
3 774 775 841
3 841 775 842
3 775 776 842
3 842 776 843
3 776 777 843
3 843 777 844
3 777 778 844
3 844 778 845
3 778 779 845
3 845 779 846
3 779 780 846
3 846 780 847
3 780 781 847
3 847 781 848
3 781 782 848
3 848 782 849
3 782 783 849
3 849 783 850
3 783 784 850
3 850 784 851
3 784 785 851
3 851 785 852
3 785 786 852
3 852 786 853
3 786 787 853
3 853 787 854
3 787 788 854
3 854 788 855
3 788 789 855
3 855 789 856
3 789 790 856
3 856 790 857
3 790 791 857
3 857 791 858
3 791 792 858
3 858 792 859
3 792 793 859
3 859 793 860
3 793 794 860
3 860 794 861
3 794 795 861
3 861 795 862
3 795 796 862
3 862 796 863
3 796 797 863
3 863 797 864
3 797 798 864
3 864 798 865
3 798 799 865
3 865 799 866
3 799 800 866
3 866 800 867
3 800 801 867
3 867 801 868
3 802 869 870
3 802 803 869
3 803 871 869
3 803 804 871
3 804 872 871
3 804 805 872
3 805 873 872
3 805 806 873
3 806 874 873
3 806 807 874
3 807 875 874
3 807 808 875
3 808 876 875
3 808 809 876
3 809 877 876
3 809 810 877
3 810 878 877
3 810 811 878
3 811 879 878
3 811 812 879
3 812 880 879
3 812 813 880
3 813 881 880
3 813 814 881
3 814 882 881
3 814 815 882
3 815 883 882
3 815 816 883
3 816 884 883
3 816 817 884
3 817 885 884
3 817 818 885
3 818 886 885
3 818 819 886
3 819 887 886
3 819 820 887
3 820 888 887
3 820 821 888
3 821 889 888
3 821 822 889
3 822 823 889
3 889 823 890
3 823 891 890
3 823 824 891
3 824 892 891
3 824 825 892
3 825 826 892
3 892 826 893
3 826 827 893
3 893 827 894
3 827 828 894
3 894 828 895
3 828 829 895
3 895 829 896
3 829 830 896
3 896 830 897
3 830 831 897
3 897 831 898
3 831 899 898
3 831 832 899
3 832 900 899
3 832 833 900
3 833 834 900
3 900 834 901
3 834 835 901
3 901 835 902
3 835 836 902
3 902 836 903
3 836 837 903
3 903 837 904
3 837 838 904
3 904 838 905
3 838 839 905
3 905 839 906
3 839 840 906
3 906 840 907
3 840 841 907
3 907 841 908
3 841 842 908
3 908 842 909
3 842 843 909
3 909 843 910
3 843 844 910
3 910 844 911
3 844 845 911
3 911 845 912
3 845 846 912
3 912 846 913
3 846 847 913
3 913 847 914
3 847 848 914
3 914 848 915
3 848 849 915
3 915 849 916
3 849 850 916
3 916 850 917
3 850 851 917
3 917 851 918
3 851 852 918
3 918 852 919
3 852 853 919
3 919 853 920
3 853 854 920
3 920 854 921
3 854 855 921
3 921 855 922
3 855 856 922
3 922 856 923
3 856 857 923
3 923 857 924
3 857 858 924
3 924 858 925
3 858 859 925
3 925 859 926
3 859 860 926
3 926 860 927
3 860 861 927
3 927 861 928
3 861 862 928
3 928 862 929
3 862 863 929
3 929 863 930
3 863 864 930
3 930 864 931
3 864 865 931
3 931 865 932
3 865 866 932
3 932 866 933
3 866 867 933
3 933 867 934
3 867 868 934
3 934 868 935
3 870 936 937
3 870 869 936
3 869 938 936
3 869 871 938
3 871 939 938
3 871 872 939
3 872 940 939
3 872 873 940
3 873 941 940
3 873 874 941
3 874 942 941
3 874 875 942
3 875 943 942
3 875 876 943
3 876 944 943
3 876 877 944
3 877 945 944
3 877 878 945
3 878 946 945
3 878 879 946
3 879 947 946
3 879 880 947
3 880 948 947
3 880 881 948
3 881 949 948
3 881 882 949
3 882 950 949
3 882 883 950
3 883 951 950
3 883 884 951
3 884 952 951
3 884 885 952
3 885 953 952
3 885 886 953
3 886 954 953
3 886 887 954
3 887 955 954
3 887 888 955
3 888 956 955
3 888 889 956
3 889 957 956
3 889 890 957
3 890 958 957
3 890 891 958
3 891 959 958
3 891 892 959
3 892 960 959
3 892 893 960
3 893 961 960
3 893 894 961
3 894 962 961
3 894 895 962
3 895 963 962
3 895 896 963
3 896 964 963
3 896 897 964
3 897 965 964
3 897 898 965
3 898 966 965
3 898 899 966
3 899 967 966
3 899 900 967
3 900 968 967
3 900 901 968
3 901 969 968
3 901 902 969
3 902 970 969
3 902 903 970
3 903 904 970
3 970 904 971
3 904 905 971
3 971 905 972
3 905 973 972
3 905 906 973
3 906 974 973
3 906 907 974
3 907 975 974
3 907 908 975
3 908 976 975
3 908 909 976
3 909 977 976
3 909 910 977
3 910 978 977
3 910 911 978
3 911 979 978
3 911 912 979
3 912 980 979
3 912 913 980
3 913 981 980
3 913 914 981
3 914 982 981
3 914 915 982
3 915 983 982
3 915 916 983
3 916 984 983
3 916 917 984
3 917 918 984
3 984 918 985
3 918 919 985
3 985 919 986
3 919 920 986
3 986 920 987
3 920 988 987
3 920 921 988
3 921 989 988
3 921 922 989
3 922 923 989
3 989 923 990
3 923 924 990
3 990 924 991
3 924 925 991
3 991 925 992
3 925 926 992
3 992 926 993
3 926 927 993
3 993 927 994
3 927 928 994
3 994 928 995
3 928 996 995
3 928 929 996
3 929 997 996
3 929 930 997
3 930 998 997
3 930 931 998
3 931 932 998
3 998 932 999
3 932 933 999
3 999 933 1000
3 933 934 1000
3 1000 934 1001
3 934 1002 1001
3 934 935 1002
3 937 936 1003
3 936 1004 1003
3 936 938 1004
3 938 1005 1004
3 938 939 1005
3 939 1006 1005
3 939 940 1006
3 940 1007 1006
3 940 941 1007
3 941 1008 1007
3 941 942 1008
3 942 1009 1008
3 942 943 1009
3 943 1010 1009
3 943 944 1010
3 944 1011 1010
3 944 945 1011
3 945 1012 1011
3 945 946 1012
3 946 1013 1012
3 946 947 1013
3 947 1014 1013
3 947 948 1014
3 948 1015 1014
3 948 949 1015
3 949 1016 1015
3 949 950 1016
3 950 1017 1016
3 950 951 1017
3 951 1018 1017
3 951 952 1018
3 952 1019 1018
3 952 953 1019
3 953 1020 1019
3 953 954 1020
3 954 1021 1020
3 954 955 1021
3 955 1022 1021
3 955 956 1022
3 956 1023 1022
3 956 957 1023
3 957 1024 1023
3 957 958 1024
3 958 1025 1024
3 958 959 1025
3 959 1026 1025
3 959 960 1026
3 960 1027 1026
3 960 961 1027
3 961 1028 1027
3 961 962 1028
3 962 1029 1028
3 962 963 1029
3 963 1030 1029
3 963 964 1030
3 964 1031 1030
3 964 965 1031
3 965 1032 1031
3 965 966 1032
3 966 1033 1032
3 966 967 1033
3 967 1034 1033
3 967 968 1034
3 968 1035 1034
3 968 969 1035
3 969 1036 1035
3 969 970 1036
3 970 1037 1036
3 970 971 1037
3 971 1038 1037
3 971 972 1038
3 972 1039 1038
3 972 973 1039
3 973 1040 1039
3 973 974 1040
3 974 1041 1040
3 974 975 1041
3 975 1042 1041
3 975 976 1042
3 976 1043 1042
3 976 977 1043
3 977 1044 1043
3 977 978 1044
3 978 1045 1044
3 978 979 1045
3 979 1046 1045
3 979 980 1046
3 980 1047 1046
3 980 981 1047
3 981 1048 1047
3 981 982 1048
3 982 1049 1048
3 982 983 1049
3 983 1050 1049
3 983 984 1050
3 984 985 1050
3 1050 985 1051
3 985 986 1051
3 1051 986 1052
3 986 1053 1052
3 986 987 1053
3 987 1054 1053
3 987 988 1054
3 988 1055 1054
3 988 989 1055
3 989 990 1055
3 1055 990 1056
3 990 991 1056
3 1056 991 1057
3 991 992 1057
3 1057 992 1058
3 992 993 1058
3 1058 993 1059
3 993 994 1059
3 1059 994 1060
3 994 995 1060
3 1060 995 1061
3 995 1062 1061
3 995 996 1062
3 996 1063 1062
3 996 997 1063
3 997 1064 1063
3 997 998 1064
3 998 1065 1064
3 998 999 1065
3 999 1066 1065
3 999 1000 1066
3 1000 1067 1066
3 1000 1001 1067
3 1001 1068 1067
3 1001 1002 1068
3 1002 1069 1068
3 1003 1070 1071
3 1003 1004 1070
3 1004 1072 1070
3 1004 1005 1072
3 1005 1073 1072
3 1005 1006 1073
3 1006 1074 1073
3 1006 1007 1074
3 1007 1075 1074
3 1007 1008 1075
3 1008 1076 1075
3 1008 1009 1076
3 1009 1077 1076
3 1009 1010 1077
3 1010 1078 1077
3 1010 1011 1078
3 1011 1079 1078
3 1011 1012 1079
3 1012 1080 1079
3 1012 1013 1080
3 1013 1081 1080
3 1013 1014 1081
3 1014 1082 1081
3 1014 1015 1082
3 1015 1083 1082
3 1015 1016 1083
3 1016 1084 1083
3 1016 1017 1084
3 1017 1085 1084
3 1017 1018 1085
3 1018 1086 1085
3 1018 1019 1086
3 1019 1087 1086
3 1019 1020 1087
3 1020 1088 1087
3 1020 1021 1088
3 1021 1089 1088
3 1021 1022 1089
3 1022 1090 1089
3 1022 1023 1090
3 1023 1091 1090
3 1023 1024 1091
3 1024 1092 1091
3 1024 1025 1092
3 1025 1093 1092
3 1025 1026 1093
3 1026 1094 1093
3 1026 1027 1094
3 1027 1095 1094
3 1027 1028 1095
3 1028 1096 1095
3 1028 1029 1096
3 1029 1097 1096
3 1029 1030 1097
3 1030 1098 1097
3 1030 1031 1098
3 1031 1099 1098
3 1031 1032 1099
3 1032 1100 1099
3 1032 1033 1100
3 1033 1101 1100
3 1033 1034 1101
3 1034 1102 1101
3 1034 1035 1102
3 1035 1103 1102
3 1035 1036 1103
3 1036 1104 1103
3 1036 1037 1104
3 1037 1105 1104
3 1037 1038 1105
3 1038 1106 1105
3 1038 1039 1106
3 1039 1107 1106
3 1039 1040 1107
3 1040 1108 1107
3 1040 1041 1108
3 1041 1109 1108
3 1041 1042 1109
3 1042 1110 1109
3 1042 1043 1110
3 1043 1111 1110
3 1043 1044 1111
3 1044 1112 1111
3 1044 1045 1112
3 1045 1113 1112
3 1045 1046 1113
3 1046 1114 1113
3 1046 1047 1114
3 1047 1115 1114
3 1047 1048 1115
3 1048 1116 1115
3 1048 1049 1116
3 1049 1050 1116
3 1116 1050 1117
3 1050 1051 1117
3 1117 1051 1118
3 1051 1052 1118
3 1118 1052 1119
3 1052 1120 1119
3 1052 1053 1120
3 1053 1121 1120
3 1053 1054 1121
3 1054 1122 1121
3 1054 1055 1122
3 1055 1056 1122
3 1122 1056 1123
3 1056 1057 1123
3 1123 1057 1124
3 1057 1058 1124
3 1124 1058 1125
3 1058 1059 1125
3 1125 1059 1126
3 1059 1060 1126
3 1126 1060 1127
3 1060 1061 1127
3 1127 1061 1128
3 1061 1062 1128
3 1128 1062 1129
3 1062 1130 1129
3 1062 1063 1130
3 1063 1131 1130
3 1063 1064 1131
3 1064 1065 1131
3 1131 1065 1132
3 1065 1066 1132
3 1132 1066 1133
3 1066 1067 1133
3 1133 1067 1134
3 1067 1068 1134
3 1134 1068 1135
3 1068 1069 1135
3 1135 1069 1136
3 1071 1137 1138
3 1071 1070 1137
3 1070 1139 1137
3 1070 1072 1139
3 1072 1140 1139
3 1072 1073 1140
3 1073 1141 1140
3 1073 1074 1141
3 1074 1142 1141
3 1074 1075 1142
3 1075 1143 1142
3 1075 1076 1143
3 1076 1144 1143
3 1076 1077 1144
3 1077 1145 1144
3 1077 1078 1145
3 1078 1146 1145
3 1078 1079 1146
3 1079 1147 1146
3 1079 1080 1147
3 1080 1148 1147
3 1080 1081 1148
3 1081 1149 1148
3 1081 1082 1149
3 1082 1150 1149
3 1082 1083 1150
3 1083 1151 1150
3 1083 1084 1151
3 1084 1152 1151
3 1084 1085 1152
3 1085 1153 1152
3 1085 1086 1153
3 1086 1154 1153
3 1086 1087 1154
3 1087 1155 1154
3 1087 1088 1155
3 1088 1156 1155
3 1088 1089 1156
3 1089 1157 1156
3 1089 1090 1157
3 1090 1158 1157
3 1090 1091 1158
3 1091 1159 1158
3 1091 1092 1159
3 1092 1160 1159
3 1092 1093 1160
3 1093 1161 1160
3 1093 1094 1161
3 1094 1162 1161
3 1094 1095 1162
3 1095 1163 1162
3 1095 1096 1163
3 1096 1164 1163
3 1096 1097 1164
3 1097 1165 1164
3 1097 1098 1165
3 1098 1166 1165
3 1098 1099 1166
3 1099 1167 1166
3 1099 1100 1167
3 1100 1168 1167
3 1100 1101 1168
3 1101 1169 1168
3 1101 1102 1169
3 1102 1170 1169
3 1102 1103 1170
3 1103 1104 1170
3 1170 1104 1171
3 1104 1105 1171
3 1171 1105 1172
3 1105 1106 1172
3 1172 1106 1173
3 1106 1107 1173
3 1173 1107 1174
3 1107 1108 1174
3 1174 1108 1175
3 1108 1176 1175
3 1108 1109 1176
3 1109 1177 1176
3 1109 1110 1177
3 1110 1178 1177
3 1110 1111 1178
3 1111 1179 1178
3 1111 1112 1179
3 1112 1180 1179
3 1112 1113 1180
3 1113 1181 1180
3 1113 1114 1181
3 1114 1182 1181
3 1114 1115 1182
3 1115 1183 1182
3 1115 1116 1183
3 1116 1117 1183
3 1183 1117 1184
3 1117 1118 1184
3 1184 1118 1185
3 1118 1119 1185
3 1185 1119 1186
3 1119 1120 1186
3 1186 1120 1187
3 1120 1121 1187
3 1187 1121 1188
3 1121 1189 1188
3 1121 1122 1189
3 1122 1123 1189
3 1189 1123 1190
3 1123 1124 1190
3 1190 1124 1191
3 1124 1125 1191
3 1191 1125 1192
3 1125 1126 1192
3 1192 1126 1193
3 1126 1127 1193
3 1193 1127 1194
3 1127 1128 1194
3 1194 1128 1195
3 1128 1129 1195
3 1195 1129 1196
3 1129 1130 1196
3 1196 1130 1197
3 1130 1131 1197
3 1197 1131 1198
3 1131 1132 1198
3 1198 1132 1199
3 1132 1133 1199
3 1199 1133 1200
3 1133 1134 1200
3 1200 1134 1201
3 1134 1135 1201
3 1201 1135 1202
3 1135 1136 1202
3 1138 1137 1203
3 1203 1137 1204
3 1137 1139 1204
3 1204 1139 1205
3 1139 1206 1205
3 1139 1140 1206
3 1140 1207 1206
3 1140 1141 1207
3 1141 1208 1207
3 1141 1142 1208
3 1142 1143 1208
3 1208 1143 1209
3 1143 1144 1209
3 1209 1144 1210
3 1144 1145 1210
3 1210 1145 1211
3 1145 1146 1211
3 1211 1146 1212
3 1146 1147 1212
3 1212 1147 1213
3 1147 1148 1213
3 1213 1148 1214
3 1148 1149 1214
3 1214 1149 1215
3 1149 1150 1215
3 1215 1150 1216
3 1150 1151 1216
3 1216 1151 1217
3 1151 1152 1217
3 1217 1152 1218
3 1152 1153 1218
3 1218 1153 1219
3 1153 1154 1219
3 1219 1154 1220
3 1154 1155 1220
3 1220 1155 1221
3 1155 1156 1221
3 1221 1156 1222
3 1156 1157 1222
3 1222 1157 1223
3 1157 1158 1223
3 1223 1158 1224
3 1158 1225 1224
3 1158 1159 1225
3 1159 1226 1225
3 1159 1160 1226
3 1160 1227 1226
3 1160 1161 1227
3 1161 1162 1227
3 1227 1162 1228
3 1162 1229 1228
3 1162 1163 1229
3 1163 1230 1229
3 1163 1164 1230
3 1164 1231 1230
3 1164 1165 1231
3 1165 1232 1231
3 1165 1166 1232
3 1166 1233 1232
3 1166 1167 1233
3 1167 1168 1233
3 1233 1168 1234
3 1168 1169 1234
3 1234 1169 1235
3 1169 1170 1235
3 1235 1170 1236
3 1170 1171 1236
3 1236 1171 1237
3 1171 1172 1237
3 1237 1172 1238
3 1172 1173 1238
3 1238 1173 1239
3 1173 1174 1239
3 1239 1174 1240
3 1174 1175 1240
3 1240 1175 1241
3 1175 1176 1241
3 1241 1176 1242
3 1176 1177 1242
3 1242 1177 1243
3 1177 1178 1243
3 1243 1178 1244
3 1178 1179 1244
3 1244 1179 1245
3 1179 1180 1245
3 1245 1180 1246
3 1180 1181 1246
3 1246 1181 1247
3 1181 1182 1247
3 1247 1182 1248
3 1182 1183 1248
3 1248 1183 1249
3 1183 1184 1249
3 1249 1184 1250
3 1184 1185 1250
3 1250 1185 1251
3 1185 1186 1251
3 1251 1186 1252
3 1186 1187 1252
3 1252 1187 1253
3 1187 1188 1253
3 1253 1188 1254
3 1188 1189 1254
3 1254 1189 1255
3 1189 1190 1255
3 1255 1190 1256
3 1190 1191 1256
3 1256 1191 1257
3 1191 1192 1257
3 1257 1192 1258
3 1192 1193 1258
3 1258 1193 1259
3 1193 1194 1259
3 1259 1194 1260
3 1194 1195 1260
3 1260 1195 1261
3 1195 1196 1261
3 1261 1196 1262
3 1196 1197 1262
3 1262 1197 1263
3 1197 1198 1263
3 1263 1198 1264
3 1198 1199 1264
3 1264 1199 1265
3 1199 1200 1265
3 1265 1200 1266
3 1200 1201 1266
3 1266 1201 1267
3 1201 1202 1267
3 1267 1202 1268
3 1203 1204 1269
3 1269 1204 1270
3 1204 1205 1270
3 1270 1205 1271
3 1205 1206 1271
3 1271 1206 1272
3 1206 1207 1272
3 1272 1207 1273
3 1207 1208 1273
3 1273 1208 1274
3 1208 1209 1274
3 1274 1209 1275
3 1209 1210 1275
3 1275 1210 1276
3 1210 1211 1276
3 1276 1211 1277
3 1211 1212 1277
3 1277 1212 1278
3 1212 1213 1278
3 1278 1213 1279
3 1213 1214 1279
3 1279 1214 1280
3 1214 1215 1280
3 1280 1215 1281
3 1215 1216 1281
3 1281 1216 1282
3 1216 1217 1282
3 1282 1217 1283
3 1217 1218 1283
3 1283 1218 1284
3 1218 1219 1284
3 1284 1219 1285
3 1219 1220 1285
3 1285 1220 1286
3 1220 1221 1286
3 1286 1221 1287
3 1221 1222 1287
3 1287 1222 1288
3 1222 1223 1288
3 1288 1223 1289
3 1223 1224 1289
3 1289 1224 1290
3 1224 1291 1290
3 1224 1225 1291
3 1225 1226 1291
3 1291 1226 1292
3 1226 1227 1292
3 1292 1227 1293
3 1227 1228 1293
3 1293 1228 1294
3 1228 1229 1294
3 1294 1229 1295
3 1229 1230 1295
3 1295 1230 1296
3 1230 1231 1296
3 1296 1231 1297
3 1231 1232 1297
3 1297 1232 1298
3 1232 1233 1298
3 1298 1233 1299
3 1233 1234 1299
3 1299 1234 1300
3 1234 1235 1300
3 1300 1235 1301
3 1235 1236 1301
3 1301 1236 1302
3 1236 1237 1302
3 1302 1237 1303
3 1237 1238 1303
3 1303 1238 1304
3 1238 1239 1304
3 1304 1239 1305
3 1239 1240 1305
3 1305 1240 1306
3 1240 1241 1306
3 1306 1241 1307
3 1241 1242 1307
3 1307 1242 1308
3 1242 1243 1308
3 1308 1243 1309
3 1243 1244 1309
3 1309 1244 1310
3 1244 1245 1310
3 1310 1245 1311
3 1245 1246 1311
3 1311 1246 1312
3 1246 1247 1312
3 1312 1247 1313
3 1247 1248 1313
3 1313 1248 1314
3 1248 1249 1314
3 1314 1249 1315
3 1249 1250 1315
3 1315 1250 1316
3 1250 1251 1316
3 1316 1251 1317
3 1251 1252 1317
3 1317 1252 1318
3 1252 1253 1318
3 1318 1253 1319
3 1253 1254 1319
3 1319 1254 1320
3 1254 1255 1320
3 1320 1255 1321
3 1255 1256 1321
3 1321 1256 1322
3 1256 1257 1322
3 1322 1257 1323
3 1257 1258 1323
3 1323 1258 1324
3 1258 1259 1324
3 1324 1259 1325
3 1259 1260 1325
3 1325 1260 1326
3 1260 1261 1326
3 1326 1261 1327
3 1261 1262 1327
3 1327 1262 1328
3 1262 1263 1328
3 1328 1263 1329
3 1263 1264 1329
3 1329 1264 1330
3 1264 1265 1330
3 1330 1265 1331
3 1265 1266 1331
3 1331 1266 1332
3 1266 1267 1332
3 1332 1267 1333
3 1267 1268 1333
3 1269 1270 1334
3 1334 1270 1335
3 1270 1271 1335
3 1335 1271 1336
3 1271 1337 1336
3 1271 1272 1337
3 1272 1338 1337
3 1272 1273 1338
3 1273 1339 1338
3 1273 1274 1339
3 1274 1275 1339
3 1339 1275 1340
3 1275 1276 1340
3 1340 1276 1341
3 1276 1277 1341
3 1341 1277 1342
3 1277 1278 1342
3 1342 1278 1343
3 1278 1279 1343
3 1343 1279 1344
3 1279 1345 1344
3 1279 1280 1345
3 1280 1346 1345
3 1280 1281 1346
3 1281 1347 1346
3 1281 1282 1347
3 1282 1283 1347
3 1347 1283 1348
3 1283 1284 1348
3 1348 1284 1349
3 1284 1285 1349
3 1349 1285 1350
3 1285 1351 1350
3 1285 1286 1351
3 1286 1287 1351
3 1351 1287 1352
3 1287 1288 1352
3 1352 1288 1353
3 1288 1289 1353
3 1353 1289 1354
3 1289 1355 1354
3 1289 1290 1355
3 1290 1356 1355
3 1290 1291 1356
3 1291 1357 1356
3 1291 1292 1357
3 1292 1358 1357
3 1292 1293 1358
3 1293 1359 1358
3 1293 1294 1359
3 1294 1360 1359
3 1294 1295 1360
3 1295 1361 1360
3 1295 1296 1361
3 1296 1297 1361
3 1361 1297 1362
3 1297 1298 1362
3 1362 1298 1363
3 1298 1364 1363
3 1298 1299 1364
3 1299 1300 1364
3 1364 1300 1365
3 1300 1301 1365
3 1365 1301 1366
3 1301 1302 1366
3 1366 1302 1367
3 1302 1303 1367
3 1367 1303 1368
3 1303 1304 1368
3 1368 1304 1369
3 1304 1305 1369
3 1369 1305 1370
3 1305 1306 1370
3 1370 1306 1371
3 1306 1307 1371
3 1371 1307 1372
3 1307 1308 1372
3 1372 1308 1373
3 1308 1309 1373
3 1373 1309 1374
3 1309 1310 1374
3 1374 1310 1375
3 1310 1311 1375
3 1375 1311 1376
3 1311 1312 1376
3 1376 1312 1377
3 1312 1313 1377
3 1377 1313 1378
3 1313 1314 1378
3 1378 1314 1379
3 1314 1315 1379
3 1379 1315 1380
3 1315 1316 1380
3 1380 1316 1381
3 1316 1317 1381
3 1381 1317 1382
3 1317 1318 1382
3 1382 1318 1383
3 1318 1319 1383
3 1383 1319 1384
3 1319 1320 1384
3 1384 1320 1385
3 1320 1321 1385
3 1385 1321 1386
3 1321 1322 1386
3 1386 1322 1387
3 1322 1323 1387
3 1387 1323 1388
3 1323 1324 1388
3 1388 1324 1389
3 1324 1325 1389
3 1389 1325 1390
3 1325 1326 1390
3 1390 1326 1391
3 1326 1327 1391
3 1391 1327 1392
3 1327 1328 1392
3 1392 1328 1393
3 1328 1329 1393
3 1393 1329 1394
3 1329 1330 1394
3 1394 1330 1395
3 1330 1331 1395
3 1395 1331 1396
3 1331 1332 1396
3 1396 1332 1397
3 1332 1333 1397
3 1397 1333 1398
3 1333 1399 1398
3 1334 1335 1400
3 1400 1335 1401
3 1335 1402 1401
3 1335 1336 1402
3 1336 1403 1402
3 1336 1337 1403
3 1337 1404 1403
3 1337 1338 1404
3 1338 1405 1404
3 1338 1339 1405
3 1339 1406 1405
3 1339 1340 1406
3 1340 1341 1406
3 1406 1341 1407
3 1341 1408 1407
3 1341 1342 1408
3 1342 1409 1408
3 1342 1343 1409
3 1343 1410 1409
3 1343 1344 1410
3 1344 1411 1410
3 1344 1345 1411
3 1345 1412 1411
3 1345 1346 1412
3 1346 1413 1412
3 1346 1347 1413
3 1347 1414 1413
3 1347 1348 1414
3 1348 1349 1414
3 1414 1349 1415
3 1349 1350 1415
3 1415 1350 1416
3 1350 1417 1416
3 1350 1351 1417
3 1351 1418 1417
3 1351 1352 1418
3 1352 1353 1418
3 1418 1353 1419
3 1353 1354 1419
3 1419 1354 1420
3 1354 1421 1420
3 1354 1355 1421
3 1355 1422 1421
3 1355 1356 1422
3 1356 1423 1422
3 1356 1357 1423
3 1357 1424 1423
3 1357 1358 1424
3 1358 1425 1424
3 1358 1359 1425
3 1359 1426 1425
3 1359 1360 1426
3 1360 1427 1426
3 1360 1361 1427
3 1361 1362 1427
3 1427 1362 1428
3 1362 1429 1428
3 1362 1363 1429
3 1363 1430 1429
3 1363 1364 1430
3 1364 1365 1430
3 1430 1365 1431
3 1365 1366 1431
3 1431 1366 1432
3 1366 1367 1432
3 1432 1367 1433
3 1367 1368 1433
3 1433 1368 1434
3 1368 1369 1434
3 1434 1369 1435
3 1369 1370 1435
3 1435 1370 1436
3 1370 1371 1436
3 1436 1371 1437
3 1371 1372 1437
3 1437 1372 1438
3 1372 1373 1438
3 1438 1373 1439
3 1373 1374 1439
3 1439 1374 1440
3 1374 1375 1440
3 1440 1375 1441
3 1375 1376 1441
3 1441 1376 1442
3 1376 1377 1442
3 1442 1377 1443
3 1377 1444 1443
3 1377 1378 1444
3 1378 1445 1444
3 1378 1379 1445
3 1379 1380 1445
3 1445 1380 1446
3 1380 1381 1446
3 1446 1381 1447
3 1381 1382 1447
3 1447 1382 1448
3 1382 1383 1448
3 1448 1383 1449
3 1383 1384 1449
3 1449 1384 1450
3 1384 1451 1450
3 1384 1385 1451
3 1385 1452 1451
3 1385 1386 1452
3 1386 1387 1452
3 1452 1387 1453
3 1387 1388 1453
3 1453 1388 1454
3 1388 1389 1454
3 1454 1389 1455
3 1389 1390 1455
3 1455 1390 1456
3 1390 1391 1456
3 1456 1391 1457
3 1391 1392 1457
3 1457 1392 1458
3 1392 1393 1458
3 1458 1393 1459
3 1393 1394 1459
3 1459 1394 1460
3 1394 1395 1460
3 1460 1395 1461
3 1395 1396 1461
3 1461 1396 1462
3 1396 1397 1462
3 1462 1397 1463
3 1397 1398 1463
3 1463 1398 1464
3 1400 1401 1465
3 1465 1401 1466
3 1401 1402 1466
3 1466 1402 1467
3 1402 1468 1467
3 1402 1403 1468
3 1403 1469 1468
3 1403 1404 1469
3 1404 1470 1469
3 1404 1405 1470
3 1405 1471 1470
3 1405 1406 1471
3 1406 1407 1471
3 1471 1407 1472
3 1407 1408 1472
3 1472 1408 1473
3 1408 1409 1473
3 1473 1409 1474
3 1409 1410 1474
3 1474 1410 1475
3 1410 1476 1475
3 1410 1411 1476
3 1411 1477 1476
3 1411 1412 1477
3 1412 1478 1477
3 1412 1413 1478
3 1413 1479 1478
3 1413 1414 1479
3 1414 1415 1479
3 1479 1415 1480
3 1415 1416 1480
3 1480 1416 1481
3 1416 1482 1481
3 1416 1417 1482
3 1417 1483 1482
3 1417 1418 1483
3 1418 1484 1483
3 1418 1419 1484
3 1419 1420 1484
3 1484 1420 1485
3 1420 1486 1485
3 1420 1421 1486
3 1421 1487 1486
3 1421 1422 1487
3 1422 1488 1487
3 1422 1423 1488
3 1423 1489 1488
3 1423 1424 1489
3 1424 1490 1489
3 1424 1425 1490
3 1425 1491 1490
3 1425 1426 1491
3 1426 1492 1491
3 1426 1427 1492
3 1427 1493 1492
3 1427 1428 1493
3 1428 1494 1493
3 1428 1429 1494
3 1429 1495 1494
3 1429 1430 1495
3 1430 1496 1495
3 1430 1431 1496
3 1431 1432 1496
3 1496 1432 1497
3 1432 1433 1497
3 1497 1433 1498
3 1433 1434 1498
3 1498 1434 1499
3 1434 1435 1499
3 1499 1435 1500
3 1435 1436 1500
3 1500 1436 1501
3 1436 1437 1501
3 1501 1437 1502
3 1437 1438 1502
3 1502 1438 1503
3 1438 1439 1503
3 1503 1439 1504
3 1439 1440 1504
3 1504 1440 1505
3 1440 1441 1505
3 1505 1441 1506
3 1441 1442 1506
3 1506 1442 1507
3 1442 1443 1507
3 1507 1443 1508
3 1443 1444 1508
3 1508 1444 1509
3 1444 1445 1509
3 1509 1445 1510
3 1445 1446 1510
3 1510 1446 1511
3 1446 1447 1511
3 1511 1447 1512
3 1447 1448 1512
3 1512 1448 1513
3 1448 1449 1513
3 1513 1449 1514
3 1449 1450 1514
3 1514 1450 1515
3 1450 1516 1515
3 1450 1451 1516
3 1451 1517 1516
3 1451 1452 1517
3 1452 1453 1517
3 1517 1453 1518
3 1453 1454 1518
3 1518 1454 1519
3 1454 1455 1519
3 1519 1455 1520
3 1455 1456 1520
3 1520 1456 1521
3 1456 1457 1521
3 1521 1457 1522
3 1457 1458 1522
3 1522 1458 1523
3 1458 1459 1523
3 1523 1459 1524
3 1459 1525 1524
3 1459 1460 1525
3 1460 1461 1525
3 1525 1461 1526
3 1461 1462 1526
3 1526 1462 1527
3 1462 1463 1527
3 1527 1463 1528
3 1463 1464 1528
3 1528 1464 1529
3 1465 1466 1530
3 1530 1466 1531
3 1466 1467 1531
3 1531 1467 1532
3 1467 1468 1532
3 1532 1468 1533
3 1468 1534 1533
3 1468 1469 1534
3 1469 1535 1534
3 1469 1470 1535
3 1470 1471 1535
3 1535 1471 1536
3 1471 1472 1536
3 1536 1472 1537
3 1472 1473 1537
3 1537 1473 1538
3 1473 1474 1538
3 1538 1474 1539
3 1474 1475 1539
3 1539 1475 1540
3 1475 1476 1540
3 1540 1476 1541
3 1476 1542 1541
3 1476 1477 1542
3 1477 1543 1542
3 1477 1478 1543
3 1478 1544 1543
3 1478 1479 1544
3 1479 1545 1544
3 1479 1480 1545
3 1480 1546 1545
3 1480 1481 1546
3 1481 1547 1546
3 1481 1482 1547
3 1482 1483 1547
3 1547 1483 1548
3 1483 1484 1548
3 1548 1484 1549
3 1484 1485 1549
3 1549 1485 1550
3 1485 1486 1550
3 1550 1486 1551
3 1486 1552 1551
3 1486 1487 1552
3 1487 1488 1552
3 1552 1488 1553
3 1488 1489 1553
3 1553 1489 1554
3 1489 1490 1554
3 1554 1490 1555
3 1490 1491 1555
3 1555 1491 1556
3 1491 1557 1556
3 1491 1492 1557
3 1492 1558 1557
3 1492 1493 1558
3 1493 1559 1558
3 1493 1494 1559
3 1494 1560 1559
3 1494 1495 1560
3 1495 1496 1560
3 1560 1496 1561
3 1496 1497 1561
3 1561 1497 1562
3 1497 1498 1562
3 1562 1498 1563
3 1498 1499 1563
3 1563 1499 1564
3 1499 1500 1564
3 1564 1500 1565
3 1500 1501 1565
3 1565 1501 1566
3 1501 1502 1566
3 1566 1502 1567
3 1502 1503 1567
3 1567 1503 1568
3 1503 1504 1568
3 1568 1504 1569
3 1504 1505 1569
3 1569 1505 1570
3 1505 1506 1570
3 1570 1506 1571
3 1506 1507 1571
3 1571 1507 1572
3 1507 1508 1572
3 1572 1508 1573
3 1508 1509 1573
3 1573 1509 1574
3 1509 1510 1574
3 1574 1510 1575
3 1510 1511 1575
3 1575 1511 1576
3 1511 1512 1576
3 1576 1512 1577
3 1512 1513 1577
3 1577 1513 1578
3 1513 1514 1578
3 1578 1514 1579
3 1514 1515 1579
3 1579 1515 1580
3 1515 1516 1580
3 1580 1516 1581
3 1516 1582 1581
3 1516 1517 1582
3 1517 1518 1582
3 1582 1518 1583
3 1518 1519 1583
3 1583 1519 1584
3 1519 1520 1584
3 1584 1520 1585
3 1520 1521 1585
3 1585 1521 1586
3 1521 1522 1586
3 1586 1522 1587
3 1522 1523 1587
3 1587 1523 1588
3 1523 1524 1588
3 1588 1524 1589
3 1524 1590 1589
3 1524 1525 1590
3 1525 1591 1590
3 1525 1526 1591
3 1526 1527 1591
3 1591 1527 1592
3 1527 1528 1592
3 1592 1528 1593
3 1528 1529 1593
3 1593 1529 1594
3 1530 1531 1595
3 1595 1531 1596
3 1531 1532 1596
3 1596 1532 1597
3 1532 1533 1597
3 1597 1533 1598
3 1533 1599 1598
3 1533 1534 1599
3 1534 1535 1599
3 1599 1535 1600
3 1535 1536 1600
3 1600 1536 1601
3 1536 1537 1601
3 1601 1537 1602
3 1537 1538 1602
3 1602 1538 1603
3 1538 1539 1603
3 1603 1539 1604
3 1539 1540 1604
3 1604 1540 1605
3 1540 1606 1605
3 1540 1541 1606
3 1541 1607 1606
3 1541 1542 1607
3 1542 1608 1607
3 1542 1543 1608
3 1543 1544 1608
3 1608 1544 1609
3 1544 1545 1609
3 1609 1545 1610
3 1545 1546 1610
3 1610 1546 1611
3 1546 1612 1611
3 1546 1547 1612
3 1547 1548 1612
3 1612 1548 1613
3 1548 1549 1613
3 1613 1549 1614
3 1549 1550 1614
3 1614 1550 1615
3 1550 1551 1615
3 1615 1551 1616
3 1551 1552 1616
3 1616 1552 1617
3 1552 1553 1617
3 1617 1553 1618
3 1553 1554 1618
3 1618 1554 1619
3 1554 1555 1619
3 1619 1555 1620
3 1555 1556 1620
3 1620 1556 1621
3 1556 1557 1621
3 1621 1557 1622
3 1557 1558 1622
3 1622 1558 1623
3 1558 1559 1623
3 1623 1559 1624
3 1559 1560 1624
3 1624 1560 1625
3 1560 1561 1625
3 1625 1561 1626
3 1561 1562 1626
3 1626 1562 1627
3 1562 1563 1627
3 1627 1563 1628
3 1563 1564 1628
3 1628 1564 1629
3 1564 1565 1629
3 1629 1565 1630
3 1565 1566 1630
3 1630 1566 1631
3 1566 1567 1631
3 1631 1567 1632
3 1567 1568 1632
3 1632 1568 1633
3 1568 1569 1633
3 1633 1569 1634
3 1569 1570 1634
3 1634 1570 1635
3 1570 1571 1635
3 1635 1571 1636
3 1571 1572 1636
3 1636 1572 1637
3 1572 1573 1637
3 1637 1573 1638
3 1573 1574 1638
3 1638 1574 1639
3 1574 1575 1639
3 1639 1575 1640
3 1575 1576 1640
3 1640 1576 1641
3 1576 1577 1641
3 1641 1577 1642
3 1577 1578 1642
3 1642 1578 1643
3 1578 1579 1643
3 1643 1579 1644
3 1579 1580 1644
3 1644 1580 1645
3 1580 1581 1645
3 1645 1581 1646
3 1581 1647 1646
3 1581 1582 1647
3 1582 1583 1647
3 1647 1583 1648
3 1583 1584 1648
3 1648 1584 1649
3 1584 1585 1649
3 1649 1585 1650
3 1585 1586 1650
3 1650 1586 1651
3 1586 1587 1651
3 1651 1587 1652
3 1587 1588 1652
3 1652 1588 1653
3 1588 1589 1653
3 1653 1589 1654
3 1589 1590 1654
3 1654 1590 1655
3 1590 1591 1655
3 1655 1591 1656
3 1591 1592 1656
3 1656 1592 1657
3 1592 1593 1657
3 1657 1593 1658
3 1593 1594 1658
3 1595 1596 1659
3 1659 1596 1660
3 1596 1597 1660
3 1660 1597 1661
3 1597 1598 1661
3 1661 1598 1662
3 1598 1599 1662
3 1662 1599 1663
3 1599 1600 1663
3 1663 1600 1664
3 1600 1601 1664
3 1664 1601 1665
3 1601 1602 1665
3 1665 1602 1666
3 1602 1603 1666
3 1666 1603 1667
3 1603 1604 1667
3 1667 1604 1668
3 1604 1605 1668
3 1668 1605 1669
3 1605 1606 1669
3 1669 1606 1670
3 1606 1607 1670
3 1670 1607 1671
3 1607 1608 1671
3 1671 1608 1672
3 1608 1609 1672
3 1672 1609 1673
3 1609 1610 1673
3 1673 1610 1674
3 1610 1611 1674
3 1674 1611 1675
3 1611 1612 1675
3 1675 1612 1676
3 1612 1613 1676
3 1676 1613 1677
3 1613 1614 1677
3 1677 1614 1678
3 1614 1615 1678
3 1678 1615 1679
3 1615 1616 1679
3 1679 1616 1680
3 1616 1681 1680
3 1616 1617 1681
3 1617 1618 1681
3 1681 1618 1682
3 1618 1619 1682
3 1682 1619 1683
3 1619 1620 1683
3 1683 1620 1684
3 1620 1621 1684
3 1684 1621 1685
3 1621 1622 1685
3 1685 1622 1686
3 1622 1623 1686
3 1686 1623 1687
3 1623 1624 1687
3 1687 1624 1688
3 1624 1625 1688
3 1688 1625 1689
3 1625 1626 1689
3 1689 1626 1690
3 1626 1627 1690
3 1690 1627 1691
3 1627 1628 1691
3 1691 1628 1692
3 1628 1629 1692
3 1692 1629 1693
3 1629 1630 1693
3 1693 1630 1694
3 1630 1631 1694
3 1694 1631 1695
3 1631 1632 1695
3 1695 1632 1696
3 1632 1633 1696
3 1696 1633 1697
3 1633 1634 1697
3 1697 1634 1698
3 1634 1635 1698
3 1698 1635 1699
3 1635 1636 1699
3 1699 1636 1700
3 1636 1637 1700
3 1700 1637 1701
3 1637 1638 1701
3 1701 1638 1702
3 1638 1639 1702
3 1702 1639 1703
3 1639 1640 1703
3 1703 1640 1704
3 1640 1641 1704
3 1704 1641 1705
3 1641 1642 1705
3 1705 1642 1706
3 1642 1643 1706
3 1706 1643 1707
3 1643 1644 1707
3 1707 1644 1708
3 1644 1645 1708
3 1708 1645 1709
3 1645 1646 1709
3 1709 1646 1710
3 1646 1647 1710
3 1710 1647 1711
3 1647 1648 1711
3 1711 1648 1712
3 1648 1649 1712
3 1712 1649 1713
3 1649 1650 1713
3 1713 1650 1714
3 1650 1651 1714
3 1714 1651 1715
3 1651 1652 1715
3 1715 1652 1716
3 1652 1653 1716
3 1716 1653 1717
3 1653 1654 1717
3 1717 1654 1718
3 1654 1655 1718
3 1718 1655 1719
3 1655 1656 1719
3 1719 1656 1720
3 1656 1657 1720
3 1720 1657 1721
3 1657 1658 1721
3 1721 1658 1722
3 1659 1660 1723
3 1723 1660 1724
3 1660 1661 1724
3 1724 1661 1725
3 1661 1662 1725
3 1725 1662 1726
3 1662 1663 1726
3 1726 1663 1727
3 1663 1664 1727
3 1727 1664 1728
3 1664 1665 1728
3 1728 1665 1729
3 1665 1666 1729
3 1729 1666 1730
3 1666 1667 1730
3 1730 1667 1731
3 1667 1668 1731
3 1731 1668 1732
3 1668 1669 1732
3 1732 1669 1733
3 1669 1670 1733
3 1733 1670 1734
3 1670 1671 1734
3 1734 1671 1735
3 1671 1672 1735
3 1735 1672 1736
3 1672 1673 1736
3 1736 1673 1737
3 1673 1674 1737
3 1737 1674 1738
3 1674 1675 1738
3 1738 1675 1739
3 1675 1676 1739
3 1739 1676 1740
3 1676 1677 1740
3 1740 1677 1741
3 1677 1678 1741
3 1741 1678 1742
3 1678 1679 1742
3 1742 1679 1743
3 1679 1680 1743
3 1743 1680 1744
3 1680 1681 1744
3 1744 1681 1745
3 1681 1682 1745
3 1745 1682 1746
3 1682 1683 1746
3 1746 1683 1747
3 1683 1684 1747
3 1747 1684 1748
3 1684 1685 1748
3 1748 1685 1749
3 1685 1686 1749
3 1749 1686 1750
3 1686 1687 1750
3 1750 1687 1751
3 1687 1688 1751
3 1751 1688 1752
3 1688 1689 1752
3 1752 1689 1753
3 1689 1690 1753
3 1753 1690 1754
3 1690 1691 1754
3 1754 1691 1755
3 1691 1692 1755
3 1755 1692 1756
3 1692 1693 1756
3 1756 1693 1757
3 1693 1694 1757
3 1757 1694 1758
3 1694 1695 1758
3 1758 1695 1759
3 1695 1696 1759
3 1759 1696 1760
3 1696 1697 1760
3 1760 1697 1761
3 1697 1698 1761
3 1761 1698 1762
3 1698 1699 1762
3 1762 1699 1763
3 1699 1700 1763
3 1763 1700 1764
3 1700 1701 1764
3 1764 1701 1765
3 1701 1702 1765
3 1765 1702 1766
3 1702 1703 1766
3 1766 1703 1767
3 1703 1704 1767
3 1767 1704 1768
3 1704 1705 1768
3 1768 1705 1769
3 1705 1706 1769
3 1769 1706 1770
3 1706 1707 1770
3 1770 1707 1771
3 1707 1708 1771
3 1771 1708 1772
3 1708 1709 1772
3 1772 1709 1773
3 1709 1710 1773
3 1773 1710 1774
3 1710 1775 1774
3 1710 1711 1775
3 1711 1712 1775
3 1775 1712 1776
3 1712 1713 1776
3 1776 1713 1777
3 1713 1714 1777
3 1777 1714 1778
3 1714 1715 1778
3 1778 1715 1779
3 1715 1716 1779
3 1779 1716 1780
3 1716 1717 1780
3 1780 1717 1781
3 1717 1718 1781
3 1781 1718 1782
3 1718 1719 1782
3 1782 1719 1783
3 1719 1720 1783
3 1783 1720 1784
3 1720 1721 1784
3 1784 1721 1785
3 1721 1722 1785
3 1723 1724 1786
3 1786 1724 1787
3 1724 1725 1787
3 1787 1725 1788
3 1725 1726 1788
3 1788 1726 1789
3 1726 1727 1789
3 1789 1727 1790
3 1727 1728 1790
3 1790 1728 1791
3 1728 1729 1791
3 1791 1729 1792
3 1729 1730 1792
3 1792 1730 1793
3 1730 1731 1793
3 1793 1731 1794
3 1731 1732 1794
3 1794 1732 1795
3 1732 1733 1795
3 1795 1733 1796
3 1733 1734 1796
3 1796 1734 1797
3 1734 1798 1797
3 1734 1735 1798
3 1735 1736 1798
3 1798 1736 1799
3 1736 1737 1799
3 1799 1737 1800
3 1737 1738 1800
3 1800 1738 1801
3 1738 1739 1801
3 1801 1739 1802
3 1739 1740 1802
3 1802 1740 1803
3 1740 1741 1803
3 1803 1741 1804
3 1741 1742 1804
3 1804 1742 1805
3 1742 1743 1805
3 1805 1743 1806
3 1743 1744 1806
3 1806 1744 1807
3 1744 1745 1807
3 1807 1745 1808
3 1745 1746 1808
3 1808 1746 1809
3 1746 1747 1809
3 1809 1747 1810
3 1747 1748 1810
3 1810 1748 1811
3 1748 1749 1811
3 1811 1749 1812
3 1749 1750 1812
3 1812 1750 1813
3 1750 1751 1813
3 1813 1751 1814
3 1751 1752 1814
3 1814 1752 1815
3 1752 1753 1815
3 1815 1753 1816
3 1753 1754 1816
3 1816 1754 1817
3 1754 1755 1817
3 1817 1755 1818
3 1755 1756 1818
3 1818 1756 1819
3 1756 1757 1819
3 1819 1757 1820
3 1757 1758 1820
3 1820 1758 1821
3 1758 1759 1821
3 1821 1759 1822
3 1759 1760 1822
3 1822 1760 1823
3 1760 1761 1823
3 1823 1761 1824
3 1761 1762 1824
3 1824 1762 1825
3 1762 1763 1825
3 1825 1763 1826
3 1763 1764 1826
3 1826 1764 1827
3 1764 1765 1827
3 1827 1765 1828
3 1765 1766 1828
3 1828 1766 1829
3 1766 1767 1829
3 1829 1767 1830
3 1767 1768 1830
3 1830 1768 1831
3 1768 1769 1831
3 1831 1769 1832
3 1769 1770 1832
3 1832 1770 1833
3 1770 1771 1833
3 1833 1771 1834
3 1771 1772 1834
3 1834 1772 1835
3 1772 1773 1835
3 1835 1773 1836
3 1773 1774 1836
3 1836 1774 1837
3 1774 1838 1837
3 1774 1775 1838
3 1775 1776 1838
3 1838 1776 1839
3 1776 1777 1839
3 1839 1777 1840
3 1777 1778 1840
3 1840 1778 1841
3 1778 1779 1841
3 1841 1779 1842
3 1779 1780 1842
3 1842 1780 1843
3 1780 1781 1843
3 1843 1781 1844
3 1781 1782 1844
3 1844 1782 1845
3 1782 1783 1845
3 1845 1783 1846
3 1783 1784 1846
3 1846 1784 1847
3 1784 1785 1847
3 1847 1785 1848
3 1849 1786 1850
3 1786 1787 1850
3 1850 1787 1851
3 1787 1788 1851
3 1851 1788 1852
3 1788 1789 1852
3 1852 1789 1853
3 1789 1790 1853
3 1853 1790 1854
3 1790 1791 1854
3 1854 1791 1855
3 1791 1792 1855
3 1855 1792 1856
3 1792 1793 1856
3 1856 1793 1857
3 1793 1794 1857
3 1857 1794 1858
3 1794 1795 1858
3 1858 1795 1859
3 1795 1796 1859
3 1859 1796 1860
3 1796 1797 1860
3 1860 1797 1861
3 1797 1862 1861
3 1797 1798 1862
3 1798 1863 1862
3 1798 1799 1863
3 1799 1864 1863
3 1799 1800 1864
3 1800 1865 1864
3 1800 1801 1865
3 1801 1866 1865
3 1801 1802 1866
3 1802 1803 1866
3 1866 1803 1867
3 1803 1804 1867
3 1867 1804 1868
3 1804 1805 1868
3 1868 1805 1869
3 1805 1806 1869
3 1869 1806 1870
3 1806 1807 1870
3 1870 1807 1871
3 1807 1808 1871
3 1871 1808 1872
3 1808 1809 1872
3 1872 1809 1873
3 1809 1810 1873
3 1873 1810 1874
3 1810 1811 1874
3 1874 1811 1875
3 1811 1812 1875
3 1875 1812 1876
3 1812 1813 1876
3 1876 1813 1877
3 1813 1814 1877
3 1877 1814 1878
3 1814 1815 1878
3 1878 1815 1879
3 1815 1816 1879
3 1879 1816 1880
3 1816 1817 1880
3 1880 1817 1881
3 1817 1818 1881
3 1881 1818 1882
3 1818 1819 1882
3 1882 1819 1883
3 1819 1820 1883
3 1883 1820 1884
3 1820 1821 1884
3 1884 1821 1885
3 1821 1822 1885
3 1885 1822 1886
3 1822 1823 1886
3 1886 1823 1887
3 1823 1824 1887
3 1887 1824 1888
3 1824 1825 1888
3 1888 1825 1889
3 1825 1826 1889
3 1889 1826 1890
3 1826 1827 1890
3 1890 1827 1891
3 1827 1828 1891
3 1891 1828 1892
3 1828 1829 1892
3 1892 1829 1893
3 1829 1830 1893
3 1893 1830 1894
3 1830 1831 1894
3 1894 1831 1895
3 1831 1832 1895
3 1895 1832 1896
3 1832 1833 1896
3 1896 1833 1897
3 1833 1834 1897
3 1897 1834 1898
3 1834 1835 1898
3 1898 1835 1899
3 1835 1836 1899
3 1899 1836 1900
3 1836 1837 1900
3 1900 1837 1901
3 1837 1838 1901
3 1901 1838 1902
3 1838 1839 1902
3 1902 1839 1903
3 1839 1840 1903
3 1903 1840 1904
3 1840 1841 1904
3 1904 1841 1905
3 1841 1842 1905
3 1905 1842 1906
3 1842 1843 1906
3 1906 1843 1907
3 1843 1844 1907
3 1907 1844 1908
3 1844 1845 1908
3 1908 1845 1909
3 1845 1846 1909
3 1909 1846 1910
3 1846 1847 1910
3 1910 1847 1911
3 1847 1848 1911
3 1911 1848 1912
3 1913 1850 1914
3 1850 1851 1914
3 1914 1851 1915
3 1851 1852 1915
3 1915 1852 1916
3 1852 1853 1916
3 1916 1853 1917
3 1853 1854 1917
3 1917 1854 1918
3 1854 1855 1918
3 1918 1855 1919
3 1855 1856 1919
3 1919 1856 1920
3 1856 1857 1920
3 1920 1857 1921
3 1857 1858 1921
3 1921 1858 1922
3 1858 1859 1922
3 1922 1859 1923
3 1859 1860 1923
3 1923 1860 1924
3 1860 1925 1924
3 1860 1861 1925
3 1861 1862 1925
3 1925 1862 1926
3 1862 1863 1926
3 1926 1863 1927
3 1863 1864 1927
3 1927 1864 1928
3 1864 1865 1928
3 1928 1865 1929
3 1865 1866 1929
3 1929 1866 1930
3 1866 1867 1930
3 1930 1867 1931
3 1867 1868 1931
3 1931 1868 1932
3 1868 1869 1932
3 1932 1869 1933
3 1869 1870 1933
3 1933 1870 1934
3 1870 1871 1934
3 1934 1871 1935
3 1871 1872 1935
3 1935 1872 1936
3 1872 1873 1936
3 1936 1873 1937
3 1873 1874 1937
3 1937 1874 1938
3 1874 1875 1938
3 1938 1875 1939
3 1875 1876 1939
3 1939 1876 1940
3 1876 1877 1940
3 1940 1877 1941
3 1877 1878 1941
3 1941 1878 1942
3 1878 1879 1942
3 1942 1879 1943
3 1879 1880 1943
3 1943 1880 1944
3 1880 1881 1944
3 1944 1881 1945
3 1881 1882 1945
3 1945 1882 1946
3 1882 1883 1946
3 1946 1883 1947
3 1883 1884 1947
3 1947 1884 1948
3 1884 1885 1948
3 1948 1885 1949
3 1885 1886 1949
3 1949 1886 1950
3 1886 1887 1950
3 1950 1887 1951
3 1887 1888 1951
3 1951 1888 1952
3 1888 1889 1952
3 1952 1889 1953
3 1889 1890 1953
3 1953 1890 1954
3 1890 1891 1954
3 1954 1891 1955
3 1891 1892 1955
3 1955 1892 1956
3 1892 1893 1956
3 1956 1893 1957
3 1893 1894 1957
3 1957 1894 1958
3 1894 1895 1958
3 1958 1895 1959
3 1895 1896 1959
3 1959 1896 1960
3 1896 1897 1960
3 1960 1897 1961
3 1897 1898 1961
3 1961 1898 1962
3 1898 1899 1962
3 1962 1899 1963
3 1899 1900 1963
3 1963 1900 1964
3 1900 1901 1964
3 1964 1901 1965
3 1901 1966 1965
3 1901 1902 1966
3 1902 1903 1966
3 1966 1903 1967
3 1903 1904 1967
3 1967 1904 1968
3 1904 1905 1968
3 1968 1905 1969
3 1905 1906 1969
3 1969 1906 1970
3 1906 1907 1970
3 1970 1907 1971
3 1907 1908 1971
3 1971 1908 1972
3 1908 1909 1972
3 1972 1909 1973
3 1909 1910 1973
3 1973 1910 1974
3 1910 1911 1974
3 1974 1911 1975
3 1911 1912 1975
3 1913 1914 1976
3 1976 1914 1977
3 1914 1915 1977
3 1977 1915 1978
3 1915 1916 1978
3 1978 1916 1979
3 1916 1917 1979
3 1979 1917 1980
3 1917 1918 1980
3 1980 1918 1981
3 1918 1919 1981
3 1981 1919 1982
3 1919 1920 1982
3 1982 1920 1983
3 1920 1921 1983
3 1983 1921 1984
3 1921 1922 1984
3 1984 1922 1985
3 1922 1923 1985
3 1985 1923 1986
3 1923 1924 1986
3 1986 1924 1987
3 1924 1925 1987
3 1987 1925 1988
3 1925 1926 1988
3 1988 1926 1989
3 1926 1927 1989
3 1989 1927 1990
3 1927 1928 1990
3 1990 1928 1991
3 1928 1929 1991
3 1991 1929 1992
3 1929 1930 1992
3 1992 1930 1993
3 1930 1931 1993
3 1993 1931 1994
3 1931 1932 1994
3 1994 1932 1995
3 1932 1933 1995
3 1995 1933 1996
3 1933 1934 1996
3 1996 1934 1997
3 1934 1935 1997
3 1997 1935 1998
3 1935 1936 1998
3 1998 1936 1999
3 1936 1937 1999
3 1999 1937 2000
3 1937 1938 2000
3 2000 1938 2001
3 1938 1939 2001
3 2001 1939 2002
3 1939 1940 2002
3 2002 1940 2003
3 1940 1941 2003
3 2003 1941 2004
3 1941 1942 2004
3 2004 1942 2005
3 1942 1943 2005
3 2005 1943 2006
3 1943 1944 2006
3 2006 1944 2007
3 1944 1945 2007
3 2007 1945 2008
3 1945 1946 2008
3 2008 1946 2009
3 1946 1947 2009
3 2009 1947 2010
3 1947 1948 2010
3 2010 1948 2011
3 1948 1949 2011
3 2011 1949 2012
3 1949 1950 2012
3 2012 1950 2013
3 1950 1951 2013
3 2013 1951 2014
3 1951 1952 2014
3 2014 1952 2015
3 1952 1953 2015
3 2015 1953 2016
3 1953 1954 2016
3 2016 1954 2017
3 1954 1955 2017
3 2017 1955 2018
3 1955 1956 2018
3 2018 1956 2019
3 1956 1957 2019
3 2019 1957 2020
3 1957 1958 2020
3 2020 1958 2021
3 1958 1959 2021
3 2021 1959 2022
3 1959 1960 2022
3 2022 1960 2023
3 1960 1961 2023
3 2023 1961 2024
3 1961 1962 2024
3 2024 1962 2025
3 1962 1963 2025
3 2025 1963 2026
3 1963 1964 2026
3 2026 1964 2027
3 1964 1965 2027
3 2027 1965 2028
3 1965 1966 2028
3 2028 1966 2029
3 1966 1967 2029
3 2029 1967 2030
3 1967 1968 2030
3 2030 1968 2031
3 1968 1969 2031
3 2031 1969 2032
3 1969 1970 2032
3 2032 1970 2033
3 1970 1971 2033
3 2033 1971 2034
3 1971 1972 2034
3 2034 1972 2035
3 1972 1973 2035
3 2035 1973 2036
3 1973 1974 2036
3 2036 1974 2037
3 1974 1975 2037
3 2037 1975 2038
3 1976 1977 2039
3 2039 1977 2040
3 1977 1978 2040
3 2040 1978 2041
3 1978 1979 2041
3 2041 1979 2042
3 1979 1980 2042
3 2042 1980 2043
3 1980 1981 2043
3 2043 1981 2044
3 1981 1982 2044
3 2044 1982 2045
3 1982 1983 2045
3 2045 1983 2046
3 1983 1984 2046
3 2046 1984 2047
3 1984 1985 2047
3 2047 1985 2048
3 1985 1986 2048
3 2048 1986 2049
3 1986 1987 2049
3 2049 1987 2050
3 1987 1988 2050
3 2050 1988 2051
3 1988 1989 2051
3 2051 1989 2052
3 1989 1990 2052
3 2052 1990 2053
3 1990 1991 2053
3 2053 1991 2054
3 1991 1992 2054
3 2054 1992 2055
3 1992 1993 2055
3 2055 1993 2056
3 1993 1994 2056
3 2056 1994 2057
3 1994 1995 2057
3 2057 1995 2058
3 1995 1996 2058
3 2058 1996 2059
3 1996 1997 2059
3 2059 1997 2060
3 1997 1998 2060
3 2060 1998 2061
3 1998 1999 2061
3 2061 1999 2062
3 1999 2000 2062
3 2062 2000 2063
3 2000 2001 2063
3 2063 2001 2064
3 2001 2002 2064
3 2064 2002 2065
3 2002 2003 2065
3 2065 2003 2066
3 2003 2004 2066
3 2066 2004 2067
3 2004 2005 2067
3 2067 2005 2068
3 2005 2006 2068
3 2068 2006 2069
3 2006 2007 2069
3 2069 2007 2070
3 2007 2008 2070
3 2070 2008 2071
3 2008 2009 2071
3 2071 2009 2072
3 2009 2010 2072
3 2072 2010 2073
3 2010 2011 2073
3 2073 2011 2074
3 2011 2012 2074
3 2074 2012 2075
3 2012 2013 2075
3 2075 2013 2076
3 2013 2014 2076
3 2076 2014 2077
3 2014 2015 2077
3 2077 2015 2078
3 2015 2016 2078
3 2078 2016 2079
3 2016 2017 2079
3 2079 2017 2080
3 2017 2018 2080
3 2080 2018 2081
3 2018 2019 2081
3 2081 2019 2082
3 2019 2020 2082
3 2082 2020 2083
3 2020 2021 2083
3 2083 2021 2084
3 2021 2022 2084
3 2084 2022 2085
3 2022 2023 2085
3 2085 2023 2086
3 2023 2024 2086
3 2086 2024 2087
3 2024 2025 2087
3 2087 2025 2088
3 2025 2026 2088
3 2088 2026 2089
3 2026 2027 2089
3 2089 2027 2090
3 2027 2028 2090
3 2090 2028 2091
3 2028 2029 2091
3 2091 2029 2092
3 2029 2030 2092
3 2092 2030 2093
3 2030 2031 2093
3 2093 2031 2094
3 2031 2032 2094
3 2094 2032 2095
3 2032 2033 2095
3 2095 2033 2096
3 2033 2034 2096
3 2096 2034 2097
3 2034 2035 2097
3 2097 2035 2098
3 2035 2036 2098
3 2098 2036 2099
3 2036 2037 2099
3 2099 2037 2100
3 2037 2038 2100
3 2101 2039 2102
3 2039 2040 2102
3 2102 2040 2103
3 2040 2041 2103
3 2103 2041 2104
3 2041 2042 2104
3 2104 2042 2105
3 2042 2043 2105
3 2105 2043 2106
3 2043 2044 2106
3 2106 2044 2107
3 2044 2045 2107
3 2107 2045 2108
3 2045 2046 2108
3 2108 2046 2109
3 2046 2047 2109
3 2109 2047 2110
3 2047 2048 2110
3 2110 2048 2111
3 2048 2049 2111
3 2111 2049 2112
3 2049 2050 2112
3 2112 2050 2113
3 2050 2051 2113
3 2113 2051 2114
3 2051 2052 2114
3 2114 2052 2115
3 2052 2053 2115
3 2115 2053 2116
3 2053 2054 2116
3 2116 2054 2117
3 2054 2055 2117
3 2117 2055 2118
3 2055 2056 2118
3 2118 2056 2119
3 2056 2057 2119
3 2119 2057 2120
3 2057 2058 2120
3 2120 2058 2121
3 2058 2059 2121
3 2121 2059 2122
3 2059 2060 2122
3 2122 2060 2123
3 2060 2061 2123
3 2123 2061 2124
3 2061 2062 2124
3 2124 2062 2125
3 2062 2063 2125
3 2125 2063 2126
3 2063 2064 2126
3 2126 2064 2127
3 2064 2065 2127
3 2127 2065 2128
3 2065 2066 2128
3 2128 2066 2129
3 2066 2067 2129
3 2129 2067 2130
3 2067 2068 2130
3 2130 2068 2131
3 2068 2069 2131
3 2131 2069 2132
3 2069 2070 2132
3 2132 2070 2133
3 2070 2071 2133
3 2133 2071 2134
3 2071 2072 2134
3 2134 2072 2135
3 2072 2073 2135
3 2135 2073 2136
3 2073 2074 2136
3 2136 2074 2137
3 2074 2075 2137
3 2137 2075 2138
3 2075 2076 2138
3 2138 2076 2139
3 2076 2077 2139
3 2139 2077 2140
3 2077 2078 2140
3 2140 2078 2141
3 2078 2079 2141
3 2141 2079 2142
3 2079 2080 2142
3 2142 2080 2143
3 2080 2081 2143
3 2143 2081 2144
3 2081 2082 2144
3 2144 2082 2145
3 2082 2083 2145
3 2145 2083 2146
3 2083 2084 2146
3 2146 2084 2147
3 2084 2085 2147
3 2147 2085 2148
3 2085 2086 2148
3 2148 2086 2149
3 2086 2087 2149
3 2149 2087 2150
3 2087 2088 2150
3 2150 2088 2151
3 2088 2089 2151
3 2151 2089 2152
3 2089 2090 2152
3 2152 2090 2153
3 2090 2091 2153
3 2153 2091 2154
3 2091 2092 2154
3 2154 2092 2155
3 2092 2093 2155
3 2155 2093 2156
3 2093 2094 2156
3 2156 2094 2157
3 2094 2095 2157
3 2157 2095 2158
3 2095 2096 2158
3 2158 2096 2159
3 2096 2097 2159
3 2159 2097 2160
3 2097 2098 2160
3 2160 2098 2161
3 2098 2099 2161
3 2161 2099 2162
3 2099 2100 2162
3 2101 2102 2163
3 2163 2102 2164
3 2102 2103 2164
3 2164 2103 2165
3 2103 2104 2165
3 2165 2104 2166
3 2104 2105 2166
3 2166 2105 2167
3 2105 2106 2167
3 2167 2106 2168
3 2106 2107 2168
3 2168 2107 2169
3 2107 2108 2169
3 2169 2108 2170
3 2108 2109 2170
3 2170 2109 2171
3 2109 2110 2171
3 2171 2110 2172
3 2110 2111 2172
3 2172 2111 2173
3 2111 2112 2173
3 2173 2112 2174
3 2112 2113 2174
3 2174 2113 2175
3 2113 2114 2175
3 2175 2114 2176
3 2114 2115 2176
3 2176 2115 2177
3 2115 2116 2177
3 2177 2116 2178
3 2116 2117 2178
3 2178 2117 2179
3 2117 2118 2179
3 2179 2118 2180
3 2118 2119 2180
3 2180 2119 2181
3 2119 2120 2181
3 2181 2120 2182
3 2120 2121 2182
3 2182 2121 2183
3 2121 2122 2183
3 2183 2122 2184
3 2122 2123 2184
3 2184 2123 2185
3 2123 2124 2185
3 2185 2124 2186
3 2124 2125 2186
3 2186 2125 2187
3 2125 2126 2187
3 2187 2126 2188
3 2126 2127 2188
3 2188 2127 2189
3 2127 2128 2189
3 2189 2128 2190
3 2128 2129 2190
3 2190 2129 2191
3 2129 2130 2191
3 2191 2130 2192
3 2130 2131 2192
3 2192 2131 2193
3 2131 2132 2193
3 2193 2132 2194
3 2132 2133 2194
3 2194 2133 2195
3 2133 2134 2195
3 2195 2134 2196
3 2134 2135 2196
3 2196 2135 2197
3 2135 2136 2197
3 2197 2136 2198
3 2136 2137 2198
3 2198 2137 2199
3 2137 2138 2199
3 2199 2138 2200
3 2138 2139 2200
3 2200 2139 2201
3 2139 2140 2201
3 2201 2140 2202
3 2140 2141 2202
3 2202 2141 2203
3 2141 2142 2203
3 2203 2142 2204
3 2142 2143 2204
3 2204 2143 2205
3 2143 2144 2205
3 2205 2144 2206
3 2144 2145 2206
3 2206 2145 2207
3 2145 2146 2207
3 2207 2146 2208
3 2146 2147 2208
3 2208 2147 2209
3 2147 2148 2209
3 2209 2148 2210
3 2148 2149 2210
3 2210 2149 2211
3 2149 2150 2211
3 2211 2150 2212
3 2150 2151 2212
3 2212 2151 2213
3 2151 2152 2213
3 2213 2152 2214
3 2152 2153 2214
3 2214 2153 2215
3 2153 2154 2215
3 2215 2154 2216
3 2154 2155 2216
3 2216 2155 2217
3 2155 2156 2217
3 2217 2156 2218
3 2156 2157 2218
3 2218 2157 2219
3 2157 2158 2219
3 2219 2158 2220
3 2158 2159 2220
3 2220 2159 2221
3 2159 2160 2221
3 2221 2160 2222
3 2160 2161 2222
3 2222 2161 2223
3 2161 2162 2223
3 2223 2162 2224
3 2163 2164 2225
3 2225 2164 2226
3 2164 2165 2226
3 2226 2165 2227
3 2165 2166 2227
3 2227 2166 2228
3 2166 2167 2228
3 2228 2167 2229
3 2167 2168 2229
3 2229 2168 2230
3 2168 2169 2230
3 2230 2169 2231
3 2169 2170 2231
3 2231 2170 2232
3 2170 2171 2232
3 2232 2171 2233
3 2171 2172 2233
3 2233 2172 2234
3 2172 2173 2234
3 2234 2173 2235
3 2173 2174 2235
3 2235 2174 2236
3 2174 2175 2236
3 2236 2175 2237
3 2175 2176 2237
3 2237 2176 2238
3 2176 2177 2238
3 2238 2177 2239
3 2177 2178 2239
3 2239 2178 2240
3 2178 2179 2240
3 2240 2179 2241
3 2179 2180 2241
3 2241 2180 2242
3 2180 2181 2242
3 2242 2181 2243
3 2181 2182 2243
3 2243 2182 2244
3 2182 2183 2244
3 2244 2183 2245
3 2183 2184 2245
3 2245 2184 2246
3 2184 2185 2246
3 2246 2185 2247
3 2185 2186 2247
3 2247 2186 2248
3 2186 2187 2248
3 2248 2187 2249
3 2187 2188 2249
3 2249 2188 2250
3 2188 2189 2250
3 2250 2189 2251
3 2189 2190 2251
3 2251 2190 2252
3 2190 2191 2252
3 2252 2191 2253
3 2191 2192 2253
3 2253 2192 2254
3 2192 2193 2254
3 2254 2193 2255
3 2193 2194 2255
3 2255 2194 2256
3 2194 2195 2256
3 2256 2195 2257
3 2195 2196 2257
3 2257 2196 2258
3 2196 2197 2258
3 2258 2197 2259
3 2197 2198 2259
3 2259 2198 2260
3 2198 2199 2260
3 2260 2199 2261
3 2199 2200 2261
3 2261 2200 2262
3 2200 2201 2262
3 2262 2201 2263
3 2201 2202 2263
3 2263 2202 2264
3 2202 2203 2264
3 2264 2203 2265
3 2203 2204 2265
3 2265 2204 2266
3 2204 2205 2266
3 2266 2205 2267
3 2205 2206 2267
3 2267 2206 2268
3 2206 2207 2268
3 2268 2207 2269
3 2207 2208 2269
3 2269 2208 2270
3 2208 2209 2270
3 2270 2209 2271
3 2209 2210 2271
3 2271 2210 2272
3 2210 2211 2272
3 2272 2211 2273
3 2211 2212 2273
3 2273 2212 2274
3 2212 2213 2274
3 2274 2213 2275
3 2213 2214 2275
3 2275 2214 2276
3 2214 2215 2276
3 2276 2215 2277
3 2215 2216 2277
3 2277 2216 2278
3 2216 2217 2278
3 2278 2217 2279
3 2217 2218 2279
3 2279 2218 2280
3 2218 2219 2280
3 2280 2219 2281
3 2219 2220 2281
3 2281 2220 2282
3 2220 2221 2282
3 2282 2221 2283
3 2221 2222 2283
3 2283 2222 2284
3 2222 2223 2284
3 2284 2223 2285
3 2223 2224 2285
3 2225 2226 2286
3 2286 2226 2287
3 2226 2227 2287
3 2287 2227 2288
3 2227 2228 2288
3 2288 2228 2289
3 2228 2229 2289
3 2289 2229 2290
3 2229 2291 2290
3 2229 2230 2291
3 2230 2292 2291
3 2230 2231 2292
3 2231 2293 2292
3 2231 2232 2293
3 2232 2233 2293
3 2293 2233 2294
3 2233 2234 2294
3 2294 2234 2295
3 2234 2235 2295
3 2295 2235 2296
3 2235 2236 2296
3 2296 2236 2297
3 2236 2237 2297
3 2297 2237 2298
3 2237 2299 2298
3 2237 2238 2299
3 2238 2300 2299
3 2238 2239 2300
3 2239 2301 2300
3 2239 2240 2301
3 2240 2302 2301
3 2240 2241 2302
3 2241 2242 2302
3 2302 2242 2303
3 2242 2243 2303
3 2303 2243 2304
3 2243 2244 2304
3 2304 2244 2305
3 2244 2245 2305
3 2305 2245 2306
3 2245 2307 2306
3 2245 2246 2307
3 2246 2247 2307
3 2307 2247 2308
3 2247 2248 2308
3 2308 2248 2309
3 2248 2249 2309
3 2309 2249 2310
3 2249 2250 2310
3 2310 2250 2311
3 2250 2251 2311
3 2311 2251 2312
3 2251 2252 2312
3 2312 2252 2313
3 2252 2253 2313
3 2313 2253 2314
3 2253 2254 2314
3 2314 2254 2315
3 2254 2316 2315
3 2254 2255 2316
3 2255 2317 2316
3 2255 2256 2317
3 2256 2318 2317
3 2256 2257 2318
3 2257 2258 2318
3 2318 2258 2319
3 2258 2259 2319
3 2319 2259 2320
3 2259 2260 2320
3 2320 2260 2321
3 2260 2261 2321
3 2321 2261 2322
3 2261 2262 2322
3 2322 2262 2323
3 2262 2324 2323
3 2262 2263 2324
3 2263 2325 2324
3 2263 2264 2325
3 2264 2265 2325
3 2325 2265 2326
3 2265 2266 2326
3 2326 2266 2327
3 2266 2267 2327
3 2327 2267 2328
3 2267 2268 2328
3 2328 2268 2329
3 2268 2330 2329
3 2268 2269 2330
3 2269 2331 2330
3 2269 2270 2331
3 2270 2332 2331
3 2270 2271 2332
3 2271 2272 2332
3 2332 2272 2333
3 2272 2334 2333
3 2272 2273 2334
3 2273 2335 2334
3 2273 2274 2335
3 2274 2275 2335
3 2335 2275 2336
3 2275 2276 2336
3 2336 2276 2337
3 2276 2277 2337
3 2337 2277 2338
3 2277 2339 2338
3 2277 2278 2339
3 2278 2340 2339
3 2278 2279 2340
3 2279 2280 2340
3 2340 2280 2341
3 2280 2281 2341
3 2341 2281 2342
3 2281 2282 2342
3 2342 2282 2343
3 2282 2283 2343
3 2343 2283 2344
3 2283 2284 2344
3 2344 2284 2345
3 2284 2285 2345
3 2345 2285 2346
3 2286 2287 2347
3 2347 2287 2348
3 2287 2288 2348
3 2348 2288 2349
3 2288 2350 2349
3 2288 2289 2350
3 2289 2351 2350
3 2289 2290 2351
3 2290 2352 2351
3 2290 2291 2352
3 2291 2353 2352
3 2291 2292 2353
3 2292 2354 2353
3 2292 2293 2354
3 2293 2355 2354
3 2293 2294 2355
3 2294 2356 2355
3 2294 2295 2356
3 2295 2357 2356
3 2295 2296 2357
3 2296 2297 2357
3 2357 2297 2358
3 2297 2298 2358
3 2358 2298 2359
3 2298 2360 2359
3 2298 2299 2360
3 2299 2361 2360
3 2299 2300 2361
3 2300 2362 2361
3 2300 2301 2362
3 2301 2363 2362
3 2301 2302 2363
3 2302 2364 2363
3 2302 2303 2364
3 2303 2365 2364
3 2303 2304 2365
3 2304 2305 2365
3 2365 2305 2366
3 2305 2306 2366
3 2366 2306 2367
3 2306 2368 2367
3 2306 2307 2368
3 2307 2369 2368
3 2307 2308 2369
3 2308 2370 2369
3 2308 2309 2370
3 2309 2371 2370
3 2309 2310 2371
3 2310 2311 2371
3 2371 2311 2372
3 2311 2312 2372
3 2372 2312 2373
3 2312 2313 2373
3 2373 2313 2374
3 2313 2314 2374
3 2374 2314 2375
3 2314 2315 2375
3 2375 2315 2376
3 2315 2377 2376
3 2315 2316 2377
3 2316 2378 2377
3 2316 2317 2378
3 2317 2379 2378
3 2317 2318 2379
3 2318 2380 2379
3 2318 2319 2380
3 2319 2320 2380
3 2380 2320 2381
3 2320 2321 2381
3 2381 2321 2382
3 2321 2322 2382
3 2382 2322 2383
3 2322 2384 2383
3 2322 2323 2384
3 2323 2385 2384
3 2323 2324 2385
3 2324 2386 2385
3 2324 2325 2386
3 2325 2387 2386
3 2325 2326 2387
3 2326 2388 2387
3 2326 2327 2388
3 2327 2328 2388
3 2388 2328 2389
3 2328 2390 2389
3 2328 2329 2390
3 2329 2391 2390
3 2329 2330 2391
3 2330 2392 2391
3 2330 2331 2392
3 2331 2393 2392
3 2331 2332 2393
3 2332 2394 2393
3 2332 2333 2394
3 2333 2395 2394
3 2333 2334 2395
3 2334 2396 2395
3 2334 2335 2396
3 2335 2397 2396
3 2335 2336 2397
3 2336 2398 2397
3 2336 2337 2398
3 2337 2399 2398
3 2337 2338 2399
3 2338 2400 2399
3 2338 2339 2400
3 2339 2401 2400
3 2339 2340 2401
3 2340 2402 2401
3 2340 2341 2402
3 2341 2342 2402
3 2402 2342 2403
3 2342 2343 2403
3 2403 2343 2404
3 2343 2344 2404
3 2404 2344 2405
3 2344 2345 2405
3 2405 2345 2406
3 2345 2407 2406
3 2345 2346 2407
3 2347 2348 2408
3 2408 2348 2409
3 2348 2410 2409
3 2348 2349 2410
3 2349 2411 2410
3 2349 2350 2411
3 2350 2412 2411
3 2350 2351 2412
3 2351 2413 2412
3 2351 2352 2413
3 2352 2414 2413
3 2352 2353 2414
3 2353 2415 2414
3 2353 2354 2415
3 2354 2416 2415
3 2354 2355 2416
3 2355 2417 2416
3 2355 2356 2417
3 2356 2418 2417
3 2356 2357 2418
3 2357 2358 2418
3 2418 2358 2419
3 2358 2359 2419
3 2419 2359 2420
3 2359 2360 2420
3 2420 2360 2421
3 2360 2422 2421
3 2360 2361 2422
3 2361 2423 2422
3 2361 2362 2423
3 2362 2424 2423
3 2362 2363 2424
3 2363 2425 2424
3 2363 2364 2425
3 2364 2426 2425
3 2364 2365 2426
3 2365 2427 2426
3 2365 2366 2427
3 2366 2428 2427
3 2366 2367 2428
3 2367 2429 2428
3 2367 2368 2429
3 2368 2430 2429
3 2368 2369 2430
3 2369 2431 2430
3 2369 2370 2431
3 2370 2432 2431
3 2370 2371 2432
3 2371 2433 2432
3 2371 2372 2433
3 2372 2434 2433
3 2372 2373 2434
3 2373 2374 2434
3 2434 2374 2435
3 2374 2375 2435
3 2435 2375 2436
3 2375 2376 2436
3 2436 2376 2437
3 2376 2438 2437
3 2376 2377 2438
3 2377 2439 2438
3 2377 2378 2439
3 2378 2440 2439
3 2378 2379 2440
3 2379 2441 2440
3 2379 2380 2441
3 2380 2381 2441
3 2441 2381 2442
3 2381 2382 2442
3 2442 2382 2443
3 2382 2383 2443
3 2443 2383 2444
3 2383 2384 2444
3 2444 2384 2445
3 2384 2446 2445
3 2384 2385 2446
3 2385 2447 2446
3 2385 2386 2447
3 2386 2448 2447
3 2386 2387 2448
3 2387 2449 2448
3 2387 2388 2449
3 2388 2450 2449
3 2388 2389 2450
3 2389 2451 2450
3 2389 2390 2451
3 2390 2452 2451
3 2390 2391 2452
3 2391 2453 2452
3 2391 2392 2453
3 2392 2454 2453
3 2392 2393 2454
3 2393 2455 2454
3 2393 2394 2455
3 2394 2456 2455
3 2394 2395 2456
3 2395 2457 2456
3 2395 2396 2457
3 2396 2458 2457
3 2396 2397 2458
3 2397 2459 2458
3 2397 2398 2459
3 2398 2460 2459
3 2398 2399 2460
3 2399 2461 2460
3 2399 2400 2461
3 2400 2462 2461
3 2400 2401 2462
3 2401 2463 2462
3 2401 2402 2463
3 2402 2403 2463
3 2463 2403 2464
3 2403 2404 2464
3 2464 2404 2465
3 2404 2405 2465
3 2465 2405 2466
3 2405 2406 2466
3 2466 2406 2467
3 2406 2468 2467
3 2406 2407 2468
3 2408 2409 2469
3 2469 2409 2470
3 2409 2410 2470
3 2470 2410 2471
3 2410 2472 2471
3 2410 2411 2472
3 2411 2473 2472
3 2411 2412 2473
3 2412 2474 2473
3 2412 2413 2474
3 2413 2475 2474
3 2413 2414 2475
3 2414 2476 2475
3 2414 2415 2476
3 2415 2477 2476
3 2415 2416 2477
3 2416 2478 2477
3 2416 2417 2478
3 2417 2479 2478
3 2417 2418 2479
3 2418 2480 2479
3 2418 2419 2480
3 2419 2420 2480
3 2480 2420 2481
3 2420 2421 2481
3 2481 2421 2482
3 2421 2422 2482
3 2482 2422 2483
3 2422 2423 2483
3 2483 2423 2484
3 2423 2485 2484
3 2423 2424 2485
3 2424 2486 2485
3 2424 2425 2486
3 2425 2487 2486
3 2425 2426 2487
3 2426 2488 2487
3 2426 2427 2488
3 2427 2489 2488
3 2427 2428 2489
3 2428 2490 2489
3 2428 2429 2490
3 2429 2491 2490
3 2429 2430 2491
3 2430 2492 2491
3 2430 2431 2492
3 2431 2493 2492
3 2431 2432 2493
3 2432 2433 2493
3 2493 2433 2494
3 2433 2495 2494
3 2433 2434 2495
3 2434 2435 2495
3 2495 2435 2496
3 2435 2436 2496
3 2496 2436 2497
3 2436 2437 2497
3 2497 2437 2498
3 2437 2438 2498
3 2498 2438 2499
3 2438 2500 2499
3 2438 2439 2500
3 2439 2501 2500
3 2439 2440 2501
3 2440 2502 2501
3 2440 2441 2502
3 2441 2503 2502
3 2441 2442 2503
3 2442 2504 2503
3 2442 2443 2504
3 2443 2444 2504
3 2504 2444 2505
3 2444 2445 2505
3 2505 2445 2506
3 2445 2446 2506
3 2506 2446 2507
3 2446 2508 2507
3 2446 2447 2508
3 2447 2448 2508
3 2508 2448 2509
3 2448 2449 2509
3 2509 2449 2510
3 2449 2450 2510
3 2510 2450 2511
3 2450 2512 2511
3 2450 2451 2512
3 2451 2513 2512
3 2451 2452 2513
3 2452 2514 2513
3 2452 2453 2514
3 2453 2515 2514
3 2453 2454 2515
3 2454 2516 2515
3 2454 2455 2516
3 2455 2517 2516
3 2455 2456 2517
3 2456 2518 2517
3 2456 2457 2518
3 2457 2519 2518
3 2457 2458 2519
3 2458 2520 2519
3 2458 2459 2520
3 2459 2521 2520
3 2459 2460 2521
3 2460 2522 2521
3 2460 2461 2522
3 2461 2523 2522
3 2461 2462 2523
3 2462 2524 2523
3 2462 2463 2524
3 2463 2464 2524
3 2524 2464 2525
3 2464 2465 2525
3 2525 2465 2526
3 2465 2466 2526
3 2526 2466 2527
3 2466 2528 2527
3 2466 2467 2528
3 2467 2529 2528
3 2467 2468 2529
3 2469 2470 2530
3 2530 2470 2531
3 2470 2532 2531
3 2470 2471 2532
3 2471 2533 2532
3 2471 2472 2533
3 2472 2534 2533
3 2472 2473 2534
3 2473 2535 2534
3 2473 2474 2535
3 2474 2536 2535
3 2474 2475 2536
3 2475 2537 2536
3 2475 2476 2537
3 2476 2538 2537
3 2476 2477 2538
3 2477 2539 2538
3 2477 2478 2539
3 2478 2540 2539
3 2478 2479 2540
3 2479 2541 2540
3 2479 2480 2541
3 2480 2542 2541
3 2480 2481 2542
3 2481 2543 2542
3 2481 2482 2543
3 2482 2544 2543
3 2482 2483 2544
3 2483 2545 2544
3 2483 2484 2545
3 2484 2485 2545
3 2545 2485 2546
3 2485 2547 2546
3 2485 2486 2547
3 2486 2487 2547
3 2547 2487 2548
3 2487 2488 2548
3 2548 2488 2549
3 2488 2489 2549
3 2549 2489 2550
3 2489 2551 2550
3 2489 2490 2551
3 2490 2552 2551
3 2490 2491 2552
3 2491 2553 2552
3 2491 2492 2553
3 2492 2554 2553
3 2492 2493 2554
3 2493 2555 2554
3 2493 2494 2555
3 2494 2556 2555
3 2494 2495 2556
3 2495 2496 2556
3 2556 2496 2557
3 2496 2497 2557
3 2557 2497 2558
3 2497 2498 2558
3 2558 2498 2559
3 2498 2499 2559
3 2559 2499 2560
3 2499 2561 2560
3 2499 2500 2561
3 2500 2562 2561
3 2500 2501 2562
3 2501 2563 2562
3 2501 2502 2563
3 2502 2564 2563
3 2502 2503 2564
3 2503 2504 2564
3 2564 2504 2565
3 2504 2505 2565
3 2565 2505 2566
3 2505 2506 2566
3 2566 2506 2567
3 2506 2507 2567
3 2567 2507 2568
3 2507 2508 2568
3 2568 2508 2569
3 2508 2509 2569
3 2569 2509 2570
3 2509 2510 2570
3 2570 2510 2571
3 2510 2511 2571
3 2571 2511 2572
3 2511 2512 2572
3 2572 2512 2573
3 2512 2574 2573
3 2512 2513 2574
3 2513 2575 2574
3 2513 2514 2575
3 2514 2515 2575
3 2575 2515 2576
3 2515 2577 2576
3 2515 2516 2577
3 2516 2578 2577
3 2516 2517 2578
3 2517 2518 2578
3 2578 2518 2579
3 2518 2519 2579
3 2579 2519 2580
3 2519 2581 2580
3 2519 2520 2581
3 2520 2582 2581
3 2520 2521 2582
3 2521 2583 2582
3 2521 2522 2583
3 2522 2584 2583
3 2522 2523 2584
3 2523 2585 2584
3 2523 2524 2585
3 2524 2525 2585
3 2585 2525 2586
3 2525 2526 2586
3 2586 2526 2587
3 2526 2527 2587
3 2587 2527 2588
3 2527 2528 2588
3 2588 2528 2589
3 2528 2529 2589
3 2589 2529 2590
3 2530 2591 2592
3 2530 2531 2591
3 2531 2593 2591
3 2531 2532 2593
3 2532 2594 2593
3 2532 2533 2594
3 2533 2595 2594
3 2533 2534 2595
3 2534 2596 2595
3 2534 2535 2596
3 2535 2597 2596
3 2535 2536 2597
3 2536 2598 2597
3 2536 2537 2598
3 2537 2599 2598
3 2537 2538 2599
3 2538 2600 2599
3 2538 2539 2600
3 2539 2601 2600
3 2539 2540 2601
3 2540 2602 2601
3 2540 2541 2602
3 2541 2603 2602
3 2541 2542 2603
3 2542 2604 2603
3 2542 2543 2604
3 2543 2605 2604
3 2543 2544 2605
3 2544 2606 2605
3 2544 2545 2606
3 2545 2607 2606
3 2545 2546 2607
3 2546 2608 2607
3 2546 2547 2608
3 2547 2609 2608
3 2547 2548 2609
3 2548 2610 2609
3 2548 2549 2610
3 2549 2550 2610
3 2610 2550 2611
3 2550 2551 2611
3 2611 2551 2612
3 2551 2552 2612
3 2612 2552 2613
3 2552 2614 2613
3 2552 2553 2614
3 2553 2615 2614
3 2553 2554 2615
3 2554 2616 2615
3 2554 2555 2616
3 2555 2617 2616
3 2555 2556 2617
3 2556 2618 2617
3 2556 2557 2618
3 2557 2558 2618
3 2618 2558 2619
3 2558 2559 2619
3 2619 2559 2620
3 2559 2560 2620
3 2620 2560 2621
3 2560 2561 2621
3 2621 2561 2622
3 2561 2562 2622
3 2622 2562 2623
3 2562 2624 2623
3 2562 2563 2624
3 2563 2564 2624
3 2624 2564 2625
3 2564 2565 2625
3 2625 2565 2626
3 2565 2566 2626
3 2626 2566 2627
3 2566 2567 2627
3 2627 2567 2628
3 2567 2568 2628
3 2628 2568 2629
3 2568 2569 2629
3 2629 2569 2630
3 2569 2570 2630
3 2630 2570 2631
3 2570 2571 2631
3 2631 2571 2632
3 2571 2572 2632
3 2632 2572 2633
3 2572 2573 2633
3 2633 2573 2634
3 2573 2635 2634
3 2573 2574 2635
3 2574 2636 2635
3 2574 2575 2636
3 2575 2637 2636
3 2575 2576 2637
3 2576 2638 2637
3 2576 2577 2638
3 2577 2639 2638
3 2577 2578 2639
3 2578 2640 2639
3 2578 2579 2640
3 2579 2580 2640
3 2640 2580 2641
3 2580 2642 2641
3 2580 2581 2642
3 2581 2643 2642
3 2581 2582 2643
3 2582 2583 2643
3 2643 2583 2644
3 2583 2645 2644
3 2583 2584 2645
3 2584 2585 2645
3 2645 2585 2646
3 2585 2586 2646
3 2646 2586 2647
3 2586 2587 2647
3 2647 2587 2648
3 2587 2588 2648
3 2648 2588 2649
3 2588 2589 2649
3 2649 2589 2650
3 2589 2590 2650
3 2650 2590 2651
3 2592 2591 2652
3 2591 2653 2652
3 2591 2593 2653
3 2593 2654 2653
3 2593 2594 2654
3 2594 2655 2654
3 2594 2595 2655
3 2595 2656 2655
3 2595 2596 2656
3 2596 2657 2656
3 2596 2597 2657
3 2597 2658 2657
3 2597 2598 2658
3 2598 2659 2658
3 2598 2599 2659
3 2599 2660 2659
3 2599 2600 2660
3 2600 2661 2660
3 2600 2601 2661
3 2601 2662 2661
3 2601 2602 2662
3 2602 2663 2662
3 2602 2603 2663
3 2603 2664 2663
3 2603 2604 2664
3 2604 2665 2664
3 2604 2605 2665
3 2605 2666 2665
3 2605 2606 2666
3 2606 2667 2666
3 2606 2607 2667
3 2607 2668 2667
3 2607 2608 2668
3 2608 2669 2668
3 2608 2609 2669
3 2609 2670 2669
3 2609 2610 2670
3 2610 2671 2670
3 2610 2611 2671
3 2611 2612 2671
3 2671 2612 2672
3 2612 2613 2672
3 2672 2613 2673
3 2613 2614 2673
3 2673 2614 2674
3 2614 2675 2674
3 2614 2615 2675
3 2615 2676 2675
3 2615 2616 2676
3 2616 2677 2676
3 2616 2617 2677
3 2617 2678 2677
3 2617 2618 2678
3 2618 2619 2678
3 2678 2619 2679
3 2619 2620 2679
3 2679 2620 2680
3 2620 2621 2680
3 2680 2621 2681
3 2621 2622 2681
3 2681 2622 2682
3 2622 2623 2682
3 2682 2623 2683
3 2623 2684 2683
3 2623 2624 2684
3 2624 2625 2684
3 2684 2625 2685
3 2625 2626 2685
3 2685 2626 2686
3 2626 2627 2686
3 2686 2627 2687
3 2627 2628 2687
3 2687 2628 2688
3 2628 2629 2688
3 2688 2629 2689
3 2629 2630 2689
3 2689 2630 2690
3 2630 2631 2690
3 2690 2631 2691
3 2631 2632 2691
3 2691 2632 2692
3 2632 2633 2692
3 2692 2633 2693
3 2633 2634 2693
3 2693 2634 2694
3 2634 2695 2694
3 2634 2635 2695
3 2635 2696 2695
3 2635 2636 2696
3 2636 2697 2696
3 2636 2637 2697
3 2637 2638 2697
3 2697 2638 2698
3 2638 2699 2698
3 2638 2639 2699
3 2639 2700 2699
3 2639 2640 2700
3 2640 2701 2700
3 2640 2641 2701
3 2641 2702 2701
3 2641 2642 2702
3 2642 2643 2702
3 2702 2643 2703
3 2643 2644 2703
3 2703 2644 2704
3 2644 2705 2704
3 2644 2645 2705
3 2645 2706 2705
3 2645 2646 2706
3 2646 2647 2706
3 2706 2647 2707
3 2647 2648 2707
3 2707 2648 2708
3 2648 2649 2708
3 2708 2649 2709
3 2649 2650 2709
3 2709 2650 2710
3 2650 2711 2710
3 2650 2651 2711
3 2652 2653 2712
3 2712 2653 2713
3 2653 2654 2713
3 2713 2654 2714
3 2654 2715 2714
3 2654 2655 2715
3 2655 2716 2715
3 2655 2656 2716
3 2656 2717 2716
3 2656 2657 2717
3 2657 2718 2717
3 2657 2658 2718
3 2658 2719 2718
3 2658 2659 2719
3 2659 2720 2719
3 2659 2660 2720
3 2660 2721 2720
3 2660 2661 2721
3 2661 2722 2721
3 2661 2662 2722
3 2662 2723 2722
3 2662 2663 2723
3 2663 2724 2723
3 2663 2664 2724
3 2664 2725 2724
3 2664 2665 2725
3 2665 2726 2725
3 2665 2666 2726
3 2666 2727 2726
3 2666 2667 2727
3 2667 2668 2727
3 2727 2668 2728
3 2668 2729 2728
3 2668 2669 2729
3 2669 2730 2729
3 2669 2670 2730
3 2670 2731 2730
3 2670 2671 2731
3 2671 2672 2731
3 2731 2672 2732
3 2672 2673 2732
3 2732 2673 2733
3 2673 2674 2733
3 2733 2674 2734
3 2674 2675 2734
3 2734 2675 2735
3 2675 2676 2735
3 2735 2676 2736
3 2676 2737 2736
3 2676 2677 2737
3 2677 2738 2737
3 2677 2678 2738
3 2678 2679 2738
3 2738 2679 2739
3 2679 2680 2739
3 2739 2680 2740
3 2680 2681 2740
3 2740 2681 2741
3 2681 2742 2741
3 2681 2682 2742
3 2682 2683 2742
3 2742 2683 2743
3 2683 2684 2743
3 2743 2684 2744
3 2684 2685 2744
3 2744 2685 2745
3 2685 2686 2745
3 2745 2686 2746
3 2686 2687 2746
3 2746 2687 2747
3 2687 2688 2747
3 2747 2688 2748
3 2688 2689 2748
3 2748 2689 2749
3 2689 2690 2749
3 2749 2690 2750
3 2690 2691 2750
3 2750 2691 2751
3 2691 2692 2751
3 2751 2692 2752
3 2692 2693 2752
3 2752 2693 2753
3 2693 2694 2753
3 2753 2694 2754
3 2694 2695 2754
3 2754 2695 2755
3 2695 2756 2755
3 2695 2696 2756
3 2696 2697 2756
3 2756 2697 2757
3 2697 2698 2757
3 2757 2698 2758
3 2698 2699 2758
3 2758 2699 2759
3 2699 2760 2759
3 2699 2700 2760
3 2700 2761 2760
3 2700 2701 2761
3 2701 2762 2761
3 2701 2702 2762
3 2702 2703 2762
3 2762 2703 2763
3 2703 2704 2763
3 2763 2704 2764
3 2704 2765 2764
3 2704 2705 2765
3 2705 2766 2765
3 2705 2706 2766
3 2706 2707 2766
3 2766 2707 2767
3 2707 2708 2767
3 2767 2708 2768
3 2708 2709 2768
3 2768 2709 2769
3 2709 2710 2769
3 2769 2710 2770
3 2710 2771 2770
3 2710 2711 2771
3 2772 2712 2773
3 2712 2713 2773
3 2773 2713 2774
3 2713 2714 2774
3 2774 2714 2775
3 2714 2715 2775
3 2775 2715 2776
3 2715 2716 2776
3 2776 2716 2777
3 2716 2717 2777
3 2777 2717 2778
3 2717 2718 2778
3 2778 2718 2779
3 2718 2719 2779
3 2779 2719 2780
3 2719 2720 2780
3 2780 2720 2781
3 2720 2721 2781
3 2781 2721 2782
3 2721 2722 2782
3 2782 2722 2783
3 2722 2723 2783
3 2783 2723 2784
3 2723 2724 2784
3 2784 2724 2785
3 2724 2725 2785
3 2785 2725 2786
3 2725 2726 2786
3 2786 2726 2787
3 2726 2727 2787
3 2787 2727 2788
3 2727 2728 2788
3 2788 2728 2789
3 2728 2729 2789
3 2789 2729 2790
3 2729 2730 2790
3 2790 2730 2791
3 2730 2731 2791
3 2791 2731 2792
3 2731 2732 2792
3 2792 2732 2793
3 2732 2733 2793
3 2793 2733 2794
3 2733 2734 2794
3 2794 2734 2795
3 2734 2735 2795
3 2795 2735 2796
3 2735 2736 2796
3 2796 2736 2797
3 2736 2737 2797
3 2797 2737 2798
3 2737 2738 2798
3 2798 2738 2799
3 2738 2739 2799
3 2799 2739 2800
3 2739 2740 2800
3 2800 2740 2801
3 2740 2741 2801
3 2801 2741 2802
3 2741 2742 2802
3 2802 2742 2803
3 2742 2743 2803
3 2803 2743 2804
3 2743 2744 2804
3 2804 2744 2805
3 2744 2745 2805
3 2805 2745 2806
3 2745 2746 2806
3 2806 2746 2807
3 2746 2747 2807
3 2807 2747 2808
3 2747 2748 2808
3 2808 2748 2809
3 2748 2749 2809
3 2809 2749 2810
3 2749 2750 2810
3 2810 2750 2811
3 2750 2751 2811
3 2811 2751 2812
3 2751 2752 2812
3 2812 2752 2813
3 2752 2753 2813
3 2813 2753 2814
3 2753 2754 2814
3 2814 2754 2815
3 2754 2755 2815
3 2815 2755 2816
3 2755 2756 2816
3 2816 2756 2817
3 2756 2757 2817
3 2817 2757 2818
3 2757 2758 2818
3 2818 2758 2819
3 2758 2759 2819
3 2819 2759 2820
3 2759 2760 2820
3 2820 2760 2821
3 2760 2761 2821
3 2821 2761 2822
3 2761 2762 2822
3 2822 2762 2823
3 2762 2763 2823
3 2823 2763 2824
3 2763 2764 2824
3 2824 2764 2825
3 2764 2765 2825
3 2825 2765 2826
3 2765 2766 2826
3 2826 2766 2827
3 2766 2767 2827
3 2827 2767 2828
3 2767 2768 2828
3 2828 2768 2829
3 2768 2769 2829
3 2829 2769 2830
3 2769 2770 2830
3 2830 2770 2831
3 2770 2771 2831
3 2772 2773 2832
3 2832 2773 2833
3 2773 2774 2833
3 2833 2774 2834
3 2774 2775 2834
3 2834 2775 2835
3 2775 2776 2835
3 2835 2776 2836
3 2776 2777 2836
3 2836 2777 2837
3 2777 2778 2837
3 2837 2778 2838
3 2778 2779 2838
3 2838 2779 2839
3 2779 2780 2839
3 2839 2780 2840
3 2780 2781 2840
3 2840 2781 2841
3 2781 2782 2841
3 2841 2782 2842
3 2782 2783 2842
3 2842 2783 2843
3 2783 2784 2843
3 2843 2784 2844
3 2784 2785 2844
3 2844 2785 2845
3 2785 2786 2845
3 2845 2786 2846
3 2786 2787 2846
3 2846 2787 2847
3 2787 2788 2847
3 2847 2788 2848
3 2788 2789 2848
3 2848 2789 2849
3 2789 2790 2849
3 2849 2790 2850
3 2790 2791 2850
3 2850 2791 2851
3 2791 2792 2851
3 2851 2792 2852
3 2792 2793 2852
3 2852 2793 2853
3 2793 2794 2853
3 2853 2794 2854
3 2794 2795 2854
3 2854 2795 2855
3 2795 2796 2855
3 2855 2796 2856
3 2796 2797 2856
3 2856 2797 2857
3 2797 2798 2857
3 2857 2798 2858
3 2798 2799 2858
3 2858 2799 2859
3 2799 2800 2859
3 2859 2800 2860
3 2800 2801 2860
3 2860 2801 2861
3 2801 2802 2861
3 2861 2802 2862
3 2802 2803 2862
3 2862 2803 2863
3 2803 2804 2863
3 2863 2804 2864
3 2804 2805 2864
3 2864 2805 2865
3 2805 2806 2865
3 2865 2806 2866
3 2806 2807 2866
3 2866 2807 2867
3 2807 2808 2867
3 2867 2808 2868
3 2808 2809 2868
3 2868 2809 2869
3 2809 2810 2869
3 2869 2810 2870
3 2810 2811 2870
3 2870 2811 2871
3 2811 2812 2871
3 2871 2812 2872
3 2812 2813 2872
3 2872 2813 2873
3 2813 2814 2873
3 2873 2814 2874
3 2814 2815 2874
3 2874 2815 2875
3 2815 2816 2875
3 2875 2816 2876
3 2816 2817 2876
3 2876 2817 2877
3 2817 2818 2877
3 2877 2818 2878
3 2818 2819 2878
3 2878 2819 2879
3 2819 2820 2879
3 2879 2820 2880
3 2820 2821 2880
3 2880 2821 2881
3 2821 2822 2881
3 2881 2822 2882
3 2822 2823 2882
3 2882 2823 2883
3 2823 2824 2883
3 2883 2824 2884
3 2824 2825 2884
3 2884 2825 2885
3 2825 2826 2885
3 2885 2826 2886
3 2826 2827 2886
3 2886 2827 2887
3 2827 2828 2887
3 2887 2828 2888
3 2828 2829 2888
3 2888 2829 2889
3 2829 2830 2889
3 2889 2830 2890
3 2830 2831 2890
3 2890 2831 2891
3 2832 2833 2892
3 2892 2833 2893
3 2833 2834 2893
3 2893 2834 2894
3 2834 2835 2894
3 2894 2835 2895
3 2835 2836 2895
3 2895 2836 2896
3 2836 2897 2896
3 2836 2837 2897
3 2837 2898 2897
3 2837 2838 2898
3 2838 2899 2898
3 2838 2839 2899
3 2839 2900 2899
3 2839 2840 2900
3 2840 2901 2900
3 2840 2841 2901
3 2841 2902 2901
3 2841 2842 2902
3 2842 2903 2902
3 2842 2843 2903
3 2843 2904 2903
3 2843 2844 2904
3 2844 2905 2904
3 2844 2845 2905
3 2845 2906 2905
3 2845 2846 2906
3 2846 2847 2906
3 2906 2847 2907
3 2847 2848 2907
3 2907 2848 2908
3 2848 2909 2908
3 2848 2849 2909
3 2849 2910 2909
3 2849 2850 2910
3 2850 2851 2910
3 2910 2851 2911
3 2851 2852 2911
3 2911 2852 2912
3 2852 2853 2912
3 2912 2853 2913
3 2853 2854 2913
3 2913 2854 2914
3 2854 2855 2914
3 2914 2855 2915
3 2855 2916 2915
3 2855 2856 2916
3 2856 2917 2916
3 2856 2857 2917
3 2857 2918 2917
3 2857 2858 2918
3 2858 2919 2918
3 2858 2859 2919
3 2859 2860 2919
3 2919 2860 2920
3 2860 2861 2920
3 2920 2861 2921
3 2861 2862 2921
3 2921 2862 2922
3 2862 2923 2922
3 2862 2863 2923
3 2863 2924 2923
3 2863 2864 2924
3 2864 2925 2924
3 2864 2865 2925
3 2865 2866 2925
3 2925 2866 2926
3 2866 2867 2926
3 2926 2867 2927
3 2867 2868 2927
3 2927 2868 2928
3 2868 2869 2928
3 2928 2869 2929
3 2869 2870 2929
3 2929 2870 2930
3 2870 2871 2930
3 2930 2871 2931
3 2871 2872 2931
3 2931 2872 2932
3 2872 2873 2932
3 2932 2873 2933
3 2873 2874 2933
3 2933 2874 2934
3 2874 2875 2934
3 2934 2875 2935
3 2875 2876 2935
3 2935 2876 2936
3 2876 2937 2936
3 2876 2877 2937
3 2877 2938 2937
3 2877 2878 2938
3 2878 2939 2938
3 2878 2879 2939
3 2879 2940 2939
3 2879 2880 2940
3 2880 2941 2940
3 2880 2881 2941
3 2881 2882 2941
3 2941 2882 2942
3 2882 2883 2942
3 2942 2883 2943
3 2883 2884 2943
3 2943 2884 2944
3 2884 2885 2944
3 2944 2885 2945
3 2885 2886 2945
3 2945 2886 2946
3 2886 2887 2946
3 2946 2887 2947
3 2887 2888 2947
3 2947 2888 2948
3 2888 2889 2948
3 2948 2889 2949
3 2889 2890 2949
3 2949 2890 2950
3 2890 2891 2950
3 2950 2891 2951
3 2892 2952 2953
3 2892 2893 2952
3 2893 2954 2952
3 2893 2894 2954
3 2894 2955 2954
3 2894 2895 2955
3 2895 2956 2955
3 2895 2896 2956
3 2896 2957 2956
3 2896 2897 2957
3 2897 2958 2957
3 2897 2898 2958
3 2898 2959 2958
3 2898 2899 2959
3 2899 2960 2959
3 2899 2900 2960
3 2900 2961 2960
3 2900 2901 2961
3 2901 2962 2961
3 2901 2902 2962
3 2902 2963 2962
3 2902 2903 2963
3 2903 2964 2963
3 2903 2904 2964
3 2904 2965 2964
3 2904 2905 2965
3 2905 2966 2965
3 2905 2906 2966
3 2906 2967 2966
3 2906 2907 2967
3 2907 2968 2967
3 2907 2908 2968
3 2908 2969 2968
3 2908 2909 2969
3 2909 2970 2969
3 2909 2910 2970
3 2910 2971 2970
3 2910 2911 2971
3 2911 2912 2971
3 2971 2912 2972
3 2912 2973 2972
3 2912 2913 2973
3 2913 2914 2973
3 2973 2914 2974
3 2914 2915 2974
3 2974 2915 2975
3 2915 2976 2975
3 2915 2916 2976
3 2916 2977 2976
3 2916 2917 2977
3 2917 2978 2977
3 2917 2918 2978
3 2918 2979 2978
3 2918 2919 2979
3 2919 2980 2979
3 2919 2920 2980
3 2920 2981 2980
3 2920 2921 2981
3 2921 2922 2981
3 2981 2922 2982
3 2922 2983 2982
3 2922 2923 2983
3 2923 2984 2983
3 2923 2924 2984
3 2924 2985 2984
3 2924 2925 2985
3 2925 2926 2985
3 2985 2926 2986
3 2926 2927 2986
3 2986 2927 2987
3 2927 2928 2987
3 2987 2928 2988
3 2928 2929 2988
3 2988 2929 2989
3 2929 2930 2989
3 2989 2930 2990
3 2930 2931 2990
3 2990 2931 2991
3 2931 2932 2991
3 2991 2932 2992
3 2932 2933 2992
3 2992 2933 2993
3 2933 2934 2993
3 2993 2934 2994
3 2934 2935 2994
3 2994 2935 2995
3 2935 2936 2995
3 2995 2936 2996
3 2936 2997 2996
3 2936 2937 2997
3 2937 2998 2997
3 2937 2938 2998
3 2938 2999 2998
3 2938 2939 2999
3 2939 2940 2999
3 2999 2940 3000
3 2940 3001 3000
3 2940 2941 3001
3 2941 3002 3001
3 2941 2942 3002
3 2942 2943 3002
3 3002 2943 3003
3 2943 2944 3003
3 3003 2944 3004
3 2944 2945 3004
3 3004 2945 3005
3 2945 3006 3005
3 2945 2946 3006
3 2946 2947 3006
3 3006 2947 3007
3 2947 2948 3007
3 3007 2948 3008
3 2948 2949 3008
3 3008 2949 3009
3 2949 2950 3009
3 3009 2950 3010
3 2950 2951 3010
3 3010 2951 3011
3 2953 2952 3012
3 3012 2952 3013
3 2952 2954 3013
3 3013 2954 3014
3 2954 2955 3014
3 3014 2955 3015
3 2955 2956 3015
3 3015 2956 3016
3 2956 3017 3016
3 2956 2957 3017
3 2957 3018 3017
3 2957 2958 3018
3 2958 3019 3018
3 2958 2959 3019
3 2959 3020 3019
3 2959 2960 3020
3 2960 3021 3020
3 2960 2961 3021
3 2961 3022 3021
3 2961 2962 3022
3 2962 3023 3022
3 2962 2963 3023
3 2963 3024 3023
3 2963 2964 3024
3 2964 3025 3024
3 2964 2965 3025
3 2965 3026 3025
3 2965 2966 3026
3 2966 3027 3026
3 2966 2967 3027
3 2967 3028 3027
3 2967 2968 3028
3 2968 3029 3028
3 2968 2969 3029
3 2969 2970 3029
3 3029 2970 3030
3 2970 2971 3030
3 3030 2971 3031
3 2971 2972 3031
3 3031 2972 3032
3 2972 2973 3032
3 3032 2973 3033
3 2973 2974 3033
3 3033 2974 3034
3 2974 2975 3034
3 3034 2975 3035
3 2975 2976 3035
3 3035 2976 3036
3 2976 2977 3036
3 3036 2977 3037
3 2977 2978 3037
3 3037 2978 3038
3 2978 2979 3038
3 3038 2979 3039
3 2979 2980 3039
3 3039 2980 3040
3 2980 2981 3040
3 3040 2981 3041
3 2981 2982 3041
3 3041 2982 3042
3 2982 2983 3042
3 3042 2983 3043
3 2983 2984 3043
3 3043 2984 3044
3 2984 2985 3044
3 3044 2985 3045
3 2985 2986 3045
3 3045 2986 3046
3 2986 2987 3046
3 3046 2987 3047
3 2987 2988 3047
3 3047 2988 3048
3 2988 2989 3048
3 3048 2989 3049
3 2989 2990 3049
3 3049 2990 3050
3 2990 2991 3050
3 3050 2991 3051
3 2991 2992 3051
3 3051 2992 3052
3 2992 2993 3052
3 3052 2993 3053
3 2993 2994 3053
3 3053 2994 3054
3 2994 2995 3054
3 3054 2995 3055
3 2995 2996 3055
3 3055 2996 3056
3 2996 2997 3056
3 3056 2997 3057
3 2997 2998 3057
3 3057 2998 3058
3 2998 2999 3058
3 3058 2999 3059
3 2999 3000 3059
3 3059 3000 3060
3 3000 3001 3060
3 3060 3001 3061
3 3001 3002 3061
3 3061 3002 3062
3 3002 3003 3062
3 3062 3003 3063
3 3003 3004 3063
3 3063 3004 3064
3 3004 3005 3064
3 3064 3005 3065
3 3005 3066 3065
3 3005 3006 3066
3 3006 3007 3066
3 3066 3007 3067
3 3007 3008 3067
3 3067 3008 3068
3 3008 3009 3068
3 3068 3009 3069
3 3009 3010 3069
3 3069 3010 3070
3 3010 3011 3070
3 3012 3013 3071
3 3071 3013 3072
3 3013 3014 3072
3 3072 3014 3073
3 3014 3015 3073
3 3073 3015 3074
3 3015 3016 3074
3 3074 3016 3075
3 3016 3076 3075
3 3016 3017 3076
3 3017 3077 3076
3 3017 3018 3077
3 3018 3078 3077
3 3018 3019 3078
3 3019 3079 3078
3 3019 3020 3079
3 3020 3080 3079
3 3020 3021 3080
3 3021 3081 3080
3 3021 3022 3081
3 3022 3082 3081
3 3022 3023 3082
3 3023 3083 3082
3 3023 3024 3083
3 3024 3084 3083
3 3024 3025 3084
3 3025 3085 3084
3 3025 3026 3085
3 3026 3086 3085
3 3026 3027 3086
3 3027 3087 3086
3 3027 3028 3087
3 3028 3029 3087
3 3087 3029 3088
3 3029 3030 3088
3 3088 3030 3089
3 3030 3031 3089
3 3089 3031 3090
3 3031 3032 3090
3 3090 3032 3091
3 3032 3033 3091
3 3091 3033 3092
3 3033 3034 3092
3 3092 3034 3093
3 3034 3035 3093
3 3093 3035 3094
3 3035 3036 3094
3 3094 3036 3095
3 3036 3037 3095
3 3095 3037 3096
3 3037 3097 3096
3 3037 3038 3097
3 3038 3039 3097
3 3097 3039 3098
3 3039 3040 3098
3 3098 3040 3099
3 3040 3041 3099
3 3099 3041 3100
3 3041 3042 3100
3 3100 3042 3101
3 3042 3043 3101
3 3101 3043 3102
3 3043 3044 3102
3 3102 3044 3103
3 3044 3045 3103
3 3103 3045 3104
3 3045 3046 3104
3 3104 3046 3105
3 3046 3047 3105
3 3105 3047 3106
3 3047 3048 3106
3 3106 3048 3107
3 3048 3049 3107
3 3107 3049 3108
3 3049 3050 3108
3 3108 3050 3109
3 3050 3051 3109
3 3109 3051 3110
3 3051 3052 3110
3 3110 3052 3111
3 3052 3053 3111
3 3111 3053 3112
3 3053 3054 3112
3 3112 3054 3113
3 3054 3055 3113
3 3113 3055 3114
3 3055 3056 3114
3 3114 3056 3115
3 3056 3057 3115
3 3115 3057 3116
3 3057 3058 3116
3 3116 3058 3117
3 3058 3059 3117
3 3117 3059 3118
3 3059 3060 3118
3 3118 3060 3119
3 3060 3061 3119
3 3119 3061 3120
3 3061 3062 3120
3 3120 3062 3121
3 3062 3063 3121
3 3121 3063 3122
3 3063 3064 3122
3 3122 3064 3123
3 3064 3065 3123
3 3123 3065 3124
3 3065 3066 3124
3 3124 3066 3125
3 3066 3067 3125
3 3125 3067 3126
3 3067 3068 3126
3 3126 3068 3127
3 3068 3069 3127
3 3127 3069 3128
3 3069 3070 3128
3 3128 3070 3129
3 3070 3130 3129
3 3071 3072 3131
3 3131 3072 3132
3 3072 3073 3132
3 3132 3073 3133
3 3073 3074 3133
3 3133 3074 3134
3 3074 3075 3134
3 3134 3075 3135
3 3075 3076 3135
3 3135 3076 3136
3 3076 3077 3136
3 3136 3077 3137
3 3077 3078 3137
3 3137 3078 3138
3 3078 3079 3138
3 3138 3079 3139
3 3079 3080 3139
3 3139 3080 3140
3 3080 3141 3140
3 3080 3081 3141
3 3081 3142 3141
3 3081 3082 3142
3 3082 3143 3142
3 3082 3083 3143
3 3083 3144 3143
3 3083 3084 3144
3 3084 3145 3144
3 3084 3085 3145
3 3085 3086 3145
3 3145 3086 3146
3 3086 3087 3146
3 3146 3087 3147
3 3087 3088 3147
3 3147 3088 3148
3 3088 3089 3148
3 3148 3089 3149
3 3089 3090 3149
3 3149 3090 3150
3 3090 3091 3150
3 3150 3091 3151
3 3091 3092 3151
3 3151 3092 3152
3 3092 3093 3152
3 3152 3093 3153
3 3093 3094 3153
3 3153 3094 3154
3 3094 3095 3154
3 3154 3095 3155
3 3095 3096 3155
3 3155 3096 3156
3 3096 3157 3156
3 3096 3097 3157
3 3097 3098 3157
3 3157 3098 3158
3 3098 3099 3158
3 3158 3099 3159
3 3099 3100 3159
3 3159 3100 3160
3 3100 3101 3160
3 3160 3101 3161
3 3101 3162 3161
3 3101 3102 3162
3 3102 3103 3162
3 3162 3103 3163
3 3103 3104 3163
3 3163 3104 3164
3 3104 3105 3164
3 3164 3105 3165
3 3105 3106 3165
3 3165 3106 3166
3 3106 3107 3166
3 3166 3107 3167
3 3107 3108 3167
3 3167 3108 3168
3 3108 3109 3168
3 3168 3109 3169
3 3109 3110 3169
3 3169 3110 3170
3 3110 3111 3170
3 3170 3111 3171
3 3111 3112 3171
3 3171 3112 3172
3 3112 3113 3172
3 3172 3113 3173
3 3113 3174 3173
3 3113 3114 3174
3 3114 3175 3174
3 3114 3115 3175
3 3115 3116 3175
3 3175 3116 3176
3 3116 3117 3176
3 3176 3117 3177
3 3117 3118 3177
3 3177 3118 3178
3 3118 3119 3178
3 3178 3119 3179
3 3119 3120 3179
3 3179 3120 3180
3 3120 3121 3180
3 3180 3121 3181
3 3121 3122 3181
3 3181 3122 3182
3 3122 3123 3182
3 3182 3123 3183
3 3123 3124 3183
3 3183 3124 3184
3 3124 3185 3184
3 3124 3125 3185
3 3125 3126 3185
3 3185 3126 3186
3 3126 3127 3186
3 3186 3127 3187
3 3127 3128 3187
3 3187 3128 3188
3 3128 3129 3188
3 3188 3129 3189
3 3190 3131 3191
3 3131 3132 3191
3 3191 3132 3192
3 3132 3133 3192
3 3192 3133 3193
3 3133 3134 3193
3 3193 3134 3194
3 3134 3135 3194
3 3194 3135 3195
3 3135 3136 3195
3 3195 3136 3196
3 3136 3137 3196
3 3196 3137 3197
3 3137 3138 3197
3 3197 3138 3198
3 3138 3139 3198
3 3198 3139 3199
3 3139 3140 3199
3 3199 3140 3200
3 3140 3141 3200
3 3200 3141 3201
3 3141 3142 3201
3 3201 3142 3202
3 3142 3203 3202
3 3142 3143 3203
3 3143 3204 3203
3 3143 3144 3204
3 3144 3205 3204
3 3144 3145 3205
3 3145 3206 3205
3 3145 3146 3206
3 3146 3147 3206
3 3206 3147 3207
3 3147 3208 3207
3 3147 3148 3208
3 3148 3209 3208
3 3148 3149 3209
3 3149 3210 3209
3 3149 3150 3210
3 3150 3211 3210
3 3150 3151 3211
3 3151 3212 3211
3 3151 3152 3212
3 3152 3153 3212
3 3212 3153 3213
3 3153 3214 3213
3 3153 3154 3214
3 3154 3215 3214
3 3154 3155 3215
3 3155 3156 3215
3 3215 3156 3216
3 3156 3217 3216
3 3156 3157 3217
3 3157 3218 3217
3 3157 3158 3218
3 3158 3159 3218
3 3218 3159 3219
3 3159 3160 3219
3 3219 3160 3220
3 3160 3161 3220
3 3220 3161 3221
3 3161 3222 3221
3 3161 3162 3222
3 3162 3223 3222
3 3162 3163 3223
3 3163 3164 3223
3 3223 3164 3224
3 3164 3165 3224
3 3224 3165 3225
3 3165 3166 3225
3 3225 3166 3226
3 3166 3167 3226
3 3226 3167 3227
3 3167 3168 3227
3 3227 3168 3228
3 3168 3169 3228
3 3228 3169 3229
3 3169 3170 3229
3 3229 3170 3230
3 3170 3171 3230
3 3230 3171 3231
3 3171 3172 3231
3 3231 3172 3232
3 3172 3233 3232
3 3172 3173 3233
3 3173 3234 3233
3 3173 3174 3234
3 3174 3235 3234
3 3174 3175 3235
3 3175 3176 3235
3 3235 3176 3236
3 3176 3177 3236
3 3236 3177 3237
3 3177 3178 3237
3 3237 3178 3238
3 3178 3179 3238
3 3238 3179 3239
3 3179 3180 3239
3 3239 3180 3240
3 3180 3181 3240
3 3240 3181 3241
3 3181 3182 3241
3 3241 3182 3242
3 3182 3183 3242
3 3242 3183 3243
3 3183 3184 3243
3 3243 3184 3244
3 3184 3245 3244
3 3184 3185 3245
3 3185 3186 3245
3 3245 3186 3246
3 3186 3187 3246
3 3246 3187 3247
3 3187 3188 3247
3 3247 3188 3248
3 3188 3189 3248
3 3248 3189 3249
3 3190 3250 3251
3 3190 3191 3250
3 3191 3192 3250
3 3250 3192 3252
3 3192 3193 3252
3 3252 3193 3253
3 3193 3194 3253
3 3253 3194 3254
3 3194 3195 3254
3 3254 3195 3255
3 3195 3196 3255
3 3255 3196 3256
3 3196 3257 3256
3 3196 3197 3257
3 3197 3258 3257
3 3197 3198 3258
3 3198 3259 3258
3 3198 3199 3259
3 3199 3260 3259
3 3199 3200 3260
3 3200 3201 3260
3 3260 3201 3261
3 3201 3202 3261
3 3261 3202 3262
3 3202 3263 3262
3 3202 3203 3263
3 3203 3264 3263
3 3203 3204 3264
3 3204 3265 3264
3 3204 3205 3265
3 3205 3266 3265
3 3205 3206 3266
3 3206 3267 3266
3 3206 3207 3267
3 3207 3268 3267
3 3207 3208 3268
3 3208 3269 3268
3 3208 3209 3269
3 3209 3270 3269
3 3209 3210 3270
3 3210 3271 3270
3 3210 3211 3271
3 3211 3272 3271
3 3211 3212 3272
3 3212 3273 3272
3 3212 3213 3273
3 3213 3274 3273
3 3213 3214 3274
3 3214 3275 3274
3 3214 3215 3275
3 3215 3276 3275
3 3215 3216 3276
3 3216 3277 3276
3 3216 3217 3277
3 3217 3278 3277
3 3217 3218 3278
3 3218 3219 3278
3 3278 3219 3279
3 3219 3220 3279
3 3279 3220 3280
3 3220 3221 3280
3 3280 3221 3281
3 3221 3282 3281
3 3221 3222 3282
3 3222 3283 3282
3 3222 3223 3283
3 3223 3284 3283
3 3223 3224 3284
3 3224 3225 3284
3 3284 3225 3285
3 3225 3226 3285
3 3285 3226 3286
3 3226 3227 3286
3 3286 3227 3287
3 3227 3228 3287
3 3287 3228 3288
3 3228 3229 3288
3 3288 3229 3289
3 3229 3230 3289
3 3289 3230 3290
3 3230 3231 3290
3 3290 3231 3291
3 3231 3292 3291
3 3231 3232 3292
3 3232 3293 3292
3 3232 3233 3293
3 3233 3294 3293
3 3233 3234 3294
3 3234 3235 3294
3 3294 3235 3295
3 3235 3236 3295
3 3295 3236 3296
3 3236 3237 3296
3 3296 3237 3297
3 3237 3238 3297
3 3297 3238 3298
3 3238 3239 3298
3 3298 3239 3299
3 3239 3240 3299
3 3299 3240 3300
3 3240 3241 3300
3 3300 3241 3301
3 3241 3242 3301
3 3301 3242 3302
3 3242 3243 3302
3 3302 3243 3303
3 3243 3244 3303
3 3303 3244 3304
3 3244 3305 3304
3 3244 3245 3305
3 3245 3246 3305
3 3305 3246 3306
3 3246 3247 3306
3 3306 3247 3307
3 3247 3248 3307
3 3307 3248 3308
3 3248 3249 3308
3 3308 3249 3309
3 3251 3250 3310
3 3250 3311 3310
3 3250 3252 3311
3 3252 3312 3311
3 3252 3253 3312
3 3253 3313 3312
3 3253 3254 3313
3 3254 3314 3313
3 3254 3255 3314
3 3255 3315 3314
3 3255 3256 3315
3 3256 3316 3315
3 3256 3257 3316
3 3257 3317 3316
3 3257 3258 3317
3 3258 3318 3317
3 3258 3259 3318
3 3259 3319 3318
3 3259 3260 3319
3 3260 3320 3319
3 3260 3261 3320
3 3261 3321 3320
3 3261 3262 3321
3 3262 3322 3321
3 3262 3263 3322
3 3263 3323 3322
3 3263 3264 3323
3 3264 3324 3323
3 3264 3265 3324
3 3265 3325 3324
3 3265 3266 3325
3 3266 3326 3325
3 3266 3267 3326
3 3267 3327 3326
3 3267 3268 3327
3 3268 3328 3327
3 3268 3269 3328
3 3269 3329 3328
3 3269 3270 3329
3 3270 3330 3329
3 3270 3271 3330
3 3271 3331 3330
3 3271 3272 3331
3 3272 3332 3331
3 3272 3273 3332
3 3273 3333 3332
3 3273 3274 3333
3 3274 3334 3333
3 3274 3275 3334
3 3275 3335 3334
3 3275 3276 3335
3 3276 3336 3335
3 3276 3277 3336
3 3277 3337 3336
3 3277 3278 3337
3 3278 3338 3337
3 3278 3279 3338
3 3279 3339 3338
3 3279 3280 3339
3 3280 3340 3339
3 3280 3281 3340
3 3281 3341 3340
3 3281 3282 3341
3 3282 3342 3341
3 3282 3283 3342
3 3283 3343 3342
3 3283 3284 3343
3 3284 3344 3343
3 3284 3285 3344
3 3285 3345 3344
3 3285 3286 3345
3 3286 3287 3345
3 3345 3287 3346
3 3287 3288 3346
3 3346 3288 3347
3 3288 3289 3347
3 3347 3289 3348
3 3289 3290 3348
3 3348 3290 3349
3 3290 3350 3349
3 3290 3291 3350
3 3291 3351 3350
3 3291 3292 3351
3 3292 3352 3351
3 3292 3293 3352
3 3293 3353 3352
3 3293 3294 3353
3 3294 3295 3353
3 3353 3295 3354
3 3295 3296 3354
3 3354 3296 3355
3 3296 3297 3355
3 3355 3297 3356
3 3297 3298 3356
3 3356 3298 3357
3 3298 3299 3357
3 3357 3299 3358
3 3299 3300 3358
3 3358 3300 3359
3 3300 3301 3359
3 3359 3301 3360
3 3301 3302 3360
3 3360 3302 3361
3 3302 3303 3361
3 3361 3303 3362
3 3303 3304 3362
3 3362 3304 3363
3 3304 3364 3363
3 3304 3305 3364
3 3305 3365 3364
3 3305 3306 3365
3 3306 3307 3365
3 3365 3307 3366
3 3307 3308 3366
3 3366 3308 3367
3 3308 3309 3367
3 3367 3309 3368
3 3369 3310 3370
3 3310 3371 3370
3 3310 3311 3371
3 3311 3372 3371
3 3311 3312 3372
3 3312 3373 3372
3 3312 3313 3373
3 3313 3374 3373
3 3313 3314 3374
3 3314 3375 3374
3 3314 3315 3375
3 3315 3376 3375
3 3315 3316 3376
3 3316 3377 3376
3 3316 3317 3377
3 3317 3378 3377
3 3317 3318 3378
3 3318 3379 3378
3 3318 3319 3379
3 3319 3380 3379
3 3319 3320 3380
3 3320 3381 3380
3 3320 3321 3381
3 3321 3382 3381
3 3321 3322 3382
3 3322 3383 3382
3 3322 3323 3383
3 3323 3384 3383
3 3323 3324 3384
3 3324 3385 3384
3 3324 3325 3385
3 3325 3386 3385
3 3325 3326 3386
3 3326 3387 3386
3 3326 3327 3387
3 3327 3388 3387
3 3327 3328 3388
3 3328 3389 3388
3 3328 3329 3389
3 3329 3390 3389
3 3329 3330 3390
3 3330 3391 3390
3 3330 3331 3391
3 3331 3392 3391
3 3331 3332 3392
3 3332 3393 3392
3 3332 3333 3393
3 3333 3394 3393
3 3333 3334 3394
3 3334 3395 3394
3 3334 3335 3395
3 3335 3396 3395
3 3335 3336 3396
3 3336 3397 3396
3 3336 3337 3397
3 3337 3398 3397
3 3337 3338 3398
3 3338 3399 3398
3 3338 3339 3399
3 3339 3400 3399
3 3339 3340 3400
3 3340 3401 3400
3 3340 3341 3401
3 3341 3402 3401
3 3341 3342 3402
3 3342 3403 3402
3 3342 3343 3403
3 3343 3404 3403
3 3343 3344 3404
3 3344 3405 3404
3 3344 3345 3405
3 3345 3346 3405
3 3405 3346 3406
3 3346 3347 3406
3 3406 3347 3407
3 3347 3408 3407
3 3347 3348 3408
3 3348 3349 3408
3 3408 3349 3409
3 3349 3410 3409
3 3349 3350 3410
3 3350 3411 3410
3 3350 3351 3411
3 3351 3412 3411
3 3351 3352 3412
3 3352 3353 3412
3 3412 3353 3413
3 3353 3354 3413
3 3413 3354 3414
3 3354 3355 3414
3 3414 3355 3415
3 3355 3356 3415
3 3415 3356 3416
3 3356 3357 3416
3 3416 3357 3417
3 3357 3358 3417
3 3417 3358 3418
3 3358 3359 3418
3 3418 3359 3419
3 3359 3360 3419
3 3419 3360 3420
3 3360 3361 3420
3 3420 3361 3421
3 3361 3362 3421
3 3421 3362 3422
3 3362 3423 3422
3 3362 3363 3423
3 3363 3424 3423
3 3363 3364 3424
3 3364 3425 3424
3 3364 3365 3425
3 3365 3366 3425
3 3425 3366 3426
3 3366 3367 3426
3 3426 3367 3427
3 3367 3368 3427
3 3427 3368 3428
3 3370 3429 3430
3 3370 3371 3429
3 3371 3431 3429
3 3371 3372 3431
3 3372 3432 3431
3 3372 3373 3432
3 3373 3433 3432
3 3373 3374 3433
3 3374 3434 3433
3 3374 3375 3434
3 3375 3435 3434
3 3375 3376 3435
3 3376 3436 3435
3 3376 3377 3436
3 3377 3437 3436
3 3377 3378 3437
3 3378 3438 3437
3 3378 3379 3438
3 3379 3439 3438
3 3379 3380 3439
3 3380 3440 3439
3 3380 3381 3440
3 3381 3441 3440
3 3381 3382 3441
3 3382 3442 3441
3 3382 3383 3442
3 3383 3443 3442
3 3383 3384 3443
3 3384 3444 3443
3 3384 3385 3444
3 3385 3445 3444
3 3385 3386 3445
3 3386 3446 3445
3 3386 3387 3446
3 3387 3447 3446
3 3387 3388 3447
3 3388 3448 3447
3 3388 3389 3448
3 3389 3449 3448
3 3389 3390 3449
3 3390 3450 3449
3 3390 3391 3450
3 3391 3451 3450
3 3391 3392 3451
3 3392 3452 3451
3 3392 3393 3452
3 3393 3453 3452
3 3393 3394 3453
3 3394 3454 3453
3 3394 3395 3454
3 3395 3455 3454
3 3395 3396 3455
3 3396 3456 3455
3 3396 3397 3456
3 3397 3457 3456
3 3397 3398 3457
3 3398 3458 3457
3 3398 3399 3458
3 3399 3459 3458
3 3399 3400 3459
3 3400 3460 3459
3 3400 3401 3460
3 3401 3461 3460
3 3401 3402 3461
3 3402 3462 3461
3 3402 3403 3462
3 3403 3463 3462
3 3403 3404 3463
3 3404 3405 3463
3 3463 3405 3464
3 3405 3406 3464
3 3464 3406 3465
3 3406 3407 3465
3 3465 3407 3466
3 3407 3467 3466
3 3407 3408 3467
3 3408 3409 3467
3 3467 3409 3468
3 3409 3469 3468
3 3409 3410 3469
3 3410 3470 3469
3 3410 3411 3470
3 3411 3412 3470
3 3470 3412 3471
3 3412 3413 3471
3 3471 3413 3472
3 3413 3414 3472
3 3472 3414 3473
3 3414 3415 3473
3 3473 3415 3474
3 3415 3416 3474
3 3474 3416 3475
3 3416 3417 3475
3 3475 3417 3476
3 3417 3418 3476
3 3418 3419 3477
3 3477 3419 3478
3 3419 3420 3478
3 3478 3420 3479
3 3420 3421 3479
3 3479 3421 3480
3 3421 3422 3480
3 3480 3422 3481
3 3422 3423 3481
3 3481 3423 3482
3 3423 3483 3482
3 3423 3424 3483
3 3424 3484 3483
3 3424 3425 3484
3 3425 3426 3484
3 3484 3426 3485
3 3426 3427 3485
3 3485 3427 3486
3 3427 3428 3486
3 3486 3428 3487
3 3428 3488 3487
3 3487 3488 3489
3 3430 3429 3490
3 3429 3491 3490
3 3429 3431 3491
3 3431 3492 3491
3 3431 3432 3492
3 3432 3493 3492
3 3432 3433 3493
3 3433 3494 3493
3 3433 3434 3494
3 3434 3495 3494
3 3434 3435 3495
3 3435 3496 3495
3 3435 3436 3496
3 3436 3497 3496
3 3436 3437 3497
3 3437 3498 3497
3 3437 3438 3498
3 3438 3499 3498
3 3438 3439 3499
3 3439 3500 3499
3 3439 3440 3500
3 3440 3501 3500
3 3440 3441 3501
3 3441 3502 3501
3 3441 3442 3502
3 3442 3503 3502
3 3442 3443 3503
3 3443 3504 3503
3 3443 3444 3504
3 3444 3505 3504
3 3444 3445 3505
3 3445 3506 3505
3 3445 3446 3506
3 3446 3507 3506
3 3446 3447 3507
3 3447 3508 3507
3 3447 3448 3508
3 3448 3509 3508
3 3448 3449 3509
3 3449 3510 3509
3 3449 3450 3510
3 3450 3511 3510
3 3450 3451 3511
3 3451 3512 3511
3 3451 3452 3512
3 3452 3513 3512
3 3452 3453 3513
3 3453 3514 3513
3 3453 3454 3514
3 3454 3515 3514
3 3454 3455 3515
3 3455 3516 3515
3 3455 3456 3516
3 3456 3517 3516
3 3456 3457 3517
3 3457 3518 3517
3 3457 3458 3518
3 3458 3519 3518
3 3458 3459 3519
3 3459 3520 3519
3 3459 3460 3520
3 3460 3521 3520
3 3460 3461 3521
3 3461 3522 3521
3 3461 3462 3522
3 3462 3523 3522
3 3462 3463 3523
3 3463 3524 3523
3 3463 3464 3524
3 3464 3525 3524
3 3464 3465 3525
3 3465 3526 3525
3 3465 3466 3526
3 3466 3527 3526
3 3466 3467 3527
3 3467 3528 3527
3 3467 3468 3528
3 3468 3529 3528
3 3468 3469 3529
3 3469 3530 3529
3 3469 3470 3530
3 3470 3531 3530
3 3470 3471 3531
3 3471 3532 3531
3 3471 3472 3532
3 3472 3533 3532
3 3472 3473 3533
3 3473 3534 3533
3 3473 3474 3534
3 3474 3535 3534
3 3474 3475 3535
3 3475 3476 3535
3 3477 3478 3536
3 3536 3478 3537
3 3478 3538 3537
3 3478 3479 3538
3 3479 3539 3538
3 3479 3480 3539
3 3480 3481 3539
3 3539 3481 3540
3 3481 3541 3540
3 3481 3482 3541
3 3482 3542 3541
3 3482 3483 3542
3 3483 3543 3542
3 3483 3484 3543
3 3484 3544 3543
3 3484 3485 3544
3 3485 3545 3544
3 3485 3486 3545
3 3486 3546 3545
3 3486 3487 3546
3 3487 3547 3546
3 3487 3489 3547
3 3490 3491 3548
3 3491 3549 3548
3 3491 3492 3549
3 3492 3550 3549
3 3492 3493 3550
3 3493 3551 3550
3 3493 3494 3551
3 3494 3552 3551
3 3494 3495 3552
3 3495 3553 3552
3 3495 3496 3553
3 3496 3554 3553
3 3496 3497 3554
3 3497 3555 3554
3 3497 3498 3555
3 3498 3556 3555
3 3498 3499 3556
3 3499 3557 3556
3 3499 3500 3557
3 3500 3558 3557
3 3500 3501 3558
3 3501 3559 3558
3 3501 3502 3559
3 3502 3560 3559
3 3502 3503 3560
3 3503 3561 3560
3 3503 3504 3561
3 3504 3562 3561
3 3504 3505 3562
3 3505 3563 3562
3 3505 3506 3563
3 3506 3564 3563
3 3506 3507 3564
3 3507 3565 3564
3 3507 3508 3565
3 3508 3566 3565
3 3508 3509 3566
3 3509 3567 3566
3 3509 3510 3567
3 3510 3568 3567
3 3510 3511 3568
3 3511 3569 3568
3 3511 3512 3569
3 3512 3570 3569
3 3512 3513 3570
3 3513 3571 3570
3 3513 3514 3571
3 3514 3572 3571
3 3514 3515 3572
3 3515 3573 3572
3 3515 3516 3573
3 3516 3574 3573
3 3516 3517 3574
3 3517 3575 3574
3 3517 3518 3575
3 3518 3576 3575
3 3518 3519 3576
3 3519 3577 3576
3 3519 3520 3577
3 3520 3578 3577
3 3520 3521 3578
3 3521 3579 3578
3 3521 3522 3579
3 3522 3580 3579
3 3522 3523 3580
3 3523 3581 3580
3 3523 3524 3581
3 3524 3582 3581
3 3524 3525 3582
3 3525 3583 3582
3 3525 3526 3583
3 3526 3584 3583
3 3526 3527 3584
3 3527 3585 3584
3 3527 3528 3585
3 3528 3586 3585
3 3528 3529 3586
3 3529 3587 3586
3 3529 3530 3587
3 3530 3588 3587
3 3530 3531 3588
3 3531 3589 3588
3 3531 3532 3589
3 3532 3590 3589
3 3532 3533 3590
3 3533 3591 3590
3 3533 3534 3591
3 3534 3535 3592
3 3593 3536 3594
3 3536 3595 3594
3 3536 3537 3595
3 3537 3596 3595
3 3537 3538 3596
3 3538 3597 3596
3 3538 3539 3597
3 3539 3598 3597
3 3539 3540 3598
3 3540 3599 3598
3 3540 3541 3599
3 3541 3600 3599
3 3541 3542 3600
3 3542 3601 3600
3 3542 3543 3601
3 3543 3602 3601
3 3543 3544 3602
3 3544 3603 3602
3 3544 3545 3603
3 3545 3604 3603
3 3545 3546 3604
3 3546 3605 3604
3 3546 3547 3605
3 3553 3554 3606
3 3554 3607 3606
3 3554 3555 3607
3 3555 3608 3607
3 3555 3556 3608
3 3556 3609 3608
3 3556 3557 3609
3 3557 3610 3609
3 3557 3558 3610
3 3558 3611 3610
3 3558 3559 3611
3 3559 3612 3611
3 3559 3560 3612
3 3560 3613 3612
3 3560 3561 3613
3 3561 3614 3613
3 3561 3562 3614
3 3562 3615 3614
3 3562 3563 3615
3 3563 3616 3615
3 3563 3564 3616
3 3564 3617 3616
3 3564 3565 3617
3 3565 3618 3617
3 3565 3566 3618
3 3566 3619 3618
3 3566 3567 3619
3 3567 3620 3619
3 3567 3568 3620
3 3568 3621 3620
3 3568 3569 3621
3 3569 3622 3621
3 3569 3570 3622
3 3570 3623 3622
3 3570 3571 3623
3 3571 3624 3623
3 3571 3572 3624
3 3572 3625 3624
3 3572 3573 3625
3 3573 3626 3625
3 3573 3574 3626
3 3574 3627 3626
3 3574 3575 3627
3 3575 3628 3627
3 3575 3576 3628
3 3576 3629 3628
3 3576 3577 3629
3 3577 3630 3629
3 3577 3578 3630
3 3578 3631 3630
3 3578 3579 3631
3 3579 3632 3631
3 3579 3580 3632
3 3580 3633 3632
3 3580 3581 3633
3 3581 3634 3633
3 3581 3582 3634
3 3582 3635 3634
3 3582 3583 3635
3 3583 3636 3635
3 3583 3584 3636
3 3584 3637 3636
3 3584 3585 3637
3 3585 3638 3637
3 3585 3586 3638
3 3586 3639 3638
3 3586 3587 3639
3 3587 3640 3639
3 3587 3588 3640
3 3588 3641 3640
3 3588 3589 3641
3 3589 3642 3641
3 3589 3590 3642
3 3590 3643 3642
3 3590 3591 3643
3 3644 3593 3645
3 3593 3594 3645
3 3645 3594 3646
3 3594 3595 3646
3 3646 3595 3647
3 3595 3648 3647
3 3595 3596 3648
3 3596 3649 3648
3 3596 3597 3649
3 3597 3598 3649
3 3649 3598 3650
3 3598 3651 3650
3 3598 3599 3651
3 3599 3652 3651
3 3599 3600 3652
3 3600 3653 3652
3 3600 3601 3653
3 3601 3654 3653
3 3601 3602 3654
3 3602 3655 3654
3 3602 3603 3655
3 3603 3656 3655
3 3603 3604 3656
3 3604 3657 3656
3 3604 3605 3657
3 3605 3658 3657
3 3611 3612 3659
3 3612 3613 3660
3 3613 3661 3660
3 3613 3614 3661
3 3614 3662 3661
3 3614 3615 3662
3 3615 3663 3662
3 3615 3616 3663
3 3616 3664 3663
3 3616 3617 3664
3 3617 3665 3664
3 3617 3618 3665
3 3618 3666 3665
3 3618 3619 3666
3 3619 3667 3666
3 3619 3620 3667
3 3620 3668 3667
3 3620 3621 3668
3 3621 3669 3668
3 3621 3622 3669
3 3622 3670 3669
3 3622 3623 3670
3 3623 3671 3670
3 3623 3624 3671
3 3624 3672 3671
3 3624 3625 3672
3 3625 3673 3672
3 3625 3626 3673
3 3626 3674 3673
3 3626 3627 3674
3 3627 3675 3674
3 3627 3628 3675
3 3628 3676 3675
3 3628 3629 3676
3 3629 3677 3676
3 3629 3630 3677
3 3630 3678 3677
3 3630 3631 3678
3 3631 3679 3678
3 3631 3632 3679
3 3632 3680 3679
3 3632 3633 3680
3 3633 3681 3680
3 3633 3634 3681
3 3634 3682 3681
3 3634 3635 3682
3 3635 3683 3682
3 3635 3636 3683
3 3636 3684 3683
3 3636 3637 3684
3 3637 3685 3684
3 3637 3638 3685
3 3638 3686 3685
3 3638 3639 3686
3 3639 3687 3686
3 3639 3640 3687
3 3640 3688 3687
3 3640 3641 3688
3 3641 3689 3688
3 3641 3642 3689
3 3642 3690 3689
3 3642 3643 3690
3 3643 3691 3690
3 3643 3644 3691
3 3644 3645 3691
3 3691 3645 3692
3 3645 3646 3692
3 3692 3646 3693
3 3646 3647 3693
3 3693 3647 3694
3 3647 3648 3694
3 3694 3648 3695
3 3648 3649 3695
3 3695 3649 3696
3 3649 3650 3696
3 3696 3650 3697
3 3650 3651 3697
3 3697 3651 3698
3 3651 3699 3698
3 3651 3652 3699
3 3652 3700 3699
3 3652 3653 3700
3 3653 3654 3700
3 3700 3654 3701
3 3654 3655 3701
3 3701 3655 3702
3 3655 3656 3702
3 3702 3656 3703
3 3656 3657 3703
3 3703 3657 3704
3 3657 3658 3704
3 3704 3658 3705
3 3663 3664 3706
3 3664 3707 3706
3 3664 3665 3707
3 3665 3708 3707
3 3665 3666 3708
3 3666 3709 3708
3 3666 3667 3709
3 3667 3710 3709
3 3667 3668 3710
3 3668 3711 3710
3 3668 3669 3711
3 3669 3712 3711
3 3669 3670 3712
3 3670 3713 3712
3 3670 3671 3713
3 3671 3714 3713
3 3671 3672 3714
3 3672 3715 3714
3 3672 3673 3715
3 3673 3716 3715
3 3673 3674 3716
3 3674 3717 3716
3 3674 3675 3717
3 3675 3718 3717
3 3675 3676 3718
3 3676 3719 3718
3 3676 3677 3719
3 3677 3720 3719
3 3677 3678 3720
3 3678 3721 3720
3 3678 3679 3721
3 3679 3722 3721
3 3679 3680 3722
3 3680 3723 3722
3 3680 3681 3723
3 3681 3724 3723
3 3681 3682 3724
3 3682 3725 3724
3 3682 3683 3725
3 3683 3726 3725
3 3683 3684 3726
3 3684 3727 3726
3 3684 3685 3727
3 3685 3728 3727
3 3685 3686 3728
3 3686 3729 3728
3 3686 3687 3729
3 3687 3688 3730
3 3688 3731 3730
3 3688 3689 3731
3 3689 3732 3731
3 3689 3690 3732
3 3690 3691 3732
3 3732 3691 3733
3 3691 3692 3733
3 3733 3692 3734
3 3692 3693 3734
3 3734 3693 3735
3 3693 3694 3735
3 3735 3694 3736
3 3694 3695 3736
3 3736 3695 3737
3 3695 3696 3737
3 3737 3696 3738
3 3696 3697 3738
3 3738 3697 3739
3 3697 3698 3739
3 3739 3698 3740
3 3698 3699 3740
3 3740 3699 3741
3 3699 3700 3741
3 3741 3700 3742
3 3700 3701 3742
3 3742 3701 3743
3 3701 3702 3743
3 3743 3702 3744
3 3702 3703 3744
3 3744 3703 3745
3 3703 3704 3745
3 3745 3704 3746
3 3704 3705 3746
3 3746 3705 3747
3 3708 3709 3748
3 3748 3709 3749
3 3709 3710 3749
3 3749 3710 3750
3 3710 3711 3750
3 3750 3711 3751
3 3711 3712 3751
3 3751 3712 3752
3 3712 3713 3752
3 3752 3713 3753
3 3713 3714 3753
3 3753 3714 3754
3 3714 3715 3754
3 3754 3715 3755
3 3715 3716 3755
3 3755 3716 3756
3 3716 3717 3756
3 3756 3717 3757
3 3717 3718 3757
3 3757 3718 3758
3 3718 3719 3758
3 3758 3719 3759
3 3719 3720 3759
3 3759 3720 3760
3 3720 3721 3760
3 3760 3721 3761
3 3721 3722 3761
3 3761 3722 3762
3 3722 3723 3762
3 3762 3723 3763
3 3723 3724 3763
3 3763 3724 3764
3 3724 3765 3764
3 3724 3725 3765
3 3725 3766 3765
3 3725 3726 3766
3 3726 3767 3766
3 3726 3727 3767
3 3727 3768 3767
3 3727 3728 3768
3 3728 3729 3768
3 3768 3729 3769
3 3729 3770 3769
3 3729 3730 3770
3 3730 3771 3770
3 3730 3731 3771
3 3731 3732 3771
3 3771 3732 3772
3 3732 3733 3772
3 3772 3733 3773
3 3733 3734 3773
3 3773 3734 3774
3 3734 3735 3774
3 3774 3735 3775
3 3735 3736 3775
3 3775 3736 3776
3 3736 3737 3776
3 3776 3737 3777
3 3737 3738 3777
3 3777 3738 3778
3 3738 3739 3778
3 3778 3739 3779
3 3739 3740 3779
3 3779 3740 3780
3 3740 3741 3780
3 3780 3741 3781
3 3741 3742 3781
3 3781 3742 3782
3 3742 3743 3782
3 3782 3743 3783
3 3743 3744 3783
3 3783 3744 3784
3 3744 3745 3784
3 3784 3745 3785
3 3745 3746 3785
3 3785 3746 3786
3 3746 3747 3786
3 3786 3747 3787
3 3751 3752 3788
3 3752 3753 3789
3 3789 3753 3790
3 3753 3754 3790
3 3790 3754 3791
3 3754 3755 3791
3 3791 3755 3792
3 3755 3756 3792
3 3792 3756 3793
3 3756 3757 3793
3 3793 3757 3794
3 3757 3758 3794
3 3794 3758 3795
3 3758 3759 3795
3 3795 3759 3796
3 3759 3760 3796
3 3796 3760 3797
3 3760 3761 3797
3 3797 3761 3798
3 3761 3762 3798
3 3798 3762 3799
3 3762 3763 3799
3 3799 3763 3800
3 3763 3764 3800
3 3800 3764 3801
3 3764 3765 3801
3 3801 3765 3802
3 3765 3766 3802
3 3802 3766 3803
3 3766 3804 3803
3 3766 3767 3804
3 3767 3768 3804
3 3804 3768 3805
3 3768 3769 3805
3 3805 3769 3806
3 3769 3770 3806
3 3806 3770 3807
3 3770 3771 3807
3 3807 3771 3808
3 3771 3772 3808
3 3808 3772 3809
3 3772 3773 3809
3 3809 3773 3810
3 3773 3774 3810
3 3810 3774 3811
3 3774 3775 3811
3 3811 3775 3812
3 3775 3776 3812
3 3812 3776 3813
3 3776 3777 3813
3 3813 3777 3814
3 3777 3778 3814
3 3814 3778 3815
3 3778 3779 3815
3 3815 3779 3816
3 3779 3780 3816
3 3816 3780 3817
3 3780 3781 3817
3 3817 3781 3818
3 3781 3782 3818
3 3818 3782 3819
3 3782 3783 3819
3 3819 3783 3820
3 3783 3784 3820
3 3820 3784 3821
3 3784 3785 3821
3 3821 3785 3822
3 3785 3786 3822
3 3822 3786 3823
3 3786 3787 3823
3 3793 3794 3824
3 3824 3794 3825
3 3794 3795 3825
3 3825 3795 3826
3 3795 3796 3826
3 3826 3796 3827
3 3796 3797 3827
3 3827 3797 3828
3 3797 3798 3828
3 3828 3798 3829
3 3798 3799 3829
3 3829 3799 3830
3 3799 3800 3830
3 3830 3800 3831
3 3800 3801 3831
3 3831 3801 3832
3 3801 3802 3832
3 3832 3802 3833
3 3802 3803 3833
3 3833 3803 3834
3 3803 3835 3834
3 3803 3804 3835
3 3804 3805 3835
3 3835 3805 3836
3 3805 3806 3836
3 3836 3806 3837
3 3806 3807 3837
3 3837 3807 3838
3 3807 3808 3838
3 3838 3808 3839
3 3808 3809 3839
3 3839 3809 3840
3 3809 3810 3840
3 3840 3810 3841
3 3810 3811 3841
3 3841 3811 3842
3 3811 3812 3842
3 3842 3812 3843
3 3812 3813 3843
3 3843 3813 3844
3 3813 3814 3844
3 3844 3814 3845
3 3814 3815 3845
3 3845 3815 3846
3 3815 3816 3846
3 3846 3816 3847
3 3816 3817 3847
3 3847 3817 3848
3 3817 3818 3848
3 3848 3818 3849
3 3818 3819 3849
3 3849 3819 3850
3 3819 3820 3850
3 3850 3820 3851
3 3820 3821 3851
3 3851 3821 3852
3 3821 3822 3852
3 3852 3822 3853
3 3822 3823 3853
3 3853 3823 3854
3 3826 3827 3855
3 3855 3827 3856
3 3827 3828 3856
3 3856 3828 3857
3 3828 3829 3857
3 3857 3829 3858
3 3829 3830 3858
3 3858 3830 3859
3 3830 3831 3859
3 3859 3831 3860
3 3831 3832 3860
3 3860 3832 3861
3 3832 3833 3861
3 3861 3833 3862
3 3833 3863 3862
3 3833 3834 3863
3 3834 3864 3863
3 3834 3835 3864
3 3835 3865 3864
3 3835 3836 3865
3 3836 3837 3865
3 3865 3837 3866
3 3837 3838 3866
3 3866 3838 3867
3 3838 3839 3867
3 3867 3839 3868
3 3839 3840 3868
3 3868 3840 3869
3 3840 3841 3869
3 3869 3841 3870
3 3841 3842 3870
3 3870 3842 3871
3 3842 3843 3871
3 3871 3843 3872
3 3843 3844 3872
3 3872 3844 3873
3 3844 3845 3873
3 3873 3845 3874
3 3845 3846 3874
3 3874 3846 3875
3 3846 3847 3875
3 3875 3847 3876
3 3847 3848 3876
3 3876 3848 3877
3 3848 3849 3877
3 3877 3849 3878
3 3849 3850 3878
3 3878 3850 3879
3 3850 3851 3879
3 3879 3851 3880
3 3851 3852 3880
3 3880 3852 3881
3 3852 3853 3881
3 3881 3853 3882
3 3853 3854 3882
3 3857 3858 3883
3 3883 3858 3884
3 3858 3859 3884
3 3884 3859 3885
3 3859 3860 3885
3 3885 3860 3886
3 3860 3861 3886
3 3886 3861 3887
3 3861 3888 3887
3 3861 3862 3888
3 3862 3889 3888
3 3862 3863 3889
3 3863 3890 3889
3 3863 3864 3890
3 3864 3891 3890
3 3864 3865 3891
3 3865 3866 3891
3 3891 3866 3892
3 3866 3867 3892
3 3892 3867 3893
3 3867 3868 3893
3 3893 3868 3894
3 3868 3869 3894
3 3894 3869 3895
3 3869 3870 3895
3 3895 3870 3896
3 3870 3871 3896
3 3896 3871 3897
3 3871 3872 3897
3 3897 3872 3898
3 3872 3873 3898
3 3898 3873 3899
3 3873 3874 3899
3 3899 3874 3900
3 3874 3875 3900
3 3900 3875 3901
3 3875 3876 3901
3 3901 3876 3902
3 3876 3877 3902
3 3902 3877 3903
3 3877 3878 3903
3 3903 3878 3904
3 3878 3879 3904
3 3904 3879 3905
3 3879 3880 3905
3 3905 3880 3906
3 3880 3881 3906
3 3906 3881 3907
3 3881 3882 3907
3 3907 3882 3908
3 3909 3887 3910
3 3887 3888 3911
3 3888 3912 3911
3 3888 3889 3912
3 3889 3913 3912
3 3889 3890 3913
3 3890 3914 3913
3 3890 3891 3914
3 3891 3892 3914
3 3914 3892 3915
3 3892 3893 3915
3 3915 3893 3916
3 3893 3894 3916
3 3916 3894 3917
3 3894 3895 3917
3 3917 3895 3918
3 3895 3896 3918
3 3918 3896 3919
3 3896 3897 3919
3 3919 3897 3920
3 3897 3898 3920
3 3920 3898 3921
3 3898 3899 3921
3 3921 3899 3922
3 3899 3900 3922
3 3922 3900 3923
3 3900 3901 3923
3 3923 3901 3924
3 3901 3902 3924
3 3924 3902 3925
3 3902 3903 3925
3 3925 3903 3926
3 3903 3904 3926
3 3926 3904 3927
3 3904 3905 3927
3 3927 3905 3928
3 3905 3906 3928
3 3928 3906 3929
3 3906 3907 3929
3 3929 3907 3930
3 3907 3908 3930
3 3930 3908 3931
3 3911 3912 3932
3 3912 3933 3932
3 3912 3913 3933
3 3913 3934 3933
3 3913 3914 3934
3 3914 3915 3934
3 3934 3915 3935
3 3915 3916 3935
3 3935 3916 3936
3 3916 3917 3936
3 3936 3917 3937
3 3917 3918 3937
3 3937 3918 3938
3 3918 3919 3938
3 3938 3919 3939
3 3919 3920 3939
3 3939 3920 3940
3 3920 3921 3940
3 3940 3921 3941
3 3921 3922 3941
3 3941 3922 3942
3 3922 3923 3942
3 3942 3923 3943
3 3923 3924 3943
3 3943 3924 3944
3 3924 3925 3944
3 3944 3925 3945
3 3925 3926 3945
3 3945 3926 3946
3 3926 3927 3946
3 3946 3927 3947
3 3927 3928 3947
3 3947 3928 3948
3 3928 3929 3948
3 3948 3929 3949
3 3929 3930 3949
3 3949 3930 3950
3 3930 3931 3950
3 3950 3931 3951
3 3933 3934 3952
3 3934 3953 3952
3 3934 3935 3953
3 3935 3954 3953
3 3935 3936 3954
3 3936 3955 3954
3 3936 3937 3955
3 3937 3956 3955
3 3937 3938 3956
3 3938 3939 3956
3 3956 3939 3957
3 3939 3940 3957
3 3957 3940 3958
3 3940 3941 3958
3 3958 3941 3959
3 3941 3942 3959
3 3959 3942 3960
3 3942 3943 3960
3 3960 3943 3961
3 3943 3944 3961
3 3961 3944 3962
3 3944 3945 3962
3 3962 3945 3963
3 3945 3946 3963
3 3963 3946 3964
3 3946 3965 3964
3 3946 3947 3965
3 3947 3948 3965
3 3965 3948 3966
3 3948 3949 3966
3 3966 3949 3967
3 3949 3950 3967
3 3967 3950 3968
3 3950 3951 3968
3 3968 3951 3969
3 3953 3954 3970
3 3954 3971 3970
3 3954 3955 3971
3 3955 3972 3971
3 3955 3956 3972
3 3956 3957 3972
3 3972 3957 3973
3 3957 3958 3973
3 3973 3958 3974
3 3958 3959 3974
3 3974 3959 3975
3 3959 3960 3975
3 3975 3960 3976
3 3960 3961 3976
3 3976 3961 3977
3 3961 3962 3977
3 3977 3962 3978
3 3962 3963 3978
3 3978 3963 3979
3 3963 3964 3979
3 3979 3964 3980
3 3964 3981 3980
3 3964 3965 3981
3 3965 3982 3981
3 3965 3966 3982
3 3966 3967 3982
3 3982 3967 3983
3 3967 3968 3983
3 3983 3968 3984
3 3968 3969 3984
3 3984 3969 3985
3 3972 3973 3986
3 3986 3973 3987
3 3973 3974 3987
3 3987 3974 3988
3 3974 3975 3988
3 3975 3976 3989
3 3976 3977 3990
3 3990 3977 3991
3 3977 3978 3991
3 3991 3978 3992
3 3978 3979 3992
3 3992 3979 3993
3 3979 3980 3993
3 3993 3980 3994
3 3980 3995 3994
3 3980 3981 3995
3 3981 3982 3995
3 3995 3982 3996
3 3982 3983 3996
3 3996 3983 3997
3 3983 3984 3997
3 3997 3984 3998
3 3984 3985 3998
3 3998 3985 3999
3 3994 3995 4000
3 4000 3995 4001
3 3995 3996 4001
3 4001 3996 4002
3 3996 3997 4002
3 4002 3997 4003
3 3997 3998 4003
3 4003 3998 4004
3 3998 3999 4004
3 4005 4006 4007
3 4005 4008 4006
3 4008 4009 4006
3 4008 4010 4009
3 4010 4011 4009
3 4010 4012 4011
3 4012 4013 4011
3 4012 4014 4013
3 4014 4015 4013
3 4016 4017 4018
3 4016 4019 4017
3 4019 4020 4017
3 4019 4021 4020
3 4021 4022 4020
3 4021 4023 4022
3 4023 4024 4022
3 4023 4025 4024
3 4025 4026 4024
3 4025 4027 4026
3 4027 4028 4026
3 4027 4029 4028
3 4029 4030 4028
3 4031 4032 4033
3 4032 4034 4033
3 4035 4036 4034
3 4035 4037 4036
3 4037 4038 4036
3 4036 4038 4039
3 4038 4040 4039
3 4038 4041 4040
3 4041 4042 4040
3 4041 4043 4042
3 4043 4044 4042
3 4043 4045 4044
3 4045 4046 4044
3 4045 4007 4046
3 4007 4047 4046
3 4007 4006 4047
3 4006 4048 4047
3 4006 4009 4048
3 4009 4049 4048
3 4009 4011 4049
3 4011 4050 4049
3 4011 4013 4050
3 4013 4051 4050
3 4013 4015 4051
3 4015 4052 4051
3 4015 4053 4052
3 4053 4054 4052
3 4053 4055 4054
3 4055 4056 4054
3 4055 4018 4056
3 4018 4057 4056
3 4018 4017 4057
3 4017 4058 4057
3 4017 4020 4058
3 4020 4059 4058
3 4020 4022 4059
3 4022 4060 4059
3 4022 4024 4060
3 4024 4061 4060
3 4024 4026 4061
3 4026 4062 4061
3 4026 4028 4062
3 4028 4063 4062
3 4028 4030 4063
3 4030 4064 4063
3 4065 4066 4067
3 4066 4068 4067
3 4067 4068 4069
3 4068 4070 4069
3 4069 4070 4071
3 4070 4031 4071
3 4071 4031 4072
3 4031 4033 4072
3 4072 4033 4073
3 4033 4034 4073
3 4073 4034 4074
3 4034 4036 4074
3 4074 4036 4075
3 4036 4039 4075
3 4075 4039 4076
3 4039 4040 4076
3 4076 4040 4077
3 4040 4078 4077
3 4040 4042 4078
3 4042 4079 4078
3 4042 4044 4079
3 4044 4080 4079
3 4044 4046 4080
3 4046 4081 4080
3 4046 4047 4081
3 4047 4082 4081
3 4047 4048 4082
3 4048 4083 4082
3 4048 4049 4083
3 4049 4084 4083
3 4049 4050 4084
3 4050 4085 4084
3 4050 4051 4085
3 4051 4052 4085
3 4085 4052 4086
3 4052 4054 4086
3 4086 4054 4087
3 4054 4088 4087
3 4054 4056 4088
3 4056 4089 4088
3 4056 4057 4089
3 4057 4090 4089
3 4057 4058 4090
3 4058 4091 4090
3 4058 4059 4091
3 4059 4092 4091
3 4059 4060 4092
3 4060 4093 4092
3 4060 4061 4093
3 4061 4094 4093
3 4061 4062 4094
3 4062 4095 4094
3 4062 4063 4095
3 4063 4096 4095
3 4063 4064 4096
3 4097 4098 4099
3 4099 4100 4101
3 4100 4102 4101
3 4100 4103 4102
3 4103 4104 4102
3 4103 4105 4104
3 4105 4106 4104
3 4105 4107 4106
3 4107 4108 4106
3 4106 4108 4109
3 4108 4110 4109
3 4109 4110 4111
3 4110 4112 4111
3 4110 4065 4112
3 4065 4113 4112
3 4065 4067 4113
3 4067 4069 4113
3 4113 4069 4114
3 4069 4071 4114
3 4114 4071 4115
3 4071 4072 4115
3 4115 4072 4116
3 4072 4117 4116
3 4072 4073 4117
3 4073 4074 4117
3 4117 4074 4118
3 4074 4075 4118
3 4118 4075 4119
3 4075 4076 4119
3 4119 4076 4120
3 4076 4121 4120
3 4076 4077 4121
3 4077 4122 4121
3 4077 4078 4122
3 4078 4123 4122
3 4078 4079 4123
3 4079 4124 4123
3 4079 4080 4124
3 4080 4125 4124
3 4080 4081 4125
3 4081 4126 4125
3 4081 4082 4126
3 4082 4127 4126
3 4082 4083 4127
3 4083 4128 4127
3 4083 4084 4128
3 4084 4129 4128
3 4084 4085 4129
3 4085 4130 4129
3 4085 4086 4130
3 4086 4131 4130
3 4086 4087 4131
3 4087 4132 4131
3 4087 4088 4132
3 4088 4133 4132
3 4088 4089 4133
3 4089 4134 4133
3 4089 4090 4134
3 4090 4135 4134
3 4090 4091 4135
3 4091 4136 4135
3 4091 4092 4136
3 4092 4137 4136
3 4092 4093 4137
3 4093 4138 4137
3 4093 4094 4138
3 4094 4139 4138
3 4094 4095 4139
3 4095 4140 4139
3 4095 4096 4140
3 4141 4142 4143
3 4142 4144 4143
3 4142 4145 4144
3 4145 4146 4144
3 4144 4146 4147
3 4146 4148 4147
3 4147 4148 4149
3 4148 4150 4149
3 4149 4150 4151
3 4150 4152 4151
3 4151 4152 4153
3 4152 4154 4153
3 4153 4154 4155
3 4154 4156 4155
3 4155 4156 4157
3 4156 4097 4157
3 4157 4097 4158
3 4097 4099 4158
3 4158 4099 4159
3 4099 4101 4159
3 4159 4101 4160
3 4101 4161 4160
3 4101 4102 4161
3 4102 4104 4161
3 4161 4104 4162
3 4104 4106 4162
3 4162 4106 4163
3 4106 4109 4163
3 4163 4109 4164
3 4109 4111 4164
3 4164 4111 4165
3 4111 4112 4165
3 4165 4112 4166
3 4112 4113 4166
3 4166 4113 4167
3 4113 4114 4167
3 4167 4114 4168
3 4114 4115 4168
3 4168 4115 4169
3 4115 4116 4169
3 4169 4116 4170
3 4116 4117 4170
3 4170 4117 4171
3 4117 4118 4171
3 4171 4118 4172
3 4118 4119 4172
3 4172 4119 4173
3 4119 4120 4173
3 4173 4120 4174
3 4120 4121 4174
3 4174 4121 4175
3 4121 4176 4175
3 4121 4122 4176
3 4122 4177 4176
3 4122 4123 4177
3 4123 4178 4177
3 4123 4124 4178
3 4124 4179 4178
3 4124 4125 4179
3 4125 4180 4179
3 4125 4126 4180
3 4126 4181 4180
3 4126 4127 4181
3 4127 4182 4181
3 4127 4128 4182
3 4128 4183 4182
3 4128 4129 4183
3 4129 4184 4183
3 4129 4130 4184
3 4130 4185 4184
3 4130 4131 4185
3 4131 4186 4185
3 4131 4132 4186
3 4132 4187 4186
3 4132 4133 4187
3 4133 4188 4187
3 4133 4134 4188
3 4134 4189 4188
3 4134 4135 4189
3 4135 4190 4189
3 4135 4136 4190
3 4136 4191 4190
3 4136 4137 4191
3 4137 4192 4191
3 4137 4138 4192
3 4138 4193 4192
3 4138 4139 4193
3 4139 4194 4193
3 4139 4140 4194
3 4195 4196 4197
3 4198 4199 4196
3 4196 4199 4200
3 4199 4201 4200
3 4199 4202 4201
3 4202 4203 4201
3 4202 4204 4203
3 4204 4205 4203
3 4203 4205 4206
3 4205 4207 4206
3 4206 4207 4208
3 4207 4141 4208
3 4208 4141 4209
3 4141 4143 4209
3 4209 4143 4210
3 4143 4211 4210
3 4143 4144 4211
3 4144 4212 4211
3 4144 4147 4212
3 4147 4213 4212
3 4147 4149 4213
3 4149 4214 4213
3 4149 4151 4214
3 4151 4215 4214
3 4151 4153 4215
3 4153 4155 4215
3 4215 4155 4216
3 4155 4157 4216
3 4216 4157 4217
3 4157 4158 4217
3 4217 4158 4218
3 4158 4159 4218
3 4218 4159 4219
3 4159 4220 4219
3 4159 4160 4220
3 4160 4221 4220
3 4160 4161 4221
3 4161 4222 4221
3 4161 4162 4222
3 4162 4223 4222
3 4162 4163 4223
3 4163 4164 4223
3 4223 4164 4224
3 4164 4165 4224
3 4224 4165 4225
3 4165 4226 4225
3 4165 4166 4226
3 4166 4227 4226
3 4166 4167 4227
3 4167 4168 4227
3 4227 4168 4228
3 4168 4229 4228
3 4168 4169 4229
3 4169 4230 4229
3 4169 4170 4230
3 4170 4171 4230
3 4230 4171 4231
3 4171 4232 4231
3 4171 4172 4232
3 4172 4233 4232
3 4172 4173 4233
3 4173 4174 4233
3 4233 4174 4234
3 4174 4175 4234
3 4234 4175 4235
3 4175 4236 4235
3 4175 4176 4236
3 4176 4237 4236
3 4176 4177 4237
3 4177 4238 4237
3 4177 4178 4238
3 4178 4239 4238
3 4178 4179 4239
3 4179 4240 4239
3 4179 4180 4240
3 4180 4241 4240
3 4180 4181 4241
3 4181 4242 4241
3 4181 4182 4242
3 4182 4243 4242
3 4182 4183 4243
3 4183 4244 4243
3 4183 4184 4244
3 4184 4245 4244
3 4184 4185 4245
3 4185 4246 4245
3 4185 4186 4246
3 4186 4247 4246
3 4186 4187 4247
3 4187 4248 4247
3 4187 4188 4248
3 4188 4249 4248
3 4188 4189 4249
3 4189 4250 4249
3 4189 4190 4250
3 4190 4251 4250
3 4190 4191 4251
3 4191 4252 4251
3 4191 4192 4252
3 4192 4253 4252
3 4192 4193 4253
3 4193 4254 4253
3 4193 4194 4254
3 4194 4255 4254
3 4256 4257 4258
3 4256 4259 4257
3 4259 4260 4257
3 4259 4261 4260
3 4261 4262 4260
3 4261 4263 4262
3 4263 4264 4262
3 4263 4265 4264
3 4265 4266 4264
3 4265 4267 4266
3 4267 4268 4266
3 4267 4269 4268
3 4269 4270 4268
3 4269 4271 4270
3 4271 4272 4270
3 4271 4273 4272
3 4273 4274 4272
3 4273 4275 4274
3 4275 4276 4274
3 4275 4277 4276
3 4277 4278 4276
3 4277 4279 4278
3 4279 4280 4278
3 4279 4197 4280
3 4197 4281 4280
3 4197 4196 4281
3 4196 4282 4281
3 4196 4200 4282
3 4200 4283 4282
3 4200 4201 4283
3 4201 4284 4283
3 4201 4203 4284
3 4203 4285 4284
3 4203 4206 4285
3 4206 4286 4285
3 4206 4208 4286
3 4208 4287 4286
3 4208 4209 4287
3 4209 4288 4287
3 4209 4210 4288
3 4210 4289 4288
3 4210 4211 4289
3 4211 4290 4289
3 4211 4212 4290
3 4212 4291 4290
3 4212 4213 4291
3 4213 4292 4291
3 4213 4214 4292
3 4214 4293 4292
3 4214 4215 4293
3 4215 4294 4293
3 4215 4216 4294
3 4216 4295 4294
3 4216 4217 4295
3 4217 4296 4295
3 4217 4218 4296
3 4218 4297 4296
3 4218 4219 4297
3 4219 4298 4297
3 4219 4220 4298
3 4220 4299 4298
3 4220 4221 4299
3 4221 4300 4299
3 4221 4222 4300
3 4222 4301 4300
3 4222 4223 4301
3 4223 4302 4301
3 4223 4224 4302
3 4224 4303 4302
3 4224 4225 4303
3 4225 4304 4303
3 4225 4226 4304
3 4226 4305 4304
3 4226 4227 4305
3 4227 4306 4305
3 4227 4228 4306
3 4228 4307 4306
3 4228 4229 4307
3 4229 4308 4307
3 4229 4230 4308
3 4230 4309 4308
3 4230 4231 4309
3 4231 4310 4309
3 4231 4232 4310
3 4232 4311 4310
3 4232 4233 4311
3 4233 4312 4311
3 4233 4234 4312
3 4234 4313 4312
3 4234 4235 4313
3 4235 4314 4313
3 4235 4236 4314
3 4236 4315 4314
3 4236 4237 4315
3 4237 4316 4315
3 4237 4238 4316
3 4238 4317 4316
3 4238 4239 4317
3 4239 4318 4317
3 4239 4240 4318
3 4240 4319 4318
3 4240 4241 4319
3 4241 4320 4319
3 4241 4242 4320
3 4242 4321 4320
3 4242 4243 4321
3 4243 4322 4321
3 4243 4244 4322
3 4244 4323 4322
3 4244 4245 4323
3 4245 4324 4323
3 4245 4246 4324
3 4246 4325 4324
3 4246 4247 4325
3 4247 4326 4325
3 4247 4248 4326
3 4248 4327 4326
3 4248 4249 4327
3 4249 4328 4327
3 4249 4250 4328
3 4250 4329 4328
3 4250 4251 4329
3 4251 4330 4329
3 4251 4252 4330
3 4252 4331 4330
3 4252 4253 4331
3 4253 4332 4331
3 4253 4254 4332
3 4254 4333 4332
3 4254 4255 4333
3 4258 4257 4334
3 4257 4335 4334
3 4257 4260 4335
3 4260 4336 4335
3 4260 4262 4336
3 4262 4337 4336
3 4262 4264 4337
3 4264 4338 4337
3 4264 4266 4338
3 4266 4339 4338
3 4266 4268 4339
3 4268 4340 4339
3 4268 4270 4340
3 4270 4341 4340
3 4270 4272 4341
3 4272 4342 4341
3 4272 4274 4342
3 4274 4343 4342
3 4274 4276 4343
3 4276 4344 4343
3 4276 4278 4344
3 4278 4345 4344
3 4278 4280 4345
3 4280 4346 4345
3 4280 4281 4346
3 4281 4347 4346
3 4281 4282 4347
3 4282 4348 4347
3 4282 4283 4348
3 4283 4349 4348
3 4283 4284 4349
3 4284 4350 4349
3 4284 4285 4350
3 4285 4351 4350
3 4285 4286 4351
3 4286 4352 4351
3 4286 4287 4352
3 4287 4353 4352
3 4287 4288 4353
3 4288 4354 4353
3 4288 4289 4354
3 4289 4355 4354
3 4289 4290 4355
3 4290 4356 4355
3 4290 4291 4356
3 4291 4357 4356
3 4291 4292 4357
3 4292 4358 4357
3 4292 4293 4358
3 4293 4359 4358
3 4293 4294 4359
3 4294 4360 4359
3 4294 4295 4360
3 4295 4361 4360
3 4295 4296 4361
3 4296 4362 4361
3 4296 4297 4362
3 4297 4363 4362
3 4297 4298 4363
3 4298 4364 4363
3 4298 4299 4364
3 4299 4365 4364
3 4299 4300 4365
3 4300 4366 4365
3 4300 4301 4366
3 4301 4367 4366
3 4301 4302 4367
3 4302 4368 4367
3 4302 4303 4368
3 4303 4369 4368
3 4303 4304 4369
3 4304 4370 4369
3 4304 4305 4370
3 4305 4371 4370
3 4305 4306 4371
3 4306 4372 4371
3 4306 4307 4372
3 4307 4373 4372
3 4307 4308 4373
3 4308 4374 4373
3 4308 4309 4374
3 4309 4375 4374
3 4309 4310 4375
3 4310 4376 4375
3 4310 4311 4376
3 4311 4377 4376
3 4311 4312 4377
3 4312 4378 4377
3 4312 4313 4378
3 4313 4379 4378
3 4313 4314 4379
3 4314 4380 4379
3 4314 4315 4380
3 4315 4381 4380
3 4315 4316 4381
3 4316 4382 4381
3 4316 4317 4382
3 4317 4383 4382
3 4317 4318 4383
3 4318 4384 4383
3 4318 4319 4384
3 4319 4385 4384
3 4319 4320 4385
3 4320 4386 4385
3 4320 4321 4386
3 4321 4387 4386
3 4321 4322 4387
3 4322 4388 4387
3 4322 4323 4388
3 4323 4389 4388
3 4323 4324 4389
3 4324 4390 4389
3 4324 4325 4390
3 4325 4391 4390
3 4325 4326 4391
3 4326 4392 4391
3 4326 4327 4392
3 4327 4393 4392
3 4327 4328 4393
3 4328 4394 4393
3 4328 4329 4394
3 4329 4395 4394
3 4329 4330 4395
3 4330 4396 4395
3 4330 4331 4396
3 4331 4397 4396
3 4331 4332 4397
3 4332 4398 4397
3 4332 4333 4398
3 4334 4399 4400
3 4334 4335 4399
3 4335 4401 4399
3 4335 4336 4401
3 4336 4402 4401
3 4336 4337 4402
3 4337 4403 4402
3 4337 4338 4403
3 4338 4404 4403
3 4338 4339 4404
3 4339 4405 4404
3 4339 4340 4405
3 4340 4406 4405
3 4340 4341 4406
3 4341 4407 4406
3 4341 4342 4407
3 4342 4408 4407
3 4342 4343 4408
3 4343 4409 4408
3 4343 4344 4409
3 4344 4410 4409
3 4344 4345 4410
3 4345 4411 4410
3 4345 4346 4411
3 4346 4412 4411
3 4346 4347 4412
3 4347 4413 4412
3 4347 4348 4413
3 4348 4414 4413
3 4348 4349 4414
3 4349 4415 4414
3 4349 4350 4415
3 4350 4416 4415
3 4350 4351 4416
3 4351 4417 4416
3 4351 4352 4417
3 4352 4418 4417
3 4352 4353 4418
3 4353 4419 4418
3 4353 4354 4419
3 4354 4420 4419
3 4354 4355 4420
3 4355 4421 4420
3 4355 4356 4421
3 4356 4422 4421
3 4356 4357 4422
3 4357 4423 4422
3 4357 4358 4423
3 4358 4424 4423
3 4358 4359 4424
3 4359 4425 4424
3 4359 4360 4425
3 4360 4426 4425
3 4360 4361 4426
3 4361 4427 4426
3 4361 4362 4427
3 4362 4428 4427
3 4362 4363 4428
3 4363 4429 4428
3 4363 4364 4429
3 4364 4430 4429
3 4364 4365 4430
3 4365 4431 4430
3 4365 4366 4431
3 4366 4432 4431
3 4366 4367 4432
3 4367 4433 4432
3 4367 4368 4433
3 4368 4434 4433
3 4368 4369 4434
3 4369 4435 4434
3 4369 4370 4435
3 4370 4436 4435
3 4370 4371 4436
3 4371 4437 4436
3 4371 4372 4437
3 4372 4438 4437
3 4372 4373 4438
3 4373 4439 4438
3 4373 4374 4439
3 4374 4440 4439
3 4374 4375 4440
3 4375 4441 4440
3 4375 4376 4441
3 4376 4442 4441
3 4376 4377 4442
3 4377 4443 4442
3 4377 4378 4443
3 4378 4444 4443
3 4378 4379 4444
3 4379 4445 4444
3 4379 4380 4445
3 4380 4446 4445
3 4380 4381 4446
3 4381 4447 4446
3 4381 4382 4447
3 4382 4448 4447
3 4382 4383 4448
3 4383 4449 4448
3 4383 4384 4449
3 4384 4450 4449
3 4384 4385 4450
3 4385 4451 4450
3 4385 4386 4451
3 4386 4452 4451
3 4386 4387 4452
3 4387 4453 4452
3 4387 4388 4453
3 4388 4454 4453
3 4388 4389 4454
3 4389 4455 4454
3 4389 4390 4455
3 4390 4456 4455
3 4390 4391 4456
3 4391 4457 4456
3 4391 4392 4457
3 4392 4458 4457
3 4392 4393 4458
3 4393 4459 4458
3 4393 4394 4459
3 4394 4460 4459
3 4394 4395 4460
3 4395 4461 4460
3 4395 4396 4461
3 4396 4462 4461
3 4396 4397 4462
3 4397 4463 4462
3 4397 4398 4463
3 4400 4399 4464
3 4399 4465 4464
3 4399 4401 4465
3 4401 4466 4465
3 4401 4402 4466
3 4402 4467 4466
3 4402 4403 4467
3 4403 4468 4467
3 4403 4404 4468
3 4404 4469 4468
3 4404 4405 4469
3 4405 4470 4469
3 4405 4406 4470
3 4406 4471 4470
3 4406 4407 4471
3 4407 4472 4471
3 4407 4408 4472
3 4408 4473 4472
3 4408 4409 4473
3 4409 4474 4473
3 4409 4410 4474
3 4410 4475 4474
3 4410 4411 4475
3 4411 4412 4475
3 4475 4412 4476
3 4412 4477 4476
3 4412 4413 4477
3 4413 4478 4477
3 4413 4414 4478
3 4414 4479 4478
3 4414 4415 4479
3 4415 4416 4479
3 4479 4416 4480
3 4416 4417 4480
3 4480 4417 4481
3 4417 4482 4481
3 4417 4418 4482
3 4418 4483 4482
3 4418 4419 4483
3 4419 4484 4483
3 4419 4420 4484
3 4420 4485 4484
3 4420 4421 4485
3 4421 4486 4485
3 4421 4422 4486
3 4422 4487 4486
3 4422 4423 4487
3 4423 4488 4487
3 4423 4424 4488
3 4424 4489 4488
3 4424 4425 4489
3 4425 4490 4489
3 4425 4426 4490
3 4426 4427 4490
3 4490 4427 4491
3 4427 4492 4491
3 4427 4428 4492
3 4428 4493 4492
3 4428 4429 4493
3 4429 4494 4493
3 4429 4430 4494
3 4430 4495 4494
3 4430 4431 4495
3 4431 4496 4495
3 4431 4432 4496
3 4432 4497 4496
3 4432 4433 4497
3 4433 4498 4497
3 4433 4434 4498
3 4434 4499 4498
3 4434 4435 4499
3 4435 4500 4499
3 4435 4436 4500
3 4436 4501 4500
3 4436 4437 4501
3 4437 4502 4501
3 4437 4438 4502
3 4438 4503 4502
3 4438 4439 4503
3 4439 4504 4503
3 4439 4440 4504
3 4440 4505 4504
3 4440 4441 4505
3 4441 4506 4505
3 4441 4442 4506
3 4442 4507 4506
3 4442 4443 4507
3 4443 4508 4507
3 4443 4444 4508
3 4444 4509 4508
3 4444 4445 4509
3 4445 4510 4509
3 4445 4446 4510
3 4446 4511 4510
3 4446 4447 4511
3 4447 4512 4511
3 4447 4448 4512
3 4448 4513 4512
3 4448 4449 4513
3 4449 4514 4513
3 4449 4450 4514
3 4450 4515 4514
3 4450 4451 4515
3 4451 4516 4515
3 4451 4452 4516
3 4452 4517 4516
3 4452 4453 4517
3 4453 4518 4517
3 4453 4454 4518
3 4454 4519 4518
3 4454 4455 4519
3 4455 4520 4519
3 4455 4456 4520
3 4456 4521 4520
3 4456 4457 4521
3 4457 4522 4521
3 4457 4458 4522
3 4458 4523 4522
3 4458 4459 4523
3 4459 4524 4523
3 4459 4460 4524
3 4460 4525 4524
3 4460 4461 4525
3 4461 4526 4525
3 4461 4462 4526
3 4462 4527 4526
3 4462 4463 4527
3 4463 4528 4527
3 4529 4464 4530
3 4464 4465 4530
3 4530 4465 4531
3 4465 4466 4531
3 4531 4466 4532
3 4466 4467 4532
3 4532 4467 4533
3 4467 4468 4533
3 4533 4468 4534
3 4468 4469 4534
3 4534 4469 4535
3 4469 4470 4535
3 4535 4470 4536
3 4470 4471 4536
3 4536 4471 4537
3 4471 4472 4537
3 4537 4472 4538
3 4472 4473 4538
3 4538 4473 4539
3 4473 4474 4539
3 4539 4474 4540
3 4474 4475 4540
3 4540 4475 4541
3 4475 4476 4541
3 4541 4476 4542
3 4476 4477 4542
3 4542 4477 4543
3 4477 4478 4543
3 4543 4478 4544
3 4478 4479 4544
3 4544 4479 4545
3 4479 4480 4545
3 4545 4480 4546
3 4480 4481 4546
3 4546 4481 4547
3 4481 4482 4547
3 4547 4482 4548
3 4482 4483 4548
3 4548 4483 4549
3 4483 4484 4549
3 4549 4484 4550
3 4484 4485 4550
3 4550 4485 4551
3 4485 4486 4551
3 4551 4486 4552
3 4486 4487 4552
3 4552 4487 4553
3 4487 4488 4553
3 4553 4488 4554
3 4488 4489 4554
3 4554 4489 4555
3 4489 4490 4555
3 4555 4490 4556
3 4490 4491 4556
3 4556 4491 4557
3 4491 4492 4557
3 4557 4492 4558
3 4492 4493 4558
3 4558 4493 4559
3 4493 4494 4559
3 4559 4494 4560
3 4494 4495 4560
3 4560 4495 4561
3 4495 4496 4561
3 4561 4496 4562
3 4496 4497 4562
3 4562 4497 4563
3 4497 4498 4563
3 4563 4498 4564
3 4498 4565 4564
3 4498 4499 4565
3 4499 4500 4565
3 4565 4500 4566
3 4500 4501 4566
3 4566 4501 4567
3 4501 4502 4567
3 4567 4502 4568
3 4502 4503 4568
3 4568 4503 4569
3 4503 4504 4569
3 4569 4504 4570
3 4504 4505 4570
3 4570 4505 4571
3 4505 4506 4571
3 4571 4506 4572
3 4506 4573 4572
3 4506 4507 4573
3 4507 4574 4573
3 4507 4508 4574
3 4508 4575 4574
3 4508 4509 4575
3 4509 4576 4575
3 4509 4510 4576
3 4510 4577 4576
3 4510 4511 4577
3 4511 4578 4577
3 4511 4512 4578
3 4512 4579 4578
3 4512 4513 4579
3 4513 4580 4579
3 4513 4514 4580
3 4514 4581 4580
3 4514 4515 4581
3 4515 4582 4581
3 4515 4516 4582
3 4516 4583 4582
3 4516 4517 4583
3 4517 4518 4583
3 4583 4518 4584
3 4518 4585 4584
3 4518 4519 4585
3 4519 4586 4585
3 4519 4520 4586
3 4520 4587 4586
3 4520 4521 4587
3 4521 4588 4587
3 4521 4522 4588
3 4522 4589 4588
3 4522 4523 4589
3 4523 4590 4589
3 4523 4524 4590
3 4524 4591 4590
3 4524 4525 4591
3 4525 4592 4591
3 4525 4526 4592
3 4526 4593 4592
3 4526 4527 4593
3 4527 4528 4593
3 4593 4528 4594
3 4529 4530 4595
3 4595 4530 4596
3 4530 4531 4596
3 4596 4531 4597
3 4531 4532 4597
3 4597 4532 4598
3 4532 4533 4598
3 4598 4533 4599
3 4533 4534 4599
3 4599 4534 4600
3 4534 4535 4600
3 4600 4535 4601
3 4535 4536 4601
3 4601 4536 4602
3 4536 4537 4602
3 4602 4537 4603
3 4537 4538 4603
3 4603 4538 4604
3 4538 4539 4604
3 4604 4539 4605
3 4539 4540 4605
3 4605 4540 4606
3 4540 4541 4606
3 4606 4541 4607
3 4541 4542 4607
3 4607 4542 4608
3 4542 4543 4608
3 4608 4543 4609
3 4543 4544 4609
3 4609 4544 4610
3 4544 4545 4610
3 4610 4545 4611
3 4545 4546 4611
3 4611 4546 4612
3 4546 4547 4612
3 4612 4547 4613
3 4547 4548 4613
3 4613 4548 4614
3 4548 4549 4614
3 4614 4549 4615
3 4549 4550 4615
3 4615 4550 4616
3 4550 4551 4616
3 4616 4551 4617
3 4551 4552 4617
3 4617 4552 4618
3 4552 4553 4618
3 4618 4553 4619
3 4553 4554 4619
3 4619 4554 4620
3 4554 4555 4620
3 4620 4555 4621
3 4555 4556 4621
3 4621 4556 4622
3 4556 4557 4622
3 4622 4557 4623
3 4557 4558 4623
3 4623 4558 4624
3 4558 4559 4624
3 4624 4559 4625
3 4559 4560 4625
3 4625 4560 4626
3 4560 4561 4626
3 4626 4561 4627
3 4561 4562 4627
3 4627 4562 4628
3 4562 4563 4628
3 4628 4563 4629
3 4563 4564 4629
3 4629 4564 4630
3 4564 4565 4630
3 4630 4565 4631
3 4565 4566 4631
3 4631 4566 4632
3 4566 4567 4632
3 4632 4567 4633
3 4567 4568 4633
3 4633 4568 4634
3 4568 4569 4634
3 4634 4569 4635
3 4569 4570 4635
3 4635 4570 4636
3 4570 4571 4636
3 4636 4571 4637
3 4571 4572 4637
3 4637 4572 4638
3 4572 4573 4638
3 4638 4573 4639
3 4573 4574 4639
3 4639 4574 4640
3 4574 4575 4640
3 4640 4575 4641
3 4575 4576 4641
3 4641 4576 4642
3 4576 4643 4642
3 4576 4577 4643
3 4577 4578 4643
3 4643 4578 4644
3 4578 4579 4644
3 4644 4579 4645
3 4579 4646 4645
3 4579 4580 4646
3 4580 4647 4646
3 4580 4581 4647
3 4581 4648 4647
3 4581 4582 4648
3 4582 4583 4648
3 4648 4583 4649
3 4583 4584 4649
3 4649 4584 4650
3 4584 4585 4650
3 4650 4585 4651
3 4585 4586 4651
3 4651 4586 4652
3 4586 4587 4652
3 4652 4587 4653
3 4587 4588 4653
3 4653 4588 4654
3 4588 4589 4654
3 4654 4589 4655
3 4589 4590 4655
3 4655 4590 4656
3 4590 4591 4656
3 4656 4591 4657
3 4591 4592 4657
3 4657 4592 4658
3 4592 4593 4658
3 4658 4593 4659
3 4593 4594 4659
3 4659 4594 4660
3 4595 4596 4661
3 4661 4596 4662
3 4596 4597 4662
3 4662 4597 4663
3 4597 4598 4663
3 4663 4598 4664
3 4598 4599 4664
3 4664 4599 4665
3 4599 4600 4665
3 4665 4600 4666
3 4600 4601 4666
3 4666 4601 4667
3 4601 4602 4667
3 4667 4602 4668
3 4602 4603 4668
3 4668 4603 4669
3 4603 4604 4669
3 4669 4604 4670
3 4604 4605 4670
3 4670 4605 4671
3 4605 4606 4671
3 4671 4606 4672
3 4606 4607 4672
3 4672 4607 4673
3 4607 4608 4673
3 4673 4608 4674
3 4608 4609 4674
3 4674 4609 4675
3 4609 4610 4675
3 4675 4610 4676
3 4610 4611 4676
3 4676 4611 4677
3 4611 4612 4677
3 4677 4612 4678
3 4612 4613 4678
3 4678 4613 4679
3 4613 4614 4679
3 4679 4614 4680
3 4614 4615 4680
3 4680 4615 4681
3 4615 4616 4681
3 4681 4616 4682
3 4616 4617 4682
3 4682 4617 4683
3 4617 4618 4683
3 4683 4618 4684
3 4618 4619 4684
3 4684 4619 4685
3 4619 4620 4685
3 4685 4620 4686
3 4620 4621 4686
3 4686 4621 4687
3 4621 4622 4687
3 4687 4622 4688
3 4622 4623 4688
3 4688 4623 4689
3 4623 4624 4689
3 4689 4624 4690
3 4624 4691 4690
3 4624 4625 4691
3 4625 4626 4691
3 4691 4626 4692
3 4626 4627 4692
3 4692 4627 4693
3 4627 4628 4693
3 4693 4628 4694
3 4628 4629 4694
3 4694 4629 4695
3 4629 4630 4695
3 4695 4630 4696
3 4630 4697 4696
3 4630 4631 4697
3 4631 4632 4697
3 4697 4632 4698
3 4632 4633 4698
3 4698 4633 4699
3 4633 4634 4699
3 4699 4634 4700
3 4634 4635 4700
3 4700 4635 4701
3 4635 4636 4701
3 4701 4636 4702
3 4636 4637 4702
3 4702 4637 4703
3 4637 4638 4703
3 4703 4638 4704
3 4638 4639 4704
3 4704 4639 4705
3 4639 4640 4705
3 4705 4640 4706
3 4640 4641 4706
3 4706 4641 4707
3 4641 4708 4707
3 4641 4642 4708
3 4642 4709 4708
3 4642 4643 4709
3 4643 4710 4709
3 4643 4644 4710
3 4644 4711 4710
3 4644 4645 4711
3 4645 4646 4711
3 4711 4646 4712
3 4646 4713 4712
3 4646 4647 4713
3 4647 4714 4713
3 4647 4648 4714
3 4648 4715 4714
3 4648 4649 4715
3 4649 4650 4715
3 4715 4650 4716
3 4650 4651 4716
3 4716 4651 4717
3 4651 4652 4717
3 4717 4652 4718
3 4652 4653 4718
3 4718 4653 4719
3 4653 4654 4719
3 4719 4654 4720
3 4654 4721 4720
3 4654 4655 4721
3 4655 4656 4721
3 4721 4656 4722
3 4656 4657 4722
3 4722 4657 4723
3 4657 4658 4723
3 4723 4658 4724
3 4658 4659 4724
3 4724 4659 4725
3 4659 4660 4725
3 4661 4726 4727
3 4661 4662 4726
3 4662 4728 4726
3 4662 4663 4728
3 4663 4664 4728
3 4728 4664 4729
3 4664 4665 4729
3 4729 4665 4730
3 4665 4666 4730
3 4730 4666 4731
3 4666 4667 4731
3 4731 4667 4732
3 4667 4668 4732
3 4732 4668 4733
3 4668 4669 4733
3 4733 4669 4734
3 4669 4670 4734
3 4734 4670 4735
3 4670 4671 4735
3 4735 4671 4736
3 4671 4672 4736
3 4736 4672 4737
3 4672 4673 4737
3 4737 4673 4738
3 4673 4674 4738
3 4738 4674 4739
3 4674 4675 4739
3 4739 4675 4740
3 4675 4676 4740
3 4740 4676 4741
3 4676 4677 4741
3 4741 4677 4742
3 4677 4678 4742
3 4742 4678 4743
3 4678 4679 4743
3 4743 4679 4744
3 4679 4680 4744
3 4744 4680 4745
3 4680 4681 4745
3 4745 4681 4746
3 4681 4682 4746
3 4746 4682 4747
3 4682 4683 4747
3 4747 4683 4748
3 4683 4749 4748
3 4683 4684 4749
3 4684 4750 4749
3 4684 4685 4750
3 4685 4686 4750
3 4750 4686 4751
3 4686 4687 4751
3 4751 4687 4752
3 4687 4753 4752
3 4687 4688 4753
3 4688 4754 4753
3 4688 4689 4754
3 4689 4755 4754
3 4689 4690 4755
3 4690 4756 4755
3 4690 4691 4756
3 4691 4757 4756
3 4691 4692 4757
3 4692 4758 4757
3 4692 4693 4758
3 4693 4759 4758
3 4693 4694 4759
3 4694 4760 4759
3 4694 4695 4760
3 4695 4761 4760
3 4695 4696 4761
3 4696 4762 4761
3 4696 4697 4762
3 4697 4763 4762
3 4697 4698 4763
3 4698 4764 4763
3 4698 4699 4764
3 4699 4700 4764
3 4764 4700 4765
3 4700 4766 4765
3 4700 4701 4766
3 4701 4767 4766
3 4701 4702 4767
3 4702 4703 4767
3 4767 4703 4768
3 4703 4704 4768
3 4768 4704 4769
3 4704 4770 4769
3 4704 4705 4770
3 4705 4771 4770
3 4705 4706 4771
3 4706 4772 4771
3 4706 4707 4772
3 4707 4773 4772
3 4707 4708 4773
3 4708 4774 4773
3 4708 4709 4774
3 4709 4775 4774
3 4709 4710 4775
3 4710 4776 4775
3 4710 4711 4776
3 4711 4777 4776
3 4711 4712 4777
3 4712 4778 4777
3 4712 4713 4778
3 4713 4779 4778
3 4713 4714 4779
3 4714 4780 4779
3 4714 4715 4780
3 4715 4781 4780
3 4715 4716 4781
3 4716 4782 4781
3 4716 4717 4782
3 4717 4783 4782
3 4717 4718 4783
3 4718 4784 4783
3 4718 4719 4784
3 4719 4785 4784
3 4719 4720 4785
3 4720 4786 4785
3 4720 4721 4786
3 4721 4787 4786
3 4721 4722 4787
3 4722 4788 4787
3 4722 4723 4788
3 4723 4789 4788
3 4723 4724 4789
3 4724 4790 4789
3 4724 4725 4790
3 4725 4791 4790
3 4725 4792 4791
3 4727 4726 4793
3 4726 4794 4793
3 4726 4728 4794
3 4728 4795 4794
3 4728 4729 4795
3 4729 4796 4795
3 4729 4730 4796
3 4730 4797 4796
3 4730 4731 4797
3 4731 4798 4797
3 4731 4732 4798
3 4732 4799 4798
3 4732 4733 4799
3 4733 4800 4799
3 4733 4734 4800
3 4734 4735 4800
3 4800 4735 4801
3 4735 4802 4801
3 4735 4736 4802
3 4736 4803 4802
3 4736 4737 4803
3 4737 4804 4803
3 4737 4738 4804
3 4738 4805 4804
3 4738 4739 4805
3 4739 4806 4805
3 4739 4740 4806
3 4740 4807 4806
3 4740 4741 4807
3 4741 4742 4807
3 4807 4742 4808
3 4742 4743 4808
3 4808 4743 4809
3 4743 4810 4809
3 4743 4744 4810
3 4744 4811 4810
3 4744 4745 4811
3 4745 4812 4811
3 4745 4746 4812
3 4746 4813 4812
3 4746 4747 4813
3 4747 4814 4813
3 4747 4748 4814
3 4748 4815 4814
3 4748 4749 4815
3 4749 4816 4815
3 4749 4750 4816
3 4750 4751 4816
3 4816 4751 4817
3 4751 4818 4817
3 4751 4752 4818
3 4752 4819 4818
3 4752 4753 4819
3 4753 4820 4819
3 4753 4754 4820
3 4754 4821 4820
3 4754 4755 4821
3 4755 4822 4821
3 4755 4756 4822
3 4756 4823 4822
3 4756 4757 4823
3 4757 4824 4823
3 4757 4758 4824
3 4758 4825 4824
3 4758 4759 4825
3 4759 4826 4825
3 4759 4760 4826
3 4760 4827 4826
3 4760 4761 4827
3 4761 4828 4827
3 4761 4762 4828
3 4762 4829 4828
3 4762 4763 4829
3 4763 4830 4829
3 4763 4764 4830
3 4764 4831 4830
3 4764 4765 4831
3 4765 4832 4831
3 4765 4766 4832
3 4766 4833 4832
3 4766 4767 4833
3 4767 4834 4833
3 4767 4768 4834
3 4768 4835 4834
3 4768 4769 4835
3 4769 4836 4835
3 4769 4770 4836
3 4770 4837 4836
3 4770 4771 4837
3 4771 4838 4837
3 4771 4772 4838
3 4772 4839 4838
3 4772 4773 4839
3 4773 4840 4839
3 4773 4774 4840
3 4774 4841 4840
3 4774 4775 4841
3 4775 4842 4841
3 4775 4776 4842
3 4776 4843 4842
3 4776 4777 4843
3 4777 4844 4843
3 4777 4778 4844
3 4778 4845 4844
3 4778 4779 4845
3 4779 4846 4845
3 4779 4780 4846
3 4780 4847 4846
3 4780 4781 4847
3 4781 4848 4847
3 4781 4782 4848
3 4782 4849 4848
3 4782 4783 4849
3 4783 4850 4849
3 4783 4784 4850
3 4784 4851 4850
3 4784 4785 4851
3 4785 4852 4851
3 4785 4786 4852
3 4786 4853 4852
3 4786 4787 4853
3 4787 4854 4853
3 4787 4788 4854
3 4788 4855 4854
3 4788 4789 4855
3 4789 4856 4855
3 4789 4790 4856
3 4790 4857 4856
3 4790 4791 4857
3 4858 4793 4859
3 4859 4793 4860
3 4793 4794 4860
3 4860 4794 4861
3 4794 4795 4861
3 4861 4795 4862
3 4795 4796 4862
3 4862 4796 4863
3 4796 4797 4863
3 4863 4797 4864
3 4797 4798 4864
3 4864 4798 4865
3 4798 4799 4865
3 4865 4799 4866
3 4799 4800 4866
3 4866 4800 4867
3 4800 4801 4867
3 4867 4801 4868
3 4801 4802 4868
3 4868 4802 4869
3 4802 4803 4869
3 4869 4803 4870
3 4803 4804 4870
3 4870 4804 4871
3 4804 4805 4871
3 4871 4805 4872
3 4805 4806 4872
3 4872 4806 4873
3 4806 4807 4873
3 4873 4807 4874
3 4807 4808 4874
3 4874 4808 4875
3 4808 4809 4875
3 4875 4809 4876
3 4809 4810 4876
3 4876 4810 4877
3 4810 4811 4877
3 4877 4811 4878
3 4811 4812 4878
3 4878 4812 4879
3 4812 4813 4879
3 4879 4813 4880
3 4813 4814 4880
3 4880 4814 4881
3 4814 4815 4881
3 4881 4815 4882
3 4815 4816 4882
3 4882 4816 4883
3 4816 4817 4883
3 4883 4817 4884
3 4817 4818 4884
3 4884 4818 4885
3 4818 4886 4885
3 4818 4819 4886
3 4819 4887 4886
3 4819 4820 4887
3 4820 4888 4887
3 4820 4821 4888
3 4821 4889 4888
3 4821 4822 4889
3 4822 4890 4889
3 4822 4823 4890
3 4823 4891 4890
3 4823 4824 4891
3 4824 4825 4891
3 4891 4825 4892
3 4825 4893 4892
3 4825 4826 4893
3 4826 4894 4893
3 4826 4827 4894
3 4827 4895 4894
3 4827 4828 4895
3 4828 4896 4895
3 4828 4829 4896
3 4829 4897 4896
3 4829 4830 4897
3 4830 4898 4897
3 4830 4831 4898
3 4831 4899 4898
3 4831 4832 4899
3 4832 4900 4899
3 4832 4833 4900
3 4833 4901 4900
3 4833 4834 4901
3 4834 4902 4901
3 4834 4835 4902
3 4835 4903 4902
3 4835 4836 4903
3 4836 4904 4903
3 4836 4837 4904
3 4837 4905 4904
3 4837 4838 4905
3 4838 4906 4905
3 4838 4839 4906
3 4839 4907 4906
3 4839 4840 4907
3 4840 4908 4907
3 4840 4841 4908
3 4841 4909 4908
3 4841 4842 4909
3 4842 4910 4909
3 4842 4843 4910
3 4843 4911 4910
3 4843 4844 4911
3 4844 4912 4911
3 4844 4845 4912
3 4845 4913 4912
3 4845 4846 4913
3 4846 4914 4913
3 4846 4847 4914
3 4847 4915 4914
3 4847 4848 4915
3 4848 4916 4915
3 4848 4849 4916
3 4849 4917 4916
3 4849 4850 4917
3 4850 4918 4917
3 4850 4851 4918
3 4851 4919 4918
3 4851 4852 4919
3 4852 4920 4919
3 4852 4853 4920
3 4853 4921 4920
3 4853 4854 4921
3 4854 4922 4921
3 4854 4855 4922
3 4855 4923 4922
3 4855 4856 4923
3 4856 4924 4923
3 4856 4857 4924
3 4859 4860 0
3 0 4860 1
3 4860 4861 1
3 1 4861 4
3 4861 4862 4
3 4 4862 6
3 4862 4863 6
3 6 4863 8
3 4863 4864 8
3 8 4864 10
3 4864 4865 10
3 10 4865 12
3 4865 4866 12
3 12 4866 14
3 4866 4867 14
3 14 4867 16
3 4867 4868 16
3 16 4868 18
3 4868 4869 18
3 18 4869 20
3 4869 4870 20
3 20 4870 22
3 4870 4871 22
3 22 4871 24
3 4871 4872 24
3 24 4872 26
3 4872 4873 26
3 26 4873 28
3 4873 4874 28
3 28 4874 30
3 4874 4875 30
3 30 4875 32
3 4875 4876 32
3 32 4876 34
3 4876 4877 34
3 34 4877 36
3 4877 4878 36
3 36 4878 38
3 4878 4879 38
3 38 4879 40
3 4879 4880 40
3 40 4880 42
3 4880 44 42
3 4880 4881 44
3 4881 4882 44
3 44 4882 46
3 4882 4883 46
3 46 4883 48
3 4883 4884 48
3 48 4884 50
3 4884 4885 50
3 50 4885 52
3 4885 4886 52
3 52 4886 54
3 4886 56 54
3 4886 4887 56
3 4887 58 56
3 4887 4888 58
3 4888 60 58
3 4888 4889 60
3 4889 62 60
3 4889 4890 62
3 4890 64 62
3 4890 4891 64
3 4891 66 64
3 4891 4892 66
3 4892 68 66
3 4892 4893 68
3 4893 70 68
3 4893 4894 70
3 4894 72 70
3 4894 4895 72
3 4895 74 72
3 4895 4896 74
3 4896 76 74
3 4896 4897 76
3 4897 78 76
3 4897 4898 78
3 4898 80 78
3 4898 4899 80
3 4899 82 80
3 4899 4900 82
3 4900 84 82
3 4900 4901 84
3 4901 86 84
3 4901 4902 86
3 4902 88 86
3 4902 4903 88
3 4903 90 88
3 4903 4904 90
3 4904 92 90
3 4904 4905 92
3 4905 94 92
3 4905 4906 94
3 4906 96 94
3 4906 4907 96
3 4907 98 96
3 4907 4908 98
3 4908 100 98
3 4908 4909 100
3 4909 102 100
3 4909 4910 102
3 4910 104 102
3 4910 4911 104
3 4911 106 104
3 4911 4912 106
3 4912 108 106
3 4912 4913 108
3 4913 110 108
3 4913 4914 110
3 4914 112 110
3 4914 4915 112
3 4915 114 112
3 4915 4916 114
3 4916 116 114
3 4916 4917 116
3 4917 118 116
3 4917 4918 118
3 4918 120 118
3 4918 4919 120
3 4919 122 120
3 4919 4920 122
3 4920 124 122
3 4920 4921 124
3 4921 126 124
3 4921 4922 126
3 4922 128 126
3 4922 4923 128
3 4923 130 128
3 4923 4924 130
3 4924 132 130
CELL_DATA 9538
SCALARS brightness_temperature float
LOOKUP_TABLE default
POINT_DATA 4925
CELL_DATA 9538
SCALARS emission_angle float
LOOKUP_TABLE default
POINT_DATA 4925
CELL_DATA 9538
SCALARS incidence_angle float
LOOKUP_TABLE default
POINT_DATA 4925
CELL_DATA 9538
SCALARS phase_angle float
LOOKUP_TABLE default
POINT_DATA 4925
CELL_DATA 9538
SCALARS local_solar_time float
LOOKUP_TABLE default
POINT_DATA 4925
CELL_DATA 9538
SCALARS local_solar_time_normal_vector float
LOOKUP_TABLE default
CELL_DATA 9538
SCALARS pixel_x float
LOOKUP_TABLE default
POINT_DATA 4925
CELL_DATA 9538
SCALARS pixel_y float
LOOKUP_TABLE default
POINT_DATA 4925
CELL_DATA 9538
SCALARS longitude float
LOOKUP_TABLE default
POINT_DATA 4925
CELL_DATA 9538
SCALARS latitude float
LOOKUP_TABLE default
