# vtk DataFile Version 3.0
SHAPE_sfm_50k_v20200323
ASCII
DATASET POLYDATA
POINTS 5989 float
0.2814 -0.08467 -0.26583
0.27899 -0.08556 -0.2673
0.27938 -0.08362 -0.26765
0.28193 -0.08279 -0.26632
0.27987 -0.08173 -0.26809
0.27771 -0.08227 -0.26959
0.27823 -0.0804 -0.27007
0.27592 -0.08123 -0.27166
0.27648 -0.07937 -0.2722
0.28249 -0.08092 -0.26682
0.28036 -0.07981 -0.26848
0.27874 -0.07851 -0.27051
0.27687 -0.07743 -0.27251
0.27422 -0.07868 -0.27397
0.27454 -0.07672 -0.27418
0.28577 -0.07953 -0.26617
0.28304 -0.07901 -0.26724
0.28087 -0.0779 -0.26885
0.27919 -0.07657 -0.27082
0.27729 -0.0755 -0.27279
0.27507 -0.07485 -0.27462
0.28612 -0.07745 -0.26621
0.28354 -0.07707 -0.26758
0.28134 -0.07597 -0.26916
0.27968 -0.07466 -0.27116
0.27784 -0.07363 -0.27319
0.27572 -0.07305 -0.27515
0.2839 -0.07508 -0.26772
0.28621 -0.07541 -0.26597
0.28179 -0.07403 -0.26946
0.28011 -0.07272 -0.27144
0.27836 -0.07174 -0.27358
0.27651 -0.07136 -0.27584
0.28656 -0.07343 -0.26616
0.28419 -0.07308 -0.26784
0.28223 -0.07209 -0.26978
0.28058 -0.07082 -0.27182
0.279 -0.06993 -0.27413
0.27743 -0.06979 -0.27664
0.28694 -0.07146 -0.26638
0.28459 -0.07111 -0.26809
0.28268 -0.07016 -0.27012
0.28114 -0.06895 -0.27229
0.27966 -0.06814 -0.27471
0.27838 -0.06821 -0.27741
0.28937 -0.07129 -0.26476
0.28735 -0.0695 -0.26672
0.28985 -0.06938 -0.2652
0.28504 -0.06919 -0.26849
0.28309 -0.06822 -0.27049
0.2817 -0.0671 -0.27281
0.28036 -0.06638 -0.27536
0.27929 -0.0666 -0.27815
0.28779 -0.06757 -0.26716
0.29038 -0.06749 -0.26578
0.28543 -0.06724 -0.26888
0.28358 -0.06633 -0.271
0.2823 -0.06529 -0.27343
0.28115 -0.06469 -0.2761
0.28026 -0.06508 -0.27895
0.28819 -0.06564 -0.26764
0.29072 -0.06549 -0.26615
0.28586 -0.06534 -0.26941
0.2841 -0.06449 -0.27163
0.28281 -0.06347 -0.27409
0.28202 -0.06311 -0.27694
0.28126 -0.0636 -0.27978
0.29313 -0.06387 -0.26456
0.29087 -0.06348 -0.26643
0.28847 -0.06368 -0.26812
0.28623 -0.06344 -0.27003
0.28457 -0.06268 -0.27236
0.28322 -0.06166 -0.27481
0.28266 -0.06141 -0.27775
0.28245 -0.06222 -0.28065
0.29321 -0.06186 -0.2649
0.29101 -0.06149 -0.26686
0.28872 -0.06175 -0.26869
0.28661 -0.06159 -0.27075
0.28494 -0.06084 -0.27309
0.28346 -0.05979 -0.2755
0.28318 -0.05966 -0.27854
0.28329 -0.06055 -0.28141
0.29338 -0.05985 -0.26526
0.29137 -0.05957 -0.26742
0.28903 -0.05981 -0.26922
0.28706 -0.05974 -0.27143
0.28522 -0.05892 -0.27364
0.28387 -0.0579 -0.27623
0.28374 -0.05787 -0.27935
0.28395 -0.05885 -0.2822
0.29558 -0.05809 -0.26333
0.29361 -0.05785 -0.26557
0.29187 -0.05768 -0.26798
0.28954 -0.05792 -0.2698
0.28746 -0.05782 -0.27192
0.28568 -0.05703 -0.27424
0.28467 -0.05619 -0.27709
0.28504 -0.05653 -0.28015
0.28511 -0.05745 -0.28302
0.29596 -0.0561 -0.26375
0.29396 -0.05587 -0.26596
0.29236 -0.05577 -0.26848
0.29026 -0.05616 -0.27053
0.28805 -0.05596 -0.27252
0.28626 -0.0552 -0.27491
0.28584 -0.05478 -0.27797
0.29623 -0.05409 -0.2641
0.29429 -0.0539 -0.26637
0.29298 -0.05393 -0.26907
0.29116 -0.05451 -0.27136
0.28879 -0.05421 -0.2732
0.28692 -0.05343 -0.27559
0.28658 -0.05541 -0.2809
0.28772 -0.05383 -0.28163
0.28729 -0.05443 -0.28463
0.28637 -0.05612 -0.28386
0.29802 -0.05203 -0.26181
0.29612 -0.05203 -0.26414
0.29459 -0.05191 -0.26671
0.2936 -0.05203 -0.26955
0.29195 -0.05271 -0.27202
0.28942 -0.05237 -0.27371
0.28762 -0.05169 -0.27617
0.28712 -0.0534 -0.27871
0.28788 -0.05162 -0.27926
0.28815 -0.0519 -0.28221
0.28775 -0.05249 -0.28519
0.29778 -0.04997 -0.26168
0.29626 -0.04997 -0.26425
0.2949 -0.0499 -0.26691
0.29384 -0.04998 -0.26971
0.29252 -0.05069 -0.27239
0.28998 -0.05051 -0.27414
0.28811 -0.04982 -0.27654
0.28812 -0.04965 -0.27963
0.28839 -0.04995 -0.28259
0.28792 -0.05051 -0.28555
0.2997 -0.04977 -0.25939
0.29763 -0.0479 -0.26154
0.29959 -0.04768 -0.25927
0.29628 -0.04792 -0.26423
0.29484 -0.04785 -0.26686
0.29378 -0.04793 -0.26967
0.29249 -0.04858 -0.27232
0.29009 -0.04853 -0.27426
0.28856 -0.04791 -0.27688
0.28867 -0.04775 -0.27993
0.28873 -0.04801 -0.28291
0.28802 -0.04852 -0.28584
0.29765 -0.04582 -0.26138
0.29978 -0.04559 -0.25925
0.29639 -0.04587 -0.26413
0.29497 -0.04581 -0.26678
0.29368 -0.04591 -0.26948
0.29211 -0.04658 -0.27192
0.29022 -0.0465 -0.27427
0.28903 -0.04597 -0.27703
0.28886 -0.04577 -0.28003
0.28885 -0.04601 -0.28302
0.28796 -0.04651 -0.28591
0.29795 -0.04375 -0.26147
0.30008 -0.04352 -0.25936
0.29649 -0.04381 -0.26411
0.2953 -0.0438 -0.26687
0.29385 -0.04389 -0.26949
0.29215 -0.04455 -0.27185
0.29052 -0.04449 -0.27437
0.28936 -0.04401 -0.27712
0.28886 -0.04377 -0.28006
0.28864 -0.04402 -0.28304
0.28761 -0.04453 -0.28583
0.30218 -0.04278 -0.25734
0.30024 -0.04144 -0.25931
0.30227 -0.04068 -0.25723
0.2984 -0.04173 -0.26166
0.29678 -0.04177 -0.26418
0.29563 -0.04179 -0.26697
0.29427 -0.04191 -0.26963
0.29269 -0.04261 -0.27207
0.29114 -0.04256 -0.27463
0.2894 -0.042 -0.27706
0.28877 -0.04177 -0.28002
0.28852 -0.04203 -0.28299
0.28735 -0.04255 -0.28572
0.30024 -0.03936 -0.25942
0.30229 -0.03859 -0.25737
0.29853 -0.03966 -0.26186
0.29703 -0.03975 -0.26445
0.29598 -0.0398 -0.26727
0.29484 -0.03999 -0.27005
0.29322 -0.04069 -0.27247
0.29167 -0.04065 -0.27505
0.28956 -0.04 -0.27717
0.28864 -0.03979 -0.28006
0.28851 -0.04004 -0.28306
0.28745 -0.04056 -0.28584
0.30451 -0.03829 -0.25537
0.30226 -0.0365 -0.25754
0.30022 -0.03727 -0.2596
0.29855 -0.0376 -0.26206
0.29706 -0.0377 -0.26468
0.29635 -0.03778 -0.26763
0.29504 -0.03795 -0.27034
0.29364 -0.03871 -0.27287
0.292 -0.03865 -0.27542
0.28963 -0.03803 -0.27726
0.28827 -0.03784 -0.27998
0.28838 -0.03805 -0.28301
0.2876 -0.03857 -0.28591
0.30452 -0.03619 -0.25558
0.30233 -0.03442 -0.25784
0.3047 -0.03414 -0.25601
0.30018 -0.03519 -0.2598
0.29853 -0.03554 -0.26228
0.29709 -0.03566 -0.26492
0.29611 -0.03571 -0.26777
0.29487 -0.03589 -0.2705
0.29362 -0.03664 -0.27313
0.29173 -0.0366 -0.2755
0.28932 -0.03608 -0.27727
0.28775 -0.03593 -0.27988
0.28782 -0.03613 -0.28292
0.2875 -0.03656 -0.28591
0.30268 -0.03238 -0.25813
0.30499 -0.03206 -0.25622
0.30045 -0.03313 -0.25999
0.29864 -0.03347 -0.26237
0.29713 -0.0336 -0.26496
0.29567 -0.03371 -0.26759
0.29436 -0.0339 -0.27029
0.2932 -0.03461 -0.27296
0.29119 -0.03465 -0.27523
0.28903 -0.03409 -0.27722
0.28729 -0.03399 -0.27967
0.28693 -0.03436 -0.28267
0.28715 -0.03458 -0.28572
0.30781 -0.0303 -0.25452
0.30551 -0.03003 -0.25645
0.30328 -0.03039 -0.25846
0.30097 -0.03112 -0.26025
0.2989 -0.03141 -0.26241
0.29724 -0.03154 -0.26491
0.29548 -0.0317 -0.26736
0.29379 -0.032 -0.26982
0.29261 -0.03271 -0.27247
0.29071 -0.03272 -0.27482
0.28875 -0.03211 -0.27698
0.28703 -0.03199 -0.27943
0.2861 -0.03256 -0.28229
0.28627 -0.03281 -0.28535
0.30607 -0.028 -0.25657
0.3084 -0.02826 -0.25466
0.304 -0.02844 -0.25876
0.30173 -0.0292 -0.2606
0.29925 -0.02936 -0.26232
0.2972 -0.02951 -0.26453
0.29561 -0.02966 -0.26713
0.29352 -0.03006 -0.26927
0.29222 -0.03084 -0.27185
0.29052 -0.03077 -0.27433
0.28864 -0.03014 -0.27657
0.28708 -0.02999 -0.27911
0.28575 -0.03061 -0.28176
0.28524 -0.0312 -0.28472
0.30894 -0.02624 -0.25502
0.30659 -0.02598 -0.25691
0.30451 -0.02643 -0.25908
0.30226 -0.02722 -0.26095
0.29968 -0.02734 -0.26253
0.2973 -0.02743 -0.26441
0.29532 -0.02765 -0.26671
0.29343 -0.02803 -0.26903
0.2921 -0.02884 -0.2716
0.29041 -0.02877 -0.27409
0.28865 -0.02813 -0.27642
0.28715 -0.02799 -0.27899
0.28594 -0.02859 -0.28166
0.28458 -0.02934 -0.28427
0.30956 -0.02426 -0.25548
0.30715 -0.02397 -0.25729
0.30506 -0.02444 -0.25945
0.30283 -0.02525 -0.26132
0.30036 -0.02544 -0.26305
0.29783 -0.02542 -0.26471
0.29552 -0.02554 -0.26672
0.29368 -0.02598 -0.26909
0.29206 -0.02683 -0.27147
0.29023 -0.02676 -0.27387
0.28851 -0.02613 -0.27624
0.28719 -0.02599 -0.2789
0.2861 -0.02659 -0.28163
0.28449 -0.02734 -0.2841
0.31007 -0.02225 -0.25594
0.30768 -0.02199 -0.25778
0.3055 -0.02242 -0.25984
0.30361 -0.02343 -0.26201
0.30115 -0.02366 -0.26377
0.29863 -0.02362 -0.26545
0.29647 -0.02385 -0.26757
0.29435 -0.02414 -0.26968
0.29217 -0.02481 -0.27163
0.29003 -0.02475 -0.27374
0.28835 -0.02413 -0.27616
0.28708 -0.02399 -0.27885
0.28569 -0.02464 -0.28141
0.2841 -0.0254 -0.28387
0.31305 -0.02029 -0.2549
0.31051 -0.02027 -0.25654
0.30815 -0.02004 -0.25843
0.30591 -0.02045 -0.26042
0.30405 -0.02146 -0.26259
0.30183 -0.02189 -0.2646
0.29956 -0.02216 -0.26658
0.2975 -0.02254 -0.26878
0.2951 -0.02248 -0.27063
0.2924 -0.02281 -0.27188
0.29001 -0.02272 -0.27371
0.28825 -0.02212 -0.27609
0.28688 -0.022 -0.27872
0.28548 -0.02266 -0.28127
0.28377 -0.02344 -0.28364
0.31311 -0.01835 -0.25578
0.31063 -0.01838 -0.25751
0.30828 -0.01818 -0.2594
0.30594 -0.01854 -0.26129
0.30393 -0.0195 -0.26335
0.30217 -0.02017 -0.2657
0.30045 -0.02099 -0.26811
0.29811 -0.02105 -0.27014
0.29535 -0.02057 -0.27138
0.29247 -0.0208 -0.27216
0.2899 -0.0207 -0.27376
0.28812 -0.02012 -0.27613
0.28669 -0.02001 -0.27873
0.28531 -0.02067 -0.2813
0.28357 -0.02145 -0.28364
0.31335 -0.0165 -0.25681
0.31085 -0.01652 -0.2585
0.30849 -0.01631 -0.26037
0.30608 -0.01664 -0.26219
0.30417 -0.01767 -0.26432
0.30304 -0.01866 -0.26702
0.30104 -0.01928 -0.26938
0.29831 -0.01908 -0.27095
0.29543 -0.01856 -0.27177
0.29251 -0.01878 -0.27241
0.28987 -0.01867 -0.27391
0.28802 -0.01811 -0.27623
0.28654 -0.01801 -0.27879
0.28519 -0.01869 -0.28137
0.28345 -0.01946 -0.28371
0.31648 -0.01463 -0.25598
0.31416 -0.01486 -0.2579
0.31152 -0.01472 -0.25938
0.30905 -0.01441 -0.26111
0.30652 -0.01466 -0.26283
0.30469 -0.01577 -0.26502
0.30341 -0.01663 -0.2677
0.30111 -0.01712 -0.26973
0.29832 -0.01699 -0.27103
0.29558 -0.01657 -0.27219
0.2927 -0.01683 -0.27294
0.28995 -0.01666 -0.2742
0.28789 -0.01612 -0.27634
0.2864 -0.01602 -0.2789
0.28524 -0.0167 -0.28158
0.28348 -0.01748 -0.28392
0.31517 -0.0132 -0.25881
0.31739 -0.01284 -0.25676
0.31249 -0.01303 -0.26023
0.30993 -0.01261 -0.26183
0.30755 -0.01299 -0.26369
0.30527 -0.01382 -0.26549
0.30328 -0.01448 -0.26765
0.30102 -0.01503 -0.26956
0.29851 -0.01497 -0.27124
0.29594 -0.01466 -0.27281
0.29303 -0.01491 -0.27355
0.29017 -0.01468 -0.27448
0.28791 -0.01412 -0.27638
0.28634 -0.01401 -0.27888
0.28512 -0.0147 -0.28152
0.28391 -0.01553 -0.28417
0.31811 -0.01105 -0.2577
0.3158 -0.01131 -0.25962
0.3132 -0.01126 -0.26117
0.31088 -0.0112 -0.26311
0.30855 -0.01165 -0.26499
0.30595 -0.0121 -0.26647
0.30328 -0.0124 -0.26779
0.30095 -0.01297 -0.26959
0.29871 -0.01294 -0.27166
0.29611 -0.01259 -0.27325
0.29316 -0.0129 -0.27392
0.29024 -0.01267 -0.27465
0.28793 -0.01212 -0.27648
0.28623 -0.01201 -0.27889
0.28492 -0.01271 -0.28147
0.2839 -0.01351 -0.2842
0.31877 -0.00923 -0.25864
0.31631 -0.00936 -0.26036
0.31403 -0.00963 -0.2623
0.3119 -0.00981 -0.26443
0.30948 -0.01019 -0.26632
0.30658 -0.01029 -0.26732
0.30369 -0.01039 -0.26812
0.30104 -0.01092 -0.26941
0.29861 -0.01088 -0.27121
0.29613 -0.01047 -0.27292
0.2933 -0.01084 -0.27394
0.29039 -0.01066 -0.27469
0.2881 -0.01012 -0.27654
0.28612 -0.01002 -0.27871
0.28456 -0.01078 -0.28114
0.28364 -0.01153 -0.28392
0.32182 -0.00773 -0.25839
0.31904 -0.00727 -0.25945
0.31638 -0.0073 -0.26088
0.31423 -0.00757 -0.26298
0.31233 -0.00775 -0.26536
0.30982 -0.00811 -0.26717
0.30686 -0.00832 -0.26805
0.30398 -0.00845 -0.26883
0.30111 -0.00887 -0.26958
0.29829 -0.00892 -0.27062
0.29564 -0.00864 -0.272
0.29311 -0.00882 -0.27356
0.2904 -0.00864 -0.27479
0.28811 -0.00811 -0.2766
0.28593 -0.00803 -0.27857
0.28408 -0.00888 -0.28076
0.28318 -0.0096 -0.28358
0.32208 -0.00582 -0.2594
0.31919 -0.00521 -0.25996
0.31637 -0.00518 -0.26106
0.31388 -0.00546 -0.26278
0.31184 -0.00558 -0.26503
0.30955 -0.00587 -0.26702
0.30682 -0.00617 -0.26834
0.30397 -0.00637 -0.26927
0.30105 -0.00682 -0.26984
0.29811 -0.00689 -0.27044
0.29522 -0.00673 -0.27128
0.2926 -0.00697 -0.27273
0.2903 -0.00663 -0.27462
0.28803 -0.0061 -0.27646
0.28572 -0.00606 -0.27826
0.28376 -0.00696 -0.28032
0.28229 -0.00796 -0.28275
0.32231 -0.00373 -0.25991
0.3194 -0.00312 -0.26034
0.31651 -0.00305 -0.26121
0.31377 -0.00334 -0.26249
0.31131 -0.00366 -0.26421
0.309 -0.00399 -0.2661
0.30639 -0.0042 -0.26758
0.30367 -0.00434 -0.26877
0.30086 -0.00478 -0.26968
0.29797 -0.00484 -0.27048
0.29514 -0.00465 -0.27141
0.2924 -0.00491 -0.2726
0.2901 -0.00461 -0.2745
0.28788 -0.00409 -0.27639
0.28561 -0.00405 -0.27824
0.28342 -0.005 -0.28002
0.28165 -0.00617 -0.28214
0.32541 -0.00253 -0.25983
0.32259 -0.0016 -0.26017
0.31968 -0.00101 -0.2606
0.31678 -0.00094 -0.26141
0.314 -0.0012 -0.26253
0.31129 -0.00156 -0.26378
0.30869 -0.00208 -0.26522
0.30612 -0.0023 -0.26675
0.30345 -0.00239 -0.26804
0.30074 -0.00277 -0.26921
0.29797 -0.00279 -0.27038
0.29528 -0.00262 -0.27166
0.29264 -0.00289 -0.27301
0.29021 -0.00259 -0.27468
0.28785 -0.00208 -0.27641
0.28564 -0.00204 -0.27834
0.28338 -0.00299 -0.28
0.28129 -0.00424 -0.28174
0.32547 -0.00035 -0.25996
0.32263 0.00056 -0.2603
0.31971 0.00113 -0.26074
0.31687 0.00116 -0.26174
0.31408 0.0009 -0.26283
0.31122 0.00056 -0.26368
0.30851 1e-05 -0.26488
0.30582 -0.00027 -0.26623
0.30328 -0.00033 -0.26777
0.30066 -0.00069 -0.26915
0.29801 -0.00074 -0.27057
0.29553 -0.00067 -0.27223
0.29295 -0.00099 -0.27368
0.29027 -0.00058 -0.27492
0.28779 -6e-05 -0.2765
0.28558 -4e-05 -0.27844
0.28325 -0.00099 -0.28002
0.28104 -0.00225 -0.28157
0.32552 0.00184 -0.26002
0.32268 0.00273 -0.26046
0.31977 0.00328 -0.26096
0.31685 0.0033 -0.26166
0.31399 0.00301 -0.26256
0.31116 0.00266 -0.26352
0.3084 0.00211 -0.26462
0.30579 0.00184 -0.26612
0.30327 0.00175 -0.2677
0.30079 0.00136 -0.26932
0.29827 0.00126 -0.27094
0.29576 0.00132 -0.27255
0.2932 0.00101 -0.27403
0.29045 0.00143 -0.27514
0.28801 0.00194 -0.27676
0.28565 0.00196 -0.2785
0.28337 0.001 -0.28015
0.28102 -0.00025 -0.28152
0.32832 0.00289 -0.2599
0.32558 0.00402 -0.26037
0.32275 0.00487 -0.2609
0.31985 0.00539 -0.26143
0.3169 0.00543 -0.26197
0.31395 0.00515 -0.26253
0.31108 0.00477 -0.26338
0.30837 0.00422 -0.26462
0.30577 0.00393 -0.26612
0.30316 0.00382 -0.26757
0.30082 0.00341 -0.2694
0.29844 0.00327 -0.27123
0.29587 0.00334 -0.27274
0.29323 0.00305 -0.27408
0.29071 0.00338 -0.27563
0.28828 0.00388 -0.27726
0.28574 0.00395 -0.27871
0.28332 0.003 -0.28016
0.28106 0.00174 -0.28166
0.32856 0.00499 -0.26056
0.32581 0.00609 -0.26107
0.32298 0.00693 -0.26157
0.32006 0.00745 -0.26203
0.31708 0.00752 -0.26235
0.31409 0.00727 -0.26268
0.31114 0.00689 -0.26329
0.30839 0.00632 -0.26448
0.30586 0.00602 -0.26613
0.30324 0.00591 -0.26756
0.30077 0.00547 -0.26921
0.2984 0.00531 -0.27107
0.29598 0.00537 -0.27282
0.2934 0.00506 -0.27431
0.29108 0.00531 -0.27617
0.28853 0.00584 -0.27762
0.2858 0.00594 -0.27875
0.28341 0.005 -0.28027
0.28111 0.00374 -0.28172
0.32876 0.00711 -0.26117
0.32598 0.00822 -0.26156
0.32311 0.00908 -0.26189
0.32016 0.0096 -0.26217
0.31716 0.00965 -0.2624
0.31416 0.00939 -0.26271
0.31119 0.00901 -0.26328
0.30842 0.00843 -0.26448
0.30588 0.00811 -0.26612
0.30342 0.00797 -0.26783
0.30079 0.00754 -0.26925
0.29835 0.00736 -0.27104
0.29595 0.00741 -0.27285
0.29354 0.00707 -0.27459
0.29121 0.00732 -0.27648
0.28845 0.00784 -0.27756
0.28579 0.00793 -0.27884
0.28358 0.00697 -0.28063
0.28123 0.0057 -0.28202
0.33182 0.00838 -0.26116
0.32895 0.00931 -0.26122
0.32613 0.01041 -0.26138
0.32322 0.01121 -0.26149
0.32024 0.0117 -0.26168
0.31725 0.01177 -0.26212
0.31429 0.01151 -0.26279
0.31134 0.01113 -0.26346
0.30858 0.01053 -0.26465
0.30598 0.0102 -0.26622
0.30344 0.01005 -0.26784
0.30092 0.0096 -0.26945
0.29851 0.00939 -0.27128
0.296 0.00944 -0.27296
0.29373 0.00908 -0.27494
0.29105 0.00935 -0.2763
0.28823 0.00981 -0.27727
0.28564 0.00991 -0.27868
0.28326 0.0089 -0.28022
0.28122 0.0077 -0.28208
0.33186 0.01061 -0.26085
0.32895 0.01146 -0.26073
0.32609 0.01249 -0.26069
0.32317 0.0133 -0.26087
0.32021 0.01383 -0.26133
0.31724 0.01391 -0.26196
0.31435 0.01362 -0.2629
0.3115 0.0132 -0.26386
0.30872 0.01261 -0.26499
0.30606 0.01228 -0.26646
0.30356 0.0121 -0.26815
0.30111 0.01162 -0.26986
0.29863 0.01141 -0.27161
0.29602 0.01147 -0.27313
0.29343 0.01109 -0.27463
0.29072 0.01131 -0.27593
0.28793 0.01178 -0.27697
0.28527 0.01185 -0.27827
0.28289 0.01082 -0.27981
0.28066 0.0095 -0.28138
0.33169 0.01266 -0.25998
0.32876 0.0135 -0.25989
0.3259 0.01459 -0.26002
0.32301 0.01545 -0.26052
0.32009 0.01598 -0.2612
0.31716 0.01604 -0.26204
0.3143 0.01574 -0.26303
0.31146 0.01529 -0.26405
0.30872 0.01469 -0.26526
0.30602 0.01435 -0.26668
0.3036 0.01415 -0.26849
0.30126 0.01362 -0.27036
0.29866 0.01342 -0.27194
0.29594 0.0135 -0.27325
0.29314 0.01308 -0.2743
0.29033 0.01324 -0.27543
0.28767 0.01378 -0.27678
0.2851 0.01386 -0.27826
0.28254 0.01277 -0.27943
0.28023 0.0114 -0.28086
0.33395 0.01298 -0.2596
0.33138 0.01467 -0.25906
0.3285 0.01566 -0.25939
0.32572 0.0168 -0.26001
0.32286 0.01763 -0.26067
0.31991 0.01813 -0.26126
0.31693 0.01816 -0.26188
0.31405 0.01784 -0.26287
0.31124 0.01739 -0.26401
0.30863 0.01677 -0.2655
0.30602 0.01641 -0.26706
0.30353 0.0162 -0.26877
0.30108 0.01567 -0.27049
0.29868 0.01543 -0.2724
0.29587 0.01551 -0.27357
0.29292 0.01511 -0.2742
0.29006 0.01526 -0.27525
0.28742 0.01577 -0.27666
0.28481 0.01584 -0.2781
0.28234 0.01478 -0.27945
0.27995 0.01341 -0.28072
0.33367 0.01493 -0.25852
0.33119 0.01683 -0.25845
0.32847 0.01789 -0.25936
0.32575 0.01898 -0.26024
0.32286 0.01979 -0.26082
0.3199 0.02028 -0.26134
0.31689 0.02029 -0.26186
0.31392 0.01993 -0.26255
0.31112 0.01947 -0.26376
0.30871 0.01886 -0.26558
0.30626 0.01846 -0.26738
0.30374 0.01825 -0.26906
0.30123 0.01772 -0.27069
0.29864 0.01748 -0.2723
0.29591 0.01757 -0.27369
0.29294 0.01715 -0.27426
0.28997 0.0173 -0.27504
0.28733 0.01779 -0.27649
0.28476 0.01786 -0.27802
0.28238 0.01679 -0.27955
0.28002 0.01542 -0.28086
0.33318 0.01695 -0.25758
0.33096 0.01907 -0.25826
0.32833 0.02009 -0.25944
0.3256 0.02116 -0.2603
0.32269 0.02195 -0.26082
0.31973 0.02242 -0.2614
0.31671 0.02242 -0.26181
0.31372 0.02204 -0.26239
0.31093 0.02158 -0.26364
0.30859 0.02096 -0.26555
0.30631 0.02055 -0.26757
0.30403 0.02027 -0.26956
0.30145 0.01974 -0.27114
0.29857 0.01952 -0.27218
0.29565 0.01954 -0.27308
0.29287 0.01918 -0.27422
0.28998 0.01935 -0.2752
0.28737 0.01982 -0.27668
0.28472 0.01987 -0.27809
0.28243 0.01878 -0.27975
0.28019 0.01739 -0.28124
0.33501 0.01687 -0.25684
0.33287 0.01924 -0.25736
0.33087 0.0213 -0.25857
0.32821 0.02228 -0.25966
0.32542 0.02334 -0.26029
0.3225 0.02411 -0.26076
0.31951 0.02455 -0.26112
0.31649 0.02452 -0.26151
0.31353 0.02415 -0.26224
0.31084 0.0237 -0.26365
0.3085 0.02306 -0.26554
0.30626 0.02264 -0.26759
0.30397 0.02237 -0.26957
0.30141 0.02182 -0.27119
0.2984 0.02154 -0.27185
0.29554 0.02161 -0.27294
0.29287 0.02123 -0.27431
0.29013 0.02134 -0.27558
0.28742 0.02182 -0.27683
0.28472 0.02188 -0.27818
0.28249 0.02076 -0.27992
0.28056 0.01929 -0.28173
0.33458 0.01917 -0.25665
0.33273 0.02147 -0.25787
0.33079 0.02341 -0.25929
0.32802 0.02446 -0.26002
0.32517 0.02552 -0.26031
0.32222 0.02625 -0.2605
0.31922 0.02665 -0.26077
0.31624 0.02663 -0.26132
0.31335 0.02627 -0.26223
0.31073 0.0258 -0.26371
0.30837 0.02515 -0.26553
0.3061 0.02472 -0.26752
0.30367 0.02441 -0.26929
0.30107 0.02383 -0.27074
0.29823 0.02361 -0.27185
0.29568 0.02359 -0.27351
0.293 0.0232 -0.27481
0.29018 0.02333 -0.27589
0.28742 0.02383 -0.277
0.28478 0.02389 -0.27842
0.28242 0.02276 -0.27998
0.28066 0.02124 -0.28195
0.33435 0.02139 -0.25717
0.33265 0.02357 -0.25872
0.33053 0.02563 -0.25971
0.32766 0.02666 -0.25999
0.32479 0.02765 -0.25997
0.32185 0.02835 -0.26011
0.31889 0.02876 -0.26054
0.31594 0.02875 -0.26123
0.31311 0.02839 -0.26226
0.31053 0.02791 -0.26378
0.30817 0.02724 -0.26556
0.30588 0.02679 -0.2675
0.3035 0.02647 -0.2693
0.30097 0.02589 -0.27084
0.29839 0.0256 -0.27238
0.29578 0.02559 -0.27389
0.29303 0.02522 -0.27503
0.29018 0.02536 -0.27598
0.28746 0.02586 -0.27721
0.28495 0.02586 -0.27881
0.28249 0.02478 -0.28018
0.28028 0.02324 -0.28156
0.33618 0.02179 -0.25641
0.33433 0.02354 -0.25791
0.33246 0.02584 -0.25898
0.33011 0.02782 -0.25925
0.32727 0.0288 -0.25951
0.32441 0.02974 -0.25945
0.32151 0.03047 -0.25979
0.31862 0.03089 -0.26053
0.31574 0.03087 -0.26137
0.31298 0.0305 -0.26253
0.31039 0.03001 -0.26398
0.30794 0.02933 -0.26561
0.30566 0.02887 -0.26753
0.3035 0.02853 -0.26957
0.3012 0.02789 -0.27143
0.29849 0.02761 -0.27277
0.29571 0.02763 -0.27391
0.29297 0.02727 -0.27502
0.29028 0.02738 -0.27631
0.28768 0.02781 -0.27773
0.28516 0.0278 -0.27925
0.28276 0.0267 -0.28067
0.28053 0.02525 -0.28199
0.3362 0.02403 -0.25677
0.33417 0.02581 -0.2579
0.33208 0.02801 -0.25835
0.32968 0.02989 -0.25849
0.32685 0.03083 -0.25873
0.32404 0.03185 -0.25898
0.32125 0.03262 -0.25976
0.31845 0.03302 -0.26074
0.31561 0.03298 -0.26168
0.31288 0.03259 -0.26284
0.3103 0.03209 -0.2643
0.30784 0.03141 -0.26587
0.30555 0.03093 -0.26775
0.30326 0.0306 -0.26964
0.30085 0.02996 -0.27128
0.29838 0.02965 -0.27296
0.29569 0.02965 -0.27428
0.29304 0.02927 -0.27555
0.29042 0.02932 -0.27693
0.28786 0.02971 -0.27837
0.2851 0.02978 -0.27935
0.28266 0.02864 -0.28071
0.28103 0.02709 -0.28269
0.33854 0.02577 -0.25523
0.33597 0.02625 -0.25644
0.33379 0.02797 -0.25729
0.33155 0.03003 -0.25752
0.32905 0.03178 -0.25751
0.32629 0.03284 -0.258
0.32364 0.03399 -0.25877
0.32098 0.03476 -0.25991
0.31823 0.03515 -0.26102
0.31541 0.03508 -0.26198
0.31271 0.03468 -0.26319
0.31022 0.03415 -0.26476
0.30786 0.03343 -0.26646
0.30554 0.03294 -0.26831
0.30303 0.03264 -0.26988
0.30045 0.03198 -0.27124
0.29807 0.03167 -0.27303
0.29577 0.03159 -0.27492
0.29322 0.03115 -0.27635
0.29059 0.03118 -0.27771
0.28792 0.03165 -0.27889
0.28508 0.03178 -0.27957
0.28245 0.03063 -0.28055
0.28072 0.02904 -0.28242
0.33802 0.02789 -0.25457
0.33551 0.02838 -0.25586
0.33324 0.03002 -0.25657
0.33083 0.03191 -0.25652
0.32839 0.03376 -0.2567
0.32585 0.03498 -0.2577
0.32336 0.03615 -0.25886
0.32073 0.03691 -0.26007
0.31793 0.03728 -0.26104
0.31517 0.0372 -0.26214
0.31256 0.03677 -0.26353
0.31012 0.03623 -0.26515
0.30791 0.0355 -0.26704
0.3055 0.03502 -0.26878
0.30288 0.0347 -0.27017
0.30029 0.03402 -0.27148
0.29791 0.0337 -0.27326
0.29585 0.03357 -0.2754
0.29359 0.03296 -0.27725
0.29084 0.03305 -0.27847
0.28802 0.03363 -0.2792
0.28521 0.03375 -0.27993
0.2826 0.03265 -0.2808
0.28041 0.03091 -0.28181
0.3408 0.02828 -0.25349
0.33757 0.03009 -0.25417
0.34034 0.03049 -0.2531
0.33495 0.03047 -0.25526
0.33255 0.032 -0.25572
0.33026 0.03401 -0.25592
0.32796 0.03594 -0.25653
0.32551 0.03715 -0.25771
0.32314 0.03831 -0.25913
0.32048 0.03906 -0.26031
0.31765 0.03942 -0.2612
0.31492 0.03932 -0.26232
0.31242 0.03887 -0.26389
0.30983 0.03833 -0.26527
0.30742 0.03759 -0.26686
0.30505 0.03713 -0.26863
0.3026 0.03678 -0.27025
0.30018 0.03606 -0.27181
0.29783 0.03571 -0.27361
0.29584 0.03557 -0.27581
0.29372 0.03496 -0.27789
0.29081 0.03507 -0.27878
0.28797 0.03563 -0.27939
0.28523 0.03573 -0.28034
0.28258 0.03463 -0.28102
0.28026 0.03293 -0.28163
0.33742 0.03235 -0.25408
0.34025 0.03277 -0.25316
0.33463 0.03267 -0.25488
0.33223 0.0342 -0.25543
0.33005 0.03625 -0.25586
0.32776 0.03816 -0.25642
0.32539 0.03935 -0.25777
0.32311 0.04053 -0.25937
0.32029 0.04124 -0.26018
0.31742 0.04155 -0.26093
0.31476 0.04145 -0.26223
0.31232 0.04102 -0.26391
0.30967 0.04045 -0.2652
0.30697 0.03954 -0.26617
0.30453 0.03902 -0.26784
0.30231 0.0388 -0.26979
0.30012 0.03813 -0.27167
0.29784 0.03776 -0.27355
0.29577 0.03763 -0.27567
0.29372 0.03712 -0.27789
0.29076 0.0371 -0.27866
0.28788 0.03762 -0.27913
0.28513 0.03772 -0.28003
0.28263 0.03663 -0.28112
0.28033 0.03494 -0.28176
0.33751 0.03461 -0.25434
0.34034 0.03506 -0.25332
0.33466 0.03492 -0.25504
0.33222 0.03644 -0.25551
0.33006 0.03848 -0.25591
0.32778 0.04038 -0.2564
0.32542 0.04157 -0.25776
0.32293 0.0427 -0.25894
0.32015 0.04337 -0.25978
0.3174 0.04369 -0.26083
0.31475 0.04358 -0.26216
0.31219 0.04313 -0.26363
0.30956 0.04253 -0.26491
0.3069 0.04163 -0.26593
0.30426 0.04102 -0.26723
0.30204 0.04077 -0.26919
0.29995 0.04013 -0.27118
0.29786 0.0398 -0.27329
0.29548 0.03956 -0.27505
0.29328 0.03899 -0.27696
0.2905 0.03903 -0.27803
0.28773 0.03961 -0.27883
0.28498 0.03971 -0.27973
0.28257 0.03862 -0.281
0.28042 0.03692 -0.28199
0.34274 0.03552 -0.25154
0.34023 0.03734 -0.25299
0.3426 0.0378 -0.25118
0.33762 0.03689 -0.25447
0.33477 0.03717 -0.25521
0.33233 0.03869 -0.25563
0.33013 0.04073 -0.25586
0.32782 0.04259 -0.25624
0.32539 0.04377 -0.25746
0.32278 0.04482 -0.25839
0.32017 0.04552 -0.25957
0.31752 0.04584 -0.26088
0.31478 0.04571 -0.26201
0.31217 0.04522 -0.26333
0.30962 0.04462 -0.26475
0.30702 0.04373 -0.2659
0.30441 0.04312 -0.26721
0.30201 0.04282 -0.26889
0.29985 0.04215 -0.27077
0.29771 0.04179 -0.27282
0.2954 0.04158 -0.27468
0.29287 0.04075 -0.27601
0.29013 0.04084 -0.27716
0.28769 0.04159 -0.27863
0.28514 0.0417 -0.27999
0.28263 0.04062 -0.28105
0.28056 0.03889 -0.28215
0.34005 0.03965 -0.25289
0.34221 0.04004 -0.2508
0.33741 0.03919 -0.25432
0.33462 0.03946 -0.25513
0.3322 0.04098 -0.25552
0.32989 0.04292 -0.25546
0.32756 0.04477 -0.25593
0.32509 0.04592 -0.25707
0.32256 0.04698 -0.25816
0.32007 0.04768 -0.25962
0.31734 0.04799 -0.26073
0.31464 0.04784 -0.26192
0.31205 0.04733 -0.26327
0.30951 0.04672 -0.26467
0.30698 0.04583 -0.26596
0.30436 0.04521 -0.26721
0.30194 0.0449 -0.26885
0.29973 0.0442 -0.27066
0.2974 0.04378 -0.27246
0.295 0.04349 -0.27415
0.29255 0.04273 -0.27562
0.28983 0.04288 -0.27686
0.2879 0.04354 -0.27902
0.28548 0.04358 -0.28061
0.28287 0.04256 -0.28148
0.28079 0.04083 -0.28254
0.34401 0.04222 -0.24843
0.34185 0.04227 -0.25043
0.33946 0.04178 -0.25215
0.33691 0.04135 -0.25366
0.33423 0.04168 -0.25465
0.33175 0.0431 -0.25481
0.32944 0.04504 -0.25488
0.32726 0.04695 -0.25569
0.32476 0.04808 -0.25677
0.32237 0.04915 -0.25812
0.31992 0.04987 -0.25967
0.31708 0.05012 -0.26055
0.31443 0.04996 -0.26182
0.31193 0.04945 -0.2633
0.3094 0.04882 -0.26471
0.30688 0.04792 -0.266
0.30429 0.04729 -0.26731
0.30177 0.04696 -0.26876
0.29953 0.04624 -0.27054
0.29716 0.04579 -0.27227
0.29472 0.04548 -0.27389
0.29232 0.04474 -0.27541
0.28993 0.04491 -0.27713
0.28811 0.04553 -0.27937
0.28578 0.04552 -0.28115
0.2831 0.04451 -0.28187
0.2811 0.04276 -0.28304
0.34151 0.04449 -0.25
0.34397 0.04454 -0.2484
0.3389 0.04381 -0.25126
0.33636 0.04337 -0.25276
0.33367 0.04368 -0.25373
0.33123 0.04513 -0.254
0.32919 0.04723 -0.25466
0.32706 0.04914 -0.25559
0.32452 0.05026 -0.25658
0.32215 0.05132 -0.25797
0.31956 0.05199 -0.25924
0.31686 0.05225 -0.26039
0.31429 0.05208 -0.26181
0.31179 0.05156 -0.26329
0.30938 0.05092 -0.2649
0.30681 0.05001 -0.26609
0.30421 0.04937 -0.26737
0.30172 0.04903 -0.26887
0.29946 0.04828 -0.27059
0.29713 0.04782 -0.27238
0.29461 0.04751 -0.27387
0.29227 0.04677 -0.27547
0.2899 0.04693 -0.27723
0.28809 0.04756 -0.27945
0.28595 0.04752 -0.2815
0.28327 0.04647 -0.28224
0.28104 0.04478 -0.28298
0.34643 0.04637 -0.24666
0.34404 0.04686 -0.24835
0.34143 0.04675 -0.24968
0.33873 0.04601 -0.2507
0.33601 0.04539 -0.25178
0.33329 0.0457 -0.25277
0.33111 0.04734 -0.25372
0.32927 0.04946 -0.2548
0.32708 0.05136 -0.25549
0.32454 0.05246 -0.25646
0.32214 0.05349 -0.2578
0.31959 0.05412 -0.25912
0.31692 0.05438 -0.26035
0.31441 0.0542 -0.26188
0.31197 0.05366 -0.26345
0.30949 0.053 -0.26494
0.30693 0.05209 -0.26616
0.30431 0.05145 -0.26741
0.30194 0.05108 -0.26909
0.29975 0.0503 -0.2709
0.29725 0.04986 -0.27246
0.29474 0.04954 -0.27395
0.29235 0.04879 -0.27548
0.29013 0.04894 -0.27741
0.28825 0.04957 -0.27958
0.28606 0.04955 -0.28154
0.28346 0.04845 -0.28244
0.28117 0.04677 -0.28306
0.34658 0.04869 -0.24657
0.34408 0.04915 -0.24811
0.34146 0.04902 -0.24944
0.33877 0.04827 -0.25047
0.33598 0.0476 -0.2513
0.33336 0.04795 -0.25254
0.33133 0.04958 -0.25384
0.32936 0.0517 -0.25465
0.32711 0.05357 -0.2552
0.32461 0.05465 -0.25627
0.3222 0.05566 -0.25761
0.31974 0.05627 -0.25912
0.31721 0.05648 -0.26064
0.31453 0.05633 -0.26186
0.31221 0.05575 -0.26359
0.30983 0.05504 -0.2652
0.30734 0.05408 -0.26654
0.30477 0.05342 -0.26789
0.30226 0.0531 -0.26938
0.29993 0.05237 -0.27103
0.29732 0.05191 -0.27238
0.29484 0.05158 -0.27391
0.29265 0.0508 -0.2757
0.29051 0.05092 -0.27774
0.2883 0.0516 -0.27953
0.28604 0.05157 -0.28134
0.28373 0.0504 -0.28273
0.2815 0.04869 -0.28349
0.34656 0.051 -0.24669
0.34415 0.05142 -0.24841
0.34137 0.0513 -0.24942
0.3386 0.05052 -0.25017
0.33589 0.04987 -0.25119
0.33336 0.0502 -0.25255
0.33128 0.05182 -0.25375
0.32923 0.05392 -0.25444
0.32704 0.05578 -0.25525
0.32451 0.05685 -0.25628
0.32218 0.05783 -0.25778
0.31982 0.0584 -0.25947
0.31721 0.05863 -0.26088
0.31454 0.05845 -0.26208
0.31233 0.05784 -0.26392
0.31019 0.05703 -0.2658
0.30788 0.05593 -0.26738
0.30525 0.05529 -0.26873
0.3025 0.05512 -0.2698
0.29991 0.05443 -0.27096
0.2973 0.05395 -0.27227
0.29484 0.05361 -0.27383
0.2928 0.05283 -0.2758
0.29053 0.05297 -0.27771
0.28815 0.0536 -0.27929
0.28598 0.05357 -0.28117
0.28409 0.05237 -0.28307
0.28195 0.05057 -0.28397
0.34878 0.05287 -0.24511
0.34663 0.05327 -0.24714
0.34425 0.05365 -0.24898
0.34133 0.05358 -0.2496
0.3385 0.05279 -0.25008
0.33578 0.05212 -0.25109
0.33331 0.05244 -0.2526
0.33118 0.05405 -0.25374
0.32916 0.05615 -0.25453
0.32696 0.05801 -0.25528
0.32444 0.05905 -0.25633
0.32228 0.06001 -0.25812
0.31981 0.0606 -0.25966
0.31711 0.0608 -0.26086
0.31457 0.06057 -0.26231
0.31243 0.05994 -0.26423
0.31041 0.05912 -0.26624
0.3083 0.05796 -0.2681
0.30556 0.05731 -0.26934
0.30269 0.05717 -0.27009
0.29994 0.05649 -0.27088
0.29744 0.05596 -0.27239
0.29501 0.05563 -0.274
0.29275 0.05487 -0.27572
0.29054 0.05498 -0.27769
0.28823 0.05561 -0.27937
0.28587 0.05557 -0.28102
0.28413 0.05441 -0.28306
0.28225 0.05253 -0.28428
0.34867 0.05522 -0.24518
0.34713 0.05557 -0.24783
0.34442 0.05602 -0.24947
0.3414 0.05588 -0.24969
0.33858 0.05506 -0.25011
0.33586 0.05438 -0.25111
0.33339 0.05469 -0.25264
0.33119 0.0563 -0.25365
0.32915 0.05839 -0.25434
0.32681 0.06019 -0.25482
0.32451 0.06126 -0.25632
0.32227 0.06222 -0.25799
0.31964 0.06276 -0.25925
0.31708 0.06296 -0.2607
0.31481 0.0627 -0.26256
0.31266 0.06207 -0.26445
0.3105 0.06128 -0.2663
0.30842 0.06014 -0.26817
0.30584 0.0594 -0.26962
0.30295 0.0592 -0.27036
0.30023 0.05851 -0.27123
0.29783 0.05789 -0.27287
0.29535 0.05758 -0.27444
0.2928 0.0569 -0.27575
0.29058 0.057 -0.2777
0.2883 0.05761 -0.27945
0.28576 0.05758 -0.28084
0.28395 0.0564 -0.2828
0.28244 0.05452 -0.28441
0.35045 0.05738 -0.24269
0.34871 0.05757 -0.24507
0.3471 0.05804 -0.24767
0.34425 0.0584 -0.249
0.34138 0.05818 -0.24969
0.33864 0.05732 -0.2504
0.33592 0.05663 -0.25136
0.33335 0.05694 -0.25263
0.3311 0.05854 -0.25347
0.32898 0.0606 -0.25402
0.32665 0.0624 -0.25458
0.32452 0.06347 -0.25637
0.32211 0.06439 -0.2578
0.31949 0.06491 -0.25906
0.31695 0.06509 -0.26052
0.31474 0.06486 -0.26245
0.3126 0.06423 -0.26438
0.31043 0.06342 -0.26621
0.30841 0.06228 -0.26807
0.30604 0.06147 -0.26973
0.30337 0.06112 -0.27098
0.30075 0.06033 -0.27203
0.29823 0.0598 -0.27349
0.29564 0.05957 -0.27488
0.29307 0.05889 -0.27609
0.2907 0.05901 -0.27782
0.28838 0.05962 -0.27948
0.286 0.05956 -0.28109
0.28398 0.05839 -0.2828
0.2825 0.05652 -0.28444
0.35026 0.05971 -0.24262
0.34856 0.0599 -0.24506
0.3464 0.06026 -0.24714
0.34369 0.06059 -0.24844
0.34113 0.06044 -0.24983
0.33852 0.05953 -0.2509
0.33577 0.05884 -0.25179
0.3331 0.05918 -0.25271
0.3308 0.06076 -0.25335
0.32858 0.06278 -0.25371
0.32642 0.06461 -0.25467
0.32423 0.06566 -0.25636
0.32177 0.06655 -0.25772
0.31925 0.06706 -0.25915
0.31672 0.06723 -0.26061
0.31444 0.06698 -0.26242
0.31228 0.06634 -0.26432
0.3101 0.0655 -0.26611
0.30812 0.06437 -0.26796
0.30628 0.06354 -0.27016
0.30399 0.06292 -0.27204
0.30125 0.06212 -0.27302
0.29846 0.0618 -0.27399
0.29566 0.06164 -0.27486
0.29315 0.06093 -0.27614
0.29076 0.06104 -0.27784
0.28847 0.06163 -0.27949
0.28646 0.06147 -0.28155
0.28416 0.06037 -0.28295
0.2824 0.05851 -0.28427
0.35196 0.06157 -0.24068
0.35014 0.06202 -0.24295
0.34837 0.06219 -0.24539
0.34583 0.06247 -0.24699
0.34337 0.06284 -0.24859
0.34098 0.06268 -0.25025
0.33841 0.06175 -0.2515
0.33559 0.06107 -0.25225
0.33279 0.0614 -0.25282
0.33042 0.06296 -0.25323
0.32824 0.06499 -0.25364
0.32619 0.06681 -0.25478
0.32392 0.06784 -0.25632
0.3215 0.06872 -0.25774
0.31895 0.06921 -0.25909
0.31645 0.06936 -0.2606
0.31417 0.06909 -0.2624
0.312 0.06843 -0.26427
0.30983 0.0676 -0.26607
0.30784 0.06646 -0.26789
0.30609 0.06571 -0.27015
0.30412 0.06517 -0.27241
0.30142 0.06422 -0.27358
0.29853 0.06387 -0.27423
0.29576 0.06366 -0.27509
0.29314 0.06296 -0.27615
0.29073 0.06306 -0.27781
0.28864 0.06361 -0.27973
0.28661 0.06347 -0.28174
0.28454 0.06229 -0.28341
0.28247 0.06048 -0.28431
0.35218 0.0639 -0.24095
0.35053 0.06431 -0.24339
0.34833 0.0645 -0.24542
0.34581 0.06478 -0.24698
0.34357 0.06509 -0.24888
0.34113 0.06495 -0.25051
0.33845 0.06406 -0.25151
0.33567 0.06335 -0.2523
0.33282 0.06366 -0.2529
0.33037 0.0652 -0.25312
0.3283 0.06722 -0.25359
0.32629 0.06903 -0.25473
0.32403 0.07005 -0.25628
0.32144 0.07089 -0.2574
0.31884 0.07134 -0.25864
0.31646 0.0715 -0.26034
0.31421 0.07121 -0.26219
0.31209 0.07054 -0.26413
0.30983 0.06969 -0.26579
0.30774 0.06853 -0.2675
0.30583 0.06776 -0.26959
0.30392 0.06733 -0.27186
0.30148 0.06641 -0.27346
0.29861 0.06595 -0.27419
0.29592 0.0657 -0.27524
0.29332 0.06498 -0.27632
0.29084 0.06508 -0.27788
0.28891 0.0656 -0.27998
0.28671 0.06548 -0.28181
0.28482 0.06426 -0.28368
0.28283 0.0624 -0.28471
0.35408 0.06593 -0.2387
0.35237 0.06626 -0.24108
0.35093 0.06668 -0.2437
0.34855 0.06681 -0.24557
0.34623 0.06702 -0.2474
0.3441 0.06723 -0.24955
0.34138 0.06721 -0.25073
0.33864 0.06633 -0.25147
0.33587 0.06562 -0.25227
0.33299 0.06591 -0.25279
0.33053 0.06743 -0.25296
0.32849 0.06945 -0.25352
0.32644 0.07125 -0.25456
0.32403 0.07225 -0.25589
0.32145 0.07305 -0.25703
0.31881 0.07346 -0.25821
0.31658 0.07363 -0.26011
0.31431 0.07333 -0.26195
0.31216 0.07265 -0.26386
0.30986 0.07177 -0.26547
0.30762 0.07055 -0.26696
0.30548 0.06967 -0.26878
0.3035 0.06918 -0.27091
0.30131 0.06841 -0.27277
0.29864 0.06801 -0.27404
0.29586 0.06774 -0.27496
0.29342 0.06702 -0.27637
0.29111 0.06706 -0.27816
0.28904 0.0676 -0.28011
0.28688 0.06746 -0.28198
0.28492 0.06626 -0.28375
0.28307 0.06436 -0.28498
0.35379 0.06829 -0.23872
0.35212 0.06863 -0.24113
0.35048 0.06906 -0.24355
0.34868 0.06914 -0.24591
0.34688 0.06914 -0.24835
0.34447 0.06946 -0.25033
0.34152 0.0695 -0.2511
0.33872 0.06862 -0.25147
0.33591 0.06789 -0.252
0.33305 0.06816 -0.2525
0.33061 0.06966 -0.25272
0.32854 0.07167 -0.2533
0.32638 0.07345 -0.25422
0.32393 0.07441 -0.25548
0.32134 0.07519 -0.2566
0.3188 0.07561 -0.25796
0.31657 0.07576 -0.25987
0.31436 0.07545 -0.26178
0.31212 0.07475 -0.26357
0.30997 0.07387 -0.2654
0.30765 0.07263 -0.26676
0.30531 0.07168 -0.26829
0.30312 0.07105 -0.27013
0.30104 0.07032 -0.27207
0.29859 0.07004 -0.27376
0.29586 0.06977 -0.27486
0.29341 0.06905 -0.27625
0.2914 0.06906 -0.27841
0.28935 0.06956 -0.28041
0.28714 0.06944 -0.28223
0.28525 0.06822 -0.28409
0.28333 0.06633 -0.28524
0.35557 0.06888 -0.23649
0.35335 0.07063 -0.23878
0.35545 0.07126 -0.23683
0.35166 0.07095 -0.24115
0.35001 0.07138 -0.24354
0.34884 0.07154 -0.24629
0.34717 0.07158 -0.24895
0.34446 0.07197 -0.25072
0.34137 0.0719 -0.25118
0.33857 0.07092 -0.25137
0.33576 0.07014 -0.2517
0.33291 0.07037 -0.25202
0.33052 0.07188 -0.25242
0.3285 0.0739 -0.25318
0.32636 0.07568 -0.25422
0.32373 0.07658 -0.25512
0.32122 0.07735 -0.25638
0.31877 0.07777 -0.25792
0.31653 0.07789 -0.25981
0.31438 0.07756 -0.26178
0.31219 0.07686 -0.26363
0.31 0.07597 -0.26539
0.30765 0.07473 -0.26672
0.30526 0.07376 -0.26815
0.30297 0.07308 -0.26983
0.30079 0.07229 -0.27161
0.29845 0.07203 -0.27342
0.29597 0.0718 -0.27496
0.29353 0.07107 -0.27637
0.29157 0.07107 -0.27856
0.28965 0.07154 -0.28071
0.28733 0.07144 -0.28243
0.28524 0.07026 -0.28405
0.28349 0.06834 -0.28538
0.35322 0.07297 -0.23847
0.35536 0.07365 -0.23656
0.35136 0.07325 -0.24073
0.3497 0.07368 -0.24311
0.34845 0.0739 -0.24577
0.34715 0.07425 -0.2487
0.34421 0.07453 -0.25029
0.3411 0.07426 -0.25065
0.33833 0.07321 -0.25099
0.33553 0.07236 -0.25127
0.33269 0.07256 -0.25159
0.33041 0.07411 -0.25231
0.32843 0.07615 -0.25323
0.32609 0.07787 -0.25382
0.32349 0.07874 -0.2548
0.32117 0.07951 -0.25639
0.31892 0.07991 -0.25819
0.31676 0.07998 -0.26017
0.31446 0.07967 -0.26196
0.31225 0.07897 -0.26378
0.30998 0.07807 -0.26541
0.30765 0.07681 -0.26673
0.30524 0.07583 -0.2681
0.30297 0.07514 -0.26979
0.30085 0.07433 -0.27165
0.29849 0.07406 -0.27341
0.29604 0.07384 -0.27498
0.2937 0.0731 -0.27652
0.29173 0.0731 -0.27867
0.28978 0.07359 -0.28081
0.28743 0.07346 -0.28251
0.28518 0.07226 -0.28386
0.28345 0.07035 -0.28516
0.35694 0.07469 -0.23435
0.35548 0.07591 -0.23581
0.35698 0.07697 -0.2336
0.35364 0.07526 -0.238
0.35166 0.07551 -0.24016
0.34966 0.07587 -0.24228
0.34778 0.07584 -0.2445
0.34623 0.07608 -0.24706
0.34369 0.07651 -0.24879
0.34076 0.07636 -0.24956
0.33803 0.07538 -0.25025
0.33527 0.07456 -0.25081
0.33252 0.0748 -0.25147
0.3303 0.07636 -0.25238
0.32816 0.07835 -0.25292
0.32589 0.08005 -0.25365
0.3234 0.08093 -0.25484
0.32119 0.08167 -0.25657
0.31911 0.08202 -0.25857
0.31692 0.0821 -0.26052
0.31468 0.08177 -0.26239
0.31228 0.08109 -0.26393
0.31004 0.08018 -0.26558
0.30775 0.0789 -0.26691
0.30537 0.07789 -0.26832
0.30304 0.0772 -0.26992
0.3008 0.07641 -0.2716
0.2984 0.07612 -0.27325
0.29601 0.07588 -0.27489
0.29375 0.07513 -0.27654
0.2917 0.07514 -0.27861
0.28968 0.07561 -0.28064
0.28741 0.07544 -0.2824
0.28523 0.07424 -0.28383
0.28351 0.07233 -0.28511
0.35556 0.0782 -0.2351
0.35418 0.07758 -0.23762
0.35218 0.07781 -0.23981
0.34991 0.07811 -0.24169
0.34768 0.07797 -0.24356
0.34557 0.07779 -0.24559
0.34305 0.07805 -0.24708
0.34032 0.07813 -0.24811
0.33772 0.07743 -0.24928
0.33507 0.07676 -0.25036
0.33243 0.07706 -0.25143
0.33014 0.07859 -0.2522
0.32809 0.08057 -0.25288
0.32593 0.08224 -0.25385
0.32351 0.0831 -0.25517
0.32137 0.08379 -0.25699
0.31931 0.08413 -0.25904
0.31698 0.08424 -0.26081
0.3147 0.08391 -0.26262
0.31227 0.08321 -0.26411
0.30992 0.0823 -0.26555
0.30777 0.08102 -0.26707
0.30555 0.07998 -0.26871
0.30305 0.07929 -0.27009
0.30051 0.07844 -0.27122
0.2982 0.07814 -0.27296
0.29597 0.07791 -0.2748
0.29384 0.07716 -0.2766
0.2917 0.07715 -0.27858
0.28978 0.0776 -0.28068
0.28768 0.0774 -0.28264
0.2854 0.07622 -0.28394
0.28362 0.07431 -0.28511
0.35395 0.07988 -0.23694
0.35218 0.08013 -0.23927
0.35011 0.08043 -0.24138
0.34774 0.08025 -0.24313
0.34527 0.07988 -0.24468
0.3427 0.08007 -0.24609
0.34005 0.08021 -0.24729
0.33752 0.07957 -0.24862
0.33497 0.07899 -0.24995
0.33232 0.07928 -0.25108
0.33008 0.08082 -0.25196
0.32815 0.0828 -0.25286
0.32611 0.08444 -0.25408
0.32382 0.08522 -0.25565
0.32178 0.08585 -0.25765
0.31944 0.08629 -0.25932
0.31707 0.08638 -0.26103
0.31468 0.08606 -0.2627
0.31223 0.08535 -0.26414
0.30984 0.08442 -0.2655
0.30768 0.08314 -0.26699
0.3054 0.0821 -0.26852
0.30298 0.08139 -0.27002
0.30045 0.08048 -0.27114
0.29806 0.08015 -0.27275
0.29603 0.07994 -0.27481
0.29391 0.07919 -0.27665
0.2918 0.07916 -0.27866
0.28987 0.07961 -0.28074
0.28792 0.07938 -0.28283
0.28576 0.07814 -0.28429
0.28376 0.07629 -0.2852
0.35201 0.08246 -0.23886
0.35014 0.08279 -0.24115
0.34781 0.08258 -0.24303
0.34513 0.08213 -0.24423
0.34256 0.08228 -0.24562
0.34006 0.08247 -0.2471
0.33742 0.08179 -0.24824
0.33483 0.08119 -0.24948
0.33225 0.08151 -0.25076
0.33002 0.08304 -0.25166
0.32822 0.08503 -0.2528
0.32639 0.08664 -0.25435
0.3243 0.08733 -0.25623
0.32209 0.08802 -0.25803
0.31963 0.08845 -0.25957
0.31717 0.08854 -0.26113
0.31465 0.0882 -0.26259
0.31214 0.08747 -0.2639
0.30976 0.08652 -0.26528
0.30754 0.08521 -0.26667
0.30527 0.08417 -0.26819
0.30286 0.08345 -0.26968
0.30053 0.08253 -0.27113
0.29825 0.08217 -0.27291
0.29605 0.08197 -0.27479
0.29394 0.08122 -0.27663
0.29193 0.08118 -0.27874
0.28998 0.08162 -0.28081
0.28818 0.08138 -0.28303
0.28617 0.08009 -0.28471
0.28415 0.07822 -0.28558
0.34776 0.08495 -0.24282
0.34514 0.08445 -0.24416
0.34259 0.08457 -0.24561
0.34003 0.08475 -0.24701
0.33749 0.08408 -0.24832
0.33484 0.08345 -0.24944
0.33216 0.08373 -0.25048
0.33004 0.08527 -0.2516
0.32831 0.08725 -0.25289
0.32653 0.08886 -0.2545
0.32443 0.08956 -0.25638
0.32212 0.09024 -0.25806
0.31967 0.09064 -0.25961
0.31717 0.09069 -0.26111
0.3147 0.09032 -0.26263
0.31221 0.08957 -0.26398
0.30978 0.08861 -0.26525
0.30749 0.08729 -0.26653
0.30516 0.08622 -0.26793
0.30275 0.08549 -0.26938
0.3006 0.08459 -0.2711
0.29856 0.08418 -0.27318
0.29614 0.084 -0.27482
0.29401 0.08325 -0.27663
0.29206 0.0832 -0.2788
0.29007 0.08363 -0.28085
0.28815 0.08341 -0.28294
0.28622 0.08212 -0.28468
0.2844 0.0802 -0.28584
0.34517 0.08684 -0.2443
0.34261 0.08696 -0.24582
0.33987 0.08708 -0.24689
0.33729 0.08636 -0.24807
0.33468 0.0857 -0.24922
0.33212 0.08597 -0.25048
0.33003 0.08751 -0.25165
0.32834 0.08948 -0.253
0.32654 0.09107 -0.25462
0.32439 0.09176 -0.25644
0.32207 0.09243 -0.25809
0.31955 0.0928 -0.2595
0.31717 0.09282 -0.26119
0.31474 0.09243 -0.26275
0.31234 0.09166 -0.26423
0.3099 0.09069 -0.26549
0.30758 0.08936 -0.26669
0.30521 0.08828 -0.26799
0.30277 0.08755 -0.2694
0.30062 0.08664 -0.27111
0.29864 0.08623 -0.27324
0.29632 0.08601 -0.275
0.2942 0.08526 -0.2768
0.29212 0.08522 -0.27885
0.2901 0.08564 -0.28085
0.28816 0.08541 -0.28291
0.2864 0.08409 -0.28478
0.28453 0.08218 -0.28586
0.34467 0.08913 -0.24367
0.34213 0.08923 -0.24516
0.3395 0.08933 -0.24642
0.337 0.08859 -0.24773
0.33453 0.08795 -0.24915
0.33205 0.08822 -0.25053
0.33 0.08975 -0.25175
0.32838 0.0917 -0.2532
0.32669 0.09324 -0.25499
0.32438 0.09395 -0.25662
0.32204 0.09458 -0.25822
0.31961 0.09494 -0.25976
0.31735 0.0949 -0.26159
0.31497 0.09448 -0.26322
0.31256 0.09371 -0.26468
0.31008 0.09276 -0.26584
0.30778 0.09142 -0.26704
0.30537 0.09033 -0.26828
0.30293 0.0896 -0.26965
0.30076 0.08868 -0.27131
0.29868 0.08826 -0.27332
0.29657 0.088 -0.27529
0.2944 0.08726 -0.27706
0.29223 0.08723 -0.279
0.29019 0.08765 -0.28096
0.28827 0.0874 -0.28301
0.28669 0.08606 -0.28504
0.2848 0.08413 -0.2861
0.33675 0.09086 -0.24757
0.33428 0.0902 -0.24897
0.33185 0.09047 -0.25043
0.32996 0.09198 -0.25187
0.32848 0.09389 -0.25351
0.32678 0.09541 -0.25531
0.32458 0.09606 -0.25706
0.32224 0.09669 -0.25865
0.31995 0.09696 -0.2604
0.3177 0.09689 -0.26225
0.3152 0.09654 -0.2637
0.31271 0.0958 -0.265
0.31026 0.09483 -0.26619
0.30792 0.0935 -0.26729
0.30563 0.09237 -0.26868
0.30314 0.09164 -0.26996
0.301 0.09069 -0.27164
0.29895 0.09025 -0.27365
0.29689 0.08997 -0.27568
0.29463 0.08926 -0.27735
0.29226 0.08926 -0.27902
0.2903 0.08965 -0.28105
0.28841 0.0894 -0.28314
0.28663 0.08808 -0.28494
0.28506 0.08611 -0.28629
0.33397 0.09243 -0.24877
0.33165 0.0927 -0.25041
0.32994 0.0942 -0.25209
0.32868 0.09603 -0.25398
0.32716 0.09746 -0.25597
0.32497 0.09809 -0.25775
0.32272 0.09863 -0.25948
0.32051 0.09882 -0.26134
0.31809 0.09886 -0.26295
0.31555 0.09853 -0.26433
0.31295 0.09785 -0.26541
0.31049 0.09689 -0.26654
0.30812 0.09556 -0.26758
0.30576 0.09444 -0.26885
0.30336 0.09368 -0.27025
0.30127 0.09271 -0.27196
0.29942 0.09218 -0.27417
0.29717 0.09198 -0.27603
0.29481 0.09128 -0.27754
0.29246 0.09125 -0.27921
0.29047 0.09164 -0.28122
0.28861 0.09137 -0.28333
0.28681 0.09005 -0.28509
0.28522 0.08808 -0.28641
0.33393 0.09466 -0.24888
0.3317 0.09492 -0.25066
0.33014 0.09636 -0.25252
0.32916 0.09807 -0.25469
0.32756 0.09957 -0.25657
0.32552 0.10008 -0.25852
0.32347 0.10039 -0.26055
0.32115 0.10064 -0.26229
0.31861 0.1008 -0.2637
0.31611 0.10042 -0.26514
0.31345 0.09979 -0.2661
0.31089 0.09889 -0.26704
0.30849 0.09757 -0.26801
0.30604 0.09648 -0.26913
0.30368 0.0957 -0.27058
0.30156 0.09472 -0.27225
0.29971 0.09422 -0.27447
0.29724 0.09403 -0.27604
0.29493 0.09331 -0.27759
0.29277 0.09323 -0.2795
0.29083 0.09359 -0.28157
0.28901 0.09329 -0.2837
0.28711 0.092 -0.28538
0.2855 0.09004 -0.28665
0.3279 0.10172 -0.25705
0.32612 0.10205 -0.25927
0.32427 0.10217 -0.26156
0.32182 0.1025 -0.26319
0.31925 0.10267 -0.26455
0.31661 0.10244 -0.26571
0.31401 0.10174 -0.26679
0.31136 0.10089 -0.26755
0.30896 0.09956 -0.26848
0.30657 0.09842 -0.26966
0.30414 0.09766 -0.27103
0.30195 0.09671 -0.27263
0.29977 0.09627 -0.2745
0.29743 0.09605 -0.27619
0.29516 0.09532 -0.2778
0.29304 0.09522 -0.27975
0.29129 0.09551 -0.28198
0.28955 0.09516 -0.2842
0.28752 0.09392 -0.28577
0.28581 0.09198 -0.28695
0.32689 0.10376 -0.26037
0.32481 0.10408 -0.26247
0.32241 0.10434 -0.2642
0.31971 0.10464 -0.26531
0.31695 0.10451 -0.26617
0.31434 0.10382 -0.26721
0.31172 0.10294 -0.26801
0.30931 0.10161 -0.26889
0.30713 0.10035 -0.27035
0.30469 0.09957 -0.2717
0.30224 0.09872 -0.27297
0.29991 0.09831 -0.27465
0.2976 0.09807 -0.27636
0.29529 0.09734 -0.27792
0.29323 0.09723 -0.27994
0.29164 0.09748 -0.28232
0.28993 0.09715 -0.28458
0.288 0.09583 -0.28626
0.28608 0.09394 -0.28721
0.32529 0.10594 -0.26353
0.32283 0.10624 -0.26515
0.32008 0.10658 -0.26613
0.31726 0.10653 -0.26676
0.31455 0.10592 -0.26753
0.31194 0.10502 -0.26831
0.30956 0.10368 -0.26921
0.30733 0.10247 -0.27059
0.30503 0.10162 -0.27215
0.30249 0.10075 -0.27324
0.30004 0.10035 -0.27474
0.29776 0.10009 -0.27649
0.29553 0.09935 -0.27814
0.29346 0.09922 -0.28015
0.29171 0.09951 -0.28241
0.28978 0.09918 -0.28444
0.28809 0.09785 -0.28634
0.2863 0.09591 -0.28742
0.32321 0.1081 -0.26631
0.32037 0.1085 -0.26713
0.31749 0.10854 -0.26748
0.31472 0.108 -0.26794
0.3121 0.10711 -0.26862
0.30974 0.10575 -0.26953
0.30738 0.10456 -0.27068
0.30505 0.10372 -0.27214
0.30275 0.10277 -0.27358
0.30029 0.10235 -0.27506
0.29793 0.10211 -0.27668
0.29574 0.10136 -0.27838
0.29363 0.10124 -0.28032
0.29164 0.10153 -0.28235
0.28977 0.10119 -0.28443
0.28797 0.09986 -0.28619
0.28649 0.09789 -0.28759
0.3176 0.11064 -0.26803
0.31479 0.11011 -0.26826
0.31217 0.10921 -0.26885
0.30984 0.10783 -0.26981
0.30742 0.10664 -0.27081
0.30504 0.10579 -0.27219
0.30285 0.10482 -0.27377
0.30058 0.10434 -0.27549
0.29813 0.10412 -0.27699
0.29586 0.10338 -0.27856
0.29368 0.10326 -0.28042
0.29166 0.10354 -0.2824
0.28965 0.10319 -0.28434
0.28791 0.10185 -0.28613
0.28651 0.09988 -0.2876
0.31218 0.11132 -0.26905
0.30989 0.10992 -0.27003
0.30768 0.10864 -0.27133
0.30533 0.10777 -0.27273
0.303 0.10684 -0.27411
0.30064 0.10638 -0.27568
0.29834 0.10613 -0.27738
0.29592 0.10541 -0.27871
0.2937 0.10528 -0.28052
0.29164 0.10555 -0.28244
0.28955 0.10519 -0.28427
0.28784 0.10385 -0.28608
0.28657 0.10187 -0.28763
0.30994 0.112 -0.27032
0.3122 0.11341 -0.26931
0.30793 0.11067 -0.27188
0.30556 0.10979 -0.27325
0.30313 0.10888 -0.27445
0.30063 0.10843 -0.27576
0.29829 0.10817 -0.27738
0.29598 0.10743 -0.27884
0.29371 0.1073 -0.28057
0.29167 0.10756 -0.28251
0.28966 0.10719 -0.2844
0.28791 0.10584 -0.28614
0.28662 0.10386 -0.28765
0.31002 0.11409 -0.27056
0.30787 0.11279 -0.27192
0.30562 0.11189 -0.27344
0.30319 0.11094 -0.27457
0.30075 0.11046 -0.27597
0.29837 0.1102 -0.27748
0.29613 0.10944 -0.27905
0.29387 0.10931 -0.28077
0.29181 0.10956 -0.28267
0.2899 0.10917 -0.28465
0.28804 0.10784 -0.28627
0.28659 0.10586 -0.28762
0.30793 0.11487 -0.27202
0.30562 0.11396 -0.27339
0.30337 0.11297 -0.27479
0.30106 0.11243 -0.27636
0.29876 0.11213 -0.27798
0.29644 0.11141 -0.27942
0.29413 0.11129 -0.28107
0.29205 0.11154 -0.28294
0.2901 0.11115 -0.28486
0.2883 0.1098 -0.28653
0.28674 0.10785 -0.28777
0.30585 0.116 -0.27364
0.30361 0.115 -0.27502
0.30141 0.11441 -0.27673
0.29914 0.11409 -0.2784
0.29687 0.11334 -0.27989
0.29452 0.11323 -0.28149
0.29242 0.11348 -0.28333
0.29033 0.11312 -0.28512
0.28855 0.11176 -0.28679
0.28705 0.1098 -0.28807
0.30397 0.117 -0.27534
0.30623 0.11801 -0.27401
0.30177 0.1164 -0.27705
0.29954 0.11606 -0.27877
0.29728 0.11529 -0.28028
0.29502 0.11512 -0.28199
0.29284 0.11541 -0.28374
0.29071 0.11506 -0.28549
0.2888 0.11373 -0.28706
0.2872 0.11177 -0.28825
0.30433 0.119 -0.27567
0.30214 0.11838 -0.27739
0.29989 0.11804 -0.27908
0.2976 0.11728 -0.28056
0.29544 0.11706 -0.28239
0.29348 0.11721 -0.2844
0.29134 0.11686 -0.28614
0.2891 0.1157 -0.28738
0.28736 0.11376 -0.28845
0.30249 0.12036 -0.27781
0.30014 0.12004 -0.27937
0.29789 0.11927 -0.28089
0.29578 0.11902 -0.28278
0.29402 0.11907 -0.28497
0.29209 0.11857 -0.28692
0.28973 0.11749 -0.28805
0.28772 0.11571 -0.28884
0.3027 0.12238 -0.27812
0.30031 0.12206 -0.27963
0.29814 0.12125 -0.28125
0.29613 0.12097 -0.28323
0.29423 0.12106 -0.28528
0.29263 0.12043 -0.28747
0.29053 0.11915 -0.28884
0.28839 0.11749 -0.28951
0.29824 0.12326 -0.28158
0.29609 0.123 -0.28342
0.29426 0.12309 -0.28558
0.2929 0.12239 -0.2879
0.29133 0.12082 -0.2896
0.28943 0.11894 -0.29045
0.29858 0.12519 -0.28212
0.2963 0.12501 -0.28384
0.29495 0.12488 -0.28634
0.2937 0.12405 -0.28867
0.29193 0.12261 -0.29025
0.2902 0.12063 -0.29118
0.29607 0.12632 -0.28726
0.29698 0.12678 -0.28462
0.29478 0.12551 -0.28959
0.29278 0.12423 -0.29106
0.29076 0.12246 -0.29178
0.29698 0.12798 -0.28815
0.29554 0.12727 -0.29045
0.2936 0.12587 -0.29197
0.2915 0.12414 -0.29257
0.29571 0.12934 -0.29087
0.29725 0.13003 -0.28861
0.29389 0.12786 -0.29246
0.29211 0.1259 -0.29332
0.29545 0.13137 -0.29084
0.29377 0.12989 -0.29251
0.29229 0.12788 -0.29369
0.29364 0.1319 -0.29256
0.29227 0.12988 -0.29383
0.2921 0.13187 -0.2938
0.29338 0.1339 -0.29246
0.29175 0.13382 -0.29352
0.17542 0.03604 -0.39095
0.17588 0.03811 -0.38825
0.17665 0.03573 -0.3884
0.178 0.03379 -0.38922
0.17845 0.03583 -0.3862
0.17972 0.0339 -0.38701
0.17722 0.03794 -0.38573
0.17635 0.04025 -0.38562
0.18083 0.03193 -0.3879
0.18155 0.03393 -0.38488
0.18259 0.03191 -0.3857
0.18039 0.03595 -0.38416
0.17924 0.03806 -0.38373
0.1782 0.04028 -0.38346
0.17787 0.0427 -0.38336
0.17603 0.04268 -0.38549
0.17602 0.04506 -0.38498
0.17819 0.04511 -0.38319
0.18349 0.02977 -0.38638
0.18446 0.03229 -0.38364
0.18544 0.03022 -0.38439
0.18344 0.0343 -0.38282
0.1823 0.03632 -0.38212
0.18117 0.03843 -0.3817
0.18023 0.04067 -0.38153
0.17982 0.04305 -0.38136
0.18008 0.04544 -0.38113
0.17849 0.04753 -0.38281
0.18038 0.04782 -0.38073
0.17824 0.04985 -0.38209
0.18013 0.05013 -0.38004
0.18802 0.02929 -0.38319
0.18706 0.03136 -0.38242
0.18602 0.03335 -0.38158
0.18498 0.03534 -0.38073
0.18393 0.0374 -0.38011
0.18291 0.03956 -0.37981
0.1821 0.04183 -0.37977
0.18178 0.04421 -0.37971
0.18193 0.04658 -0.37936
0.18199 0.04889 -0.37871
0.18191 0.05122 -0.37819
0.18013 0.05245 -0.37946
0.18197 0.05353 -0.37768
0.18012 0.05484 -0.37908
0.18183 0.05587 -0.37716
0.19053 0.02626 -0.38218
0.18883 0.0271 -0.38382
0.18997 0.02856 -0.38172
0.18926 0.0308 -0.38116
0.1883 0.03287 -0.3804
0.18725 0.03482 -0.37952
0.18623 0.0368 -0.37869
0.1853 0.03894 -0.3782
0.18454 0.0412 -0.37819
0.18379 0.04345 -0.37822
0.18355 0.04582 -0.37821
0.18359 0.04816 -0.37771
0.18359 0.05044 -0.37699
0.1835 0.05273 -0.37644
0.18354 0.05502 -0.37592
0.18349 0.05737 -0.37551
0.18141 0.0582 -0.37686
0.18314 0.05972 -0.37529
0.19214 0.02524 -0.38007
0.19167 0.02759 -0.37999
0.19121 0.02992 -0.37959
0.19055 0.03219 -0.37907
0.18945 0.03413 -0.37816
0.18841 0.03609 -0.37732
0.18747 0.03813 -0.37655
0.18668 0.04034 -0.37621
0.18606 0.04263 -0.37631
0.18541 0.04489 -0.37641
0.18511 0.04724 -0.37632
0.18518 0.04956 -0.37583
0.1851 0.0518 -0.37505
0.185 0.05408 -0.37451
0.18537 0.05643 -0.37435
0.18533 0.05882 -0.37395
0.1848 0.06109 -0.37349
0.18279 0.06204 -0.37497
0.18448 0.06339 -0.3732
0.19402 0.02354 -0.37736
0.19353 0.0259 -0.37762
0.19327 0.02828 -0.37767
0.1927 0.03061 -0.37725
0.19184 0.03279 -0.37662
0.19086 0.03481 -0.37584
0.1899 0.03683 -0.37506
0.18901 0.03891 -0.37436
0.1883 0.04115 -0.37407
0.18761 0.04341 -0.3741
0.18687 0.04565 -0.37413
0.1865 0.04797 -0.37397
0.18661 0.05027 -0.37349
0.18679 0.05254 -0.37294
0.18705 0.05488 -0.37279
0.18731 0.05724 -0.37249
0.18713 0.05958 -0.37191
0.18655 0.06183 -0.37143
0.18623 0.06413 -0.37117
0.1846 0.06571 -0.37281
0.18631 0.06644 -0.37072
0.18472 0.06808 -0.37253
0.18632 0.06878 -0.37034
0.19411 0.0187 -0.37423
0.19401 0.02103 -0.37707
0.19434 0.02124 -0.37404
0.19395 0.02362 -0.37433
0.19348 0.02592 -0.37467
0.19344 0.02827 -0.37472
0.19329 0.03061 -0.37443
0.19294 0.0329 -0.37402
0.19228 0.03509 -0.37343
0.19158 0.03727 -0.37285
0.19065 0.03932 -0.37213
0.18994 0.04155 -0.37184
0.18925 0.04381 -0.37185
0.1884 0.04601 -0.3718
0.18803 0.04832 -0.37164
0.18808 0.05061 -0.37112
0.18848 0.05289 -0.37073
0.18898 0.05523 -0.37075
0.18933 0.05762 -0.37052
0.18905 0.05994 -0.36988
0.18843 0.06216 -0.3694
0.18811 0.06447 -0.36914
0.1881 0.06676 -0.36864
0.18806 0.06908 -0.36822
0.18622 0.07111 -0.36996
0.18797 0.0714 -0.36785
0.18615 0.07342 -0.36966
0.18801 0.07374 -0.36764
0.19349 0.01866 -0.37129
0.19331 0.02103 -0.37127
0.19275 0.02331 -0.37163
0.19261 0.02568 -0.37191
0.19296 0.02806 -0.3719
0.19369 0.03031 -0.37167
0.19413 0.03262 -0.37149
0.19384 0.03494 -0.37111
0.19322 0.03716 -0.37058
0.19224 0.03918 -0.36984
0.19139 0.04133 -0.36945
0.19073 0.04359 -0.36947
0.19006 0.04584 -0.36955
0.18971 0.04816 -0.3694
0.18988 0.05045 -0.36898
0.1903 0.05273 -0.36861
0.19061 0.05506 -0.36847
0.19081 0.05739 -0.36812
0.1907 0.0597 -0.36763
0.19035 0.062 -0.36739
0.19008 0.06431 -0.3672
0.1902 0.06662 -0.36684
0.19018 0.06895 -0.36646
0.19008 0.07127 -0.36609
0.19006 0.07359 -0.36581
0.18814 0.0761 -0.36759
0.19001 0.07592 -0.36557
0.18814 0.07846 -0.3673
0.19015 0.07826 -0.36541
0.19265 0.01644 -0.37147
0.19281 0.01795 -0.36851
0.19276 0.01562 -0.36873
0.19286 0.02025 -0.36849
0.19285 0.02257 -0.36879
0.19288 0.02492 -0.36907
0.19339 0.02725 -0.36915
0.1942 0.02946 -0.36902
0.19489 0.03169 -0.36895
0.19505 0.03402 -0.36875
0.19459 0.03628 -0.36828
0.1937 0.03835 -0.3676
0.19284 0.04049 -0.3672
0.19225 0.04276 -0.36726
0.19177 0.04505 -0.36746
0.19148 0.04737 -0.36736
0.19168 0.04966 -0.36698
0.19216 0.05193 -0.36667
0.19235 0.05425 -0.36644
0.19264 0.05657 -0.36619
0.19269 0.0589 -0.36587
0.19228 0.06119 -0.36557
0.19206 0.06351 -0.36542
0.19216 0.06581 -0.36504
0.19233 0.06814 -0.36487
0.19233 0.07048 -0.36466
0.19221 0.07279 -0.36427
0.19215 0.07511 -0.36404
0.19227 0.07743 -0.36387
0.19267 0.07973 -0.36372
0.19037 0.08056 -0.36498
0.19328 0.08198 -0.3636
0.1908 0.0828 -0.36446
0.19391 0.08424 -0.36334
0.19142 0.08504 -0.36414
0.19411 0.08653 -0.36284
0.19278 0.01326 -0.36883
0.19375 0.01469 -0.36621
0.19385 0.01235 -0.36638
0.19385 0.01701 -0.36595
0.19375 0.01933 -0.36585
0.19363 0.02166 -0.36615
0.19384 0.02398 -0.36652
0.19448 0.02624 -0.36671
0.19521 0.02845 -0.36659
0.19574 0.03071 -0.36647
0.19595 0.03302 -0.36628
0.19561 0.03528 -0.36586
0.19496 0.03744 -0.36526
0.19433 0.03968 -0.36496
0.19387 0.04197 -0.3651
0.1934 0.04425 -0.36531
0.19328 0.04658 -0.36535
0.19356 0.04886 -0.36504
0.19396 0.05113 -0.36468
0.19422 0.05344 -0.36453
0.19452 0.05574 -0.36432
0.19472 0.05806 -0.36418
0.19453 0.0604 -0.36414
0.19418 0.06269 -0.36384
0.19418 0.06496 -0.36332
0.1942 0.06726 -0.363
0.19432 0.06958 -0.36291
0.19449 0.07192 -0.36291
0.19444 0.07424 -0.36273
0.19464 0.07653 -0.36274
0.19515 0.07879 -0.36288
0.19583 0.08102 -0.36304
0.1965 0.0833 -0.36304
0.19671 0.08564 -0.36262
0.19605 0.08777 -0.36184
0.1936 0.0888 -0.36257
0.19518 0.08992 -0.36148
0.19501 0.01414 -0.36372
0.19491 0.0118 -0.36379
0.19531 0.01644 -0.36357
0.19524 0.01875 -0.36347
0.19494 0.02105 -0.36366
0.19491 0.02339 -0.36395
0.19528 0.0257 -0.36405
0.19605 0.02791 -0.36397
0.19671 0.03014 -0.3639
0.19692 0.03244 -0.36372
0.1965 0.03469 -0.36326
0.19614 0.03694 -0.36275
0.19604 0.03928 -0.36277
0.19565 0.04156 -0.36297
0.19523 0.04384 -0.36322
0.19508 0.04615 -0.36323
0.19546 0.04843 -0.36302
0.19601 0.05067 -0.36283
0.1964 0.05296 -0.36287
0.19682 0.05525 -0.36286
0.19711 0.05757 -0.36288
0.19686 0.05991 -0.36272
0.19638 0.06215 -0.36222
0.19608 0.06431 -0.3614
0.19612 0.0666 -0.36109
0.19632 0.0689 -0.3611
0.19647 0.07122 -0.36107
0.19653 0.07354 -0.36101
0.19686 0.07582 -0.36121
0.19755 0.07798 -0.36166
0.19838 0.08008 -0.36219
0.19914 0.0823 -0.36259
0.1994 0.08474 -0.36258
0.19871 0.08695 -0.36182
0.19767 0.08886 -0.36095
0.19674 0.09092 -0.36047
0.19541 0.0095 -0.36372
0.19652 0.01182 -0.36143
0.19687 0.0095 -0.36126
0.19685 0.01413 -0.36155
0.19694 0.01643 -0.36126
0.1968 0.01873 -0.3611
0.19662 0.02103 -0.36136
0.1965 0.02335 -0.36158
0.19669 0.02567 -0.36158
0.19714 0.02793 -0.36136
0.19768 0.03018 -0.36127
0.19777 0.03247 -0.36105
0.19762 0.03476 -0.36068
0.19793 0.03707 -0.36056
0.19778 0.03939 -0.36058
0.19742 0.04167 -0.3608
0.19716 0.04394 -0.36118
0.19722 0.04625 -0.36143
0.19764 0.04851 -0.36129
0.19823 0.05074 -0.36113
0.19877 0.05298 -0.3614
0.19943 0.0552 -0.36177
0.1998 0.05761 -0.36191
0.19934 0.05998 -0.36141
0.19853 0.06201 -0.36047
0.19795 0.06399 -0.35936
0.19788 0.0663 -0.35895
0.19826 0.0686 -0.35913
0.1985 0.0709 -0.3592
0.1986 0.07322 -0.3592
0.19898 0.07549 -0.35945
0.19975 0.07761 -0.35996
0.20078 0.07952 -0.36077
0.20179 0.08153 -0.36163
0.20222 0.08401 -0.36201
0.20156 0.08644 -0.36159
0.20041 0.08835 -0.36067
0.19933 0.09022 -0.35983
0.19841 0.0922 -0.35909
0.19603 0.0931 -0.36016
0.19788 0.09434 -0.35846
0.19736 0.00721 -0.3614
0.1991 0.00972 -0.35949
0.19968 0.0075 -0.35976
0.19859 0.01199 -0.35948
0.19861 0.0143 -0.35936
0.19881 0.01658 -0.35915
0.19861 0.01888 -0.35892
0.19848 0.02117 -0.35923
0.19831 0.02347 -0.35941
0.19847 0.02577 -0.35938
0.19887 0.02803 -0.35912
0.19903 0.0303 -0.3588
0.19905 0.03259 -0.35853
0.19918 0.0349 -0.35833
0.19943 0.0372 -0.3582
0.19949 0.0395 -0.35837
0.19942 0.04176 -0.35883
0.19943 0.04397 -0.35951
0.19962 0.04623 -0.35998
0.20014 0.04848 -0.36002
0.2007 0.05072 -0.35983
0.20098 0.053 -0.35968
0.20161 0.05524 -0.35989
0.20218 0.05764 -0.36008
0.20157 0.06003 -0.35955
0.20051 0.06192 -0.35851
0.19998 0.06393 -0.35747
0.20002 0.06624 -0.35719
0.2002 0.06854 -0.35716
0.20044 0.07084 -0.35724
0.2007 0.07312 -0.35742
0.20117 0.07535 -0.35777
0.20201 0.07741 -0.35835
0.20305 0.07932 -0.35911
0.20415 0.08129 -0.35993
0.20478 0.08376 -0.3604
0.20412 0.08621 -0.3601
0.20312 0.08835 -0.3596
0.20201 0.09031 -0.35889
0.20096 0.09216 -0.35796
0.20027 0.09412 -0.35705
0.19997 0.09627 -0.35642
0.19765 0.09656 -0.35793
0.1979 0.09882 -0.35769
0.20013 0.0985 -0.35603
0.19847 0.10104 -0.3574
0.20078 0.10069 -0.35587
0.2004 0.00533 -0.36009
0.20217 0.00782 -0.35846
0.20283 0.00562 -0.35868
0.2015 0.00998 -0.35802
0.2009 0.01219 -0.35786
0.20071 0.01445 -0.35746
0.20075 0.01672 -0.35711
0.20074 0.01902 -0.35706
0.20047 0.0213 -0.35723
0.20028 0.02359 -0.3574
0.2004 0.02588 -0.35734
0.20075 0.02814 -0.35703
0.20095 0.03041 -0.35674
0.201 0.03269 -0.35649
0.20099 0.03498 -0.35618
0.20112 0.03727 -0.35596
0.20123 0.03957 -0.35617
0.20124 0.04181 -0.35671
0.20137 0.04397 -0.35747
0.20191 0.04605 -0.35832
0.20272 0.04819 -0.35883
0.20333 0.05052 -0.35874
0.20332 0.05281 -0.35812
0.203 0.055 -0.35741
0.20329 0.05732 -0.35735
0.20322 0.05971 -0.3572
0.20218 0.06168 -0.35628
0.20195 0.06387 -0.35553
0.2021 0.06619 -0.35536
0.20235 0.06848 -0.35542
0.20247 0.07078 -0.35535
0.20266 0.07307 -0.35546
0.20317 0.07527 -0.35585
0.20409 0.07727 -0.3565
0.20523 0.07915 -0.35728
0.20621 0.08128 -0.35786
0.20651 0.08376 -0.35798
0.20587 0.08611 -0.35775
0.20503 0.08829 -0.35739
0.20415 0.09039 -0.3569
0.20316 0.09236 -0.35614
0.20232 0.09422 -0.35513
0.20199 0.09635 -0.35447
0.20216 0.09858 -0.35412
0.20282 0.10076 -0.35395
0.2014 0.1029 -0.35558
0.2037 0.1029 -0.35396
0.20179 0.10516 -0.35523
0.20413 0.10518 -0.35372
0.20192 0.10745 -0.35492
0.20418 0.10746 -0.35332
0.20193 0.10976 -0.35479
0.20356 0.00343 -0.3586
0.20505 0.00576 -0.35694
0.20568 0.00355 -0.35677
0.20447 0.00799 -0.35681
0.2038 0.01015 -0.35641
0.2032 0.01235 -0.35626
0.20303 0.0146 -0.35587
0.203 0.01684 -0.3554
0.20286 0.01912 -0.3552
0.20257 0.02138 -0.35536
0.20236 0.02366 -0.3555
0.20242 0.02594 -0.35539
0.20272 0.02819 -0.35504
0.20298 0.03046 -0.35481
0.20306 0.03274 -0.3546
0.20307 0.03501 -0.3543
0.20307 0.03728 -0.35394
0.20302 0.03958 -0.35401
0.20296 0.04184 -0.35449
0.20306 0.04402 -0.35523
0.20362 0.04608 -0.35606
0.20484 0.04794 -0.35684
0.20594 0.05029 -0.35717
0.20539 0.05262 -0.35616
0.20446 0.05455 -0.35508
0.20418 0.05682 -0.35471
0.20419 0.05912 -0.3546
0.20384 0.06133 -0.35407
0.20395 0.06359 -0.35362
0.20407 0.06589 -0.35343
0.20432 0.06817 -0.35349
0.20436 0.07047 -0.35335
0.20452 0.07276 -0.35344
0.20495 0.07499 -0.35376
0.20556 0.07718 -0.35413
0.20665 0.07912 -0.3548
0.20771 0.0812 -0.35532
0.20798 0.08365 -0.35546
0.20741 0.08603 -0.35536
0.20646 0.08815 -0.35496
0.20556 0.09021 -0.35443
0.2047 0.09223 -0.35376
0.20391 0.09416 -0.35284
0.20362 0.09633 -0.35222
0.20388 0.09858 -0.35195
0.20465 0.10073 -0.35185
0.20552 0.10283 -0.35182
0.20626 0.10502 -0.35192
0.2065 0.10733 -0.35181
0.2042 0.10976 -0.35322
0.20641 0.10962 -0.35154
0.20418 0.11207 -0.35302
0.2064 0.11192 -0.35134
0.20404 0.11431 -0.35241
0.20618 0.11412 -0.35066
0.20629 0.00136 -0.35652
0.20777 0.00353 -0.35488
0.20844 0.00136 -0.35471
0.20703 0.00569 -0.35492
0.20649 0.0079 -0.35482
0.20606 0.01013 -0.3547
0.20552 0.01234 -0.35464
0.20537 0.01459 -0.35427
0.20525 0.01679 -0.35369
0.20503 0.01904 -0.3534
0.20472 0.0213 -0.35352
0.20457 0.02356 -0.35374
0.20456 0.02583 -0.35357
0.20491 0.02807 -0.35328
0.20522 0.03033 -0.35311
0.20529 0.0326 -0.35289
0.20527 0.03486 -0.35256
0.20518 0.0371 -0.3521
0.20503 0.03938 -0.35206
0.20483 0.04164 -0.35239
0.20471 0.04387 -0.35295
0.205 0.04606 -0.3536
0.20598 0.04805 -0.35418
0.20709 0.05021 -0.35435
0.20664 0.05246 -0.3536
0.20606 0.05454 -0.35279
0.20572 0.05678 -0.35235
0.2058 0.05908 -0.35232
0.20579 0.06135 -0.35208
0.20601 0.0636 -0.35176
0.20606 0.06586 -0.3515
0.2061 0.06814 -0.35136
0.20619 0.07042 -0.35129
0.20651 0.07267 -0.35151
0.20685 0.07491 -0.35174
0.20734 0.07713 -0.35199
0.2075 0.07941 -0.35212
0.20801 0.08162 -0.35244
0.20866 0.08386 -0.35264
0.20853 0.08627 -0.35273
0.20765 0.08846 -0.35243
0.20666 0.09047 -0.35189
0.20567 0.09239 -0.35114
0.20522 0.0945 -0.3504
0.20517 0.09674 -0.34996
0.20538 0.099 -0.34965
0.20611 0.10116 -0.34953
0.20711 0.10319 -0.34958
0.20817 0.1052 -0.34988
0.20881 0.10749 -0.35014
0.20854 0.10981 -0.34977
0.20836 0.11205 -0.34937
0.20825 0.11427 -0.34882
0.206 0.1162 -0.34968
0.20807 0.11635 -0.34787
0.20619 0.11832 -0.3488
0.20819 0.11844 -0.34693
0.20682 0.12042 -0.34807
0.20864 0.1205 -0.34601
0.20726 0.12239 -0.34695
0.20928 0.12251 -0.3451
0.2091 -0.00081 -0.35471
0.2106 0.0016 -0.35294
0.21126 -0.00057 -0.35295
0.20975 0.0037 -0.3529
0.20894 0.00582 -0.35286
0.20835 0.00801 -0.3527
0.20805 0.01026 -0.3527
0.2077 0.0125 -0.35284
0.20748 0.01472 -0.3524
0.20747 0.01693 -0.35195
0.2073 0.01918 -0.35172
0.20699 0.02142 -0.35185
0.20683 0.02367 -0.35206
0.20675 0.02593 -0.3518
0.20696 0.02815 -0.35136
0.20719 0.03039 -0.35111
0.2073 0.03265 -0.35094
0.20733 0.0349 -0.35066
0.2073 0.03714 -0.35027
0.20716 0.0394 -0.35023
0.20688 0.04165 -0.35047
0.20666 0.04387 -0.35091
0.2069 0.04606 -0.3515
0.20742 0.04824 -0.35179
0.20752 0.05045 -0.35145
0.20752 0.05264 -0.3509
0.20759 0.05486 -0.35046
0.20752 0.05712 -0.35023
0.20757 0.0594 -0.35018
0.20778 0.06166 -0.35016
0.20805 0.0639 -0.3499
0.2081 0.06614 -0.34964
0.20803 0.06839 -0.34939
0.20798 0.07066 -0.34919
0.20815 0.07292 -0.34929
0.20861 0.07513 -0.34958
0.20884 0.07741 -0.34963
0.2087 0.07969 -0.34962
0.20825 0.08196 -0.34964
0.20874 0.0842 -0.34982
0.20896 0.0865 -0.34993
0.20859 0.0888 -0.34981
0.20767 0.09086 -0.34933
0.20684 0.09288 -0.34865
0.20682 0.09512 -0.3482
0.20675 0.09734 -0.34775
0.20693 0.09959 -0.34743
0.20761 0.10176 -0.34727
0.20864 0.10377 -0.34734
0.20954 0.10584 -0.34752
0.21008 0.10807 -0.34765
0.21024 0.11036 -0.34762
0.21008 0.11261 -0.34726
0.20985 0.11478 -0.3466
0.20968 0.11686 -0.34568
0.20992 0.11898 -0.34485
0.21046 0.12106 -0.34401
0.21128 0.12309 -0.34331
0.20967 0.12461 -0.34439
0.21181 0.1252 -0.3428
0.20947 0.12681 -0.34394
0.21186 0.12744 -0.34277
0.2092 0.12905 -0.34358
0.21173 0.12971 -0.34274
0.2118 -0.0028 -0.35301
0.21321 -5e-05 -0.35102
0.21386 -0.00225 -0.35121
0.21248 0.00209 -0.35093
0.21171 0.0042 -0.35097
0.21104 0.00635 -0.35109
0.21055 0.00856 -0.35102
0.21018 0.01078 -0.35094
0.20974 0.01299 -0.35097
0.2097 0.01524 -0.35073
0.20977 0.01746 -0.3504
0.20967 0.0197 -0.35027
0.2093 0.02192 -0.35032
0.20908 0.02417 -0.35045
0.20903 0.02643 -0.35022
0.20912 0.02862 -0.34964
0.20927 0.03085 -0.34929
0.20928 0.03309 -0.34901
0.2094 0.03534 -0.34884
0.20944 0.03757 -0.34852
0.2093 0.03982 -0.34848
0.20907 0.04205 -0.34876
0.20873 0.04427 -0.34906
0.20877 0.0465 -0.34946
0.2092 0.04872 -0.34967
0.20913 0.05095 -0.34919
0.2091 0.05314 -0.3486
0.20931 0.05537 -0.34831
0.20946 0.05762 -0.34828
0.20936 0.05987 -0.34811
0.2095 0.06213 -0.34802
0.20983 0.06436 -0.34782
0.21 0.0666 -0.34766
0.21 0.06886 -0.34747
0.20969 0.07106 -0.34705
0.20956 0.07332 -0.34694
0.20968 0.07557 -0.34704
0.20968 0.07784 -0.347
0.2093 0.08008 -0.34691
0.20947 0.08233 -0.34713
0.20956 0.08458 -0.34721
0.20925 0.08683 -0.34715
0.20917 0.08909 -0.34708
0.20879 0.09129 -0.34682
0.20851 0.09351 -0.34649
0.20843 0.09571 -0.34602
0.20845 0.09793 -0.34563
0.20851 0.10018 -0.3452
0.20914 0.10236 -0.34504
0.21001 0.10444 -0.34503
0.21065 0.10659 -0.34509
0.21098 0.10882 -0.34512
0.21147 0.11103 -0.34522
0.21143 0.11326 -0.34492
0.21122 0.11541 -0.34427
0.21134 0.11758 -0.34359
0.21174 0.11972 -0.3429
0.21245 0.12178 -0.34224
0.2133 0.1238 -0.34158
0.21393 0.12591 -0.34122
0.21414 0.12812 -0.34145
0.2142 0.13039 -0.34176
0.21157 0.13195 -0.34233
0.21404 0.13267 -0.34137
0.21396 -0.00455 -0.35109
0.21571 -0.00392 -0.34903
0.21557 -0.00165 -0.34908
0.21506 0.00056 -0.34903
0.21446 0.00272 -0.34907
0.21385 0.00487 -0.34927
0.21323 0.00703 -0.34943
0.21275 0.00923 -0.34938
0.21232 0.01143 -0.34922
0.21185 0.01362 -0.34919
0.21183 0.01585 -0.34897
0.21191 0.01807 -0.34865
0.21188 0.0203 -0.3486
0.21171 0.02254 -0.34889
0.21117 0.02474 -0.34863
0.21106 0.02697 -0.34835
0.21132 0.02917 -0.34798
0.21154 0.0314 -0.34773
0.21143 0.03362 -0.34729
0.21156 0.03585 -0.34713
0.21162 0.03808 -0.34683
0.21148 0.04032 -0.34679
0.2112 0.04254 -0.34701
0.21086 0.04475 -0.34729
0.2106 0.04698 -0.34738
0.21066 0.04922 -0.3473
0.21079 0.05144 -0.34698
0.211 0.05365 -0.3466
0.21121 0.05586 -0.34631
0.21127 0.0581 -0.34621
0.21124 0.06035 -0.3461
0.2113 0.06259 -0.34596
0.21134 0.0648 -0.34552
0.21143 0.06703 -0.34532
0.21152 0.06928 -0.34517
0.21126 0.07149 -0.3448
0.21102 0.07372 -0.34462
0.21069 0.07594 -0.34447
0.21045 0.07818 -0.34433
0.21038 0.08044 -0.34435
0.21053 0.08268 -0.34457
0.21069 0.08492 -0.34468
0.2105 0.08717 -0.34466
0.21049 0.08942 -0.34465
0.21022 0.09164 -0.34445
0.20995 0.09385 -0.34412
0.21007 0.09608 -0.3438
0.21024 0.09831 -0.34354
0.21042 0.10054 -0.34321
0.21081 0.10273 -0.34282
0.21124 0.10493 -0.34254
0.21189 0.10709 -0.34265
0.21241 0.10927 -0.34278
0.2128 0.11148 -0.34283
0.21284 0.1137 -0.34257
0.21287 0.11589 -0.34208
0.21315 0.11808 -0.34154
0.21381 0.12021 -0.34113
0.21461 0.12225 -0.34059
0.21546 0.12424 -0.33994
0.21611 0.12636 -0.3396
0.21637 0.12857 -0.33993
0.21654 0.13079 -0.34038
0.21653 0.13312 -0.34023
0.21363 0.13455 -0.3401
0.21607 0.13501 -0.33894
0.21332 0.1366 -0.33917
0.2158 0.13708 -0.33807
0.21304 0.13876 -0.33851
0.21558 0.13927 -0.3376
0.21558 -0.00616 -0.34876
0.21759 -0.00579 -0.34689
0.21751 -0.00355 -0.34696
0.21741 -0.00131 -0.34703
0.21709 0.00092 -0.34715
0.21657 0.0031 -0.34726
0.21589 0.00523 -0.34736
0.21526 0.00737 -0.34749
0.21478 0.00955 -0.34744
0.21444 0.01176 -0.34737
0.21398 0.01394 -0.34736
0.21389 0.01615 -0.34705
0.21401 0.01836 -0.34677
0.21385 0.02058 -0.34657
0.21347 0.02278 -0.34662
0.21316 0.02499 -0.34664
0.21308 0.02721 -0.34641
0.21335 0.02941 -0.34605
0.21354 0.03162 -0.34576
0.21378 0.03386 -0.34574
0.21366 0.03606 -0.34528
0.21373 0.03828 -0.345
0.21366 0.04052 -0.34503
0.21352 0.04273 -0.34541
0.21311 0.04493 -0.3456
0.2126 0.0471 -0.3454
0.21245 0.04932 -0.34513
0.2126 0.05154 -0.34484
0.21302 0.05373 -0.34465
0.21326 0.05594 -0.34441
0.21308 0.05815 -0.34409
0.21295 0.06038 -0.34391
0.21308 0.06262 -0.34381
0.21305 0.06481 -0.34333
0.21302 0.06703 -0.34304
0.213 0.06926 -0.34282
0.21303 0.07149 -0.34267
0.21281 0.07372 -0.3425
0.21242 0.07591 -0.34228
0.21195 0.07809 -0.34197
0.21187 0.08035 -0.34199
0.21205 0.08258 -0.34222
0.21177 0.08482 -0.3421
0.2119 0.08705 -0.34225
0.21233 0.08926 -0.34255
0.21212 0.09152 -0.34242
0.21189 0.09373 -0.3421
0.21193 0.09594 -0.34172
0.21212 0.09817 -0.34148
0.21246 0.10037 -0.3413
0.21294 0.10253 -0.341
0.21326 0.1047 -0.34059
0.21347 0.10693 -0.34034
0.2138 0.10916 -0.34035
0.2142 0.11135 -0.34041
0.21447 0.11355 -0.34031
0.21471 0.11574 -0.33998
0.2151 0.11793 -0.33955
0.21585 0.12005 -0.33925
0.21684 0.12204 -0.33897
0.21778 0.12401 -0.33843
0.21851 0.12611 -0.33823
0.21865 0.12834 -0.33839
0.21869 0.13055 -0.33868
0.21874 0.13278 -0.33859
0.21857 0.13488 -0.33783
0.21838 0.137 -0.33711
0.21818 0.1392 -0.33671
0.21792 0.14139 -0.33631
0.21529 0.14144 -0.33705
0.21755 0.14355 -0.33584
0.21736 -0.00802 -0.34692
0.21937 -0.00782 -0.34502
0.21963 -0.00559 -0.34505
0.21959 -0.00336 -0.34516
0.21954 -0.00112 -0.34529
0.21919 0.0011 -0.34534
0.2186 0.00325 -0.34533
0.218 0.00539 -0.34551
0.2174 0.00753 -0.34568
0.21691 0.00971 -0.34559
0.2165 0.01189 -0.34543
0.21603 0.01406 -0.34541
0.21598 0.01628 -0.34514
0.21596 0.01846 -0.34472
0.21592 0.02068 -0.34464
0.21571 0.0229 -0.34487
0.21515 0.02507 -0.34464
0.2152 0.0273 -0.34456
0.21552 0.0295 -0.34427
0.21565 0.0317 -0.34391
0.21581 0.03392 -0.34381
0.21586 0.03614 -0.34355
0.21593 0.03835 -0.34325
0.21593 0.04058 -0.34338
0.21566 0.04278 -0.3436
0.21529 0.04498 -0.34382
0.21471 0.04713 -0.34354
0.21444 0.0493 -0.34314
0.21438 0.05149 -0.34266
0.21467 0.0537 -0.34238
0.21517 0.0559 -0.34235
0.21502 0.05812 -0.34207
0.21467 0.0603 -0.34172
0.2146 0.06252 -0.34148
0.21469 0.06472 -0.34109
0.21471 0.06693 -0.34083
0.21478 0.06916 -0.34069
0.21474 0.07138 -0.34048
0.21453 0.07359 -0.34033
0.21408 0.07576 -0.34006
0.21365 0.07794 -0.33977
0.21347 0.08017 -0.33971
0.21329 0.08239 -0.33973
0.21306 0.08463 -0.33961
0.2133 0.08686 -0.33982
0.21381 0.08901 -0.34019
0.21396 0.09124 -0.34034
0.21401 0.09347 -0.34031
0.21405 0.09567 -0.33992
0.21431 0.09789 -0.33977
0.21475 0.10008 -0.33974
0.21525 0.10224 -0.33948
0.21541 0.10437 -0.33886
0.21552 0.10658 -0.33846
0.21576 0.10882 -0.33836
0.21604 0.11104 -0.33832
0.21643 0.11323 -0.33834
0.21681 0.11541 -0.33816
0.21733 0.11758 -0.33788
0.21813 0.11969 -0.33767
0.21922 0.12166 -0.33758
0.22034 0.12358 -0.33745
0.22112 0.12566 -0.33744
0.22125 0.12787 -0.33757
0.2212 0.13009 -0.33766
0.22125 0.13231 -0.33758
0.22125 0.13452 -0.33728
0.22111 0.13669 -0.33684
0.22088 0.13885 -0.33633
0.2206 0.14102 -0.33586
0.22021 0.14316 -0.33535
0.21968 0.1453 -0.33498
0.21707 0.14574 -0.33563
0.21921 0.14747 -0.33475
0.22024 -0.01172 -0.34272
0.21891 -0.01 -0.34496
0.22081 -0.00959 -0.34298
0.22136 -0.00744 -0.34314
0.22177 -0.00526 -0.34334
0.22189 -0.00304 -0.34368
0.22189 -0.00078 -0.34387
0.22141 0.00143 -0.34369
0.22068 0.00352 -0.34348
0.22004 0.00564 -0.3436
0.21948 0.00778 -0.3438
0.21895 0.00995 -0.34366
0.21852 0.01212 -0.34348
0.21814 0.01431 -0.34354
0.21808 0.01652 -0.34326
0.21791 0.01867 -0.34268
0.21771 0.02086 -0.34245
0.21753 0.02306 -0.34271
0.21738 0.02528 -0.34291
0.21737 0.0275 -0.34277
0.21762 0.02968 -0.34241
0.21781 0.03188 -0.34212
0.21795 0.0341 -0.34201
0.21804 0.03631 -0.3418
0.21824 0.03852 -0.34167
0.21814 0.04075 -0.34166
0.21777 0.04294 -0.34175
0.21731 0.04512 -0.34186
0.21689 0.04731 -0.34175
0.21658 0.04947 -0.34132
0.21634 0.05159 -0.34065
0.21644 0.05377 -0.34022
0.21653 0.05596 -0.33989
0.21644 0.05817 -0.33966
0.2164 0.0604 -0.33953
0.21628 0.0626 -0.33926
0.21637 0.0648 -0.33887
0.21642 0.067 -0.33864
0.21649 0.06922 -0.33851
0.21657 0.07145 -0.3384
0.21633 0.07366 -0.33823
0.21585 0.07582 -0.33793
0.21529 0.07795 -0.33753
0.21495 0.08015 -0.33735
0.21477 0.08238 -0.33736
0.21477 0.08462 -0.33739
0.21516 0.08679 -0.33773
0.21574 0.08891 -0.33818
0.21572 0.09116 -0.33817
0.21573 0.09338 -0.33809
0.21611 0.09559 -0.33805
0.21653 0.09777 -0.33811
0.21707 0.09995 -0.33821
0.2174 0.10211 -0.33775
0.21754 0.10423 -0.3371
0.21765 0.10643 -0.33672
0.21796 0.10865 -0.33668
0.21814 0.11087 -0.3365
0.21852 0.11309 -0.3365
0.21907 0.11525 -0.33655
0.21978 0.11737 -0.33658
0.22069 0.11942 -0.3366
0.22181 0.12136 -0.33665
0.223 0.12324 -0.33676
0.2238 0.1253 -0.3369
0.22394 0.12749 -0.33716
0.2239 0.12971 -0.33733
0.22395 0.13193 -0.33737
0.22397 0.13416 -0.33726
0.22384 0.13636 -0.33697
0.2236 0.13851 -0.33644
0.2233 0.14062 -0.3358
0.22291 0.14273 -0.33521
0.22232 0.14479 -0.33459
0.22176 0.14687 -0.33406
0.22152 0.14907 -0.3337
0.21916 0.1497 -0.33481
0.22137 0.1513 -0.33377
0.2218 -0.01318 -0.34035
0.22216 -0.01104 -0.34084
0.22275 -0.00893 -0.34111
0.22337 -0.00682 -0.34133
0.22393 -0.0047 -0.3417
0.22429 -0.00254 -0.34232
0.22427 -0.00018 -0.34245
0.22351 0.00194 -0.34192
0.22279 0.00401 -0.34171
0.22217 0.00613 -0.34185
0.22165 0.00829 -0.3421
0.22111 0.01046 -0.34193
0.22062 0.01261 -0.34167
0.22017 0.01477 -0.34163
0.22 0.01695 -0.34123
0.21994 0.01911 -0.34076
0.21971 0.02129 -0.3405
0.21955 0.02348 -0.34076
0.21938 0.02569 -0.34093
0.21938 0.0279 -0.34083
0.21969 0.03008 -0.34055
0.21993 0.03228 -0.34034
0.2201 0.0345 -0.34027
0.2203 0.03671 -0.34019
0.22044 0.03893 -0.33996
0.2202 0.04114 -0.33978
0.21976 0.04331 -0.33979
0.21935 0.04551 -0.33992
0.21873 0.04764 -0.33963
0.2184 0.04978 -0.33918
0.21832 0.05194 -0.33869
0.21824 0.05407 -0.33809
0.21824 0.05625 -0.33769
0.21809 0.05845 -0.33742
0.21799 0.06067 -0.33725
0.21804 0.06288 -0.33711
0.21809 0.06507 -0.33671
0.21818 0.06727 -0.33652
0.21822 0.06949 -0.33636
0.21826 0.0717 -0.33622
0.21804 0.07392 -0.33606
0.21745 0.07603 -0.33567
0.21713 0.07822 -0.33546
0.21679 0.08041 -0.33526
0.21661 0.08263 -0.33526
0.21654 0.08487 -0.33523
0.21702 0.08701 -0.33566
0.21748 0.08916 -0.33601
0.21775 0.09134 -0.33626
0.21791 0.09355 -0.33634
0.21831 0.09574 -0.33634
0.21883 0.0979 -0.33654
0.21899 0.1001 -0.3362
0.21914 0.10222 -0.33559
0.21943 0.10437 -0.33511
0.21961 0.10657 -0.33481
0.22001 0.10877 -0.33485
0.22028 0.11099 -0.33477
0.22067 0.1132 -0.33477
0.22138 0.11531 -0.33504
0.22219 0.11738 -0.33524
0.22322 0.11935 -0.33551
0.22444 0.12119 -0.33585
0.22569 0.12298 -0.3363
0.22652 0.12499 -0.33671
0.22665 0.12718 -0.337
0.22661 0.12938 -0.33728
0.22667 0.1316 -0.33743
0.22668 0.13383 -0.3374
0.22655 0.13604 -0.3372
0.2263 0.13823 -0.33681
0.226 0.1403 -0.33605
0.2256 0.1423 -0.33516
0.225 0.14432 -0.33447
0.22439 0.14631 -0.3337
0.22401 0.14836 -0.33291
0.22361 0.15053 -0.33251
0.22316 0.15272 -0.33259
0.22098 0.15349 -0.3339
0.22272 0.15488 -0.33235
0.2214 -0.0153 -0.33991
0.22335 -0.01425 -0.33823
0.22373 -0.01211 -0.33865
0.22397 -0.00995 -0.33904
0.22457 -0.00785 -0.33932
0.22531 -0.0058 -0.33964
0.22605 -0.00374 -0.34017
0.22632 -0.00149 -0.34065
0.22608 0.00083 -0.34052
0.2253 0.00289 -0.33999
0.22487 0.00503 -0.34012
0.22447 0.00721 -0.34058
0.22373 0.00936 -0.34051
0.22304 0.01144 -0.34012
0.22249 0.01356 -0.33977
0.22198 0.0157 -0.33967
0.22188 0.01788 -0.33932
0.2218 0.02004 -0.33883
0.22154 0.0222 -0.33854
0.2212 0.02438 -0.33864
0.22104 0.02657 -0.33882
0.2212 0.02876 -0.33886
0.22163 0.03093 -0.33872
0.22204 0.03311 -0.3387
0.22237 0.03533 -0.33884
0.22251 0.03758 -0.33867
0.22242 0.03977 -0.33814
0.22202 0.04192 -0.33776
0.22152 0.04409 -0.33769
0.22066 0.04614 -0.33748
0.22007 0.04826 -0.33722
0.21999 0.05045 -0.33695
0.21986 0.0526 -0.33642
0.21985 0.05475 -0.3359
0.21989 0.05694 -0.33554
0.21988 0.05915 -0.33539
0.21987 0.06137 -0.33531
0.21974 0.06357 -0.33502
0.21986 0.06576 -0.33467
0.21985 0.06795 -0.3344
0.21992 0.07016 -0.33427
0.22002 0.07239 -0.33419
0.21972 0.07459 -0.33397
0.21918 0.07672 -0.33361
0.21889 0.07891 -0.33342
0.21875 0.08113 -0.33342
0.21859 0.08335 -0.33342
0.21849 0.08559 -0.33333
0.21888 0.08777 -0.3337
0.21952 0.08983 -0.33423
0.21999 0.09196 -0.33471
0.22017 0.09417 -0.33482
0.22056 0.09635 -0.33482
0.22088 0.09855 -0.33478
0.22072 0.10068 -0.33411
0.22077 0.10279 -0.3334
0.22093 0.10494 -0.33284
0.2212 0.10717 -0.33264
0.22171 0.10937 -0.33277
0.22206 0.11159 -0.33275
0.22271 0.11374 -0.333
0.22358 0.11577 -0.33344
0.22459 0.11771 -0.33392
0.22574 0.11956 -0.33444
0.22708 0.12123 -0.33509
0.22841 0.12285 -0.33588
0.22926 0.12481 -0.33652
0.22938 0.127 -0.33691
0.22934 0.1292 -0.3372
0.2294 0.13141 -0.33749
0.22942 0.13364 -0.33756
0.22928 0.13586 -0.33743
0.22902 0.13806 -0.33713
0.22869 0.1402 -0.33656
0.2283 0.14215 -0.33552
0.2277 0.144 -0.33446
0.22707 0.14593 -0.33358
0.22665 0.14789 -0.33262
0.2261 0.14987 -0.33175
0.2254 0.15196 -0.33135
0.22496 0.15414 -0.33117
0.22468 0.15629 -0.3307
0.22238 0.15701 -0.33177
0.22472 0.15839 -0.32992
0.22501 -0.01724 -0.33541
0.22328 -0.01637 -0.33761
0.22516 -0.01511 -0.33599
0.2252 -0.01298 -0.33658
0.22543 -0.0108 -0.33686
0.22592 -0.00874 -0.33748
0.22652 -0.00665 -0.33777
0.22735 -0.00465 -0.33818
0.22816 -0.00255 -0.33878
0.228 -0.00019 -0.33883
0.2275 0.00199 -0.3384
0.22702 0.00412 -0.33817
0.22672 0.0063 -0.3384
0.22641 0.00853 -0.33886
0.22541 0.01057 -0.33855
0.22481 0.0127 -0.33831
0.22426 0.01482 -0.33796
0.2237 0.01694 -0.33778
0.22347 0.01908 -0.33729
0.22336 0.02122 -0.33677
0.22311 0.02338 -0.33649
0.22279 0.02553 -0.3366
0.22275 0.0277 -0.33688
0.223 0.02987 -0.33702
0.22361 0.032 -0.33705
0.22429 0.03414 -0.33732
0.22459 0.03644 -0.33737
0.2245 0.03871 -0.33691
0.22419 0.04084 -0.33613
0.2234 0.04281 -0.33545
0.2227 0.04488 -0.33525
0.22201 0.04698 -0.33516
0.22147 0.04911 -0.33494
0.22123 0.05128 -0.33457
0.22142 0.05346 -0.33427
0.22167 0.05564 -0.33396
0.22176 0.05783 -0.33366
0.22175 0.06005 -0.33352
0.22152 0.06224 -0.33323
0.22148 0.06444 -0.33303
0.22162 0.06663 -0.3327
0.22159 0.06882 -0.33242
0.22177 0.07103 -0.33237
0.22169 0.07325 -0.33215
0.22139 0.07544 -0.33193
0.22114 0.07765 -0.33188
0.22094 0.07985 -0.3318
0.22084 0.08206 -0.33183
0.22077 0.08428 -0.33196
0.22075 0.0865 -0.33192
0.2211 0.08867 -0.33225
0.22165 0.09078 -0.33269
0.22203 0.09293 -0.33308
0.22241 0.09509 -0.33343
0.22263 0.09729 -0.33322
0.22238 0.09943 -0.33257
0.22241 0.1016 -0.33209
0.22265 0.10373 -0.33155
0.22269 0.10586 -0.33084
0.22289 0.10812 -0.3306
0.22337 0.11035 -0.33074
0.22399 0.11252 -0.33096
0.22479 0.1146 -0.33138
0.22579 0.11653 -0.33196
0.2269 0.11838 -0.33259
0.22822 0.12002 -0.33337
0.22969 0.12145 -0.33427
0.23105 0.12302 -0.3351
0.23199 0.12483 -0.33605
0.23213 0.12698 -0.33672
0.23209 0.1292 -0.33706
0.23216 0.13141 -0.33736
0.23218 0.13363 -0.33753
0.23205 0.13587 -0.33751
0.23178 0.13808 -0.33726
0.23143 0.14027 -0.33689
0.23098 0.14234 -0.33609
0.23039 0.14409 -0.3348
0.22977 0.14579 -0.33352
0.22933 0.14769 -0.33247
0.22874 0.14954 -0.33138
0.22791 0.15145 -0.33058
0.22728 0.15352 -0.33003
0.22701 0.15569 -0.32962
0.22718 0.15787 -0.32915
0.2248 0.16015 -0.32854
0.22743 0.16 -0.32839
0.22683 0.16158 -0.32684
0.22422 0.16162 -0.32698
0.22555 0.16269 -0.32537
0.223 0.16301 -0.32574
0.22439 0.16406 -0.32404
0.22637 -0.02041 -0.33299
0.22481 -0.01941 -0.335
0.22673 -0.01826 -0.33341
0.22691 -0.01607 -0.33378
0.22693 -0.01391 -0.33423
0.227 -0.01179 -0.33484
0.22737 -0.00966 -0.33525
0.22783 -0.00759 -0.33586
0.22852 -0.00554 -0.33622
0.22945 -0.00357 -0.33674
0.23004 -0.00133 -0.33714
0.22968 0.00098 -0.33696
0.22929 0.00314 -0.3366
0.22889 0.0053 -0.33642
0.22835 0.00745 -0.33639
0.22769 0.00956 -0.3365
0.22716 0.01173 -0.33662
0.22656 0.01387 -0.33638
0.22595 0.01598 -0.33599
0.22526 0.01805 -0.33569
0.22501 0.02017 -0.33519
0.22489 0.0223 -0.33466
0.22468 0.02447 -0.33442
0.22433 0.02661 -0.3345
0.22441 0.02874 -0.33486
0.22495 0.03082 -0.33523
0.22582 0.03289 -0.33551
0.22634 0.03516 -0.33556
0.22631 0.0375 -0.33527
0.22595 0.03968 -0.33457
0.22533 0.04162 -0.33361
0.22445 0.04352 -0.33293
0.22391 0.04564 -0.33284
0.22344 0.0478 -0.33291
0.22313 0.04999 -0.33289
0.22303 0.05218 -0.33262
0.22322 0.05435 -0.33232
0.22355 0.05652 -0.3321
0.22384 0.05876 -0.33198
0.2235 0.06094 -0.33151
0.22315 0.06309 -0.33113
0.22315 0.06529 -0.33097
0.22322 0.06747 -0.33059
0.22336 0.06967 -0.33046
0.22331 0.07188 -0.33022
0.22328 0.07408 -0.33003
0.22333 0.0763 -0.33016
0.22324 0.07851 -0.3303
0.22312 0.08072 -0.33031
0.22313 0.08293 -0.33049
0.22302 0.08514 -0.33055
0.22302 0.08736 -0.33054
0.2233 0.08955 -0.33076
0.2237 0.09171 -0.33104
0.22419 0.09381 -0.33156
0.22449 0.09602 -0.33181
0.22426 0.09816 -0.3311
0.22427 0.10037 -0.33072
0.22454 0.10256 -0.33053
0.22465 0.10465 -0.32984
0.22479 0.1068 -0.32921
0.22504 0.10904 -0.32901
0.22545 0.11128 -0.32907
0.22608 0.11345 -0.32934
0.22691 0.11551 -0.32982
0.22793 0.11743 -0.33045
0.22917 0.11917 -0.33125
0.23068 0.12052 -0.33225
0.23216 0.1219 -0.33315
0.23361 0.1233 -0.33412
0.23463 0.12501 -0.3352
0.23487 0.12709 -0.33614
0.23484 0.12931 -0.33662
0.23492 0.13152 -0.33695
0.23497 0.13376 -0.33719
0.2348 0.136 -0.3371
0.23454 0.13821 -0.33695
0.2342 0.14042 -0.33675
0.23373 0.14263 -0.33634
0.23305 0.14456 -0.33529
0.23245 0.14608 -0.33371
0.232 0.14758 -0.33211
0.23136 0.14934 -0.33089
0.23051 0.15123 -0.33005
0.22983 0.15323 -0.32934
0.22946 0.15533 -0.32872
0.22961 0.15748 -0.3282
0.22994 0.15964 -0.32769
0.22943 0.16155 -0.32656
0.22812 0.16257 -0.32503
0.2269 0.16369 -0.32352
0.22607 0.16541 -0.32231
0.22365 0.16592 -0.32302
0.22549 0.1674 -0.32144
0.22816 -0.02181 -0.33087
0.22843 -0.01966 -0.33132
0.22873 -0.01749 -0.33167
0.22891 -0.01531 -0.33204
0.22899 -0.01316 -0.33254
0.22911 -0.01107 -0.33322
0.22951 -0.00896 -0.33367
0.22993 -0.00687 -0.33421
0.23065 -0.00483 -0.33462
0.2315 -0.0028 -0.33504
0.23213 -0.00054 -0.33543
0.23177 0.00183 -0.33523
0.23108 0.00387 -0.33455
0.23059 0.00597 -0.33426
0.22999 0.00809 -0.33421
0.22935 0.01019 -0.33435
0.22871 0.01232 -0.33435
0.22827 0.0145 -0.33423
0.2278 0.01666 -0.33398
0.22708 0.01874 -0.33366
0.22678 0.02084 -0.33311
0.22676 0.02299 -0.33266
0.22639 0.02512 -0.33226
0.22596 0.02724 -0.33229
0.22611 0.02934 -0.3327
0.22686 0.03134 -0.33322
0.22778 0.03345 -0.33348
0.22802 0.03582 -0.3333
0.22771 0.0381 -0.33282
0.22706 0.04014 -0.33198
0.22626 0.04193 -0.33097
0.22575 0.04397 -0.33051
0.22566 0.04614 -0.33075
0.22539 0.04833 -0.331
0.22518 0.05054 -0.33107
0.22516 0.05276 -0.33088
0.22513 0.05491 -0.33035
0.22545 0.05709 -0.33011
0.22544 0.05929 -0.3297
0.22513 0.06145 -0.3293
0.22489 0.06362 -0.32902
0.22488 0.06581 -0.32886
0.22511 0.06799 -0.32862
0.22529 0.07019 -0.32854
0.22536 0.0724 -0.32844
0.22548 0.07461 -0.32844
0.22545 0.07682 -0.32847
0.22532 0.07903 -0.32854
0.22526 0.08124 -0.32862
0.22541 0.08342 -0.32897
0.2254 0.08562 -0.32919
0.22547 0.08784 -0.32928
0.22554 0.09005 -0.32917
0.22592 0.09222 -0.32943
0.22632 0.09436 -0.32984
0.22632 0.09656 -0.32975
0.22637 0.09874 -0.32937
0.22641 0.10093 -0.32903
0.2266 0.10312 -0.32876
0.22682 0.10525 -0.32821
0.22717 0.10742 -0.3279
0.22731 0.10964 -0.3275
0.22776 0.11186 -0.32761
0.2283 0.11404 -0.32776
0.22908 0.11615 -0.3282
0.23013 0.11806 -0.3289
0.2314 0.11974 -0.32976
0.23297 0.12098 -0.33082
0.23454 0.12221 -0.3318
0.23618 0.12339 -0.33291
0.23721 0.1252 -0.33395
0.23741 0.12734 -0.33485
0.23745 0.12951 -0.33551
0.2375 0.13173 -0.33585
0.23755 0.13396 -0.33607
0.23743 0.13619 -0.33617
0.2372 0.13841 -0.33617
0.2369 0.14064 -0.33616
0.23648 0.14287 -0.33598
0.23578 0.14501 -0.33536
0.23508 0.14674 -0.33398
0.23465 0.1481 -0.33221
0.23402 0.14945 -0.33054
0.23308 0.15113 -0.32938
0.23237 0.15311 -0.32859
0.23201 0.15522 -0.32801
0.23215 0.15738 -0.32756
0.23249 0.15956 -0.32714
0.23198 0.16149 -0.32605
0.23066 0.16246 -0.32449
0.22944 0.16357 -0.323
0.22853 0.16509 -0.32155
0.22797 0.16716 -0.32078
0.22754 0.16928 -0.32026
0.22504 0.16949 -0.32081
0.2282 -0.02598 -0.32947
0.23002 -0.02352 -0.32837
0.23008 -0.02552 -0.32748
0.22802 -0.02392 -0.33024
0.23021 -0.02144 -0.32905
0.23052 -0.01931 -0.32956
0.23095 -0.01719 -0.33007
0.23119 -0.01503 -0.3305
0.23124 -0.01288 -0.33094
0.23138 -0.01082 -0.33165
0.2318 -0.00871 -0.33213
0.23216 -0.00659 -0.33261
0.23289 -0.00455 -0.33298
0.23368 -0.00243 -0.33327
0.23398 -5e-05 -0.33328
0.23332 0.00217 -0.33286
0.23252 0.00414 -0.33216
0.23206 0.00626 -0.33191
0.23172 0.00841 -0.33206
0.23137 0.01057 -0.33246
0.23073 0.01271 -0.33247
0.2303 0.01489 -0.33237
0.22981 0.01705 -0.33206
0.22916 0.01916 -0.33181
0.22879 0.02123 -0.33118
0.22851 0.02328 -0.33047
0.22819 0.0254 -0.33012
0.2278 0.02751 -0.33019
0.22788 0.02963 -0.33055
0.22862 0.03166 -0.33104
0.22945 0.03385 -0.33119
0.2295 0.03622 -0.33089
0.22894 0.03844 -0.3303
0.2281 0.04031 -0.3294
0.22756 0.0422 -0.32854
0.2275 0.04433 -0.32838
0.22767 0.04645 -0.32885
0.22758 0.04866 -0.32929
0.22737 0.05092 -0.32935
0.22719 0.05311 -0.32894
0.22727 0.05526 -0.3285
0.22726 0.0574 -0.32797
0.22716 0.05956 -0.32752
0.22694 0.06173 -0.32719
0.22667 0.06389 -0.32689
0.22676 0.06605 -0.32682
0.22725 0.0682 -0.32682
0.22746 0.07039 -0.3268
0.22767 0.07258 -0.32691
0.22788 0.07479 -0.32706
0.22777 0.07701 -0.32698
0.22761 0.0792 -0.327
0.22756 0.0814 -0.32707
0.22761 0.08359 -0.32726
0.22787 0.08571 -0.32786
0.22808 0.08795 -0.32819
0.22779 0.09015 -0.32752
0.228 0.09237 -0.32757
0.22853 0.09448 -0.32815
0.22853 0.09669 -0.32806
0.22849 0.09884 -0.32754
0.22859 0.10104 -0.32729
0.22878 0.10322 -0.32703
0.22909 0.10537 -0.32663
0.22947 0.10753 -0.32638
0.22969 0.10973 -0.3261
0.23007 0.11194 -0.3261
0.23061 0.11409 -0.32625
0.23118 0.11627 -0.32643
0.23208 0.11829 -0.32699
0.23322 0.1201 -0.32776
0.23471 0.12149 -0.32877
0.23634 0.12263 -0.32977
0.23803 0.12383 -0.33075
0.23905 0.12564 -0.33176
0.23928 0.12769 -0.33274
0.23955 0.12973 -0.33364
0.23973 0.13191 -0.33415
0.23984 0.1341 -0.33449
0.2399 0.13629 -0.33488
0.23979 0.13851 -0.33515
0.23954 0.14073 -0.3353
0.23918 0.14297 -0.33531
0.23855 0.14519 -0.33501
0.23779 0.14725 -0.33417
0.23725 0.14879 -0.3325
0.23666 0.15 -0.33071
0.23573 0.15118 -0.32905
0.23493 0.15297 -0.32794
0.23458 0.15513 -0.32746
0.23474 0.1573 -0.32713
0.23507 0.15948 -0.32676
0.23456 0.16145 -0.32574
0.23324 0.16245 -0.3242
0.232 0.16338 -0.32259
0.23108 0.16486 -0.32113
0.23048 0.16689 -0.32029
0.23004 0.16902 -0.31981
0.23002 -0.02762 -0.32686
0.23188 -0.02535 -0.32541
0.23178 -0.02743 -0.32476
0.2319 -0.02339 -0.32635
0.23218 -0.02136 -0.32712
0.23265 -0.01932 -0.32781
0.23317 -0.01723 -0.32841
0.23335 -0.01504 -0.32876
0.2334 -0.01289 -0.32919
0.23352 -0.01084 -0.32985
0.23416 -0.00885 -0.3306
0.23453 -0.00666 -0.33107
0.23481 -0.00444 -0.33092
0.23516 -0.00224 -0.33083
0.23536 1e-05 -0.33079
0.23499 0.00225 -0.33065
0.23446 0.00435 -0.33022
0.23413 0.00649 -0.33012
0.23378 0.00866 -0.33026
0.23321 0.01077 -0.33038
0.23293 0.01294 -0.33069
0.23269 0.01521 -0.33075
0.23205 0.01733 -0.33027
0.23125 0.01936 -0.3299
0.23093 0.02147 -0.32934
0.23059 0.02348 -0.32857
0.23027 0.02555 -0.32823
0.22994 0.02764 -0.32836
0.23003 0.02976 -0.32874
0.23041 0.03193 -0.3289
0.23089 0.03419 -0.32877
0.2308 0.03648 -0.32841
0.23019 0.03862 -0.32783
0.22946 0.04053 -0.32701
0.22935 0.04259 -0.32647
0.22943 0.04472 -0.32643
0.22956 0.04684 -0.32682
0.22987 0.049 -0.32758
0.22956 0.05137 -0.32752
0.229 0.05342 -0.32678
0.22891 0.05552 -0.32622
0.22899 0.05766 -0.32578
0.22896 0.05982 -0.32538
0.22872 0.06199 -0.32504
0.22843 0.06413 -0.32474
0.22842 0.0663 -0.32458
0.22879 0.06845 -0.32447
0.22922 0.07058 -0.32463
0.22984 0.07263 -0.32514
0.23034 0.07481 -0.32566
0.23011 0.07706 -0.32546
0.22989 0.07924 -0.32541
0.22995 0.08142 -0.32562
0.22986 0.08361 -0.32563
0.23018 0.08571 -0.32626
0.23037 0.08795 -0.32651
0.23009 0.09013 -0.32594
0.2303 0.09234 -0.32597
0.23051 0.09452 -0.32616
0.23081 0.09667 -0.32646
0.23101 0.09885 -0.32629
0.23098 0.101 -0.32583
0.23109 0.10317 -0.32549
0.23137 0.10531 -0.32506
0.23161 0.10747 -0.32464
0.23191 0.10966 -0.3245
0.23225 0.11183 -0.32444
0.23255 0.11404 -0.3243
0.23303 0.11625 -0.32438
0.23381 0.11835 -0.32482
0.23483 0.12024 -0.32552
0.23603 0.12194 -0.3264
0.23746 0.12334 -0.32735
0.23898 0.12469 -0.32824
0.24026 0.12619 -0.3293
0.24085 0.12801 -0.33049
0.24126 0.12997 -0.33147
0.2417 0.13203 -0.33219
0.242 0.13417 -0.33273
0.24219 0.13631 -0.33327
0.24221 0.13849 -0.33375
0.24207 0.14071 -0.3341
0.24178 0.14294 -0.33425
0.24129 0.14519 -0.33426
0.24062 0.1474 -0.33382
0.23998 0.1494 -0.33268
0.23926 0.15068 -0.33084
0.23837 0.15161 -0.32902
0.23754 0.15295 -0.32742
0.23714 0.15508 -0.32682
0.23731 0.15726 -0.32654
0.23766 0.15943 -0.32622
0.23717 0.16155 -0.32548
0.23582 0.16275 -0.32408
0.23458 0.16361 -0.32245
0.23364 0.1648 -0.3208
0.23297 0.16668 -0.31974
0.23176 -0.02958 -0.32445
0.2338 -0.02724 -0.32292
0.23388 -0.02941 -0.32274
0.23385 -0.02515 -0.32351
0.23393 -0.02324 -0.32451
0.23442 -0.02136 -0.32552
0.23495 -0.01933 -0.32627
0.23534 -0.01718 -0.32669
0.2356 -0.01503 -0.32712
0.23563 -0.01288 -0.32755
0.23569 -0.01079 -0.32811
0.23615 -0.0087 -0.32857
0.23647 -0.00649 -0.32895
0.23653 -0.00426 -0.3287
0.23655 -0.00208 -0.32844
0.23659 9e-05 -0.32832
0.23666 0.00225 -0.32845
0.23686 0.00445 -0.32873
0.23657 0.00669 -0.32877
0.23611 0.00884 -0.32877
0.23558 0.01101 -0.32892
0.23489 0.01311 -0.32867
0.23433 0.01521 -0.32832
0.23372 0.01724 -0.3279
0.23337 0.0194 -0.32789
0.23311 0.02158 -0.32739
0.23256 0.02349 -0.32652
0.23236 0.02559 -0.32634
0.23207 0.0277 -0.32649
0.23208 0.02983 -0.32676
0.23246 0.03207 -0.3269
0.2323 0.03429 -0.32636
0.23197 0.03645 -0.32588
0.2317 0.0386 -0.32553
0.23146 0.0407 -0.32511
0.23149 0.04279 -0.32474
0.23157 0.04494 -0.32469
0.23157 0.0471 -0.3249
0.23155 0.04933 -0.32527
0.2312 0.05156 -0.32515
0.2308 0.05365 -0.32462
0.23076 0.05577 -0.32414
0.23063 0.05788 -0.32353
0.23053 0.06001 -0.32306
0.23029 0.06214 -0.32272
0.23021 0.0643 -0.3226
0.23026 0.06646 -0.32251
0.23054 0.06861 -0.32233
0.2311 0.07071 -0.3226
0.23167 0.07278 -0.32302
0.23229 0.07487 -0.32355
0.23221 0.07712 -0.3236
0.23203 0.0793 -0.32362
0.23192 0.08149 -0.32363
0.23194 0.08367 -0.32378
0.23229 0.08576 -0.32441
0.23232 0.08798 -0.32446
0.2322 0.09019 -0.32411
0.23268 0.09233 -0.32452
0.23293 0.09449 -0.32475
0.23319 0.09665 -0.32501
0.23364 0.09883 -0.32529
0.23343 0.10093 -0.32453
0.23331 0.10302 -0.32384
0.2335 0.10516 -0.3233
0.23381 0.10732 -0.32298
0.23406 0.1095 -0.32278
0.2343 0.11167 -0.3226
0.23456 0.11387 -0.32234
0.23506 0.11607 -0.3224
0.23569 0.11821 -0.3227
0.23646 0.12027 -0.32319
0.23732 0.12222 -0.32388
0.23844 0.12396 -0.32478
0.23979 0.12547 -0.3257
0.24117 0.12683 -0.32677
0.24222 0.12826 -0.32811
0.2429 0.13006 -0.32925
0.24342 0.13208 -0.33002
0.24385 0.13415 -0.33065
0.24419 0.13623 -0.33131
0.2444 0.13834 -0.33197
0.24439 0.14054 -0.33247
0.24414 0.14278 -0.33269
0.24372 0.14499 -0.33279
0.24326 0.14722 -0.33271
0.24277 0.14942 -0.33197
0.24199 0.15122 -0.33061
0.24097 0.15216 -0.32877
0.24013 0.15323 -0.32701
0.23965 0.15516 -0.32605
0.23981 0.15732 -0.32569
0.24016 0.15946 -0.32529
0.23976 0.16166 -0.3247
0.23834 0.16296 -0.32341
0.23708 0.16397 -0.32191
0.23613 0.16505 -0.32021
0.23539 0.16672 -0.31889
0.23399 -0.03156 -0.32242
0.23613 -0.0299 -0.32128
0.23632 -0.03204 -0.32108
0.23611 -0.02774 -0.32155
0.23596 -0.02559 -0.32183
0.23595 -0.02362 -0.3227
0.23643 -0.02174 -0.32366
0.23712 -0.0198 -0.32456
0.23734 -0.01758 -0.32479
0.23775 -0.01551 -0.32541
0.23786 -0.01337 -0.32595
0.23777 -0.0112 -0.32632
0.23786 -0.00901 -0.3264
0.23794 -0.00682 -0.32659
0.23807 -0.00463 -0.32642
0.23808 -0.00246 -0.32619
0.23809 -0.0003 -0.32607
0.2382 0.00183 -0.32619
0.23861 0.00391 -0.32652
0.23914 0.00608 -0.32734
0.23859 0.00836 -0.32736
0.23802 0.01058 -0.32745
0.23713 0.01267 -0.32703
0.23606 0.01446 -0.32628
0.23531 0.01638 -0.32575
0.23478 0.01846 -0.32557
0.23459 0.02057 -0.3251
0.23458 0.02267 -0.32467
0.23449 0.02483 -0.32463
0.23408 0.02697 -0.32465
0.2338 0.0291 -0.32465
0.23381 0.03128 -0.32454
0.23369 0.03344 -0.32411
0.23364 0.03561 -0.32386
0.23354 0.03777 -0.32367
0.23352 0.03991 -0.32344
0.23369 0.04204 -0.32321
0.23378 0.04421 -0.32316
0.23364 0.04641 -0.3232
0.23326 0.04861 -0.32321
0.23277 0.05074 -0.32298
0.23255 0.05285 -0.32258
0.23256 0.05499 -0.32215
0.23263 0.05719 -0.3217
0.23213 0.0592 -0.32094
0.23172 0.06126 -0.3205
0.2317 0.06341 -0.32042
0.23185 0.06557 -0.32042
0.23235 0.06767 -0.32046
0.23292 0.06977 -0.32072
0.23315 0.07195 -0.32084
0.2334 0.0741 -0.32109
0.23385 0.07621 -0.32153
0.23391 0.07838 -0.32181
0.23397 0.08056 -0.32202
0.23393 0.08274 -0.32209
0.23394 0.08491 -0.32232
0.2341 0.08708 -0.32251
0.2344 0.08923 -0.32267
0.23468 0.0914 -0.3228
0.23497 0.09353 -0.32313
0.23525 0.09568 -0.32343
0.23576 0.09781 -0.32375
0.23577 0.09999 -0.32336
0.23546 0.10199 -0.32243
0.23558 0.10411 -0.32179
0.23587 0.10628 -0.32143
0.23606 0.10844 -0.32116
0.23626 0.11063 -0.3209
0.23671 0.11279 -0.32088
0.23715 0.11494 -0.32085
0.23761 0.11711 -0.32086
0.23827 0.11922 -0.32121
0.23892 0.12127 -0.32165
0.23965 0.12328 -0.32225
0.2405 0.12523 -0.32294
0.24161 0.12685 -0.32402
0.24275 0.12814 -0.32541
0.24386 0.12956 -0.3267
0.24469 0.1314 -0.32766
0.24517 0.13346 -0.32833
0.24555 0.13552 -0.329
0.24585 0.13759 -0.32969
0.24601 0.1397 -0.33031
0.24604 0.14188 -0.33083
0.24577 0.14409 -0.33112
0.24547 0.14631 -0.3312
0.24524 0.14856 -0.3308
0.2447 0.15066 -0.3299
0.24369 0.15221 -0.32848
0.24279 0.15339 -0.32684
0.24216 0.15485 -0.32535
0.24209 0.15684 -0.32448
0.24226 0.1589 -0.32378
0.24194 0.16103 -0.32322
0.24082 0.16286 -0.32249
0.23955 0.16414 -0.32117
0.23859 0.16529 -0.31955
0.23852 -0.03076 -0.32024
0.23879 -0.03288 -0.32021
0.23843 -0.0286 -0.32037
0.23834 -0.02647 -0.32074
0.23807 -0.02438 -0.32114
0.23832 -0.02235 -0.32176
0.23876 -0.02031 -0.32235
0.23923 -0.01824 -0.32287
0.23956 -0.01615 -0.32338
0.23981 -0.01408 -0.32405
0.23989 -0.01195 -0.32468
0.23987 -0.00971 -0.32467
0.23959 -0.00754 -0.32453
0.23958 -0.0054 -0.32426
0.2397 -0.00325 -0.32412
0.23979 -0.0011 -0.32407
0.23989 0.00105 -0.32417
0.24003 0.00319 -0.32422
0.24031 0.00528 -0.32469
0.24082 0.00745 -0.32548
0.24025 0.00981 -0.32561
0.23941 0.01198 -0.32535
0.23819 0.01375 -0.32461
0.23749 0.01571 -0.32417
0.23676 0.0177 -0.32381
0.23642 0.01972 -0.3232
0.23632 0.02176 -0.32267
0.23632 0.0239 -0.32265
0.23605 0.02609 -0.32282
0.23555 0.02821 -0.32266
0.23541 0.03032 -0.32249
0.2356 0.03247 -0.32235
0.23552 0.03463 -0.32208
0.23553 0.03678 -0.32202
0.2356 0.03895 -0.32189
0.23577 0.0411 -0.32164
0.23585 0.04326 -0.32158
0.23565 0.04546 -0.32158
0.2352 0.04763 -0.32156
0.23467 0.04974 -0.32126
0.2343 0.05179 -0.32068
0.23443 0.05392 -0.32033
0.23443 0.0561 -0.31982
0.23375 0.05806 -0.31897
0.23329 0.0601 -0.31852
0.23334 0.06225 -0.31852
0.23344 0.0644 -0.31848
0.23395 0.06649 -0.31851
0.23442 0.06861 -0.31869
0.2346 0.07078 -0.3188
0.23484 0.07292 -0.31905
0.23507 0.07506 -0.31932
0.23537 0.07715 -0.31978
0.23581 0.07921 -0.32041
0.23604 0.08137 -0.32082
0.23582 0.08358 -0.32074
0.2361 0.08569 -0.32112
0.23649 0.0878 -0.32147
0.23683 0.08993 -0.32175
0.23693 0.0921 -0.32174
0.237 0.09428 -0.32178
0.23727 0.09643 -0.32181
0.23757 0.09857 -0.32177
0.23757 0.10067 -0.32121
0.23775 0.10278 -0.32064
0.23802 0.10492 -0.32028
0.23818 0.10707 -0.31997
0.23834 0.10924 -0.31962
0.23873 0.11141 -0.31953
0.23926 0.11354 -0.31965
0.23978 0.11565 -0.31974
0.24028 0.11778 -0.31979
0.24082 0.11988 -0.32004
0.24136 0.12198 -0.32037
0.24196 0.12405 -0.32075
0.24243 0.12615 -0.32137
0.24314 0.12787 -0.32266
0.24428 0.12924 -0.32399
0.24547 0.13074 -0.32508
0.24636 0.13257 -0.32599
0.24673 0.13465 -0.32666
0.24691 0.13674 -0.32729
0.24713 0.13881 -0.32794
0.24738 0.14088 -0.3286
0.2475 0.14301 -0.32922
0.24732 0.14523 -0.32943
0.24718 0.14745 -0.32915
0.2469 0.14961 -0.32852
0.24624 0.15157 -0.32757
0.2454 0.15315 -0.32624
0.24474 0.15461 -0.32476
0.24434 0.15616 -0.3233
0.24408 0.15796 -0.32209
0.2436 0.15997 -0.32143
0.24275 0.1619 -0.32094
0.24182 0.16362 -0.32002
0.24105 0.16528 -0.31885
0.24107 -0.03135 -0.31935
0.24134 -0.03349 -0.31929
0.24094 -0.0292 -0.31936
0.24073 -0.02707 -0.31948
0.24042 -0.02498 -0.31984
0.24045 -0.02285 -0.32011
0.24073 -0.02076 -0.32051
0.24117 -0.01869 -0.32097
0.24158 -0.01665 -0.32157
0.2418 -0.01458 -0.32219
0.2419 -0.01248 -0.32281
0.24209 -0.01024 -0.32309
0.24154 -0.00809 -0.32269
0.24141 -0.00598 -0.32232
0.24149 -0.00386 -0.32216
0.24167 -0.00172 -0.32218
0.24174 0.00045 -0.32223
0.24177 0.00261 -0.32218
0.24163 0.00475 -0.3223
0.24171 0.00688 -0.3227
0.24149 0.0091 -0.32303
0.24095 0.01127 -0.323
0.24035 0.01337 -0.32278
0.23986 0.01551 -0.32259
0.23886 0.0174 -0.322
0.23856 0.01942 -0.32146
0.23845 0.02144 -0.32088
0.23829 0.02355 -0.32067
0.23801 0.02571 -0.3208
0.23751 0.02783 -0.32067
0.2372 0.0299 -0.32038
0.23739 0.03199 -0.32023
0.23758 0.03413 -0.32024
0.23777 0.03625 -0.32037
0.23807 0.0384 -0.32061
0.23821 0.04058 -0.32041
0.23829 0.04275 -0.32042
0.2381 0.04497 -0.32046
0.23757 0.04716 -0.32028
0.23698 0.04926 -0.31978
0.23635 0.05112 -0.31889
0.2361 0.05312 -0.31822
0.23602 0.05523 -0.31766
0.23551 0.05724 -0.31698
0.23524 0.05932 -0.3167
0.23525 0.06145 -0.31668
0.23534 0.06359 -0.31663
0.23573 0.06571 -0.31655
0.23612 0.06782 -0.31667
0.23637 0.06996 -0.31686
0.23655 0.07211 -0.31705
0.23685 0.07422 -0.31739
0.23718 0.07629 -0.31789
0.23752 0.07838 -0.31837
0.23785 0.08047 -0.31887
0.23789 0.08263 -0.31913
0.23825 0.08468 -0.31963
0.23883 0.08663 -0.3204
0.23924 0.08876 -0.32089
0.2393 0.09098 -0.32076
0.23899 0.0931 -0.32021
0.23907 0.09528 -0.32
0.2394 0.09743 -0.32
0.23974 0.09955 -0.31989
0.24005 0.10165 -0.31956
0.24027 0.10377 -0.31915
0.24044 0.10592 -0.31883
0.24068 0.10808 -0.31861
0.24107 0.11022 -0.3185
0.2415 0.11236 -0.31844
0.24204 0.11446 -0.31863
0.24262 0.11653 -0.31888
0.24303 0.11865 -0.31883
0.24341 0.12079 -0.31886
0.24386 0.12291 -0.31903
0.24416 0.12505 -0.3194
0.24422 0.12719 -0.32011
0.24487 0.129 -0.32127
0.24606 0.1305 -0.32239
0.24724 0.13205 -0.3234
0.24804 0.1339 -0.32434
0.2483 0.13598 -0.32505
0.24839 0.13808 -0.32563
0.24855 0.14015 -0.32622
0.24886 0.14218 -0.32696
0.24896 0.14434 -0.32742
0.24888 0.14656 -0.32723
0.24871 0.1487 -0.3267
0.2482 0.15069 -0.32588
0.24764 0.15252 -0.32485
0.24711 0.15423 -0.32362
0.2467 0.15582 -0.3222
0.24638 0.15751 -0.32089
0.24571 0.15937 -0.31999
0.24473 0.1612 -0.31939
0.24399 0.16311 -0.31872
0.24181 -0.03557 -0.31908
0.24385 -0.03326 -0.3181
0.24431 -0.03535 -0.31791
0.24359 -0.03113 -0.31817
0.24334 -0.02899 -0.318
0.24309 -0.02687 -0.31806
0.24281 -0.0248 -0.31848
0.24284 -0.02267 -0.31878
0.24316 -0.02061 -0.31926
0.24361 -0.01855 -0.31975
0.24387 -0.01643 -0.32007
0.244 -0.01433 -0.32055
0.24392 -0.0122 -0.32092
0.2442 -0.01001 -0.32128
0.24372 -0.00785 -0.32101
0.2435 -0.00577 -0.32055
0.24362 -0.00364 -0.32046
0.24367 -0.00149 -0.3203
0.24361 0.00066 -0.32021
0.2436 0.00281 -0.32012
0.2434 0.00495 -0.32019
0.2431 0.00707 -0.32033
0.24287 0.00919 -0.32063
0.24271 0.01139 -0.32084
0.24214 0.01353 -0.3206
0.24159 0.01561 -0.3203
0.24108 0.01774 -0.32027
0.24067 0.01974 -0.31959
0.24059 0.02176 -0.31903
0.24035 0.02387 -0.31873
0.23972 0.02592 -0.31855
0.23932 0.02799 -0.31853
0.23913 0.03007 -0.31838
0.23936 0.03216 -0.31825
0.23968 0.03425 -0.31834
0.23986 0.03635 -0.31845
0.24032 0.03838 -0.31885
0.24083 0.04049 -0.31922
0.24101 0.04274 -0.3194
0.24086 0.04505 -0.31949
0.24027 0.04741 -0.31918
0.23915 0.04911 -0.31798
0.23831 0.05072 -0.31692
0.23803 0.05267 -0.31623
0.2377 0.05467 -0.31554
0.23747 0.05672 -0.31509
0.23724 0.05882 -0.31484
0.23718 0.06095 -0.31475
0.2374 0.06308 -0.31486
0.23774 0.06519 -0.31473
0.23803 0.06732 -0.31475
0.23838 0.0694 -0.31506
0.23881 0.07144 -0.31562
0.23915 0.07354 -0.31602
0.23933 0.07568 -0.31627
0.23963 0.07776 -0.31671
0.23987 0.07987 -0.31708
0.24008 0.08196 -0.31753
0.2404 0.08403 -0.31796
0.24106 0.08592 -0.31878
0.24165 0.08797 -0.31951
0.24162 0.09026 -0.31932
0.24118 0.09234 -0.31866
0.24125 0.0945 -0.31843
0.24156 0.09665 -0.31842
0.24206 0.09874 -0.31859
0.24247 0.10084 -0.31847
0.24266 0.10293 -0.318
0.2429 0.10509 -0.31781
0.24324 0.10723 -0.31789
0.24365 0.10934 -0.31787
0.24406 0.11145 -0.31772
0.2445 0.11357 -0.31763
0.245 0.11566 -0.31775
0.24544 0.11776 -0.31779
0.24573 0.11988 -0.31765
0.24601 0.12202 -0.31751
0.24619 0.12418 -0.31772
0.24614 0.1263 -0.31824
0.24621 0.12842 -0.31885
0.24677 0.1304 -0.31968
0.24782 0.13207 -0.32068
0.2489 0.13366 -0.3217
0.24971 0.13544 -0.32273
0.24988 0.13753 -0.32341
0.24989 0.13964 -0.32392
0.25012 0.14166 -0.32461
0.25045 0.14371 -0.32525
0.25067 0.14591 -0.32534
0.25049 0.14806 -0.32483
0.24978 0.1499 -0.32387
0.24929 0.15176 -0.3229
0.24905 0.15366 -0.32191
0.24889 0.15548 -0.32079
0.24859 0.15721 -0.31953
0.24787 0.15899 -0.31857
0.24687 0.16082 -0.31796
0.2462 0.1628 -0.31742
0.24687 -0.03664 -0.31654
0.24666 -0.03452 -0.31664
0.24614 -0.03245 -0.31672
0.2458 -0.03035 -0.31668
0.24569 -0.02823 -0.31679
0.24546 -0.02611 -0.31689
0.24522 -0.02405 -0.31737
0.24539 -0.02202 -0.31797
0.24576 -0.01999 -0.31856
0.24618 -0.01792 -0.31899
0.24641 -0.01578 -0.31923
0.24641 -0.01363 -0.31944
0.24617 -0.01148 -0.31949
0.24605 -0.00934 -0.3193
0.24584 -0.00721 -0.31933
0.24586 -0.00507 -0.31922
0.24577 -0.00296 -0.31882
0.24566 -0.00086 -0.31848
0.24553 0.00126 -0.31829
0.2454 0.00339 -0.31808
0.24511 0.00551 -0.31807
0.24474 0.00757 -0.31818
0.24446 0.00966 -0.31843
0.24432 0.01183 -0.31862
0.24388 0.01398 -0.31847
0.24354 0.01611 -0.31831
0.24306 0.01824 -0.31822
0.24265 0.02024 -0.31758
0.24248 0.02224 -0.31693
0.24214 0.0243 -0.31656
0.24153 0.02631 -0.31647
0.24113 0.02836 -0.31646
0.24115 0.03046 -0.31651
0.2413 0.03256 -0.31629
0.24153 0.03462 -0.31626
0.2419 0.03663 -0.31653
0.24253 0.03861 -0.317
0.24322 0.04071 -0.31737
0.24345 0.04302 -0.31755
0.24314 0.04538 -0.31742
0.24228 0.04755 -0.31688
0.24107 0.04918 -0.31587
0.24009 0.05068 -0.31475
0.23972 0.05258 -0.31402
0.23961 0.05461 -0.31357
0.23952 0.0567 -0.31327
0.23947 0.05882 -0.31323
0.23945 0.06095 -0.31317
0.23959 0.06306 -0.31316
0.23996 0.06514 -0.31308
0.24043 0.06719 -0.31339
0.2408 0.06926 -0.31373
0.24124 0.07128 -0.31425
0.24157 0.07337 -0.31466
0.24169 0.07551 -0.31485
0.24201 0.07756 -0.31535
0.24225 0.07967 -0.3157
0.24236 0.08179 -0.31596
0.24255 0.08391 -0.31618
0.24298 0.08594 -0.3167
0.24349 0.08794 -0.31732
0.24358 0.09012 -0.31732
0.24327 0.09222 -0.31681
0.24352 0.09437 -0.31681
0.24391 0.09649 -0.31694
0.24444 0.09854 -0.31718
0.24495 0.10061 -0.31725
0.24527 0.10272 -0.31707
0.24559 0.10484 -0.31714
0.24594 0.10694 -0.31733
0.24636 0.10903 -0.31736
0.2468 0.11111 -0.31728
0.24723 0.1132 -0.31712
0.24765 0.11528 -0.31696
0.24802 0.11738 -0.31684
0.24828 0.11949 -0.31662
0.2485 0.1216 -0.31635
0.24852 0.12376 -0.31629
0.24835 0.12589 -0.31661
0.24828 0.12801 -0.31698
0.24843 0.13016 -0.31738
0.24889 0.13221 -0.31808
0.24974 0.13397 -0.31907
0.2507 0.13558 -0.32014
0.25142 0.13736 -0.32114
0.25172 0.13936 -0.32192
0.25181 0.14142 -0.32251
0.25209 0.14345 -0.32313
0.25252 0.14558 -0.32344
0.25245 0.14778 -0.32308
0.25163 0.14952 -0.322
0.25101 0.15128 -0.32091
0.25091 0.15327 -0.32006
0.25094 0.15521 -0.31916
0.25073 0.157 -0.31802
0.25004 0.15881 -0.31713
0.24905 0.16063 -0.31654
0.24974 -0.03997 -0.31536
0.24738 -0.03868 -0.31676
0.24944 -0.03789 -0.31507
0.24903 -0.03581 -0.315
0.24876 -0.03372 -0.31499
0.24833 -0.03167 -0.31521
0.24815 -0.0296 -0.31549
0.24821 -0.02752 -0.31599
0.24801 -0.0254 -0.31614
0.24777 -0.02336 -0.31656
0.24805 -0.0214 -0.31725
0.24844 -0.0194 -0.31785
0.24886 -0.01731 -0.31829
0.24907 -0.01515 -0.31854
0.24901 -0.01294 -0.3186
0.24858 -0.01081 -0.31825
0.24819 -0.00881 -0.31762
0.2479 -0.00675 -0.3175
0.2479 -0.00464 -0.31729
0.24785 -0.00251 -0.31698
0.24767 -0.00042 -0.31658
0.24744 0.00165 -0.3163
0.24728 0.00375 -0.31609
0.24687 0.00582 -0.31599
0.24649 0.00787 -0.31609
0.24622 0.00993 -0.31633
0.24613 0.01209 -0.31657
0.24594 0.01434 -0.31657
0.24527 0.01633 -0.31603
0.24475 0.01834 -0.31586
0.24455 0.0204 -0.31537
0.24428 0.02238 -0.31467
0.24397 0.02438 -0.31437
0.24358 0.02643 -0.31452
0.24323 0.02849 -0.3146
0.24322 0.03059 -0.31463
0.24339 0.03271 -0.31446
0.2434 0.03477 -0.3142
0.2438 0.03679 -0.31443
0.24431 0.03884 -0.31469
0.2448 0.04095 -0.31482
0.24517 0.04322 -0.31502
0.24467 0.04553 -0.31481
0.24372 0.04756 -0.3143
0.24266 0.04927 -0.31348
0.24188 0.05095 -0.31261
0.24162 0.05289 -0.31204
0.24177 0.05496 -0.31189
0.24187 0.05707 -0.31186
0.24195 0.05923 -0.31201
0.24174 0.06133 -0.31163
0.24178 0.06341 -0.31149
0.24234 0.06542 -0.31169
0.24289 0.06744 -0.31208
0.24323 0.06953 -0.31237
0.24339 0.07165 -0.3125
0.2438 0.07366 -0.31301
0.24415 0.07567 -0.3136
0.24459 0.07762 -0.31434
0.24492 0.07973 -0.31484
0.24483 0.0819 -0.31467
0.24481 0.08403 -0.31453
0.24519 0.08607 -0.315
0.24576 0.08807 -0.3157
0.24571 0.09025 -0.31554
0.2455 0.09239 -0.31511
0.24587 0.0945 -0.31531
0.2463 0.09657 -0.31552
0.24674 0.09865 -0.31564
0.2473 0.10069 -0.3158
0.24789 0.1027 -0.31617
0.24825 0.10478 -0.31644
0.24863 0.10685 -0.31673
0.2491 0.1089 -0.31695
0.24955 0.11096 -0.31695
0.24999 0.11302 -0.3168
0.25039 0.11507 -0.31649
0.25067 0.11713 -0.31607
0.25089 0.11922 -0.31576
0.25106 0.1213 -0.31538
0.25096 0.12341 -0.31503
0.2507 0.12555 -0.31522
0.25063 0.12766 -0.31554
0.25076 0.12977 -0.31583
0.25092 0.1319 -0.3161
0.25126 0.13396 -0.31669
0.25186 0.13581 -0.31764
0.25266 0.1375 -0.3187
0.25336 0.13925 -0.31972
0.25372 0.14118 -0.32058
0.25399 0.14319 -0.32124
0.25444 0.1453 -0.32159
0.25442 0.1475 -0.32129
0.25366 0.14932 -0.3203
0.25322 0.1512 -0.31936
0.25322 0.15324 -0.31873
0.25323 0.15513 -0.31782
0.25308 0.157 -0.31683
0.2524 0.15882 -0.31599
0.25142 0.16062 -0.31544
0.25194 -0.03974 -0.31368
0.25176 -0.03764 -0.31356
0.25129 -0.03559 -0.3134
0.25093 -0.03351 -0.31327
0.25061 -0.03147 -0.31365
0.25064 -0.02948 -0.31429
0.2509 -0.02751 -0.31522
0.25076 -0.02528 -0.3155
0.25014 -0.02323 -0.31508
0.25025 -0.0212 -0.31543
0.2507 -0.01928 -0.31601
0.25131 -0.01732 -0.31662
0.25162 -0.01516 -0.31705
0.25148 -0.01291 -0.31708
0.25099 -0.01079 -0.31677
0.25051 -0.00881 -0.31609
0.25001 -0.00681 -0.31571
0.24974 -0.0048 -0.31519
0.24979 -0.00269 -0.31497
0.2496 -0.0006 -0.31459
0.24918 0.00141 -0.31417
0.2492 0.00348 -0.31415
0.24907 0.00562 -0.3144
0.24857 0.00768 -0.31432
0.24836 0.00973 -0.31458
0.24851 0.01194 -0.31499
0.24781 0.01409 -0.31443
0.24695 0.01596 -0.3138
0.24635 0.01792 -0.31357
0.24607 0.01991 -0.313
0.2459 0.02188 -0.31239
0.24567 0.0239 -0.31217
0.24541 0.02594 -0.31241
0.2453 0.02802 -0.31272
0.24522 0.03013 -0.31271
0.24546 0.03226 -0.31264
0.24549 0.03438 -0.31243
0.2455 0.03646 -0.31225
0.24567 0.03857 -0.31225
0.24578 0.04068 -0.31216
0.24592 0.04283 -0.31223
0.24585 0.04511 -0.31225
0.2449 0.04709 -0.31177
0.2441 0.04893 -0.3111
0.24376 0.05092 -0.31057
0.24382 0.05297 -0.31034
0.24406 0.05503 -0.31031
0.24437 0.05714 -0.31056
0.24418 0.05931 -0.31031
0.24399 0.06139 -0.31
0.2442 0.06345 -0.31013
0.24474 0.06547 -0.31028
0.24516 0.06753 -0.31046
0.24551 0.06958 -0.31079
0.24577 0.07165 -0.31109
0.24622 0.07362 -0.3117
0.24668 0.07553 -0.31248
0.24708 0.07755 -0.31309
0.24736 0.07966 -0.31346
0.24729 0.08181 -0.31335
0.24729 0.08393 -0.31324
0.24742 0.08603 -0.31333
0.24766 0.08811 -0.31364
0.24777 0.09023 -0.31364
0.2479 0.09237 -0.31368
0.24844 0.09438 -0.3142
0.24881 0.09646 -0.31432
0.24905 0.09857 -0.31408
0.24956 0.10065 -0.31419
0.25019 0.10264 -0.31463
0.25073 0.10459 -0.31526
0.25127 0.10651 -0.31597
0.25179 0.1085 -0.31648
0.25228 0.11055 -0.31672
0.25273 0.11261 -0.31669
0.25313 0.11466 -0.31639
0.25338 0.11665 -0.31574
0.25349 0.11865 -0.31505
0.25359 0.12069 -0.3145
0.25343 0.12276 -0.31401
0.25307 0.12489 -0.31399
0.25299 0.127 -0.31429
0.25304 0.12913 -0.31443
0.25336 0.13118 -0.31491
0.25346 0.1333 -0.31507
0.25353 0.13541 -0.31543
0.25385 0.13741 -0.31619
0.25447 0.1392 -0.3172
0.25515 0.14091 -0.31828
0.25565 0.1428 -0.31913
0.25614 0.14486 -0.31953
0.25612 0.14702 -0.31927
0.25572 0.14903 -0.31867
0.25566 0.15112 -0.31833
0.25582 0.15324 -0.31817
0.25588 0.15531 -0.31757
0.25562 0.15694 -0.31619
0.25487 0.15861 -0.31515
0.25437 -0.04161 -0.31229
0.25439 -0.0395 -0.31237
0.25414 -0.03743 -0.31215
0.25363 -0.03539 -0.31192
0.25328 -0.03331 -0.31182
0.25284 -0.03123 -0.31202
0.25309 -0.02933 -0.31298
0.25351 -0.02734 -0.31395
0.25326 -0.02502 -0.31398
0.25219 -0.02317 -0.31321
0.2516 -0.02112 -0.31293
0.25178 -0.01902 -0.31335
0.25241 -0.01707 -0.31392
0.25307 -0.01513 -0.31452
0.25337 -0.013 -0.3149
0.25316 -0.01082 -0.31494
0.25291 -0.00868 -0.31461
0.25225 -0.00672 -0.31404
0.25173 -0.00485 -0.31328
0.25146 -0.00286 -0.31276
0.25143 -0.00078 -0.31256
0.25132 0.00131 -0.3125
0.25142 0.00338 -0.31255
0.2514 0.0055 -0.31292
0.25102 0.00765 -0.313
0.25059 0.00974 -0.31291
0.25015 0.01184 -0.31263
0.24965 0.01391 -0.31228
0.24891 0.01586 -0.31181
0.2481 0.01776 -0.31145
0.24769 0.01968 -0.31081
0.24755 0.02162 -0.31023
0.24745 0.02365 -0.31011
0.24732 0.02571 -0.31045
0.24711 0.02781 -0.3106
0.24729 0.0299 -0.31087
0.24751 0.03203 -0.31081
0.24758 0.03419 -0.31068
0.24743 0.03631 -0.31032
0.24728 0.03839 -0.31004
0.24694 0.04044 -0.30966
0.24675 0.04254 -0.30958
0.24657 0.04465 -0.30954
0.24625 0.04673 -0.30938
0.2462 0.04885 -0.3093
0.24611 0.05094 -0.30906
0.2461 0.05299 -0.30873
0.24634 0.05506 -0.30868
0.24652 0.05716 -0.30872
0.24666 0.0593 -0.30902
0.24646 0.06141 -0.30874
0.24659 0.06348 -0.30873
0.24703 0.06553 -0.30871
0.2474 0.06759 -0.30884
0.2478 0.06959 -0.30924
0.24828 0.0715 -0.30993
0.24872 0.07349 -0.31054
0.24912 0.07548 -0.31115
0.24956 0.07745 -0.31184
0.24983 0.07956 -0.31219
0.24984 0.0817 -0.31222
0.2498 0.08382 -0.31203
0.24984 0.08593 -0.31193
0.24991 0.08804 -0.31199
0.2501 0.09014 -0.3121
0.25036 0.09222 -0.31237
0.25086 0.09424 -0.31282
0.25124 0.09631 -0.31298
0.2516 0.0984 -0.31297
0.25199 0.10049 -0.31284
0.25254 0.10252 -0.31316
0.25307 0.10449 -0.31378
0.25372 0.10628 -0.31472
0.25442 0.10802 -0.31573
0.25497 0.10999 -0.31631
0.25545 0.11205 -0.31653
0.25585 0.11414 -0.31635
0.25608 0.11609 -0.31554
0.25611 0.11795 -0.31453
0.25615 0.11995 -0.31382
0.25596 0.12199 -0.31327
0.25553 0.12407 -0.31307
0.25534 0.12618 -0.31316
0.25542 0.12829 -0.31333
0.25553 0.13041 -0.31343
0.2558 0.13247 -0.31385
0.25579 0.13458 -0.31401
0.25573 0.1367 -0.31427
0.25587 0.13876 -0.31487
0.25635 0.1406 -0.31585
0.25699 0.14237 -0.31682
0.2576 0.14433 -0.31734
0.25792 0.14644 -0.3174
0.25775 0.14853 -0.31704
0.25775 0.15065 -0.31681
0.25815 0.15274 -0.31703
0.25843 0.15488 -0.31693
0.2582 0.1567 -0.31577
0.25741 0.15831 -0.31465
0.25546 -0.04473 -0.30971
0.25393 -0.04363 -0.31194
0.25611 -0.04287 -0.31037
0.25655 -0.04087 -0.31069
0.25674 -0.03883 -0.31103
0.25654 -0.03677 -0.3109
0.256 -0.03475 -0.31063
0.25561 -0.03268 -0.31045
0.25517 -0.03062 -0.31067
0.25528 -0.02861 -0.31136
0.25528 -0.02645 -0.31178
0.25449 -0.02445 -0.31139
0.25362 -0.02254 -0.31092
0.25328 -0.02042 -0.31083
0.25333 -0.01829 -0.31115
0.254 -0.01635 -0.31177
0.25469 -0.01444 -0.31239
0.25502 -0.01235 -0.31276
0.25512 -0.01017 -0.31301
0.25485 -0.00799 -0.31263
0.25392 -0.00621 -0.31184
0.25342 -0.00431 -0.31115
0.25357 -0.00222 -0.31113
0.25361 -0.00013 -0.31103
0.25363 0.00195 -0.3111
0.25384 0.00404 -0.31126
0.25387 0.00624 -0.31157
0.25335 0.00837 -0.31138
0.25287 0.01048 -0.31123
0.25202 0.01242 -0.31056
0.25117 0.01423 -0.30991
0.25073 0.01624 -0.30965
0.25005 0.01821 -0.30949
0.24964 0.02013 -0.30894
0.24974 0.02211 -0.30874
0.2498 0.02417 -0.30885
0.24963 0.02627 -0.30912
0.24944 0.02839 -0.30919
0.24947 0.03046 -0.30918
0.2499 0.03253 -0.30935
0.25011 0.03481 -0.3094
0.24957 0.03686 -0.30853
0.24902 0.03875 -0.30788
0.24855 0.04072 -0.30741
0.24851 0.0428 -0.30745
0.24851 0.04491 -0.30758
0.24854 0.04703 -0.30778
0.24846 0.04916 -0.30764
0.24834 0.05123 -0.30734
0.24848 0.05328 -0.30723
0.24869 0.05536 -0.30716
0.24885 0.05744 -0.30721
0.24897 0.05955 -0.30748
0.24897 0.06168 -0.30757
0.24903 0.06377 -0.30743
0.24949 0.06581 -0.30748
0.24974 0.06789 -0.30739
0.25021 0.06982 -0.30789
0.25084 0.07161 -0.30878
0.25142 0.07349 -0.30967
0.25176 0.07556 -0.31017
0.25207 0.07761 -0.31058
0.25237 0.07971 -0.31099
0.25233 0.08187 -0.31095
0.2522 0.08397 -0.31059
0.25224 0.08607 -0.31052
0.25235 0.08817 -0.31064
0.25268 0.09023 -0.31102
0.25282 0.09234 -0.31106
0.25305 0.09444 -0.3111
0.25352 0.09648 -0.3114
0.25407 0.0985 -0.31169
0.25452 0.10055 -0.3117
0.25506 0.10256 -0.31201
0.25555 0.10454 -0.31257
0.25613 0.10641 -0.31338
0.25694 0.10801 -0.31454
0.25763 0.10983 -0.31543
0.25816 0.11186 -0.31587
0.25859 0.11398 -0.31585
0.2588 0.11597 -0.31511
0.25884 0.11784 -0.31413
0.25881 0.11969 -0.31312
0.25853 0.12164 -0.31235
0.25802 0.12369 -0.31199
0.25773 0.1258 -0.31188
0.25776 0.12793 -0.31195
0.25792 0.13003 -0.31212
0.25801 0.13213 -0.31224
0.25806 0.13422 -0.31253
0.25802 0.13631 -0.31281
0.25801 0.1384 -0.31316
0.25813 0.14043 -0.31378
0.25863 0.14229 -0.31467
0.25935 0.14418 -0.31531
0.25974 0.14626 -0.31546
0.25984 0.14838 -0.31541
0.25982 0.15049 -0.31521
0.26023 0.15257 -0.31541
0.26064 0.15465 -0.31548
0.26065 0.15668 -0.31483
0.25474 -0.0465 -0.30876
0.25719 -0.04571 -0.30759
0.25785 -0.04391 -0.30846
0.25846 -0.04202 -0.30906
0.2591 -0.04015 -0.30975
0.25937 -0.03815 -0.31037
0.25916 -0.03604 -0.31023
0.25846 -0.03417 -0.3095
0.25793 -0.03219 -0.30903
0.25734 -0.03017 -0.30903
0.25688 -0.02813 -0.30913
0.2564 -0.02609 -0.30921
0.25584 -0.02407 -0.309
0.2554 -0.02201 -0.30884
0.25526 -0.01988 -0.30894
0.2554 -0.01779 -0.30934
0.25597 -0.01584 -0.3099
0.25668 -0.01392 -0.31055
0.25685 -0.01177 -0.31076
0.25655 -0.00964 -0.31064
0.25602 -0.00768 -0.31002
0.25546 -0.0057 -0.30957
0.25546 -0.00361 -0.30942
0.25557 -0.00152 -0.30936
0.25571 0.00058 -0.30933
0.25575 0.00267 -0.30935
0.25596 0.00481 -0.30934
0.25578 0.00705 -0.3093
0.25487 0.00898 -0.30886
0.25434 0.01102 -0.30866
0.25349 0.01295 -0.30812
0.25245 0.01463 -0.3074
0.25211 0.01663 -0.3072
0.25187 0.01865 -0.30741
0.25188 0.02064 -0.3074
0.25229 0.02262 -0.30771
0.25247 0.02476 -0.30806
0.25224 0.02701 -0.30815
0.25175 0.02905 -0.30762
0.25151 0.03102 -0.30723
0.25208 0.03309 -0.30738
0.25204 0.03539 -0.30712
0.2513 0.03731 -0.3063
0.2507 0.0392 -0.30571
0.25049 0.04124 -0.30549
0.25049 0.0433 -0.30554
0.25065 0.04537 -0.3058
0.25065 0.04753 -0.30594
0.25042 0.04962 -0.30564
0.25043 0.05169 -0.30547
0.25052 0.05374 -0.3053
0.25086 0.05577 -0.30543
0.25112 0.05784 -0.30564
0.25141 0.0599 -0.30614
0.25141 0.06203 -0.30622
0.25151 0.06412 -0.30621
0.2519 0.06618 -0.30615
0.25219 0.06823 -0.30615
0.25258 0.07023 -0.30648
0.25312 0.07211 -0.3072
0.25373 0.07398 -0.30805
0.25407 0.07602 -0.30856
0.25427 0.0781 -0.30888
0.2546 0.08015 -0.3093
0.25471 0.08228 -0.30952
0.25468 0.0844 -0.30934
0.25461 0.08648 -0.3091
0.25477 0.08855 -0.3093
0.2552 0.09058 -0.30979
0.25521 0.09271 -0.30968
0.25546 0.09479 -0.30975
0.25587 0.09684 -0.30995
0.25626 0.0989 -0.31002
0.25677 0.10094 -0.31012
0.25738 0.1029 -0.31054
0.25798 0.10476 -0.31129
0.25855 0.10662 -0.31209
0.25926 0.10835 -0.31305
0.26003 0.11005 -0.31403
0.26068 0.11197 -0.31467
0.26118 0.11404 -0.31484
0.26144 0.11609 -0.31433
0.26153 0.11806 -0.31359
0.26152 0.11996 -0.3127
0.26122 0.1218 -0.31173
0.2606 0.12372 -0.311
0.26025 0.12582 -0.31072
0.26022 0.12797 -0.31066
0.26049 0.13004 -0.31114
0.26059 0.13213 -0.31127
0.26032 0.13421 -0.31095
0.26021 0.13632 -0.31115
0.2602 0.1384 -0.31155
0.26022 0.14045 -0.31203
0.26036 0.14248 -0.3126
0.26096 0.14442 -0.31317
0.26127 0.14649 -0.31328
0.26153 0.14856 -0.31338
0.26179 0.15066 -0.31347
0.26231 0.15267 -0.31381
0.2628 0.15471 -0.31399
0.25925 -0.04877 -0.30536
0.25685 -0.04769 -0.30675
0.25942 -0.04673 -0.30594
0.2598 -0.04486 -0.30691
0.26044 -0.04306 -0.30777
0.26108 -0.0412 -0.30846
0.2617 -0.03933 -0.30918
0.26196 -0.03723 -0.30969
0.26155 -0.03517 -0.30902
0.26063 -0.0336 -0.30791
0.25986 -0.0318 -0.30711
0.2591 -0.02983 -0.30693
0.25851 -0.02781 -0.30691
0.25797 -0.02578 -0.30695
0.25767 -0.0237 -0.30694
0.2575 -0.0216 -0.30707
0.25751 -0.01951 -0.30737
0.25775 -0.01749 -0.30789
0.2581 -0.01545 -0.30818
0.25845 -0.0134 -0.30846
0.25854 -0.0113 -0.3086
0.25816 -0.00923 -0.30842
0.25782 -0.00722 -0.30796
0.25755 -0.00517 -0.3078
0.25766 -0.00309 -0.30779
0.25786 -0.00096 -0.30781
0.25777 0.00115 -0.30747
0.25737 0.00319 -0.30705
0.25708 0.00525 -0.30668
0.25646 0.00727 -0.30642
0.25557 0.00914 -0.30607
0.25519 0.01118 -0.30592
0.25461 0.0132 -0.30553
0.25391 0.01508 -0.30504
0.2537 0.01709 -0.30497
0.25374 0.01907 -0.30542
0.2542 0.02101 -0.30588
0.25485 0.023 -0.30641
0.25527 0.02528 -0.30685
0.25482 0.02764 -0.30655
0.25376 0.02936 -0.30553
0.25291 0.03115 -0.3047
0.25289 0.03325 -0.30448
0.25298 0.03536 -0.30435
0.25287 0.03742 -0.30397
0.25268 0.03949 -0.30375
0.25247 0.04155 -0.30352
0.25233 0.04361 -0.30343
0.25253 0.04568 -0.30369
0.25258 0.04781 -0.30385
0.25231 0.0499 -0.30357
0.25223 0.05197 -0.30332
0.25244 0.05403 -0.30327
0.2531 0.05595 -0.30376
0.25365 0.05795 -0.30438
0.25364 0.0601 -0.30443
0.25375 0.06216 -0.30467
0.25398 0.06423 -0.30491
0.25433 0.0663 -0.30482
0.25462 0.06838 -0.30482
0.25493 0.07043 -0.30503
0.25518 0.07247 -0.30537
0.25547 0.07448 -0.30588
0.25589 0.07645 -0.30648
0.25626 0.07845 -0.30696
0.25667 0.08045 -0.30745
0.25705 0.08251 -0.30796
0.25686 0.08463 -0.30758
0.25684 0.08672 -0.30743
0.25699 0.0888 -0.30763
0.25715 0.09088 -0.30777
0.25734 0.09297 -0.3079
0.25773 0.09502 -0.30815
0.25802 0.09709 -0.3082
0.25829 0.09918 -0.30815
0.25875 0.10124 -0.3082
0.25944 0.10317 -0.30872
0.26008 0.10502 -0.30951
0.26076 0.10677 -0.31044
0.26152 0.10844 -0.31145
0.26236 0.11005 -0.3125
0.26316 0.1118 -0.31341
0.26377 0.11382 -0.31387
0.26411 0.11592 -0.31365
0.26427 0.118 -0.31332
0.26427 0.11997 -0.31255
0.26396 0.12177 -0.31154
0.26334 0.12359 -0.31061
0.26297 0.12565 -0.31023
0.2629 0.12775 -0.30996
0.26296 0.12986 -0.30992
0.26306 0.13195 -0.31008
0.26278 0.13401 -0.30972
0.26256 0.13612 -0.30973
0.26241 0.13821 -0.30993
0.26227 0.1403 -0.31023
0.2623 0.14235 -0.31071
0.26253 0.14441 -0.31097
0.26295 0.14645 -0.3112
0.26324 0.14852 -0.31135
0.26368 0.15056 -0.31164
0.26433 0.15251 -0.31211
0.26169 -0.05019 -0.30386
0.26196 -0.04828 -0.30463
0.26213 -0.04628 -0.30524
0.26243 -0.04437 -0.30607
0.26304 -0.04256 -0.30691
0.26368 -0.04071 -0.30762
0.26425 -0.03875 -0.30816
0.26425 -0.03659 -0.30807
0.26349 -0.03489 -0.307
0.26253 -0.03336 -0.30594
0.26165 -0.03165 -0.30503
0.26095 -0.02965 -0.30488
0.26038 -0.02763 -0.30487
0.25989 -0.02559 -0.30494
0.25977 -0.0235 -0.30514
0.25969 -0.02142 -0.30539
0.25968 -0.01935 -0.30566
0.25999 -0.01736 -0.30626
0.26028 -0.0153 -0.30647
0.26062 -0.01326 -0.30675
0.26061 -0.01116 -0.30677
0.26021 -0.00911 -0.30656
0.25982 -0.00713 -0.30603
0.25945 -0.0051 -0.30577
0.25974 -0.00301 -0.30589
0.25979 -0.00085 -0.30569
0.25931 0.00115 -0.30508
0.25854 0.00303 -0.3045
0.25776 0.00489 -0.30393
0.25718 0.00689 -0.30369
0.25648 0.00883 -0.30336
0.25616 0.01091 -0.30325
0.25582 0.01295 -0.30296
0.25549 0.01501 -0.30266
0.25565 0.01708 -0.30297
0.25604 0.01897 -0.3038
0.25672 0.02089 -0.30437
0.25745 0.0231 -0.30471
0.25734 0.02546 -0.30447
0.25644 0.02748 -0.30394
0.25538 0.02921 -0.30317
0.25483 0.03115 -0.30263
0.25474 0.03322 -0.30237
0.25488 0.03531 -0.30232
0.25499 0.03742 -0.30214
0.25466 0.03946 -0.30175
0.2544 0.04149 -0.30147
0.25433 0.04358 -0.30146
0.25398 0.04563 -0.30125
0.25395 0.04772 -0.30134
0.25427 0.04978 -0.30156
0.25443 0.05186 -0.30159
0.25469 0.05392 -0.30161
0.25517 0.05591 -0.30186
0.25575 0.05785 -0.30248
0.25584 0.05996 -0.30271
0.25588 0.06204 -0.30285
0.25613 0.0641 -0.30309
0.25687 0.06598 -0.30369
0.25728 0.06805 -0.30402
0.25746 0.07014 -0.30395
0.25761 0.07222 -0.30407
0.25768 0.07429 -0.30422
0.25794 0.07632 -0.30463
0.25825 0.07834 -0.30504
0.25863 0.08034 -0.30547
0.25903 0.08235 -0.30596
0.2591 0.08446 -0.30592
0.25913 0.08654 -0.30583
0.25907 0.08863 -0.30576
0.25918 0.09072 -0.30586
0.2594 0.09279 -0.30603
0.25968 0.09486 -0.30615
0.25999 0.09692 -0.30623
0.26043 0.09896 -0.30637
0.26092 0.101 -0.30645
0.26144 0.10302 -0.30679
0.26203 0.10489 -0.30755
0.26254 0.10677 -0.30832
0.26328 0.10846 -0.30931
0.26425 0.10992 -0.31046
0.26529 0.11136 -0.31159
0.26626 0.113 -0.31264
0.26687 0.11506 -0.31326
0.26698 0.11727 -0.31312
0.26699 0.11938 -0.31268
0.26665 0.12124 -0.31171
0.26599 0.12292 -0.3106
0.26562 0.12494 -0.31009
0.26557 0.12703 -0.30985
0.26559 0.12907 -0.30945
0.2655 0.13112 -0.30904
0.26529 0.1332 -0.30888
0.26502 0.13528 -0.30879
0.26479 0.13736 -0.30884
0.26451 0.13944 -0.30887
0.26432 0.14152 -0.30906
0.26438 0.14361 -0.30915
0.2646 0.14569 -0.30923
0.26486 0.14776 -0.30938
0.26511 0.14985 -0.30952
0.26571 0.15182 -0.30996
0.26113 -0.05207 -0.30318
0.26431 -0.05028 -0.30275
0.2638 -0.05219 -0.30212
0.26459 -0.04842 -0.30363
0.26478 -0.04649 -0.30435
0.26497 -0.0445 -0.30492
0.2655 -0.04261 -0.3056
0.2661 -0.04071 -0.30622
0.2664 -0.03862 -0.30633
0.26594 -0.03663 -0.30579
0.26523 -0.03492 -0.30485
0.26433 -0.03335 -0.30384
0.26343 -0.03166 -0.30291
0.26275 -0.02962 -0.30278
0.26249 -0.02756 -0.30308
0.26215 -0.02553 -0.30333
0.262 -0.02346 -0.3035
0.26199 -0.02141 -0.30385
0.26176 -0.01932 -0.30384
0.2619 -0.01726 -0.30424
0.26265 -0.01544 -0.30501
0.26311 -0.0134 -0.30549
0.26294 -0.01127 -0.30526
0.26239 -0.00929 -0.30484
0.26198 -0.00733 -0.30429
0.26144 -0.00537 -0.30385
0.26108 -0.00337 -0.30343
0.26071 -0.00137 -0.30301
0.26037 0.00061 -0.30252
0.25985 0.00257 -0.30208
0.25939 0.00457 -0.30167
0.25908 0.00663 -0.30163
0.25885 0.00871 -0.30169
0.25828 0.01069 -0.30139
0.25819 0.01276 -0.3014
0.25806 0.01482 -0.30141
0.25806 0.01688 -0.3015
0.25795 0.01893 -0.30163
0.25861 0.02095 -0.30203
0.25875 0.02314 -0.3019
0.25797 0.02517 -0.30147
0.25715 0.02708 -0.30105
0.25674 0.0291 -0.30063
0.25677 0.03121 -0.30059
0.25691 0.03329 -0.30056
0.25695 0.03537 -0.3004
0.25679 0.03742 -0.29995
0.25623 0.03937 -0.2994
0.256 0.04143 -0.29914
0.256 0.04351 -0.29918
0.25595 0.04559 -0.29925
0.25592 0.04766 -0.29931
0.25622 0.04972 -0.29952
0.25675 0.05169 -0.3
0.25702 0.05377 -0.30004
0.25726 0.05582 -0.30001
0.25773 0.05776 -0.3005
0.25815 0.05973 -0.30113
0.25827 0.06181 -0.30142
0.25847 0.06385 -0.3016
0.25918 0.0657 -0.30213
0.25983 0.0676 -0.30289
0.25999 0.06975 -0.30285
0.26007 0.07182 -0.30286
0.2601 0.07389 -0.30292
0.26008 0.07597 -0.3029
0.26031 0.078 -0.3032
0.26059 0.08003 -0.30352
0.26098 0.08202 -0.30399
0.26147 0.08397 -0.30452
0.26171 0.08606 -0.30475
0.2615 0.08813 -0.30445
0.26134 0.09019 -0.30417
0.26154 0.09226 -0.30432
0.26179 0.09433 -0.3044
0.26224 0.09634 -0.30467
0.2627 0.09836 -0.30487
0.26323 0.10036 -0.30502
0.26362 0.1024 -0.30515
0.26393 0.10443 -0.30556
0.26427 0.10641 -0.30615
0.26476 0.1083 -0.30695
0.26554 0.10998 -0.30797
0.2666 0.11141 -0.30908
0.26782 0.11271 -0.31019
0.26897 0.11421 -0.31132
0.26953 0.11625 -0.31207
0.26973 0.11846 -0.31233
0.26937 0.12059 -0.31173
0.26864 0.12227 -0.31058
0.26821 0.12419 -0.3098
0.26821 0.1263 -0.30977
0.26825 0.12836 -0.3095
0.26815 0.13035 -0.30892
0.26788 0.13236 -0.30847
0.26749 0.13436 -0.30804
0.26719 0.13643 -0.30794
0.26699 0.1385 -0.30818
0.26662 0.14054 -0.30796
0.26651 0.14261 -0.30778
0.26655 0.14469 -0.30762
0.26662 0.14678 -0.30758
0.26681 0.14887 -0.30768
0.26712 0.15093 -0.30789
0.26699 -0.05072 -0.3019
0.26654 -0.05269 -0.30149
0.26716 -0.04875 -0.30252
0.26734 -0.04683 -0.30325
0.26744 -0.04481 -0.30367
0.26773 -0.04279 -0.30396
0.26791 -0.04075 -0.30409
0.26781 -0.03871 -0.30389
0.26754 -0.03671 -0.30351
0.26683 -0.03501 -0.30259
0.26594 -0.03341 -0.30161
0.2652 -0.03159 -0.30078
0.26469 -0.02951 -0.3008
0.2645 -0.02746 -0.3012
0.2644 -0.02546 -0.30173
0.26433 -0.02341 -0.30202
0.26417 -0.02136 -0.30216
0.26403 -0.01929 -0.30226
0.26408 -0.01723 -0.30253
0.26466 -0.01532 -0.30309
0.26531 -0.01337 -0.30373
0.26513 -0.01123 -0.30353
0.26456 -0.00927 -0.3031
0.26416 -0.00731 -0.30257
0.26352 -0.00542 -0.30201
0.26293 -0.00354 -0.30137
0.26233 -0.00165 -0.30076
0.2619 0.00031 -0.3002
0.26161 0.00236 -0.29992
0.26141 0.00441 -0.29975
0.26099 0.00643 -0.2996
0.26046 0.00842 -0.29937
0.26012 0.01049 -0.29925
0.26039 0.01256 -0.29965
0.26068 0.01463 -0.3002
0.26036 0.01674 -0.29982
0.25951 0.01862 -0.29926
0.25916 0.02067 -0.29902
0.25924 0.02276 -0.29897
0.25921 0.02483 -0.29893
0.25917 0.02689 -0.29904
0.2591 0.02895 -0.29901
0.25883 0.03097 -0.29869
0.25864 0.033 -0.29835
0.25857 0.03506 -0.2981
0.25819 0.03702 -0.29751
0.25796 0.03907 -0.2972
0.258 0.04115 -0.29719
0.25799 0.04323 -0.29721
0.25817 0.04526 -0.29755
0.25831 0.0473 -0.29786
0.25859 0.04934 -0.29805
0.25884 0.05139 -0.29813
0.25916 0.05343 -0.29825
0.25954 0.05545 -0.29844
0.25984 0.05749 -0.29869
0.26009 0.05949 -0.29912
0.26039 0.06148 -0.29961
0.26075 0.06345 -0.30004
0.2614 0.06535 -0.30049
0.26194 0.06728 -0.30103
0.2624 0.06928 -0.3015
0.26243 0.07138 -0.30143
0.26237 0.07346 -0.30137
0.26215 0.07551 -0.30111
0.26216 0.07759 -0.30115
0.26264 0.07955 -0.3017
0.26323 0.0814 -0.30243
0.26378 0.08336 -0.30299
0.26388 0.08549 -0.30301
0.26361 0.08754 -0.30271
0.26346 0.0896 -0.30247
0.26376 0.09164 -0.30275
0.26413 0.09366 -0.30302
0.26456 0.09566 -0.30331
0.26513 0.09761 -0.30373
0.26563 0.09961 -0.30386
0.266 0.10165 -0.30392
0.26622 0.1037 -0.30413
0.2664 0.10576 -0.30443
0.26675 0.10774 -0.30502
0.26724 0.10964 -0.30575
0.26795 0.11141 -0.30663
0.26898 0.11293 -0.30764
0.27018 0.11429 -0.30869
0.27118 0.11588 -0.30968
0.27185 0.11782 -0.31039
0.2721 0.12006 -0.31079
0.27132 0.12202 -0.30995
0.27077 0.12388 -0.30906
0.27088 0.12598 -0.30926
0.27098 0.12806 -0.3093
0.27087 0.13006 -0.30871
0.27058 0.13203 -0.30814
0.27019 0.13399 -0.30763
0.26965 0.13588 -0.30686
0.26935 0.13797 -0.30694
0.26916 0.14003 -0.30716
0.26906 0.14209 -0.30701
0.26903 0.14414 -0.30671
0.26897 0.14619 -0.3064
0.26906 0.14827 -0.30636
0.26966 -0.05142 -0.30122
0.26924 -0.05342 -0.30092
0.26965 -0.04935 -0.30134
0.26961 -0.04732 -0.30167
0.26957 -0.04529 -0.30193
0.26964 -0.04324 -0.30197
0.26958 -0.0412 -0.30188
0.26936 -0.0392 -0.3016
0.26895 -0.03729 -0.30116
0.2683 -0.03558 -0.30028
0.2676 -0.03381 -0.29939
0.26722 -0.03178 -0.29886
0.26673 -0.02973 -0.29892
0.26643 -0.02768 -0.29922
0.26637 -0.02569 -0.29982
0.26644 -0.02367 -0.30025
0.26625 -0.02162 -0.30036
0.26611 -0.01955 -0.30046
0.26624 -0.01752 -0.30082
0.26669 -0.01554 -0.30122
0.2671 -0.01355 -0.30158
0.26704 -0.01149 -0.3015
0.26657 -0.00951 -0.30118
0.26614 -0.00758 -0.30061
0.26565 -0.00561 -0.30023
0.2651 -0.00371 -0.29962
0.26442 -0.00189 -0.29892
0.26397 6e-05 -0.29836
0.26376 0.00211 -0.29817
0.26349 0.00413 -0.29791
0.26309 0.00615 -0.29777
0.26269 0.00817 -0.29765
0.26234 0.01021 -0.29753
0.26225 0.01228 -0.29753
0.26236 0.01435 -0.2978
0.26208 0.01639 -0.29755
0.26125 0.01826 -0.29706
0.26082 0.0203 -0.29669
0.26084 0.02242 -0.29661
0.26105 0.0245 -0.29677
0.2613 0.02651 -0.29721
0.26146 0.02857 -0.29748
0.26116 0.03062 -0.29714
0.2605 0.03241 -0.2963
0.25991 0.03433 -0.29561
0.25995 0.03644 -0.29534
0.26005 0.03853 -0.29537
0.26009 0.0406 -0.29538
0.26031 0.04264 -0.29572
0.26049 0.04466 -0.29609
0.26066 0.04669 -0.29644
0.26084 0.04875 -0.29645
0.26126 0.05074 -0.29685
0.26165 0.05275 -0.29712
0.26197 0.0548 -0.29719
0.26219 0.05685 -0.29733
0.26214 0.05892 -0.29731
0.26236 0.06093 -0.29772
0.26283 0.06285 -0.29829
0.26362 0.06464 -0.29897
0.26416 0.06657 -0.29951
0.26452 0.06861 -0.29981
0.26469 0.07069 -0.29996
0.26447 0.07275 -0.29971
0.26424 0.07479 -0.29943
0.26424 0.07687 -0.29944
0.26457 0.07889 -0.2998
0.26513 0.08078 -0.30046
0.2655 0.0828 -0.30081
0.26552 0.08488 -0.30079
0.26531 0.08694 -0.30057
0.26544 0.08902 -0.30061
0.26597 0.09095 -0.30119
0.26654 0.09285 -0.30183
0.26682 0.09493 -0.30186
0.26735 0.09689 -0.30223
0.26802 0.0988 -0.30267
0.26837 0.10085 -0.30274
0.2687 0.10284 -0.30322
0.26884 0.1049 -0.30336
0.26901 0.10696 -0.30356
0.26935 0.10896 -0.30401
0.26977 0.11094 -0.30451
0.27029 0.1129 -0.30511
0.27112 0.11462 -0.30603
0.2723 0.11599 -0.30711
0.27342 0.11756 -0.30805
0.274 0.11965 -0.30862
0.27349 0.12176 -0.30823
0.27307 0.12378 -0.30768
0.27325 0.12586 -0.30792
0.27369 0.12786 -0.30857
0.2736 0.12996 -0.30825
0.27324 0.13189 -0.30753
0.27284 0.13384 -0.30701
0.27234 0.13573 -0.30632
0.27187 0.13772 -0.30596
0.27153 0.13975 -0.30589
0.27143 0.14181 -0.30579
0.27141 0.14386 -0.30554
0.27136 0.1459 -0.30529
0.27132 0.14795 -0.30504
0.26832 -0.05508 -0.30011
0.27189 -0.05396 -0.30003
0.27096 -0.05559 -0.29915
0.2723 -0.05196 -0.30038
0.27225 -0.04992 -0.3004
0.27195 -0.04789 -0.30022
0.27161 -0.04586 -0.30009
0.27149 -0.0438 -0.29993
0.2715 -0.04175 -0.29992
0.27135 -0.03974 -0.29969
0.27091 -0.03783 -0.29923
0.2702 -0.03615 -0.29827
0.2697 -0.03424 -0.29753
0.26941 -0.03219 -0.29712
0.26893 -0.03016 -0.29724
0.26853 -0.02814 -0.29746
0.26825 -0.02612 -0.29783
0.26824 -0.02409 -0.29818
0.26809 -0.02205 -0.29834
0.26808 -0.01999 -0.29857
0.26819 -0.01795 -0.29891
0.26871 -0.016 -0.29937
0.26934 -0.01408 -0.29998
0.26935 -0.01194 -0.29997
0.26866 -0.01002 -0.29942
0.26814 -0.00814 -0.29876
0.26763 -0.00619 -0.29834
0.26696 -0.00437 -0.29764
0.26613 -0.00263 -0.29688
0.26574 -0.00065 -0.29637
0.26581 0.00143 -0.29643
0.26572 0.00348 -0.29638
0.26535 0.0055 -0.29627
0.26493 0.0075 -0.2961
0.26459 0.00953 -0.29597
0.26436 0.01157 -0.2958
0.26392 0.01357 -0.29556
0.26355 0.01556 -0.29524
0.26317 0.01758 -0.2951
0.26303 0.01965 -0.29498
0.26299 0.02172 -0.29486
0.26303 0.02379 -0.29486
0.26308 0.02584 -0.29511
0.26322 0.02786 -0.29536
0.26332 0.02993 -0.29546
0.26293 0.03189 -0.29493
0.26231 0.03373 -0.29413
0.26226 0.03581 -0.29378
0.26237 0.03789 -0.2939
0.26246 0.03995 -0.29398
0.26257 0.04202 -0.29414
0.26287 0.04399 -0.29476
0.26298 0.04603 -0.29501
0.26311 0.04809 -0.29492
0.26344 0.05012 -0.29515
0.264 0.05204 -0.29575
0.26428 0.05409 -0.29578
0.26435 0.05615 -0.29568
0.26428 0.05822 -0.29567
0.2645 0.06023 -0.29607
0.26509 0.06202 -0.2969
0.26583 0.06386 -0.2975
0.26629 0.06585 -0.29788
0.26657 0.06789 -0.29807
0.2669 0.06992 -0.29844
0.26675 0.072 -0.2983
0.26657 0.07404 -0.29811
0.26654 0.0761 -0.29805
0.26657 0.07816 -0.298
0.26672 0.08021 -0.29821
0.26698 0.08223 -0.29849
0.26703 0.08429 -0.2985
0.26714 0.08635 -0.29854
0.26741 0.08839 -0.29874
0.26791 0.09033 -0.29928
0.26848 0.0922 -0.2999
0.26902 0.09413 -0.30037
0.2695 0.0961 -0.30067
0.27004 0.09808 -0.30089
0.27057 0.10003 -0.3013
0.27093 0.10199 -0.30182
0.27127 0.10395 -0.3024
0.27136 0.10602 -0.30242
0.27158 0.10806 -0.30262
0.27196 0.11006 -0.30299
0.27236 0.11205 -0.30334
0.27276 0.11406 -0.30378
0.27331 0.11597 -0.30446
0.27431 0.11755 -0.30538
0.27513 0.11934 -0.30606
0.27532 0.12139 -0.30623
0.2753 0.12345 -0.30619
0.2753 0.12553 -0.30617
0.27561 0.12755 -0.30653
0.27613 0.12955 -0.30709
0.27595 0.13165 -0.30689
0.27546 0.13358 -0.30625
0.275 0.13552 -0.30574
0.27454 0.13749 -0.30539
0.27404 0.13943 -0.30493
0.27363 0.14136 -0.30433
0.27338 0.14335 -0.30383
0.27327 0.14538 -0.30354
0.26974 -0.0568 -0.29801
0.27343 -0.05613 -0.29783
0.27222 -0.05735 -0.2967
0.2744 -0.05459 -0.29882
0.27485 -0.05262 -0.2993
0.2748 -0.05055 -0.29939
0.27435 -0.0486 -0.29894
0.27377 -0.04666 -0.29847
0.27364 -0.04459 -0.2983
0.27347 -0.04255 -0.29811
0.27329 -0.04054 -0.29786
0.27304 -0.03855 -0.29758
0.27249 -0.03674 -0.29674
0.27218 -0.03473 -0.29627
0.27196 -0.03269 -0.29604
0.27125 -0.03077 -0.29579
0.27066 -0.02877 -0.29576
0.27025 -0.02674 -0.29601
0.27012 -0.02469 -0.29624
0.27008 -0.02265 -0.29651
0.27007 -0.02061 -0.29674
0.27017 -0.01858 -0.29708
0.27039 -0.01653 -0.29723
0.271 -0.01461 -0.29778
0.27127 -0.01253 -0.29798
0.2707 -0.01054 -0.29758
0.27003 -0.00875 -0.29681
0.26917 -0.00701 -0.29616
0.26838 -0.00526 -0.29542
0.26762 -0.00347 -0.2947
0.26731 -0.00146 -0.29424
0.26723 0.00061 -0.29418
0.26737 0.00266 -0.29429
0.2674 0.0047 -0.29454
0.26713 0.00674 -0.29454
0.26667 0.00873 -0.29427
0.26623 0.01069 -0.29387
0.26578 0.01269 -0.29362
0.26551 0.01471 -0.29338
0.26514 0.01673 -0.29324
0.26488 0.01877 -0.29301
0.26489 0.02085 -0.29293
0.26511 0.0229 -0.29315
0.26519 0.02493 -0.29343
0.26518 0.02697 -0.29352
0.26511 0.02902 -0.29348
0.2648 0.031 -0.29301
0.26469 0.03306 -0.29281
0.2648 0.03512 -0.29275
0.26475 0.03718 -0.29259
0.26495 0.03922 -0.29293
0.26513 0.04124 -0.29325
0.26517 0.04329 -0.29328
0.26527 0.04533 -0.29351
0.26558 0.04735 -0.29377
0.26584 0.04938 -0.29388
0.26622 0.05139 -0.29416
0.26656 0.05341 -0.29431
0.26665 0.05546 -0.29425
0.26658 0.05751 -0.29423
0.26668 0.05957 -0.29445
0.26735 0.0613 -0.29541
0.26828 0.06305 -0.29622
0.26852 0.06519 -0.29628
0.26848 0.06726 -0.29614
0.26874 0.06928 -0.29643
0.26899 0.0713 -0.29679
0.26897 0.07337 -0.29684
0.26882 0.07542 -0.29663
0.2689 0.07748 -0.29661
0.26879 0.07952 -0.29646
0.26872 0.08158 -0.2964
0.26891 0.08362 -0.29653
0.26916 0.08565 -0.29673
0.26947 0.08767 -0.29699
0.26985 0.08967 -0.29738
0.27049 0.0915 -0.2981
0.27113 0.09334 -0.29874
0.2717 0.09526 -0.2992
0.27219 0.09725 -0.29935
0.27269 0.09921 -0.29972
0.27303 0.10117 -0.30023
0.27329 0.10315 -0.30066
0.27356 0.10517 -0.30097
0.27373 0.10722 -0.3011
0.27411 0.1092 -0.30147
0.27454 0.11117 -0.30186
0.27486 0.11318 -0.30215
0.27522 0.11518 -0.30254
0.27566 0.11715 -0.30298
0.27623 0.11904 -0.30352
0.27683 0.12093 -0.304
0.2772 0.1229 -0.30434
0.27732 0.12493 -0.30447
0.27737 0.12699 -0.30454
0.27763 0.12902 -0.30477
0.27796 0.13106 -0.30504
0.2778 0.13312 -0.30487
0.27741 0.13511 -0.30451
0.27698 0.13711 -0.30421
0.27646 0.13905 -0.30375
0.27588 0.14086 -0.30296
0.27533 0.14269 -0.30214
0.27501 0.14467 -0.30167
0.26728 -0.06273 -0.28979
0.26645 -0.06102 -0.29224
0.26879 -0.06147 -0.29051
0.27094 -0.05839 -0.2955
0.27453 -0.05814 -0.29522
0.27573 -0.05689 -0.29633
0.27667 -0.05531 -0.29726
0.27721 -0.05344 -0.29796
0.27717 -0.05138 -0.29809
0.27675 -0.04941 -0.29772
0.27605 -0.04757 -0.29709
0.27563 -0.0456 -0.29659
0.27537 -0.04356 -0.29633
0.27517 -0.04154 -0.29605
0.27504 -0.03951 -0.29588
0.27489 -0.03751 -0.29553
0.27464 -0.03548 -0.29522
0.27452 -0.03343 -0.29527
0.27384 -0.03152 -0.29505
0.27308 -0.02966 -0.29466
0.27236 -0.02772 -0.29444
0.27203 -0.02566 -0.29447
0.27198 -0.02359 -0.29473
0.27219 -0.0216 -0.29523
0.27219 -0.01957 -0.29545
0.27215 -0.01752 -0.29532
0.27225 -0.01546 -0.29542
0.2725 -0.01345 -0.29563
0.2722 -0.01146 -0.2954
0.27168 -0.0096 -0.29473
0.27082 -0.00786 -0.2941
0.26992 -0.00619 -0.2933
0.26922 -0.00436 -0.2926
0.26884 -0.00238 -0.29211
0.26862 -0.00031 -0.29195
0.26862 0.00176 -0.29196
0.26855 0.00379 -0.29212
0.26868 0.00582 -0.29239
0.26865 0.00787 -0.29248
0.26836 0.00987 -0.29221
0.26784 0.01184 -0.29189
0.2675 0.01384 -0.29156
0.26721 0.01588 -0.2915
0.26717 0.01793 -0.29153
0.26712 0.01999 -0.29138
0.26721 0.02205 -0.29142
0.26724 0.02407 -0.29166
0.26721 0.02611 -0.29175
0.26708 0.02814 -0.29165
0.26703 0.03018 -0.29148
0.2669 0.03222 -0.29131
0.26708 0.03427 -0.29136
0.26708 0.03632 -0.29131
0.26718 0.03837 -0.29149
0.26757 0.04028 -0.29218
0.26774 0.04232 -0.2925
0.26766 0.04439 -0.29236
0.26794 0.04641 -0.29256
0.26827 0.04841 -0.29285
0.26864 0.05041 -0.29312
0.26889 0.05244 -0.29311
0.26898 0.05448 -0.29305
0.26899 0.05653 -0.29323
0.26901 0.05857 -0.29327
0.2692 0.06059 -0.29343
0.26971 0.06255 -0.29377
0.27003 0.06456 -0.29398
0.27024 0.06659 -0.2941
0.27058 0.06857 -0.29448
0.27097 0.07054 -0.29499
0.27094 0.07262 -0.29502
0.27111 0.07466 -0.2952
0.2711 0.07672 -0.29506
0.27096 0.07876 -0.29489
0.27077 0.08079 -0.29466
0.27091 0.08284 -0.29474
0.27119 0.08485 -0.29499
0.27164 0.0868 -0.29547
0.27209 0.08873 -0.29599
0.27247 0.09073 -0.2963
0.27312 0.09256 -0.29697
0.27381 0.09438 -0.29762
0.27431 0.09637 -0.2978
0.27456 0.09841 -0.29785
0.27498 0.10034 -0.29846
0.2753 0.1023 -0.29896
0.27547 0.10434 -0.29915
0.2757 0.10636 -0.29937
0.27606 0.10836 -0.29971
0.27656 0.11028 -0.30021
0.27673 0.11233 -0.30033
0.27701 0.11434 -0.30062
0.27738 0.11633 -0.30099
0.27772 0.11833 -0.30132
0.27816 0.12029 -0.3017
0.27863 0.12223 -0.30212
0.27901 0.12419 -0.30247
0.27912 0.12621 -0.30259
0.27916 0.12825 -0.30263
0.27922 0.13029 -0.30268
0.27933 0.13233 -0.30271
0.27929 0.13438 -0.30267
0.279 0.1364 -0.3025
0.27844 0.13833 -0.30204
0.27784 0.14013 -0.30128
0.2773 0.14195 -0.30051
0.26731 -0.06614 -0.28655
0.2661 -0.06433 -0.28916
0.26833 -0.06449 -0.28724
0.26961 -0.06305 -0.28802
0.27811 -0.05758 -0.29488
0.27689 -0.05879 -0.29371
0.27902 -0.05591 -0.29574
0.27945 -0.05396 -0.29628
0.27939 -0.0519 -0.29643
0.27897 -0.04992 -0.29609
0.27833 -0.04806 -0.29555
0.27781 -0.04617 -0.29492
0.27748 -0.04415 -0.29457
0.27739 -0.04209 -0.29442
0.27738 -0.04004 -0.29444
0.27737 -0.03801 -0.29435
0.27715 -0.036 -0.29415
0.27691 -0.03398 -0.29397
0.27632 -0.03205 -0.29392
0.27562 -0.03016 -0.29367
0.27483 -0.02832 -0.29328
0.27424 -0.02636 -0.29291
0.27391 -0.02429 -0.29288
0.27397 -0.02225 -0.29323
0.27398 -0.02023 -0.29344
0.27401 -0.01819 -0.29336
0.27406 -0.01614 -0.29339
0.27422 -0.01411 -0.29353
0.27397 -0.01208 -0.29335
0.27318 -0.01039 -0.29249
0.27223 -0.00871 -0.29177
0.27162 -0.00684 -0.29113
0.27122 -0.00486 -0.2907
0.27075 -0.00294 -0.29012
0.27032 -0.00092 -0.28978
0.27037 0.00117 -0.28985
0.27047 0.0032 -0.29014
0.27044 0.00523 -0.29028
0.27017 0.00724 -0.29018
0.26996 0.00926 -0.28998
0.26993 0.01131 -0.29006
0.26971 0.01333 -0.28986
0.2694 0.01536 -0.2898
0.26928 0.01741 -0.28973
0.26946 0.01946 -0.28987
0.2697 0.02146 -0.29017
0.26972 0.02348 -0.29042
0.26951 0.0255 -0.29021
0.26938 0.02754 -0.29013
0.26938 0.02958 -0.29005
0.26908 0.03157 -0.28967
0.26904 0.03362 -0.28947
0.26914 0.03567 -0.28954
0.26911 0.03773 -0.28958
0.26947 0.03968 -0.29018
0.27002 0.04152 -0.29099
0.27013 0.04356 -0.29128
0.27047 0.04553 -0.29164
0.27077 0.04754 -0.29189
0.27111 0.04955 -0.2921
0.27146 0.05155 -0.29236
0.27153 0.05361 -0.29231
0.27137 0.05564 -0.29207
0.27127 0.05768 -0.2919
0.27113 0.0597 -0.29163
0.2712 0.06175 -0.29155
0.27167 0.06372 -0.29191
0.27217 0.06566 -0.29233
0.27237 0.06769 -0.29256
0.27267 0.06967 -0.29297
0.27285 0.0717 -0.29323
0.27282 0.07375 -0.29318
0.27296 0.07579 -0.2932
0.27308 0.07782 -0.2933
0.27307 0.07986 -0.29335
0.2731 0.08191 -0.29328
0.2734 0.0839 -0.29357
0.27375 0.08588 -0.29389
0.27417 0.08782 -0.29436
0.2746 0.08977 -0.29478
0.27512 0.09169 -0.29525
0.27582 0.09349 -0.29593
0.27642 0.09542 -0.29629
0.27657 0.09746 -0.29619
0.27658 0.09951 -0.29634
0.27692 0.10147 -0.29688
0.27733 0.10342 -0.29733
0.27762 0.10542 -0.29762
0.27794 0.10741 -0.29793
0.27828 0.1094 -0.29825
0.27857 0.1114 -0.29852
0.27871 0.11343 -0.29868
0.27894 0.11546 -0.29892
0.27932 0.11744 -0.29928
0.2797 0.11942 -0.2996
0.2801 0.1214 -0.29995
0.28051 0.12334 -0.30034
0.28079 0.12532 -0.3006
0.28089 0.12734 -0.30068
0.28093 0.12937 -0.30072
0.28089 0.13141 -0.30066
0.28074 0.13344 -0.30054
0.28067 0.13548 -0.30057
0.28049 0.13752 -0.30049
0.27996 0.13938 -0.29982
0.27932 0.14113 -0.29896
0.26646 -0.06793 -0.28596
0.2687 -0.0676 -0.28404
0.26968 -0.06594 -0.28477
0.27084 -0.06448 -0.28568
0.27547 -0.06217 -0.28897
0.27433 -0.06061 -0.2911
0.27694 -0.06122 -0.29
0.27812 -0.05997 -0.29109
0.27941 -0.05896 -0.29234
0.28065 -0.05768 -0.29346
0.28144 -0.05582 -0.29416
0.28162 -0.05375 -0.29444
0.28146 -0.05169 -0.29451
0.28102 -0.04971 -0.29418
0.28035 -0.04786 -0.29362
0.27993 -0.04591 -0.29309
0.27971 -0.04387 -0.29287
0.27963 -0.0418 -0.29276
0.27986 -0.03979 -0.29319
0.28 -0.03776 -0.29344
0.27971 -0.03576 -0.2931
0.27942 -0.03377 -0.2928
0.27884 -0.03181 -0.29281
0.27816 -0.02991 -0.29259
0.27725 -0.02819 -0.29197
0.27647 -0.02639 -0.29129
0.27602 -0.02436 -0.29109
0.27587 -0.0223 -0.29121
0.27592 -0.02026 -0.29147
0.27626 -0.01826 -0.29172
0.27639 -0.01621 -0.29183
0.27622 -0.01418 -0.29161
0.27566 -0.01229 -0.29112
0.27518 -0.01043 -0.2905
0.27444 -0.0086 -0.28997
0.27394 -0.00666 -0.28952
0.27336 -0.0048 -0.28893
0.27293 -0.00287 -0.28839
0.27261 -0.00086 -0.28815
0.27236 0.00116 -0.28788
0.27227 0.00322 -0.28799
0.27241 0.00524 -0.28828
0.27196 0.00719 -0.28799
0.2715 0.00916 -0.28757
0.27141 0.01124 -0.28762
0.27138 0.01328 -0.2876
0.27128 0.01534 -0.28769
0.27146 0.01739 -0.28791
0.2718 0.01938 -0.28826
0.27216 0.02132 -0.2888
0.27227 0.02331 -0.28922
0.27216 0.02535 -0.28918
0.27179 0.02731 -0.28869
0.27151 0.02928 -0.28825
0.27132 0.0313 -0.28801
0.27112 0.0333 -0.28761
0.27116 0.03536 -0.28762
0.27116 0.03741 -0.28769
0.27141 0.0394 -0.28817
0.27201 0.0412 -0.28899
0.2723 0.04316 -0.2895
0.27279 0.04505 -0.29007
0.27333 0.0469 -0.29079
0.27367 0.04892 -0.29108
0.27392 0.05096 -0.29114
0.27418 0.053 -0.2915
0.27394 0.05505 -0.29112
0.27356 0.05697 -0.29048
0.27333 0.05896 -0.29009
0.27342 0.061 -0.29004
0.27353 0.06302 -0.28998
0.27397 0.06498 -0.29033
0.27435 0.06695 -0.29074
0.27446 0.06899 -0.29097
0.27468 0.071 -0.29126
0.27475 0.07305 -0.29132
0.27471 0.07509 -0.29116
0.27481 0.07712 -0.29122
0.27516 0.07909 -0.29165
0.27539 0.0811 -0.29189
0.27558 0.08313 -0.29201
0.27581 0.08515 -0.29218
0.27611 0.08715 -0.29247
0.27664 0.08905 -0.29302
0.27729 0.09086 -0.29371
0.27795 0.09268 -0.29434
0.27864 0.09452 -0.2949
0.27901 0.09654 -0.29517
0.27879 0.09857 -0.29492
0.27862 0.10063 -0.29484
0.27889 0.10266 -0.29517
0.27932 0.10462 -0.2956
0.27971 0.10658 -0.29598
0.27989 0.1086 -0.29615
0.28012 0.11061 -0.29639
0.28031 0.11263 -0.29661
0.2805 0.11467 -0.29681
0.28081 0.11668 -0.29712
0.28128 0.11864 -0.29751
0.28182 0.12055 -0.29799
0.28229 0.12247 -0.29843
0.2826 0.12444 -0.29873
0.28278 0.12644 -0.29888
0.2828 0.12847 -0.29891
0.28269 0.13049 -0.29879
0.28256 0.13253 -0.2987
0.28244 0.13457 -0.29871
0.28245 0.13661 -0.29888
0.28229 0.13866 -0.29871
0.28167 0.14044 -0.29789
0.26944 -0.07091 -0.28109
0.26788 -0.06939 -0.28347
0.27025 -0.06911 -0.2817
0.27125 -0.06753 -0.28253
0.2723 -0.06601 -0.28341
0.27813 -0.06255 -0.28783
0.27958 -0.0615 -0.28881
0.28072 -0.06014 -0.28982
0.28194 -0.05882 -0.29087
0.28293 -0.05713 -0.29167
0.28337 -0.0551 -0.29212
0.28339 -0.05303 -0.29232
0.28308 -0.051 -0.29229
0.28259 -0.04905 -0.29193
0.28217 -0.04707 -0.29163
0.28207 -0.04503 -0.2915
0.28198 -0.04299 -0.29148
0.28196 -0.04095 -0.29148
0.28211 -0.03894 -0.29181
0.28225 -0.03691 -0.29203
0.28198 -0.0349 -0.29178
0.28184 -0.03285 -0.29176
0.28118 -0.03091 -0.29158
0.28027 -0.02918 -0.29095
0.27922 -0.02762 -0.29015
0.27844 -0.02582 -0.28945
0.27807 -0.02378 -0.28932
0.27794 -0.02173 -0.28946
0.27797 -0.0197 -0.28969
0.27829 -0.0177 -0.28992
0.2783 -0.01567 -0.28988
0.27823 -0.01365 -0.28976
0.27785 -0.01168 -0.28947
0.27748 -0.00973 -0.28906
0.27678 -0.00787 -0.28859
0.27599 -0.0062 -0.28772
0.27514 -0.00453 -0.28683
0.27481 -0.00252 -0.2864
0.2748 -0.00046 -0.28649
0.27453 0.00154 -0.28616
0.27433 0.00358 -0.2861
0.27425 0.0056 -0.28617
0.27401 0.0076 -0.28607
0.27372 0.00959 -0.28581
0.27331 0.01158 -0.28553
0.27307 0.01365 -0.28529
0.27326 0.01573 -0.28567
0.27386 0.01758 -0.28644
0.27443 0.01938 -0.28721
0.27467 0.02137 -0.28752
0.27449 0.0234 -0.28748
0.27432 0.02541 -0.28736
0.27373 0.02723 -0.28661
0.27348 0.02926 -0.28622
0.27341 0.0313 -0.28614
0.27326 0.0333 -0.28579
0.27317 0.03536 -0.28566
0.27332 0.03741 -0.2859
0.27358 0.03938 -0.28639
0.27404 0.04126 -0.28707
0.27417 0.04328 -0.2874
0.27473 0.04515 -0.28802
0.27536 0.04693 -0.28879
0.276 0.04875 -0.28947
0.27649 0.05071 -0.28997
0.2765 0.0528 -0.28989
0.27626 0.05482 -0.28956
0.27595 0.05678 -0.28908
0.27575 0.05877 -0.28875
0.27573 0.0608 -0.28853
0.27569 0.06281 -0.28825
0.27582 0.06485 -0.28826
0.27609 0.06684 -0.28858
0.27642 0.0688 -0.28903
0.27672 0.07079 -0.28942
0.27684 0.07283 -0.28954
0.2769 0.07486 -0.28948
0.27695 0.0769 -0.28945
0.27728 0.07886 -0.28986
0.27767 0.08083 -0.29029
0.27781 0.08287 -0.29036
0.27817 0.08484 -0.29072
0.2785 0.08681 -0.29107
0.27886 0.08879 -0.29137
0.27944 0.09065 -0.29198
0.28025 0.09232 -0.29283
0.28105 0.09409 -0.29354
0.28147 0.09613 -0.29389
0.28125 0.0982 -0.29367
0.28094 0.10019 -0.29336
0.28089 0.10224 -0.2933
0.28109 0.10426 -0.29351
0.2814 0.10625 -0.29381
0.28159 0.10826 -0.294
0.28176 0.11027 -0.2942
0.28187 0.11231 -0.29436
0.28211 0.11433 -0.29464
0.28259 0.11628 -0.29509
0.28312 0.1182 -0.29555
0.28366 0.1201 -0.29603
0.28418 0.12199 -0.2965
0.28463 0.12391 -0.29694
0.28496 0.12586 -0.29731
0.28502 0.12787 -0.29739
0.28493 0.12988 -0.29726
0.28471 0.13189 -0.29707
0.28448 0.13392 -0.297
0.28432 0.13595 -0.29704
0.28438 0.13801 -0.29714
0.27115 -0.0728 -0.27884
0.27186 -0.07098 -0.2794
0.27274 -0.06928 -0.28012
0.2738 -0.06783 -0.28107
0.27486 -0.06637 -0.282
0.27352 -0.06477 -0.28449
0.28061 -0.06268 -0.28618
0.28216 -0.06159 -0.28716
0.28314 -0.0599 -0.28801
0.28382 -0.05808 -0.28869
0.28441 -0.05622 -0.28932
0.28494 -0.0543 -0.28987
0.28497 -0.05225 -0.2901
0.28457 -0.05025 -0.29001
0.28436 -0.04824 -0.28991
0.28423 -0.04621 -0.28992
0.28436 -0.04419 -0.2901
0.28426 -0.04217 -0.2901
0.28416 -0.04014 -0.29
0.28409 -0.03812 -0.29004
0.28412 -0.0361 -0.29012
0.28418 -0.03406 -0.29027
0.28391 -0.03202 -0.29002
0.28297 -0.03026 -0.28951
0.28191 -0.02869 -0.28877
0.28089 -0.02706 -0.28802
0.28044 -0.02508 -0.28769
0.28023 -0.02305 -0.28774
0.27983 -0.02106 -0.28756
0.27979 -0.01902 -0.28773
0.28018 -0.01704 -0.288
0.28056 -0.01506 -0.28836
0.28054 -0.01301 -0.28831
0.28016 -0.01102 -0.28803
0.27981 -0.00903 -0.28763
0.27883 -0.00745 -0.28673
0.27777 -0.00611 -0.28558
0.277 -0.00435 -0.28476
0.27684 -0.00228 -0.28451
0.27687 -0.00024 -0.28465
0.27696 0.00178 -0.28481
0.27678 0.00379 -0.28474
0.27672 0.00582 -0.2848
0.27648 0.00782 -0.28471
0.27597 0.0097 -0.28411
0.27548 0.01167 -0.28369
0.27554 0.01374 -0.28381
0.27556 0.01581 -0.284
0.27609 0.01768 -0.28471
0.27659 0.01951 -0.2854
0.27685 0.02147 -0.28573
0.27657 0.02346 -0.28559
0.27631 0.02544 -0.28531
0.27614 0.02743 -0.28509
0.27586 0.02939 -0.28467
0.27565 0.0314 -0.28443
0.2755 0.0334 -0.28409
0.27534 0.03545 -0.28385
0.27563 0.03746 -0.2843
0.27592 0.0394 -0.28483
0.27614 0.04138 -0.2852
0.27633 0.04335 -0.28559
0.2766 0.04534 -0.28593
0.27727 0.0471 -0.28673
0.278 0.04884 -0.28749
0.27869 0.05069 -0.28814
0.27882 0.05281 -0.28827
0.27846 0.05481 -0.28784
0.27827 0.0568 -0.28753
0.27819 0.05882 -0.28739
0.27805 0.06081 -0.28701
0.27804 0.06282 -0.28678
0.27819 0.06484 -0.28682
0.27837 0.06685 -0.287
0.27861 0.06883 -0.28735
0.27881 0.07082 -0.28762
0.2791 0.0728 -0.28795
0.27943 0.07478 -0.28833
0.27953 0.07682 -0.28836
0.27957 0.07884 -0.28826
0.27982 0.08083 -0.28851
0.2802 0.08278 -0.28892
0.28049 0.08477 -0.28918
0.28075 0.08676 -0.28942
0.28122 0.08866 -0.28991
0.2817 0.09058 -0.29035
0.28234 0.09239 -0.29099
0.28311 0.09419 -0.29161
0.28358 0.09621 -0.29197
0.2832 0.09827 -0.29169
0.2829 0.10027 -0.29142
0.28295 0.1023 -0.29146
0.28305 0.10432 -0.29156
0.28326 0.10633 -0.29177
0.28355 0.10831 -0.29205
0.28369 0.11032 -0.29222
0.28371 0.11235 -0.29231
0.28383 0.11439 -0.29249
0.28429 0.11635 -0.29294
0.28495 0.1182 -0.29351
0.28572 0.11994 -0.29423
0.28647 0.12166 -0.29501
0.28697 0.12355 -0.29553
0.28734 0.12547 -0.29599
0.28752 0.12746 -0.29632
0.28753 0.12947 -0.29645
0.28735 0.13148 -0.29637
0.28699 0.13344 -0.29599
0.28641 0.13531 -0.29541
0.28611 0.13731 -0.29517
0.27049 -0.07463 -0.27828
0.27265 -0.07471 -0.27627
0.2734 -0.07296 -0.27695
0.27426 -0.07133 -0.27773
0.27525 -0.06983 -0.27863
0.27621 -0.06826 -0.27943
0.27724 -0.06677 -0.2803
0.2783 -0.06531 -0.28116
0.28257 -0.06205 -0.28392
0.28369 -0.06045 -0.28472
0.28424 -0.05864 -0.28552
0.28481 -0.05686 -0.28624
0.28571 -0.05522 -0.28697
0.28657 -0.05349 -0.28765
0.28677 -0.05145 -0.28803
0.28638 -0.04945 -0.28799
0.28627 -0.04745 -0.288
0.28624 -0.04544 -0.28811
0.28627 -0.04343 -0.28817
0.28613 -0.04142 -0.28815
0.28604 -0.03941 -0.28807
0.28598 -0.03741 -0.28813
0.28606 -0.03538 -0.28822
0.28595 -0.03331 -0.28814
0.28508 -0.03154 -0.28749
0.28392 -0.02999 -0.2869
0.28299 -0.02829 -0.28623
0.28254 -0.02633 -0.28594
0.28223 -0.02434 -0.28574
0.28194 -0.02234 -0.28569
0.28171 -0.02034 -0.28567
0.28168 -0.01833 -0.28584
0.2822 -0.0164 -0.2862
0.2826 -0.01441 -0.28653
0.28232 -0.01241 -0.28623
0.28201 -0.01042 -0.28599
0.28146 -0.00854 -0.28538
0.28041 -0.00704 -0.28448
0.27954 -0.00547 -0.28353
0.27907 -0.00353 -0.28306
0.279 -0.00149 -0.28294
0.279 0.00052 -0.28306
0.27911 0.00252 -0.28322
0.27906 0.00453 -0.2833
0.27905 0.00653 -0.28343
0.27875 0.0085 -0.28318
0.27817 0.01029 -0.28244
0.2778 0.01229 -0.28217
0.2778 0.01434 -0.28223
0.27794 0.01635 -0.28257
0.27839 0.01823 -0.28318
0.27887 0.0201 -0.28382
0.27869 0.02212 -0.2837
0.27835 0.02417 -0.28347
0.27883 0.0261 -0.28415
0.27878 0.02812 -0.28425
0.27842 0.03 -0.28361
0.27795 0.03185 -0.28285
0.27786 0.03388 -0.28262
0.27792 0.03591 -0.28275
0.27811 0.0379 -0.28305
0.2784 0.03981 -0.2836
0.27866 0.04177 -0.28401
0.27876 0.04377 -0.28425
0.27886 0.04578 -0.28432
0.27931 0.04766 -0.2849
0.27989 0.04949 -0.28551
0.28031 0.05142 -0.28595
0.28048 0.05343 -0.28608
0.28057 0.05544 -0.28614
0.28052 0.05745 -0.28603
0.28033 0.05944 -0.28573
0.28034 0.06144 -0.28558
0.28056 0.06343 -0.28579
0.28078 0.06541 -0.286
0.28099 0.0674 -0.28627
0.28113 0.06941 -0.28636
0.2812 0.07142 -0.28635
0.28147 0.07338 -0.28661
0.28187 0.07532 -0.28704
0.28203 0.07735 -0.28721
0.28204 0.07935 -0.28709
0.28223 0.08132 -0.28721
0.28253 0.08328 -0.28749
0.28278 0.08527 -0.28769
0.28305 0.08724 -0.28793
0.28353 0.08913 -0.28841
0.28395 0.09106 -0.28879
0.28427 0.09303 -0.28909
0.28451 0.09501 -0.28933
0.28469 0.097 -0.28949
0.28473 0.09901 -0.28951
0.28468 0.10102 -0.28946
0.28481 0.10303 -0.28956
0.2849 0.10503 -0.28965
0.28504 0.10704 -0.28979
0.28544 0.10898 -0.29016
0.28559 0.11098 -0.29035
0.2855 0.113 -0.29034
0.28571 0.11503 -0.29059
0.28636 0.11687 -0.29122
0.28714 0.1186 -0.29193
0.28799 0.12023 -0.29274
0.28874 0.12192 -0.29352
0.28939 0.12367 -0.29427
0.28982 0.12556 -0.29482
0.29004 0.12753 -0.29523
0.29005 0.12954 -0.29541
0.28986 0.13154 -0.29532
0.28953 0.13351 -0.29504
0.28891 0.13529 -0.29432
0.27207 -0.07657 -0.27577
0.27951 -0.06404 -0.2821
POLYGONS 11581 46324
3 0 1 2
3 0 2 3
3 3 2 4
3 2 5 4
3 4 5 6
3 5 7 6
3 6 7 8
3 3 4 9
3 9 4 10
3 4 6 10
3 10 6 11
3 6 8 11
3 11 8 12
3 8 13 12
3 12 13 14
3 15 9 16
3 9 10 16
3 16 10 17
3 10 11 17
3 17 11 18
3 11 12 18
3 18 12 19
3 12 14 19
3 19 14 20
3 21 16 22
3 16 17 22
3 22 17 23
3 17 18 23
3 23 18 24
3 18 19 24
3 24 19 25
3 19 20 25
3 25 20 26
3 21 27 28
3 21 22 27
3 22 23 27
3 27 23 29
3 23 24 29
3 29 24 30
3 24 25 30
3 30 25 31
3 25 26 31
3 31 26 32
3 28 27 33
3 33 27 34
3 27 29 34
3 34 29 35
3 29 30 35
3 35 30 36
3 30 31 36
3 36 31 37
3 31 32 37
3 37 32 38
3 33 34 39
3 39 34 40
3 34 35 40
3 40 35 41
3 35 36 41
3 41 36 42
3 36 37 42
3 42 37 43
3 37 38 43
3 43 38 44
3 45 46 47
3 45 39 46
3 39 40 46
3 46 40 48
3 40 41 48
3 48 41 49
3 41 42 49
3 49 42 50
3 42 43 50
3 50 43 51
3 43 52 51
3 43 44 52
3 47 53 54
3 47 46 53
3 46 48 53
3 53 48 55
3 48 49 55
3 55 49 56
3 49 50 56
3 56 50 57
3 50 51 57
3 57 51 58
3 51 59 58
3 51 52 59
3 54 60 61
3 54 53 60
3 53 55 60
3 60 55 62
3 55 56 62
3 62 56 63
3 56 57 63
3 63 57 64
3 57 58 64
3 64 58 65
3 58 66 65
3 58 59 66
3 67 61 68
3 61 69 68
3 61 60 69
3 60 62 69
3 69 62 70
3 62 63 70
3 70 63 71
3 63 64 71
3 71 64 72
3 64 65 72
3 72 65 73
3 65 74 73
3 65 66 74
3 67 68 75
3 75 68 76
3 68 69 76
3 76 69 77
3 69 70 77
3 77 70 78
3 70 71 78
3 78 71 79
3 71 72 79
3 79 72 80
3 72 73 80
3 80 73 81
3 73 82 81
3 73 74 82
3 75 76 83
3 83 76 84
3 76 85 84
3 76 77 85
3 77 78 85
3 85 78 86
3 78 79 86
3 86 79 87
3 79 80 87
3 87 80 88
3 80 81 88
3 88 81 89
3 81 90 89
3 81 82 90
3 91 83 92
3 83 84 92
3 92 84 93
3 84 94 93
3 84 85 94
3 85 86 94
3 94 86 95
3 86 87 95
3 95 87 96
3 87 88 96
3 96 88 97
3 88 98 97
3 88 89 98
3 89 90 99
3 91 92 100
3 100 92 101
3 92 93 101
3 101 93 102
3 93 103 102
3 93 94 103
3 94 95 103
3 103 95 104
3 95 96 104
3 104 96 105
3 96 97 105
3 105 97 106
3 100 101 107
3 107 101 108
3 101 102 108
3 108 102 109
3 102 110 109
3 102 103 110
3 103 104 110
3 110 104 111
3 104 105 111
3 111 105 112
3 105 106 112
3 106 113 114
3 113 115 114
3 113 116 115
3 117 107 118
3 107 108 118
3 118 108 119
3 108 109 119
3 119 109 120
3 109 121 120
3 109 110 121
3 110 111 121
3 121 111 122
3 111 112 122
3 122 112 123
3 112 124 123
3 123 124 125
3 124 126 125
3 124 114 126
3 114 127 126
3 114 115 127
3 117 118 128
3 128 118 129
3 118 119 129
3 129 119 130
3 119 131 130
3 119 120 131
3 120 132 131
3 120 121 132
3 121 122 132
3 132 122 133
3 122 123 133
3 133 123 134
3 123 125 134
3 134 125 135
3 125 126 135
3 135 126 136
3 126 137 136
3 126 127 137
3 138 139 140
3 138 128 139
3 128 129 139
3 139 129 141
3 129 130 141
3 141 130 142
3 130 131 142
3 142 131 143
3 131 144 143
3 131 132 144
3 132 133 144
3 144 133 145
3 133 134 145
3 145 134 146
3 134 135 146
3 146 135 147
3 135 148 147
3 135 136 148
3 136 149 148
3 136 137 149
3 140 150 151
3 140 139 150
3 139 152 150
3 139 141 152
3 141 153 152
3 141 142 153
3 142 154 153
3 142 143 154
3 143 155 154
3 143 144 155
3 144 156 155
3 144 145 156
3 145 146 156
3 156 146 157
3 146 147 157
3 157 147 158
3 147 159 158
3 147 148 159
3 148 160 159
3 148 149 160
3 151 161 162
3 151 150 161
3 150 163 161
3 150 152 163
3 152 164 163
3 152 153 164
3 153 165 164
3 153 154 165
3 154 166 165
3 154 155 166
3 155 167 166
3 155 156 167
3 156 157 167
3 167 157 168
3 157 158 168
3 168 158 169
3 158 159 169
3 169 159 170
3 159 171 170
3 159 160 171
3 172 173 174
3 172 162 173
3 162 175 173
3 162 161 175
3 161 176 175
3 161 163 176
3 163 177 176
3 163 164 177
3 164 178 177
3 164 165 178
3 165 179 178
3 165 166 179
3 166 180 179
3 166 167 180
3 167 168 180
3 180 168 181
3 168 169 181
3 181 169 182
3 169 183 182
3 169 170 183
3 170 184 183
3 170 171 184
3 174 185 186
3 174 173 185
3 173 187 185
3 173 175 187
3 175 176 187
3 187 176 188
3 176 177 188
3 188 177 189
3 177 190 189
3 177 178 190
3 178 191 190
3 178 179 191
3 179 180 191
3 191 180 192
3 180 181 192
3 192 181 193
3 181 182 193
3 193 182 194
3 182 183 194
3 194 183 195
3 183 196 195
3 183 184 196
3 197 186 198
3 186 199 198
3 186 185 199
3 185 200 199
3 185 187 200
3 187 188 200
3 200 188 201
3 188 189 201
3 201 189 202
3 189 203 202
3 189 190 203
3 190 204 203
3 190 191 204
3 191 192 204
3 204 192 205
3 192 193 205
3 205 193 206
3 193 194 206
3 206 194 207
3 194 195 207
3 207 195 208
3 195 209 208
3 195 196 209
3 210 211 212
3 210 198 211
3 198 213 211
3 198 199 213
3 199 214 213
3 199 200 214
3 200 201 214
3 214 201 215
3 201 202 215
3 215 202 216
3 202 203 216
3 216 203 217
3 203 218 217
3 203 204 218
3 204 205 218
3 218 205 219
3 205 206 219
3 219 206 220
3 206 207 220
3 220 207 221
3 207 208 221
3 221 208 222
3 208 223 222
3 208 209 223
3 212 224 225
3 212 211 224
3 211 226 224
3 211 213 226
3 213 227 226
3 213 214 227
3 214 228 227
3 214 215 228
3 215 216 228
3 228 216 229
3 216 217 229
3 229 217 230
3 217 231 230
3 217 218 231
3 218 219 231
3 231 219 232
3 219 220 232
3 232 220 233
3 220 221 233
3 233 221 234
3 221 222 234
3 234 222 235
3 222 223 235
3 235 223 236
3 237 225 238
3 225 239 238
3 225 224 239
3 224 240 239
3 224 226 240
3 226 241 240
3 226 227 241
3 227 242 241
3 227 228 242
3 228 243 242
3 228 229 243
3 229 244 243
3 229 230 244
3 230 245 244
3 230 231 245
3 231 232 245
3 245 232 246
3 232 233 246
3 246 233 247
3 233 234 247
3 247 234 248
3 234 249 248
3 234 235 249
3 235 236 249
3 249 236 250
3 237 251 252
3 237 238 251
3 238 253 251
3 238 239 253
3 239 254 253
3 239 240 254
3 240 255 254
3 240 241 255
3 241 256 255
3 241 242 256
3 242 257 256
3 242 243 257
3 243 258 257
3 243 244 258
3 244 259 258
3 244 245 259
3 245 260 259
3 245 246 260
3 246 247 260
3 260 247 261
3 247 262 261
3 247 248 262
3 248 263 262
3 248 249 263
3 249 264 263
3 249 250 264
3 252 251 265
3 265 251 266
3 251 267 266
3 251 253 267
3 253 268 267
3 253 254 268
3 254 269 268
3 254 255 269
3 255 270 269
3 255 256 270
3 256 271 270
3 256 257 271
3 257 272 271
3 257 258 272
3 258 273 272
3 258 259 273
3 259 274 273
3 259 260 274
3 260 261 274
3 274 261 275
3 261 262 275
3 275 262 276
3 262 277 276
3 262 263 277
3 263 278 277
3 263 264 278
3 265 266 279
3 279 266 280
3 266 281 280
3 266 267 281
3 267 282 281
3 267 268 282
3 268 283 282
3 268 269 283
3 269 284 283
3 269 270 284
3 270 285 284
3 270 271 285
3 271 286 285
3 271 272 286
3 272 287 286
3 272 273 287
3 273 274 287
3 287 274 288
3 274 275 288
3 288 275 289
3 275 276 289
3 289 276 290
3 276 291 290
3 276 277 291
3 277 292 291
3 277 278 292
3 279 280 293
3 293 280 294
3 280 295 294
3 280 281 295
3 281 296 295
3 281 282 296
3 282 297 296
3 282 283 297
3 283 284 297
3 297 284 298
3 284 299 298
3 284 285 299
3 285 300 299
3 285 286 300
3 286 301 300
3 286 287 301
3 287 288 301
3 301 288 302
3 288 289 302
3 302 289 303
3 289 290 303
3 303 290 304
3 290 305 304
3 290 291 305
3 291 306 305
3 291 292 306
3 307 293 308
3 293 294 308
3 308 294 309
3 294 310 309
3 294 295 310
3 295 311 310
3 295 296 311
3 296 312 311
3 296 297 312
3 297 298 312
3 312 298 313
3 298 299 313
3 313 299 314
3 299 300 314
3 314 300 315
3 300 316 315
3 300 301 316
3 301 302 316
3 316 302 317
3 302 303 317
3 317 303 318
3 303 304 318
3 318 304 319
3 304 320 319
3 304 305 320
3 305 321 320
3 305 306 321
3 307 308 322
3 322 308 323
3 308 309 323
3 323 309 324
3 309 310 324
3 324 310 325
3 310 326 325
3 310 311 326
3 311 312 326
3 326 312 327
3 312 313 327
3 327 313 328
3 313 314 328
3 328 314 329
3 314 315 329
3 329 315 330
3 315 331 330
3 315 316 331
3 316 317 331
3 331 317 332
3 317 318 332
3 332 318 333
3 318 319 333
3 333 319 334
3 319 335 334
3 319 320 335
3 320 336 335
3 320 321 336
3 322 323 337
3 337 323 338
3 323 324 338
3 338 324 339
3 324 325 339
3 339 325 340
3 325 341 340
3 325 326 341
3 326 327 341
3 341 327 342
3 327 328 342
3 342 328 343
3 328 329 343
3 343 329 344
3 329 330 344
3 344 330 345
3 330 346 345
3 330 331 346
3 331 332 346
3 346 332 347
3 332 333 347
3 347 333 348
3 333 334 348
3 348 334 349
3 334 350 349
3 334 335 350
3 335 351 350
3 335 336 351
3 352 337 353
3 337 338 353
3 353 338 354
3 338 339 354
3 354 339 355
3 339 356 355
3 339 340 356
3 340 357 356
3 340 341 357
3 341 358 357
3 341 342 358
3 342 359 358
3 342 343 359
3 343 344 359
3 359 344 360
3 344 345 360
3 360 345 361
3 345 362 361
3 345 346 362
3 346 347 362
3 362 347 363
3 347 348 363
3 363 348 364
3 348 349 364
3 364 349 365
3 349 366 365
3 349 350 366
3 350 367 366
3 350 351 367
3 352 368 369
3 352 353 368
3 353 354 368
3 368 354 370
3 354 355 370
3 370 355 371
3 355 372 371
3 355 356 372
3 356 373 372
3 356 357 373
3 357 374 373
3 357 358 374
3 358 375 374
3 358 359 375
3 359 360 375
3 375 360 376
3 360 361 376
3 376 361 377
3 361 378 377
3 361 362 378
3 362 363 378
3 378 363 379
3 363 364 379
3 379 364 380
3 364 365 380
3 380 365 381
3 365 382 381
3 365 366 382
3 366 383 382
3 366 367 383
3 369 368 384
3 384 368 385
3 368 370 385
3 385 370 386
3 370 371 386
3 386 371 387
3 371 372 387
3 387 372 388
3 372 389 388
3 372 373 389
3 373 390 389
3 373 374 390
3 374 391 390
3 374 375 391
3 375 376 391
3 391 376 392
3 376 377 392
3 392 377 393
3 377 394 393
3 377 378 394
3 378 379 394
3 394 379 395
3 379 380 395
3 395 380 396
3 380 381 396
3 396 381 397
3 381 398 397
3 381 382 398
3 382 399 398
3 382 383 399
3 384 385 400
3 400 385 401
3 385 386 401
3 401 386 402
3 386 387 402
3 402 387 403
3 387 388 403
3 403 388 404
3 388 389 404
3 404 389 405
3 389 406 405
3 389 390 406
3 390 407 406
3 390 391 407
3 391 408 407
3 391 392 408
3 392 409 408
3 392 393 409
3 393 410 409
3 393 394 410
3 394 395 410
3 410 395 411
3 395 396 411
3 411 396 412
3 396 397 412
3 412 397 413
3 397 414 413
3 397 398 414
3 398 415 414
3 398 399 415
3 416 400 417
3 400 401 417
3 417 401 418
3 401 402 418
3 418 402 419
3 402 403 419
3 419 403 420
3 403 404 420
3 420 404 421
3 404 405 421
3 421 405 422
3 405 406 422
3 422 406 423
3 406 424 423
3 406 407 424
3 407 425 424
3 407 408 425
3 408 426 425
3 408 409 426
3 409 427 426
3 409 410 427
3 410 411 427
3 427 411 428
3 411 412 428
3 428 412 429
3 412 413 429
3 429 413 430
3 413 431 430
3 413 414 431
3 414 432 431
3 414 415 432
3 416 417 433
3 433 417 434
3 417 418 434
3 434 418 435
3 418 436 435
3 418 419 436
3 419 437 436
3 419 420 437
3 420 438 437
3 420 421 438
3 421 439 438
3 421 422 439
3 422 423 439
3 439 423 440
3 423 441 440
3 423 424 441
3 424 425 441
3 441 425 442
3 425 426 442
3 442 426 443
3 426 444 443
3 426 427 444
3 427 428 444
3 444 428 445
3 428 429 445
3 445 429 446
3 429 447 446
3 429 430 447
3 430 448 447
3 430 431 448
3 431 449 448
3 431 432 449
3 433 434 450
3 450 434 451
3 434 435 451
3 451 435 452
3 435 453 452
3 435 436 453
3 436 454 453
3 436 437 454
3 437 455 454
3 437 438 455
3 438 456 455
3 438 439 456
3 439 457 456
3 439 440 457
3 440 458 457
3 440 441 458
3 441 459 458
3 441 442 459
3 442 443 459
3 459 443 460
3 443 461 460
3 443 444 461
3 444 445 461
3 461 445 462
3 445 446 462
3 462 446 463
3 446 447 463
3 463 447 464
3 447 465 464
3 447 448 465
3 448 466 465
3 448 449 466
3 467 450 468
3 450 451 468
3 468 451 469
3 451 452 469
3 469 452 470
3 452 471 470
3 452 453 471
3 453 472 471
3 453 454 472
3 454 473 472
3 454 455 473
3 455 474 473
3 455 456 474
3 456 475 474
3 456 457 475
3 457 476 475
3 457 458 476
3 458 477 476
3 458 459 477
3 459 460 477
3 477 460 478
3 460 479 478
3 460 461 479
3 461 462 479
3 479 462 480
3 462 463 480
3 480 463 481
3 463 464 481
3 481 464 482
3 464 483 482
3 464 465 483
3 465 484 483
3 465 466 484
3 485 468 486
3 468 469 486
3 486 469 487
3 469 470 487
3 487 470 488
3 470 489 488
3 470 471 489
3 471 490 489
3 471 472 490
3 472 491 490
3 472 473 491
3 473 492 491
3 473 474 492
3 474 493 492
3 474 475 493
3 475 494 493
3 475 476 494
3 476 477 494
3 494 477 495
3 477 478 495
3 495 478 496
3 478 479 496
3 496 479 497
3 479 480 497
3 497 480 498
3 480 481 498
3 498 481 499
3 481 482 499
3 499 482 500
3 482 501 500
3 482 483 501
3 483 502 501
3 483 484 502
3 485 486 503
3 503 486 504
3 486 487 504
3 504 487 505
3 487 488 505
3 505 488 506
3 488 507 506
3 488 489 507
3 489 508 507
3 489 490 508
3 490 509 508
3 490 491 509
3 491 510 509
3 491 492 510
3 492 511 510
3 492 493 511
3 493 512 511
3 493 494 512
3 494 495 512
3 512 495 513
3 495 496 513
3 513 496 514
3 496 515 514
3 496 497 515
3 497 498 515
3 515 498 516
3 498 499 516
3 516 499 517
3 499 500 517
3 517 500 518
3 500 519 518
3 500 501 519
3 501 520 519
3 501 502 520
3 521 503 522
3 503 504 522
3 522 504 523
3 504 505 523
3 523 505 524
3 505 506 524
3 524 506 525
3 506 526 525
3 506 507 526
3 507 527 526
3 507 508 527
3 508 528 527
3 508 509 528
3 509 529 528
3 509 510 529
3 510 530 529
3 510 511 530
3 511 531 530
3 511 512 531
3 512 532 531
3 512 513 532
3 513 514 532
3 532 514 533
3 514 534 533
3 514 515 534
3 515 516 534
3 534 516 535
3 516 517 535
3 535 517 536
3 517 518 536
3 536 518 537
3 518 538 537
3 518 519 538
3 519 539 538
3 519 520 539
3 521 522 540
3 540 522 541
3 522 523 541
3 541 523 542
3 523 524 542
3 542 524 543
3 524 525 543
3 543 525 544
3 525 545 544
3 525 526 545
3 526 546 545
3 526 527 546
3 527 547 546
3 527 528 547
3 528 548 547
3 528 529 548
3 529 549 548
3 529 530 549
3 530 550 549
3 530 531 550
3 531 551 550
3 531 532 551
3 532 533 551
3 551 533 552
3 533 553 552
3 533 534 553
3 534 535 553
3 553 535 554
3 535 536 554
3 554 536 555
3 536 537 555
3 555 537 556
3 537 557 556
3 537 538 557
3 538 558 557
3 538 539 558
3 540 541 559
3 559 541 560
3 541 542 560
3 560 542 561
3 542 543 561
3 561 543 562
3 543 544 562
3 562 544 563
3 544 564 563
3 544 545 564
3 545 565 564
3 545 546 565
3 546 566 565
3 546 547 566
3 547 567 566
3 547 548 567
3 548 568 567
3 548 549 568
3 549 569 568
3 549 550 569
3 550 570 569
3 550 551 570
3 551 552 570
3 570 552 571
3 552 572 571
3 552 553 572
3 553 554 572
3 572 554 573
3 554 555 573
3 573 555 574
3 555 556 574
3 574 556 575
3 556 576 575
3 556 557 576
3 557 577 576
3 557 558 577
3 578 559 579
3 559 560 579
3 579 560 580
3 560 561 580
3 580 561 581
3 561 562 581
3 581 562 582
3 562 583 582
3 562 563 583
3 563 584 583
3 563 564 584
3 564 585 584
3 564 565 585
3 565 586 585
3 565 566 586
3 566 587 586
3 566 567 587
3 567 588 587
3 567 568 588
3 568 589 588
3 568 569 589
3 569 590 589
3 569 570 590
3 570 571 590
3 590 571 591
3 571 592 591
3 571 572 592
3 572 573 592
3 592 573 593
3 573 574 593
3 593 574 594
3 574 575 594
3 594 575 595
3 575 596 595
3 575 576 596
3 576 597 596
3 576 577 597
3 578 579 598
3 598 579 599
3 579 580 599
3 599 580 600
3 580 581 600
3 600 581 601
3 581 582 601
3 601 582 602
3 582 603 602
3 582 583 603
3 583 604 603
3 583 584 604
3 584 605 604
3 584 585 605
3 585 606 605
3 585 586 606
3 586 607 606
3 586 587 607
3 587 588 607
3 607 588 608
3 588 609 608
3 588 589 609
3 589 590 609
3 609 590 610
3 590 591 610
3 610 591 611
3 591 612 611
3 591 592 612
3 592 593 612
3 612 593 613
3 593 594 613
3 613 594 614
3 594 595 614
3 614 595 615
3 595 616 615
3 595 596 616
3 596 617 616
3 596 597 617
3 598 599 618
3 618 599 619
3 599 600 619
3 619 600 620
3 600 601 620
3 620 601 621
3 601 602 621
3 621 602 622
3 602 603 622
3 622 603 623
3 603 624 623
3 603 604 624
3 604 625 624
3 604 605 625
3 605 626 625
3 605 606 626
3 606 627 626
3 606 607 627
3 607 608 627
3 627 608 628
3 608 629 628
3 608 609 629
3 609 610 629
3 629 610 630
3 610 611 630
3 630 611 631
3 611 632 631
3 611 612 632
3 612 613 632
3 632 613 633
3 613 614 633
3 633 614 634
3 614 615 634
3 634 615 635
3 615 636 635
3 615 616 636
3 616 637 636
3 616 617 637
3 638 618 639
3 618 619 639
3 639 619 640
3 619 620 640
3 640 620 641
3 620 621 641
3 641 621 642
3 621 622 642
3 642 622 643
3 622 623 643
3 643 623 644
3 623 645 644
3 623 624 645
3 624 646 645
3 624 625 646
3 625 647 646
3 625 626 647
3 626 627 647
3 647 627 648
3 627 628 648
3 648 628 649
3 628 650 649
3 628 629 650
3 629 630 650
3 650 630 651
3 630 631 651
3 651 631 652
3 631 653 652
3 631 632 653
3 632 633 653
3 653 633 654
3 633 634 654
3 654 634 655
3 634 635 655
3 655 635 656
3 635 657 656
3 635 636 657
3 636 658 657
3 636 637 658
3 638 639 659
3 659 639 660
3 639 640 660
3 660 640 661
3 640 641 661
3 661 641 662
3 641 642 662
3 662 642 663
3 642 643 663
3 663 643 664
3 643 644 664
3 664 644 665
3 644 666 665
3 644 645 666
3 645 667 666
3 645 646 667
3 646 668 667
3 646 647 668
3 647 669 668
3 647 648 669
3 648 670 669
3 648 649 670
3 649 671 670
3 649 650 671
3 650 672 671
3 650 651 672
3 651 652 672
3 672 652 673
3 652 674 673
3 652 653 674
3 653 654 674
3 674 654 675
3 654 655 675
3 675 655 676
3 655 656 676
3 676 656 677
3 656 678 677
3 656 657 678
3 657 679 678
3 657 658 679
3 659 660 680
3 680 660 681
3 660 661 681
3 681 661 682
3 661 662 682
3 682 662 683
3 662 663 683
3 683 663 684
3 663 664 684
3 684 664 685
3 664 665 685
3 685 665 686
3 665 687 686
3 665 666 687
3 666 688 687
3 666 667 688
3 667 689 688
3 667 668 689
3 668 690 689
3 668 669 690
3 669 670 690
3 690 670 691
3 670 692 691
3 670 671 692
3 671 693 692
3 671 672 693
3 672 694 693
3 672 673 694
3 673 695 694
3 673 674 695
3 674 675 695
3 695 675 696
3 675 676 696
3 696 676 697
3 676 677 697
3 697 677 698
3 677 699 698
3 677 678 699
3 678 700 699
3 678 679 700
3 701 680 702
3 680 681 702
3 702 681 703
3 681 682 703
3 703 682 704
3 682 683 704
3 704 683 705
3 683 684 705
3 705 684 706
3 684 685 706
3 706 685 707
3 685 686 707
3 707 686 708
3 686 709 708
3 686 687 709
3 687 710 709
3 687 688 710
3 688 711 710
3 688 689 711
3 689 712 711
3 689 690 712
3 690 713 712
3 690 691 713
3 691 714 713
3 691 692 714
3 692 715 714
3 692 693 715
3 693 694 715
3 715 694 716
3 694 717 716
3 694 695 717
3 695 696 717
3 717 696 718
3 696 697 718
3 718 697 719
3 697 698 719
3 719 698 720
3 698 721 720
3 698 699 721
3 699 722 721
3 699 700 722
3 723 702 724
3 702 703 724
3 724 703 725
3 703 704 725
3 725 704 726
3 704 705 726
3 726 705 727
3 705 706 727
3 727 706 728
3 706 707 728
3 728 707 729
3 707 708 729
3 729 708 730
3 708 731 730
3 708 709 731
3 709 732 731
3 709 710 732
3 710 733 732
3 710 711 733
3 711 734 733
3 711 712 734
3 712 735 734
3 712 713 735
3 713 736 735
3 713 714 736
3 714 737 736
3 714 715 737
3 715 716 737
3 737 716 738
3 716 717 738
3 738 717 739
3 717 718 739
3 739 718 740
3 718 719 740
3 740 719 741
3 719 720 741
3 741 720 742
3 720 743 742
3 720 721 743
3 721 744 743
3 721 722 744
3 723 724 745
3 745 724 746
3 724 725 746
3 746 725 747
3 725 726 747
3 747 726 748
3 726 727 748
3 748 727 749
3 727 728 749
3 749 728 750
3 728 729 750
3 750 729 751
3 729 730 751
3 751 730 752
3 730 753 752
3 730 731 753
3 731 754 753
3 731 732 754
3 732 755 754
3 732 733 755
3 733 756 755
3 733 734 756
3 734 757 756
3 734 735 757
3 735 758 757
3 735 736 758
3 736 737 758
3 758 737 759
3 737 738 759
3 759 738 760
3 738 761 760
3 738 739 761
3 739 740 761
3 761 740 762
3 740 741 762
3 762 741 763
3 741 742 763
3 763 742 764
3 742 765 764
3 742 743 765
3 743 766 765
3 743 744 766
3 767 745 768
3 745 746 768
3 768 746 769
3 746 747 769
3 769 747 770
3 747 748 770
3 770 748 771
3 748 749 771
3 771 749 772
3 749 750 772
3 772 750 773
3 750 751 773
3 773 751 774
3 751 752 774
3 774 752 775
3 752 753 775
3 775 753 776
3 753 777 776
3 753 754 777
3 754 778 777
3 754 755 778
3 755 779 778
3 755 756 779
3 756 780 779
3 756 757 780
3 757 781 780
3 757 758 781
3 758 759 781
3 781 759 782
3 759 760 782
3 782 760 783
3 760 784 783
3 760 761 784
3 761 762 784
3 784 762 785
3 762 763 785
3 785 763 786
3 763 764 786
3 786 764 787
3 764 788 787
3 764 765 788
3 765 789 788
3 765 766 789
3 767 768 790
3 790 768 791
3 768 769 791
3 791 769 792
3 769 770 792
3 792 770 793
3 770 771 793
3 793 771 794
3 771 772 794
3 794 772 795
3 772 773 795
3 795 773 796
3 773 774 796
3 796 774 797
3 774 775 797
3 797 775 798
3 775 776 798
3 798 776 799
3 776 800 799
3 776 777 800
3 777 801 800
3 777 778 801
3 778 802 801
3 778 779 802
3 779 780 802
3 802 780 803
3 780 804 803
3 780 781 804
3 781 782 804
3 804 782 805
3 782 783 805
3 805 783 806
3 783 784 806
3 806 784 807
3 784 785 807
3 807 785 808
3 785 786 808
3 808 786 809
3 786 787 809
3 809 787 810
3 787 811 810
3 787 788 811
3 788 812 811
3 788 789 812
3 813 790 814
3 790 791 814
3 814 791 815
3 791 792 815
3 815 792 816
3 792 793 816
3 816 793 817
3 793 794 817
3 817 794 818
3 794 795 818
3 818 795 819
3 795 796 819
3 819 796 820
3 796 797 820
3 820 797 821
3 797 798 821
3 821 798 822
3 798 799 822
3 822 799 823
3 799 800 823
3 823 800 824
3 800 825 824
3 800 801 825
3 801 802 825
3 825 802 826
3 802 803 826
3 826 803 827
3 803 828 827
3 803 804 828
3 804 805 828
3 828 805 829
3 805 806 829
3 829 806 830
3 806 807 830
3 830 807 831
3 807 808 831
3 831 808 832
3 808 809 832
3 832 809 833
3 809 810 833
3 833 810 834
3 810 835 834
3 810 811 835
3 811 836 835
3 811 812 836
3 813 814 837
3 837 814 838
3 814 815 838
3 838 815 839
3 815 816 839
3 839 816 840
3 816 817 840
3 840 817 841
3 817 818 841
3 841 818 842
3 818 819 842
3 842 819 843
3 819 820 843
3 843 820 844
3 820 821 844
3 844 821 845
3 821 822 845
3 845 822 846
3 822 823 846
3 846 823 847
3 823 824 847
3 847 824 848
3 824 849 848
3 824 825 849
3 825 826 849
3 849 826 850
3 826 827 850
3 850 827 851
3 827 852 851
3 827 828 852
3 828 829 852
3 852 829 853
3 829 830 853
3 853 830 854
3 830 831 854
3 854 831 855
3 831 832 855
3 855 832 856
3 832 833 856
3 856 833 857
3 833 834 857
3 857 834 858
3 834 859 858
3 834 835 859
3 835 860 859
3 835 836 860
3 861 862 863
3 861 837 862
3 837 838 862
3 862 838 864
3 838 839 864
3 864 839 865
3 839 840 865
3 865 840 866
3 840 841 866
3 866 841 867
3 841 842 867
3 867 842 868
3 842 843 868
3 868 843 869
3 843 844 869
3 869 844 870
3 844 845 870
3 870 845 871
3 845 846 871
3 871 846 872
3 846 847 872
3 872 847 873
3 847 874 873
3 847 848 874
3 848 875 874
3 848 849 875
3 849 876 875
3 849 850 876
3 850 851 876
3 876 851 877
3 851 878 877
3 851 852 878
3 852 853 878
3 878 853 879
3 853 854 879
3 879 854 880
3 854 881 880
3 854 855 881
3 855 856 881
3 881 856 882
3 856 857 882
3 882 857 883
3 857 858 883
3 883 858 884
3 858 885 884
3 858 859 885
3 859 886 885
3 859 860 886
3 863 887 888
3 863 862 887
3 862 864 887
3 887 864 889
3 864 865 889
3 889 865 890
3 865 866 890
3 890 866 891
3 866 867 891
3 891 867 892
3 867 868 892
3 892 868 893
3 868 869 893
3 893 869 894
3 869 870 894
3 894 870 895
3 870 871 895
3 895 871 896
3 871 872 896
3 896 872 897
3 872 898 897
3 872 873 898
3 873 899 898
3 873 874 899
3 874 900 899
3 874 875 900
3 875 901 900
3 875 876 901
3 876 902 901
3 876 877 902
3 877 903 902
3 877 878 903
3 878 904 903
3 878 879 904
3 879 905 904
3 879 880 905
3 880 906 905
3 880 881 906
3 881 882 906
3 906 882 907
3 882 883 907
3 907 883 908
3 883 884 908
3 908 884 909
3 884 910 909
3 884 885 910
3 885 911 910
3 885 886 911
3 888 912 913
3 888 887 912
3 887 889 912
3 912 889 914
3 889 890 914
3 914 890 915
3 890 891 915
3 915 891 916
3 891 892 916
3 916 892 917
3 892 893 917
3 917 893 918
3 893 894 918
3 918 894 919
3 894 895 919
3 919 895 920
3 895 896 920
3 920 896 921
3 896 922 921
3 896 897 922
3 897 923 922
3 897 898 923
3 898 924 923
3 898 899 924
3 899 925 924
3 899 900 925
3 900 926 925
3 900 901 926
3 901 927 926
3 901 902 927
3 902 928 927
3 902 903 928
3 903 929 928
3 903 904 929
3 904 930 929
3 904 905 930
3 905 931 930
3 905 906 931
3 906 932 931
3 906 907 932
3 907 908 932
3 932 908 933
3 908 909 933
3 933 909 934
3 909 935 934
3 909 910 935
3 910 936 935
3 910 911 936
3 937 938 939
3 937 913 938
3 913 940 938
3 913 912 940
3 912 914 940
3 940 914 941
3 914 915 941
3 941 915 942
3 915 916 942
3 942 916 943
3 916 917 943
3 943 917 944
3 917 918 944
3 944 918 945
3 918 919 945
3 945 919 946
3 919 920 946
3 946 920 947
3 920 921 947
3 947 921 948
3 921 949 948
3 921 922 949
3 922 950 949
3 922 923 950
3 923 951 950
3 923 924 951
3 924 952 951
3 924 925 952
3 925 953 952
3 925 926 953
3 926 954 953
3 926 927 954
3 927 955 954
3 927 928 955
3 928 956 955
3 928 929 956
3 929 957 956
3 929 930 957
3 930 958 957
3 930 931 958
3 931 959 958
3 931 932 959
3 932 933 959
3 959 933 960
3 933 934 960
3 960 934 961
3 934 962 961
3 934 935 962
3 935 963 962
3 935 936 963
3 939 964 965
3 939 938 964
3 938 966 964
3 938 940 966
3 940 941 966
3 966 941 967
3 941 942 967
3 967 942 968
3 942 943 968
3 968 943 969
3 943 944 969
3 969 944 970
3 944 945 970
3 970 945 971
3 945 946 971
3 971 946 972
3 946 947 972
3 972 947 973
3 947 948 973
3 973 948 974
3 948 949 974
3 974 949 975
3 949 976 975
3 949 950 976
3 950 977 976
3 950 951 977
3 951 978 977
3 951 952 978
3 952 979 978
3 952 953 979
3 953 980 979
3 953 954 980
3 954 981 980
3 954 955 981
3 955 982 981
3 955 956 982
3 956 983 982
3 956 957 983
3 957 984 983
3 957 958 984
3 958 959 984
3 984 959 985
3 959 960 985
3 985 960 986
3 960 961 986
3 986 961 987
3 961 988 987
3 961 962 988
3 962 989 988
3 962 963 989
3 990 965 991
3 965 992 991
3 965 964 992
3 964 993 992
3 964 966 993
3 966 967 993
3 993 967 994
3 967 968 994
3 994 968 995
3 968 969 995
3 995 969 996
3 969 970 996
3 996 970 997
3 970 971 997
3 997 971 998
3 971 972 998
3 998 972 999
3 972 973 999
3 999 973 1000
3 973 974 1000
3 1000 974 1001
3 974 975 1001
3 1001 975 1002
3 975 1003 1002
3 975 976 1003
3 976 1004 1003
3 976 977 1004
3 977 1005 1004
3 977 978 1005
3 978 1006 1005
3 978 979 1006
3 979 1007 1006
3 979 980 1007
3 980 1008 1007
3 980 981 1008
3 981 1009 1008
3 981 982 1009
3 982 1010 1009
3 982 983 1010
3 983 1011 1010
3 983 984 1011
3 984 985 1011
3 1011 985 1012
3 985 986 1012
3 1012 986 1013
3 986 987 1013
3 1013 987 1014
3 987 1015 1014
3 987 988 1015
3 988 1016 1015
3 988 989 1016
3 990 1017 1018
3 990 991 1017
3 991 1019 1017
3 991 992 1019
3 992 1020 1019
3 992 993 1020
3 993 994 1020
3 1020 994 1021
3 994 995 1021
3 1021 995 1022
3 995 996 1022
3 1022 996 1023
3 996 997 1023
3 1023 997 1024
3 997 998 1024
3 1024 998 1025
3 998 999 1025
3 1025 999 1026
3 999 1000 1026
3 1026 1000 1027
3 1000 1001 1027
3 1027 1001 1028
3 1001 1002 1028
3 1028 1002 1029
3 1002 1030 1029
3 1002 1003 1030
3 1003 1031 1030
3 1003 1004 1031
3 1004 1032 1031
3 1004 1005 1032
3 1005 1033 1032
3 1005 1006 1033
3 1006 1034 1033
3 1006 1007 1034
3 1007 1035 1034
3 1007 1008 1035
3 1008 1036 1035
3 1008 1009 1036
3 1009 1037 1036
3 1009 1010 1037
3 1010 1038 1037
3 1010 1011 1038
3 1011 1012 1038
3 1038 1012 1039
3 1012 1013 1039
3 1039 1013 1040
3 1013 1014 1040
3 1040 1014 1041
3 1014 1042 1041
3 1014 1015 1042
3 1015 1043 1042
3 1015 1016 1043
3 1044 1018 1045
3 1018 1046 1045
3 1018 1017 1046
3 1017 1047 1046
3 1017 1019 1047
3 1019 1048 1047
3 1019 1020 1048
3 1020 1049 1048
3 1020 1021 1049
3 1021 1022 1049
3 1049 1022 1050
3 1022 1023 1050
3 1050 1023 1051
3 1023 1024 1051
3 1051 1024 1052
3 1024 1025 1052
3 1052 1025 1053
3 1025 1026 1053
3 1053 1026 1054
3 1026 1027 1054
3 1054 1027 1055
3 1027 1028 1055
3 1055 1028 1056
3 1028 1057 1056
3 1028 1029 1057
3 1029 1058 1057
3 1029 1030 1058
3 1030 1059 1058
3 1030 1031 1059
3 1031 1060 1059
3 1031 1032 1060
3 1032 1061 1060
3 1032 1033 1061
3 1033 1062 1061
3 1033 1034 1062
3 1034 1063 1062
3 1034 1035 1063
3 1035 1064 1063
3 1035 1036 1064
3 1036 1065 1064
3 1036 1037 1065
3 1037 1066 1065
3 1037 1038 1066
3 1038 1039 1066
3 1066 1039 1067
3 1039 1040 1067
3 1067 1040 1068
3 1040 1069 1068
3 1040 1041 1069
3 1041 1070 1069
3 1041 1042 1070
3 1042 1071 1070
3 1042 1043 1071
3 1044 1045 1072
3 1072 1045 1073
3 1045 1074 1073
3 1045 1046 1074
3 1046 1075 1074
3 1046 1047 1075
3 1047 1076 1075
3 1047 1048 1076
3 1048 1049 1076
3 1076 1049 1077
3 1049 1050 1077
3 1077 1050 1078
3 1050 1051 1078
3 1078 1051 1079
3 1051 1052 1079
3 1079 1052 1080
3 1052 1053 1080
3 1080 1053 1081
3 1053 1054 1081
3 1081 1054 1082
3 1054 1055 1082
3 1082 1055 1083
3 1055 1056 1083
3 1083 1056 1084
3 1056 1085 1084
3 1056 1057 1085
3 1057 1086 1085
3 1057 1058 1086
3 1058 1087 1086
3 1058 1059 1087
3 1059 1088 1087
3 1059 1060 1088
3 1060 1089 1088
3 1060 1061 1089
3 1061 1090 1089
3 1061 1062 1090
3 1062 1091 1090
3 1062 1063 1091
3 1063 1092 1091
3 1063 1064 1092
3 1064 1093 1092
3 1064 1065 1093
3 1065 1094 1093
3 1065 1066 1094
3 1066 1067 1094
3 1094 1067 1095
3 1067 1068 1095
3 1095 1068 1096
3 1068 1097 1096
3 1068 1069 1097
3 1069 1098 1097
3 1069 1070 1098
3 1070 1099 1098
3 1070 1071 1099
3 1072 1073 1100
3 1100 1073 1101
3 1073 1074 1101
3 1101 1074 1102
3 1074 1103 1102
3 1074 1075 1103
3 1075 1104 1103
3 1075 1076 1104
3 1076 1077 1104
3 1104 1077 1105
3 1077 1078 1105
3 1105 1078 1106
3 1078 1079 1106
3 1106 1079 1107
3 1079 1080 1107
3 1107 1080 1108
3 1080 1081 1108
3 1108 1081 1109
3 1081 1082 1109
3 1109 1082 1110
3 1082 1083 1110
3 1110 1083 1111
3 1083 1084 1111
3 1111 1084 1112
3 1084 1085 1112
3 1112 1085 1113
3 1085 1114 1113
3 1085 1086 1114
3 1086 1115 1114
3 1086 1087 1115
3 1087 1116 1115
3 1087 1088 1116
3 1088 1117 1116
3 1088 1089 1117
3 1089 1090 1117
3 1117 1090 1118
3 1090 1119 1118
3 1090 1091 1119
3 1091 1120 1119
3 1091 1092 1120
3 1092 1121 1120
3 1092 1093 1121
3 1093 1122 1121
3 1093 1094 1122
3 1094 1095 1122
3 1122 1095 1123
3 1095 1096 1123
3 1123 1096 1124
3 1096 1125 1124
3 1096 1097 1125
3 1097 1126 1125
3 1097 1098 1126
3 1098 1127 1126
3 1098 1099 1127
3 1128 1100 1129
3 1100 1101 1129
3 1129 1101 1130
3 1101 1102 1130
3 1130 1102 1131
3 1102 1132 1131
3 1102 1103 1132
3 1103 1133 1132
3 1103 1104 1133
3 1104 1105 1133
3 1133 1105 1134
3 1105 1106 1134
3 1134 1106 1135
3 1106 1107 1135
3 1135 1107 1136
3 1107 1108 1136
3 1136 1108 1137
3 1108 1109 1137
3 1137 1109 1138
3 1109 1110 1138
3 1138 1110 1139
3 1110 1111 1139
3 1139 1111 1140
3 1111 1112 1140
3 1140 1112 1141
3 1112 1113 1141
3 1141 1113 1142
3 1113 1143 1142
3 1113 1114 1143
3 1114 1144 1143
3 1114 1115 1144
3 1115 1145 1144
3 1115 1116 1145
3 1116 1146 1145
3 1116 1117 1146
3 1117 1118 1146
3 1146 1118 1147
3 1118 1148 1147
3 1118 1119 1148
3 1119 1149 1148
3 1119 1120 1149
3 1120 1150 1149
3 1120 1121 1150
3 1121 1151 1150
3 1121 1122 1151
3 1122 1123 1151
3 1151 1123 1152
3 1123 1124 1152
3 1152 1124 1153
3 1124 1125 1153
3 1153 1125 1154
3 1125 1155 1154
3 1125 1126 1155
3 1126 1156 1155
3 1126 1127 1156
3 1128 1129 1157
3 1157 1129 1158
3 1129 1130 1158
3 1158 1130 1159
3 1130 1131 1159
3 1159 1131 1160
3 1131 1161 1160
3 1131 1132 1161
3 1132 1162 1161
3 1132 1133 1162
3 1133 1134 1162
3 1162 1134 1163
3 1134 1135 1163
3 1163 1135 1164
3 1135 1136 1164
3 1164 1136 1165
3 1136 1137 1165
3 1165 1137 1166
3 1137 1138 1166
3 1166 1138 1167
3 1138 1139 1167
3 1167 1139 1168
3 1139 1140 1168
3 1168 1140 1169
3 1140 1141 1169
3 1169 1141 1170
3 1141 1171 1170
3 1141 1142 1171
3 1142 1172 1171
3 1142 1143 1172
3 1143 1173 1172
3 1143 1144 1173
3 1144 1174 1173
3 1144 1145 1174
3 1145 1175 1174
3 1145 1146 1175
3 1146 1147 1175
3 1175 1147 1176
3 1147 1177 1176
3 1147 1148 1177
3 1148 1178 1177
3 1148 1149 1178
3 1149 1179 1178
3 1149 1150 1179
3 1150 1180 1179
3 1150 1151 1180
3 1151 1152 1180
3 1180 1152 1181
3 1152 1153 1181
3 1181 1153 1182
3 1153 1154 1182
3 1182 1154 1183
3 1154 1184 1183
3 1154 1155 1184
3 1155 1185 1184
3 1155 1156 1185
3 1186 1157 1187
3 1157 1158 1187
3 1187 1158 1188
3 1158 1159 1188
3 1188 1159 1189
3 1159 1190 1189
3 1159 1160 1190
3 1160 1191 1190
3 1160 1161 1191
3 1161 1192 1191
3 1161 1162 1192
3 1162 1163 1192
3 1192 1163 1193
3 1163 1164 1193
3 1193 1164 1194
3 1164 1165 1194
3 1194 1165 1195
3 1165 1166 1195
3 1195 1166 1196
3 1166 1167 1196
3 1196 1167 1197
3 1167 1168 1197
3 1197 1168 1198
3 1168 1169 1198
3 1198 1169 1199
3 1169 1170 1199
3 1199 1170 1200
3 1170 1201 1200
3 1170 1171 1201
3 1171 1202 1201
3 1171 1172 1202
3 1172 1203 1202
3 1172 1173 1203
3 1173 1204 1203
3 1173 1174 1204
3 1174 1205 1204
3 1174 1175 1205
3 1175 1176 1205
3 1205 1176 1206
3 1176 1207 1206
3 1176 1177 1207
3 1177 1208 1207
3 1177 1178 1208
3 1178 1179 1208
3 1208 1179 1209
3 1179 1210 1209
3 1179 1180 1210
3 1180 1181 1210
3 1210 1181 1211
3 1181 1182 1211
3 1211 1182 1212
3 1182 1183 1212
3 1212 1183 1213
3 1183 1214 1213
3 1183 1184 1214
3 1184 1215 1214
3 1184 1185 1215
3 1186 1187 1216
3 1216 1187 1217
3 1187 1188 1217
3 1217 1188 1218
3 1188 1189 1218
3 1218 1189 1219
3 1189 1190 1219
3 1219 1190 1220
3 1190 1221 1220
3 1190 1191 1221
3 1191 1192 1221
3 1221 1192 1222
3 1192 1193 1222
3 1222 1193 1223
3 1193 1194 1223
3 1223 1194 1224
3 1194 1195 1224
3 1224 1195 1225
3 1195 1196 1225
3 1225 1196 1226
3 1196 1197 1226
3 1226 1197 1227
3 1197 1198 1227
3 1227 1198 1228
3 1198 1199 1228
3 1228 1199 1229
3 1199 1200 1229
3 1229 1200 1230
3 1200 1201 1230
3 1230 1201 1231
3 1201 1232 1231
3 1201 1202 1232
3 1202 1233 1232
3 1202 1203 1233
3 1203 1234 1233
3 1203 1204 1234
3 1204 1235 1234
3 1204 1205 1235
3 1205 1206 1235
3 1235 1206 1236
3 1206 1207 1236
3 1236 1207 1237
3 1207 1208 1237
3 1237 1208 1238
3 1208 1209 1238
3 1238 1209 1239
3 1209 1240 1239
3 1209 1210 1240
3 1210 1211 1240
3 1240 1211 1241
3 1211 1212 1241
3 1241 1212 1242
3 1212 1243 1242
3 1212 1213 1243
3 1213 1244 1243
3 1213 1214 1244
3 1214 1245 1244
3 1214 1215 1245
3 1246 1216 1247
3 1216 1217 1247
3 1247 1217 1248
3 1217 1218 1248
3 1248 1218 1249
3 1218 1219 1249
3 1249 1219 1250
3 1219 1220 1250
3 1250 1220 1251
3 1220 1252 1251
3 1220 1221 1252
3 1221 1222 1252
3 1252 1222 1253
3 1222 1223 1253
3 1253 1223 1254
3 1223 1224 1254
3 1254 1224 1255
3 1224 1225 1255
3 1255 1225 1256
3 1225 1226 1256
3 1256 1226 1257
3 1226 1227 1257
3 1257 1227 1258
3 1227 1228 1258
3 1258 1228 1259
3 1228 1229 1259
3 1259 1229 1260
3 1229 1230 1260
3 1260 1230 1261
3 1230 1231 1261
3 1261 1231 1262
3 1231 1263 1262
3 1231 1232 1263
3 1232 1264 1263
3 1232 1233 1264
3 1233 1265 1264
3 1233 1234 1265
3 1234 1266 1265
3 1234 1235 1266
3 1235 1267 1266
3 1235 1236 1267
3 1236 1268 1267
3 1236 1237 1268
3 1237 1238 1268
3 1268 1238 1269
3 1238 1239 1269
3 1269 1239 1270
3 1239 1271 1270
3 1239 1240 1271
3 1240 1241 1271
3 1271 1241 1272
3 1241 1242 1272
3 1272 1242 1273
3 1242 1274 1273
3 1242 1243 1274
3 1243 1275 1274
3 1243 1244 1275
3 1244 1276 1275
3 1244 1245 1276
3 1246 1247 1277
3 1277 1247 1278
3 1247 1248 1278
3 1278 1248 1279
3 1248 1249 1279
3 1279 1249 1280
3 1249 1250 1280
3 1280 1250 1281
3 1250 1251 1281
3 1281 1251 1282
3 1251 1283 1282
3 1251 1252 1283
3 1252 1284 1283
3 1252 1253 1284
3 1253 1254 1284
3 1284 1254 1285
3 1254 1255 1285
3 1285 1255 1286
3 1255 1256 1286
3 1286 1256 1287
3 1256 1257 1287
3 1287 1257 1288
3 1257 1258 1288
3 1288 1258 1289
3 1258 1259 1289
3 1289 1259 1290
3 1259 1260 1290
3 1290 1260 1291
3 1260 1292 1291
3 1260 1261 1292
3 1261 1293 1292
3 1261 1262 1293
3 1262 1294 1293
3 1262 1263 1294
3 1263 1295 1294
3 1263 1264 1295
3 1264 1296 1295
3 1264 1265 1296
3 1265 1297 1296
3 1265 1266 1297
3 1266 1298 1297
3 1266 1267 1298
3 1267 1299 1298
3 1267 1268 1299
3 1268 1300 1299
3 1268 1269 1300
3 1269 1301 1300
3 1269 1270 1301
3 1270 1302 1301
3 1270 1271 1302
3 1271 1272 1302
3 1302 1272 1303
3 1272 1273 1303
3 1303 1273 1304
3 1273 1305 1304
3 1273 1274 1305
3 1274 1306 1305
3 1274 1275 1306
3 1275 1307 1306
3 1275 1276 1307
3 1308 1277 1309
3 1277 1278 1309
3 1309 1278 1310
3 1278 1279 1310
3 1310 1279 1311
3 1279 1280 1311
3 1311 1280 1312
3 1280 1281 1312
3 1312 1281 1313
3 1281 1282 1313
3 1313 1282 1314
3 1282 1315 1314
3 1282 1283 1315
3 1283 1316 1315
3 1283 1284 1316
3 1284 1285 1316
3 1316 1285 1317
3 1285 1286 1317
3 1317 1286 1318
3 1286 1287 1318
3 1318 1287 1319
3 1287 1288 1319
3 1319 1288 1320
3 1288 1289 1320
3 1320 1289 1321
3 1289 1290 1321
3 1321 1290 1322
3 1290 1291 1322
3 1322 1291 1323
3 1291 1324 1323
3 1291 1292 1324
3 1292 1325 1324
3 1292 1293 1325
3 1293 1326 1325
3 1293 1294 1326
3 1294 1327 1326
3 1294 1295 1327
3 1295 1328 1327
3 1295 1296 1328
3 1296 1329 1328
3 1296 1297 1329
3 1297 1330 1329
3 1297 1298 1330
3 1298 1331 1330
3 1298 1299 1331
3 1299 1332 1331
3 1299 1300 1332
3 1300 1333 1332
3 1300 1301 1333
3 1301 1334 1333
3 1301 1302 1334
3 1302 1303 1334
3 1334 1303 1335
3 1303 1304 1335
3 1335 1304 1336
3 1304 1337 1336
3 1304 1305 1337
3 1305 1338 1337
3 1305 1306 1338
3 1306 1339 1338
3 1306 1307 1339
3 1308 1309 1340
3 1340 1309 1341
3 1309 1310 1341
3 1341 1310 1342
3 1310 1311 1342
3 1342 1311 1343
3 1311 1312 1343
3 1343 1312 1344
3 1312 1313 1344
3 1344 1313 1345
3 1313 1314 1345
3 1345 1314 1346
3 1314 1347 1346
3 1314 1315 1347
3 1315 1348 1347
3 1315 1316 1348
3 1316 1317 1348
3 1348 1317 1349
3 1317 1318 1349
3 1349 1318 1350
3 1318 1319 1350
3 1350 1319 1351
3 1319 1320 1351
3 1351 1320 1352
3 1320 1321 1352
3 1352 1321 1353
3 1321 1322 1353
3 1353 1322 1354
3 1322 1323 1354
3 1354 1323 1355
3 1323 1356 1355
3 1323 1324 1356
3 1324 1357 1356
3 1324 1325 1357
3 1325 1358 1357
3 1325 1326 1358
3 1326 1359 1358
3 1326 1327 1359
3 1327 1360 1359
3 1327 1328 1360
3 1328 1361 1360
3 1328 1329 1361
3 1329 1362 1361
3 1329 1330 1362
3 1330 1363 1362
3 1330 1331 1363
3 1331 1364 1363
3 1331 1332 1364
3 1332 1365 1364
3 1332 1333 1365
3 1333 1366 1365
3 1333 1334 1366
3 1334 1367 1366
3 1334 1335 1367
3 1335 1336 1367
3 1367 1336 1368
3 1336 1369 1368
3 1336 1337 1369
3 1337 1370 1369
3 1337 1338 1370
3 1338 1371 1370
3 1338 1339 1371
3 1372 1373 1374
3 1372 1340 1373
3 1340 1341 1373
3 1373 1341 1375
3 1341 1342 1375
3 1375 1342 1376
3 1342 1343 1376
3 1376 1343 1377
3 1343 1344 1377
3 1377 1344 1378
3 1344 1345 1378
3 1378 1345 1379
3 1345 1346 1379
3 1379 1346 1380
3 1346 1381 1380
3 1346 1347 1381
3 1347 1382 1381
3 1347 1348 1382
3 1348 1349 1382
3 1382 1349 1383
3 1349 1350 1383
3 1383 1350 1384
3 1350 1351 1384
3 1384 1351 1385
3 1351 1352 1385
3 1385 1352 1386
3 1352 1353 1386
3 1386 1353 1387
3 1353 1354 1387
3 1387 1354 1388
3 1354 1355 1388
3 1388 1355 1389
3 1355 1356 1389
3 1389 1356 1390
3 1356 1391 1390
3 1356 1357 1391
3 1357 1392 1391
3 1357 1358 1392
3 1358 1393 1392
3 1358 1359 1393
3 1359 1394 1393
3 1359 1360 1394
3 1360 1395 1394
3 1360 1361 1395
3 1361 1396 1395
3 1361 1362 1396
3 1362 1397 1396
3 1362 1363 1397
3 1363 1398 1397
3 1363 1364 1398
3 1364 1399 1398
3 1364 1365 1399
3 1365 1400 1399
3 1365 1366 1400
3 1366 1401 1400
3 1366 1367 1401
3 1367 1368 1401
3 1401 1368 1402
3 1368 1403 1402
3 1368 1369 1403
3 1369 1404 1403
3 1369 1370 1404
3 1370 1405 1404
3 1370 1371 1405
3 1374 1406 1407
3 1374 1373 1406
3 1373 1375 1406
3 1406 1375 1408
3 1375 1376 1408
3 1408 1376 1409
3 1376 1410 1409
3 1376 1377 1410
3 1377 1411 1410
3 1377 1378 1411
3 1378 1379 1411
3 1411 1379 1412
3 1379 1380 1412
3 1412 1380 1413
3 1380 1414 1413
3 1380 1381 1414
3 1381 1415 1414
3 1381 1382 1415
3 1382 1383 1415
3 1415 1383 1416
3 1383 1384 1416
3 1416 1384 1417
3 1384 1385 1417
3 1417 1385 1418
3 1385 1386 1418
3 1418 1386 1419
3 1386 1387 1419
3 1419 1387 1420
3 1387 1388 1420
3 1420 1388 1421
3 1388 1389 1421
3 1421 1389 1422
3 1389 1390 1422
3 1422 1390 1423
3 1390 1424 1423
3 1390 1391 1424
3 1391 1425 1424
3 1391 1392 1425
3 1392 1426 1425
3 1392 1393 1426
3 1393 1427 1426
3 1393 1394 1427
3 1394 1428 1427
3 1394 1395 1428
3 1395 1429 1428
3 1395 1396 1429
3 1396 1430 1429
3 1396 1397 1430
3 1397 1431 1430
3 1397 1398 1431
3 1398 1432 1431
3 1398 1399 1432
3 1399 1433 1432
3 1399 1400 1433
3 1400 1434 1433
3 1400 1401 1434
3 1401 1402 1434
3 1434 1402 1435
3 1402 1436 1435
3 1402 1403 1436
3 1403 1437 1436
3 1403 1404 1437
3 1404 1438 1437
3 1404 1405 1438
3 1439 1440 1441
3 1439 1407 1440
3 1407 1442 1440
3 1407 1406 1442
3 1406 1443 1442
3 1406 1408 1443
3 1408 1444 1443
3 1408 1409 1444
3 1409 1445 1444
3 1409 1410 1445
3 1410 1446 1445
3 1410 1411 1446
3 1411 1447 1446
3 1411 1412 1447
3 1412 1448 1447
3 1412 1413 1448
3 1413 1449 1448
3 1413 1414 1449
3 1414 1450 1449
3 1414 1415 1450
3 1415 1416 1450
3 1450 1416 1451
3 1416 1417 1451
3 1451 1417 1452
3 1417 1418 1452
3 1452 1418 1453
3 1418 1419 1453
3 1453 1419 1454
3 1419 1420 1454
3 1454 1420 1455
3 1420 1421 1455
3 1455 1421 1456
3 1421 1422 1456
3 1456 1422 1457
3 1422 1423 1457
3 1457 1423 1458
3 1423 1424 1458
3 1458 1424 1459
3 1424 1460 1459
3 1424 1425 1460
3 1425 1461 1460
3 1425 1426 1461
3 1426 1462 1461
3 1426 1427 1462
3 1427 1463 1462
3 1427 1428 1463
3 1428 1464 1463
3 1428 1429 1464
3 1429 1465 1464
3 1429 1430 1465
3 1430 1466 1465
3 1430 1431 1466
3 1431 1467 1466
3 1431 1432 1467
3 1432 1468 1467
3 1432 1433 1468
3 1433 1469 1468
3 1433 1434 1469
3 1434 1435 1469
3 1469 1435 1470
3 1435 1471 1470
3 1435 1436 1471
3 1436 1472 1471
3 1436 1437 1472
3 1437 1473 1472
3 1437 1438 1473
3 1441 1440 1474
3 1440 1475 1474
3 1440 1442 1475
3 1442 1476 1475
3 1442 1443 1476
3 1443 1477 1476
3 1443 1444 1477
3 1444 1478 1477
3 1444 1445 1478
3 1445 1479 1478
3 1445 1446 1479
3 1446 1480 1479
3 1446 1447 1480
3 1447 1481 1480
3 1447 1448 1481
3 1448 1482 1481
3 1448 1449 1482
3 1449 1483 1482
3 1449 1450 1483
3 1450 1451 1483
3 1483 1451 1484
3 1451 1452 1484
3 1484 1452 1485
3 1452 1453 1485
3 1485 1453 1486
3 1453 1454 1486
3 1486 1454 1487
3 1454 1455 1487
3 1487 1455 1488
3 1455 1456 1488
3 1488 1456 1489
3 1456 1457 1489
3 1489 1457 1490
3 1457 1458 1490
3 1490 1458 1491
3 1458 1459 1491
3 1491 1459 1492
3 1459 1493 1492
3 1459 1460 1493
3 1460 1494 1493
3 1460 1461 1494
3 1461 1495 1494
3 1461 1462 1495
3 1462 1496 1495
3 1462 1463 1496
3 1463 1497 1496
3 1463 1464 1497
3 1464 1498 1497
3 1464 1465 1498
3 1465 1499 1498
3 1465 1466 1499
3 1466 1500 1499
3 1466 1467 1500
3 1467 1501 1500
3 1467 1468 1501
3 1468 1502 1501
3 1468 1469 1502
3 1469 1470 1502
3 1502 1470 1503
3 1470 1504 1503
3 1470 1471 1504
3 1471 1505 1504
3 1471 1472 1505
3 1472 1506 1505
3 1472 1473 1506
3 1474 1475 1507
3 1475 1508 1507
3 1475 1476 1508
3 1476 1509 1508
3 1476 1477 1509
3 1477 1510 1509
3 1477 1478 1510
3 1478 1511 1510
3 1478 1479 1511
3 1479 1512 1511
3 1479 1480 1512
3 1480 1513 1512
3 1480 1481 1513
3 1481 1514 1513
3 1481 1482 1514
3 1482 1515 1514
3 1482 1483 1515
3 1483 1484 1515
3 1515 1484 1516
3 1484 1485 1516
3 1516 1485 1517
3 1485 1486 1517
3 1517 1486 1518
3 1486 1487 1518
3 1518 1487 1519
3 1487 1488 1519
3 1519 1488 1520
3 1488 1489 1520
3 1520 1489 1521
3 1489 1490 1521
3 1521 1490 1522
3 1490 1491 1522
3 1522 1491 1523
3 1491 1524 1523
3 1491 1492 1524
3 1492 1525 1524
3 1492 1493 1525
3 1493 1526 1525
3 1493 1494 1526
3 1494 1527 1526
3 1494 1495 1527
3 1495 1528 1527
3 1495 1496 1528
3 1496 1529 1528
3 1496 1497 1529
3 1497 1530 1529
3 1497 1498 1530
3 1498 1531 1530
3 1498 1499 1531
3 1499 1532 1531
3 1499 1500 1532
3 1500 1533 1532
3 1500 1501 1533
3 1501 1534 1533
3 1501 1502 1534
3 1502 1503 1534
3 1534 1503 1535
3 1503 1536 1535
3 1503 1504 1536
3 1504 1537 1536
3 1504 1505 1537
3 1505 1538 1537
3 1505 1506 1538
3 1507 1508 1539
3 1508 1509 1539
3 1539 1509 1540
3 1509 1541 1540
3 1509 1510 1541
3 1510 1542 1541
3 1510 1511 1542
3 1511 1512 1542
3 1542 1512 1543
3 1512 1513 1543
3 1543 1513 1544
3 1513 1545 1544
3 1513 1514 1545
3 1514 1546 1545
3 1514 1515 1546
3 1515 1516 1546
3 1546 1516 1547
3 1516 1517 1547
3 1547 1517 1548
3 1517 1518 1548
3 1548 1518 1549
3 1518 1519 1549
3 1549 1519 1550
3 1519 1520 1550
3 1550 1520 1551
3 1520 1521 1551
3 1551 1521 1552
3 1521 1522 1552
3 1552 1522 1553
3 1522 1523 1553
3 1553 1523 1554
3 1523 1555 1554
3 1523 1524 1555
3 1524 1556 1555
3 1524 1525 1556
3 1525 1557 1556
3 1525 1526 1557
3 1526 1558 1557
3 1526 1527 1558
3 1527 1559 1558
3 1527 1528 1559
3 1528 1560 1559
3 1528 1529 1560
3 1529 1561 1560
3 1529 1530 1561
3 1530 1562 1561
3 1530 1531 1562
3 1531 1563 1562
3 1531 1532 1563
3 1532 1564 1563
3 1532 1533 1564
3 1533 1565 1564
3 1533 1534 1565
3 1534 1535 1565
3 1565 1535 1566
3 1535 1567 1566
3 1535 1536 1567
3 1536 1568 1567
3 1536 1537 1568
3 1537 1569 1568
3 1537 1538 1569
3 1540 1541 1570
3 1541 1571 1570
3 1541 1542 1571
3 1542 1543 1571
3 1571 1543 1572
3 1543 1544 1572
3 1572 1544 1573
3 1544 1574 1573
3 1544 1545 1574
3 1545 1575 1574
3 1545 1546 1575
3 1546 1547 1575
3 1575 1547 1576
3 1547 1548 1576
3 1576 1548 1577
3 1548 1549 1577
3 1577 1549 1578
3 1549 1550 1578
3 1578 1550 1579
3 1550 1551 1579
3 1579 1551 1580
3 1551 1552 1580
3 1580 1552 1581
3 1552 1553 1581
3 1581 1553 1582
3 1553 1554 1582
3 1582 1554 1583
3 1554 1584 1583
3 1554 1555 1584
3 1555 1585 1584
3 1555 1556 1585
3 1556 1586 1585
3 1556 1557 1586
3 1557 1587 1586
3 1557 1558 1587
3 1558 1588 1587
3 1558 1559 1588
3 1559 1589 1588
3 1559 1560 1589
3 1560 1590 1589
3 1560 1561 1590
3 1561 1591 1590
3 1561 1562 1591
3 1562 1592 1591
3 1562 1563 1592
3 1563 1593 1592
3 1563 1564 1593
3 1564 1594 1593
3 1564 1565 1594
3 1565 1566 1594
3 1594 1566 1595
3 1566 1596 1595
3 1566 1567 1596
3 1567 1597 1596
3 1567 1568 1597
3 1568 1598 1597
3 1568 1569 1598
3 1570 1571 1599
3 1571 1572 1599
3 1599 1572 1600
3 1572 1573 1600
3 1600 1573 1601
3 1573 1602 1601
3 1573 1574 1602
3 1574 1603 1602
3 1574 1575 1603
3 1575 1576 1603
3 1603 1576 1604
3 1576 1577 1604
3 1604 1577 1605
3 1577 1578 1605
3 1605 1578 1606
3 1578 1579 1606
3 1606 1579 1607
3 1579 1580 1607
3 1607 1580 1608
3 1580 1581 1608
3 1608 1581 1609
3 1581 1582 1609
3 1609 1582 1610
3 1582 1583 1610
3 1610 1583 1611
3 1583 1612 1611
3 1583 1584 1612
3 1584 1613 1612
3 1584 1585 1613
3 1585 1614 1613
3 1585 1586 1614
3 1586 1615 1614
3 1586 1587 1615
3 1587 1616 1615
3 1587 1588 1616
3 1588 1617 1616
3 1588 1589 1617
3 1589 1618 1617
3 1589 1590 1618
3 1590 1619 1618
3 1590 1591 1619
3 1591 1620 1619
3 1591 1592 1620
3 1592 1621 1620
3 1592 1593 1621
3 1593 1622 1621
3 1593 1594 1622
3 1594 1595 1622
3 1622 1595 1623
3 1595 1624 1623
3 1595 1596 1624
3 1596 1625 1624
3 1596 1597 1625
3 1597 1626 1625
3 1597 1598 1626
3 1599 1600 1627
3 1600 1601 1628
3 1628 1601 1629
3 1601 1630 1629
3 1601 1602 1630
3 1602 1631 1630
3 1602 1603 1631
3 1603 1604 1631
3 1631 1604 1632
3 1604 1605 1632
3 1632 1605 1633
3 1605 1606 1633
3 1633 1606 1634
3 1606 1607 1634
3 1634 1607 1635
3 1607 1608 1635
3 1635 1608 1636
3 1608 1609 1636
3 1636 1609 1637
3 1609 1610 1637
3 1637 1610 1638
3 1610 1611 1638
3 1638 1611 1639
3 1611 1612 1639
3 1639 1612 1640
3 1612 1641 1640
3 1612 1613 1641
3 1613 1642 1641
3 1613 1614 1642
3 1614 1643 1642
3 1614 1615 1643
3 1615 1644 1643
3 1615 1616 1644
3 1616 1645 1644
3 1616 1617 1645
3 1617 1646 1645
3 1617 1618 1646
3 1618 1647 1646
3 1618 1619 1647
3 1619 1648 1647
3 1619 1620 1648
3 1620 1649 1648
3 1620 1621 1649
3 1621 1622 1649
3 1649 1622 1650
3 1622 1623 1650
3 1650 1623 1651
3 1623 1652 1651
3 1623 1624 1652
3 1624 1653 1652
3 1624 1625 1653
3 1625 1654 1653
3 1625 1626 1654
3 1629 1630 1655
3 1630 1656 1655
3 1630 1631 1656
3 1631 1632 1656
3 1656 1632 1657
3 1632 1633 1657
3 1657 1633 1658
3 1633 1634 1658
3 1658 1634 1659
3 1634 1635 1659
3 1659 1635 1660
3 1635 1636 1660
3 1660 1636 1661
3 1636 1637 1661
3 1661 1637 1662
3 1637 1638 1662
3 1662 1638 1663
3 1638 1639 1663
3 1663 1639 1664
3 1639 1640 1664
3 1664 1640 1665
3 1640 1666 1665
3 1640 1641 1666
3 1641 1667 1666
3 1641 1642 1667
3 1642 1668 1667
3 1642 1643 1668
3 1643 1669 1668
3 1643 1644 1669
3 1644 1670 1669
3 1644 1645 1670
3 1645 1671 1670
3 1645 1646 1671
3 1646 1672 1671
3 1646 1647 1672
3 1647 1673 1672
3 1647 1648 1673
3 1648 1674 1673
3 1648 1649 1674
3 1649 1650 1674
3 1674 1650 1675
3 1650 1651 1675
3 1675 1651 1676
3 1651 1677 1676
3 1651 1652 1677
3 1652 1678 1677
3 1652 1653 1678
3 1653 1679 1678
3 1653 1654 1679
3 1655 1656 1680
3 1656 1657 1680
3 1680 1657 1681
3 1657 1658 1681
3 1681 1658 1682
3 1658 1659 1682
3 1682 1659 1683
3 1659 1660 1683
3 1683 1660 1684
3 1660 1661 1684
3 1684 1661 1685
3 1661 1662 1685
3 1685 1662 1686
3 1662 1663 1686
3 1686 1663 1687
3 1663 1664 1687
3 1687 1664 1688
3 1664 1665 1688
3 1688 1665 1689
3 1665 1690 1689
3 1665 1666 1690
3 1666 1691 1690
3 1666 1667 1691
3 1667 1692 1691
3 1667 1668 1692
3 1668 1693 1692
3 1668 1669 1693
3 1669 1694 1693
3 1669 1670 1694
3 1670 1695 1694
3 1670 1671 1695
3 1671 1696 1695
3 1671 1672 1696
3 1672 1697 1696
3 1672 1673 1697
3 1673 1698 1697
3 1673 1674 1698
3 1674 1675 1698
3 1698 1675 1699
3 1675 1676 1699
3 1699 1676 1700
3 1676 1701 1700
3 1676 1677 1701
3 1677 1702 1701
3 1677 1678 1702
3 1678 1703 1702
3 1678 1679 1703
3 1680 1681 1704
3 1704 1681 1705
3 1681 1682 1705
3 1705 1682 1706
3 1682 1683 1706
3 1706 1683 1707
3 1683 1684 1707
3 1707 1684 1708
3 1684 1685 1708
3 1708 1685 1709
3 1685 1686 1709
3 1709 1686 1710
3 1686 1687 1710
3 1710 1687 1711
3 1687 1688 1711
3 1711 1688 1712
3 1688 1689 1712
3 1712 1689 1713
3 1689 1690 1713
3 1713 1690 1714
3 1690 1715 1714
3 1690 1691 1715
3 1691 1716 1715
3 1691 1692 1716
3 1692 1717 1716
3 1692 1693 1717
3 1693 1718 1717
3 1693 1694 1718
3 1694 1719 1718
3 1694 1695 1719
3 1695 1720 1719
3 1695 1696 1720
3 1696 1721 1720
3 1696 1697 1721
3 1697 1722 1721
3 1697 1698 1722
3 1698 1699 1722
3 1722 1699 1723
3 1699 1700 1723
3 1723 1700 1724
3 1700 1725 1724
3 1700 1701 1725
3 1701 1726 1725
3 1701 1702 1726
3 1702 1727 1726
3 1702 1703 1727
3 1708 1709 1728
3 1709 1710 1729
3 1729 1710 1730
3 1710 1711 1730
3 1730 1711 1731
3 1711 1712 1731
3 1731 1712 1732
3 1712 1713 1732
3 1732 1713 1733
3 1713 1734 1733
3 1713 1714 1734
3 1714 1735 1734
3 1714 1715 1735
3 1715 1736 1735
3 1715 1716 1736
3 1716 1737 1736
3 1716 1717 1737
3 1717 1738 1737
3 1717 1718 1738
3 1718 1739 1738
3 1718 1719 1739
3 1719 1740 1739
3 1719 1720 1740
3 1720 1741 1740
3 1720 1721 1741
3 1721 1742 1741
3 1721 1722 1742
3 1722 1743 1742
3 1722 1723 1743
3 1723 1724 1743
3 1743 1724 1744
3 1724 1745 1744
3 1724 1725 1745
3 1725 1746 1745
3 1725 1726 1746
3 1726 1747 1746
3 1726 1727 1747
3 1729 1730 1748
3 1748 1730 1749
3 1730 1731 1749
3 1749 1731 1750
3 1731 1732 1750
3 1750 1732 1751
3 1732 1733 1751
3 1751 1733 1752
3 1733 1753 1752
3 1733 1734 1753
3 1734 1754 1753
3 1734 1735 1754
3 1735 1755 1754
3 1735 1736 1755
3 1736 1756 1755
3 1736 1737 1756
3 1737 1757 1756
3 1737 1738 1757
3 1738 1758 1757
3 1738 1739 1758
3 1739 1759 1758
3 1739 1740 1759
3 1740 1760 1759
3 1740 1741 1760
3 1741 1761 1760
3 1741 1742 1761
3 1742 1762 1761
3 1742 1743 1762
3 1743 1744 1762
3 1762 1744 1763
3 1744 1764 1763
3 1744 1745 1764
3 1745 1765 1764
3 1745 1746 1765
3 1746 1766 1765
3 1746 1747 1766
3 1749 1750 1767
3 1767 1750 1768
3 1750 1751 1768
3 1768 1751 1769
3 1751 1752 1769
3 1769 1752 1770
3 1752 1771 1770
3 1752 1753 1771
3 1753 1772 1771
3 1753 1754 1772
3 1754 1773 1772
3 1754 1755 1773
3 1755 1774 1773
3 1755 1756 1774
3 1756 1775 1774
3 1756 1757 1775
3 1757 1776 1775
3 1757 1758 1776
3 1758 1777 1776
3 1758 1759 1777
3 1759 1778 1777
3 1759 1760 1778
3 1760 1779 1778
3 1760 1761 1779
3 1761 1780 1779
3 1761 1762 1780
3 1762 1763 1780
3 1780 1763 1781
3 1763 1782 1781
3 1763 1764 1782
3 1764 1783 1782
3 1764 1765 1783
3 1765 1784 1783
3 1765 1766 1784
3 1768 1769 1785
3 1769 1770 1786
3 1786 1770 1787
3 1770 1771 1787
3 1787 1771 1788
3 1771 1789 1788
3 1771 1772 1789
3 1772 1790 1789
3 1772 1773 1790
3 1773 1791 1790
3 1773 1774 1791
3 1774 1792 1791
3 1774 1775 1792
3 1775 1793 1792
3 1775 1776 1793
3 1776 1794 1793
3 1776 1777 1794
3 1777 1795 1794
3 1777 1778 1795
3 1778 1796 1795
3 1778 1779 1796
3 1779 1797 1796
3 1779 1780 1797
3 1780 1781 1797
3 1797 1781 1798
3 1781 1799 1798
3 1781 1782 1799
3 1782 1800 1799
3 1782 1783 1800
3 1783 1801 1800
3 1783 1784 1801
3 1787 1788 1802
3 1802 1788 1803
3 1788 1804 1803
3 1788 1789 1804
3 1789 1805 1804
3 1789 1790 1805
3 1790 1806 1805
3 1790 1791 1806
3 1791 1807 1806
3 1791 1792 1807
3 1792 1808 1807
3 1792 1793 1808
3 1793 1809 1808
3 1793 1794 1809
3 1794 1795 1809
3 1809 1795 1810
3 1795 1811 1810
3 1795 1796 1811
3 1796 1797 1811
3 1811 1797 1812
3 1797 1798 1812
3 1812 1798 1813
3 1798 1814 1813
3 1798 1799 1814
3 1799 1815 1814
3 1799 1800 1815
3 1800 1816 1815
3 1800 1801 1816
3 1803 1804 1817
3 1804 1818 1817
3 1804 1805 1818
3 1805 1819 1818
3 1805 1806 1819
3 1806 1820 1819
3 1806 1807 1820
3 1807 1821 1820
3 1807 1808 1821
3 1808 1822 1821
3 1808 1809 1822
3 1809 1810 1822
3 1822 1810 1823
3 1810 1824 1823
3 1810 1811 1824
3 1811 1812 1824
3 1824 1812 1825
3 1812 1813 1825
3 1825 1813 1826
3 1813 1827 1826
3 1813 1814 1827
3 1814 1828 1827
3 1814 1815 1828
3 1815 1829 1828
3 1815 1816 1829
3 1817 1830 1831
3 1817 1818 1830
3 1818 1832 1830
3 1818 1819 1832
3 1819 1833 1832
3 1819 1820 1833
3 1820 1834 1833
3 1820 1821 1834
3 1821 1835 1834
3 1821 1822 1835
3 1822 1836 1835
3 1822 1823 1836
3 1823 1837 1836
3 1823 1824 1837
3 1824 1825 1837
3 1837 1825 1838
3 1825 1826 1838
3 1838 1826 1839
3 1826 1840 1839
3 1826 1827 1840
3 1827 1841 1840
3 1827 1828 1841
3 1828 1842 1841
3 1828 1829 1842
3 1831 1830 1843
3 1830 1844 1843
3 1830 1832 1844
3 1832 1845 1844
3 1832 1833 1845
3 1833 1846 1845
3 1833 1834 1846
3 1834 1847 1846
3 1834 1835 1847
3 1835 1848 1847
3 1835 1836 1848
3 1836 1849 1848
3 1836 1837 1849
3 1837 1838 1849
3 1849 1838 1850
3 1838 1839 1850
3 1850 1839 1851
3 1839 1852 1851
3 1839 1840 1852
3 1840 1853 1852
3 1840 1841 1853
3 1841 1854 1853
3 1841 1842 1854
3 1843 1844 1855
3 1844 1856 1855
3 1844 1845 1856
3 1845 1857 1856
3 1845 1846 1857
3 1846 1858 1857
3 1846 1847 1858
3 1847 1848 1858
3 1858 1848 1859
3 1848 1860 1859
3 1848 1849 1860
3 1849 1850 1860
3 1860 1850 1861
3 1850 1851 1861
3 1861 1851 1862
3 1851 1863 1862
3 1851 1852 1863
3 1852 1864 1863
3 1852 1853 1864
3 1853 1865 1864
3 1853 1854 1865
3 1855 1856 1866
3 1856 1867 1866
3 1856 1857 1867
3 1857 1868 1867
3 1857 1858 1868
3 1858 1869 1868
3 1858 1859 1869
3 1859 1870 1869
3 1859 1860 1870
3 1860 1861 1870
3 1870 1861 1871
3 1861 1862 1871
3 1871 1862 1872
3 1862 1873 1872
3 1862 1863 1873
3 1863 1874 1873
3 1863 1864 1874
3 1864 1875 1874
3 1864 1865 1875
3 1866 1876 1877
3 1866 1867 1876
3 1867 1878 1876
3 1867 1868 1878
3 1868 1879 1878
3 1868 1869 1879
3 1869 1880 1879
3 1869 1870 1880
3 1870 1871 1880
3 1880 1871 1881
3 1871 1872 1881
3 1881 1872 1882
3 1872 1883 1882
3 1872 1873 1883
3 1873 1884 1883
3 1873 1874 1884
3 1874 1885 1884
3 1874 1875 1885
3 1877 1876 1886
3 1876 1887 1886
3 1876 1878 1887
3 1878 1888 1887
3 1878 1879 1888
3 1879 1889 1888
3 1879 1880 1889
3 1880 1890 1889
3 1880 1881 1890
3 1881 1882 1890
3 1890 1882 1891
3 1882 1892 1891
3 1882 1883 1892
3 1883 1893 1892
3 1883 1884 1893
3 1884 1894 1893
3 1884 1885 1894
3 1886 1887 1895
3 1887 1896 1895
3 1887 1888 1896
3 1888 1897 1896
3 1888 1889 1897
3 1889 1898 1897
3 1889 1890 1898
3 1890 1891 1898
3 1898 1891 1899
3 1891 1900 1899
3 1891 1892 1900
3 1892 1901 1900
3 1892 1893 1901
3 1893 1902 1901
3 1893 1894 1902
3 1895 1896 1903
3 1903 1896 1904
3 1896 1905 1904
3 1896 1897 1905
3 1897 1906 1905
3 1897 1898 1906
3 1898 1899 1906
3 1906 1899 1907
3 1899 1908 1907
3 1899 1900 1908
3 1900 1909 1908
3 1900 1901 1909
3 1901 1910 1909
3 1901 1902 1910
3 1904 1905 1911
3 1905 1906 1911
3 1911 1906 1912
3 1906 1907 1912
3 1912 1907 1913
3 1907 1914 1913
3 1907 1908 1914
3 1908 1915 1914
3 1908 1909 1915
3 1909 1916 1915
3 1909 1910 1916
3 1911 1912 1917
3 1917 1912 1918
3 1912 1913 1918
3 1918 1913 1919
3 1913 1920 1919
3 1913 1914 1920
3 1914 1921 1920
3 1914 1915 1921
3 1915 1922 1921
3 1915 1916 1922
3 1918 1923 1924
3 1918 1919 1923
3 1919 1925 1923
3 1919 1920 1925
3 1920 1926 1925
3 1920 1921 1926
3 1921 1927 1926
3 1921 1922 1927
3 1924 1923 1928
3 1923 1929 1928
3 1923 1925 1929
3 1925 1930 1929
3 1925 1926 1930
3 1926 1931 1930
3 1926 1927 1931
3 1928 1932 1933
3 1928 1929 1932
3 1929 1934 1932
3 1929 1930 1934
3 1930 1935 1934
3 1930 1931 1935
3 1933 1932 1936
3 1932 1937 1936
3 1932 1934 1937
3 1934 1938 1937
3 1934 1935 1938
3 1936 1937 1939
3 1937 1940 1939
3 1937 1938 1940
3 1939 1941 1942
3 1939 1940 1941
3 1942 1941 1943
3 1944 1945 1946
3 1947 1948 1949
3 1947 1946 1948
3 1946 1950 1948
3 1946 1945 1950
3 1945 1951 1950
3 1952 1953 1954
3 1952 1949 1953
3 1949 1955 1953
3 1949 1948 1955
3 1948 1956 1955
3 1948 1950 1956
3 1950 1957 1956
3 1950 1951 1957
3 1951 1958 1957
3 1951 1959 1958
3 1959 1960 1958
3 1958 1960 1961
3 1962 1963 1964
3 1962 1954 1963
3 1954 1965 1963
3 1954 1953 1965
3 1953 1966 1965
3 1953 1955 1966
3 1955 1967 1966
3 1955 1956 1967
3 1956 1968 1967
3 1956 1957 1968
3 1957 1958 1968
3 1968 1958 1969
3 1958 1961 1969
3 1969 1961 1970
3 1961 1971 1970
3 1970 1971 1972
3 1971 1973 1972
3 1972 1973 1974
3 1975 1964 1976
3 1964 1963 1976
3 1976 1963 1977
3 1963 1965 1977
3 1977 1965 1978
3 1965 1966 1978
3 1978 1966 1979
3 1966 1967 1979
3 1979 1967 1980
3 1967 1968 1980
3 1980 1968 1981
3 1968 1969 1981
3 1981 1969 1982
3 1969 1970 1982
3 1982 1970 1983
3 1970 1972 1983
3 1983 1972 1984
3 1972 1974 1984
3 1984 1974 1985
3 1974 1986 1985
3 1985 1986 1987
3 1986 1988 1987
3 1987 1988 1989
3 1990 1991 1992
3 1991 1975 1992
3 1992 1975 1993
3 1975 1976 1993
3 1993 1976 1994
3 1976 1977 1994
3 1994 1977 1995
3 1977 1978 1995
3 1995 1978 1996
3 1978 1979 1996
3 1996 1979 1997
3 1979 1980 1997
3 1997 1980 1998
3 1980 1981 1998
3 1998 1981 1999
3 1981 1982 1999
3 1999 1982 2000
3 1982 1983 2000
3 2000 1983 2001
3 1983 1984 2001
3 2001 1984 2002
3 1984 1985 2002
3 2002 1985 2003
3 1985 1987 2003
3 2003 1987 2004
3 1987 1989 2004
3 2004 1989 2005
3 1989 2006 2005
3 2005 2006 2007
3 2008 1990 2009
3 1990 1992 2009
3 2009 1992 2010
3 1992 1993 2010
3 2010 1993 2011
3 1993 1994 2011
3 2011 1994 2012
3 1994 1995 2012
3 2012 1995 2013
3 1995 1996 2013
3 2013 1996 2014
3 1996 1997 2014
3 2014 1997 2015
3 1997 1998 2015
3 2015 1998 2016
3 1998 1999 2016
3 2016 1999 2017
3 1999 2000 2017
3 2017 2000 2018
3 2000 2001 2018
3 2018 2001 2019
3 2001 2002 2019
3 2019 2002 2020
3 2002 2003 2020
3 2020 2003 2021
3 2003 2004 2021
3 2021 2004 2022
3 2004 2005 2022
3 2022 2005 2023
3 2005 2007 2023
3 2023 2007 2024
3 2007 2025 2024
3 2024 2025 2026
3 2027 2008 2028
3 2008 2009 2028
3 2028 2009 2029
3 2009 2010 2029
3 2029 2010 2030
3 2010 2011 2030
3 2030 2011 2031
3 2011 2012 2031
3 2031 2012 2032
3 2012 2013 2032
3 2032 2013 2033
3 2013 2014 2033
3 2033 2014 2034
3 2014 2015 2034
3 2034 2015 2035
3 2015 2016 2035
3 2035 2016 2036
3 2016 2017 2036
3 2036 2017 2037
3 2017 2018 2037
3 2037 2018 2038
3 2018 2019 2038
3 2038 2019 2039
3 2019 2020 2039
3 2039 2020 2040
3 2020 2021 2040
3 2040 2021 2041
3 2021 2022 2041
3 2041 2022 2042
3 2022 2023 2042
3 2042 2023 2043
3 2023 2024 2043
3 2043 2024 2044
3 2024 2026 2044
3 2044 2026 2045
3 2026 2046 2045
3 2045 2046 2047
3 2046 2048 2047
3 2047 2048 2049
3 2050 2051 2052
3 2051 2027 2052
3 2052 2027 2053
3 2027 2054 2053
3 2027 2028 2054
3 2028 2029 2054
3 2054 2029 2055
3 2029 2030 2055
3 2055 2030 2056
3 2030 2057 2056
3 2030 2031 2057
3 2031 2058 2057
3 2031 2032 2058
3 2032 2059 2058
3 2032 2033 2059
3 2033 2060 2059
3 2033 2034 2060
3 2034 2061 2060
3 2034 2035 2061
3 2035 2062 2061
3 2035 2036 2062
3 2036 2063 2062
3 2036 2037 2063
3 2037 2038 2063
3 2063 2038 2064
3 2038 2039 2064
3 2064 2039 2065
3 2039 2040 2065
3 2065 2040 2066
3 2040 2041 2066
3 2066 2041 2067
3 2041 2042 2067
3 2067 2042 2068
3 2042 2043 2068
3 2068 2043 2069
3 2043 2044 2069
3 2069 2044 2070
3 2044 2045 2070
3 2070 2045 2071
3 2045 2047 2071
3 2071 2047 2072
3 2047 2049 2072
3 2072 2049 2073
3 2049 2074 2073
3 2073 2074 2075
3 2074 2076 2075
3 2075 2076 2077
3 2050 2052 2078
3 2078 2052 2079
3 2052 2080 2079
3 2052 2053 2080
3 2053 2081 2080
3 2053 2054 2081
3 2054 2082 2081
3 2054 2055 2082
3 2055 2056 2082
3 2082 2056 2083
3 2056 2057 2083
3 2083 2057 2084
3 2057 2085 2084
3 2057 2058 2085
3 2058 2086 2085
3 2058 2059 2086
3 2059 2087 2086
3 2059 2060 2087
3 2060 2088 2087
3 2060 2061 2088
3 2061 2089 2088
3 2061 2062 2089
3 2062 2090 2089
3 2062 2063 2090
3 2063 2091 2090
3 2063 2064 2091
3 2064 2065 2091
3 2091 2065 2092
3 2065 2066 2092
3 2092 2066 2093
3 2066 2067 2093
3 2093 2067 2094
3 2067 2068 2094
3 2094 2068 2095
3 2068 2069 2095
3 2095 2069 2096
3 2069 2097 2096
3 2069 2070 2097
3 2070 2098 2097
3 2070 2071 2098
3 2071 2072 2098
3 2098 2072 2099
3 2072 2073 2099
3 2099 2073 2100
3 2073 2075 2100
3 2100 2075 2101
3 2075 2077 2101
3 2101 2077 2102
3 2077 2103 2102
3 2102 2103 2104
3 2103 2105 2104
3 2104 2105 2106
3 2107 2108 2109
3 2107 2078 2108
3 2078 2110 2108
3 2078 2079 2110
3 2079 2111 2110
3 2079 2080 2111
3 2080 2112 2111
3 2080 2081 2112
3 2081 2113 2112
3 2081 2082 2113
3 2082 2114 2113
3 2082 2083 2114
3 2083 2115 2114
3 2083 2084 2115
3 2084 2116 2115
3 2084 2085 2116
3 2085 2117 2116
3 2085 2086 2117
3 2086 2118 2117
3 2086 2087 2118
3 2087 2119 2118
3 2087 2088 2119
3 2088 2120 2119
3 2088 2089 2120
3 2089 2121 2120
3 2089 2090 2121
3 2090 2122 2121
3 2090 2091 2122
3 2091 2123 2122
3 2091 2092 2123
3 2092 2124 2123
3 2092 2093 2124
3 2093 2125 2124
3 2093 2094 2125
3 2094 2126 2125
3 2094 2095 2126
3 2095 2127 2126
3 2095 2096 2127
3 2096 2128 2127
3 2096 2097 2128
3 2097 2129 2128
3 2097 2098 2129
3 2098 2130 2129
3 2098 2099 2130
3 2099 2131 2130
3 2099 2100 2131
3 2100 2132 2131
3 2100 2101 2132
3 2101 2133 2132
3 2101 2102 2133
3 2102 2134 2133
3 2102 2104 2134
3 2104 2135 2134
3 2104 2106 2135
3 2106 2136 2135
3 2106 2137 2136
3 2137 2138 2136
3 2137 2139 2138
3 2139 2140 2138
3 2141 2142 2140
3 2143 2144 2145
3 2143 2109 2144
3 2109 2146 2144
3 2109 2108 2146
3 2108 2147 2146
3 2108 2110 2147
3 2110 2148 2147
3 2110 2111 2148
3 2111 2149 2148
3 2111 2112 2149
3 2112 2150 2149
3 2112 2113 2150
3 2113 2151 2150
3 2113 2114 2151
3 2114 2152 2151
3 2114 2115 2152
3 2115 2153 2152
3 2115 2116 2153
3 2116 2154 2153
3 2116 2117 2154
3 2117 2155 2154
3 2117 2118 2155
3 2118 2156 2155
3 2118 2119 2156
3 2119 2157 2156
3 2119 2120 2157
3 2120 2158 2157
3 2120 2121 2158
3 2121 2159 2158
3 2121 2122 2159
3 2122 2160 2159
3 2122 2123 2160
3 2123 2161 2160
3 2123 2124 2161
3 2124 2162 2161
3 2124 2125 2162
3 2125 2163 2162
3 2125 2126 2163
3 2126 2164 2163
3 2126 2127 2164
3 2127 2165 2164
3 2127 2128 2165
3 2128 2166 2165
3 2128 2129 2166
3 2129 2167 2166
3 2129 2130 2167
3 2130 2168 2167
3 2130 2131 2168
3 2131 2169 2168
3 2131 2132 2169
3 2132 2170 2169
3 2132 2133 2170
3 2133 2171 2170
3 2133 2134 2171
3 2134 2172 2171
3 2134 2135 2172
3 2135 2173 2172
3 2135 2136 2173
3 2136 2174 2173
3 2136 2138 2174
3 2138 2175 2174
3 2138 2140 2175
3 2140 2176 2175
3 2140 2142 2176
3 2142 2177 2176
3 2142 2178 2177
3 2178 2179 2177
3 2145 2180 2181
3 2145 2144 2180
3 2144 2182 2180
3 2144 2146 2182
3 2146 2183 2182
3 2146 2147 2183
3 2147 2184 2183
3 2147 2148 2184
3 2148 2185 2184
3 2148 2149 2185
3 2149 2186 2185
3 2149 2150 2186
3 2150 2151 2186
3 2186 2151 2187
3 2151 2152 2187
3 2187 2152 2188
3 2152 2189 2188
3 2152 2153 2189
3 2153 2190 2189
3 2153 2154 2190
3 2154 2191 2190
3 2154 2155 2191
3 2155 2192 2191
3 2155 2156 2192
3 2156 2193 2192
3 2156 2157 2193
3 2157 2194 2193
3 2157 2158 2194
3 2158 2195 2194
3 2158 2159 2195
3 2159 2160 2195
3 2195 2160 2196
3 2160 2161 2196
3 2196 2161 2197
3 2161 2198 2197
3 2161 2162 2198
3 2162 2199 2198
3 2162 2163 2199
3 2163 2200 2199
3 2163 2164 2200
3 2164 2201 2200
3 2164 2165 2201
3 2165 2202 2201
3 2165 2166 2202
3 2166 2203 2202
3 2166 2167 2203
3 2167 2204 2203
3 2167 2168 2204
3 2168 2205 2204
3 2168 2169 2205
3 2169 2206 2205
3 2169 2170 2206
3 2170 2207 2206
3 2170 2171 2207
3 2171 2208 2207
3 2171 2172 2208
3 2172 2209 2208
3 2172 2173 2209
3 2173 2210 2209
3 2173 2174 2210
3 2174 2211 2210
3 2174 2175 2211
3 2175 2212 2211
3 2175 2176 2212
3 2176 2213 2212
3 2176 2177 2213
3 2177 2214 2213
3 2177 2179 2214
3 2179 2215 2214
3 2216 2217 2218
3 2216 2181 2217
3 2181 2180 2217
3 2217 2180 2219
3 2180 2182 2219
3 2219 2182 2220
3 2182 2183 2220
3 2220 2183 2221
3 2183 2222 2221
3 2183 2184 2222
3 2184 2223 2222
3 2184 2185 2223
3 2185 2186 2223
3 2223 2186 2224
3 2186 2187 2224
3 2224 2187 2225
3 2187 2188 2225
3 2225 2188 2226
3 2188 2189 2226
3 2226 2189 2227
3 2189 2190 2227
3 2227 2190 2228
3 2190 2191 2228
3 2228 2191 2229
3 2191 2192 2229
3 2229 2192 2230
3 2192 2231 2230
3 2192 2193 2231
3 2193 2232 2231
3 2193 2194 2232
3 2194 2195 2232
3 2232 2195 2233
3 2195 2196 2233
3 2233 2196 2234
3 2196 2197 2234
3 2234 2197 2235
3 2197 2198 2235
3 2235 2198 2236
3 2198 2199 2236
3 2236 2199 2237
3 2199 2200 2237
3 2237 2200 2238
3 2200 2239 2238
3 2200 2201 2239
3 2201 2240 2239
3 2201 2202 2240
3 2202 2241 2240
3 2202 2203 2241
3 2203 2204 2241
3 2241 2204 2242
3 2204 2205 2242
3 2242 2205 2243
3 2205 2206 2243
3 2243 2206 2244
3 2206 2245 2244
3 2206 2207 2245
3 2207 2208 2245
3 2245 2208 2246
3 2208 2209 2246
3 2246 2209 2247
3 2209 2210 2247
3 2247 2210 2248
3 2210 2211 2248
3 2248 2211 2249
3 2211 2250 2249
3 2211 2212 2250
3 2212 2251 2250
3 2212 2213 2251
3 2213 2252 2251
3 2213 2214 2252
3 2214 2253 2252
3 2214 2215 2253
3 2215 2254 2253
3 2215 2255 2254
3 2255 2256 2254
3 2257 2258 2259
3 2257 2218 2258
3 2218 2260 2258
3 2218 2217 2260
3 2217 2219 2260
3 2260 2219 2261
3 2219 2220 2261
3 2261 2220 2262
3 2220 2221 2262
3 2262 2221 2263
3 2221 2264 2263
3 2221 2222 2264
3 2222 2265 2264
3 2222 2223 2265
3 2223 2224 2265
3 2265 2224 2266
3 2224 2225 2266
3 2266 2225 2267
3 2225 2226 2267
3 2267 2226 2268
3 2226 2227 2268
3 2268 2227 2269
3 2227 2228 2269
3 2269 2228 2270
3 2228 2229 2270
3 2270 2229 2271
3 2229 2230 2271
3 2271 2230 2272
3 2230 2273 2272
3 2230 2231 2273
3 2231 2274 2273
3 2231 2232 2274
3 2232 2275 2274
3 2232 2233 2275
3 2233 2234 2275
3 2275 2234 2276
3 2234 2235 2276
3 2276 2235 2277
3 2235 2236 2277
3 2277 2236 2278
3 2236 2237 2278
3 2278 2237 2279
3 2237 2238 2279
3 2279 2238 2280
3 2238 2281 2280
3 2238 2239 2281
3 2239 2282 2281
3 2239 2240 2282
3 2240 2241 2282
3 2282 2241 2283
3 2241 2242 2283
3 2283 2242 2284
3 2242 2243 2284
3 2284 2243 2285
3 2243 2244 2285
3 2285 2244 2286
3 2244 2245 2286
3 2286 2245 2287
3 2245 2246 2287
3 2287 2246 2288
3 2246 2247 2288
3 2288 2247 2289
3 2247 2248 2289
3 2289 2248 2290
3 2248 2249 2290
3 2290 2249 2291
3 2249 2250 2291
3 2291 2250 2292
3 2250 2293 2292
3 2250 2251 2293
3 2251 2294 2293
3 2251 2252 2294
3 2252 2295 2294
3 2252 2253 2295
3 2253 2296 2295
3 2253 2254 2296
3 2254 2297 2296
3 2254 2256 2297
3 2256 2298 2297
3 2256 2299 2298
3 2299 2300 2298
3 2298 2300 2301
3 2300 2302 2301
3 2301 2302 2303
3 2304 2305 2306
3 2304 2259 2305
3 2259 2307 2305
3 2259 2258 2307
3 2258 2308 2307
3 2258 2260 2308
3 2260 2261 2308
3 2308 2261 2309
3 2261 2262 2309
3 2309 2262 2310
3 2262 2263 2310
3 2310 2263 2311
3 2263 2312 2311
3 2263 2264 2312
3 2264 2313 2312
3 2264 2265 2313
3 2265 2266 2313
3 2313 2266 2314
3 2266 2267 2314
3 2314 2267 2315
3 2267 2268 2315
3 2315 2268 2316
3 2268 2269 2316
3 2316 2269 2317
3 2269 2270 2317
3 2317 2270 2318
3 2270 2271 2318
3 2318 2271 2319
3 2271 2272 2319
3 2319 2272 2320
3 2272 2321 2320
3 2272 2273 2321
3 2273 2322 2321
3 2273 2274 2322
3 2274 2323 2322
3 2274 2275 2323
3 2275 2276 2323
3 2323 2276 2324
3 2276 2277 2324
3 2324 2277 2325
3 2277 2278 2325
3 2325 2278 2326
3 2278 2279 2326
3 2326 2279 2327
3 2279 2280 2327
3 2327 2280 2328
3 2280 2329 2328
3 2280 2281 2329
3 2281 2330 2329
3 2281 2282 2330
3 2282 2283 2330
3 2330 2283 2331
3 2283 2284 2331
3 2331 2284 2332
3 2284 2285 2332
3 2332 2285 2333
3 2285 2286 2333
3 2333 2286 2334
3 2286 2287 2334
3 2334 2287 2335
3 2287 2288 2335
3 2335 2288 2336
3 2288 2289 2336
3 2336 2289 2337
3 2289 2290 2337
3 2337 2290 2338
3 2290 2291 2338
3 2338 2291 2339
3 2291 2292 2339
3 2339 2292 2340
3 2292 2341 2340
3 2292 2293 2341
3 2293 2342 2341
3 2293 2294 2342
3 2294 2343 2342
3 2294 2295 2343
3 2295 2344 2343
3 2295 2296 2344
3 2296 2297 2344
3 2344 2297 2345
3 2297 2298 2345
3 2345 2298 2346
3 2298 2301 2346
3 2346 2301 2347
3 2301 2303 2347
3 2347 2303 2348
3 2303 2349 2348
3 2348 2349 2350
3 2349 2351 2350
3 2350 2351 2352
3 2351 2353 2352
3 2352 2353 2354
3 2353 2355 2354
3 2356 2357 2358
3 2356 2306 2357
3 2306 2359 2357
3 2306 2305 2359
3 2305 2360 2359
3 2305 2307 2360
3 2307 2361 2360
3 2307 2308 2361
3 2308 2309 2361
3 2361 2309 2362
3 2309 2310 2362
3 2362 2310 2363
3 2310 2311 2363
3 2363 2311 2364
3 2311 2365 2364
3 2311 2312 2365
3 2312 2366 2365
3 2312 2313 2366
3 2313 2314 2366
3 2366 2314 2367
3 2314 2315 2367
3 2367 2315 2368
3 2315 2316 2368
3 2368 2316 2369
3 2316 2317 2369
3 2369 2317 2370
3 2317 2318 2370
3 2370 2318 2371
3 2318 2319 2371
3 2371 2319 2372
3 2319 2320 2372
3 2372 2320 2373
3 2320 2374 2373
3 2320 2321 2374
3 2321 2375 2374
3 2321 2322 2375
3 2322 2323 2375
3 2375 2323 2376
3 2323 2324 2376
3 2376 2324 2377
3 2324 2325 2377
3 2377 2325 2378
3 2325 2326 2378
3 2378 2326 2379
3 2326 2380 2379
3 2326 2327 2380
3 2327 2381 2380
3 2327 2328 2381
3 2328 2382 2381
3 2328 2329 2382
3 2329 2383 2382
3 2329 2330 2383
3 2330 2331 2383
3 2383 2331 2384
3 2331 2332 2384
3 2384 2332 2385
3 2332 2333 2385
3 2385 2333 2386
3 2333 2387 2386
3 2333 2334 2387
3 2334 2388 2387
3 2334 2335 2388
3 2335 2336 2388
3 2388 2336 2389
3 2336 2337 2389
3 2389 2337 2390
3 2337 2338 2390
3 2390 2338 2391
3 2338 2339 2391
3 2391 2339 2392
3 2339 2340 2392
3 2392 2340 2393
3 2340 2394 2393
3 2340 2341 2394
3 2341 2395 2394
3 2341 2342 2395
3 2342 2396 2395
3 2342 2343 2396
3 2343 2397 2396
3 2343 2344 2397
3 2344 2398 2397
3 2344 2345 2398
3 2345 2346 2398
3 2398 2346 2399
3 2346 2347 2399
3 2399 2347 2400
3 2347 2348 2400
3 2400 2348 2401
3 2348 2350 2401
3 2401 2350 2402
3 2350 2352 2402
3 2402 2352 2403
3 2352 2354 2403
3 2403 2354 2404
3 2354 2405 2404
3 2404 2405 2406
3 2405 2407 2406
3 2406 2407 2408
3 2407 2409 2408
3 2408 2409 2410
3 2411 2412 2413
3 2411 2358 2412
3 2358 2414 2412
3 2358 2357 2414
3 2357 2415 2414
3 2357 2359 2415
3 2359 2416 2415
3 2359 2360 2416
3 2360 2417 2416
3 2360 2361 2417
3 2361 2362 2417
3 2417 2362 2418
3 2362 2363 2418
3 2418 2363 2419
3 2363 2420 2419
3 2363 2364 2420
3 2364 2421 2420
3 2364 2365 2421
3 2365 2422 2421
3 2365 2366 2422
3 2366 2367 2422
3 2422 2367 2423
3 2367 2368 2423
3 2423 2368 2424
3 2368 2369 2424
3 2424 2369 2425
3 2369 2370 2425
3 2425 2370 2426
3 2370 2371 2426
3 2426 2371 2427
3 2371 2372 2427
3 2427 2372 2428
3 2372 2429 2428
3 2372 2373 2429
3 2373 2430 2429
3 2373 2374 2430
3 2374 2431 2430
3 2374 2375 2431
3 2375 2376 2431
3 2431 2376 2432
3 2376 2377 2432
3 2432 2377 2433
3 2377 2378 2433
3 2433 2378 2434
3 2378 2379 2434
3 2434 2379 2435
3 2379 2436 2435
3 2379 2380 2436
3 2380 2381 2436
3 2436 2381 2437
3 2381 2382 2437
3 2437 2382 2438
3 2382 2383 2438
3 2438 2383 2439
3 2383 2384 2439
3 2439 2384 2440
3 2384 2385 2440
3 2440 2385 2441
3 2385 2386 2441
3 2441 2386 2442
3 2386 2387 2442
3 2442 2387 2443
3 2387 2388 2443
3 2443 2388 2444
3 2388 2389 2444
3 2444 2389 2445
3 2389 2390 2445
3 2445 2390 2446
3 2390 2391 2446
3 2446 2391 2447
3 2391 2392 2447
3 2447 2392 2448
3 2392 2393 2448
3 2448 2393 2449
3 2393 2394 2449
3 2449 2394 2450
3 2394 2451 2450
3 2394 2395 2451
3 2395 2396 2451
3 2451 2396 2452
3 2396 2397 2452
3 2452 2397 2453
3 2397 2398 2453
3 2453 2398 2454
3 2398 2399 2454
3 2454 2399 2455
3 2399 2400 2455
3 2455 2400 2456
3 2400 2401 2456
3 2456 2401 2457
3 2401 2402 2457
3 2457 2402 2458
3 2402 2403 2458
3 2458 2403 2459
3 2403 2404 2459
3 2459 2404 2460
3 2404 2406 2460
3 2460 2406 2461
3 2406 2408 2461
3 2461 2408 2462
3 2408 2410 2462
3 2462 2410 2463
3 2410 2464 2463
3 2463 2464 2465
3 2464 2466 2465
3 2465 2466 2467
3 2466 2468 2467
3 2467 2468 2469
3 2469 2470 2471
3 2472 2473 2474
3 2472 2413 2473
3 2413 2475 2473
3 2413 2412 2475
3 2412 2476 2475
3 2412 2414 2476
3 2414 2477 2476
3 2414 2415 2477
3 2415 2478 2477
3 2415 2416 2478
3 2416 2479 2478
3 2416 2417 2479
3 2417 2418 2479
3 2479 2418 2480
3 2418 2419 2480
3 2480 2419 2481
3 2419 2420 2481
3 2481 2420 2482
3 2420 2483 2482
3 2420 2421 2483
3 2421 2484 2483
3 2421 2422 2484
3 2422 2423 2484
3 2484 2423 2485
3 2423 2424 2485
3 2485 2424 2486
3 2424 2425 2486
3 2486 2425 2487
3 2425 2426 2487
3 2487 2426 2488
3 2426 2427 2488
3 2488 2427 2489
3 2427 2428 2489
3 2489 2428 2490
3 2428 2491 2490
3 2428 2429 2491
3 2429 2492 2491
3 2429 2430 2492
3 2430 2493 2492
3 2430 2431 2493
3 2431 2494 2493
3 2431 2432 2494
3 2432 2433 2494
3 2494 2433 2495
3 2433 2434 2495
3 2495 2434 2496
3 2434 2435 2496
3 2496 2435 2497
3 2435 2436 2497
3 2497 2436 2498
3 2436 2437 2498
3 2498 2437 2499
3 2437 2438 2499
3 2499 2438 2500
3 2438 2439 2500
3 2500 2439 2501
3 2439 2440 2501
3 2501 2440 2502
3 2440 2441 2502
3 2502 2441 2503
3 2441 2442 2503
3 2503 2442 2504
3 2442 2443 2504
3 2504 2443 2505
3 2443 2444 2505
3 2505 2444 2506
3 2444 2445 2506
3 2506 2445 2507
3 2445 2446 2507
3 2507 2446 2508
3 2446 2447 2508
3 2508 2447 2509
3 2447 2448 2509
3 2509 2448 2510
3 2448 2449 2510
3 2510 2449 2511
3 2449 2450 2511
3 2511 2450 2512
3 2450 2451 2512
3 2512 2451 2513
3 2451 2452 2513
3 2513 2452 2514
3 2452 2453 2514
3 2514 2453 2515
3 2453 2454 2515
3 2515 2454 2516
3 2454 2455 2516
3 2516 2455 2517
3 2455 2456 2517
3 2517 2456 2518
3 2456 2457 2518
3 2518 2457 2519
3 2457 2458 2519
3 2519 2458 2520
3 2458 2459 2520
3 2520 2459 2521
3 2459 2460 2521
3 2521 2460 2522
3 2460 2461 2522
3 2522 2461 2523
3 2461 2462 2523
3 2523 2462 2524
3 2462 2463 2524
3 2524 2463 2525
3 2463 2465 2525
3 2525 2465 2526
3 2465 2467 2526
3 2526 2467 2527
3 2467 2469 2527
3 2527 2469 2528
3 2469 2471 2528
3 2528 2471 2529
3 2471 2530 2529
3 2529 2530 2531
3 2530 2532 2531
3 2531 2532 2533
3 2532 2534 2533
3 2533 2534 2535
3 2536 2537 2538
3 2536 2474 2537
3 2474 2539 2537
3 2474 2473 2539
3 2473 2540 2539
3 2473 2475 2540
3 2475 2541 2540
3 2475 2476 2541
3 2476 2477 2541
3 2541 2477 2542
3 2477 2478 2542
3 2542 2478 2543
3 2478 2479 2543
3 2543 2479 2544
3 2479 2480 2544
3 2544 2480 2545
3 2480 2481 2545
3 2545 2481 2546
3 2481 2482 2546
3 2546 2482 2547
3 2482 2483 2547
3 2547 2483 2548
3 2483 2484 2548
3 2548 2484 2549
3 2484 2485 2549
3 2549 2485 2550
3 2485 2486 2550
3 2550 2486 2551
3 2486 2487 2551
3 2551 2487 2552
3 2487 2488 2552
3 2552 2488 2553
3 2488 2489 2553
3 2553 2489 2554
3 2489 2490 2554
3 2554 2490 2555
3 2490 2491 2555
3 2555 2491 2556
3 2491 2492 2556
3 2556 2492 2557
3 2492 2558 2557
3 2492 2493 2558
3 2493 2494 2558
3 2558 2494 2559
3 2494 2495 2559
3 2559 2495 2560
3 2495 2496 2560
3 2560 2496 2561
3 2496 2497 2561
3 2561 2497 2562
3 2497 2498 2562
3 2562 2498 2563
3 2498 2499 2563
3 2563 2499 2564
3 2499 2500 2564
3 2564 2500 2565
3 2500 2501 2565
3 2565 2501 2566
3 2501 2502 2566
3 2566 2502 2567
3 2502 2503 2567
3 2567 2503 2568
3 2503 2504 2568
3 2568 2504 2569
3 2504 2505 2569
3 2569 2505 2570
3 2505 2506 2570
3 2570 2506 2571
3 2506 2507 2571
3 2571 2507 2572
3 2507 2508 2572
3 2572 2508 2573
3 2508 2509 2573
3 2573 2509 2574
3 2509 2510 2574
3 2574 2510 2575
3 2510 2511 2575
3 2575 2511 2576
3 2511 2512 2576
3 2576 2512 2577
3 2512 2513 2577
3 2577 2513 2578
3 2513 2514 2578
3 2578 2514 2579
3 2514 2515 2579
3 2579 2515 2580
3 2515 2516 2580
3 2580 2516 2581
3 2516 2517 2581
3 2581 2517 2582
3 2517 2518 2582
3 2582 2518 2583
3 2518 2519 2583
3 2583 2519 2584
3 2519 2520 2584
3 2584 2520 2585
3 2520 2521 2585
3 2585 2521 2586
3 2521 2522 2586
3 2586 2522 2587
3 2522 2523 2587
3 2587 2523 2588
3 2523 2524 2588
3 2588 2524 2589
3 2524 2525 2589
3 2589 2525 2590
3 2525 2526 2590
3 2590 2526 2591
3 2526 2527 2591
3 2591 2527 2592
3 2527 2528 2592
3 2592 2528 2593
3 2528 2529 2593
3 2593 2529 2594
3 2529 2531 2594
3 2594 2531 2595
3 2531 2533 2595
3 2595 2533 2596
3 2533 2535 2596
3 2596 2535 2597
3 2535 2598 2597
3 2597 2598 2599
3 2600 2538 2601
3 2601 2538 2602
3 2538 2537 2602
3 2602 2537 2603
3 2537 2604 2603
3 2537 2539 2604
3 2539 2605 2604
3 2539 2540 2605
3 2540 2606 2605
3 2540 2541 2606
3 2541 2542 2606
3 2606 2542 2607
3 2542 2543 2607
3 2607 2543 2608
3 2543 2544 2608
3 2608 2544 2609
3 2544 2545 2609
3 2609 2545 2610
3 2545 2546 2610
3 2610 2546 2611
3 2546 2547 2611
3 2611 2547 2612
3 2547 2548 2612
3 2612 2548 2613
3 2548 2549 2613
3 2613 2549 2614
3 2549 2550 2614
3 2614 2550 2615
3 2550 2551 2615
3 2615 2551 2616
3 2551 2552 2616
3 2616 2552 2617
3 2552 2553 2617
3 2617 2553 2618
3 2553 2554 2618
3 2618 2554 2619
3 2554 2555 2619
3 2619 2555 2620
3 2555 2556 2620
3 2620 2556 2621
3 2556 2557 2621
3 2621 2557 2622
3 2557 2623 2622
3 2557 2558 2623
3 2558 2559 2623
3 2623 2559 2624
3 2559 2560 2624
3 2624 2560 2625
3 2560 2561 2625
3 2625 2561 2626
3 2561 2562 2626
3 2626 2562 2627
3 2562 2563 2627
3 2627 2563 2628
3 2563 2564 2628
3 2628 2564 2629
3 2564 2565 2629
3 2629 2565 2630
3 2565 2566 2630
3 2630 2566 2631
3 2566 2567 2631
3 2631 2567 2632
3 2567 2568 2632
3 2632 2568 2633
3 2568 2569 2633
3 2633 2569 2634
3 2569 2570 2634
3 2634 2570 2635
3 2570 2571 2635
3 2635 2571 2636
3 2571 2572 2636
3 2636 2572 2637
3 2572 2573 2637
3 2637 2573 2638
3 2573 2574 2638
3 2638 2574 2639
3 2574 2575 2639
3 2639 2575 2640
3 2575 2576 2640
3 2640 2576 2641
3 2576 2577 2641
3 2641 2577 2642
3 2577 2578 2642
3 2642 2578 2643
3 2578 2579 2643
3 2643 2579 2644
3 2579 2580 2644
3 2644 2580 2645
3 2580 2581 2645
3 2645 2581 2646
3 2581 2582 2646
3 2646 2582 2647
3 2582 2583 2647
3 2647 2583 2648
3 2583 2584 2648
3 2648 2584 2649
3 2584 2585 2649
3 2649 2585 2650
3 2585 2586 2650
3 2650 2586 2651
3 2586 2587 2651
3 2651 2587 2652
3 2587 2588 2652
3 2652 2588 2653
3 2588 2589 2653
3 2653 2589 2654
3 2589 2590 2654
3 2654 2590 2655
3 2590 2591 2655
3 2655 2591 2656
3 2591 2592 2656
3 2656 2592 2657
3 2592 2593 2657
3 2657 2593 2658
3 2593 2594 2658
3 2658 2594 2659
3 2594 2595 2659
3 2659 2595 2660
3 2595 2596 2660
3 2660 2596 2661
3 2596 2597 2661
3 2661 2597 2662
3 2597 2599 2662
3 2662 2599 2663
3 2599 2664 2663
3 2663 2664 2665
3 2664 2666 2665
3 2665 2666 2667
3 2666 2668 2667
3 2667 2668 2669
3 2670 2601 2671
3 2671 2601 2672
3 2601 2602 2672
3 2672 2602 2673
3 2602 2674 2673
3 2602 2603 2674
3 2603 2675 2674
3 2603 2604 2675
3 2604 2676 2675
3 2604 2605 2676
3 2605 2677 2676
3 2605 2606 2677
3 2606 2678 2677
3 2606 2607 2678
3 2607 2608 2678
3 2678 2608 2679
3 2608 2680 2679
3 2608 2609 2680
3 2609 2610 2680
3 2680 2610 2681
3 2610 2611 2681
3 2681 2611 2682
3 2611 2612 2682
3 2682 2612 2683
3 2612 2684 2683
3 2612 2613 2684
3 2613 2685 2684
3 2613 2614 2685
3 2614 2615 2685
3 2685 2615 2686
3 2615 2616 2686
3 2686 2616 2687
3 2616 2617 2687
3 2687 2617 2688
3 2617 2618 2688
3 2688 2618 2689
3 2618 2619 2689
3 2689 2619 2690
3 2619 2620 2690
3 2690 2620 2691
3 2620 2621 2691
3 2691 2621 2692
3 2621 2693 2692
3 2621 2622 2693
3 2622 2694 2693
3 2622 2623 2694
3 2623 2695 2694
3 2623 2624 2695
3 2624 2625 2695
3 2695 2625 2696
3 2625 2626 2696
3 2696 2626 2697
3 2626 2627 2697
3 2697 2627 2698
3 2627 2628 2698
3 2698 2628 2699
3 2628 2629 2699
3 2699 2629 2700
3 2629 2630 2700
3 2700 2630 2701
3 2630 2631 2701
3 2701 2631 2702
3 2631 2632 2702
3 2702 2632 2703
3 2632 2633 2703
3 2703 2633 2704
3 2633 2634 2704
3 2704 2634 2705
3 2634 2635 2705
3 2705 2635 2706
3 2635 2636 2706
3 2706 2636 2707
3 2636 2708 2707
3 2636 2637 2708
3 2637 2709 2708
3 2637 2638 2709
3 2638 2639 2709
3 2709 2639 2710
3 2639 2640 2710
3 2710 2640 2711
3 2640 2641 2711
3 2711 2641 2712
3 2641 2642 2712
3 2712 2642 2713
3 2642 2643 2713
3 2713 2643 2714
3 2643 2715 2714
3 2643 2644 2715
3 2644 2716 2715
3 2644 2645 2716
3 2645 2646 2716
3 2716 2646 2717
3 2646 2647 2717
3 2717 2647 2718
3 2647 2648 2718
3 2718 2648 2719
3 2648 2649 2719
3 2719 2649 2720
3 2649 2650 2720
3 2720 2650 2721
3 2650 2651 2721
3 2721 2651 2722
3 2651 2652 2722
3 2722 2652 2723
3 2652 2653 2723
3 2723 2653 2724
3 2653 2654 2724
3 2724 2654 2725
3 2654 2655 2725
3 2725 2655 2726
3 2655 2656 2726
3 2726 2656 2727
3 2656 2657 2727
3 2727 2657 2728
3 2657 2658 2728
3 2728 2658 2729
3 2658 2659 2729
3 2729 2659 2730
3 2659 2660 2730
3 2730 2660 2731
3 2660 2732 2731
3 2660 2661 2732
3 2661 2733 2732
3 2661 2662 2733
3 2662 2734 2733
3 2662 2663 2734
3 2663 2665 2734
3 2734 2665 2735
3 2665 2667 2735
3 2735 2667 2736
3 2667 2737 2736
3 2667 2669 2737
3 2669 2738 2737
3 2669 2739 2738
3 2739 2740 2738
3 2741 2671 2742
3 2742 2671 2743
3 2671 2672 2743
3 2743 2672 2744
3 2672 2673 2744
3 2744 2673 2745
3 2673 2746 2745
3 2673 2674 2746
3 2674 2747 2746
3 2674 2675 2747
3 2675 2748 2747
3 2675 2676 2748
3 2676 2749 2748
3 2676 2677 2749
3 2677 2750 2749
3 2677 2678 2750
3 2678 2751 2750
3 2678 2679 2751
3 2679 2752 2751
3 2679 2680 2752
3 2680 2681 2752
3 2752 2681 2753
3 2681 2682 2753
3 2753 2682 2754
3 2682 2683 2754
3 2754 2683 2755
3 2683 2756 2755
3 2683 2684 2756
3 2684 2757 2756
3 2684 2685 2757
3 2685 2686 2757
3 2757 2686 2758
3 2686 2687 2758
3 2758 2687 2759
3 2687 2688 2759
3 2759 2688 2760
3 2688 2689 2760
3 2760 2689 2761
3 2689 2690 2761
3 2761 2690 2762
3 2690 2691 2762
3 2762 2691 2763
3 2691 2764 2763
3 2691 2692 2764
3 2692 2765 2764
3 2692 2693 2765
3 2693 2766 2765
3 2693 2694 2766
3 2694 2767 2766
3 2694 2695 2767
3 2695 2696 2767
3 2767 2696 2768
3 2696 2697 2768
3 2768 2697 2769
3 2697 2698 2769
3 2769 2698 2770
3 2698 2699 2770
3 2770 2699 2771
3 2699 2700 2771
3 2771 2700 2772
3 2700 2773 2772
3 2700 2701 2773
3 2701 2702 2773
3 2773 2702 2774
3 2702 2703 2774
3 2774 2703 2775
3 2703 2704 2775
3 2775 2704 2776
3 2704 2705 2776
3 2776 2705 2777
3 2705 2706 2777
3 2777 2706 2778
3 2706 2779 2778
3 2706 2707 2779
3 2707 2780 2779
3 2707 2708 2780
3 2708 2781 2780
3 2708 2709 2781
3 2709 2782 2781
3 2709 2710 2782
3 2710 2783 2782
3 2710 2711 2783
3 2711 2784 2783
3 2711 2712 2784
3 2712 2713 2784
3 2784 2713 2785
3 2713 2714 2785
3 2785 2714 2786
3 2714 2787 2786
3 2714 2715 2787
3 2715 2788 2787
3 2715 2716 2788
3 2716 2717 2788
3 2788 2717 2789
3 2717 2718 2789
3 2789 2718 2790
3 2718 2719 2790
3 2790 2719 2791
3 2719 2720 2791
3 2791 2720 2792
3 2720 2721 2792
3 2792 2721 2793
3 2721 2722 2793
3 2793 2722 2794
3 2722 2723 2794
3 2794 2723 2795
3 2723 2724 2795
3 2795 2724 2796
3 2724 2725 2796
3 2796 2725 2797
3 2725 2726 2797
3 2797 2726 2798
3 2726 2727 2798
3 2798 2727 2799
3 2727 2728 2799
3 2799 2728 2800
3 2728 2729 2800
3 2800 2729 2801
3 2729 2730 2801
3 2801 2730 2802
3 2730 2731 2802
3 2802 2731 2803
3 2731 2804 2803
3 2731 2732 2804
3 2732 2805 2804
3 2732 2733 2805
3 2733 2806 2805
3 2733 2734 2806
3 2734 2807 2806
3 2734 2735 2807
3 2735 2808 2807
3 2735 2736 2808
3 2736 2809 2808
3 2736 2737 2809
3 2737 2810 2809
3 2737 2738 2810
3 2738 2811 2810
3 2738 2740 2811
3 2740 2812 2811
3 2740 2813 2812
3 2813 2814 2812
3 2815 2816 2817
3 2816 2742 2817
3 2817 2742 2818
3 2742 2743 2818
3 2818 2743 2819
3 2743 2744 2819
3 2819 2744 2820
3 2744 2745 2820
3 2820 2745 2821
3 2745 2822 2821
3 2745 2746 2822
3 2746 2823 2822
3 2746 2747 2823
3 2747 2824 2823
3 2747 2748 2824
3 2748 2825 2824
3 2748 2749 2825
3 2749 2826 2825
3 2749 2750 2826
3 2750 2827 2826
3 2750 2751 2827
3 2751 2828 2827
3 2751 2752 2828
3 2752 2753 2828
3 2828 2753 2829
3 2753 2754 2829
3 2829 2754 2830
3 2754 2755 2830
3 2830 2755 2831
3 2755 2832 2831
3 2755 2756 2832
3 2756 2833 2832
3 2756 2757 2833
3 2757 2758 2833
3 2833 2758 2834
3 2758 2759 2834
3 2834 2759 2835
3 2759 2760 2835
3 2835 2760 2836
3 2760 2761 2836
3 2836 2761 2837
3 2761 2762 2837
3 2837 2762 2838
3 2762 2763 2838
3 2838 2763 2839
3 2763 2764 2839
3 2839 2764 2840
3 2764 2841 2840
3 2764 2765 2841
3 2765 2842 2841
3 2765 2766 2842
3 2766 2843 2842
3 2766 2767 2843
3 2767 2768 2843
3 2843 2768 2844
3 2768 2769 2844
3 2844 2769 2845
3 2769 2770 2845
3 2845 2770 2846
3 2770 2771 2846
3 2846 2771 2847
3 2771 2772 2847
3 2847 2772 2848
3 2772 2773 2848
3 2848 2773 2849
3 2773 2774 2849
3 2849 2774 2850
3 2774 2775 2850
3 2850 2775 2851
3 2775 2776 2851
3 2851 2776 2852
3 2776 2777 2852
3 2852 2777 2853
3 2777 2778 2853
3 2853 2778 2854
3 2778 2779 2854
3 2854 2779 2855
3 2779 2856 2855
3 2779 2780 2856
3 2780 2857 2856
3 2780 2781 2857
3 2781 2782 2857
3 2857 2782 2858
3 2782 2783 2858
3 2858 2783 2859
3 2783 2784 2859
3 2859 2784 2860
3 2784 2785 2860
3 2860 2785 2861
3 2785 2786 2861
3 2861 2786 2862
3 2786 2787 2862
3 2862 2787 2863
3 2787 2788 2863
3 2863 2788 2864
3 2788 2789 2864
3 2864 2789 2865
3 2789 2790 2865
3 2865 2790 2866
3 2790 2791 2866
3 2866 2791 2867
3 2791 2792 2867
3 2867 2792 2868
3 2792 2793 2868
3 2868 2793 2869
3 2793 2794 2869
3 2869 2794 2870
3 2794 2795 2870
3 2870 2795 2871
3 2795 2796 2871
3 2871 2796 2872
3 2796 2797 2872
3 2872 2797 2873
3 2797 2798 2873
3 2873 2798 2874
3 2798 2799 2874
3 2874 2799 2875
3 2799 2800 2875
3 2875 2800 2876
3 2800 2801 2876
3 2876 2801 2877
3 2801 2802 2877
3 2877 2802 2878
3 2802 2803 2878
3 2878 2803 2879
3 2803 2880 2879
3 2803 2804 2880
3 2804 2881 2880
3 2804 2805 2881
3 2805 2882 2881
3 2805 2806 2882
3 2806 2883 2882
3 2806 2807 2883
3 2807 2884 2883
3 2807 2808 2884
3 2808 2885 2884
3 2808 2809 2885
3 2809 2886 2885
3 2809 2810 2886
3 2810 2887 2886
3 2810 2811 2887
3 2811 2888 2887
3 2811 2812 2888
3 2812 2889 2888
3 2812 2814 2889
3 2814 2890 2889
3 2814 2891 2890
3 2891 2892 2890
3 2893 2815 2894
3 2815 2817 2894
3 2894 2817 2895
3 2817 2818 2895
3 2895 2818 2896
3 2818 2819 2896
3 2896 2819 2897
3 2819 2820 2897
3 2897 2820 2898
3 2820 2821 2898
3 2898 2821 2899
3 2821 2822 2899
3 2899 2822 2900
3 2822 2901 2900
3 2822 2823 2901
3 2823 2902 2901
3 2823 2824 2902
3 2824 2903 2902
3 2824 2825 2903
3 2825 2826 2903
3 2903 2826 2904
3 2826 2827 2904
3 2904 2827 2905
3 2827 2828 2905
3 2905 2828 2906
3 2828 2829 2906
3 2906 2829 2907
3 2829 2830 2907
3 2907 2830 2908
3 2830 2831 2908
3 2908 2831 2909
3 2831 2832 2909
3 2909 2832 2910
3 2832 2833 2910
3 2910 2833 2911
3 2833 2834 2911
3 2911 2834 2912
3 2834 2835 2912
3 2912 2835 2913
3 2835 2836 2913
3 2913 2836 2914
3 2836 2837 2914
3 2914 2837 2915
3 2837 2838 2915
3 2915 2838 2916
3 2838 2839 2916
3 2916 2839 2917
3 2839 2840 2917
3 2917 2840 2918
3 2840 2919 2918
3 2840 2841 2919
3 2841 2920 2919
3 2841 2842 2920
3 2842 2843 2920
3 2920 2843 2921
3 2843 2844 2921
3 2921 2844 2922
3 2844 2845 2922
3 2922 2845 2923
3 2845 2846 2923
3 2923 2846 2924
3 2846 2847 2924
3 2924 2847 2925
3 2847 2848 2925
3 2925 2848 2926
3 2848 2849 2926
3 2926 2849 2927
3 2849 2850 2927
3 2927 2850 2928
3 2850 2851 2928
3 2928 2851 2929
3 2851 2852 2929
3 2929 2852 2930
3 2852 2853 2930
3 2930 2853 2931
3 2853 2854 2931
3 2931 2854 2932
3 2854 2855 2932
3 2932 2855 2933
3 2855 2856 2933
3 2933 2856 2934
3 2856 2857 2934
3 2934 2857 2935
3 2857 2858 2935
3 2935 2858 2936
3 2858 2859 2936
3 2936 2859 2937
3 2859 2860 2937
3 2937 2860 2938
3 2860 2861 2938
3 2938 2861 2939
3 2861 2862 2939
3 2939 2862 2940
3 2862 2863 2940
3 2940 2863 2941
3 2863 2864 2941
3 2941 2864 2942
3 2864 2865 2942
3 2942 2865 2943
3 2865 2866 2943
3 2943 2866 2944
3 2866 2867 2944
3 2944 2867 2945
3 2867 2868 2945
3 2945 2868 2946
3 2868 2869 2946
3 2946 2869 2947
3 2869 2870 2947
3 2947 2870 2948
3 2870 2871 2948
3 2948 2871 2949
3 2871 2872 2949
3 2949 2872 2950
3 2872 2873 2950
3 2950 2873 2951
3 2873 2874 2951
3 2951 2874 2952
3 2874 2875 2952
3 2952 2875 2953
3 2875 2876 2953
3 2953 2876 2954
3 2876 2877 2954
3 2954 2877 2955
3 2877 2878 2955
3 2955 2878 2956
3 2878 2879 2956
3 2956 2879 2957
3 2879 2958 2957
3 2879 2880 2958
3 2880 2959 2958
3 2880 2881 2959
3 2881 2960 2959
3 2881 2882 2960
3 2882 2961 2960
3 2882 2883 2961
3 2883 2962 2961
3 2883 2884 2962
3 2884 2963 2962
3 2884 2885 2963
3 2885 2964 2963
3 2885 2886 2964
3 2886 2965 2964
3 2886 2887 2965
3 2887 2966 2965
3 2887 2888 2966
3 2888 2967 2966
3 2888 2889 2967
3 2889 2968 2967
3 2889 2890 2968
3 2890 2969 2968
3 2890 2892 2969
3 2892 2970 2969
3 2892 2971 2970
3 2971 2972 2970
3 2973 2893 2974
3 2974 2893 2975
3 2893 2894 2975
3 2975 2894 2976
3 2894 2895 2976
3 2976 2895 2977
3 2895 2896 2977
3 2977 2896 2978
3 2896 2897 2978
3 2978 2897 2979
3 2897 2898 2979
3 2979 2898 2980
3 2898 2899 2980
3 2980 2899 2981
3 2899 2900 2981
3 2981 2900 2982
3 2900 2901 2982
3 2982 2901 2983
3 2901 2902 2983
3 2983 2902 2984
3 2902 2903 2984
3 2984 2903 2985
3 2903 2904 2985
3 2985 2904 2986
3 2904 2905 2986
3 2986 2905 2987
3 2905 2906 2987
3 2987 2906 2988
3 2906 2907 2988
3 2988 2907 2989
3 2907 2908 2989
3 2989 2908 2990
3 2908 2909 2990
3 2990 2909 2991
3 2909 2910 2991
3 2991 2910 2992
3 2910 2911 2992
3 2992 2911 2993
3 2911 2912 2993
3 2993 2912 2994
3 2912 2913 2994
3 2994 2913 2995
3 2913 2914 2995
3 2995 2914 2996
3 2914 2915 2996
3 2996 2915 2997
3 2915 2916 2997
3 2997 2916 2998
3 2916 2917 2998
3 2998 2917 2999
3 2917 2918 2999
3 2999 2918 3000
3 2918 2919 3000
3 3000 2919 3001
3 2919 2920 3001
3 3001 2920 3002
3 2920 2921 3002
3 3002 2921 3003
3 2921 2922 3003
3 3003 2922 3004
3 2922 2923 3004
3 3004 2923 3005
3 2923 2924 3005
3 3005 2924 3006
3 2924 2925 3006
3 3006 2925 3007
3 2925 2926 3007
3 3007 2926 3008
3 2926 2927 3008
3 3008 2927 3009
3 2927 2928 3009
3 3009 2928 3010
3 2928 2929 3010
3 3010 2929 3011
3 2929 2930 3011
3 3011 2930 3012
3 2930 2931 3012
3 3012 2931 3013
3 2931 2932 3013
3 3013 2932 3014
3 2932 2933 3014
3 3014 2933 3015
3 2933 2934 3015
3 3015 2934 3016
3 2934 2935 3016
3 3016 2935 3017
3 2935 2936 3017
3 3017 2936 3018
3 2936 2937 3018
3 3018 2937 3019
3 2937 2938 3019
3 3019 2938 3020
3 2938 2939 3020
3 3020 2939 3021
3 2939 2940 3021
3 3021 2940 3022
3 2940 2941 3022
3 3022 2941 3023
3 2941 2942 3023
3 3023 2942 3024
3 2942 2943 3024
3 3024 2943 3025
3 2943 2944 3025
3 3025 2944 3026
3 2944 2945 3026
3 3026 2945 3027
3 2945 2946 3027
3 3027 2946 3028
3 2946 2947 3028
3 3028 2947 3029
3 2947 2948 3029
3 3029 2948 3030
3 2948 2949 3030
3 3030 2949 3031
3 2949 2950 3031
3 3031 2950 3032
3 2950 2951 3032
3 3032 2951 3033
3 2951 2952 3033
3 3033 2952 3034
3 2952 2953 3034
3 3034 2953 3035
3 2953 2954 3035
3 3035 2954 3036
3 2954 2955 3036
3 3036 2955 3037
3 2955 2956 3037
3 3037 2956 3038
3 2956 2957 3038
3 3038 2957 3039
3 2957 3040 3039
3 2957 2958 3040
3 2958 3041 3040
3 2958 2959 3041
3 2959 3042 3041
3 2959 2960 3042
3 2960 3043 3042
3 2960 2961 3043
3 2961 3044 3043
3 2961 2962 3044
3 2962 3045 3044
3 2962 2963 3045
3 2963 3046 3045
3 2963 2964 3046
3 2964 3047 3046
3 2964 2965 3047
3 2965 3048 3047
3 2965 2966 3048
3 2966 3049 3048
3 2966 2967 3049
3 2967 3050 3049
3 2967 2968 3050
3 2968 3051 3050
3 2968 2969 3051
3 2969 3052 3051
3 2969 2970 3052
3 2970 3053 3052
3 2970 2972 3053
3 2972 3054 3053
3 2972 3055 3054
3 3055 3056 3054
3 3057 3058 3059
3 3058 2974 3059
3 3059 2974 3060
3 2974 2975 3060
3 3060 2975 3061
3 2975 2976 3061
3 3061 2976 3062
3 2976 2977 3062
3 3062 2977 3063
3 2977 2978 3063
3 3063 2978 3064
3 2978 2979 3064
3 3064 2979 3065
3 2979 2980 3065
3 3065 2980 3066
3 2980 2981 3066
3 3066 2981 3067
3 2981 2982 3067
3 3067 2982 3068
3 2982 2983 3068
3 3068 2983 3069
3 2983 2984 3069
3 3069 2984 3070
3 2984 2985 3070
3 3070 2985 3071
3 2985 2986 3071
3 3071 2986 3072
3 2986 2987 3072
3 3072 2987 3073
3 2987 2988 3073
3 3073 2988 3074
3 2988 2989 3074
3 3074 2989 3075
3 2989 2990 3075
3 3075 2990 3076
3 2990 2991 3076
3 3076 2991 3077
3 2991 2992 3077
3 3077 2992 3078
3 2992 2993 3078
3 3078 2993 3079
3 2993 2994 3079
3 3079 2994 3080
3 2994 2995 3080
3 3080 2995 3081
3 2995 2996 3081
3 3081 2996 3082
3 2996 2997 3082
3 3082 2997 3083
3 2997 2998 3083
3 3083 2998 3084
3 2998 2999 3084
3 3084 2999 3085
3 2999 3000 3085
3 3085 3000 3086
3 3000 3001 3086
3 3086 3001 3087
3 3001 3002 3087
3 3087 3002 3088
3 3002 3003 3088
3 3088 3003 3089
3 3003 3004 3089
3 3089 3004 3090
3 3004 3005 3090
3 3090 3005 3091
3 3005 3006 3091
3 3091 3006 3092
3 3006 3007 3092
3 3092 3007 3093
3 3007 3008 3093
3 3093 3008 3094
3 3008 3009 3094
3 3094 3009 3095
3 3009 3010 3095
3 3095 3010 3096
3 3010 3011 3096
3 3096 3011 3097
3 3011 3012 3097
3 3097 3012 3098
3 3012 3013 3098
3 3098 3013 3099
3 3013 3014 3099
3 3099 3014 3100
3 3014 3015 3100
3 3100 3015 3101
3 3015 3016 3101
3 3101 3016 3102
3 3016 3017 3102
3 3102 3017 3103
3 3017 3018 3103
3 3103 3018 3104
3 3018 3019 3104
3 3104 3019 3105
3 3019 3020 3105
3 3105 3020 3106
3 3020 3021 3106
3 3106 3021 3107
3 3021 3022 3107
3 3107 3022 3108
3 3022 3023 3108
3 3108 3023 3109
3 3023 3024 3109
3 3109 3024 3110
3 3024 3025 3110
3 3110 3025 3111
3 3025 3026 3111
3 3111 3026 3112
3 3026 3027 3112
3 3112 3027 3113
3 3027 3028 3113
3 3113 3028 3114
3 3028 3029 3114
3 3114 3029 3115
3 3029 3030 3115
3 3115 3030 3116
3 3030 3031 3116
3 3116 3031 3117
3 3031 3032 3117
3 3117 3032 3118
3 3032 3033 3118
3 3118 3033 3119
3 3033 3034 3119
3 3119 3034 3120
3 3034 3035 3120
3 3120 3035 3121
3 3035 3036 3121
3 3121 3036 3122
3 3036 3037 3122
3 3122 3037 3123
3 3037 3038 3123
3 3123 3038 3124
3 3038 3039 3124
3 3124 3039 3125
3 3039 3126 3125
3 3039 3040 3126
3 3040 3127 3126
3 3040 3041 3127
3 3041 3128 3127
3 3041 3042 3128
3 3042 3129 3128
3 3042 3043 3129
3 3043 3130 3129
3 3043 3044 3130
3 3044 3131 3130
3 3044 3045 3131
3 3045 3132 3131
3 3045 3046 3132
3 3046 3133 3132
3 3046 3047 3133
3 3047 3134 3133
3 3047 3048 3134
3 3048 3135 3134
3 3048 3049 3135
3 3049 3136 3135
3 3049 3050 3136
3 3050 3137 3136
3 3050 3051 3137
3 3051 3138 3137
3 3051 3052 3138
3 3052 3139 3138
3 3052 3053 3139
3 3053 3140 3139
3 3053 3054 3140
3 3054 3141 3140
3 3054 3056 3141
3 3056 3142 3141
3 3141 3142 3143
3 3142 3144 3143
3 3142 3145 3144
3 3145 3146 3144
3 3145 3147 3146
3 3147 3148 3146
3 3149 3150 3151
3 3150 3057 3151
3 3151 3057 3152
3 3057 3059 3152
3 3152 3059 3153
3 3059 3060 3153
3 3153 3060 3154
3 3060 3061 3154
3 3154 3061 3155
3 3061 3062 3155
3 3155 3062 3156
3 3062 3063 3156
3 3156 3063 3157
3 3063 3064 3157
3 3157 3064 3158
3 3064 3065 3158
3 3158 3065 3159
3 3065 3066 3159
3 3159 3066 3160
3 3066 3067 3160
3 3160 3067 3161
3 3067 3068 3161
3 3161 3068 3162
3 3068 3069 3162
3 3162 3069 3163
3 3069 3070 3163
3 3163 3070 3164
3 3070 3071 3164
3 3164 3071 3165
3 3071 3072 3165
3 3165 3072 3166
3 3072 3073 3166
3 3166 3073 3167
3 3073 3074 3167
3 3167 3074 3168
3 3074 3075 3168
3 3168 3075 3169
3 3075 3076 3169
3 3169 3076 3170
3 3076 3077 3170
3 3170 3077 3171
3 3077 3078 3171
3 3171 3078 3172
3 3078 3079 3172
3 3172 3079 3173
3 3079 3080 3173
3 3173 3080 3174
3 3080 3081 3174
3 3174 3081 3175
3 3081 3082 3175
3 3175 3082 3176
3 3082 3083 3176
3 3176 3083 3177
3 3083 3084 3177
3 3177 3084 3178
3 3084 3085 3178
3 3178 3085 3179
3 3085 3086 3179
3 3179 3086 3180
3 3086 3087 3180
3 3180 3087 3181
3 3087 3088 3181
3 3181 3088 3182
3 3088 3089 3182
3 3182 3089 3183
3 3089 3090 3183
3 3183 3090 3184
3 3090 3091 3184
3 3184 3091 3185
3 3091 3092 3185
3 3185 3092 3186
3 3092 3093 3186
3 3186 3093 3187
3 3093 3094 3187
3 3187 3094 3188
3 3094 3095 3188
3 3188 3095 3189
3 3095 3096 3189
3 3189 3096 3190
3 3096 3097 3190
3 3190 3097 3191
3 3097 3098 3191
3 3191 3098 3192
3 3098 3099 3192
3 3192 3099 3193
3 3099 3100 3193
3 3193 3100 3194
3 3100 3101 3194
3 3194 3101 3195
3 3101 3102 3195
3 3195 3102 3196
3 3102 3103 3196
3 3196 3103 3197
3 3103 3104 3197
3 3197 3104 3198
3 3104 3105 3198
3 3198 3105 3199
3 3105 3106 3199
3 3199 3106 3200
3 3106 3107 3200
3 3200 3107 3201
3 3107 3108 3201
3 3201 3108 3202
3 3108 3109 3202
3 3202 3109 3203
3 3109 3110 3203
3 3203 3110 3204
3 3110 3111 3204
3 3204 3111 3205
3 3111 3112 3205
3 3205 3112 3206
3 3112 3113 3206
3 3206 3113 3207
3 3113 3114 3207
3 3207 3114 3208
3 3114 3115 3208
3 3208 3115 3209
3 3115 3116 3209
3 3209 3116 3210
3 3116 3117 3210
3 3210 3117 3211
3 3117 3118 3211
3 3211 3118 3212
3 3118 3119 3212
3 3212 3119 3213
3 3119 3120 3213
3 3213 3120 3214
3 3120 3121 3214
3 3214 3121 3215
3 3121 3122 3215
3 3215 3122 3216
3 3122 3123 3216
3 3216 3123 3217
3 3123 3124 3217
3 3217 3124 3218
3 3124 3125 3218
3 3218 3125 3219
3 3125 3220 3219
3 3125 3126 3220
3 3126 3221 3220
3 3126 3127 3221
3 3127 3222 3221
3 3127 3128 3222
3 3128 3223 3222
3 3128 3129 3223
3 3129 3224 3223
3 3129 3130 3224
3 3130 3225 3224
3 3130 3131 3225
3 3131 3226 3225
3 3131 3132 3226
3 3132 3227 3226
3 3132 3133 3227
3 3133 3228 3227
3 3133 3134 3228
3 3134 3135 3228
3 3228 3135 3229
3 3135 3136 3229
3 3229 3136 3230
3 3136 3231 3230
3 3136 3137 3231
3 3137 3232 3231
3 3137 3138 3232
3 3138 3233 3232
3 3138 3139 3233
3 3139 3234 3233
3 3139 3140 3234
3 3140 3235 3234
3 3140 3141 3235
3 3141 3143 3235
3 3235 3143 3236
3 3143 3237 3236
3 3143 3144 3237
3 3144 3238 3237
3 3144 3146 3238
3 3146 3239 3238
3 3146 3148 3239
3 3148 3240 3239
3 3148 3241 3240
3 3241 3242 3240
3 3243 3149 3244
3 3149 3151 3244
3 3244 3151 3245
3 3151 3152 3245
3 3245 3152 3246
3 3152 3153 3246
3 3246 3153 3247
3 3153 3154 3247
3 3247 3154 3248
3 3154 3155 3248
3 3248 3155 3249
3 3155 3156 3249
3 3249 3156 3250
3 3156 3157 3250
3 3250 3157 3251
3 3157 3158 3251
3 3251 3158 3252
3 3158 3159 3252
3 3252 3159 3253
3 3159 3160 3253
3 3253 3160 3254
3 3160 3161 3254
3 3254 3161 3255
3 3161 3162 3255
3 3255 3162 3256
3 3162 3163 3256
3 3256 3163 3257
3 3163 3258 3257
3 3163 3164 3258
3 3164 3165 3258
3 3258 3165 3259
3 3165 3166 3259
3 3259 3166 3260
3 3166 3167 3260
3 3260 3167 3261
3 3167 3168 3261
3 3261 3168 3262
3 3168 3169 3262
3 3262 3169 3263
3 3169 3170 3263
3 3263 3170 3264
3 3170 3171 3264
3 3264 3171 3265
3 3171 3172 3265
3 3265 3172 3266
3 3172 3173 3266
3 3266 3173 3267
3 3173 3174 3267
3 3267 3174 3268
3 3174 3175 3268
3 3268 3175 3269
3 3175 3176 3269
3 3269 3176 3270
3 3176 3177 3270
3 3270 3177 3271
3 3177 3178 3271
3 3271 3178 3272
3 3178 3179 3272
3 3272 3179 3273
3 3179 3180 3273
3 3273 3180 3274
3 3180 3181 3274
3 3274 3181 3275
3 3181 3182 3275
3 3275 3182 3276
3 3182 3183 3276
3 3276 3183 3277
3 3183 3184 3277
3 3277 3184 3278
3 3184 3185 3278
3 3278 3185 3279
3 3185 3186 3279
3 3279 3186 3280
3 3186 3187 3280
3 3280 3187 3281
3 3187 3188 3281
3 3281 3188 3282
3 3188 3189 3282
3 3282 3189 3283
3 3189 3190 3283
3 3283 3190 3284
3 3190 3191 3284
3 3284 3191 3285
3 3191 3192 3285
3 3285 3192 3286
3 3192 3193 3286
3 3286 3193 3287
3 3193 3194 3287
3 3287 3194 3288
3 3194 3195 3288
3 3288 3195 3289
3 3195 3196 3289
3 3289 3196 3290
3 3196 3197 3290
3 3290 3197 3291
3 3197 3198 3291
3 3291 3198 3292
3 3198 3199 3292
3 3292 3199 3293
3 3199 3200 3293
3 3293 3200 3294
3 3200 3201 3294
3 3294 3201 3295
3 3201 3202 3295
3 3295 3202 3296
3 3202 3203 3296
3 3296 3203 3297
3 3203 3204 3297
3 3297 3204 3298
3 3204 3205 3298
3 3298 3205 3299
3 3205 3206 3299
3 3299 3206 3300
3 3206 3207 3300
3 3300 3207 3301
3 3207 3208 3301
3 3301 3208 3302
3 3208 3209 3302
3 3302 3209 3303
3 3209 3210 3303
3 3303 3210 3304
3 3210 3211 3304
3 3304 3211 3305
3 3211 3212 3305
3 3305 3212 3306
3 3212 3213 3306
3 3306 3213 3307
3 3213 3214 3307
3 3307 3214 3308
3 3214 3215 3308
3 3308 3215 3309
3 3215 3216 3309
3 3309 3216 3310
3 3216 3217 3310
3 3310 3217 3311
3 3217 3218 3311
3 3311 3218 3312
3 3218 3219 3312
3 3312 3219 3313
3 3219 3314 3313
3 3219 3220 3314
3 3220 3315 3314
3 3220 3221 3315
3 3221 3316 3315
3 3221 3222 3316
3 3222 3317 3316
3 3222 3223 3317
3 3223 3318 3317
3 3223 3224 3318
3 3224 3319 3318
3 3224 3225 3319
3 3225 3320 3319
3 3225 3226 3320
3 3226 3321 3320
3 3226 3227 3321
3 3227 3322 3321
3 3227 3228 3322
3 3228 3229 3322
3 3322 3229 3323
3 3229 3230 3323
3 3323 3230 3324
3 3230 3231 3324
3 3324 3231 3325
3 3231 3326 3325
3 3231 3232 3326
3 3232 3327 3326
3 3232 3233 3327
3 3233 3328 3327
3 3233 3234 3328
3 3234 3235 3328
3 3328 3235 3329
3 3235 3236 3329
3 3329 3236 3330
3 3236 3331 3330
3 3236 3237 3331
3 3237 3332 3331
3 3237 3238 3332
3 3238 3333 3332
3 3238 3239 3333
3 3239 3334 3333
3 3239 3240 3334
3 3240 3335 3334
3 3240 3242 3335
3 3242 3336 3335
3 3242 3337 3336
3 3338 3339 3340
3 3338 3341 3339
3 3341 3243 3339
3 3339 3243 3342
3 3243 3244 3342
3 3342 3244 3343
3 3244 3245 3343
3 3343 3245 3344
3 3245 3246 3344
3 3344 3246 3345
3 3246 3247 3345
3 3345 3247 3346
3 3247 3347 3346
3 3247 3248 3347
3 3248 3249 3347
3 3347 3249 3348
3 3249 3250 3348
3 3348 3250 3349
3 3250 3251 3349
3 3349 3251 3350
3 3251 3252 3350
3 3350 3252 3351
3 3252 3253 3351
3 3351 3253 3352
3 3253 3254 3352
3 3352 3254 3353
3 3254 3255 3353
3 3353 3255 3354
3 3255 3256 3354
3 3354 3256 3355
3 3256 3356 3355
3 3256 3257 3356
3 3257 3357 3356
3 3257 3258 3357
3 3258 3358 3357
3 3258 3259 3358
3 3259 3260 3358
3 3358 3260 3359
3 3260 3261 3359
3 3359 3261 3360
3 3261 3361 3360
3 3261 3262 3361
3 3262 3263 3361
3 3361 3263 3362
3 3263 3264 3362
3 3362 3264 3363
3 3264 3265 3363
3 3363 3265 3364
3 3265 3365 3364
3 3265 3266 3365
3 3266 3267 3365
3 3365 3267 3366
3 3267 3268 3366
3 3366 3268 3367
3 3268 3269 3367
3 3367 3269 3368
3 3269 3270 3368
3 3368 3270 3369
3 3270 3271 3369
3 3369 3271 3370
3 3271 3272 3370
3 3370 3272 3371
3 3272 3273 3371
3 3371 3273 3372
3 3273 3274 3372
3 3372 3274 3373
3 3274 3275 3373
3 3373 3275 3374
3 3275 3375 3374
3 3275 3276 3375
3 3276 3277 3375
3 3375 3277 3376
3 3277 3278 3376
3 3376 3278 3377
3 3278 3279 3377
3 3377 3279 3378
3 3279 3280 3378
3 3378 3280 3379
3 3280 3281 3379
3 3379 3281 3380
3 3281 3282 3380
3 3380 3282 3381
3 3282 3283 3381
3 3381 3283 3382
3 3283 3284 3382
3 3382 3284 3383
3 3284 3285 3383
3 3383 3285 3384
3 3285 3286 3384
3 3384 3286 3385
3 3286 3287 3385
3 3385 3287 3386
3 3287 3288 3386
3 3386 3288 3387
3 3288 3289 3387
3 3387 3289 3388
3 3289 3389 3388
3 3289 3290 3389
3 3290 3291 3389
3 3389 3291 3390
3 3291 3292 3390
3 3390 3292 3391
3 3292 3392 3391
3 3292 3293 3392
3 3293 3393 3392
3 3293 3294 3393
3 3294 3295 3393
3 3393 3295 3394
3 3295 3296 3394
3 3394 3296 3395
3 3296 3297 3395
3 3395 3297 3396
3 3297 3298 3396
3 3396 3298 3397
3 3298 3299 3397
3 3397 3299 3398
3 3299 3300 3398
3 3398 3300 3399
3 3300 3301 3399
3 3399 3301 3400
3 3301 3302 3400
3 3400 3302 3401
3 3302 3303 3401
3 3401 3303 3402
3 3303 3304 3402
3 3402 3304 3403
3 3304 3305 3403
3 3403 3305 3404
3 3305 3306 3404
3 3404 3306 3405
3 3306 3307 3405
3 3405 3307 3406
3 3307 3308 3406
3 3406 3308 3407
3 3308 3309 3407
3 3407 3309 3408
3 3309 3310 3408
3 3408 3310 3409
3 3310 3311 3409
3 3409 3311 3410
3 3311 3312 3410
3 3410 3312 3411
3 3312 3313 3411
3 3411 3313 3412
3 3313 3413 3412
3 3313 3314 3413
3 3314 3414 3413
3 3314 3315 3414
3 3315 3316 3414
3 3414 3316 3415
3 3316 3317 3415
3 3415 3317 3416
3 3317 3417 3416
3 3317 3318 3417
3 3318 3418 3417
3 3318 3319 3418
3 3319 3419 3418
3 3319 3320 3419
3 3320 3420 3419
3 3320 3321 3420
3 3321 3421 3420
3 3321 3322 3421
3 3322 3422 3421
3 3322 3323 3422
3 3323 3324 3422
3 3422 3324 3423
3 3324 3325 3423
3 3423 3325 3424
3 3325 3425 3424
3 3325 3326 3425
3 3326 3426 3425
3 3326 3327 3426
3 3327 3427 3426
3 3327 3328 3427
3 3328 3428 3427
3 3328 3329 3428
3 3329 3330 3428
3 3428 3330 3429
3 3330 3430 3429
3 3330 3331 3430
3 3331 3431 3430
3 3331 3332 3431
3 3332 3432 3431
3 3332 3333 3432
3 3333 3433 3432
3 3333 3334 3433
3 3334 3434 3433
3 3334 3335 3434
3 3335 3435 3434
3 3335 3336 3435
3 3436 3437 3438
3 3436 3340 3437
3 3340 3439 3437
3 3340 3339 3439
3 3339 3440 3439
3 3339 3342 3440
3 3342 3441 3440
3 3342 3343 3441
3 3343 3344 3441
3 3441 3344 3442
3 3344 3443 3442
3 3344 3345 3443
3 3345 3444 3443
3 3345 3346 3444
3 3346 3445 3444
3 3346 3347 3445
3 3347 3348 3445
3 3445 3348 3446
3 3348 3447 3446
3 3348 3349 3447
3 3349 3350 3447
3 3447 3350 3448
3 3350 3351 3448
3 3448 3351 3449
3 3351 3352 3449
3 3449 3352 3450
3 3352 3451 3450
3 3352 3353 3451
3 3353 3452 3451
3 3353 3354 3452
3 3354 3453 3452
3 3354 3355 3453
3 3355 3454 3453
3 3355 3356 3454
3 3356 3455 3454
3 3356 3357 3455
3 3357 3456 3455
3 3357 3358 3456
3 3358 3457 3456
3 3358 3359 3457
3 3359 3458 3457
3 3359 3360 3458
3 3360 3459 3458
3 3360 3361 3459
3 3361 3362 3459
3 3459 3362 3460
3 3362 3363 3460
3 3460 3363 3461
3 3363 3364 3461
3 3461 3364 3462
3 3364 3463 3462
3 3364 3365 3463
3 3365 3464 3463
3 3365 3366 3464
3 3366 3367 3464
3 3464 3367 3465
3 3367 3368 3465
3 3465 3368 3466
3 3368 3369 3466
3 3466 3369 3467
3 3369 3370 3467
3 3467 3370 3468
3 3370 3371 3468
3 3468 3371 3469
3 3371 3372 3469
3 3469 3372 3470
3 3372 3373 3470
3 3470 3373 3471
3 3373 3374 3471
3 3471 3374 3472
3 3374 3375 3472
3 3472 3375 3473
3 3375 3376 3473
3 3473 3376 3474
3 3376 3377 3474
3 3474 3377 3475
3 3377 3378 3475
3 3475 3378 3476
3 3378 3379 3476
3 3476 3379 3477
3 3379 3380 3477
3 3477 3380 3478
3 3380 3381 3478
3 3478 3381 3479
3 3381 3382 3479
3 3479 3382 3480
3 3382 3383 3480
3 3480 3383 3481
3 3383 3384 3481
3 3481 3384 3482
3 3384 3385 3482
3 3482 3385 3483
3 3385 3386 3483
3 3483 3386 3484
3 3386 3387 3484
3 3484 3387 3485
3 3387 3486 3485
3 3387 3388 3486
3 3388 3487 3486
3 3388 3389 3487
3 3389 3488 3487
3 3389 3390 3488
3 3390 3489 3488
3 3390 3391 3489
3 3391 3490 3489
3 3391 3392 3490
3 3392 3393 3490
3 3490 3393 3491
3 3393 3394 3491
3 3491 3394 3492
3 3394 3395 3492
3 3492 3395 3493
3 3395 3396 3493
3 3493 3396 3494
3 3396 3397 3494
3 3494 3397 3495
3 3397 3398 3495
3 3495 3398 3496
3 3398 3399 3496
3 3496 3399 3497
3 3399 3400 3497
3 3497 3400 3498
3 3400 3401 3498
3 3498 3401 3499
3 3401 3402 3499
3 3499 3402 3500
3 3402 3403 3500
3 3500 3403 3501
3 3403 3404 3501
3 3501 3404 3502
3 3404 3405 3502
3 3502 3405 3503
3 3405 3406 3503
3 3503 3406 3504
3 3406 3407 3504
3 3504 3407 3505
3 3407 3408 3505
3 3505 3408 3506
3 3408 3409 3506
3 3506 3409 3507
3 3409 3410 3507
3 3507 3410 3508
3 3410 3411 3508
3 3508 3411 3509
3 3411 3412 3509
3 3509 3412 3510
3 3412 3413 3510
3 3510 3413 3511
3 3413 3414 3511
3 3511 3414 3512
3 3414 3415 3512
3 3512 3415 3513
3 3415 3416 3513
3 3513 3416 3514
3 3416 3515 3514
3 3416 3417 3515
3 3417 3516 3515
3 3417 3418 3516
3 3418 3517 3516
3 3418 3419 3517
3 3419 3518 3517
3 3419 3420 3518
3 3420 3519 3518
3 3420 3421 3519
3 3421 3520 3519
3 3421 3422 3520
3 3422 3423 3520
3 3520 3423 3521
3 3423 3424 3521
3 3521 3424 3522
3 3424 3425 3522
3 3522 3425 3523
3 3425 3524 3523
3 3425 3426 3524
3 3426 3525 3524
3 3426 3427 3525
3 3427 3526 3525
3 3427 3428 3526
3 3428 3429 3526
3 3526 3429 3527
3 3429 3528 3527
3 3429 3430 3528
3 3430 3529 3528
3 3430 3431 3529
3 3431 3530 3529
3 3431 3432 3530
3 3432 3531 3530
3 3432 3433 3531
3 3433 3532 3531
3 3433 3434 3532
3 3533 3534 3535
3 3533 3438 3534
3 3438 3536 3534
3 3438 3437 3536
3 3437 3537 3536
3 3437 3439 3537
3 3439 3538 3537
3 3439 3440 3538
3 3440 3539 3538
3 3440 3441 3539
3 3441 3442 3539
3 3539 3442 3540
3 3442 3541 3540
3 3442 3443 3541
3 3443 3542 3541
3 3443 3444 3542
3 3444 3543 3542
3 3444 3445 3543
3 3445 3446 3543
3 3543 3446 3544
3 3446 3447 3544
3 3544 3447 3545
3 3447 3448 3545
3 3545 3448 3546
3 3448 3449 3546
3 3546 3449 3547
3 3449 3450 3547
3 3547 3450 3548
3 3450 3549 3548
3 3450 3451 3549
3 3451 3550 3549
3 3451 3452 3550
3 3452 3551 3550
3 3452 3453 3551
3 3453 3552 3551
3 3453 3454 3552
3 3454 3553 3552
3 3454 3455 3553
3 3455 3554 3553
3 3455 3456 3554
3 3456 3555 3554
3 3456 3457 3555
3 3457 3556 3555
3 3457 3458 3556
3 3458 3557 3556
3 3458 3459 3557
3 3459 3460 3557
3 3557 3460 3558
3 3460 3461 3558
3 3558 3461 3559
3 3461 3560 3559
3 3461 3462 3560
3 3462 3561 3560
3 3462 3463 3561
3 3463 3562 3561
3 3463 3464 3562
3 3464 3465 3562
3 3562 3465 3563
3 3465 3466 3563
3 3563 3466 3564
3 3466 3467 3564
3 3564 3467 3565
3 3467 3566 3565
3 3467 3468 3566
3 3468 3469 3566
3 3566 3469 3567
3 3469 3470 3567
3 3567 3470 3568
3 3470 3471 3568
3 3568 3471 3569
3 3471 3472 3569
3 3569 3472 3570
3 3472 3473 3570
3 3570 3473 3571
3 3473 3474 3571
3 3571 3474 3572
3 3474 3475 3572
3 3572 3475 3573
3 3475 3476 3573
3 3573 3476 3574
3 3476 3477 3574
3 3574 3477 3575
3 3477 3478 3575
3 3575 3478 3576
3 3478 3479 3576
3 3576 3479 3577
3 3479 3480 3577
3 3577 3480 3578
3 3480 3481 3578
3 3578 3481 3579
3 3481 3482 3579
3 3579 3482 3580
3 3482 3483 3580
3 3580 3483 3581
3 3483 3484 3581
3 3581 3484 3582
3 3484 3485 3582
3 3582 3485 3583
3 3485 3486 3583
3 3583 3486 3584
3 3486 3585 3584
3 3486 3487 3585
3 3487 3488 3585
3 3585 3488 3586
3 3488 3489 3586
3 3586 3489 3587
3 3489 3588 3587
3 3489 3490 3588
3 3490 3491 3588
3 3588 3491 3589
3 3491 3492 3589
3 3589 3492 3590
3 3492 3493 3590
3 3590 3493 3591
3 3493 3494 3591
3 3591 3494 3592
3 3494 3495 3592
3 3592 3495 3593
3 3495 3496 3593
3 3593 3496 3594
3 3496 3497 3594
3 3594 3497 3595
3 3497 3498 3595
3 3595 3498 3596
3 3498 3499 3596
3 3596 3499 3597
3 3499 3500 3597
3 3597 3500 3598
3 3500 3501 3598
3 3598 3501 3599
3 3501 3502 3599
3 3599 3502 3600
3 3502 3503 3600
3 3600 3503 3601
3 3503 3504 3601
3 3601 3504 3602
3 3504 3505 3602
3 3602 3505 3603
3 3505 3506 3603
3 3603 3506 3604
3 3506 3507 3604
3 3604 3507 3605
3 3507 3508 3605
3 3605 3508 3606
3 3508 3509 3606
3 3606 3509 3607
3 3509 3510 3607
3 3607 3510 3608
3 3510 3511 3608
3 3608 3511 3609
3 3511 3512 3609
3 3609 3512 3610
3 3512 3513 3610
3 3610 3513 3611
3 3513 3514 3611
3 3611 3514 3612
3 3514 3613 3612
3 3514 3515 3613
3 3515 3614 3613
3 3515 3516 3614
3 3516 3615 3614
3 3516 3517 3615
3 3517 3616 3615
3 3517 3518 3616
3 3518 3617 3616
3 3518 3519 3617
3 3519 3618 3617
3 3519 3520 3618
3 3520 3619 3618
3 3520 3521 3619
3 3521 3522 3619
3 3619 3522 3620
3 3522 3523 3620
3 3620 3523 3621
3 3523 3524 3621
3 3621 3524 3622
3 3524 3623 3622
3 3524 3525 3623
3 3525 3526 3623
3 3623 3526 3624
3 3526 3527 3624
3 3624 3527 3625
3 3527 3626 3625
3 3527 3528 3626
3 3528 3627 3626
3 3528 3529 3627
3 3529 3628 3627
3 3529 3530 3628
3 3530 3531 3628
3 3628 3531 3629
3 3531 3630 3629
3 3531 3532 3630
3 3631 3632 3633
3 3631 3535 3632
3 3535 3634 3632
3 3535 3534 3634
3 3534 3635 3634
3 3534 3536 3635
3 3536 3636 3635
3 3536 3537 3636
3 3537 3637 3636
3 3537 3538 3637
3 3538 3638 3637
3 3538 3539 3638
3 3539 3639 3638
3 3539 3540 3639
3 3540 3640 3639
3 3540 3541 3640
3 3541 3641 3640
3 3541 3542 3641
3 3542 3642 3641
3 3542 3543 3642
3 3543 3643 3642
3 3543 3544 3643
3 3544 3644 3643
3 3544 3545 3644
3 3545 3645 3644
3 3545 3546 3645
3 3546 3646 3645
3 3546 3547 3646
3 3547 3647 3646
3 3547 3548 3647
3 3548 3648 3647
3 3548 3549 3648
3 3549 3649 3648
3 3549 3550 3649
3 3550 3650 3649
3 3550 3551 3650
3 3551 3651 3650
3 3551 3552 3651
3 3552 3652 3651
3 3552 3553 3652
3 3553 3653 3652
3 3553 3554 3653
3 3554 3654 3653
3 3554 3555 3654
3 3555 3655 3654
3 3555 3556 3655
3 3556 3656 3655
3 3556 3557 3656
3 3557 3657 3656
3 3557 3558 3657
3 3558 3658 3657
3 3558 3559 3658
3 3559 3659 3658
3 3559 3560 3659
3 3560 3660 3659
3 3560 3561 3660
3 3561 3661 3660
3 3561 3562 3661
3 3562 3662 3661
3 3562 3563 3662
3 3563 3663 3662
3 3563 3564 3663
3 3564 3664 3663
3 3564 3565 3664
3 3565 3665 3664
3 3565 3566 3665
3 3566 3666 3665
3 3566 3567 3666
3 3567 3667 3666
3 3567 3568 3667
3 3568 3668 3667
3 3568 3569 3668
3 3569 3669 3668
3 3569 3570 3669
3 3570 3670 3669
3 3570 3571 3670
3 3571 3671 3670
3 3571 3572 3671
3 3572 3672 3671
3 3572 3573 3672
3 3573 3673 3672
3 3573 3574 3673
3 3574 3674 3673
3 3574 3575 3674
3 3575 3675 3674
3 3575 3576 3675
3 3576 3676 3675
3 3576 3577 3676
3 3577 3677 3676
3 3577 3578 3677
3 3578 3678 3677
3 3578 3579 3678
3 3579 3679 3678
3 3579 3580 3679
3 3580 3680 3679
3 3580 3581 3680
3 3581 3681 3680
3 3581 3582 3681
3 3582 3682 3681
3 3582 3583 3682
3 3583 3683 3682
3 3583 3584 3683
3 3584 3684 3683
3 3584 3585 3684
3 3585 3685 3684
3 3585 3586 3685
3 3586 3686 3685
3 3586 3587 3686
3 3587 3687 3686
3 3587 3588 3687
3 3588 3688 3687
3 3588 3589 3688
3 3589 3689 3688
3 3589 3590 3689
3 3590 3690 3689
3 3590 3591 3690
3 3591 3691 3690
3 3591 3592 3691
3 3592 3692 3691
3 3592 3593 3692
3 3593 3693 3692
3 3593 3594 3693
3 3594 3694 3693
3 3594 3595 3694
3 3595 3695 3694
3 3595 3596 3695
3 3596 3696 3695
3 3596 3597 3696
3 3597 3697 3696
3 3597 3598 3697
3 3598 3698 3697
3 3598 3599 3698
3 3599 3699 3698
3 3599 3600 3699
3 3600 3700 3699
3 3600 3601 3700
3 3601 3701 3700
3 3601 3602 3701
3 3602 3702 3701
3 3602 3603 3702
3 3603 3703 3702
3 3603 3604 3703
3 3604 3704 3703
3 3604 3605 3704
3 3605 3606 3704
3 3704 3606 3705
3 3606 3607 3705
3 3705 3607 3706
3 3607 3608 3706
3 3706 3608 3707
3 3608 3609 3707
3 3707 3609 3708
3 3609 3610 3708
3 3708 3610 3709
3 3610 3710 3709
3 3610 3611 3710
3 3611 3711 3710
3 3611 3612 3711
3 3612 3712 3711
3 3612 3613 3712
3 3613 3713 3712
3 3613 3614 3713
3 3614 3714 3713
3 3614 3615 3714
3 3615 3715 3714
3 3615 3616 3715
3 3616 3716 3715
3 3616 3617 3716
3 3617 3717 3716
3 3617 3618 3717
3 3618 3718 3717
3 3618 3619 3718
3 3619 3719 3718
3 3619 3620 3719
3 3620 3720 3719
3 3620 3621 3720
3 3621 3622 3720
3 3720 3622 3721
3 3622 3722 3721
3 3622 3623 3722
3 3623 3723 3722
3 3623 3624 3723
3 3624 3625 3723
3 3723 3625 3724
3 3625 3725 3724
3 3625 3626 3725
3 3626 3726 3725
3 3626 3627 3726
3 3627 3727 3726
3 3627 3628 3727
3 3628 3629 3727
3 3727 3629 3728
3 3629 3630 3728
3 3633 3729 3730
3 3633 3632 3729
3 3632 3731 3729
3 3632 3634 3731
3 3634 3732 3731
3 3634 3635 3732
3 3635 3733 3732
3 3635 3636 3733
3 3636 3734 3733
3 3636 3637 3734
3 3637 3735 3734
3 3637 3638 3735
3 3638 3736 3735
3 3638 3639 3736
3 3639 3737 3736
3 3639 3640 3737
3 3640 3738 3737
3 3640 3641 3738
3 3641 3739 3738
3 3641 3642 3739
3 3642 3740 3739
3 3642 3643 3740
3 3643 3741 3740
3 3643 3644 3741
3 3644 3742 3741
3 3644 3645 3742
3 3645 3743 3742
3 3645 3646 3743
3 3646 3744 3743
3 3646 3647 3744
3 3647 3745 3744
3 3647 3648 3745
3 3648 3746 3745
3 3648 3649 3746
3 3649 3747 3746
3 3649 3650 3747
3 3650 3748 3747
3 3650 3651 3748
3 3651 3749 3748
3 3651 3652 3749
3 3652 3750 3749
3 3652 3653 3750
3 3653 3751 3750
3 3653 3654 3751
3 3654 3752 3751
3 3654 3655 3752
3 3655 3753 3752
3 3655 3656 3753
3 3656 3754 3753
3 3656 3657 3754
3 3657 3755 3754
3 3657 3658 3755
3 3658 3756 3755
3 3658 3659 3756
3 3659 3757 3756
3 3659 3660 3757
3 3660 3758 3757
3 3660 3661 3758
3 3661 3759 3758
3 3661 3662 3759
3 3662 3760 3759
3 3662 3663 3760
3 3663 3761 3760
3 3663 3664 3761
3 3664 3762 3761
3 3664 3665 3762
3 3665 3763 3762
3 3665 3666 3763
3 3666 3764 3763
3 3666 3667 3764
3 3667 3765 3764
3 3667 3668 3765
3 3668 3766 3765
3 3668 3669 3766
3 3669 3767 3766
3 3669 3670 3767
3 3670 3768 3767
3 3670 3671 3768
3 3671 3769 3768
3 3671 3672 3769
3 3672 3770 3769
3 3672 3673 3770
3 3673 3771 3770
3 3673 3674 3771
3 3674 3772 3771
3 3674 3675 3772
3 3675 3773 3772
3 3675 3676 3773
3 3676 3774 3773
3 3676 3677 3774
3 3677 3775 3774
3 3677 3678 3775
3 3678 3776 3775
3 3678 3679 3776
3 3679 3777 3776
3 3679 3680 3777
3 3680 3778 3777
3 3680 3681 3778
3 3681 3779 3778
3 3681 3682 3779
3 3682 3780 3779
3 3682 3683 3780
3 3683 3781 3780
3 3683 3684 3781
3 3684 3782 3781
3 3684 3685 3782
3 3685 3783 3782
3 3685 3686 3783
3 3686 3784 3783
3 3686 3687 3784
3 3687 3785 3784
3 3687 3688 3785
3 3688 3786 3785
3 3688 3689 3786
3 3689 3787 3786
3 3689 3690 3787
3 3690 3788 3787
3 3690 3691 3788
3 3691 3789 3788
3 3691 3692 3789
3 3692 3790 3789
3 3692 3693 3790
3 3693 3791 3790
3 3693 3694 3791
3 3694 3792 3791
3 3694 3695 3792
3 3695 3793 3792
3 3695 3696 3793
3 3696 3794 3793
3 3696 3697 3794
3 3697 3795 3794
3 3697 3698 3795
3 3698 3796 3795
3 3698 3699 3796
3 3699 3797 3796
3 3699 3700 3797
3 3700 3798 3797
3 3700 3701 3798
3 3701 3799 3798
3 3701 3702 3799
3 3702 3800 3799
3 3702 3703 3800
3 3703 3801 3800
3 3703 3704 3801
3 3704 3802 3801
3 3704 3705 3802
3 3705 3803 3802
3 3705 3706 3803
3 3706 3804 3803
3 3706 3707 3804
3 3707 3805 3804
3 3707 3708 3805
3 3708 3709 3805
3 3805 3709 3806
3 3709 3710 3806
3 3806 3710 3807
3 3710 3808 3807
3 3710 3711 3808
3 3711 3809 3808
3 3711 3712 3809
3 3712 3810 3809
3 3712 3713 3810
3 3713 3811 3810
3 3713 3714 3811
3 3714 3812 3811
3 3714 3715 3812
3 3715 3813 3812
3 3715 3716 3813
3 3716 3814 3813
3 3716 3717 3814
3 3717 3815 3814
3 3717 3718 3815
3 3718 3816 3815
3 3718 3719 3816
3 3719 3817 3816
3 3719 3720 3817
3 3720 3818 3817
3 3720 3721 3818
3 3721 3819 3818
3 3721 3722 3819
3 3722 3820 3819
3 3722 3723 3820
3 3723 3821 3820
3 3723 3724 3821
3 3724 3822 3821
3 3724 3725 3822
3 3725 3823 3822
3 3725 3726 3823
3 3726 3824 3823
3 3726 3727 3824
3 3727 3825 3824
3 3727 3728 3825
3 3730 3826 3827
3 3730 3729 3826
3 3729 3828 3826
3 3729 3731 3828
3 3731 3829 3828
3 3731 3732 3829
3 3732 3830 3829
3 3732 3733 3830
3 3733 3831 3830
3 3733 3734 3831
3 3734 3832 3831
3 3734 3735 3832
3 3735 3833 3832
3 3735 3736 3833
3 3736 3834 3833
3 3736 3737 3834
3 3737 3835 3834
3 3737 3738 3835
3 3738 3836 3835
3 3738 3739 3836
3 3739 3837 3836
3 3739 3740 3837
3 3740 3838 3837
3 3740 3741 3838
3 3741 3839 3838
3 3741 3742 3839
3 3742 3840 3839
3 3742 3743 3840
3 3743 3841 3840
3 3743 3744 3841
3 3744 3842 3841
3 3744 3745 3842
3 3745 3843 3842
3 3745 3746 3843
3 3746 3844 3843
3 3746 3747 3844
3 3747 3845 3844
3 3747 3748 3845
3 3748 3846 3845
3 3748 3749 3846
3 3749 3847 3846
3 3749 3750 3847
3 3750 3848 3847
3 3750 3751 3848
3 3751 3849 3848
3 3751 3752 3849
3 3752 3850 3849
3 3752 3753 3850
3 3753 3851 3850
3 3753 3754 3851
3 3754 3755 3851
3 3851 3755 3852
3 3755 3853 3852
3 3755 3756 3853
3 3756 3854 3853
3 3756 3757 3854
3 3757 3855 3854
3 3757 3758 3855
3 3758 3856 3855
3 3758 3759 3856
3 3759 3857 3856
3 3759 3760 3857
3 3760 3858 3857
3 3760 3761 3858
3 3761 3859 3858
3 3761 3762 3859
3 3762 3860 3859
3 3762 3763 3860
3 3763 3861 3860
3 3763 3764 3861
3 3764 3862 3861
3 3764 3765 3862
3 3765 3863 3862
3 3765 3766 3863
3 3766 3864 3863
3 3766 3767 3864
3 3767 3865 3864
3 3767 3768 3865
3 3768 3866 3865
3 3768 3769 3866
3 3769 3867 3866
3 3769 3770 3867
3 3770 3868 3867
3 3770 3771 3868
3 3771 3869 3868
3 3771 3772 3869
3 3772 3870 3869
3 3772 3773 3870
3 3773 3871 3870
3 3773 3774 3871
3 3774 3872 3871
3 3774 3775 3872
3 3775 3873 3872
3 3775 3776 3873
3 3776 3874 3873
3 3776 3777 3874
3 3777 3875 3874
3 3777 3778 3875
3 3778 3876 3875
3 3778 3779 3876
3 3779 3877 3876
3 3779 3780 3877
3 3780 3878 3877
3 3780 3781 3878
3 3781 3879 3878
3 3781 3782 3879
3 3782 3880 3879
3 3782 3783 3880
3 3783 3881 3880
3 3783 3784 3881
3 3784 3882 3881
3 3784 3785 3882
3 3785 3883 3882
3 3785 3786 3883
3 3786 3884 3883
3 3786 3787 3884
3 3787 3885 3884
3 3787 3788 3885
3 3788 3886 3885
3 3788 3789 3886
3 3789 3887 3886
3 3789 3790 3887
3 3790 3888 3887
3 3790 3791 3888
3 3791 3889 3888
3 3791 3792 3889
3 3792 3890 3889
3 3792 3793 3890
3 3793 3891 3890
3 3793 3794 3891
3 3794 3892 3891
3 3794 3795 3892
3 3795 3893 3892
3 3795 3796 3893
3 3796 3894 3893
3 3796 3797 3894
3 3797 3895 3894
3 3797 3798 3895
3 3798 3896 3895
3 3798 3799 3896
3 3799 3897 3896
3 3799 3800 3897
3 3800 3898 3897
3 3800 3801 3898
3 3801 3899 3898
3 3801 3802 3899
3 3802 3900 3899
3 3802 3803 3900
3 3803 3901 3900
3 3803 3804 3901
3 3804 3902 3901
3 3804 3805 3902
3 3805 3903 3902
3 3805 3806 3903
3 3806 3807 3903
3 3903 3807 3904
3 3807 3808 3904
3 3904 3808 3905
3 3808 3906 3905
3 3808 3809 3906
3 3809 3907 3906
3 3809 3810 3907
3 3810 3908 3907
3 3810 3811 3908
3 3811 3909 3908
3 3811 3812 3909
3 3812 3910 3909
3 3812 3813 3910
3 3813 3911 3910
3 3813 3814 3911
3 3814 3912 3911
3 3814 3815 3912
3 3815 3913 3912
3 3815 3816 3913
3 3816 3914 3913
3 3816 3817 3914
3 3817 3915 3914
3 3817 3818 3915
3 3818 3916 3915
3 3818 3819 3916
3 3819 3820 3916
3 3916 3820 3917
3 3820 3821 3917
3 3917 3821 3918
3 3821 3919 3918
3 3821 3822 3919
3 3822 3920 3919
3 3822 3823 3920
3 3823 3921 3920
3 3823 3824 3921
3 3922 3923 3924
3 3922 3827 3923
3 3827 3925 3923
3 3827 3826 3925
3 3826 3828 3925
3 3925 3828 3926
3 3828 3927 3926
3 3828 3829 3927
3 3829 3928 3927
3 3829 3830 3928
3 3830 3831 3928
3 3928 3831 3929
3 3831 3832 3929
3 3929 3832 3930
3 3832 3833 3930
3 3930 3833 3931
3 3833 3834 3931
3 3931 3834 3932
3 3834 3933 3932
3 3834 3835 3933
3 3835 3934 3933
3 3835 3836 3934
3 3836 3837 3934
3 3934 3837 3935
3 3837 3936 3935
3 3837 3838 3936
3 3838 3839 3936
3 3936 3839 3937
3 3839 3840 3937
3 3937 3840 3938
3 3840 3841 3938
3 3938 3841 3939
3 3841 3842 3939
3 3939 3842 3940
3 3842 3843 3940
3 3940 3843 3941
3 3843 3942 3941
3 3843 3844 3942
3 3844 3943 3942
3 3844 3845 3943
3 3845 3944 3943
3 3845 3846 3944
3 3846 3945 3944
3 3846 3847 3945
3 3847 3946 3945
3 3847 3848 3946
3 3848 3947 3946
3 3848 3849 3947
3 3849 3948 3947
3 3849 3850 3948
3 3850 3851 3948
3 3948 3851 3949
3 3851 3852 3949
3 3949 3852 3950
3 3852 3853 3950
3 3950 3853 3951
3 3853 3952 3951
3 3853 3854 3952
3 3854 3953 3952
3 3854 3855 3953
3 3855 3856 3953
3 3953 3856 3954
3 3856 3857 3954
3 3954 3857 3955
3 3857 3858 3955
3 3955 3858 3956
3 3858 3859 3956
3 3956 3859 3957
3 3859 3860 3957
3 3957 3860 3958
3 3860 3861 3958
3 3958 3861 3959
3 3861 3960 3959
3 3861 3862 3960
3 3862 3961 3960
3 3862 3863 3961
3 3863 3962 3961
3 3863 3864 3962
3 3864 3963 3962
3 3864 3865 3963
3 3865 3964 3963
3 3865 3866 3964
3 3866 3965 3964
3 3866 3867 3965
3 3867 3966 3965
3 3867 3868 3966
3 3868 3967 3966
3 3868 3869 3967
3 3869 3968 3967
3 3869 3870 3968
3 3870 3969 3968
3 3870 3871 3969
3 3871 3970 3969
3 3871 3872 3970
3 3872 3971 3970
3 3872 3873 3971
3 3873 3972 3971
3 3873 3874 3972
3 3874 3973 3972
3 3874 3875 3973
3 3875 3974 3973
3 3875 3876 3974
3 3876 3975 3974
3 3876 3877 3975
3 3877 3976 3975
3 3877 3878 3976
3 3878 3977 3976
3 3878 3879 3977
3 3879 3978 3977
3 3879 3880 3978
3 3880 3979 3978
3 3880 3881 3979
3 3881 3980 3979
3 3881 3882 3980
3 3882 3981 3980
3 3882 3883 3981
3 3883 3982 3981
3 3883 3884 3982
3 3884 3983 3982
3 3884 3885 3983
3 3885 3984 3983
3 3885 3886 3984
3 3886 3985 3984
3 3886 3887 3985
3 3887 3986 3985
3 3887 3888 3986
3 3888 3987 3986
3 3888 3889 3987
3 3889 3988 3987
3 3889 3890 3988
3 3890 3989 3988
3 3890 3891 3989
3 3891 3990 3989
3 3891 3892 3990
3 3892 3991 3990
3 3892 3893 3991
3 3893 3992 3991
3 3893 3894 3992
3 3894 3993 3992
3 3894 3895 3993
3 3895 3994 3993
3 3895 3896 3994
3 3896 3995 3994
3 3896 3897 3995
3 3897 3996 3995
3 3897 3898 3996
3 3898 3997 3996
3 3898 3899 3997
3 3899 3998 3997
3 3899 3900 3998
3 3900 3999 3998
3 3900 3901 3999
3 3901 4000 3999
3 3901 3902 4000
3 3902 4001 4000
3 3902 3903 4001
3 3903 3904 4001
3 4001 3904 4002
3 3904 3905 4002
3 4002 3905 4003
3 3905 3906 4003
3 4003 3906 4004
3 3906 4005 4004
3 3906 3907 4005
3 3907 4006 4005
3 3907 3908 4006
3 3908 4007 4006
3 3908 3909 4007
3 3909 4008 4007
3 3909 3910 4008
3 3910 4009 4008
3 3910 3911 4009
3 3911 4010 4009
3 3911 3912 4010
3 3912 4011 4010
3 3912 3913 4011
3 3913 4012 4011
3 3913 3914 4012
3 3914 4013 4012
3 3914 3915 4013
3 3915 4014 4013
3 3915 3916 4014
3 3916 3917 4014
3 4014 3917 4015
3 3917 3918 4015
3 4015 3918 4016
3 3918 4017 4016
3 3918 3919 4017
3 3919 4018 4017
3 3919 3920 4018
3 3920 4019 4018
3 3920 3921 4019
3 4020 3924 4021
3 3924 3923 4021
3 4021 3923 4022
3 3923 3925 4022
3 4022 3925 4023
3 3925 3926 4023
3 4023 3926 4024
3 3926 3927 4024
3 4024 3927 4025
3 3927 3928 4025
3 4025 3928 4026
3 3928 3929 4026
3 4026 3929 4027
3 3929 3930 4027
3 4027 3930 4028
3 3930 3931 4028
3 4028 3931 4029
3 3931 3932 4029
3 4029 3932 4030
3 3932 3933 4030
3 4030 3933 4031
3 3933 3934 4031
3 4031 3934 4032
3 3934 3935 4032
3 4032 3935 4033
3 3935 3936 4033
3 4033 3936 4034
3 3936 3937 4034
3 4034 3937 4035
3 3937 3938 4035
3 4035 3938 4036
3 3938 3939 4036
3 4036 3939 4037
3 3939 3940 4037
3 4037 3940 4038
3 3940 3941 4038
3 4038 3941 4039
3 3941 3942 4039
3 4039 3942 4040
3 3942 3943 4040
3 4040 3943 4041
3 3943 3944 4041
3 4041 3944 4042
3 3944 3945 4042
3 4042 3945 4043
3 3945 3946 4043
3 4043 3946 4044
3 3946 3947 4044
3 4044 3947 4045
3 3947 3948 4045
3 4045 3948 4046
3 3948 3949 4046
3 4046 3949 4047
3 3949 3950 4047
3 4047 3950 4048
3 3950 3951 4048
3 4048 3951 4049
3 3951 4050 4049
3 3951 3952 4050
3 3952 3953 4050
3 4050 3953 4051
3 3953 3954 4051
3 4051 3954 4052
3 3954 3955 4052
3 4052 3955 4053
3 3955 3956 4053
3 4053 3956 4054
3 3956 3957 4054
3 4054 3957 4055
3 3957 3958 4055
3 4055 3958 4056
3 3958 3959 4056
3 4056 3959 4057
3 3959 3960 4057
3 4057 3960 4058
3 3960 3961 4058
3 4058 3961 4059
3 3961 4060 4059
3 3961 3962 4060
3 3962 4061 4060
3 3962 3963 4061
3 3963 4062 4061
3 3963 3964 4062
3 3964 3965 4062
3 4062 3965 4063
3 3965 3966 4063
3 4063 3966 4064
3 3966 3967 4064
3 4064 3967 4065
3 3967 4066 4065
3 3967 3968 4066
3 3968 3969 4066
3 4066 3969 4067
3 3969 3970 4067
3 4067 3970 4068
3 3970 3971 4068
3 4068 3971 4069
3 3971 3972 4069
3 4069 3972 4070
3 3972 4071 4070
3 3972 3973 4071
3 3973 4072 4071
3 3973 3974 4072
3 3974 4073 4072
3 3974 3975 4073
3 3975 4074 4073
3 3975 3976 4074
3 3976 4075 4074
3 3976 3977 4075
3 3977 4076 4075
3 3977 3978 4076
3 3978 4077 4076
3 3978 3979 4077
3 3979 4078 4077
3 3979 3980 4078
3 3980 3981 4078
3 4078 3981 4079
3 3981 3982 4079
3 4079 3982 4080
3 3982 3983 4080
3 4080 3983 4081
3 3983 3984 4081
3 4081 3984 4082
3 3984 3985 4082
3 4082 3985 4083
3 3985 3986 4083
3 4083 3986 4084
3 3986 3987 4084
3 4084 3987 4085
3 3987 3988 4085
3 4085 3988 4086
3 3988 3989 4086
3 4086 3989 4087
3 3989 4088 4087
3 3989 3990 4088
3 3990 4089 4088
3 3990 3991 4089
3 3991 4090 4089
3 3991 3992 4090
3 3992 4091 4090
3 3992 3993 4091
3 3993 4092 4091
3 3993 3994 4092
3 3994 4093 4092
3 3994 3995 4093
3 3995 4094 4093
3 3995 3996 4094
3 3996 4095 4094
3 3996 3997 4095
3 3997 4096 4095
3 3997 3998 4096
3 3998 4097 4096
3 3998 3999 4097
3 3999 4098 4097
3 3999 4000 4098
3 4000 4099 4098
3 4000 4001 4099
3 4001 4100 4099
3 4001 4002 4100
3 4002 4003 4100
3 4100 4003 4101
3 4003 4004 4101
3 4101 4004 4102
3 4004 4005 4102
3 4102 4005 4103
3 4005 4006 4103
3 4103 4006 4104
3 4006 4105 4104
3 4006 4007 4105
3 4007 4106 4105
3 4007 4008 4106
3 4008 4107 4106
3 4008 4009 4107
3 4009 4010 4107
3 4107 4010 4108
3 4010 4011 4108
3 4108 4011 4109
3 4011 4110 4109
3 4011 4012 4110
3 4012 4111 4110
3 4012 4013 4111
3 4013 4014 4111
3 4111 4014 4112
3 4014 4015 4112
3 4112 4015 4113
3 4015 4016 4113
3 4113 4016 4114
3 4016 4115 4114
3 4016 4017 4115
3 4017 4116 4115
3 4017 4018 4116
3 4117 4118 4119
3 4118 4020 4119
3 4119 4020 4120
3 4020 4021 4120
3 4120 4021 4121
3 4021 4022 4121
3 4121 4022 4122
3 4022 4023 4122
3 4122 4023 4123
3 4023 4024 4123
3 4123 4024 4124
3 4024 4025 4124
3 4124 4025 4125
3 4025 4026 4125
3 4125 4026 4126
3 4026 4027 4126
3 4126 4027 4127
3 4027 4028 4127
3 4127 4028 4128
3 4028 4029 4128
3 4128 4029 4129
3 4029 4030 4129
3 4129 4030 4130
3 4030 4031 4130
3 4130 4031 4131
3 4031 4032 4131
3 4131 4032 4132
3 4032 4033 4132
3 4132 4033 4133
3 4033 4034 4133
3 4133 4034 4134
3 4034 4035 4134
3 4134 4035 4135
3 4035 4036 4135
3 4135 4036 4136
3 4036 4037 4136
3 4136 4037 4137
3 4037 4038 4137
3 4137 4038 4138
3 4038 4039 4138
3 4138 4039 4139
3 4039 4040 4139
3 4139 4040 4140
3 4040 4141 4140
3 4040 4041 4141
3 4041 4142 4141
3 4041 4042 4142
3 4042 4043 4142
3 4142 4043 4143
3 4043 4044 4143
3 4143 4044 4144
3 4044 4045 4144
3 4144 4045 4145
3 4045 4146 4145
3 4045 4046 4146
3 4046 4047 4146
3 4146 4047 4147
3 4047 4048 4147
3 4147 4048 4148
3 4048 4049 4148
3 4148 4049 4149
3 4049 4150 4149
3 4049 4050 4150
3 4050 4151 4150
3 4050 4051 4151
3 4051 4052 4151
3 4151 4052 4152
3 4052 4053 4152
3 4152 4053 4153
3 4053 4054 4153
3 4153 4054 4154
3 4054 4055 4154
3 4154 4055 4155
3 4055 4056 4155
3 4155 4056 4156
3 4056 4057 4156
3 4156 4057 4157
3 4057 4058 4157
3 4157 4058 4158
3 4058 4059 4158
3 4158 4059 4159
3 4059 4160 4159
3 4059 4060 4160
3 4060 4161 4160
3 4060 4061 4161
3 4061 4062 4161
3 4161 4062 4162
3 4062 4063 4162
3 4162 4063 4163
3 4063 4064 4163
3 4163 4064 4164
3 4064 4065 4164
3 4164 4065 4165
3 4065 4066 4165
3 4165 4066 4166
3 4066 4067 4166
3 4166 4067 4167
3 4067 4068 4167
3 4167 4068 4168
3 4068 4069 4168
3 4168 4069 4169
3 4069 4070 4169
3 4169 4070 4170
3 4070 4071 4170
3 4170 4071 4171
3 4071 4072 4171
3 4171 4072 4172
3 4072 4073 4172
3 4172 4073 4173
3 4073 4074 4173
3 4173 4074 4174
3 4074 4175 4174
3 4074 4075 4175
3 4075 4176 4175
3 4075 4076 4176
3 4076 4177 4176
3 4076 4077 4177
3 4077 4078 4177
3 4177 4078 4178
3 4078 4079 4178
3 4178 4079 4179
3 4079 4080 4179
3 4179 4080 4180
3 4080 4081 4180
3 4180 4081 4181
3 4081 4082 4181
3 4181 4082 4182
3 4082 4083 4182
3 4182 4083 4183
3 4083 4084 4183
3 4183 4084 4184
3 4084 4085 4184
3 4184 4085 4185
3 4085 4086 4185
3 4185 4086 4186
3 4086 4087 4186
3 4186 4087 4187
3 4087 4188 4187
3 4087 4088 4188
3 4088 4189 4188
3 4088 4089 4189
3 4089 4190 4189
3 4089 4090 4190
3 4090 4191 4190
3 4090 4091 4191
3 4091 4192 4191
3 4091 4092 4192
3 4092 4093 4192
3 4192 4093 4193
3 4093 4194 4193
3 4093 4094 4194
3 4094 4195 4194
3 4094 4095 4195
3 4095 4196 4195
3 4095 4096 4196
3 4096 4197 4196
3 4096 4097 4197
3 4097 4198 4197
3 4097 4098 4198
3 4098 4199 4198
3 4098 4099 4199
3 4099 4200 4199
3 4099 4100 4200
3 4100 4201 4200
3 4100 4101 4201
3 4101 4202 4201
3 4101 4102 4202
3 4102 4103 4202
3 4202 4103 4203
3 4103 4104 4203
3 4203 4104 4204
3 4104 4105 4204
3 4204 4105 4205
3 4105 4206 4205
3 4105 4106 4206
3 4106 4207 4206
3 4106 4107 4207
3 4107 4108 4207
3 4207 4108 4208
3 4108 4109 4208
3 4208 4109 4209
3 4109 4210 4209
3 4109 4110 4210
3 4110 4111 4210
3 4210 4111 4211
3 4111 4112 4211
3 4211 4112 4212
3 4112 4113 4212
3 4212 4113 4213
3 4113 4114 4213
3 4213 4114 4214
3 4114 4215 4214
3 4114 4115 4215
3 4115 4216 4215
3 4115 4116 4216
3 4117 4119 4217
3 4217 4119 4218
3 4119 4219 4218
3 4119 4120 4219
3 4120 4220 4219
3 4120 4121 4220
3 4121 4221 4220
3 4121 4122 4221
3 4122 4222 4221
3 4122 4123 4222
3 4123 4223 4222
3 4123 4124 4223
3 4124 4224 4223
3 4124 4125 4224
3 4125 4225 4224
3 4125 4126 4225
3 4126 4226 4225
3 4126 4127 4226
3 4127 4128 4226
3 4226 4128 4227
3 4128 4129 4227
3 4227 4129 4228
3 4129 4229 4228
3 4129 4130 4229
3 4130 4230 4229
3 4130 4131 4230
3 4131 4231 4230
3 4131 4132 4231
3 4132 4133 4231
3 4231 4133 4232
3 4133 4233 4232
3 4133 4134 4233
3 4134 4135 4233
3 4233 4135 4234
3 4135 4136 4234
3 4234 4136 4235
3 4136 4236 4235
3 4136 4137 4236
3 4137 4237 4236
3 4137 4138 4237
3 4138 4238 4237
3 4138 4139 4238
3 4139 4239 4238
3 4139 4140 4239
3 4140 4240 4239
3 4140 4141 4240
3 4141 4241 4240
3 4141 4142 4241
3 4142 4242 4241
3 4142 4143 4242
3 4143 4243 4242
3 4143 4144 4243
3 4144 4244 4243
3 4144 4145 4244
3 4145 4245 4244
3 4145 4146 4245
3 4146 4246 4245
3 4146 4147 4246
3 4147 4247 4246
3 4147 4148 4247
3 4148 4248 4247
3 4148 4149 4248
3 4149 4249 4248
3 4149 4150 4249
3 4150 4250 4249
3 4150 4151 4250
3 4151 4251 4250
3 4151 4152 4251
3 4152 4252 4251
3 4152 4153 4252
3 4153 4253 4252
3 4153 4154 4253
3 4154 4254 4253
3 4154 4155 4254
3 4155 4156 4254
3 4254 4156 4255
3 4156 4157 4255
3 4255 4157 4256
3 4157 4257 4256
3 4157 4158 4257
3 4158 4258 4257
3 4158 4159 4258
3 4159 4259 4258
3 4159 4160 4259
3 4160 4260 4259
3 4160 4161 4260
3 4161 4261 4260
3 4161 4162 4261
3 4162 4163 4261
3 4261 4163 4262
3 4163 4164 4262
3 4262 4164 4263
3 4164 4165 4263
3 4263 4165 4264
3 4165 4166 4264
3 4264 4166 4265
3 4166 4167 4265
3 4265 4167 4266
3 4167 4168 4266
3 4266 4168 4267
3 4168 4169 4267
3 4267 4169 4268
3 4169 4170 4268
3 4268 4170 4269
3 4170 4171 4269
3 4269 4171 4270
3 4171 4172 4270
3 4270 4172 4271
3 4172 4272 4271
3 4172 4173 4272
3 4173 4273 4272
3 4173 4174 4273
3 4174 4274 4273
3 4174 4175 4274
3 4175 4275 4274
3 4175 4176 4275
3 4176 4276 4275
3 4176 4177 4276
3 4177 4277 4276
3 4177 4178 4277
3 4178 4278 4277
3 4178 4179 4278
3 4179 4180 4278
3 4278 4180 4279
3 4180 4181 4279
3 4279 4181 4280
3 4181 4182 4280
3 4280 4182 4281
3 4182 4183 4281
3 4281 4183 4282
3 4183 4184 4282
3 4282 4184 4283
3 4184 4185 4283
3 4283 4185 4284
3 4185 4186 4284
3 4284 4186 4285
3 4186 4187 4285
3 4285 4187 4286
3 4187 4287 4286
3 4187 4188 4287
3 4188 4288 4287
3 4188 4189 4288
3 4189 4289 4288
3 4189 4190 4289
3 4190 4290 4289
3 4190 4191 4290
3 4191 4291 4290
3 4191 4192 4291
3 4192 4292 4291
3 4192 4193 4292
3 4193 4293 4292
3 4193 4194 4293
3 4194 4294 4293
3 4194 4195 4294
3 4195 4295 4294
3 4195 4196 4295
3 4196 4296 4295
3 4196 4197 4296
3 4197 4297 4296
3 4197 4198 4297
3 4198 4298 4297
3 4198 4199 4298
3 4199 4299 4298
3 4199 4200 4299
3 4200 4300 4299
3 4200 4201 4300
3 4201 4301 4300
3 4201 4202 4301
3 4202 4302 4301
3 4202 4203 4302
3 4203 4303 4302
3 4203 4204 4303
3 4204 4205 4303
3 4303 4205 4304
3 4205 4305 4304
3 4205 4206 4305
3 4206 4306 4305
3 4206 4207 4306
3 4207 4208 4306
3 4306 4208 4307
3 4208 4308 4307
3 4208 4209 4308
3 4209 4309 4308
3 4209 4210 4309
3 4210 4310 4309
3 4210 4211 4310
3 4211 4212 4310
3 4310 4212 4311
3 4212 4213 4311
3 4311 4213 4312
3 4213 4214 4312
3 4312 4214 4313
3 4214 4314 4313
3 4214 4215 4314
3 4315 4217 4316
3 4217 4218 4316
3 4316 4218 4317
3 4218 4318 4317
3 4218 4219 4318
3 4219 4319 4318
3 4219 4220 4319
3 4220 4320 4319
3 4220 4221 4320
3 4221 4321 4320
3 4221 4222 4321
3 4222 4322 4321
3 4222 4223 4322
3 4223 4323 4322
3 4223 4224 4323
3 4224 4324 4323
3 4224 4225 4324
3 4225 4325 4324
3 4225 4226 4325
3 4226 4227 4325
3 4325 4227 4326
3 4227 4228 4326
3 4326 4228 4327
3 4228 4229 4327
3 4327 4229 4328
3 4229 4329 4328
3 4229 4230 4329
3 4230 4330 4329
3 4230 4231 4330
3 4231 4232 4330
3 4330 4232 4331
3 4232 4332 4331
3 4232 4233 4332
3 4233 4234 4332
3 4332 4234 4333
3 4234 4235 4333
3 4333 4235 4334
3 4235 4335 4334
3 4235 4236 4335
3 4236 4336 4335
3 4236 4237 4336
3 4237 4337 4336
3 4237 4238 4337
3 4238 4338 4337
3 4238 4239 4338
3 4239 4339 4338
3 4239 4240 4339
3 4240 4340 4339
3 4240 4241 4340
3 4241 4341 4340
3 4241 4242 4341
3 4242 4342 4341
3 4242 4243 4342
3 4243 4343 4342
3 4243 4244 4343
3 4244 4344 4343
3 4244 4245 4344
3 4245 4345 4344
3 4245 4246 4345
3 4246 4247 4345
3 4345 4247 4346
3 4247 4347 4346
3 4247 4248 4347
3 4248 4348 4347
3 4248 4249 4348
3 4249 4349 4348
3 4249 4250 4349
3 4250 4350 4349
3 4250 4251 4350
3 4251 4252 4350
3 4350 4252 4351
3 4252 4352 4351
3 4252 4253 4352
3 4253 4353 4352
3 4253 4254 4353
3 4254 4255 4353
3 4353 4255 4354
3 4255 4355 4354
3 4255 4256 4355
3 4256 4356 4355
3 4256 4257 4356
3 4257 4357 4356
3 4257 4258 4357
3 4258 4358 4357
3 4258 4259 4358
3 4259 4359 4358
3 4259 4260 4359
3 4260 4261 4359
3 4359 4261 4360
3 4261 4262 4360
3 4360 4262 4361
3 4262 4263 4361
3 4361 4263 4362
3 4263 4264 4362
3 4362 4264 4363
3 4264 4364 4363
3 4264 4265 4364
3 4265 4365 4364
3 4265 4266 4365
3 4266 4267 4365
3 4365 4267 4366
3 4267 4268 4366
3 4366 4268 4367
3 4268 4269 4367
3 4367 4269 4368
3 4269 4270 4368
3 4368 4270 4369
3 4270 4370 4369
3 4270 4271 4370
3 4271 4371 4370
3 4271 4272 4371
3 4272 4372 4371
3 4272 4273 4372
3 4273 4373 4372
3 4273 4274 4373
3 4274 4374 4373
3 4274 4275 4374
3 4275 4375 4374
3 4275 4276 4375
3 4276 4376 4375
3 4276 4277 4376
3 4277 4377 4376
3 4277 4278 4377
3 4278 4378 4377
3 4278 4279 4378
3 4279 4379 4378
3 4279 4280 4379
3 4280 4380 4379
3 4280 4281 4380
3 4281 4381 4380
3 4281 4282 4381
3 4282 4283 4381
3 4381 4283 4382
3 4283 4284 4382
3 4382 4284 4383
3 4284 4285 4383
3 4383 4285 4384
3 4285 4286 4384
3 4384 4286 4385
3 4286 4386 4385
3 4286 4287 4386
3 4287 4387 4386
3 4287 4288 4387
3 4288 4388 4387
3 4288 4289 4388
3 4289 4389 4388
3 4289 4290 4389
3 4290 4390 4389
3 4290 4291 4390
3 4291 4391 4390
3 4291 4292 4391
3 4292 4392 4391
3 4292 4293 4392
3 4293 4393 4392
3 4293 4294 4393
3 4294 4394 4393
3 4294 4295 4394
3 4295 4395 4394
3 4295 4296 4395
3 4296 4396 4395
3 4296 4297 4396
3 4297 4397 4396
3 4297 4298 4397
3 4298 4398 4397
3 4298 4299 4398
3 4299 4399 4398
3 4299 4300 4399
3 4300 4400 4399
3 4300 4301 4400
3 4301 4401 4400
3 4301 4302 4401
3 4302 4402 4401
3 4302 4303 4402
3 4303 4403 4402
3 4303 4304 4403
3 4304 4404 4403
3 4304 4305 4404
3 4305 4405 4404
3 4305 4306 4405
3 4306 4307 4405
3 4405 4307 4406
3 4307 4407 4406
3 4307 4308 4407
3 4308 4408 4407
3 4308 4309 4408
3 4309 4409 4408
3 4309 4310 4409
3 4310 4410 4409
3 4310 4311 4410
3 4311 4411 4410
3 4311 4312 4411
3 4312 4412 4411
3 4312 4313 4412
3 4313 4413 4412
3 4414 4415 4416
3 4415 4315 4416
3 4416 4315 4417
3 4315 4316 4417
3 4417 4316 4418
3 4316 4317 4418
3 4418 4317 4419
3 4317 4318 4419
3 4419 4318 4420
3 4318 4319 4420
3 4420 4319 4421
3 4319 4320 4421
3 4421 4320 4422
3 4320 4321 4422
3 4422 4321 4423
3 4321 4322 4423
3 4423 4322 4424
3 4322 4323 4424
3 4424 4323 4425
3 4323 4324 4425
3 4425 4324 4426
3 4324 4325 4426
3 4426 4325 4427
3 4325 4326 4427
3 4427 4326 4428
3 4326 4327 4428
3 4428 4327 4429
3 4327 4328 4429
3 4429 4328 4430
3 4328 4329 4430
3 4430 4329 4431
3 4329 4330 4431
3 4431 4330 4432
3 4330 4331 4432
3 4432 4331 4433
3 4331 4332 4433
3 4433 4332 4434
3 4332 4333 4434
3 4434 4333 4435
3 4333 4334 4435
3 4435 4334 4436
3 4334 4335 4436
3 4436 4335 4437
3 4335 4336 4437
3 4437 4336 4438
3 4336 4337 4438
3 4438 4337 4439
3 4337 4338 4439
3 4439 4338 4440
3 4338 4339 4440
3 4440 4339 4441
3 4339 4340 4441
3 4441 4340 4442
3 4340 4341 4442
3 4442 4341 4443
3 4341 4342 4443
3 4443 4342 4444
3 4342 4343 4444
3 4444 4343 4445
3 4343 4446 4445
3 4343 4344 4446
3 4344 4345 4446
3 4446 4345 4447
3 4345 4346 4447
3 4447 4346 4448
3 4346 4347 4448
3 4448 4347 4449
3 4347 4348 4449
3 4449 4348 4450
3 4348 4349 4450
3 4450 4349 4451
3 4349 4350 4451
3 4451 4350 4452
3 4350 4351 4452
3 4452 4351 4453
3 4351 4352 4453
3 4453 4352 4454
3 4352 4353 4454
3 4454 4353 4455
3 4353 4354 4455
3 4455 4354 4456
3 4354 4355 4456
3 4456 4355 4457
3 4355 4356 4457
3 4457 4356 4458
3 4356 4357 4458
3 4458 4357 4459
3 4357 4358 4459
3 4459 4358 4460
3 4358 4359 4460
3 4460 4359 4461
3 4359 4360 4461
3 4461 4360 4462
3 4360 4361 4462
3 4462 4361 4463
3 4361 4362 4463
3 4463 4362 4464
3 4362 4363 4464
3 4464 4363 4465
3 4363 4364 4465
3 4465 4364 4466
3 4364 4365 4466
3 4466 4365 4467
3 4365 4366 4467
3 4467 4366 4468
3 4366 4367 4468
3 4468 4367 4469
3 4367 4368 4469
3 4469 4368 4470
3 4368 4369 4470
3 4470 4369 4471
3 4369 4472 4471
3 4369 4370 4472
3 4370 4473 4472
3 4370 4371 4473
3 4371 4474 4473
3 4371 4372 4474
3 4372 4475 4474
3 4372 4373 4475
3 4373 4374 4475
3 4475 4374 4476
3 4374 4375 4476
3 4476 4375 4477
3 4375 4376 4477
3 4477 4376 4478
3 4376 4377 4478
3 4478 4377 4479
3 4377 4378 4479
3 4479 4378 4480
3 4378 4379 4480
3 4480 4379 4481
3 4379 4380 4481
3 4481 4380 4482
3 4380 4381 4482
3 4482 4381 4483
3 4381 4382 4483
3 4483 4382 4484
3 4382 4383 4484
3 4484 4383 4485
3 4383 4384 4485
3 4485 4384 4486
3 4384 4385 4486
3 4486 4385 4487
3 4385 4488 4487
3 4385 4386 4488
3 4386 4489 4488
3 4386 4387 4489
3 4387 4490 4489
3 4387 4388 4490
3 4388 4491 4490
3 4388 4389 4491
3 4389 4492 4491
3 4389 4390 4492
3 4390 4493 4492
3 4390 4391 4493
3 4391 4392 4493
3 4493 4392 4494
3 4392 4393 4494
3 4494 4393 4495
3 4393 4394 4495
3 4495 4394 4496
3 4394 4497 4496
3 4394 4395 4497
3 4395 4498 4497
3 4395 4396 4498
3 4396 4499 4498
3 4396 4397 4499
3 4397 4500 4499
3 4397 4398 4500
3 4398 4501 4500
3 4398 4399 4501
3 4399 4502 4501
3 4399 4400 4502
3 4400 4503 4502
3 4400 4401 4503
3 4401 4504 4503
3 4401 4402 4504
3 4402 4505 4504
3 4402 4403 4505
3 4403 4506 4505
3 4403 4404 4506
3 4404 4507 4506
3 4404 4405 4507
3 4405 4406 4507
3 4507 4406 4508
3 4406 4407 4508
3 4508 4407 4509
3 4407 4408 4509
3 4509 4408 4510
3 4408 4511 4510
3 4408 4409 4511
3 4409 4410 4511
3 4511 4410 4512
3 4410 4411 4512
3 4512 4411 4513
3 4411 4412 4513
3 4513 4412 4514
3 4515 4414 4516
3 4516 4414 4517
3 4414 4416 4517
3 4517 4416 4518
3 4416 4417 4518
3 4518 4417 4519
3 4417 4418 4519
3 4519 4418 4520
3 4418 4419 4520
3 4520 4419 4521
3 4419 4420 4521
3 4521 4420 4522
3 4420 4421 4522
3 4522 4421 4523
3 4421 4524 4523
3 4421 4422 4524
3 4422 4525 4524
3 4422 4423 4525
3 4423 4526 4525
3 4423 4424 4526
3 4424 4527 4526
3 4424 4425 4527
3 4425 4528 4527
3 4425 4426 4528
3 4426 4427 4528
3 4528 4427 4529
3 4427 4428 4529
3 4529 4428 4530
3 4428 4429 4530
3 4530 4429 4531
3 4429 4430 4531
3 4531 4430 4532
3 4430 4431 4532
3 4532 4431 4533
3 4431 4432 4533
3 4533 4432 4534
3 4432 4433 4534
3 4534 4433 4535
3 4433 4434 4535
3 4535 4434 4536
3 4434 4435 4536
3 4536 4435 4537
3 4435 4436 4537
3 4537 4436 4538
3 4436 4437 4538
3 4538 4437 4539
3 4437 4438 4539
3 4539 4438 4540
3 4438 4439 4540
3 4540 4439 4541
3 4439 4440 4541
3 4541 4440 4542
3 4440 4441 4542
3 4542 4441 4543
3 4441 4442 4543
3 4543 4442 4544
3 4442 4443 4544
3 4544 4443 4545
3 4443 4444 4545
3 4545 4444 4546
3 4444 4445 4546
3 4546 4445 4547
3 4445 4548 4547
3 4445 4446 4548
3 4446 4447 4548
3 4548 4447 4549
3 4447 4448 4549
3 4549 4448 4550
3 4448 4449 4550
3 4550 4449 4551
3 4449 4450 4551
3 4551 4450 4552
3 4450 4451 4552
3 4552 4451 4553
3 4451 4452 4553
3 4553 4452 4554
3 4452 4453 4554
3 4554 4453 4555
3 4453 4454 4555
3 4555 4454 4556
3 4454 4455 4556
3 4556 4455 4557
3 4455 4456 4557
3 4557 4456 4558
3 4456 4457 4558
3 4558 4457 4559
3 4457 4458 4559
3 4559 4458 4560
3 4458 4459 4560
3 4560 4459 4561
3 4459 4460 4561
3 4561 4460 4562
3 4460 4461 4562
3 4562 4461 4563
3 4461 4462 4563
3 4563 4462 4564
3 4462 4463 4564
3 4564 4463 4565
3 4463 4464 4565
3 4565 4464 4566
3 4464 4465 4566
3 4566 4465 4567
3 4465 4466 4567
3 4567 4466 4568
3 4466 4467 4568
3 4568 4467 4569
3 4467 4468 4569
3 4569 4468 4570
3 4468 4469 4570
3 4570 4469 4571
3 4469 4470 4571
3 4571 4470 4572
3 4470 4471 4572
3 4572 4471 4573
3 4471 4472 4573
3 4573 4472 4574
3 4472 4473 4574
3 4574 4473 4575
3 4473 4474 4575
3 4575 4474 4576
3 4474 4475 4576
3 4576 4475 4577
3 4475 4476 4577
3 4577 4476 4578
3 4476 4477 4578
3 4578 4477 4579
3 4477 4478 4579
3 4579 4478 4580
3 4478 4479 4580
3 4580 4479 4581
3 4479 4480 4581
3 4581 4480 4582
3 4480 4481 4582
3 4582 4481 4583
3 4481 4482 4583
3 4583 4482 4584
3 4482 4483 4584
3 4584 4483 4585
3 4483 4484 4585
3 4585 4484 4586
3 4484 4485 4586
3 4586 4485 4587
3 4485 4486 4587
3 4587 4486 4588
3 4486 4487 4588
3 4588 4487 4589
3 4487 4488 4589
3 4589 4488 4590
3 4488 4591 4590
3 4488 4489 4591
3 4489 4592 4591
3 4489 4490 4592
3 4490 4491 4592
3 4592 4491 4593
3 4491 4492 4593
3 4593 4492 4594
3 4492 4493 4594
3 4594 4493 4595
3 4493 4494 4595
3 4595 4494 4596
3 4494 4495 4596
3 4596 4495 4597
3 4495 4496 4597
3 4597 4496 4598
3 4496 4497 4598
3 4598 4497 4599
3 4497 4600 4599
3 4497 4498 4600
3 4498 4601 4600
3 4498 4499 4601
3 4499 4602 4601
3 4499 4500 4602
3 4500 4603 4602
3 4500 4501 4603
3 4501 4604 4603
3 4501 4502 4604
3 4502 4605 4604
3 4502 4503 4605
3 4503 4606 4605
3 4503 4504 4606
3 4504 4607 4606
3 4504 4505 4607
3 4505 4608 4607
3 4505 4506 4608
3 4506 4609 4608
3 4506 4507 4609
3 4507 4508 4609
3 4609 4508 4610
3 4508 4509 4610
3 4610 4509 4611
3 4509 4510 4611
3 4611 4510 4612
3 4510 4511 4612
3 4612 4511 4613
3 4511 4512 4613
3 4613 4512 4614
3 4512 4513 4614
3 4614 4513 4615
3 4513 4514 4615
3 4616 4617 4618
3 4617 4516 4618
3 4618 4516 4619
3 4516 4517 4619
3 4619 4517 4620
3 4517 4518 4620
3 4620 4518 4621
3 4518 4519 4621
3 4621 4519 4622
3 4519 4520 4622
3 4622 4520 4623
3 4520 4521 4623
3 4623 4521 4624
3 4521 4522 4624
3 4624 4522 4625
3 4522 4523 4625
3 4625 4523 4626
3 4523 4627 4626
3 4523 4524 4627
3 4524 4628 4627
3 4524 4525 4628
3 4525 4629 4628
3 4525 4526 4629
3 4526 4630 4629
3 4526 4527 4630
3 4527 4528 4630
3 4630 4528 4631
3 4528 4529 4631
3 4631 4529 4632
3 4529 4530 4632
3 4632 4530 4633
3 4530 4531 4633
3 4633 4531 4634
3 4531 4532 4634
3 4634 4532 4635
3 4532 4533 4635
3 4635 4533 4636
3 4533 4534 4636
3 4636 4534 4637
3 4534 4535 4637
3 4637 4535 4638
3 4535 4536 4638
3 4638 4536 4639
3 4536 4537 4639
3 4639 4537 4640
3 4537 4538 4640
3 4640 4538 4641
3 4538 4539 4641
3 4641 4539 4642
3 4539 4540 4642
3 4642 4540 4643
3 4540 4541 4643
3 4643 4541 4644
3 4541 4542 4644
3 4644 4542 4645
3 4542 4646 4645
3 4542 4543 4646
3 4543 4647 4646
3 4543 4544 4647
3 4544 4648 4647
3 4544 4545 4648
3 4545 4649 4648
3 4545 4546 4649
3 4546 4547 4649
3 4649 4547 4650
3 4547 4548 4650
3 4650 4548 4651
3 4548 4549 4651
3 4651 4549 4652
3 4549 4550 4652
3 4652 4550 4653
3 4550 4551 4653
3 4653 4551 4654
3 4551 4552 4654
3 4654 4552 4655
3 4552 4553 4655
3 4655 4553 4656
3 4553 4554 4656
3 4656 4554 4657
3 4554 4555 4657
3 4657 4555 4658
3 4555 4556 4658
3 4658 4556 4659
3 4556 4557 4659
3 4659 4557 4660
3 4557 4558 4660
3 4660 4558 4661
3 4558 4559 4661
3 4661 4559 4662
3 4559 4560 4662
3 4662 4560 4663
3 4560 4561 4663
3 4663 4561 4664
3 4561 4562 4664
3 4664 4562 4665
3 4562 4563 4665
3 4665 4563 4666
3 4563 4564 4666
3 4666 4564 4667
3 4564 4565 4667
3 4667 4565 4668
3 4565 4566 4668
3 4668 4566 4669
3 4566 4567 4669
3 4669 4567 4670
3 4567 4568 4670
3 4670 4568 4671
3 4568 4569 4671
3 4671 4569 4672
3 4569 4570 4672
3 4672 4570 4673
3 4570 4571 4673
3 4673 4571 4674
3 4571 4572 4674
3 4674 4572 4675
3 4572 4573 4675
3 4675 4573 4676
3 4573 4574 4676
3 4676 4574 4677
3 4574 4575 4677
3 4677 4575 4678
3 4575 4576 4678
3 4678 4576 4679
3 4576 4577 4679
3 4679 4577 4680
3 4577 4578 4680
3 4680 4578 4681
3 4578 4579 4681
3 4681 4579 4682
3 4579 4580 4682
3 4682 4580 4683
3 4580 4581 4683
3 4683 4581 4684
3 4581 4582 4684
3 4684 4582 4685
3 4582 4583 4685
3 4685 4583 4686
3 4583 4584 4686
3 4686 4584 4687
3 4584 4585 4687
3 4687 4585 4688
3 4585 4586 4688
3 4688 4586 4689
3 4586 4587 4689
3 4689 4587 4690
3 4587 4588 4690
3 4690 4588 4691
3 4588 4589 4691
3 4691 4589 4692
3 4589 4590 4692
3 4692 4590 4693
3 4590 4591 4693
3 4693 4591 4694
3 4591 4695 4694
3 4591 4592 4695
3 4592 4696 4695
3 4592 4593 4696
3 4593 4697 4696
3 4593 4594 4697
3 4594 4698 4697
3 4594 4595 4698
3 4595 4596 4698
3 4698 4596 4699
3 4596 4597 4699
3 4699 4597 4700
3 4597 4598 4700
3 4700 4598 4701
3 4598 4702 4701
3 4598 4599 4702
3 4599 4703 4702
3 4599 4600 4703
3 4600 4704 4703
3 4600 4601 4704
3 4601 4705 4704
3 4601 4602 4705
3 4602 4706 4705
3 4602 4603 4706
3 4603 4707 4706
3 4603 4604 4707
3 4604 4708 4707
3 4604 4605 4708
3 4605 4709 4708
3 4605 4606 4709
3 4606 4710 4709
3 4606 4607 4710
3 4607 4711 4710
3 4607 4608 4711
3 4608 4712 4711
3 4608 4609 4712
3 4609 4610 4712
3 4712 4610 4713
3 4610 4611 4713
3 4713 4611 4714
3 4611 4612 4714
3 4714 4612 4715
3 4612 4613 4715
3 4715 4613 4716
3 4613 4614 4716
3 4716 4614 4717
3 4614 4615 4717
3 4718 4616 4719
3 4616 4618 4719
3 4719 4618 4720
3 4618 4619 4720
3 4720 4619 4721
3 4619 4620 4721
3 4721 4620 4722
3 4620 4621 4722
3 4722 4621 4723
3 4621 4622 4723
3 4723 4622 4724
3 4622 4623 4724
3 4724 4623 4725
3 4623 4624 4725
3 4725 4624 4726
3 4624 4625 4726
3 4726 4625 4727
3 4625 4626 4727
3 4727 4626 4728
3 4626 4729 4728
3 4626 4627 4729
3 4627 4730 4729
3 4627 4628 4730
3 4628 4731 4730
3 4628 4629 4731
3 4629 4732 4731
3 4629 4630 4732
3 4630 4733 4732
3 4630 4631 4733
3 4631 4734 4733
3 4631 4632 4734
3 4632 4735 4734
3 4632 4633 4735
3 4633 4634 4735
3 4735 4634 4736
3 4634 4635 4736
3 4736 4635 4737
3 4635 4636 4737
3 4737 4636 4738
3 4636 4739 4738
3 4636 4637 4739
3 4637 4638 4739
3 4739 4638 4740
3 4638 4741 4740
3 4638 4639 4741
3 4639 4640 4741
3 4741 4640 4742
3 4640 4641 4742
3 4742 4641 4743
3 4641 4642 4743
3 4743 4642 4744
3 4642 4745 4744
3 4642 4643 4745
3 4643 4746 4745
3 4643 4644 4746
3 4644 4747 4746
3 4644 4645 4747
3 4645 4748 4747
3 4645 4646 4748
3 4646 4749 4748
3 4646 4647 4749
3 4647 4750 4749
3 4647 4648 4750
3 4648 4751 4750
3 4648 4649 4751
3 4649 4752 4751
3 4649 4650 4752
3 4650 4753 4752
3 4650 4651 4753
3 4651 4652 4753
3 4753 4652 4754
3 4652 4653 4754
3 4754 4653 4755
3 4653 4654 4755
3 4755 4654 4756
3 4654 4757 4756
3 4654 4655 4757
3 4655 4758 4757
3 4655 4656 4758
3 4656 4759 4758
3 4656 4657 4759
3 4657 4658 4759
3 4759 4658 4760
3 4658 4659 4760
3 4760 4659 4761
3 4659 4660 4761
3 4761 4660 4762
3 4660 4763 4762
3 4660 4661 4763
3 4661 4764 4763
3 4661 4662 4764
3 4662 4765 4764
3 4662 4663 4765
3 4663 4766 4765
3 4663 4664 4766
3 4664 4767 4766
3 4664 4665 4767
3 4665 4666 4767
3 4767 4666 4768
3 4666 4667 4768
3 4768 4667 4769
3 4667 4668 4769
3 4769 4668 4770
3 4668 4669 4770
3 4770 4669 4771
3 4669 4670 4771
3 4771 4670 4772
3 4670 4773 4772
3 4670 4671 4773
3 4671 4774 4773
3 4671 4672 4774
3 4672 4775 4774
3 4672 4673 4775
3 4673 4674 4775
3 4775 4674 4776
3 4674 4777 4776
3 4674 4675 4777
3 4675 4778 4777
3 4675 4676 4778
3 4676 4779 4778
3 4676 4677 4779
3 4677 4780 4779
3 4677 4678 4780
3 4678 4781 4780
3 4678 4679 4781
3 4679 4782 4781
3 4679 4680 4782
3 4680 4783 4782
3 4680 4681 4783
3 4681 4784 4783
3 4681 4682 4784
3 4682 4785 4784
3 4682 4683 4785
3 4683 4786 4785
3 4683 4684 4786
3 4684 4787 4786
3 4684 4685 4787
3 4685 4788 4787
3 4685 4686 4788
3 4686 4789 4788
3 4686 4687 4789
3 4687 4688 4789
3 4789 4688 4790
3 4688 4689 4790
3 4790 4689 4791
3 4689 4690 4791
3 4791 4690 4792
3 4690 4691 4792
3 4792 4691 4793
3 4691 4692 4793
3 4793 4692 4794
3 4692 4795 4794
3 4692 4693 4795
3 4693 4796 4795
3 4693 4694 4796
3 4694 4797 4796
3 4694 4695 4797
3 4695 4696 4797
3 4797 4696 4798
3 4696 4799 4798
3 4696 4697 4799
3 4697 4800 4799
3 4697 4698 4800
3 4698 4801 4800
3 4698 4699 4801
3 4699 4802 4801
3 4699 4700 4802
3 4700 4803 4802
3 4700 4701 4803
3 4701 4804 4803
3 4701 4702 4804
3 4702 4805 4804
3 4702 4703 4805
3 4703 4806 4805
3 4703 4704 4806
3 4704 4807 4806
3 4704 4705 4807
3 4705 4808 4807
3 4705 4706 4808
3 4706 4809 4808
3 4706 4707 4809
3 4707 4810 4809
3 4707 4708 4810
3 4708 4811 4810
3 4708 4709 4811
3 4709 4812 4811
3 4709 4710 4812
3 4710 4813 4812
3 4710 4711 4813
3 4711 4814 4813
3 4711 4712 4814
3 4712 4815 4814
3 4712 4713 4815
3 4713 4816 4815
3 4713 4714 4816
3 4714 4817 4816
3 4714 4715 4817
3 4715 4818 4817
3 4715 4716 4818
3 4716 4819 4818
3 4716 4717 4819
3 4820 4821 4822
3 4820 4718 4821
3 4718 4823 4821
3 4718 4719 4823
3 4719 4824 4823
3 4719 4720 4824
3 4720 4825 4824
3 4720 4721 4825
3 4721 4826 4825
3 4721 4722 4826
3 4722 4723 4826
3 4826 4723 4827
3 4723 4724 4827
3 4827 4724 4828
3 4724 4725 4828
3 4828 4725 4829
3 4725 4726 4829
3 4829 4726 4830
3 4726 4831 4830
3 4726 4727 4831
3 4727 4832 4831
3 4727 4728 4832
3 4728 4833 4832
3 4728 4729 4833
3 4729 4834 4833
3 4729 4730 4834
3 4730 4835 4834
3 4730 4731 4835
3 4731 4836 4835
3 4731 4732 4836
3 4732 4837 4836
3 4732 4733 4837
3 4733 4838 4837
3 4733 4734 4838
3 4734 4839 4838
3 4734 4735 4839
3 4735 4736 4839
3 4839 4736 4840
3 4736 4841 4840
3 4736 4737 4841
3 4737 4842 4841
3 4737 4738 4842
3 4738 4843 4842
3 4738 4739 4843
3 4739 4844 4843
3 4739 4740 4844
3 4740 4845 4844
3 4740 4741 4845
3 4741 4846 4845
3 4741 4742 4846
3 4742 4847 4846
3 4742 4743 4847
3 4743 4848 4847
3 4743 4744 4848
3 4744 4849 4848
3 4744 4745 4849
3 4745 4850 4849
3 4745 4746 4850
3 4746 4851 4850
3 4746 4747 4851
3 4747 4852 4851
3 4747 4748 4852
3 4748 4853 4852
3 4748 4749 4853
3 4749 4854 4853
3 4749 4750 4854
3 4750 4855 4854
3 4750 4751 4855
3 4751 4856 4855
3 4751 4752 4856
3 4752 4857 4856
3 4752 4753 4857
3 4753 4754 4857
3 4857 4754 4858
3 4754 4755 4858
3 4858 4755 4859
3 4755 4860 4859
3 4755 4756 4860
3 4756 4861 4860
3 4756 4757 4861
3 4757 4862 4861
3 4757 4758 4862
3 4758 4759 4862
3 4862 4759 4863
3 4759 4760 4863
3 4863 4760 4864
3 4760 4761 4864
3 4864 4761 4865
3 4761 4762 4865
3 4865 4762 4866
3 4762 4867 4866
3 4762 4763 4867
3 4763 4868 4867
3 4763 4764 4868
3 4764 4869 4868
3 4764 4765 4869
3 4765 4870 4869
3 4765 4766 4870
3 4766 4871 4870
3 4766 4767 4871
3 4767 4768 4871
3 4871 4768 4872
3 4768 4769 4872
3 4872 4769 4873
3 4769 4770 4873
3 4873 4770 4874
3 4770 4771 4874
3 4874 4771 4875
3 4771 4876 4875
3 4771 4772 4876
3 4772 4877 4876
3 4772 4773 4877
3 4773 4878 4877
3 4773 4774 4878
3 4774 4879 4878
3 4774 4775 4879
3 4775 4880 4879
3 4775 4776 4880
3 4776 4881 4880
3 4776 4777 4881
3 4777 4882 4881
3 4777 4778 4882
3 4778 4883 4882
3 4778 4779 4883
3 4779 4884 4883
3 4779 4780 4884
3 4780 4885 4884
3 4780 4781 4885
3 4781 4886 4885
3 4781 4782 4886
3 4782 4887 4886
3 4782 4783 4887
3 4783 4888 4887
3 4783 4784 4888
3 4784 4889 4888
3 4784 4785 4889
3 4785 4890 4889
3 4785 4786 4890
3 4786 4891 4890
3 4786 4787 4891
3 4787 4892 4891
3 4787 4788 4892
3 4788 4893 4892
3 4788 4789 4893
3 4789 4894 4893
3 4789 4790 4894
3 4790 4895 4894
3 4790 4791 4895
3 4791 4896 4895
3 4791 4792 4896
3 4792 4897 4896
3 4792 4793 4897
3 4793 4898 4897
3 4793 4794 4898
3 4794 4899 4898
3 4794 4795 4899
3 4795 4900 4899
3 4795 4796 4900
3 4796 4901 4900
3 4796 4797 4901
3 4797 4798 4901
3 4901 4798 4902
3 4798 4799 4902
3 4902 4799 4903
3 4799 4800 4903
3 4903 4800 4904
3 4800 4905 4904
3 4800 4801 4905
3 4801 4906 4905
3 4801 4802 4906
3 4802 4907 4906
3 4802 4803 4907
3 4803 4908 4907
3 4803 4804 4908
3 4804 4909 4908
3 4804 4805 4909
3 4805 4910 4909
3 4805 4806 4910
3 4806 4911 4910
3 4806 4807 4911
3 4807 4912 4911
3 4807 4808 4912
3 4808 4913 4912
3 4808 4809 4913
3 4809 4914 4913
3 4809 4810 4914
3 4810 4915 4914
3 4810 4811 4915
3 4811 4916 4915
3 4811 4812 4916
3 4812 4917 4916
3 4812 4813 4917
3 4813 4918 4917
3 4813 4814 4918
3 4814 4919 4918
3 4814 4815 4919
3 4815 4920 4919
3 4815 4816 4920
3 4816 4921 4920
3 4816 4817 4921
3 4817 4922 4921
3 4817 4818 4922
3 4818 4923 4922
3 4818 4819 4923
3 4822 4924 4925
3 4822 4821 4924
3 4821 4926 4924
3 4821 4823 4926
3 4823 4927 4926
3 4823 4824 4927
3 4824 4928 4927
3 4824 4825 4928
3 4825 4929 4928
3 4825 4826 4929
3 4826 4930 4929
3 4826 4827 4930
3 4827 4828 4930
3 4930 4828 4931
3 4828 4932 4931
3 4828 4829 4932
3 4829 4933 4932
3 4829 4830 4933
3 4830 4934 4933
3 4830 4831 4934
3 4831 4935 4934
3 4831 4832 4935
3 4832 4936 4935
3 4832 4833 4936
3 4833 4937 4936
3 4833 4834 4937
3 4834 4938 4937
3 4834 4835 4938
3 4835 4939 4938
3 4835 4836 4939
3 4836 4940 4939
3 4836 4837 4940
3 4837 4941 4940
3 4837 4838 4941
3 4838 4942 4941
3 4838 4839 4942
3 4839 4840 4942
3 4942 4840 4943
3 4840 4841 4943
3 4943 4841 4944
3 4841 4842 4944
3 4944 4842 4945
3 4842 4946 4945
3 4842 4843 4946
3 4843 4844 4946
3 4946 4844 4947
3 4844 4948 4947
3 4844 4845 4948
3 4845 4949 4948
3 4845 4846 4949
3 4846 4950 4949
3 4846 4847 4950
3 4847 4951 4950
3 4847 4848 4951
3 4848 4952 4951
3 4848 4849 4952
3 4849 4953 4952
3 4849 4850 4953
3 4850 4954 4953
3 4850 4851 4954
3 4851 4955 4954
3 4851 4852 4955
3 4852 4956 4955
3 4852 4853 4956
3 4853 4957 4956
3 4853 4854 4957
3 4854 4958 4957
3 4854 4855 4958
3 4855 4959 4958
3 4855 4856 4959
3 4856 4960 4959
3 4856 4857 4960
3 4857 4961 4960
3 4857 4858 4961
3 4858 4962 4961
3 4858 4859 4962
3 4859 4963 4962
3 4859 4860 4963
3 4860 4964 4963
3 4860 4861 4964
3 4861 4965 4964
3 4861 4862 4965
3 4862 4966 4965
3 4862 4863 4966
3 4863 4967 4966
3 4863 4864 4967
3 4864 4968 4967
3 4864 4865 4968
3 4865 4969 4968
3 4865 4866 4969
3 4866 4970 4969
3 4866 4867 4970
3 4867 4971 4970
3 4867 4868 4971
3 4868 4972 4971
3 4868 4869 4972
3 4869 4973 4972
3 4869 4870 4973
3 4870 4974 4973
3 4870 4871 4974
3 4871 4975 4974
3 4871 4872 4975
3 4872 4976 4975
3 4872 4873 4976
3 4873 4977 4976
3 4873 4874 4977
3 4874 4978 4977
3 4874 4875 4978
3 4875 4979 4978
3 4875 4876 4979
3 4876 4980 4979
3 4876 4877 4980
3 4877 4981 4980
3 4877 4878 4981
3 4878 4982 4981
3 4878 4879 4982
3 4879 4983 4982
3 4879 4880 4983
3 4880 4984 4983
3 4880 4881 4984
3 4881 4985 4984
3 4881 4882 4985
3 4882 4986 4985
3 4882 4883 4986
3 4883 4987 4986
3 4883 4884 4987
3 4884 4988 4987
3 4884 4885 4988
3 4885 4989 4988
3 4885 4886 4989
3 4886 4990 4989
3 4886 4887 4990
3 4887 4991 4990
3 4887 4888 4991
3 4888 4992 4991
3 4888 4889 4992
3 4889 4993 4992
3 4889 4890 4993
3 4890 4994 4993
3 4890 4891 4994
3 4891 4995 4994
3 4891 4892 4995
3 4892 4996 4995
3 4892 4893 4996
3 4893 4997 4996
3 4893 4894 4997
3 4894 4998 4997
3 4894 4895 4998
3 4895 4999 4998
3 4895 4896 4999
3 4896 5000 4999
3 4896 4897 5000
3 4897 5001 5000
3 4897 4898 5001
3 4898 5002 5001
3 4898 4899 5002
3 4899 5003 5002
3 4899 4900 5003
3 4900 5004 5003
3 4900 4901 5004
3 4901 5005 5004
3 4901 4902 5005
3 4902 4903 5005
3 5005 4903 5006
3 4903 4904 5006
3 5006 4904 5007
3 4904 4905 5007
3 5007 4905 5008
3 4905 4906 5008
3 5008 4906 5009
3 4906 5010 5009
3 4906 4907 5010
3 4907 5011 5010
3 4907 4908 5011
3 4908 5012 5011
3 4908 4909 5012
3 4909 5013 5012
3 4909 4910 5013
3 4910 5014 5013
3 4910 4911 5014
3 4911 5015 5014
3 4911 4912 5015
3 4912 5016 5015
3 4912 4913 5016
3 4913 5017 5016
3 4913 4914 5017
3 4914 5018 5017
3 4914 4915 5018
3 4915 5019 5018
3 4915 4916 5019
3 4916 5020 5019
3 4916 4917 5020
3 4917 5021 5020
3 4917 4918 5021
3 4918 5022 5021
3 4918 4919 5022
3 4919 5023 5022
3 4919 4920 5023
3 4920 5024 5023
3 4920 4921 5024
3 4921 5025 5024
3 4921 4922 5025
3 4925 5026 5027
3 4925 4924 5026
3 4924 5028 5026
3 4924 4926 5028
3 4926 5029 5028
3 4926 4927 5029
3 4927 5030 5029
3 4927 4928 5030
3 4928 5031 5030
3 4928 4929 5031
3 4929 5032 5031
3 4929 4930 5032
3 4930 5033 5032
3 4930 4931 5033
3 4931 5034 5033
3 4931 4932 5034
3 4932 5035 5034
3 4932 4933 5035
3 4933 5036 5035
3 4933 4934 5036
3 4934 5037 5036
3 4934 4935 5037
3 4935 5038 5037
3 4935 4936 5038
3 4936 5039 5038
3 4936 4937 5039
3 4937 5040 5039
3 4937 4938 5040
3 4938 5041 5040
3 4938 4939 5041
3 4939 5042 5041
3 4939 4940 5042
3 4940 5043 5042
3 4940 4941 5043
3 4941 5044 5043
3 4941 4942 5044
3 4942 5045 5044
3 4942 4943 5045
3 4943 5046 5045
3 4943 4944 5046
3 4944 5047 5046
3 4944 4945 5047
3 4945 5048 5047
3 4945 4946 5048
3 4946 5049 5048
3 4946 4947 5049
3 4947 5050 5049
3 4947 4948 5050
3 4948 5051 5050
3 4948 4949 5051
3 4949 5052 5051
3 4949 4950 5052
3 4950 5053 5052
3 4950 4951 5053
3 4951 5054 5053
3 4951 4952 5054
3 4952 5055 5054
3 4952 4953 5055
3 4953 5056 5055
3 4953 4954 5056
3 4954 5057 5056
3 4954 4955 5057
3 4955 5058 5057
3 4955 4956 5058
3 4956 5059 5058
3 4956 4957 5059
3 4957 5060 5059
3 4957 4958 5060
3 4958 5061 5060
3 4958 4959 5061
3 4959 5062 5061
3 4959 4960 5062
3 4960 5063 5062
3 4960 4961 5063
3 4961 5064 5063
3 4961 4962 5064
3 4962 5065 5064
3 4962 4963 5065
3 4963 5066 5065
3 4963 4964 5066
3 4964 5067 5066
3 4964 4965 5067
3 4965 5068 5067
3 4965 4966 5068
3 4966 5069 5068
3 4966 4967 5069
3 4967 5070 5069
3 4967 4968 5070
3 4968 5071 5070
3 4968 4969 5071
3 4969 5072 5071
3 4969 4970 5072
3 4970 5073 5072
3 4970 4971 5073
3 4971 5074 5073
3 4971 4972 5074
3 4972 5075 5074
3 4972 4973 5075
3 4973 5076 5075
3 4973 4974 5076
3 4974 5077 5076
3 4974 4975 5077
3 4975 5078 5077
3 4975 4976 5078
3 4976 5079 5078
3 4976 4977 5079
3 4977 5080 5079
3 4977 4978 5080
3 4978 5081 5080
3 4978 4979 5081
3 4979 5082 5081
3 4979 4980 5082
3 4980 5083 5082
3 4980 4981 5083
3 4981 5084 5083
3 4981 4982 5084
3 4982 5085 5084
3 4982 4983 5085
3 4983 5086 5085
3 4983 4984 5086
3 4984 5087 5086
3 4984 4985 5087
3 4985 5088 5087
3 4985 4986 5088
3 4986 5089 5088
3 4986 4987 5089
3 4987 5090 5089
3 4987 4988 5090
3 4988 5091 5090
3 4988 4989 5091
3 4989 5092 5091
3 4989 4990 5092
3 4990 5093 5092
3 4990 4991 5093
3 4991 5094 5093
3 4991 4992 5094
3 4992 5095 5094
3 4992 4993 5095
3 4993 5096 5095
3 4993 4994 5096
3 4994 5097 5096
3 4994 4995 5097
3 4995 5098 5097
3 4995 4996 5098
3 4996 5099 5098
3 4996 4997 5099
3 4997 5100 5099
3 4997 4998 5100
3 4998 5101 5100
3 4998 4999 5101
3 4999 5102 5101
3 4999 5000 5102
3 5000 5103 5102
3 5000 5001 5103
3 5001 5104 5103
3 5001 5002 5104
3 5002 5105 5104
3 5002 5003 5105
3 5003 5106 5105
3 5003 5004 5106
3 5004 5107 5106
3 5004 5005 5107
3 5005 5108 5107
3 5005 5006 5108
3 5006 5007 5108
3 5108 5007 5109
3 5007 5008 5109
3 5109 5008 5110
3 5008 5009 5110
3 5110 5009 5111
3 5009 5010 5111
3 5111 5010 5112
3 5010 5113 5112
3 5010 5011 5113
3 5011 5114 5113
3 5011 5012 5114
3 5012 5115 5114
3 5012 5013 5115
3 5013 5116 5115
3 5013 5014 5116
3 5014 5117 5116
3 5014 5015 5117
3 5015 5118 5117
3 5015 5016 5118
3 5016 5119 5118
3 5016 5017 5119
3 5017 5120 5119
3 5017 5018 5120
3 5018 5121 5120
3 5018 5019 5121
3 5019 5122 5121
3 5019 5020 5122
3 5020 5123 5122
3 5020 5021 5123
3 5021 5124 5123
3 5021 5022 5124
3 5022 5125 5124
3 5022 5023 5125
3 5023 5126 5125
3 5023 5024 5126
3 5024 5127 5126
3 5024 5025 5127
3 5128 5129 5130
3 5128 5027 5129
3 5027 5131 5129
3 5027 5026 5131
3 5026 5132 5131
3 5026 5028 5132
3 5028 5133 5132
3 5028 5029 5133
3 5029 5134 5133
3 5029 5030 5134
3 5030 5135 5134
3 5030 5031 5135
3 5031 5136 5135
3 5031 5032 5136
3 5032 5137 5136
3 5032 5033 5137
3 5033 5138 5137
3 5033 5034 5138
3 5034 5139 5138
3 5034 5035 5139
3 5035 5140 5139
3 5035 5036 5140
3 5036 5141 5140
3 5036 5037 5141
3 5037 5142 5141
3 5037 5038 5142
3 5038 5143 5142
3 5038 5039 5143
3 5039 5144 5143
3 5039 5040 5144
3 5040 5145 5144
3 5040 5041 5145
3 5041 5146 5145
3 5041 5042 5146
3 5042 5147 5146
3 5042 5043 5147
3 5043 5148 5147
3 5043 5044 5148
3 5044 5149 5148
3 5044 5045 5149
3 5045 5150 5149
3 5045 5046 5150
3 5046 5151 5150
3 5046 5047 5151
3 5047 5152 5151
3 5047 5048 5152
3 5048 5153 5152
3 5048 5049 5153
3 5049 5154 5153
3 5049 5050 5154
3 5050 5155 5154
3 5050 5051 5155
3 5051 5156 5155
3 5051 5052 5156
3 5052 5157 5156
3 5052 5053 5157
3 5053 5158 5157
3 5053 5054 5158
3 5054 5159 5158
3 5054 5055 5159
3 5055 5160 5159
3 5055 5056 5160
3 5056 5161 5160
3 5056 5057 5161
3 5057 5162 5161
3 5057 5058 5162
3 5058 5163 5162
3 5058 5059 5163
3 5059 5164 5163
3 5059 5060 5164
3 5060 5165 5164
3 5060 5061 5165
3 5061 5166 5165
3 5061 5062 5166
3 5062 5167 5166
3 5062 5063 5167
3 5063 5168 5167
3 5063 5064 5168
3 5064 5169 5168
3 5064 5065 5169
3 5065 5170 5169
3 5065 5066 5170
3 5066 5171 5170
3 5066 5067 5171
3 5067 5172 5171
3 5067 5068 5172
3 5068 5173 5172
3 5068 5069 5173
3 5069 5174 5173
3 5069 5070 5174
3 5070 5175 5174
3 5070 5071 5175
3 5071 5176 5175
3 5071 5072 5176
3 5072 5177 5176
3 5072 5073 5177
3 5073 5178 5177
3 5073 5074 5178
3 5074 5179 5178
3 5074 5075 5179
3 5075 5180 5179
3 5075 5076 5180
3 5076 5181 5180
3 5076 5077 5181
3 5077 5182 5181
3 5077 5078 5182
3 5078 5183 5182
3 5078 5079 5183
3 5079 5184 5183
3 5079 5080 5184
3 5080 5185 5184
3 5080 5081 5185
3 5081 5186 5185
3 5081 5082 5186
3 5082 5187 5186
3 5082 5083 5187
3 5083 5188 5187
3 5083 5084 5188
3 5084 5189 5188
3 5084 5085 5189
3 5085 5190 5189
3 5085 5086 5190
3 5086 5191 5190
3 5086 5087 5191
3 5087 5192 5191
3 5087 5088 5192
3 5088 5193 5192
3 5088 5089 5193
3 5089 5194 5193
3 5089 5090 5194
3 5090 5195 5194
3 5090 5091 5195
3 5091 5196 5195
3 5091 5092 5196
3 5092 5197 5196
3 5092 5093 5197
3 5093 5198 5197
3 5093 5094 5198
3 5094 5199 5198
3 5094 5095 5199
3 5095 5200 5199
3 5095 5096 5200
3 5096 5201 5200
3 5096 5097 5201
3 5097 5202 5201
3 5097 5098 5202
3 5098 5203 5202
3 5098 5099 5203
3 5099 5204 5203
3 5099 5100 5204
3 5100 5205 5204
3 5100 5101 5205
3 5101 5206 5205
3 5101 5102 5206
3 5102 5207 5206
3 5102 5103 5207
3 5103 5208 5207
3 5103 5104 5208
3 5104 5209 5208
3 5104 5105 5209
3 5105 5210 5209
3 5105 5106 5210
3 5106 5211 5210
3 5106 5107 5211
3 5107 5212 5211
3 5107 5108 5212
3 5108 5213 5212
3 5108 5109 5213
3 5109 5214 5213
3 5109 5110 5214
3 5110 5111 5214
3 5214 5111 5215
3 5111 5112 5215
3 5215 5112 5216
3 5112 5113 5216
3 5216 5113 5217
3 5113 5218 5217
3 5113 5114 5218
3 5114 5219 5218
3 5114 5115 5219
3 5115 5220 5219
3 5115 5116 5220
3 5116 5221 5220
3 5116 5117 5221
3 5117 5222 5221
3 5117 5118 5222
3 5118 5223 5222
3 5118 5119 5223
3 5119 5224 5223
3 5119 5120 5224
3 5120 5225 5224
3 5120 5121 5225
3 5121 5226 5225
3 5121 5122 5226
3 5122 5227 5226
3 5122 5123 5227
3 5123 5228 5227
3 5123 5124 5228
3 5124 5229 5228
3 5124 5125 5229
3 5125 5230 5229
3 5125 5126 5230
3 5231 5232 5233
3 5231 5130 5232
3 5130 5234 5232
3 5130 5129 5234
3 5129 5235 5234
3 5129 5131 5235
3 5131 5236 5235
3 5131 5132 5236
3 5132 5237 5236
3 5132 5133 5237
3 5133 5238 5237
3 5133 5134 5238
3 5134 5239 5238
3 5134 5135 5239
3 5135 5240 5239
3 5135 5136 5240
3 5136 5241 5240
3 5136 5137 5241
3 5137 5242 5241
3 5137 5138 5242
3 5138 5243 5242
3 5138 5139 5243
3 5139 5244 5243
3 5139 5140 5244
3 5140 5245 5244
3 5140 5141 5245
3 5141 5246 5245
3 5141 5142 5246
3 5142 5247 5246
3 5142 5143 5247
3 5143 5248 5247
3 5143 5144 5248
3 5144 5249 5248
3 5144 5145 5249
3 5145 5250 5249
3 5145 5146 5250
3 5146 5251 5250
3 5146 5147 5251
3 5147 5252 5251
3 5147 5148 5252
3 5148 5253 5252
3 5148 5149 5253
3 5149 5254 5253
3 5149 5150 5254
3 5150 5255 5254
3 5150 5151 5255
3 5151 5256 5255
3 5151 5152 5256
3 5152 5257 5256
3 5152 5153 5257
3 5153 5258 5257
3 5153 5154 5258
3 5154 5259 5258
3 5154 5155 5259
3 5155 5260 5259
3 5155 5156 5260
3 5156 5261 5260
3 5156 5157 5261
3 5157 5262 5261
3 5157 5158 5262
3 5158 5263 5262
3 5158 5159 5263
3 5159 5264 5263
3 5159 5160 5264
3 5160 5265 5264
3 5160 5161 5265
3 5161 5266 5265
3 5161 5162 5266
3 5162 5267 5266
3 5162 5163 5267
3 5163 5268 5267
3 5163 5164 5268
3 5164 5269 5268
3 5164 5165 5269
3 5165 5270 5269
3 5165 5166 5270
3 5166 5271 5270
3 5166 5167 5271
3 5167 5272 5271
3 5167 5168 5272
3 5168 5273 5272
3 5168 5169 5273
3 5169 5274 5273
3 5169 5170 5274
3 5170 5275 5274
3 5170 5171 5275
3 5171 5276 5275
3 5171 5172 5276
3 5172 5277 5276
3 5172 5173 5277
3 5173 5278 5277
3 5173 5174 5278
3 5174 5279 5278
3 5174 5175 5279
3 5175 5280 5279
3 5175 5176 5280
3 5176 5281 5280
3 5176 5177 5281
3 5177 5282 5281
3 5177 5178 5282
3 5178 5283 5282
3 5178 5179 5283
3 5179 5284 5283
3 5179 5180 5284
3 5180 5285 5284
3 5180 5181 5285
3 5181 5286 5285
3 5181 5182 5286
3 5182 5287 5286
3 5182 5183 5287
3 5183 5288 5287
3 5183 5184 5288
3 5184 5289 5288
3 5184 5185 5289
3 5185 5290 5289
3 5185 5186 5290
3 5186 5291 5290
3 5186 5187 5291
3 5187 5292 5291
3 5187 5188 5292
3 5188 5293 5292
3 5188 5189 5293
3 5189 5294 5293
3 5189 5190 5294
3 5190 5295 5294
3 5190 5191 5295
3 5191 5296 5295
3 5191 5192 5296
3 5192 5297 5296
3 5192 5193 5297
3 5193 5298 5297
3 5193 5194 5298
3 5194 5299 5298
3 5194 5195 5299
3 5195 5300 5299
3 5195 5196 5300
3 5196 5301 5300
3 5196 5197 5301
3 5197 5302 5301
3 5197 5198 5302
3 5198 5303 5302
3 5198 5199 5303
3 5199 5304 5303
3 5199 5200 5304
3 5200 5305 5304
3 5200 5201 5305
3 5201 5306 5305
3 5201 5202 5306
3 5202 5307 5306
3 5202 5203 5307
3 5203 5308 5307
3 5203 5204 5308
3 5204 5309 5308
3 5204 5205 5309
3 5205 5310 5309
3 5205 5206 5310
3 5206 5311 5310
3 5206 5207 5311
3 5207 5312 5311
3 5207 5208 5312
3 5208 5313 5312
3 5208 5209 5313
3 5209 5314 5313
3 5209 5210 5314
3 5210 5315 5314
3 5210 5211 5315
3 5211 5316 5315
3 5211 5212 5316
3 5212 5317 5316
3 5212 5213 5317
3 5213 5318 5317
3 5213 5214 5318
3 5214 5319 5318
3 5214 5215 5319
3 5215 5320 5319
3 5215 5216 5320
3 5216 5217 5320
3 5320 5217 5321
3 5217 5322 5321
3 5217 5218 5322
3 5218 5323 5322
3 5218 5219 5323
3 5219 5324 5323
3 5219 5220 5324
3 5220 5325 5324
3 5220 5221 5325
3 5221 5326 5325
3 5221 5222 5326
3 5222 5327 5326
3 5222 5223 5327
3 5223 5328 5327
3 5223 5224 5328
3 5224 5329 5328
3 5224 5225 5329
3 5225 5330 5329
3 5225 5226 5330
3 5226 5331 5330
3 5226 5227 5331
3 5227 5332 5331
3 5227 5228 5332
3 5228 5333 5332
3 5228 5229 5333
3 5229 5334 5333
3 5229 5230 5334
3 5335 5336 5337
3 5338 5233 5339
3 5233 5340 5339
3 5233 5232 5340
3 5232 5341 5340
3 5232 5234 5341
3 5234 5342 5341
3 5234 5235 5342
3 5235 5343 5342
3 5235 5236 5343
3 5236 5344 5343
3 5236 5237 5344
3 5237 5345 5344
3 5237 5238 5345
3 5238 5346 5345
3 5238 5239 5346
3 5239 5347 5346
3 5239 5240 5347
3 5240 5348 5347
3 5240 5241 5348
3 5241 5349 5348
3 5241 5242 5349
3 5242 5350 5349
3 5242 5243 5350
3 5243 5351 5350
3 5243 5244 5351
3 5244 5352 5351
3 5244 5245 5352
3 5245 5353 5352
3 5245 5246 5353
3 5246 5354 5353
3 5246 5247 5354
3 5247 5355 5354
3 5247 5248 5355
3 5248 5356 5355
3 5248 5249 5356
3 5249 5357 5356
3 5249 5250 5357
3 5250 5358 5357
3 5250 5251 5358
3 5251 5359 5358
3 5251 5252 5359
3 5252 5360 5359
3 5252 5253 5360
3 5253 5361 5360
3 5253 5254 5361
3 5254 5362 5361
3 5254 5255 5362
3 5255 5363 5362
3 5255 5256 5363
3 5256 5364 5363
3 5256 5257 5364
3 5257 5365 5364
3 5257 5258 5365
3 5258 5366 5365
3 5258 5259 5366
3 5259 5367 5366
3 5259 5260 5367
3 5260 5368 5367
3 5260 5261 5368
3 5261 5369 5368
3 5261 5262 5369
3 5262 5370 5369
3 5262 5263 5370
3 5263 5371 5370
3 5263 5264 5371
3 5264 5372 5371
3 5264 5265 5372
3 5265 5373 5372
3 5265 5266 5373
3 5266 5374 5373
3 5266 5267 5374
3 5267 5375 5374
3 5267 5268 5375
3 5268 5376 5375
3 5268 5269 5376
3 5269 5377 5376
3 5269 5270 5377
3 5270 5378 5377
3 5270 5271 5378
3 5271 5379 5378
3 5271 5272 5379
3 5272 5380 5379
3 5272 5273 5380
3 5273 5381 5380
3 5273 5274 5381
3 5274 5382 5381
3 5274 5275 5382
3 5275 5383 5382
3 5275 5276 5383
3 5276 5384 5383
3 5276 5277 5384
3 5277 5385 5384
3 5277 5278 5385
3 5278 5386 5385
3 5278 5279 5386
3 5279 5387 5386
3 5279 5280 5387
3 5280 5388 5387
3 5280 5281 5388
3 5281 5389 5388
3 5281 5282 5389
3 5282 5390 5389
3 5282 5283 5390
3 5283 5391 5390
3 5283 5284 5391
3 5284 5392 5391
3 5284 5285 5392
3 5285 5393 5392
3 5285 5286 5393
3 5286 5394 5393
3 5286 5287 5394
3 5287 5395 5394
3 5287 5288 5395
3 5288 5396 5395
3 5288 5289 5396
3 5289 5397 5396
3 5289 5290 5397
3 5290 5398 5397
3 5290 5291 5398
3 5291 5399 5398
3 5291 5292 5399
3 5292 5400 5399
3 5292 5293 5400
3 5293 5401 5400
3 5293 5294 5401
3 5294 5402 5401
3 5294 5295 5402
3 5295 5403 5402
3 5295 5296 5403
3 5296 5404 5403
3 5296 5297 5404
3 5297 5405 5404
3 5297 5298 5405
3 5298 5406 5405
3 5298 5299 5406
3 5299 5407 5406
3 5299 5300 5407
3 5300 5408 5407
3 5300 5301 5408
3 5301 5409 5408
3 5301 5302 5409
3 5302 5410 5409
3 5302 5303 5410
3 5303 5411 5410
3 5303 5304 5411
3 5304 5412 5411
3 5304 5305 5412
3 5305 5413 5412
3 5305 5306 5413
3 5306 5414 5413
3 5306 5307 5414
3 5307 5415 5414
3 5307 5308 5415
3 5308 5416 5415
3 5308 5309 5416
3 5309 5417 5416
3 5309 5310 5417
3 5310 5418 5417
3 5310 5311 5418
3 5311 5419 5418
3 5311 5312 5419
3 5312 5420 5419
3 5312 5313 5420
3 5313 5421 5420
3 5313 5314 5421
3 5314 5422 5421
3 5314 5315 5422
3 5315 5423 5422
3 5315 5316 5423
3 5316 5424 5423
3 5316 5317 5424
3 5317 5425 5424
3 5317 5318 5425
3 5318 5426 5425
3 5318 5319 5426
3 5319 5427 5426
3 5319 5320 5427
3 5320 5428 5427
3 5320 5321 5428
3 5321 5429 5428
3 5321 5322 5429
3 5322 5430 5429
3 5322 5323 5430
3 5323 5431 5430
3 5323 5324 5431
3 5324 5432 5431
3 5324 5325 5432
3 5325 5433 5432
3 5325 5326 5433
3 5326 5434 5433
3 5326 5327 5434
3 5327 5435 5434
3 5327 5328 5435
3 5328 5436 5435
3 5328 5329 5436
3 5329 5437 5436
3 5329 5330 5437
3 5330 5438 5437
3 5330 5331 5438
3 5331 5439 5438
3 5331 5332 5439
3 5332 5440 5439
3 5332 5333 5440
3 5441 5442 5443
3 5442 5335 5443
3 5443 5335 5444
3 5339 5445 5446
3 5339 5340 5445
3 5340 5447 5445
3 5340 5341 5447
3 5341 5448 5447
3 5341 5342 5448
3 5342 5449 5448
3 5342 5343 5449
3 5343 5450 5449
3 5343 5344 5450
3 5344 5451 5450
3 5344 5345 5451
3 5345 5452 5451
3 5345 5346 5452
3 5346 5453 5452
3 5346 5347 5453
3 5347 5454 5453
3 5347 5348 5454
3 5348 5455 5454
3 5348 5349 5455
3 5349 5456 5455
3 5349 5350 5456
3 5350 5457 5456
3 5350 5351 5457
3 5351 5458 5457
3 5351 5352 5458
3 5352 5459 5458
3 5352 5353 5459
3 5353 5460 5459
3 5353 5354 5460
3 5354 5461 5460
3 5354 5355 5461
3 5355 5462 5461
3 5355 5356 5462
3 5356 5463 5462
3 5356 5357 5463
3 5357 5464 5463
3 5357 5358 5464
3 5358 5465 5464
3 5358 5359 5465
3 5359 5466 5465
3 5359 5360 5466
3 5360 5467 5466
3 5360 5361 5467
3 5361 5468 5467
3 5361 5362 5468
3 5362 5469 5468
3 5362 5363 5469
3 5363 5470 5469
3 5363 5364 5470
3 5364 5471 5470
3 5364 5365 5471
3 5365 5472 5471
3 5365 5366 5472
3 5366 5473 5472
3 5366 5367 5473
3 5367 5474 5473
3 5367 5368 5474
3 5368 5475 5474
3 5368 5369 5475
3 5369 5476 5475
3 5369 5370 5476
3 5370 5477 5476
3 5370 5371 5477
3 5371 5478 5477
3 5371 5372 5478
3 5372 5479 5478
3 5372 5373 5479
3 5373 5480 5479
3 5373 5374 5480
3 5374 5481 5480
3 5374 5375 5481
3 5375 5482 5481
3 5375 5376 5482
3 5376 5483 5482
3 5376 5377 5483
3 5377 5484 5483
3 5377 5378 5484
3 5378 5485 5484
3 5378 5379 5485
3 5379 5486 5485
3 5379 5380 5486
3 5380 5487 5486
3 5380 5381 5487
3 5381 5488 5487
3 5381 5382 5488
3 5382 5489 5488
3 5382 5383 5489
3 5383 5490 5489
3 5383 5384 5490
3 5384 5491 5490
3 5384 5385 5491
3 5385 5492 5491
3 5385 5386 5492
3 5386 5493 5492
3 5386 5387 5493
3 5387 5494 5493
3 5387 5388 5494
3 5388 5495 5494
3 5388 5389 5495
3 5389 5496 5495
3 5389 5390 5496
3 5390 5497 5496
3 5390 5391 5497
3 5391 5498 5497
3 5391 5392 5498
3 5392 5499 5498
3 5392 5393 5499
3 5393 5500 5499
3 5393 5394 5500
3 5394 5501 5500
3 5394 5395 5501
3 5395 5502 5501
3 5395 5396 5502
3 5396 5503 5502
3 5396 5397 5503
3 5397 5504 5503
3 5397 5398 5504
3 5398 5505 5504
3 5398 5399 5505
3 5399 5506 5505
3 5399 5400 5506
3 5400 5507 5506
3 5400 5401 5507
3 5401 5508 5507
3 5401 5402 5508
3 5402 5509 5508
3 5402 5403 5509
3 5403 5510 5509
3 5403 5404 5510
3 5404 5511 5510
3 5404 5405 5511
3 5405 5512 5511
3 5405 5406 5512
3 5406 5513 5512
3 5406 5407 5513
3 5407 5514 5513
3 5407 5408 5514
3 5408 5515 5514
3 5408 5409 5515
3 5409 5516 5515
3 5409 5410 5516
3 5410 5517 5516
3 5410 5411 5517
3 5411 5518 5517
3 5411 5412 5518
3 5412 5519 5518
3 5412 5413 5519
3 5413 5520 5519
3 5413 5414 5520
3 5414 5521 5520
3 5414 5415 5521
3 5415 5522 5521
3 5415 5416 5522
3 5416 5523 5522
3 5416 5417 5523
3 5417 5524 5523
3 5417 5418 5524
3 5418 5525 5524
3 5418 5419 5525
3 5419 5526 5525
3 5419 5420 5526
3 5420 5527 5526
3 5420 5421 5527
3 5421 5528 5527
3 5421 5422 5528
3 5422 5529 5528
3 5422 5423 5529
3 5423 5530 5529
3 5423 5424 5530
3 5424 5531 5530
3 5424 5425 5531
3 5425 5532 5531
3 5425 5426 5532
3 5426 5533 5532
3 5426 5427 5533
3 5427 5534 5533
3 5427 5428 5534
3 5428 5535 5534
3 5428 5429 5535
3 5429 5536 5535
3 5429 5430 5536
3 5430 5537 5536
3 5430 5431 5537
3 5431 5538 5537
3 5431 5432 5538
3 5432 5539 5538
3 5432 5433 5539
3 5433 5540 5539
3 5433 5434 5540
3 5434 5541 5540
3 5434 5435 5541
3 5435 5542 5541
3 5435 5436 5542
3 5436 5543 5542
3 5436 5437 5543
3 5437 5544 5543
3 5437 5438 5544
3 5438 5545 5544
3 5438 5439 5545
3 5439 5546 5545
3 5439 5440 5546
3 5547 5441 5548
3 5548 5441 5549
3 5441 5443 5549
3 5549 5443 5550
3 5443 5444 5550
3 5551 5552 5553
3 5552 5554 5553
3 5446 5445 5555
3 5555 5445 5556
3 5445 5447 5556
3 5556 5447 5557
3 5447 5448 5557
3 5557 5448 5558
3 5448 5449 5558
3 5558 5449 5559
3 5449 5450 5559
3 5559 5450 5560
3 5450 5451 5560
3 5560 5451 5561
3 5451 5452 5561
3 5561 5452 5562
3 5452 5453 5562
3 5562 5453 5563
3 5453 5454 5563
3 5563 5454 5564
3 5454 5455 5564
3 5564 5455 5565
3 5455 5456 5565
3 5565 5456 5566
3 5456 5457 5566
3 5566 5457 5567
3 5457 5458 5567
3 5567 5458 5568
3 5458 5569 5568
3 5458 5459 5569
3 5459 5570 5569
3 5459 5460 5570
3 5460 5571 5570
3 5460 5461 5571
3 5461 5572 5571
3 5461 5462 5572
3 5462 5573 5572
3 5462 5463 5573
3 5463 5574 5573
3 5463 5464 5574
3 5464 5575 5574
3 5464 5465 5575
3 5465 5466 5575
3 5575 5466 5576
3 5466 5577 5576
3 5466 5467 5577
3 5467 5578 5577
3 5467 5468 5578
3 5468 5579 5578
3 5468 5469 5579
3 5469 5580 5579
3 5469 5470 5580
3 5470 5581 5580
3 5470 5471 5581
3 5471 5472 5581
3 5581 5472 5582
3 5472 5473 5582
3 5582 5473 5583
3 5473 5474 5583
3 5583 5474 5584
3 5474 5585 5584
3 5474 5475 5585
3 5475 5476 5585
3 5585 5476 5586
3 5476 5587 5586
3 5476 5477 5587
3 5477 5588 5587
3 5477 5478 5588
3 5478 5589 5588
3 5478 5479 5589
3 5479 5590 5589
3 5479 5480 5590
3 5480 5591 5590
3 5480 5481 5591
3 5481 5592 5591
3 5481 5482 5592
3 5482 5593 5592
3 5482 5483 5593
3 5483 5594 5593
3 5483 5484 5594
3 5484 5595 5594
3 5484 5485 5595
3 5485 5596 5595
3 5485 5486 5596
3 5486 5597 5596
3 5486 5487 5597
3 5487 5598 5597
3 5487 5488 5598
3 5488 5599 5598
3 5488 5489 5599
3 5489 5600 5599
3 5489 5490 5600
3 5490 5601 5600
3 5490 5491 5601
3 5491 5602 5601
3 5491 5492 5602
3 5492 5603 5602
3 5492 5493 5603
3 5493 5604 5603
3 5493 5494 5604
3 5494 5605 5604
3 5494 5495 5605
3 5495 5606 5605
3 5495 5496 5606
3 5496 5607 5606
3 5496 5497 5607
3 5497 5608 5607
3 5497 5498 5608
3 5498 5609 5608
3 5498 5499 5609
3 5499 5610 5609
3 5499 5500 5610
3 5500 5611 5610
3 5500 5501 5611
3 5501 5612 5611
3 5501 5502 5612
3 5502 5613 5612
3 5502 5503 5613
3 5503 5614 5613
3 5503 5504 5614
3 5504 5615 5614
3 5504 5505 5615
3 5505 5616 5615
3 5505 5506 5616
3 5506 5617 5616
3 5506 5507 5617
3 5507 5618 5617
3 5507 5508 5618
3 5508 5619 5618
3 5508 5509 5619
3 5509 5620 5619
3 5509 5510 5620
3 5510 5621 5620
3 5510 5511 5621
3 5511 5622 5621
3 5511 5512 5622
3 5512 5623 5622
3 5512 5513 5623
3 5513 5624 5623
3 5513 5514 5624
3 5514 5625 5624
3 5514 5515 5625
3 5515 5626 5625
3 5515 5516 5626
3 5516 5627 5626
3 5516 5517 5627
3 5517 5628 5627
3 5517 5518 5628
3 5518 5629 5628
3 5518 5519 5629
3 5519 5630 5629
3 5519 5520 5630
3 5520 5631 5630
3 5520 5521 5631
3 5521 5632 5631
3 5521 5522 5632
3 5522 5633 5632
3 5522 5523 5633
3 5523 5634 5633
3 5523 5524 5634
3 5524 5635 5634
3 5524 5525 5635
3 5525 5636 5635
3 5525 5526 5636
3 5526 5637 5636
3 5526 5527 5637
3 5527 5638 5637
3 5527 5528 5638
3 5528 5639 5638
3 5528 5529 5639
3 5529 5640 5639
3 5529 5530 5640
3 5530 5641 5640
3 5530 5531 5641
3 5531 5642 5641
3 5531 5532 5642
3 5532 5643 5642
3 5532 5533 5643
3 5533 5644 5643
3 5533 5534 5644
3 5534 5645 5644
3 5534 5535 5645
3 5535 5646 5645
3 5535 5536 5646
3 5536 5647 5646
3 5536 5537 5647
3 5537 5648 5647
3 5537 5538 5648
3 5538 5649 5648
3 5538 5539 5649
3 5539 5650 5649
3 5539 5540 5650
3 5540 5651 5650
3 5540 5541 5651
3 5541 5652 5651
3 5541 5542 5652
3 5542 5653 5652
3 5542 5543 5653
3 5543 5654 5653
3 5543 5544 5654
3 5544 5655 5654
3 5544 5545 5655
3 5545 5656 5655
3 5545 5546 5656
3 5657 5658 5659
3 5658 5548 5659
3 5659 5548 5660
3 5548 5549 5660
3 5660 5549 5661
3 5549 5550 5661
3 5662 5553 5663
3 5553 5554 5663
3 5663 5554 5664
3 5664 5555 5665
3 5555 5556 5665
3 5665 5556 5666
3 5556 5557 5666
3 5666 5557 5667
3 5557 5558 5667
3 5667 5558 5668
3 5558 5559 5668
3 5668 5559 5669
3 5559 5560 5669
3 5669 5560 5670
3 5560 5561 5670
3 5670 5561 5671
3 5561 5562 5671
3 5671 5562 5672
3 5562 5563 5672
3 5672 5563 5673
3 5563 5564 5673
3 5673 5564 5674
3 5564 5565 5674
3 5674 5565 5675
3 5565 5566 5675
3 5675 5566 5676
3 5566 5567 5676
3 5676 5567 5677
3 5567 5568 5677
3 5677 5568 5678
3 5568 5569 5678
3 5678 5569 5679
3 5569 5570 5679
3 5679 5570 5680
3 5570 5571 5680
3 5680 5571 5681
3 5571 5572 5681
3 5681 5572 5682
3 5572 5573 5682
3 5682 5573 5683
3 5573 5574 5683
3 5683 5574 5684
3 5574 5575 5684
3 5684 5575 5685
3 5575 5576 5685
3 5685 5576 5686
3 5576 5577 5686
3 5686 5577 5687
3 5577 5578 5687
3 5687 5578 5688
3 5578 5579 5688
3 5688 5579 5689
3 5579 5580 5689
3 5689 5580 5690
3 5580 5581 5690
3 5690 5581 5691
3 5581 5582 5691
3 5691 5582 5692
3 5582 5583 5692
3 5692 5583 5693
3 5583 5584 5693
3 5693 5584 5694
3 5584 5585 5694
3 5694 5585 5695
3 5585 5586 5695
3 5695 5586 5696
3 5586 5587 5696
3 5696 5587 5697
3 5587 5588 5697
3 5697 5588 5698
3 5588 5589 5698
3 5698 5589 5699
3 5589 5590 5699
3 5699 5590 5700
3 5590 5591 5700
3 5700 5591 5701
3 5591 5592 5701
3 5701 5592 5702
3 5592 5593 5702
3 5702 5593 5703
3 5593 5594 5703
3 5703 5594 5704
3 5594 5705 5704
3 5594 5595 5705
3 5595 5706 5705
3 5595 5596 5706
3 5596 5707 5706
3 5596 5597 5707
3 5597 5708 5707
3 5597 5598 5708
3 5598 5599 5708
3 5708 5599 5709
3 5599 5600 5709
3 5709 5600 5710
3 5600 5601 5710
3 5710 5601 5711
3 5601 5602 5711
3 5711 5602 5712
3 5602 5603 5712
3 5712 5603 5713
3 5603 5714 5713
3 5603 5604 5714
3 5604 5715 5714
3 5604 5605 5715
3 5605 5716 5715
3 5605 5606 5716
3 5606 5717 5716
3 5606 5607 5717
3 5607 5608 5717
3 5717 5608 5718
3 5608 5719 5718
3 5608 5609 5719
3 5609 5720 5719
3 5609 5610 5720
3 5610 5721 5720
3 5610 5611 5721
3 5611 5722 5721
3 5611 5612 5722
3 5612 5723 5722
3 5612 5613 5723
3 5613 5724 5723
3 5613 5614 5724
3 5614 5725 5724
3 5614 5615 5725
3 5615 5726 5725
3 5615 5616 5726
3 5616 5727 5726
3 5616 5617 5727
3 5617 5728 5727
3 5617 5618 5728
3 5618 5729 5728
3 5618 5619 5729
3 5619 5730 5729
3 5619 5620 5730
3 5620 5731 5730
3 5620 5621 5731
3 5621 5732 5731
3 5621 5622 5732
3 5622 5733 5732
3 5622 5623 5733
3 5623 5734 5733
3 5623 5624 5734
3 5624 5735 5734
3 5624 5625 5735
3 5625 5736 5735
3 5625 5626 5736
3 5626 5737 5736
3 5626 5627 5737
3 5627 5738 5737
3 5627 5628 5738
3 5628 5739 5738
3 5628 5629 5739
3 5629 5740 5739
3 5629 5630 5740
3 5630 5741 5740
3 5630 5631 5741
3 5631 5742 5741
3 5631 5632 5742
3 5632 5743 5742
3 5632 5633 5743
3 5633 5744 5743
3 5633 5634 5744
3 5634 5745 5744
3 5634 5635 5745
3 5635 5746 5745
3 5635 5636 5746
3 5636 5747 5746
3 5636 5637 5747
3 5637 5748 5747
3 5637 5638 5748
3 5638 5749 5748
3 5638 5639 5749
3 5639 5750 5749
3 5639 5640 5750
3 5640 5751 5750
3 5640 5641 5751
3 5641 5752 5751
3 5641 5642 5752
3 5642 5753 5752
3 5642 5643 5753
3 5643 5754 5753
3 5643 5644 5754
3 5644 5755 5754
3 5644 5645 5755
3 5645 5756 5755
3 5645 5646 5756
3 5646 5757 5756
3 5646 5647 5757
3 5647 5758 5757
3 5647 5648 5758
3 5648 5759 5758
3 5648 5649 5759
3 5649 5760 5759
3 5649 5650 5760
3 5650 5761 5760
3 5650 5651 5761
3 5651 5762 5761
3 5651 5652 5762
3 5652 5763 5762
3 5652 5653 5763
3 5653 5764 5763
3 5653 5654 5764
3 5654 5765 5764
3 5654 5655 5765
3 5766 5657 5767
3 5657 5659 5767
3 5767 5659 5768
3 5659 5660 5768
3 5768 5660 5769
3 5660 5661 5769
3 5769 5661 5770
3 5661 5771 5770
3 5662 5663 5772
3 5772 5663 5773
3 5663 5664 5773
3 5773 5664 5774
3 5664 5665 5774
3 5774 5665 5775
3 5665 5666 5775
3 5775 5666 5776
3 5666 5667 5776
3 5776 5667 5777
3 5667 5668 5777
3 5777 5668 5778
3 5668 5669 5778
3 5778 5669 5779
3 5669 5670 5779
3 5779 5670 5780
3 5670 5671 5780
3 5780 5671 5781
3 5671 5672 5781
3 5781 5672 5782
3 5672 5673 5782
3 5782 5673 5783
3 5673 5674 5783
3 5783 5674 5784
3 5674 5675 5784
3 5784 5675 5785
3 5675 5676 5785
3 5785 5676 5786
3 5676 5677 5786
3 5786 5677 5787
3 5677 5678 5787
3 5787 5678 5788
3 5678 5679 5788
3 5788 5679 5789
3 5679 5680 5789
3 5789 5680 5790
3 5680 5681 5790
3 5790 5681 5791
3 5681 5682 5791
3 5791 5682 5792
3 5682 5683 5792
3 5792 5683 5793
3 5683 5684 5793
3 5793 5684 5794
3 5684 5685 5794
3 5794 5685 5795
3 5685 5686 5795
3 5795 5686 5796
3 5686 5687 5796
3 5796 5687 5797
3 5687 5688 5797
3 5797 5688 5798
3 5688 5689 5798
3 5798 5689 5799
3 5689 5690 5799
3 5799 5690 5800
3 5690 5691 5800
3 5800 5691 5801
3 5691 5692 5801
3 5801 5692 5802
3 5692 5693 5802
3 5802 5693 5803
3 5693 5694 5803
3 5803 5694 5804
3 5694 5695 5804
3 5804 5695 5805
3 5695 5696 5805
3 5805 5696 5806
3 5696 5697 5806
3 5806 5697 5807
3 5697 5698 5807
3 5807 5698 5808
3 5698 5699 5808
3 5808 5699 5809
3 5699 5700 5809
3 5809 5700 5810
3 5700 5811 5810
3 5700 5701 5811
3 5701 5702 5811
3 5811 5702 5812
3 5702 5813 5812
3 5702 5703 5813
3 5703 5814 5813
3 5703 5704 5814
3 5704 5815 5814
3 5704 5705 5815
3 5705 5706 5815
3 5815 5706 5816
3 5706 5817 5816
3 5706 5707 5817
3 5707 5708 5817
3 5817 5708 5818
3 5708 5709 5818
3 5818 5709 5819
3 5709 5710 5819
3 5819 5710 5820
3 5710 5711 5820
3 5820 5711 5821
3 5711 5712 5821
3 5821 5712 5822
3 5712 5713 5822
3 5822 5713 5823
3 5713 5824 5823
3 5713 5714 5824
3 5714 5825 5824
3 5714 5715 5825
3 5715 5826 5825
3 5715 5716 5826
3 5716 5827 5826
3 5716 5717 5827
3 5717 5718 5827
3 5827 5718 5828
3 5718 5719 5828
3 5828 5719 5829
3 5719 5720 5829
3 5829 5720 5830
3 5720 5721 5830
3 5830 5721 5831
3 5721 5832 5831
3 5721 5722 5832
3 5722 5723 5832
3 5832 5723 5833
3 5723 5724 5833
3 5833 5724 5834
3 5724 5725 5834
3 5834 5725 5835
3 5725 5726 5835
3 5835 5726 5836
3 5726 5727 5836
3 5836 5727 5837
3 5727 5728 5837
3 5837 5728 5838
3 5728 5839 5838
3 5728 5729 5839
3 5729 5840 5839
3 5729 5730 5840
3 5730 5841 5840
3 5730 5731 5841
3 5731 5842 5841
3 5731 5732 5842
3 5732 5843 5842
3 5732 5733 5843
3 5733 5844 5843
3 5733 5734 5844
3 5734 5845 5844
3 5734 5735 5845
3 5735 5846 5845
3 5735 5736 5846
3 5736 5847 5846
3 5736 5737 5847
3 5737 5848 5847
3 5737 5738 5848
3 5738 5849 5848
3 5738 5739 5849
3 5739 5850 5849
3 5739 5740 5850
3 5740 5851 5850
3 5740 5741 5851
3 5741 5852 5851
3 5741 5742 5852
3 5742 5743 5852
3 5852 5743 5853
3 5743 5744 5853
3 5853 5744 5854
3 5744 5745 5854
3 5854 5745 5855
3 5745 5746 5855
3 5855 5746 5856
3 5746 5747 5856
3 5856 5747 5857
3 5747 5748 5857
3 5857 5748 5858
3 5748 5749 5858
3 5858 5749 5859
3 5749 5750 5859
3 5859 5750 5860
3 5750 5751 5860
3 5860 5751 5861
3 5751 5752 5861
3 5861 5752 5862
3 5752 5753 5862
3 5862 5753 5863
3 5753 5754 5863
3 5863 5754 5864
3 5754 5755 5864
3 5864 5755 5865
3 5755 5756 5865
3 5865 5756 5866
3 5756 5867 5866
3 5756 5757 5867
3 5757 5868 5867
3 5757 5758 5868
3 5758 5869 5868
3 5758 5759 5869
3 5759 5870 5869
3 5759 5760 5870
3 5760 5871 5870
3 5760 5761 5871
3 5761 5872 5871
3 5761 5762 5872
3 5762 5873 5872
3 5762 5763 5873
3 5763 5874 5873
3 5763 5764 5874
3 5764 5875 5874
3 5764 5765 5875
3 5876 5766 5877
3 5877 5766 5878
3 5766 5879 5878
3 5766 5767 5879
3 5767 5880 5879
3 5767 5768 5880
3 5768 5881 5880
3 5768 5769 5881
3 5769 5882 5881
3 5769 5770 5882
3 5770 5883 5882
3 5884 5773 5885
3 5773 5774 5885
3 5885 5774 5886
3 5774 5775 5886
3 5886 5775 5887
3 5775 5776 5887
3 5887 5776 5888
3 5776 5777 5888
3 5888 5777 5889
3 5777 5778 5889
3 5889 5778 5890
3 5778 5779 5890
3 5890 5779 5891
3 5779 5780 5891
3 5891 5780 5892
3 5780 5781 5892
3 5892 5781 5893
3 5781 5782 5893
3 5893 5782 5894
3 5782 5783 5894
3 5894 5783 5895
3 5783 5784 5895
3 5895 5784 5896
3 5784 5785 5896
3 5896 5785 5897
3 5785 5786 5897
3 5897 5786 5898
3 5786 5787 5898
3 5898 5787 5899
3 5787 5788 5899
3 5899 5788 5900
3 5788 5901 5900
3 5788 5789 5901
3 5789 5902 5901
3 5789 5790 5902
3 5790 5791 5902
3 5902 5791 5903
3 5791 5792 5903
3 5903 5792 5904
3 5792 5793 5904
3 5904 5793 5905
3 5793 5794 5905
3 5905 5794 5906
3 5794 5795 5906
3 5906 5795 5907
3 5795 5796 5907
3 5907 5796 5908
3 5796 5797 5908
3 5908 5797 5909
3 5797 5798 5909
3 5909 5798 5910
3 5798 5799 5910
3 5910 5799 5911
3 5799 5800 5911
3 5911 5800 5912
3 5800 5801 5912
3 5912 5801 5913
3 5801 5802 5913
3 5913 5802 5914
3 5802 5803 5914
3 5914 5803 5915
3 5803 5804 5915
3 5915 5804 5916
3 5804 5805 5916
3 5916 5805 5917
3 5805 5806 5917
3 5917 5806 5918
3 5806 5807 5918
3 5918 5807 5919
3 5807 5808 5919
3 5919 5808 5920
3 5808 5809 5920
3 5920 5809 5921
3 5809 5810 5921
3 5921 5810 5922
3 5810 5811 5922
3 5922 5811 5923
3 5811 5812 5923
3 5923 5812 5924
3 5812 5813 5924
3 5924 5813 5925
3 5813 5814 5925
3 5925 5814 5926
3 5814 5815 5926
3 5926 5815 5927
3 5815 5816 5927
3 5927 5816 5928
3 5816 5817 5928
3 5928 5817 5929
3 5817 5818 5929
3 5929 5818 5930
3 5818 5819 5930
3 5930 5819 5931
3 5819 5820 5931
3 5931 5820 5932
3 5820 5821 5932
3 5932 5821 5933
3 5821 5822 5933
3 5933 5822 5934
3 5822 5823 5934
3 5934 5823 5935
3 5823 5824 5935
3 5935 5824 5936
3 5824 5825 5936
3 5936 5825 5937
3 5825 5826 5937
3 5937 5826 5938
3 5826 5827 5938
3 5938 5827 5939
3 5827 5828 5939
3 5939 5828 5940
3 5828 5829 5940
3 5940 5829 5941
3 5829 5830 5941
3 5941 5830 5942
3 5830 5831 5942
3 5942 5831 5943
3 5831 5832 5943
3 5943 5832 5944
3 5832 5833 5944
3 5944 5833 5945
3 5833 5834 5945
3 5945 5834 5946
3 5834 5835 5946
3 5946 5835 5947
3 5835 5836 5947
3 5947 5836 5948
3 5836 5837 5948
3 5948 5837 5949
3 5837 5838 5949
3 5949 5838 5950
3 5838 5839 5950
3 5950 5839 5951
3 5839 5840 5951
3 5951 5840 5952
3 5840 5841 5952
3 5952 5841 5953
3 5841 5842 5953
3 5953 5842 5954
3 5842 5843 5954
3 5954 5843 5955
3 5843 5844 5955
3 5955 5844 5956
3 5844 5845 5956
3 5956 5845 5957
3 5845 5846 5957
3 5957 5846 5958
3 5846 5847 5958
3 5958 5847 5959
3 5847 5848 5959
3 5959 5848 5960
3 5848 5849 5960
3 5960 5849 5961
3 5849 5850 5961
3 5961 5850 5962
3 5850 5851 5962
3 5962 5851 5963
3 5851 5852 5963
3 5963 5852 5964
3 5852 5853 5964
3 5964 5853 5965
3 5853 5854 5965
3 5965 5854 5966
3 5854 5855 5966
3 5966 5855 5967
3 5855 5856 5967
3 5967 5856 5968
3 5856 5857 5968
3 5968 5857 5969
3 5857 5858 5969
3 5969 5858 5970
3 5858 5859 5970
3 5970 5859 5971
3 5859 5860 5971
3 5971 5860 5972
3 5860 5861 5972
3 5972 5861 5973
3 5861 5862 5973
3 5973 5862 5974
3 5862 5863 5974
3 5974 5863 5975
3 5863 5864 5975
3 5975 5864 5976
3 5864 5865 5976
3 5976 5865 5977
3 5865 5866 5977
3 5977 5866 5978
3 5866 5867 5978
3 5978 5867 5979
3 5867 5980 5979
3 5867 5868 5980
3 5868 5981 5980
3 5868 5869 5981
3 5869 5982 5981
3 5869 5870 5982
3 5870 5983 5982
3 5870 5871 5983
3 5871 5984 5983
3 5871 5872 5984
3 5872 5985 5984
3 5872 5873 5985
3 5873 5986 5985
3 5873 5874 5986
3 13 5987 14
3 5987 5877 14
3 14 5877 20
3 5877 5878 20
3 20 5878 26
3 5878 5879 26
3 26 5879 32
3 5879 5880 32
3 32 5880 38
3 5880 5881 38
3 38 5881 44
3 5881 5882 44
3 44 5882 52
3 5882 5883 52
3 52 5883 59
3 5883 5988 59
3 59 5988 66
3 74 5884 82
3 5884 5885 82
3 82 5885 90
3 5885 5886 90
3 90 5886 99
3 5886 5887 99
3 99 5887 116
3 5887 5888 116
3 116 5888 115
3 5888 5889 115
3 115 5889 127
3 5889 5890 127
3 127 5890 137
3 5890 5891 137
3 137 5891 149
3 5891 5892 149
3 149 5892 160
3 5892 5893 160
3 160 5893 171
3 5893 5894 171
3 171 5894 184
3 5894 5895 184
3 184 5895 196
3 5895 5896 196
3 196 5896 209
3 5896 5897 209
3 209 5897 223
3 5897 5898 223
3 223 5898 236
3 5898 5899 236
3 236 5899 250
3 5899 264 250
3 5899 5900 264
3 5900 278 264
3 5900 5901 278
3 5901 5902 278
3 278 5902 292
3 5902 5903 292
3 292 5903 306
3 5903 5904 306
3 306 5904 321
3 5904 5905 321
3 321 5905 336
3 5905 5906 336
3 336 5906 351
3 5906 5907 351
3 351 5907 367
3 5907 5908 367
3 367 5908 383
3 5908 5909 383
3 383 5909 399
3 5909 5910 399
3 399 5910 415
3 5910 5911 415
3 415 5911 432
3 5911 5912 432
3 432 5912 449
3 5912 5913 449
3 449 5913 466
3 5913 5914 466
3 466 5914 484
3 5914 5915 484
3 484 5915 502
3 5915 5916 502
3 502 5916 520
3 5916 5917 520
3 520 5917 539
3 5917 5918 539
3 539 5918 558
3 5918 5919 558
3 558 5919 577
3 5919 5920 577
3 577 5920 597
3 5920 5921 597
3 597 5921 617
3 5921 5922 617
3 617 5922 637
3 5922 5923 637
3 637 5923 658
3 5923 5924 658
3 658 5924 679
3 5924 5925 679
3 679 5925 700
3 5925 5926 700
3 700 5926 722
3 5926 5927 722
3 722 5927 744
3 5927 5928 744
3 744 5928 766
3 5928 5929 766
3 766 5929 789
3 5929 5930 789
3 789 5930 812
3 5930 5931 812
3 812 5931 836
3 5931 5932 836
3 836 5932 860
3 5932 5933 860
3 860 5933 886
3 5933 5934 886
3 886 5934 911
3 5934 5935 911
3 911 5935 936
3 5935 5936 936
3 936 5936 963
3 5936 5937 963
3 963 5937 989
3 5937 5938 989
3 989 5938 1016
3 5938 5939 1016
3 1016 5939 1043
3 5939 5940 1043
3 1043 5940 1071
3 5940 5941 1071
3 1071 5941 1099
3 5941 5942 1099
3 1099 5942 1127
3 5942 5943 1127
3 1127 5943 1156
3 5943 5944 1156
3 1156 5944 1185
3 5944 5945 1185
3 1185 5945 1215
3 5945 5946 1215
3 1215 5946 1245
3 5946 5947 1245
3 1245 5947 1276
3 5947 5948 1276
3 1276 5948 1307
3 5948 5949 1307
3 1307 5949 1339
3 5949 5950 1339
3 1339 5950 1371
3 5950 5951 1371
3 1371 5951 1405
3 5951 5952 1405
3 1405 5952 1438
3 5952 5953 1438
3 1438 5953 1473
3 5953 5954 1473
3 1473 5954 1506
3 5954 5955 1506
3 1506 5955 1538
3 5955 5956 1538
3 1538 5956 1569
3 5956 5957 1569
3 1569 5957 1598
3 5957 5958 1598
3 1598 5958 1626
3 5958 5959 1626
3 1626 5959 1654
3 5959 5960 1654
3 1654 5960 1679
3 5960 5961 1679
3 1679 5961 1703
3 5961 5962 1703
3 1703 5962 1727
3 5962 5963 1727
3 1727 5963 1747
3 5963 5964 1747
3 1747 5964 1766
3 5964 5965 1766
3 1766 5965 1784
3 5965 5966 1784
3 1784 5966 1801
3 5966 5967 1801
3 1801 5967 1816
3 5967 5968 1816
3 1816 5968 1829
3 5968 5969 1829
3 1829 5969 1842
3 5969 5970 1842
3 1842 5970 1854
3 5970 5971 1854
3 1854 5971 1865
3 5971 5972 1865
3 1865 5972 1875
3 5972 5973 1875
3 1875 5973 1885
3 5973 5974 1885
3 1885 5974 1894
3 5974 5975 1894
3 1894 5975 1902
3 5975 5976 1902
3 1902 5976 1910
3 5976 5977 1910
3 1910 5977 1916
3 5977 5978 1916
3 1916 5978 1922
3 5978 5979 1922
3 1922 5979 1927
3 5979 5980 1927
3 1927 5980 1931
3 5980 5981 1931
3 1931 5981 1935
3 5981 1938 1935
3 5981 5982 1938
3 5982 5983 1938
3 1938 5983 1940
3 5983 5984 1940
3 1940 5984 1941
3 5984 5985 1941
3 1941 5985 1943
3 5985 5986 1943
CELL_DATA 11581
SCALARS brightness_temperature float
LOOKUP_TABLE default
POINT_DATA 5989
CELL_DATA 11581
SCALARS emission_angle float
LOOKUP_TABLE default
POINT_DATA 5989
CELL_DATA 11581
SCALARS incidence_angle float
LOOKUP_TABLE default
POINT_DATA 5989
CELL_DATA 11581
SCALARS phase_angle float
LOOKUP_TABLE default
POINT_DATA 5989
CELL_DATA 11581
SCALARS local_solar_time float
LOOKUP_TABLE default
POINT_DATA 5989
CELL_DATA 11581
SCALARS local_solar_time_normal_vector float
LOOKUP_TABLE default
CELL_DATA 11581
SCALARS pixel_x float
LOOKUP_TABLE default
POINT_DATA 5989
CELL_DATA 11581
SCALARS pixel_y float
LOOKUP_TABLE default
POINT_DATA 5989
CELL_DATA 11581
SCALARS longitude float
LOOKUP_TABLE default
POINT_DATA 5989
CELL_DATA 11581
SCALARS latitude float
LOOKUP_TABLE default
