# vtk DataFile Version 3.0
SHAPE_sfm_50k_v20200323
ASCII
DATASET POLYDATA
POINTS 4424 float
-0.39619 0.26619 -0.04471
-0.39299 0.26735 -0.04582
-0.39438 0.26479 -0.04609
-0.39141 0.26625 -0.04767
-0.39298 0.2638 -0.04817
-0.39019 0.26552 -0.04989
-0.39216 0.26351 -0.05069
-0.38918 0.26494 -0.05222
-0.39141 0.26337 -0.05322
-0.38804 0.2643 -0.05449
-0.39031 0.26288 -0.05565
-0.3936 0.26666 0.10855
-0.396 0.26508 0.10689
-0.39489 0.26424 0.1091
-0.4033 0.27155 -0.03232
-0.40396 0.26858 -0.03435
-0.40512 0.26925 -0.03209
-0.40233 0.271 -0.03469
-0.40274 0.268 -0.03661
-0.40144 0.27058 -0.03711
-0.40175 0.26743 -0.03898
-0.4005 0.27003 -0.03951
-0.40067 0.26649 -0.04121
-0.39946 0.26913 -0.04179
-0.39919 0.26514 -0.04295
-0.39799 0.26776 -0.04356
-0.39758 0.26364 -0.04442
-0.39615 0.26247 -0.04635
-0.39512 0.26187 -0.04874
-0.39435 0.26169 -0.05126
-0.39356 0.26147 -0.05378
-0.39254 0.26101 -0.05631
-0.39729 0.26264 0.10739
-0.39625 0.26186 0.10968
-0.39867 0.26368 0.1054
-0.39741 0.26618 0.10494
-0.40023 0.26464 0.10337
-0.39864 0.26692 0.10264
-0.40098 0.26487 0.10077
-0.39945 0.26717 0.10011
-0.40172 0.26535 0.0983
-0.40017 0.26763 0.09764
-0.40277 0.26597 0.09598
-0.40114 0.2682 0.09528
-0.40419 0.26688 0.09396
-0.40244 0.26896 0.09314
-0.40553 0.26773 0.09182
-0.40365 0.26971 0.09093
-0.40653 0.2685 0.08948
-0.40476 0.27062 0.08872
-0.40751 0.26926 0.08715
-0.40591 0.27157 0.08653
-0.40843 0.27 0.08479
-0.41899 0.27755 -0.00504
-0.41966 0.27455 -0.00682
-0.42079 0.27516 -0.00452
-0.41783 0.27691 -0.00731
-0.41851 0.27388 -0.0091
-0.41666 0.27623 -0.00956
-0.41728 0.2731 -0.01131
-0.41565 0.27557 -0.0119
-0.41617 0.27228 -0.01355
-0.4145 0.27472 -0.01411
-0.41492 0.27155 -0.01576
-0.4133 0.27401 -0.01634
-0.41368 0.27084 -0.01797
-0.41215 0.27334 -0.01861
-0.41247 0.2701 -0.0202
-0.41097 0.27261 -0.02084
-0.4113 0.26952 -0.0225
-0.40992 0.27207 -0.02319
-0.41017 0.26896 -0.02481
-0.4089 0.27158 -0.02558
-0.40892 0.26825 -0.02703
-0.40753 0.2708 -0.02771
-0.40775 0.26754 -0.02928
-0.40619 0.27 -0.02982
-0.40665 0.26678 -0.03155
-0.40548 0.26612 -0.03382
-0.40417 0.26551 -0.03603
-0.4031 0.26491 -0.03838
-0.4018 0.2639 -0.04045
-0.40031 0.26253 -0.04215
-0.3991 0.26116 -0.04409
-0.39822 0.26042 -0.0465
-0.39748 0.26017 -0.04902
-0.39655 0.25981 -0.05147
-0.39558 0.25939 -0.0539
-0.39443 0.25875 -0.05626
-0.39872 0.26032 0.10802
-0.39758 0.25947 0.11024
-0.40011 0.26135 0.106
-0.40152 0.26217 0.10386
-0.40256 0.26261 0.10144
-0.40342 0.26319 0.09903
-0.40455 0.26391 0.0968
-0.40596 0.26478 0.09474
-0.40727 0.26559 0.09256
-0.40831 0.26638 0.09023
-0.40921 0.26706 0.08785
-0.41011 0.26777 0.08547
-0.41106 0.26843 0.0831
-0.40939 0.27068 0.08243
-0.41207 0.26906 0.08075
-0.41037 0.27131 0.08007
-0.41335 0.26973 0.07853
-0.41167 0.272 0.07788
-0.41432 0.27025 0.07611
-0.41262 0.27253 0.07546
-0.41568 0.27062 0.07388
-0.41383 0.27278 0.07313
-0.41675 0.27097 0.07149
-0.41514 0.27336 0.07092
-0.41817 0.27177 0.06939
-0.41674 0.27434 0.06907
-0.41968 0.27274 0.06745
-0.4185 0.27559 0.06746
-0.42003 0.27625 0.0652
-0.42132 0.27348 0.06558
-0.42046 0.27589 0.06249
-0.42226 0.2736 0.06314
-0.42315 0.27377 0.06065
-0.42142 0.27615 0.06004
-0.42419 0.2742 0.05825
-0.42239 0.27655 0.05762
-0.42515 0.27451 0.05581
-0.42347 0.27697 0.05526
-0.42612 0.27497 0.0534
-0.42478 0.27771 0.05305
-0.42719 0.27551 0.05102
-0.42559 0.27808 0.05054
-0.42788 0.27566 0.04845
-0.42638 0.27831 0.04801
-0.42848 0.2758 0.04588
-0.4269 0.27838 0.04542
-0.42911 0.27604 0.04334
-0.4276 0.27869 0.0429
-0.42987 0.27643 0.04084
-0.42849 0.27916 0.04046
-0.43058 0.27697 0.03834
-0.4292 0.2797 0.03797
-0.43111 0.27738 0.03578
-0.42978 0.28014 0.03543
-0.43159 0.27784 0.03322
-0.43037 0.28068 0.0329
-0.43221 0.27834 0.03068
-0.43101 0.28128 0.03034
-0.43258 0.27851 0.02796
-0.43096 0.28124 0.02758
-0.43203 0.27808 0.02534
-0.43057 0.28085 0.02494
-0.43172 0.2778 0.02275
-0.43011 0.28046 0.02238
-0.4314 0.27767 0.02012
-0.4296 0.28021 0.0198
-0.43083 0.27738 0.01752
-0.429 0.27989 0.01724
-0.43006 0.27695 0.01501
-0.42826 0.27947 0.01474
-0.4292 0.27647 0.01256
-0.42748 0.27903 0.01226
-0.42829 0.27599 0.01012
-0.42656 0.27853 0.00983
-0.4274 0.27548 0.00768
-0.42571 0.27804 0.00738
-0.42659 0.27495 0.00522
-0.42484 0.27746 0.00495
-0.4256 0.27436 0.00284
-0.42394 0.27692 0.00253
-0.42458 0.27379 0.00046
-0.42296 0.27636 0.00015
-0.42352 0.27321 -0.00189
-0.42183 0.27574 -0.00216
-0.42233 0.27256 -0.00416
-0.42127 0.272 -0.00652
-0.42011 0.27133 -0.0088
-0.41892 0.27058 -0.01104
-0.41782 0.26978 -0.01331
-0.41654 0.26904 -0.01549
-0.41524 0.2683 -0.01767
-0.41402 0.26756 -0.0199
-0.41285 0.26698 -0.0222
-0.41148 0.26634 -0.02437
-0.41024 0.26564 -0.02659
-0.40912 0.26496 -0.02889
-0.40814 0.26427 -0.03125
-0.40697 0.26361 -0.03352
-0.40566 0.263 -0.03574
-0.40438 0.26231 -0.03795
-0.40306 0.26131 -0.04002
-0.40187 0.26005 -0.04201
-0.40085 0.2588 -0.04411
-0.40025 0.25833 -0.04665
-0.39958 0.25817 -0.04921
-0.39872 0.2579 -0.05171
-0.3976 0.25733 -0.05406
-0.39626 0.25653 -0.05625
-0.40072 0.25844 0.10873
-0.4019 0.25922 0.10644
-0.40302 0.2598 0.10409
-0.40422 0.26035 0.10178
-0.40509 0.26091 0.09937
-0.40637 0.26174 0.09726
-0.40807 0.26294 0.09556
-0.40921 0.26356 0.09316
-0.41017 0.26427 0.09077
-0.41105 0.26491 0.08837
-0.41207 0.26575 0.08607
-0.41293 0.26628 0.08361
-0.41395 0.26692 0.08126
-0.4152 0.26753 0.07901
-0.41617 0.26804 0.07659
-0.41745 0.26832 0.07429
-0.41858 0.26869 0.07192
-0.42015 0.26965 0.07003
-0.4219 0.27087 0.06841
-0.42367 0.2717 0.06644
-0.42468 0.27184 0.06384
-0.42519 0.27163 0.06122
-0.42595 0.27179 0.0587
-0.427 0.27214 0.0563
-0.42778 0.27245 0.05379
-0.42856 0.27278 0.05128
-0.42921 0.27291 0.04871
-0.42996 0.27311 0.04618
-0.43065 0.27339 0.04364
-0.43147 0.27381 0.04116
-0.43217 0.27434 0.03865
-0.43255 0.27466 0.03604
-0.43298 0.27508 0.03346
-0.43331 0.27544 0.03084
-0.43353 0.27553 0.02815
-0.43314 0.27519 0.02552
-0.43287 0.2749 0.02292
-0.43264 0.27478 0.02027
-0.43209 0.27451 0.01768
-0.4315 0.27418 0.0151
-0.43073 0.27375 0.01259
-0.42976 0.27326 0.01017
-0.42887 0.27276 0.00774
-0.42808 0.27224 0.00526
-0.42719 0.27171 0.00281
-0.42611 0.27113 0.00045
-0.42483 0.27046 -0.00177
-0.4237 0.26986 -0.00409
-0.42277 0.26936 -0.00652
-0.42176 0.26879 -0.00891
-0.42062 0.26808 -0.0112
-0.4195 0.26727 -0.01346
-0.41811 0.26647 -0.01558
-0.41666 0.26566 -0.01764
-0.41544 0.26493 -0.01987
-0.41417 0.26432 -0.02211
-0.41275 0.26365 -0.02425
-0.41156 0.26299 -0.02652
-0.41042 0.26231 -0.02881
-0.40942 0.26161 -0.03116
-0.40819 0.26093 -0.03341
-0.40678 0.2603 -0.03556
-0.40559 0.25965 -0.03784
-0.40428 0.25865 -0.03991
-0.40324 0.25746 -0.04204
-0.40264 0.2565 -0.04445
-0.40223 0.25623 -0.04705
-0.40155 0.25606 -0.04961
-0.4007 0.2558 -0.05212
-0.39962 0.2553 -0.05453
-0.39814 0.25437 -0.05666
-0.40263 0.25637 0.10878
-0.40358 0.25695 0.10635
-0.40469 0.25753 0.10402
-0.40587 0.25805 0.1017
-0.40683 0.25866 0.09932
-0.40817 0.25951 0.09724
-0.40994 0.26066 0.09561
-0.41155 0.2618 0.0937
-0.41261 0.26268 0.09132
-0.41339 0.26321 0.0888
-0.41426 0.26384 0.08637
-0.41508 0.26434 0.08391
-0.41622 0.26509 0.08164
-0.4173 0.26551 0.07923
-0.41823 0.26596 0.0768
-0.41958 0.2663 0.07457
-0.4208 0.26677 0.0723
-0.42233 0.26765 0.07038
-0.42427 0.2689 0.06887
-0.42613 0.26962 0.06674
-0.42689 0.26961 0.06394
-0.42712 0.26929 0.06124
-0.42776 0.26937 0.0587
-0.42864 0.26957 0.05622
-0.42952 0.26994 0.05374
-0.43018 0.27019 0.05118
-0.43073 0.27025 0.04858
-0.43168 0.27057 0.04613
-0.43263 0.27099 0.04367
-0.43307 0.27117 0.04104
-0.43349 0.27154 0.03845
-0.43389 0.27187 0.03584
-0.43423 0.27225 0.03324
-0.43438 0.27254 0.0306
-0.43445 0.27259 0.02793
-0.43432 0.27232 0.02527
-0.43371 0.27191 0.0227
-0.43316 0.27169 0.02013
-0.43276 0.27147 0.01751
-0.43225 0.27116 0.01492
-0.4315 0.27074 0.0124
-0.43057 0.27027 0.00996
-0.42981 0.26981 0.00747
-0.42896 0.26928 0.00502
-0.42812 0.26878 0.00255
-0.42701 0.26821 0.00019
-0.42595 0.26765 -0.00217
-0.42497 0.26713 -0.00458
-0.42401 0.26663 -0.007
-0.42287 0.26599 -0.00932
-0.42181 0.26531 -0.01167
-0.42054 0.26445 -0.01385
-0.41892 0.26358 -0.01578
-0.41763 0.26285 -0.01798
-0.41655 0.2622 -0.02032
-0.41535 0.26164 -0.02262
-0.4139 0.26096 -0.02474
-0.41273 0.26032 -0.02703
-0.41149 0.2596 -0.02926
-0.41012 0.25876 -0.03136
-0.4088 0.25806 -0.03356
-0.4076 0.2575 -0.03585
-0.40642 0.25686 -0.03814
-0.40533 0.25597 -0.04038
-0.4046 0.25496 -0.04271
-0.40448 0.25439 -0.0453
-0.40406 0.25411 -0.04791
-0.40335 0.25393 -0.05048
-0.40252 0.25369 -0.05303
-0.40133 0.25308 -0.05545
-0.40529 0.25474 0.10659
-0.40441 0.25422 0.10905
-0.40626 0.2552 0.10418
-0.40744 0.2557 0.10186
-0.40847 0.25635 0.09951
-0.40969 0.2571 0.09729
-0.41125 0.25807 0.09541
-0.41307 0.25922 0.09375
-0.41432 0.26021 0.0915
-0.41511 0.2608 0.08898
-0.41608 0.26154 0.08663
-0.4171 0.26222 0.08428
-0.41823 0.26289 0.08196
-0.41924 0.26324 0.07951
-0.42003 0.26362 0.077
-0.42125 0.26385 0.07467
-0.42274 0.26452 0.07257
-0.42401 0.26517 0.07035
-0.42573 0.26616 0.06852
-0.4271 0.26661 0.06616
-0.42773 0.26662 0.06349
-0.42861 0.26667 0.06099
-0.42942 0.26684 0.05847
-0.43039 0.26709 0.05603
-0.43129 0.26746 0.05355
-0.4319 0.26767 0.05095
-0.43254 0.26777 0.04838
-0.43332 0.26797 0.04586
-0.43391 0.26818 0.04327
-0.43442 0.26841 0.04067
-0.43494 0.26883 0.0381
-0.43517 0.26909 0.03546
-0.43538 0.26941 0.03283
-0.43546 0.26967 0.03018
-0.43542 0.26967 0.02751
-0.43495 0.2693 0.02489
-0.43414 0.26884 0.0224
-0.43358 0.26864 0.01981
-0.43324 0.26843 0.01719
-0.43279 0.26812 0.01458
-0.43212 0.26772 0.01203
-0.43116 0.26726 0.00959
-0.43033 0.26679 0.00711
-0.42939 0.26625 0.00469
-0.42855 0.26575 0.00222
-0.42796 0.26534 -0.00034
-0.42712 0.26488 -0.00285
-0.4259 0.26428 -0.00515
-0.42484 0.26373 -0.00753
-0.42353 0.26306 -0.00976
-0.42227 0.26232 -0.01198
-0.42087 0.26144 -0.01406
-0.41975 0.26075 -0.01637
-0.41854 0.26007 -0.01863
-0.41753 0.25946 -0.02101
-0.41623 0.25886 -0.02326
-0.41492 0.25828 -0.02549
-0.41366 0.25759 -0.02773
-0.41214 0.25676 -0.02975
-0.41054 0.25587 -0.03168
-0.40933 0.2552 -0.03397
-0.40824 0.25468 -0.03634
-0.40722 0.25411 -0.03872
-0.40636 0.25333 -0.0411
-0.40613 0.25265 -0.04364
-0.40621 0.25224 -0.04629
-0.40562 0.25182 -0.04887
-0.40483 0.25156 -0.05141
-0.40388 0.25121 -0.05393
-0.40243 0.25042 -0.05615
-0.40682 0.25242 0.1071
-0.40596 0.25192 0.10957
-0.40775 0.25285 0.10465
-0.40886 0.25329 0.10229
-0.40992 0.25395 0.09995
-0.41103 0.25461 0.09764
-0.41229 0.25541 0.09545
-0.41392 0.25644 0.09359
-0.4153 0.25744 0.09151
-0.41635 0.25818 0.08915
-0.41746 0.25894 0.08685
-0.4186 0.25961 0.08451
-0.41942 0.26008 0.08201
-0.42036 0.26043 0.07958
-0.42151 0.26103 0.07729
-0.42289 0.26136 0.07507
-0.42413 0.26189 0.07278
-0.42551 0.26262 0.07061
-0.42662 0.26332 0.06827
-0.42774 0.26368 0.06589
-0.42915 0.26399 0.06361
-0.42997 0.26399 0.06104
-0.43067 0.26408 0.05847
-0.43171 0.26435 0.05604
-0.43269 0.26474 0.05358
-0.43337 0.26499 0.05102
-0.43397 0.26506 0.04842
-0.43462 0.26518 0.04584
-0.43526 0.26542 0.04327
-0.43596 0.26574 0.04072
-0.43644 0.26614 0.03813
-0.43662 0.26637 0.03548
-0.43658 0.26657 0.03282
-0.43647 0.26675 0.03017
-0.43634 0.26672 0.02749
-0.43591 0.26635 0.02485
-0.43483 0.26583 0.02244
-0.43426 0.26562 0.01986
-0.43395 0.26542 0.01722
-0.43328 0.26507 0.01465
-0.43257 0.26466 0.01212
-0.43183 0.26425 0.00959
-0.43106 0.2638 0.00708
-0.43006 0.26325 0.00467
-0.42928 0.26277 0.00219
-0.42864 0.26234 -0.00037
-0.4275 0.26181 -0.00274
-0.4265 0.26129 -0.00515
-0.42539 0.26074 -0.00751
-0.42414 0.26009 -0.00978
-0.42296 0.25939 -0.01205
-0.42181 0.25859 -0.01431
-0.4207 0.25792 -0.01663
-0.41966 0.25731 -0.01901
-0.41856 0.25668 -0.02135
-0.41735 0.25613 -0.02366
-0.416 0.25554 -0.02588
-0.4145 0.25476 -0.02794
-0.41284 0.2539 -0.02984
-0.41135 0.25305 -0.03188
-0.41009 0.25237 -0.03414
-0.40913 0.2519 -0.03659
-0.40822 0.25138 -0.03903
-0.40774 0.25081 -0.04158
-0.40801 0.25046 -0.04423
-0.40785 0.24985 -0.04686
-0.40713 0.24935 -0.04941
-0.40616 0.24898 -0.0519
-0.4049 0.24844 -0.05423
-0.40339 0.24765 -0.05633
-0.40815 0.24996 0.10747
-0.40738 0.2495 0.10998
-0.4091 0.25039 0.10502
-0.41017 0.2508 0.10262
-0.41125 0.25145 0.10028
-0.41243 0.25215 0.09801
-0.41367 0.25292 0.09579
-0.41507 0.25382 0.09372
-0.41641 0.25479 0.09161
-0.41761 0.25557 0.08933
-0.41857 0.25622 0.08688
-0.41913 0.25668 0.08429
-0.41965 0.25712 0.08173
-0.42081 0.25751 0.0794
-0.42209 0.25811 0.07716
-0.42342 0.25842 0.07487
-0.42511 0.25909 0.07291
-0.42668 0.25988 0.07087
-0.42778 0.2606 0.0685
-0.42872 0.26088 0.06601
-0.43024 0.26119 0.06382
-0.43123 0.26126 0.0613
-0.43191 0.26134 0.05871
-0.43316 0.26169 0.05637
-0.43388 0.26193 0.0538
-0.43448 0.26213 0.05121
-0.4353 0.26231 0.04868
-0.43621 0.26258 0.04619
-0.43693 0.26285 0.04364
-0.43749 0.26308 0.04104
-0.43801 0.2635 0.03846
-0.43826 0.26378 0.0358
-0.43794 0.2638 0.03314
-0.43759 0.26389 0.03051
-0.43699 0.26371 0.02792
-0.43637 0.2633 0.02537
-0.43566 0.26287 0.02284
-0.43516 0.26267 0.02023
-0.43455 0.26241 0.01765
-0.43375 0.26205 0.01513
-0.43317 0.26167 0.01256
-0.43249 0.26126 0.01001
-0.43168 0.2608 0.00751
-0.43064 0.26026 0.00511
-0.42977 0.25977 0.00265
-0.42889 0.25932 0.00017
-0.42794 0.25883 -0.00227
-0.42709 0.25833 -0.00475
-0.42604 0.2578 -0.00714
-0.42497 0.2572 -0.00951
-0.42381 0.2565 -0.0118
-0.4228 0.25575 -0.01415
-0.42176 0.25512 -0.01652
-0.42068 0.2545 -0.01887
-0.41964 0.25389 -0.02125
-0.41855 0.25339 -0.02364
-0.41708 0.25277 -0.02579
-0.4155 0.25198 -0.02779
-0.41394 0.25116 -0.02978
-0.41235 0.25028 -0.03174
-0.41112 0.24962 -0.03403
-0.41013 0.24915 -0.03647
-0.40934 0.24868 -0.03898
-0.40934 0.24835 -0.04162
-0.40965 0.24799 -0.04428
-0.40934 0.24728 -0.04691
-0.40841 0.24668 -0.04939
-0.40725 0.24623 -0.05178
-0.40581 0.24566 -0.05398
-0.40448 0.24491 -0.0562
-0.40855 0.24693 0.1099
-0.40943 0.24744 0.10742
-0.41062 0.24801 0.10511
-0.41172 0.24843 0.10271
-0.41278 0.24907 0.10035
-0.41392 0.24972 0.09803
-0.41506 0.25042 0.09573
-0.41646 0.25131 0.09364
-0.41777 0.25225 0.09149
-0.41884 0.25295 0.08908
-0.41919 0.2534 0.08642
-0.41927 0.2538 0.08377
-0.41987 0.25425 0.08119
-0.42132 0.25467 0.07897
-0.42281 0.25529 0.07685
-0.42454 0.2557 0.07486
-0.4262 0.25636 0.07286
-0.42755 0.25705 0.07065
-0.42885 0.25782 0.06843
-0.42981 0.25811 0.06594
-0.43098 0.25827 0.06355
-0.432 0.25833 0.06108
-0.43314 0.25859 0.05868
-0.43418 0.25882 0.05623
-0.43497 0.25907 0.0537
-0.43588 0.25941 0.05121
-0.43699 0.25975 0.04881
-0.43811 0.26018 0.04642
-0.43871 0.26034 0.04381
-0.43915 0.26047 0.04119
-0.43954 0.26082 0.03857
-0.4401 0.26133 0.03598
-0.43982 0.26135 0.03329
-0.43935 0.26135 0.03067
-0.43856 0.26104 0.02814
-0.43746 0.26039 0.02579
-0.43669 0.25997 0.02326
-0.43591 0.2597 0.02072
-0.43523 0.25943 0.01815
-0.43445 0.25908 0.01562
-0.43385 0.25869 0.01305
-0.43341 0.25834 0.01042
-0.43245 0.25785 0.00796
-0.43117 0.25728 0.00567
-0.43019 0.2568 0.00324
-0.42944 0.25636 0.00071
-0.42854 0.25589 -0.00176
-0.42774 0.2554 -0.00426
-0.42677 0.25489 -0.0067
-0.42589 0.25433 -0.00916
-0.42484 0.25368 -0.01153
-0.42371 0.2529 -0.01383
-0.42259 0.25225 -0.01616
-0.42168 0.25168 -0.01861
-0.42076 0.25112 -0.02105
-0.41958 0.2506 -0.0234
-0.41804 0.24997 -0.02551
-0.41641 0.24918 -0.02748
-0.41496 0.2484 -0.02958
-0.41357 0.2476 -0.03172
-0.41217 0.24687 -0.03389
-0.4111 0.24638 -0.0363
-0.41034 0.24594 -0.03884
-0.41041 0.24561 -0.04151
-0.41098 0.24531 -0.04418
-0.41054 0.24455 -0.04684
-0.40951 0.24393 -0.04931
-0.40809 0.2434 -0.05157
-0.40646 0.24281 -0.05362
-0.40515 0.242 -0.05585
-0.41075 0.24496 0.10744
-0.40973 0.24439 0.10985
-0.41206 0.24558 0.10519
-0.41325 0.24605 0.10283
-0.41433 0.24669 0.10046
-0.41535 0.24726 0.09805
-0.41643 0.24791 0.0957
-0.41764 0.2487 0.09345
-0.41893 0.24961 0.09127
-0.41989 0.25027 0.08878
-0.41996 0.25064 0.08608
-0.41998 0.25098 0.0834
-0.42071 0.25143 0.0808
-0.42241 0.25197 0.07874
-0.42412 0.25267 0.0768
-0.4259 0.25311 0.07485
-0.42747 0.25372 0.07277
-0.42883 0.25439 0.07055
-0.42999 0.2551 0.06823
-0.43109 0.25543 0.06581
-0.4322 0.25556 0.06338
-0.43335 0.25566 0.06097
-0.4344 0.25586 0.05852
-0.43546 0.25607 0.05607
-0.43665 0.25653 0.05372
-0.43769 0.25693 0.05128
-0.43893 0.25737 0.04895
-0.44016 0.25791 0.04664
-0.44102 0.25833 0.04413
-0.44152 0.25849 0.0415
-0.44177 0.25868 0.03884
-0.44204 0.25896 0.03619
-0.44199 0.25917 0.03352
-0.44154 0.25919 0.03087
-0.44081 0.25892 0.02827
-0.43958 0.25809 0.026
-0.43845 0.25743 0.02367
-0.43725 0.25696 0.02133
-0.43612 0.25656 0.01893
-0.43525 0.2562 0.01642
-0.43462 0.25581 0.01384
-0.43402 0.25542 0.01126
-0.43314 0.25496 0.00877
-0.43196 0.25441 0.00642
-0.43089 0.25392 0.00402
-0.42994 0.25347 0.00156
-0.42924 0.25302 -0.00099
-0.4284 0.25254 -0.00349
-0.42749 0.25203 -0.00596
-0.42657 0.25146 -0.00841
-0.42574 0.25085 -0.01088
-0.42484 0.25015 -0.0133
-0.42379 0.24954 -0.0157
-0.42275 0.24893 -0.01808
-0.4217 0.24833 -0.02047
-0.42042 0.2478 -0.02276
-0.41909 0.24724 -0.02502
-0.41776 0.24654 -0.02724
-0.41627 0.24576 -0.02933
-0.41505 0.24505 -0.0316
-0.4138 0.24441 -0.03388
-0.4124 0.24376 -0.03607
-0.41126 0.24319 -0.03846
-0.41104 0.24278 -0.04113
-0.41182 0.24244 -0.04381
-0.41148 0.2417 -0.04653
-0.41037 0.24102 -0.04904
-0.40858 0.24047 -0.0511
-0.40678 0.23992 -0.05301
-0.40507 0.23914 -0.05495
-0.41096 0.24189 0.10957
-0.41208 0.24249 0.10721
-0.41339 0.2431 0.10494
-0.41477 0.24366 0.1027
-0.4158 0.24426 0.10028
-0.41676 0.24479 0.09782
-0.41776 0.24539 0.09541
-0.41889 0.24614 0.09309
-0.42008 0.24701 0.09082
-0.42076 0.24757 0.08825
-0.42109 0.24803 0.08562
-0.42147 0.2485 0.08298
-0.4225 0.2491 0.08055
-0.42407 0.24959 0.07843
-0.42588 0.25035 0.07659
-0.42788 0.2509 0.07481
-0.42923 0.25137 0.0725
-0.43047 0.25197 0.07018
-0.43161 0.25267 0.06783
-0.43269 0.25296 0.06539
-0.43379 0.25307 0.06294
-0.4349 0.25313 0.0605
-0.43612 0.25341 0.05813
-0.43743 0.25376 0.0558
-0.4388 0.25438 0.05357
-0.44007 0.255 0.05129
-0.44143 0.25559 0.04905
-0.44268 0.25618 0.04675
-0.44341 0.25632 0.04417
-0.44401 0.25664 0.04158
-0.4445 0.25724 0.03899
-0.44476 0.25754 0.03632
-0.44463 0.25764 0.03361
-0.44399 0.25736 0.03098
-0.44337 0.25717 0.0283
-0.44236 0.25647 0.02584
-0.44098 0.25552 0.02368
-0.43944 0.25473 0.0216
-0.43771 0.254 0.01966
-0.43623 0.25346 0.01748
-0.43551 0.25305 0.01491
-0.43481 0.25265 0.01235
-0.43416 0.25223 0.00978
-0.4333 0.25175 0.00724
-0.43185 0.25119 0.00502
-0.43082 0.25073 0.00258
-0.43003 0.25027 6e-05
-0.42921 0.24979 -0.00246
-0.4282 0.24928 -0.0049
-0.42719 0.24871 -0.00732
-0.42639 0.2481 -0.0098
-0.42569 0.24743 -0.01231
-0.42506 0.24691 -0.01489
-0.42391 0.24629 -0.01726
-0.42278 0.24567 -0.01962
-0.42158 0.24517 -0.02197
-0.42028 0.24462 -0.02425
-0.41888 0.24391 -0.02645
-0.41759 0.2432 -0.0287
-0.4164 0.2425 -0.031
-0.41523 0.24187 -0.03334
-0.4137 0.2412 -0.03546
-0.41229 0.24057 -0.03767
-0.41145 0.24003 -0.04023
-0.41195 0.23959 -0.04294
-0.41185 0.23881 -0.04567
-0.41029 0.23816 -0.04798
-0.40839 0.23773 -0.0499
-0.4066 0.2372 -0.05183
-0.40469 0.23653 -0.05361
-0.40269 0.23564 -0.05518
-0.41246 0.23954 0.10934
-0.41357 0.24012 0.10695
-0.41491 0.24074 0.1047
-0.41619 0.24124 0.10237
-0.41722 0.24182 0.09995
-0.4183 0.24241 0.09755
-0.41946 0.24309 0.0952
-0.42014 0.2436 0.09262
-0.42112 0.24439 0.09024
-0.42211 0.24508 0.08782
-0.42269 0.24565 0.08523
-0.42328 0.24624 0.08267
-0.42433 0.24685 0.08025
-0.42587 0.24731 0.0781
-0.42777 0.24812 0.07633
-0.42939 0.24844 0.07416
-0.43081 0.24894 0.07192
-0.43244 0.24977 0.06989
-0.43352 0.25041 0.06746
-0.43446 0.25061 0.06493
-0.43562 0.25075 0.06251
-0.43707 0.25107 0.06028
-0.43847 0.25152 0.05802
-0.43993 0.25202 0.05581
-0.44136 0.25274 0.05364
-0.44274 0.25354 0.05147
-0.44422 0.25439 0.04938
-0.44556 0.25526 0.04717
-0.44639 0.2555 0.04457
-0.4469 0.25555 0.04192
-0.44742 0.25629 0.03934
-0.44779 0.2567 0.03662
-0.4477 0.25667 0.03377
-0.44691 0.25602 0.03107
-0.44566 0.25503 0.02879
-0.44445 0.25411 0.02654
-0.44295 0.25315 0.0245
-0.44142 0.25239 0.02237
-0.43963 0.25165 0.02045
-0.43758 0.25099 0.01878
-0.43629 0.25047 0.01644
-0.4356 0.25007 0.01385
-0.43504 0.24966 0.01124
-0.43442 0.24921 0.00862
-0.43328 0.2487 0.00619
-0.43182 0.2482 0.00397
-0.43087 0.24772 0.00149
-0.42993 0.24723 -0.00099
-0.42894 0.24673 -0.00344
-0.42807 0.24617 -0.00593
-0.42716 0.24555 -0.00839
-0.42634 0.24487 -0.01086
-0.42563 0.24432 -0.01341
-0.42478 0.24375 -0.0159
-0.42362 0.24313 -0.01826
-0.42232 0.24263 -0.02057
-0.42121 0.24211 -0.02297
-0.42025 0.24147 -0.02543
-0.41893 0.24076 -0.02768
-0.41767 0.24005 -0.02996
-0.41637 0.23939 -0.03223
-0.41478 0.23872 -0.03432
-0.41336 0.23809 -0.03654
-0.41223 0.23749 -0.03896
-0.41177 0.23695 -0.0416
-0.41169 0.23619 -0.04429
-0.41005 0.23564 -0.04646
-0.40799 0.23534 -0.04822
-0.40597 0.23494 -0.04998
-0.40409 0.23428 -0.05179
-0.40212 0.23338 -0.05339
-0.40026 0.23202 -0.05478
-0.41515 0.23783 0.10725
-0.41651 0.23846 0.105
-0.41781 0.23897 0.10268
-0.41877 0.23947 0.10019
-0.41984 0.24003 0.09777
-0.42064 0.24049 0.09522
-0.42123 0.24094 0.09261
-0.42216 0.24171 0.09018
-0.42332 0.24246 0.08785
-0.42427 0.24324 0.08544
-0.42499 0.24392 0.08293
-0.42599 0.24447 0.08048
-0.42747 0.24488 0.07825
-0.429 0.24546 0.0761
-0.43068 0.24581 0.07401
-0.43234 0.24642 0.07196
-0.43382 0.24713 0.06979
-0.43501 0.24781 0.06742
-0.43592 0.24801 0.06487
-0.43718 0.2482 0.0625
-0.43912 0.24893 0.06078
-0.4409 0.24991 0.05894
-0.4424 0.2505 0.05674
-0.44385 0.25127 0.0546
-0.44531 0.25228 0.05258
-0.44686 0.25335 0.05061
-0.4483 0.25437 0.04845
-0.44936 0.25505 0.04583
-0.44974 0.25472 0.04305
-0.45024 0.25507 0.0404
-0.45072 0.25523 0.03759
-0.4504 0.25477 0.03467
-0.44926 0.25393 0.03207
-0.44763 0.25285 0.02999
-0.44583 0.25179 0.02823
-0.44435 0.25089 0.02618
-0.44281 0.25014 0.02407
-0.44127 0.24945 0.02192
-0.43918 0.2488 0.02027
-0.43776 0.24826 0.01803
-0.43656 0.24775 0.01565
-0.4357 0.2473 0.01312
-0.43502 0.24685 0.01053
-0.43423 0.24636 0.00797
-0.43282 0.24588 0.00569
-0.43163 0.2454 0.00332
-0.43063 0.24492 0.00086
-0.42963 0.24442 -0.00161
-0.42887 0.24387 -0.00414
-0.42809 0.24326 -0.00666
-0.42716 0.24257 -0.00911
-0.42624 0.24201 -0.01158
-0.42547 0.24144 -0.01412
-0.42453 0.24084 -0.01658
-0.42328 0.24034 -0.01892
-0.42213 0.23982 -0.02131
-0.4212 0.23919 -0.02378
-0.42008 0.2385 -0.02615
-0.41886 0.23781 -0.02847
-0.41749 0.23714 -0.0307
-0.4161 0.23651 -0.03293
-0.41476 0.2359 -0.0352
-0.41351 0.23526 -0.03752
-0.41252 0.23462 -0.03997
-0.41172 0.23391 -0.04245
-0.4103 0.23337 -0.04467
-0.40841 0.23298 -0.04655
-0.40662 0.23248 -0.04852
-0.40469 0.23183 -0.0503
-0.40284 0.23091 -0.05201
-0.40097 0.22955 -0.05341
-0.39949 0.22791 -0.05503
-0.41832 0.23646 0.10581
-0.41679 0.23566 0.10793
-0.41957 0.23689 0.1034
-0.42047 0.23728 0.10086
-0.4212 0.23758 0.09827
-0.42196 0.238 0.0957
-0.42254 0.23842 0.09308
-0.42336 0.23912 0.09059
-0.42441 0.23981 0.08818
-0.42552 0.24066 0.08587
-0.42649 0.2415 0.08349
-0.42757 0.2421 0.08109
-0.42898 0.24245 0.07881
-0.43043 0.24295 0.07658
-0.43205 0.24325 0.07443
-0.43352 0.24374 0.07221
-0.43485 0.24436 0.06992
-0.43602 0.24502 0.06756
-0.43699 0.24523 0.06503
-0.43843 0.24549 0.06274
-0.44061 0.24636 0.06133
-0.44266 0.24756 0.05993
-0.44442 0.24852 0.05804
-0.446 0.24954 0.05609
-0.44747 0.25059 0.05407
-0.44906 0.2516 0.05208
-0.45058 0.25261 0.04995
-0.45188 0.25338 0.04736
-0.45221 0.25305 0.04442
-0.45225 0.25277 0.04163
-0.45181 0.25231 0.03894
-0.45127 0.25192 0.03626
-0.45053 0.25137 0.03363
-0.44925 0.25051 0.0313
-0.4475 0.24949 0.02942
-0.44554 0.24852 0.0278
-0.44395 0.24777 0.02573
-0.44271 0.24713 0.02338
-0.44091 0.24651 0.02144
-0.43912 0.24587 0.01948
-0.43796 0.24538 0.01707
-0.43672 0.24486 0.01472
-0.43564 0.24438 0.01226
-0.43479 0.24391 0.00973
-0.43341 0.24345 0.00744
-0.43216 0.24297 0.00508
-0.43137 0.24249 0.00253
-0.43047 0.24201 2e-05
-0.42959 0.24145 -0.00247
-0.42878 0.24084 -0.00498
-0.42791 0.24017 -0.00746
-0.42705 0.23962 -0.00997
-0.42613 0.23904 -0.01245
-0.42532 0.23844 -0.01497
-0.4241 0.23796 -0.01734
-0.42296 0.23745 -0.01973
-0.42199 0.23681 -0.02219
-0.42103 0.23615 -0.02464
-0.41982 0.23546 -0.02697
-0.41859 0.23481 -0.02929
-0.41734 0.2342 -0.03161
-0.41603 0.2336 -0.0339
-0.41479 0.23296 -0.03623
-0.41362 0.23228 -0.03858
-0.41252 0.23155 -0.04095
-0.41109 0.231 -0.04317
-0.4092 0.23059 -0.04508
-0.40771 0.23007 -0.04729
-0.40634 0.22944 -0.04962
-0.40436 0.22853 -0.05128
-0.40238 0.22717 -0.05254
-0.40097 0.22558 -0.05421
-0.39859 0.22643 -0.05714
-0.39998 0.22411 -0.05625
-0.41996 0.23439 0.10685
-0.42121 0.23477 0.10439
-0.42194 0.23503 0.10176
-0.42262 0.23527 0.09914
-0.42332 0.23564 0.09655
-0.42395 0.23607 0.09394
-0.42466 0.23667 0.09139
-0.42556 0.23726 0.0889
-0.42664 0.23809 0.08656
-0.42763 0.23892 0.08419
-0.42877 0.23955 0.08182
-0.43024 0.23992 0.07957
-0.43159 0.24035 0.07726
-0.43315 0.24061 0.07506
-0.43461 0.24108 0.07282
-0.43592 0.24169 0.07053
-0.43685 0.24221 0.06803
-0.43783 0.24238 0.06547
-0.43956 0.24279 0.06337
-0.44173 0.24364 0.06193
-0.44376 0.24473 0.06048
-0.44568 0.24576 0.05884
-0.44747 0.24693 0.05716
-0.44919 0.24823 0.05543
-0.45078 0.2492 0.05337
-0.45236 0.25014 0.05121
-0.45374 0.25072 0.04857
-0.45392 0.25038 0.04555
-0.45334 0.24994 0.04279
-0.45268 0.24954 0.04015
-0.45173 0.24912 0.03762
-0.45153 0.24868 0.03488
-0.45061 0.24791 0.03235
-0.44893 0.24692 0.03034
-0.44712 0.24596 0.02854
-0.44542 0.24517 0.02658
-0.44399 0.24449 0.02437
-0.44267 0.24406 0.02203
-0.44083 0.24335 0.02014
-0.43933 0.24274 0.01795
-0.43798 0.24219 0.01566
-0.43666 0.24167 0.01334
-0.43552 0.2412 0.01093
-0.43391 0.24073 0.00879
-0.43259 0.24026 0.00644
-0.43197 0.23981 0.00381
-0.43138 0.23936 0.00121
-0.43064 0.23884 -0.00135
-0.42974 0.23822 -0.00384
-0.42872 0.23753 -0.00626
-0.42784 0.23698 -0.00876
-0.427 0.23642 -0.01128
-0.42591 0.23581 -0.01368
-0.42468 0.23533 -0.01605
-0.42356 0.23483 -0.01847
-0.42269 0.23421 -0.02097
-0.42181 0.23356 -0.02345
-0.4207 0.23289 -0.02584
-0.41956 0.23225 -0.02822
-0.41829 0.23164 -0.03053
-0.41718 0.23108 -0.03294
-0.41593 0.23045 -0.03527
-0.41471 0.22975 -0.03759
-0.4135 0.22901 -0.03991
-0.41198 0.22845 -0.0421
-0.41014 0.22803 -0.04405
-0.40833 0.22753 -0.04602
-0.40727 0.22689 -0.0485
-0.40557 0.22601 -0.05049
-0.40372 0.22469 -0.05195
-0.40241 0.22315 -0.05372
-0.4013 0.22165 -0.05567
-0.4224 0.23243 0.10547
-0.4212 0.23208 0.10795
-0.42334 0.23286 0.10294
-0.42411 0.23316 0.10035
-0.42475 0.23347 0.09774
-0.42543 0.23392 0.09514
-0.42608 0.23447 0.09257
-0.42683 0.23492 0.09001
-0.42771 0.23558 0.08753
-0.42861 0.23635 0.0851
-0.42975 0.23696 0.08272
-0.43131 0.23738 0.08053
-0.43274 0.23787 0.07828
-0.4343 0.23811 0.07608
-0.43568 0.23851 0.07379
-0.4369 0.23907 0.07144
-0.43791 0.23961 0.06898
-0.43919 0.23996 0.06662
-0.44068 0.2402 0.06437
-0.44271 0.24091 0.06272
-0.44462 0.24188 0.06105
-0.44644 0.2428 0.05926
-0.44827 0.24393 0.05762
-0.45012 0.24522 0.05606
-0.45189 0.2463 0.0542
-0.45341 0.24712 0.05189
-0.45424 0.24744 0.04911
-0.45425 0.2472 0.04628
-0.45399 0.24692 0.04353
-0.45335 0.24659 0.04088
-0.45275 0.24625 0.03824
-0.45218 0.24574 0.03562
-0.4516 0.24502 0.03303
-0.45063 0.24428 0.03054
-0.44915 0.24358 0.02831
-0.44758 0.24292 0.02617
-0.44595 0.24208 0.02417
-0.4445 0.24159 0.02193
-0.44294 0.24108 0.01976
-0.4412 0.24027 0.01783
-0.43956 0.23952 0.0158
-0.43797 0.23888 0.0137
-0.43644 0.23833 0.01153
-0.43481 0.23786 0.00941
-0.43338 0.23739 0.00715
-0.43244 0.23693 0.00465
-0.43182 0.23648 0.00206
-0.43167 0.23604 -0.00065
-0.43105 0.23548 -0.0033
-0.42945 0.23472 -0.00547
-0.42848 0.23417 -0.00794
-0.42758 0.2336 -0.01043
-0.42657 0.23301 -0.01288
-0.42549 0.23256 -0.01533
-0.42435 0.23206 -0.01774
-0.4233 0.23143 -0.02015
-0.42244 0.23079 -0.02264
-0.42138 0.23013 -0.02506
-0.42011 0.22949 -0.02738
-0.41894 0.22889 -0.02975
-0.41782 0.22832 -0.03215
-0.41668 0.22771 -0.03454
-0.41545 0.22702 -0.03686
-0.4141 0.22627 -0.03909
-0.41259 0.22573 -0.04127
-0.41088 0.22532 -0.04333
-0.40907 0.22481 -0.0453
-0.40745 0.22418 -0.04738
-0.40602 0.2233 -0.0495
-0.40472 0.22203 -0.05148
-0.4035 0.22052 -0.05336
-0.40237 0.21903 -0.05532
-0.42365 0.23005 0.10648
-0.42464 0.23051 0.10398
-0.42553 0.2309 0.10143
-0.42616 0.23121 0.0988
-0.42704 0.23184 0.09631
-0.42767 0.23235 0.09371
-0.42834 0.23271 0.09111
-0.42903 0.23321 0.08854
-0.42987 0.23392 0.08607
-0.43097 0.23448 0.08366
-0.43245 0.23484 0.08141
-0.43409 0.2355 0.07936
-0.43598 0.23605 0.07744
-0.43718 0.23624 0.07495
-0.43819 0.23662 0.07247
-0.43911 0.23709 0.06996
-0.44014 0.23725 0.06745
-0.44173 0.23754 0.06526
-0.44365 0.23814 0.06343
-0.44542 0.23901 0.06158
-0.44698 0.23981 0.0595
-0.44879 0.24092 0.05783
-0.45067 0.24218 0.05631
-0.45248 0.24322 0.0545
-0.45417 0.24404 0.05226
-0.45458 0.24429 0.04938
-0.45428 0.24408 0.04662
-0.45405 0.2438 0.04393
-0.45387 0.24351 0.04121
-0.45345 0.24318 0.03851
-0.45276 0.24267 0.03591
-0.45206 0.24193 0.0334
-0.4515 0.24121 0.03086
-0.45085 0.24078 0.02818
-0.44945 0.24033 0.02577
-0.44781 0.2396 0.02369
-0.44633 0.23911 0.02148
-0.44488 0.23869 0.01921
-0.44325 0.23801 0.01712
-0.44144 0.23712 0.01526
-0.43968 0.23634 0.01334
-0.43783 0.23559 0.01151
-0.43571 0.23498 0.00991
-0.43404 0.23449 0.0078
-0.43303 0.23402 0.00531
-0.43235 0.23358 0.00273
-0.43175 0.23308 0.00013
-0.43122 0.23252 -0.0025
-0.42996 0.23183 -0.00483
-0.42894 0.23128 -0.00728
-0.42791 0.23071 -0.00972
-0.42705 0.23013 -0.01223
-0.42608 0.22969 -0.01473
-0.42511 0.22921 -0.01723
-0.42387 0.22859 -0.01955
-0.42288 0.22795 -0.02199
-0.42167 0.22729 -0.02433
-0.42058 0.22666 -0.02674
-0.4194 0.22606 -0.02911
-0.41829 0.2255 -0.03152
-0.41727 0.22491 -0.03396
-0.41615 0.22423 -0.03634
-0.41484 0.22349 -0.0386
-0.41332 0.22296 -0.04077
-0.41173 0.22257 -0.04294
-0.41021 0.22213 -0.04516
-0.40843 0.22146 -0.0471
-0.40688 0.22058 -0.04913
-0.40552 0.21931 -0.05106
-0.40448 0.21785 -0.05308
-0.4034 0.21639 -0.05509
-0.42555 0.22786 0.10464
-0.42457 0.22741 0.10714
-0.42653 0.2283 0.10215
-0.42752 0.22884 0.09968
-0.42838 0.22943 0.09717
-0.42921 0.2301 0.09466
-0.42987 0.23045 0.09205
-0.43054 0.23094 0.08948
-0.4313 0.23156 0.08697
-0.43237 0.23209 0.08454
-0.43379 0.23238 0.08224
-0.43541 0.233 0.08016
-0.43748 0.23358 0.07838
-0.43883 0.23387 0.07592
-0.43961 0.23412 0.0733
-0.44047 0.23456 0.07077
-0.44139 0.23466 0.06821
-0.44274 0.23478 0.06585
-0.44437 0.23521 0.06371
-0.44605 0.23604 0.06174
-0.44786 0.23695 0.05993
-0.44968 0.23805 0.05826
-0.45149 0.23926 0.05661
-0.45318 0.2402 0.05462
-0.45472 0.24088 0.05219
-0.4546 0.24113 0.0493
-0.4542 0.24097 0.04658
-0.45383 0.2407 0.0439
-0.45351 0.24039 0.04122
-0.4532 0.24004 0.03853
-0.45266 0.23953 0.0359
-0.45204 0.23878 0.03338
-0.45133 0.23801 0.03089
-0.45088 0.23749 0.02822
-0.44997 0.2371 0.02563
-0.4493 0.2367 0.02298
-0.44787 0.23638 0.0206
-0.44611 0.23586 0.0185
-0.4445 0.23521 0.01637
-0.44277 0.23443 0.01439
-0.44084 0.23355 0.01265
-0.43875 0.23267 0.01113
-0.4365 0.23202 0.00978
-0.4346 0.23149 0.00791
-0.43359 0.23104 0.00541
-0.43295 0.23061 0.00281
-0.43202 0.23008 0.00031
-0.43112 0.22951 -0.00218
-0.43018 0.22884 -0.00463
-0.42925 0.2283 -0.00712
-0.42821 0.22773 -0.00956
-0.42717 0.22715 -0.01199
-0.42615 0.22673 -0.01447
-0.42499 0.22625 -0.01688
-0.42399 0.22564 -0.01931
-0.42318 0.22503 -0.02183
-0.42209 0.22438 -0.02423
-0.42097 0.22376 -0.02662
-0.41982 0.22317 -0.02901
-0.41876 0.22262 -0.03144
-0.41774 0.22203 -0.03388
-0.41668 0.22136 -0.03628
-0.41554 0.22065 -0.03865
-0.41423 0.22018 -0.04101
-0.41239 0.21974 -0.04299
-0.41055 0.21923 -0.04492
-0.40889 0.2186 -0.04697
-0.40738 0.21774 -0.04906
-0.40624 0.21654 -0.05116
-0.40516 0.21507 -0.05317
-0.40404 0.21361 -0.05516
-0.42603 0.2251 0.10523
-0.42499 0.22464 0.10769
-0.42721 0.2256 0.10284
-0.42849 0.22625 0.10054
-0.42958 0.22698 0.09814
-0.43029 0.22758 0.09557
-0.43114 0.22805 0.09304
-0.43193 0.22862 0.09052
-0.43271 0.22924 0.08801
-0.43372 0.22971 0.08554
-0.43509 0.22996 0.08321
-0.43643 0.23035 0.08089
-0.43784 0.23054 0.07859
-0.43922 0.23088 0.07628
-0.44031 0.23126 0.07382
-0.44136 0.23177 0.07138
-0.4426 0.23204 0.06899
-0.44415 0.23231 0.06679
-0.44561 0.23258 0.06452
-0.44721 0.23335 0.06247
-0.44893 0.23418 0.06056
-0.4508 0.23528 0.05892
-0.45265 0.23641 0.05713
-0.45399 0.23715 0.05465
-0.45427 0.23772 0.05188
-0.45419 0.23804 0.04915
-0.45414 0.23787 0.04642
-0.4537 0.23763 0.04374
-0.45336 0.23732 0.04106
-0.45298 0.23696 0.03838
-0.45239 0.23644 0.03576
-0.4516 0.23569 0.03327
-0.45049 0.23498 0.03088
-0.45039 0.23441 0.02818
-0.4498 0.23396 0.02553
-0.44895 0.23344 0.02303
-0.44815 0.23314 0.02038
-0.44689 0.23277 0.01789
-0.44525 0.23211 0.01574
-0.44342 0.23132 0.0138
-0.44141 0.23043 0.01207
-0.43907 0.22956 0.01091
-0.4367 0.22897 0.00972
-0.43494 0.22848 0.00772
-0.43397 0.22803 0.00522
-0.43326 0.2276 0.00264
-0.43245 0.2271 9e-05
-0.43154 0.22654 -0.0024
-0.43052 0.22586 -0.00481
-0.42957 0.22533 -0.0073
-0.42844 0.22475 -0.0097
-0.42724 0.22417 -0.01206
-0.4264 0.22377 -0.01462
-0.42519 0.2233 -0.01701
-0.42415 0.22269 -0.01943
-0.42343 0.2221 -0.02198
-0.4226 0.2215 -0.02449
-0.42169 0.22093 -0.02699
-0.42042 0.22031 -0.02933
-0.41918 0.21973 -0.03167
-0.41799 0.21912 -0.03402
-0.41698 0.21845 -0.03644
-0.41584 0.21775 -0.0388
-0.41437 0.21725 -0.04105
-0.41272 0.21686 -0.04317
-0.41101 0.21638 -0.04521
-0.40952 0.21581 -0.0474
-0.40817 0.21502 -0.04962
-0.40688 0.21378 -0.05162
-0.40569 0.21229 -0.05356
-0.40454 0.21082 -0.05554
-0.42697 0.22245 0.10564
-0.42591 0.222 0.10809
-0.428 0.22288 0.10317
-0.42906 0.22344 0.10074
-0.43035 0.2242 0.09847
-0.43138 0.22495 0.09607
-0.43246 0.22555 0.09365
-0.43336 0.22617 0.09117
-0.43424 0.22687 0.08871
-0.4352 0.2273 0.08621
-0.43655 0.22751 0.08387
-0.43778 0.22782 0.08147
-0.439 0.22788 0.07905
-0.43995 0.22803 0.07651
-0.44101 0.2284 0.07404
-0.44213 0.22892 0.07162
-0.44377 0.22935 0.0695
-0.44573 0.22985 0.06763
-0.44704 0.23003 0.06523
-0.44837 0.2306 0.06295
-0.45021 0.23144 0.06114
-0.45197 0.2324 0.05925
-0.45369 0.23336 0.05708
-0.45383 0.23403 0.05421
-0.4537 0.2347 0.05154
-0.45368 0.23502 0.04887
-0.45394 0.23482 0.04617
-0.45366 0.23457 0.04344
-0.45343 0.23426 0.04071
-0.45284 0.23388 0.03808
-0.45219 0.23337 0.03549
-0.45111 0.23265 0.03308
-0.45075 0.23191 0.0305
-0.45031 0.23137 0.02787
-0.44968 0.2309 0.02524
-0.4489 0.23035 0.02269
-0.44815 0.22994 0.02001
-0.44665 0.22951 0.01765
-0.44481 0.22887 0.01566
-0.4428 0.22812 0.01389
-0.44057 0.22735 0.01249
-0.43831 0.22656 0.01123
-0.43639 0.22595 0.00944
-0.43507 0.22549 0.00712
-0.43427 0.22508 0.00456
-0.43361 0.22467 0.00196
-0.43295 0.22421 -0.00064
-0.43201 0.22366 -0.00314
-0.43089 0.22296 -0.0055
-0.42977 0.2224 -0.00791
-0.42857 0.22182 -0.01027
-0.42735 0.22123 -0.01262
-0.42657 0.22086 -0.0152
-0.42542 0.2204 -0.01763
-0.42455 0.21984 -0.02012
-0.42366 0.21922 -0.0226
-0.42285 0.21864 -0.02511
-0.42189 0.21806 -0.0276
-0.4207 0.21747 -0.02998
-0.41929 0.21686 -0.03221
-0.41802 0.21624 -0.03452
-0.417 0.21557 -0.03693
-0.41586 0.21486 -0.0393
-0.41455 0.21437 -0.04168
-0.41282 0.214 -0.04375
-0.41127 0.21358 -0.04592
-0.40989 0.21305 -0.04819
-0.40847 0.21223 -0.05037
-0.40716 0.21099 -0.05237
-0.4057 0.20947 -0.05414
-0.40448 0.20802 -0.05609
-0.42704 0.21936 0.108
-0.42784 0.21976 0.10541
-0.42889 0.22019 0.10295
-0.43009 0.22077 0.10059
-0.43127 0.22149 0.09825
-0.43265 0.22235 0.09606
-0.43378 0.22295 0.09365
-0.43477 0.22362 0.09121
-0.43563 0.22431 0.08872
-0.43672 0.2248 0.08629
-0.43796 0.22494 0.08389
-0.43908 0.22519 0.08142
-0.44021 0.22521 0.07896
-0.44102 0.22529 0.07636
-0.44188 0.22558 0.0738
-0.44308 0.22611 0.07139
-0.44491 0.2266 0.06942
-0.44688 0.22705 0.06758
-0.44832 0.22729 0.06526
-0.44928 0.22773 0.06276
-0.45108 0.22845 0.06085
-0.45286 0.22934 0.05882
-0.45359 0.23027 0.0562
-0.45382 0.23104 0.0535
-0.45355 0.23175 0.05086
-0.45359 0.23206 0.04819
-0.45388 0.23186 0.04549
-0.45367 0.23158 0.04274
-0.45315 0.23126 0.04004
-0.45235 0.2309 0.03748
-0.45177 0.23038 0.0349
-0.45146 0.22967 0.0323
-0.45092 0.22892 0.02973
-0.4503 0.22835 0.02714
-0.44984 0.22786 0.02446
-0.44883 0.22724 0.02183
-0.4471 0.2269 0.01968
-0.44546 0.22648 0.01747
-0.44332 0.22602 0.01576
-0.44114 0.22544 0.01423
-0.43885 0.22479 0.01293
-0.43708 0.22375 0.01112
-0.43602 0.223 0.00872
-0.43515 0.22259 0.00618
-0.4346 0.22224 0.00355
-0.43424 0.22191 0.00087
-0.43372 0.22151 -0.00185
-0.4322 0.22079 -0.00407
-0.43092 0.22007 -0.00634
-0.42968 0.2195 -0.00869
-0.42852 0.21894 -0.01108
-0.42743 0.21838 -0.0135
-0.42651 0.218 -0.01603
-0.42551 0.21758 -0.01852
-0.42459 0.21701 -0.021
-0.4237 0.21641 -0.02349
-0.42297 0.21584 -0.02604
-0.42212 0.21528 -0.0286
-0.42056 0.21464 -0.03078
-0.41916 0.21405 -0.03302
-0.41801 0.21345 -0.03539
-0.41701 0.21278 -0.03783
-0.41552 0.21205 -0.04001
-0.41375 0.21155 -0.04204
-0.41228 0.21118 -0.04429
-0.41136 0.21078 -0.04684
-0.41003 0.21027 -0.04921
-0.40837 0.20943 -0.05123
-0.40663 0.20818 -0.0529
-0.40538 0.20672 -0.05486
-0.42713 0.21651 0.10766
-0.42842 0.21698 0.10531
-0.42981 0.2175 0.10303
-0.43108 0.2181 0.1007
-0.43236 0.21884 0.09841
-0.43352 0.2196 0.09607
-0.43472 0.22022 0.0937
-0.43559 0.22084 0.09119
-0.43667 0.2216 0.08882
-0.43778 0.22208 0.08639
-0.43912 0.22226 0.08403
-0.44055 0.22262 0.0817
-0.4415 0.22253 0.07911
-0.44207 0.22254 0.07644
-0.44297 0.22283 0.07389
-0.44423 0.22337 0.07153
-0.44633 0.22396 0.06986
-0.4485 0.22439 0.06803
-0.44949 0.22443 0.0653
-0.44954 0.22474 0.06251
-0.45073 0.22545 0.06017
-0.45273 0.22618 0.05824
-0.45364 0.22715 0.05565
-0.45377 0.22797 0.05298
-0.4539 0.22871 0.05036
-0.45404 0.22907 0.04767
-0.45425 0.22886 0.04492
-0.45395 0.22856 0.04214
-0.45329 0.22824 0.03946
-0.45245 0.22789 0.03691
-0.45183 0.22736 0.03436
-0.45147 0.2266 0.03177
-0.45089 0.2258 0.02917
-0.45006 0.22519 0.02663
-0.4496 0.22451 0.02385
-0.44763 0.22413 0.02162
-0.44568 0.224 0.01968
-0.44365 0.22388 0.01784
-0.44139 0.2236 0.0163
-0.43917 0.22308 0.01481
-0.43736 0.22205 0.01298
-0.43659 0.22075 0.01066
-0.43597 0.22001 0.00813
-0.43532 0.21962 0.00551
-0.43492 0.2193 0.00284
-0.43452 0.21896 0.00016
-0.43373 0.21849 -0.00242
-0.43249 0.21787 -0.00478
-0.43114 0.21715 -0.00702
-0.42994 0.21659 -0.00939
-0.42884 0.21605 -0.01181
-0.42778 0.21551 -0.01426
-0.42671 0.21512 -0.01673
-0.42574 0.21471 -0.01924
-0.4248 0.21415 -0.02172
-0.42389 0.21356 -0.02421
-0.42306 0.21298 -0.02674
-0.42179 0.21238 -0.0291
-0.42032 0.21177 -0.03131
-0.41894 0.21118 -0.03358
-0.41804 0.2106 -0.03609
-0.41681 0.20992 -0.03843
-0.41517 0.20918 -0.04049
-0.41333 0.20869 -0.04247
-0.41178 0.20833 -0.0447
-0.4108 0.20793 -0.04723
-0.40958 0.2074 -0.04965
-0.40767 0.20659 -0.05149
-0.40642 0.2054 -0.05355
-0.40525 0.20396 -0.05558
-0.42911 0.21426 0.10577
-0.42742 0.2137 0.10784
-0.43055 0.21478 0.1035
-0.43181 0.21536 0.10114
-0.433 0.21605 0.09879
-0.43413 0.2168 0.09643
-0.43531 0.21741 0.09406
-0.43662 0.21819 0.0918
-0.43757 0.21889 0.08933
-0.43884 0.21941 0.08697
-0.43995 0.21948 0.08447
-0.44092 0.21968 0.08192
-0.44194 0.21962 0.07939
-0.44282 0.21971 0.07682
-0.44432 0.22021 0.07459
-0.44544 0.22067 0.07217
-0.44697 0.221 0.06997
-0.44877 0.22122 0.06783
-0.44959 0.22132 0.06509
-0.44984 0.22173 0.06237
-0.45014 0.22249 0.05975
-0.45141 0.2234 0.05749
-0.45257 0.22421 0.05508
-0.45281 0.22501 0.05245
-0.45345 0.22561 0.0499
-0.45448 0.22588 0.04733
-0.45482 0.22572 0.0445
-0.4544 0.22549 0.04163
-0.45353 0.2252 0.03899
-0.45283 0.22486 0.03639
-0.45206 0.2243 0.03384
-0.45138 0.22347 0.03131
-0.45033 0.22265 0.02882
-0.44897 0.22213 0.02643
-0.44759 0.22176 0.02404
-0.4456 0.22164 0.02206
-0.44355 0.22171 0.02024
-0.4416 0.22157 0.01836
-0.43944 0.22118 0.01671
-0.43757 0.22031 0.01478
-0.43693 0.21902 0.01237
-0.43647 0.21776 0.00998
-0.43592 0.21704 0.00742
-0.43549 0.21668 0.00475
-0.43507 0.21636 0.00208
-0.43453 0.216 -0.00057
-0.43404 0.2156 -0.00322
-0.43296 0.21503 -0.00566
-0.43138 0.21422 -0.00773
-0.43019 0.2137 -0.01014
-0.42916 0.21319 -0.0126
-0.42814 0.21266 -0.01506
-0.42708 0.21228 -0.01755
-0.42603 0.21186 -0.02003
-0.42506 0.21131 -0.02251
-0.42402 0.2107 -0.02495
-0.42289 0.2101 -0.02737
-0.42152 0.20951 -0.02966
-0.42013 0.20891 -0.03193
-0.41897 0.20834 -0.03432
-0.4178 0.20775 -0.0367
-0.41651 0.20706 -0.039
-0.41497 0.20635 -0.04113
-0.41333 0.20588 -0.04328
-0.41168 0.2055 -0.04543
-0.41026 0.20511 -0.04772
-0.40884 0.20458 -0.04998
-0.4076 0.20382 -0.05229
-0.40644 0.20267 -0.05442
-0.42992 0.21153 0.10607
-0.42812 0.21097 0.10806
-0.43141 0.21205 0.1038
-0.43252 0.21258 0.10134
-0.43351 0.21322 0.09889
-0.43468 0.21396 0.09655
-0.43602 0.2146 0.09429
-0.43748 0.21538 0.0921
-0.4384 0.2161 0.08961
-0.43945 0.21654 0.08712
-0.44052 0.2166 0.0846
-0.44133 0.21678 0.08201
-0.44252 0.21674 0.07955
-0.44349 0.21684 0.07701
-0.44462 0.2172 0.07457
-0.44581 0.21769 0.07217
-0.44698 0.218 0.06972
-0.44787 0.21832 0.06715
-0.44883 0.2184 0.06461
-0.44969 0.21873 0.06204
-0.45007 0.21946 0.05945
-0.45046 0.22054 0.05698
-0.45114 0.22151 0.05452
-0.45166 0.22219 0.05193
-0.45228 0.22277 0.04935
-0.45354 0.22279 0.04689
-0.4542 0.22251 0.04417
-0.45453 0.22222 0.04125
-0.45388 0.22203 0.03848
-0.45323 0.22173 0.03579
-0.45205 0.22115 0.03325
-0.45066 0.22035 0.03094
-0.44915 0.21964 0.02868
-0.44716 0.21953 0.02669
-0.4453 0.21963 0.02468
-0.44342 0.21947 0.02272
-0.44167 0.21927 0.02065
-0.4398 0.21901 0.01866
-0.43826 0.21824 0.01648
-0.43757 0.21722 0.014
-0.43705 0.21604 0.0116
-0.43669 0.21482 0.00918
-0.43627 0.21413 0.00658
-0.43584 0.21378 0.00392
-0.43543 0.21347 0.00124
-0.43526 0.21319 -0.00146
-0.43513 0.21291 -0.00428
-0.43368 0.21224 -0.00663
-0.43202 0.21143 -0.00865
-0.43076 0.21088 -0.01099
-0.42952 0.2103 -0.01333
-0.42851 0.20979 -0.0158
-0.42747 0.20942 -0.0183
-0.42641 0.20901 -0.02078
-0.4253 0.20844 -0.0232
-0.42413 0.20783 -0.02559
-0.42289 0.20723 -0.02794
-0.42158 0.20664 -0.03027
-0.42031 0.20606 -0.03261
-0.41903 0.20548 -0.03494
-0.41771 0.20488 -0.03723
-0.41637 0.20419 -0.0395
-0.41497 0.20349 -0.04174
-0.41351 0.20306 -0.04401
-0.41197 0.20271 -0.04623
-0.4106 0.20235 -0.04856
-0.40929 0.20186 -0.0509
-0.40793 0.20109 -0.05313
-0.4067 0.19992 -0.05521
-0.40537 0.20127 -0.05651
-0.43008 0.20868 0.10625
-0.42839 0.20816 0.10832
-0.43147 0.20917 0.10395
-0.43272 0.20972 0.10159
-0.43386 0.21039 0.09921
-0.43499 0.21112 0.09684
-0.43612 0.21171 0.09445
-0.4373 0.21243 0.09212
-0.43888 0.21322 0.08999
-0.4398 0.21364 0.08743
-0.44079 0.2137 0.08488
-0.44169 0.21389 0.08232
-0.4429 0.21384 0.07988
-0.44384 0.21393 0.07733
-0.44507 0.21429 0.07493
-0.44608 0.21474 0.07244
-0.44703 0.21504 0.06989
-0.44778 0.21534 0.06728
-0.44864 0.21541 0.0647
-0.44996 0.21574 0.06228
-0.45011 0.21644 0.05961
-0.45028 0.2175 0.05711
-0.45045 0.21853 0.05459
-0.45052 0.21933 0.05199
-0.45079 0.22004 0.04935
-0.45172 0.22019 0.04677
-0.45257 0.21973 0.0442
-0.45334 0.21914 0.04149
-0.45311 0.21883 0.03868
-0.45248 0.2185 0.03592
-0.45121 0.21802 0.03339
-0.44933 0.21749 0.03138
-0.44754 0.21703 0.02937
-0.44557 0.21697 0.02744
-0.44369 0.21707 0.02546
-0.44224 0.21663 0.02318
-0.44083 0.21629 0.02089
-0.43932 0.21587 0.01864
-0.43857 0.21512 0.0161
-0.43804 0.2142 0.01359
-0.43763 0.21305 0.01116
-0.43734 0.21186 0.00874
-0.43691 0.21117 0.00615
-0.43638 0.21081 0.0035
-0.436 0.21051 0.00083
-0.43608 0.21025 -0.0019
-0.43572 0.20985 -0.00472
-0.43414 0.20923 -0.00701
-0.43267 0.20852 -0.00918
-0.43133 0.20796 -0.01147
-0.43007 0.2074 -0.0138
-0.42906 0.20689 -0.01627
-0.42788 0.2065 -0.0187
-0.42679 0.20609 -0.02116
-0.42574 0.20555 -0.02361
-0.42456 0.20494 -0.02599
-0.42321 0.20433 -0.02828
-0.42186 0.20373 -0.03057
-0.42048 0.20314 -0.03285
-0.41913 0.20256 -0.03514
-0.41791 0.20198 -0.03749
-0.41662 0.2013 -0.03978
-0.41534 0.20062 -0.04209
-0.41405 0.20024 -0.04446
-0.41274 0.19997 -0.04684
-0.41169 0.19972 -0.04939
-0.41002 0.19912 -0.05148
-0.40853 0.19831 -0.05362
-0.40751 0.19724 -0.05585
-0.43034 0.20587 0.10653
-0.42895 0.20543 0.10882
-0.43168 0.20634 0.10422
-0.43305 0.20691 0.10194
-0.43425 0.20758 0.09958
-0.43543 0.20831 0.09725
-0.43661 0.20891 0.09488
-0.43754 0.20957 0.09241
-0.43861 0.21029 0.09003
-0.43988 0.21074 0.08767
-0.44102 0.21081 0.08519
-0.44202 0.211 0.08267
-0.44306 0.21092 0.08016
-0.4441 0.21101 0.07766
-0.44509 0.21133 0.07515
-0.44617 0.21178 0.07269
-0.44715 0.21207 0.07017
-0.44802 0.21236 0.0676
-0.44877 0.21242 0.06499
-0.45005 0.2127 0.06254
-0.4503 0.2134 0.05985
-0.45017 0.21447 0.05734
-0.45049 0.21548 0.05483
-0.45044 0.21625 0.05221
-0.45028 0.21699 0.0496
-0.45054 0.21735 0.04692
-0.45119 0.21699 0.0443
-0.45174 0.21644 0.04165
-0.45175 0.21598 0.0389
-0.45101 0.21568 0.03623
-0.44993 0.21518 0.03373
-0.44815 0.21466 0.03169
-0.44618 0.2143 0.02984
-0.44451 0.21409 0.02771
-0.44308 0.214 0.0254
-0.44187 0.21357 0.02302
-0.44076 0.21321 0.02057
-0.43985 0.21284 0.01804
-0.43945 0.21223 0.01543
-0.43883 0.2113 0.01294
-0.43852 0.21019 0.01047
-0.43796 0.20893 0.00812
-0.4376 0.20827 0.00552
-0.43713 0.20792 0.00285
-0.43639 0.20754 0.00027
-0.43584 0.20721 -0.00237
-0.43506 0.2068 -0.00498
-0.43389 0.20623 -0.00738
-0.43266 0.20555 -0.0097
-0.43153 0.20503 -0.01211
-0.43052 0.20453 -0.01457
-0.42959 0.20406 -0.01708
-0.42831 0.20366 -0.01947
-0.42706 0.20322 -0.02185
-0.426 0.20267 -0.02427
-0.42504 0.20211 -0.02678
-0.42342 0.20146 -0.02892
-0.422 0.20086 -0.03116
-0.42058 0.20027 -0.03341
-0.41923 0.19969 -0.03569
-0.41802 0.19912 -0.03804
-0.41688 0.19846 -0.04041
-0.41567 0.19779 -0.04275
-0.41438 0.19742 -0.04512
-0.41309 0.19716 -0.04751
-0.41167 0.1968 -0.0498
-0.41026 0.19628 -0.05206
-0.40895 0.19555 -0.05434
-0.40824 0.19462 -0.05677
-0.43063 0.20308 0.10694
-0.43208 0.20357 0.1047
-0.43345 0.20413 0.10243
-0.43467 0.20479 0.10008
-0.43585 0.20552 0.09774
-0.43707 0.20612 0.09539
-0.43802 0.20677 0.09294
-0.439 0.20746 0.09051
-0.44017 0.20789 0.0881
-0.44137 0.20795 0.08566
-0.44248 0.20816 0.08319
-0.44344 0.20805 0.08064
-0.44443 0.20813 0.07812
-0.44529 0.20841 0.07556
-0.44628 0.20883 0.07307
-0.44712 0.2091 0.07049
-0.44783 0.20939 0.06789
-0.44863 0.20943 0.06529
-0.44937 0.20972 0.06269
-0.44993 0.21039 0.06012
-0.45026 0.21144 0.05762
-0.45041 0.21244 0.0551
-0.45079 0.21319 0.05248
-0.45016 0.21393 0.04989
-0.45017 0.2143 0.04723
-0.4505 0.21403 0.04455
-0.45071 0.21358 0.04187
-0.4507 0.21311 0.03916
-0.45026 0.2127 0.03646
-0.44967 0.2121 0.03373
-0.44763 0.21165 0.03174
-0.44551 0.21127 0.03003
-0.44383 0.21103 0.02785
-0.44307 0.21091 0.0252
-0.4424 0.21056 0.02259
-0.44145 0.21025 0.02007
-0.44073 0.20994 0.01748
-0.44009 0.20925 0.01494
-0.43975 0.2084 0.01238
-0.43926 0.20725 0.00995
-0.4389 0.20606 0.00755
-0.43829 0.20534 0.00502
-0.43755 0.20492 0.00243
-0.43647 0.20451 -3e-05
-0.43585 0.20421 -0.00266
-0.43485 0.2038 -0.00517
-0.43402 0.20326 -0.0077
-0.43302 0.20261 -0.01014
-0.43193 0.2021 -0.01256
-0.43094 0.2016 -0.01504
-0.42994 0.2011 -0.01751
-0.42883 0.20076 -0.01998
-0.42747 0.20032 -0.02232
-0.42624 0.19975 -0.02466
-0.42491 0.19913 -0.02695
-0.42349 0.19853 -0.02918
-0.42226 0.19796 -0.03154
-0.42099 0.1974 -0.03387
-0.41968 0.19685 -0.03617
-0.41851 0.19628 -0.03855
-0.4173 0.19561 -0.04088
-0.416 0.19492 -0.04316
-0.41476 0.19456 -0.04555
-0.41335 0.19429 -0.04786
-0.41206 0.19395 -0.05022
-0.41088 0.19352 -0.05263
-0.40978 0.19287 -0.05504
-0.42947 0.2027 0.10936
-0.43086 0.20029 0.1074
-0.4324 0.20079 0.10522
-0.43385 0.20136 0.10298
-0.43512 0.20203 0.10066
-0.43637 0.20276 0.09836
-0.43757 0.20332 0.09598
-0.43864 0.20399 0.09358
-0.43964 0.20469 0.09115
-0.44063 0.20507 0.08865
-0.44177 0.20511 0.08618
-0.44278 0.20529 0.08366
-0.44387 0.2052 0.08118
-0.44496 0.20527 0.07867
-0.44542 0.20549 0.07598
-0.44608 0.20588 0.07337
-0.44676 0.20615 0.07076
-0.44775 0.20642 0.06824
-0.4487 0.20647 0.06569
-0.44932 0.20674 0.06305
-0.45005 0.20741 0.06052
-0.45028 0.20843 0.05799
-0.4504 0.20941 0.05546
-0.45052 0.21015 0.05284
-0.45015 0.21088 0.05024
-0.45002 0.21125 0.04757
-0.45017 0.21101 0.04487
-0.45014 0.2106 0.04217
-0.4498 0.2102 0.03948
-0.44933 0.20978 0.03682
-0.44872 0.20914 0.0342
-0.44756 0.20854 0.03174
-0.44588 0.2082 0.02959
-0.4444 0.20798 0.02736
-0.44363 0.2079 0.02477
-0.44328 0.20764 0.02207
-0.44246 0.20738 0.01947
-0.44144 0.20697 0.01698
-0.44072 0.20626 0.01447
-0.44025 0.20539 0.01194
-0.43981 0.20426 0.0095
-0.43953 0.2031 0.00707
-0.43911 0.20243 0.00447
-0.43802 0.20195 0.00201
-0.4369 0.20153 -0.00044
-0.43607 0.20122 -0.00301
-0.43528 0.20086 -0.00559
-0.43445 0.20034 -0.00813
-0.43355 0.19971 -0.01061
-0.43242 0.19918 -0.01302
-0.43124 0.19864 -0.01541
-0.43024 0.19815 -0.01787
-0.42911 0.1978 -0.02034
-0.42782 0.19739 -0.02271
-0.42665 0.19686 -0.0251
-0.42532 0.19625 -0.0274
-0.42375 0.19562 -0.02953
-0.42249 0.19506 -0.03187
-0.42133 0.19452 -0.03426
-0.42004 0.19397 -0.03658
-0.4189 0.19342 -0.03897
-0.4177 0.19274 -0.04131
-0.41633 0.19205 -0.04356
-0.41492 0.19166 -0.04585
-0.41371 0.19144 -0.04829
-0.41261 0.19115 -0.05075
-0.41152 0.19076 -0.05321
-0.41066 0.19021 -0.05575
-0.43154 0.19754 0.10733
-0.43326 0.19806 0.10525
-0.43459 0.19859 0.10293
-0.43609 0.19931 0.10074
-0.43717 0.19998 0.09829
-0.43807 0.20048 0.09574
-0.4389 0.20111 0.09323
-0.44009 0.20182 0.09091
-0.44173 0.20232 0.08874
-0.44259 0.2023 0.08609
-0.4434 0.20244 0.08349
-0.44443 0.20233 0.08097
-0.44536 0.20237 0.07839
-0.44575 0.20257 0.07569
-0.44625 0.20294 0.07303
-0.44716 0.20321 0.07048
-0.44818 0.20349 0.06797
-0.44919 0.20354 0.06544
-0.45007 0.20385 0.06288
-0.45046 0.20444 0.06026
-0.45063 0.20544 0.05773
-0.45058 0.2064 0.05518
-0.45038 0.20712 0.05256
-0.4502 0.20783 0.04994
-0.4501 0.2082 0.04726
-0.45006 0.20796 0.04454
-0.44987 0.20758 0.04183
-0.44932 0.20721 0.03916
-0.4485 0.20685 0.03658
-0.44753 0.20629 0.0341
-0.44671 0.20557 0.03162
-0.4458 0.20517 0.02908
-0.44489 0.20504 0.02653
-0.44421 0.20498 0.02391
-0.44366 0.20466 0.02126
-0.44306 0.20443 0.01858
-0.44203 0.20405 0.01609
-0.44135 0.20336 0.01359
-0.44079 0.20248 0.01108
-0.44041 0.20138 0.00861
-0.44 0.2002 0.00616
-0.43939 0.19951 0.00359
-0.43838 0.19908 0.00109
-0.43736 0.1987 -0.00141
-0.43661 0.19843 -0.00401
-0.43586 0.1981 -0.00661
-0.43512 0.19762 -0.00922
-0.43399 0.19691 -0.01162
-0.43266 0.19632 -0.01391
-0.43147 0.19578 -0.01628
-0.43038 0.19528 -0.01871
-0.42913 0.19494 -0.02112
-0.42806 0.19458 -0.02361
-0.42696 0.19406 -0.02609
-0.42527 0.1934 -0.02816
-0.42392 0.19284 -0.03045
-0.42263 0.19228 -0.03278
-0.42138 0.19173 -0.03513
-0.42016 0.1912 -0.03748
-0.41897 0.19064 -0.03987
-0.41784 0.18999 -0.04226
-0.4166 0.18934 -0.0446
-0.41522 0.18897 -0.04692
-0.41398 0.18874 -0.04933
-0.41273 0.18843 -0.05174
-0.4119 0.18811 -0.05431
-0.41119 0.18762 -0.05691
-0.43129 0.19452 0.10945
-0.43241 0.19486 0.10698
-0.43382 0.19531 0.10468
-0.43532 0.19585 0.10246
-0.4367 0.19652 0.10018
-0.4379 0.19724 0.09779
-0.43871 0.19772 0.0952
-0.4396 0.19835 0.0927
-0.44077 0.19905 0.09036
-0.44212 0.19947 0.088
-0.44311 0.19949 0.08544
-0.44411 0.19966 0.08291
-0.44524 0.19957 0.08041
-0.44622 0.19963 0.07783
-0.44658 0.1998 0.0751
-0.4471 0.20015 0.07244
-0.448 0.20042 0.06987
-0.44906 0.20069 0.06736
-0.45024 0.20077 0.0649
-0.45128 0.20113 0.06241
-0.45178 0.20175 0.05981
-0.45173 0.20266 0.05724
-0.45113 0.20345 0.05469
-0.45066 0.20412 0.05209
-0.45038 0.20481 0.04947
-0.4502 0.20517 0.04678
-0.45006 0.20493 0.04406
-0.44988 0.20456 0.04133
-0.44919 0.20418 0.03867
-0.44822 0.20384 0.03613
-0.44736 0.20328 0.0336
-0.44697 0.20259 0.03098
-0.4464 0.20224 0.02832
-0.44541 0.20208 0.02579
-0.4448 0.20204 0.02313
-0.44421 0.2017 0.02045
-0.44313 0.20139 0.01793
-0.44223 0.20103 0.01539
-0.44155 0.20036 0.01285
-0.44114 0.19952 0.01028
-0.44073 0.19843 0.00779
-0.44038 0.19728 0.00531
-0.4397 0.1966 0.00276
-0.43881 0.1962 0.0002
-0.43795 0.19588 -0.00237
-0.43722 0.19563 -0.00498
-0.43712 0.1955 -0.00786
-0.43595 0.19485 -0.01038
-0.43455 0.19407 -0.01269
-0.43272 0.19339 -0.01463
-0.43145 0.19285 -0.01695
-0.43056 0.19242 -0.01949
-0.4294 0.19212 -0.02197
-0.42821 0.19172 -0.02443
-0.4268 0.19114 -0.02672
-0.42536 0.19055 -0.02895
-0.42409 0.19001 -0.0313
-0.42267 0.18945 -0.03357
-0.42151 0.18894 -0.03599
-0.42041 0.18845 -0.03844
-0.41925 0.1879 -0.04086
-0.41817 0.18728 -0.0433
-0.41675 0.18658 -0.04555
-0.41528 0.18619 -0.04782
-0.41386 0.18594 -0.05016
-0.41313 0.18576 -0.0528
-0.41251 0.18552 -0.05546
-0.43232 0.19189 0.10929
-0.43335 0.19219 0.10678
-0.43474 0.19262 0.10445
-0.43593 0.19309 0.10203
-0.43731 0.19375 0.09977
-0.43882 0.19452 0.09751
-0.43936 0.19495 0.09477
-0.44004 0.19554 0.0922
-0.44109 0.19622 0.08977
-0.44255 0.19665 0.08748
-0.44381 0.19669 0.08504
-0.44477 0.19685 0.08247
-0.44615 0.1968 0.08007
-0.44715 0.19686 0.0775
-0.44778 0.19712 0.07483
-0.4484 0.19749 0.07218
-0.44927 0.19773 0.0696
-0.45041 0.19803 0.06712
-0.45192 0.19828 0.06484
-0.45334 0.19893 0.06258
-0.45409 0.19975 0.05998
-0.45371 0.20032 0.05721
-0.4526 0.20075 0.05468
-0.45121 0.20113 0.05233
-0.45068 0.20178 0.04972
-0.45054 0.20213 0.04703
-0.45036 0.20187 0.04432
-0.45004 0.20149 0.0416
-0.44938 0.20113 0.03893
-0.44867 0.20081 0.0363
-0.44808 0.20029 0.03368
-0.44758 0.19959 0.03107
-0.44688 0.1992 0.02845
-0.44616 0.19909 0.02582
-0.4455 0.19903 0.02315
-0.44471 0.19866 0.02053
-0.44374 0.19838 0.01798
-0.44279 0.19802 0.01544
-0.4422 0.19737 0.01285
-0.44181 0.19653 0.01026
-0.44139 0.19545 0.00777
-0.44092 0.19428 0.00533
-0.44037 0.19363 0.00274
-0.43975 0.19333 7e-05
-0.43886 0.193 -0.00251
-0.43806 0.19272 -0.00512
-0.43747 0.19238 -0.00783
-0.4361 0.19175 -0.01019
-0.43462 0.19101 -0.01241
-0.43304 0.19041 -0.01458
-0.43197 0.18993 -0.01704
-0.43123 0.18953 -0.01965
-0.43031 0.18928 -0.02229
-0.42862 0.18879 -0.02449
-0.42712 0.18821 -0.02671
-0.42557 0.1876 -0.02888
-0.42419 0.18706 -0.03116
-0.42314 0.18656 -0.03363
-0.42217 0.18609 -0.03615
-0.42109 0.18561 -0.03864
-0.41989 0.18507 -0.04105
-0.41875 0.18443 -0.04347
-0.41746 0.18377 -0.04581
-0.41583 0.18334 -0.04798
-0.41457 0.18313 -0.05039
-0.41371 0.18293 -0.053
-0.41345 0.18281 -0.05574
-0.43312 0.18919 0.10933
-0.43428 0.18951 0.10686
-0.43545 0.18984 0.10439
-0.43635 0.19027 0.10185
-0.4377 0.19091 0.09957
-0.43943 0.19168 0.09744
-0.43996 0.19214 0.09468
-0.44055 0.19271 0.09209
-0.44169 0.1934 0.08971
-0.44307 0.1938 0.08736
-0.44436 0.19384 0.08493
-0.44546 0.19401 0.08241
-0.44665 0.19391 0.07994
-0.44786 0.194 0.07748
-0.44891 0.19439 0.07496
-0.44972 0.19485 0.07238
-0.45077 0.19519 0.06988
-0.45208 0.19559 0.06753
-0.45383 0.19604 0.06548
-0.4556 0.19693 0.06337
-0.45669 0.19768 0.06046
-0.45559 0.1978 0.05757
-0.45394 0.19805 0.05526
-0.45232 0.19837 0.05307
-0.45141 0.19893 0.05057
-0.45091 0.19922 0.04791
-0.45064 0.19895 0.04521
-0.4503 0.19857 0.04251
-0.45014 0.19827 0.03975
-0.44939 0.19792 0.03711
-0.449 0.19745 0.03444
-0.44855 0.19678 0.0318
-0.44778 0.19635 0.02919
-0.44715 0.19627 0.02654
-0.44655 0.19623 0.02385
-0.44569 0.19585 0.02125
-0.44478 0.19558 0.01867
-0.44406 0.1953 0.01604
-0.44342 0.19463 0.01346
-0.44295 0.19377 0.01089
-0.44245 0.19267 0.00842
-0.44184 0.19146 0.00603
-0.44135 0.19083 0.00341
-0.44104 0.19064 0.00066
-0.44036 0.19039 -0.00205
-0.4391 0.18996 -0.00447
-0.43785 0.18953 -0.00688
-0.43677 0.18895 -0.00934
-0.43569 0.18829 -0.01179
-0.43431 0.18775 -0.01412
-0.43321 0.18727 -0.01656
-0.4323 0.18682 -0.01912
-0.43119 0.18652 -0.02164
-0.43009 0.18617 -0.02427
-0.42802 0.1855 -0.02609
-0.42632 0.18488 -0.02813
-0.425 0.18435 -0.03046
-0.42385 0.18383 -0.03288
-0.42302 0.18339 -0.03545
-0.42205 0.18295 -0.03798
-0.42115 0.18252 -0.04054
-0.42011 0.18192 -0.04304
-0.41864 0.18119 -0.04525
-0.41708 0.18079 -0.04744
-0.41579 0.18057 -0.04984
-0.41454 0.18026 -0.05228
-0.41403 0.18008 -0.05503
-0.43488 0.18676 0.10736
-0.43565 0.18702 0.10475
-0.43662 0.18746 0.10225
-0.43781 0.18807 0.09988
-0.43925 0.18876 0.09764
-0.44047 0.18933 0.09523
-0.44131 0.18999 0.0927
-0.44231 0.19063 0.09024
-0.44347 0.19095 0.08777
-0.44465 0.19095 0.08529
-0.44591 0.19115 0.08287
-0.4472 0.19107 0.08045
-0.44839 0.19116 0.07799
-0.44955 0.19156 0.07556
-0.45063 0.19211 0.07309
-0.45188 0.19253 0.07068
-0.45321 0.19293 0.06836
-0.45522 0.19346 0.06651
-0.45724 0.1942 0.06433
-0.4574 0.19448 0.06123
-0.45638 0.19484 0.05849
-0.4551 0.19527 0.05602
-0.45351 0.19563 0.05381
-0.4524 0.19614 0.0514
-0.45171 0.19639 0.04879
-0.45142 0.19614 0.04611
-0.45125 0.1958 0.04339
-0.45084 0.19543 0.04067
-0.45013 0.19508 0.03804
-0.44978 0.19461 0.03537
-0.44992 0.19414 0.03261
-0.44889 0.19361 0.03005
-0.44821 0.1935 0.02742
-0.44764 0.19348 0.02474
-0.44698 0.19319 0.02208
-0.44614 0.19294 0.01947
-0.44546 0.19267 0.01683
-0.4448 0.19199 0.01426
-0.4441 0.19107 0.01176
-0.44365 0.19 0.00927
-0.44331 0.1889 0.00679
-0.44314 0.18844 0.00407
-0.44226 0.18798 0.00149
-0.44146 0.18767 -0.00115
-0.44022 0.18729 -0.00359
-0.43919 0.18695 -0.00611
-0.4377 0.18628 -0.00835
-0.43671 0.18565 -0.01081
-0.43567 0.1852 -0.01331
-0.43453 0.18471 -0.01577
-0.43344 0.18422 -0.01824
-0.43244 0.18396 -0.02082
-0.43091 0.18352 -0.0231
-0.42927 0.18296 -0.02526
-0.42761 0.18238 -0.02736
-0.42625 0.18185 -0.02966
-0.42503 0.18131 -0.03204
-0.42411 0.18084 -0.03456
-0.42323 0.18042 -0.0371
-0.42303 0.18032 -0.03988
-0.42199 0.17974 -0.04249
-0.42031 0.17889 -0.04458
-0.41857 0.17842 -0.04663
-0.41717 0.17817 -0.04896
-0.41579 0.17781 -0.05131
-0.41472 0.17748 -0.05392
-0.41536 0.17759 -0.05666
-0.43405 0.18655 0.11
-0.4352 0.18402 0.10809
-0.43595 0.18429 0.10547
-0.43687 0.18472 0.10295
-0.43787 0.1853 0.10048
-0.4389 0.18594 0.09804
-0.44036 0.18649 0.09582
-0.44204 0.18728 0.09374
-0.44315 0.18796 0.09127
-0.44385 0.18817 0.08859
-0.44469 0.18811 0.08598
-0.44624 0.18836 0.08375
-0.44765 0.18829 0.0814
-0.4489 0.1884 0.07898
-0.45037 0.1889 0.07672
-0.45155 0.18946 0.07429
-0.45272 0.1898 0.07183
-0.45381 0.19009 0.06939
-0.45534 0.1904 0.06718
-0.45721 0.19095 0.06496
-0.45729 0.19139 0.06193
-0.45683 0.19184 0.05912
-0.45547 0.19226 0.05666
-0.45398 0.19264 0.05438
-0.45303 0.19317 0.05188
-0.45258 0.19346 0.04921
-0.45217 0.19317 0.04656
-0.45211 0.19283 0.04384
-0.45171 0.1925 0.04112
-0.45129 0.19226 0.03843
-0.45093 0.19178 0.03578
-0.45079 0.1912 0.0331
-0.45014 0.19083 0.03044
-0.44923 0.19062 0.02787
-0.44863 0.19058 0.02521
-0.44875 0.19061 0.02234
-0.44753 0.1902 0.01983
-0.4466 0.18983 0.01729
-0.44602 0.18921 0.0147
-0.44557 0.18841 0.01212
-0.44551 0.18758 0.00949
-0.44514 0.18643 0.00702
-0.44455 0.18575 0.00442
-0.44329 0.18516 0.00203
-0.44229 0.18483 -0.0005
-0.44107 0.18447 -0.00293
-0.43994 0.1841 -0.00539
-0.4388 0.18355 -0.00781
-0.43787 0.18296 -0.01031
-0.43697 0.18256 -0.01286
-0.43594 0.18214 -0.01538
-0.43473 0.18161 -0.01779
-0.43342 0.18127 -0.02019
-0.43196 0.18087 -0.02248
-0.43049 0.18034 -0.02473
-0.42905 0.17984 -0.02699
-0.42761 0.17928 -0.02924
-0.42641 0.17876 -0.03163
-0.4253 0.17824 -0.03406
-0.42422 0.17773 -0.03652
-0.42465 0.17787 -0.0394
-0.42439 0.17762 -0.04249
-0.42225 0.1766 -0.04457
-0.4199 0.1759 -0.04604
-0.41833 0.17561 -0.04825
-0.41721 0.17533 -0.05073
-0.41587 0.17492 -0.05312
-0.41601 0.17486 -0.05591
-0.43626 0.18156 0.10625
-0.43525 0.18125 0.10877
-0.4372 0.18199 0.10373
-0.43821 0.18258 0.10126
-0.43913 0.18318 0.09876
-0.44025 0.18365 0.09634
-0.44169 0.18436 0.09413
-0.44289 0.18502 0.09175
-0.44395 0.18532 0.08923
-0.44485 0.18528 0.08664
-0.44618 0.18547 0.08427
-0.44758 0.18538 0.08193
-0.44892 0.18547 0.07955
-0.45024 0.1859 0.0772
-0.45128 0.18644 0.07471
-0.45237 0.18676 0.07222
-0.45348 0.18706 0.06976
-0.45477 0.18738 0.06738
-0.45622 0.18788 0.06503
-0.45709 0.18829 0.06233
-0.45725 0.18879 0.0594
-0.45588 0.18925 0.05683
-0.45434 0.1896 0.05457
-0.45345 0.19012 0.05204
-0.45284 0.19037 0.04939
-0.45241 0.19007 0.04672
-0.45214 0.18971 0.04402
-0.45201 0.1894 0.0413
-0.45208 0.18926 0.03857
-0.45205 0.18892 0.03585
-0.45196 0.18839 0.03317
-0.45156 0.18812 0.03047
-0.45066 0.1879 0.02789
-0.44995 0.18778 0.02526
-0.44958 0.18759 0.02254
-0.44867 0.18734 0.01995
-0.44797 0.18709 0.01733
-0.4474 0.18648 0.01473
-0.44722 0.1858 0.01209
-0.44711 0.18491 0.00945
-0.44661 0.18373 0.00702
-0.44583 0.18298 0.00449
-0.44463 0.18243 0.00208
-0.44347 0.18206 -0.00036
-0.44228 0.18173 -0.00281
-0.44105 0.18134 -0.00521
-0.44004 0.18083 -0.00769
-0.43926 0.18031 -0.01026
-0.43837 0.17993 -0.01281
-0.4374 0.17957 -0.01535
-0.43637 0.17919 -0.0179
-0.4348 0.17869 -0.02011
-0.43341 0.17833 -0.02246
-0.43167 0.17767 -0.02448
-0.43022 0.17715 -0.02671
-0.42886 0.17664 -0.02902
-0.42761 0.1761 -0.03139
-0.42662 0.17564 -0.03388
-0.42572 0.17521 -0.03638
-0.42585 0.17513 -0.03922
-0.4254 0.17465 -0.04217
-0.42325 0.17378 -0.04421
-0.42103 0.17322 -0.04585
-0.41932 0.17289 -0.04794
-0.41789 0.17254 -0.05024
-0.41708 0.17227 -0.05284
-0.41603 0.17202 -0.05534
-0.43632 0.17875 0.10676
-0.43538 0.17846 0.1093
-0.43757 0.17922 0.10438
-0.43872 0.17984 0.10197
-0.43977 0.18046 0.09948
-0.44049 0.18085 0.09688
-0.44168 0.18152 0.09454
-0.44292 0.18217 0.0922
-0.4442 0.18248 0.08979
-0.44525 0.18245 0.08725
-0.4465 0.18263 0.08483
-0.44775 0.1825 0.08239
-0.44891 0.18256 0.07993
-0.4502 0.18298 0.07755
-0.45114 0.18351 0.07502
-0.45194 0.18382 0.07241
-0.45285 0.18412 0.06985
-0.45384 0.18451 0.06733
-0.45503 0.18508 0.06493
-0.45612 0.18535 0.06242
-0.4571 0.1857 0.05974
-0.4565 0.18628 0.05687
-0.45485 0.18657 0.05457
-0.45398 0.18709 0.05202
-0.45343 0.18735 0.04936
-0.45314 0.18708 0.04665
-0.45289 0.18671 0.04395
-0.45276 0.18639 0.04123
-0.45302 0.18632 0.0385
-0.4532 0.18605 0.03579
-0.45394 0.18597 0.03307
-0.4535 0.18569 0.03027
-0.45246 0.18536 0.02771
-0.4513 0.18499 0.02526
-0.45084 0.18478 0.02258
-0.45025 0.18468 0.01991
-0.44959 0.18447 0.01725
-0.4489 0.18378 0.01468
-0.44853 0.18301 0.01207
-0.44815 0.182 0.00954
-0.44789 0.18097 0.00703
-0.44724 0.1803 0.00445
-0.44617 0.17983 0.00196
-0.44486 0.17938 -0.0004
-0.44381 0.17915 -0.0029
-0.44279 0.1789 -0.00544
-0.44163 0.1783 -0.00785
-0.44078 0.17773 -0.01037
-0.44008 0.17749 -0.01298
-0.43944 0.17741 -0.0157
-0.43827 0.1769 -0.01824
-0.43641 0.17619 -0.02018
-0.43482 0.17574 -0.02234
-0.43318 0.17516 -0.02444
-0.43168 0.17463 -0.02665
-0.43023 0.17406 -0.02889
-0.42905 0.17356 -0.0313
-0.42799 0.17307 -0.03376
-0.42711 0.17265 -0.0363
-0.4262 0.17216 -0.03884
-0.42561 0.17166 -0.04159
-0.42369 0.1709 -0.04358
-0.42228 0.17057 -0.04591
-0.42046 0.17022 -0.04795
-0.41884 0.16981 -0.0501
-0.41761 0.16945 -0.05249
-0.41657 0.16922 -0.05499
-0.43684 0.176 0.10717
-0.43564 0.17567 0.1096
-0.43788 0.17641 0.10467
-0.43906 0.17701 0.10226
-0.44007 0.17762 0.09977
-0.44095 0.17804 0.09722
-0.44204 0.17871 0.09481
-0.44315 0.17932 0.09241
-0.44459 0.17964 0.09009
-0.44574 0.17961 0.08759
-0.44707 0.17981 0.0852
-0.44844 0.17972 0.08282
-0.4496 0.17974 0.08032
-0.45058 0.18009 0.07779
-0.45162 0.18063 0.07532
-0.45281 0.18101 0.07283
-0.45328 0.18119 0.07009
-0.45375 0.18154 0.06741
-0.45427 0.18217 0.06479
-0.45534 0.18245 0.06228
-0.45635 0.18271 0.05973
-0.45724 0.18332 0.05706
-0.45645 0.18388 0.05431
-0.45512 0.18424 0.05191
-0.45463 0.18452 0.04924
-0.45443 0.18428 0.04653
-0.45433 0.18399 0.0438
-0.45415 0.18363 0.04109
-0.45422 0.18349 0.03835
-0.45462 0.18331 0.03564
-0.45505 0.183 0.03292
-0.45482 0.18282 0.0301
-0.45353 0.18242 0.02763
-0.45254 0.18215 0.0251
-0.45209 0.18195 0.0224
-0.4515 0.18184 0.01973
-0.45083 0.18163 0.01707
-0.45036 0.18107 0.01443
-0.44996 0.18031 0.01182
-0.44975 0.17944 0.00922
-0.44987 0.17872 0.00653
-0.44908 0.17792 0.00395
-0.44767 0.1772 0.0017
-0.44661 0.17694 -0.00079
-0.44554 0.17668 -0.00329
-0.44452 0.17644 -0.00584
-0.44335 0.17585 -0.00826
-0.4426 0.17536 -0.0108
-0.44207 0.17524 -0.01345
-0.44162 0.17522 -0.01636
-0.43985 0.17431 -0.01858
-0.43783 0.17357 -0.02033
-0.43619 0.1731 -0.02244
-0.43476 0.17266 -0.02472
-0.43328 0.17218 -0.02697
-0.43173 0.17156 -0.02914
-0.43044 0.171 -0.03148
-0.42947 0.1706 -0.034
-0.42845 0.17012 -0.03652
-0.42715 0.16944 -0.03887
-0.42544 0.16869 -0.0409
-0.42409 0.16802 -0.0432
-0.42297 0.16772 -0.04569
-0.42151 0.1675 -0.04801
-0.41983 0.16709 -0.05015
-0.41837 0.16668 -0.05241
-0.4173 0.16646 -0.05491
-0.43743 0.17332 0.10779
-0.43614 0.17297 0.11018
-0.43877 0.17382 0.10543
-0.43972 0.17431 0.10288
-0.44068 0.17491 0.10037
-0.44177 0.17538 0.0979
-0.44275 0.176 0.09542
-0.44374 0.17657 0.09294
-0.44503 0.17685 0.09055
-0.44643 0.17689 0.08819
-0.44782 0.17711 0.08583
-0.44921 0.17702 0.08343
-0.45017 0.17694 0.08082
-0.45103 0.17723 0.07824
-0.45217 0.17779 0.07583
-0.45335 0.17816 0.07335
-0.45414 0.17844 0.07069
-0.45453 0.17876 0.06798
-0.45479 0.17926 0.0653
-0.45566 0.17953 0.06272
-0.45663 0.17977 0.06017
-0.45723 0.18026 0.05751
-0.4574 0.18098 0.05478
-0.45654 0.18153 0.05218
-0.45596 0.18177 0.04952
-0.4558 0.18154 0.04681
-0.45607 0.18144 0.04408
-0.45614 0.18124 0.04132
-0.45587 0.18089 0.03859
-0.45577 0.18045 0.03589
-0.45592 0.18004 0.03318
-0.45563 0.17983 0.03045
-0.45482 0.17961 0.02785
-0.45411 0.17949 0.0252
-0.45351 0.17922 0.02253
-0.45283 0.17907 0.01988
-0.45228 0.17891 0.01719
-0.45194 0.17844 0.01451
-0.45174 0.17782 0.01184
-0.45189 0.1772 0.00914
-0.45197 0.17636 0.00641
-0.45081 0.17536 0.00397
-0.44946 0.17475 0.00167
-0.44845 0.17452 -0.00083
-0.44739 0.17428 -0.00336
-0.44604 0.1738 -0.00574
-0.44508 0.17335 -0.00826
-0.44418 0.17277 -0.01077
-0.44344 0.17247 -0.01337
-0.44287 0.17225 -0.01618
-0.44112 0.17152 -0.01838
-0.4393 0.17098 -0.02039
-0.43762 0.17051 -0.02251
-0.43605 0.16999 -0.02467
-0.43472 0.16959 -0.02702
-0.43333 0.16911 -0.02934
-0.4322 0.1687 -0.03179
-0.43141 0.16851 -0.03442
-0.43036 0.16801 -0.037
-0.42869 0.16701 -0.03906
-0.42667 0.16605 -0.04069
-0.42522 0.16534 -0.04291
-0.4239 0.16501 -0.04527
-0.42258 0.16483 -0.04768
-0.42117 0.16454 -0.05002
-0.41983 0.1642 -0.05238
-0.41873 0.164 -0.05486
-0.43875 0.17083 0.10806
-0.43994 0.17122 0.10558
-0.44075 0.17164 0.10299
-0.4419 0.17231 0.10057
-0.44287 0.17273 0.098
-0.44368 0.17329 0.09545
-0.44473 0.17389 0.09301
-0.44622 0.17425 0.09073
-0.44772 0.17433 0.08843
-0.44914 0.17456 0.08608
-0.45076 0.17458 0.08375
-0.45143 0.17432 0.08101
-0.45221 0.17457 0.07841
-0.4532 0.17505 0.0759
-0.45451 0.17546 0.0735
-0.45557 0.17587 0.07094
-0.45602 0.17621 0.06821
-0.45637 0.17674 0.06554
-0.45692 0.17684 0.06285
-0.45771 0.177 0.06024
-0.45824 0.17742 0.05753
-0.45813 0.17801 0.05481
-0.45781 0.17873 0.05214
-0.45734 0.17902 0.04944
-0.45731 0.17886 0.04672
-0.45753 0.17873 0.04397
-0.45755 0.17848 0.04123
-0.4578 0.17844 0.03844
-0.45714 0.17768 0.0358
-0.45717 0.17722 0.0331
-0.45737 0.17729 0.03034
-0.45702 0.17742 0.02758
-0.45609 0.17713 0.02498
-0.45515 0.1766 0.02245
-0.45455 0.17651 0.01978
-0.45398 0.17635 0.01711
-0.45394 0.17612 0.01434
-0.45366 0.17541 0.01165
-0.45346 0.1745 0.00903
-0.453 0.17336 0.00653
-0.45227 0.17265 0.00395
-0.45113 0.1722 0.0015
-0.45003 0.17193 -0.001
-0.44892 0.17166 -0.00353
-0.44757 0.1712 -0.0059
-0.44647 0.17067 -0.00836
-0.44541 0.17001 -0.01081
-0.44424 0.16955 -0.01324
-0.44316 0.16922 -0.01576
-0.44206 0.16869 -0.01824
-0.44078 0.1684 -0.02069
-0.43917 0.16802 -0.02295
-0.43732 0.16733 -0.02488
-0.43615 0.16704 -0.02732
-0.43495 0.16669 -0.02977
-0.4341 0.16651 -0.03235
-0.43382 0.16675 -0.03527
-0.43255 0.16601 -0.03801
-0.43028 0.16457 -0.03939
-0.42817 0.16354 -0.04083
-0.42678 0.1629 -0.0431
-0.42533 0.1625 -0.04538
-0.42388 0.16226 -0.0477
-0.42261 0.16204 -0.05013
-0.42127 0.16171 -0.05251
-0.42013 0.1615 -0.05499
-0.43897 0.16809 0.11031
-0.44023 0.16838 0.10782
-0.44097 0.16857 0.10514
-0.44179 0.169 0.10256
-0.44292 0.16964 0.10014
-0.44402 0.17013 0.09765
-0.44497 0.17076 0.09516
-0.44634 0.17153 0.0929
-0.44793 0.17195 0.09065
-0.44932 0.17191 0.08828
-0.45106 0.17231 0.0861
-0.45218 0.172 0.08346
-0.45296 0.17183 0.08082
-0.45394 0.17221 0.07828
-0.45482 0.17259 0.0757
-0.45614 0.17302 0.0733
-0.45707 0.17333 0.0707
-0.4577 0.17376 0.06803
-0.45814 0.17434 0.06537
-0.45877 0.17447 0.06267
-0.45925 0.17444 0.05994
-0.45948 0.17473 0.05722
-0.45936 0.17528 0.05451
-0.45899 0.17593 0.05185
-0.45886 0.17638 0.04913
-0.45896 0.17629 0.04638
-0.4591 0.17612 0.04363
-0.45924 0.17593 0.04086
-0.45893 0.17554 0.03813
-0.45871 0.17504 0.03543
-0.45888 0.17468 0.0327
-0.45937 0.17495 0.02996
-0.45937 0.17528 0.02708
-0.45831 0.17492 0.02439
-0.45704 0.17417 0.02203
-0.4561 0.17385 0.01949
-0.45591 0.17394 0.01676
-0.45605 0.17377 0.01392
-0.4554 0.17283 0.01128
-0.45473 0.1717 0.00883
-0.45439 0.17066 0.00629
-0.45361 0.16992 0.00375
-0.45277 0.16962 0.00116
-0.45189 0.1695 -0.0015
-0.45035 0.16898 -0.00382
-0.44903 0.16857 -0.00619
-0.44796 0.16807 -0.0087
-0.44678 0.16735 -0.0111
-0.44531 0.16678 -0.01335
-0.44417 0.16645 -0.01582
-0.44335 0.16605 -0.01843
-0.44206 0.16574 -0.02089
-0.44045 0.16534 -0.02312
-0.43893 0.1649 -0.02536
-0.4376 0.16451 -0.02772
-0.43648 0.16421 -0.03019
-0.43571 0.16404 -0.03283
-0.43515 0.16386 -0.03567
-0.43358 0.163 -0.03805
-0.43152 0.16191 -0.03968
-0.42954 0.16101 -0.04134
-0.42815 0.16039 -0.04363
-0.42671 0.16001 -0.04593
-0.42525 0.15977 -0.04825
-0.42408 0.15962 -0.05075
-0.42262 0.15921 -0.05307
-0.42145 0.15898 -0.05554
-0.44043 0.16563 0.11019
-0.44137 0.16578 0.10757
-0.44212 0.16598 0.10491
-0.44294 0.1664 0.10231
-0.444 0.16701 0.09985
-0.44547 0.16769 0.09762
-0.44673 0.16851 0.09532
-0.44822 0.16937 0.09312
-0.44954 0.16955 0.09064
-0.45102 0.16957 0.08831
-0.45233 0.16967 0.08584
-0.45342 0.16937 0.08329
-0.45468 0.16947 0.08087
-0.4559 0.17001 0.07843
-0.45665 0.17027 0.07576
-0.45785 0.17062 0.0733
-0.45907 0.17112 0.07082
-0.45964 0.17148 0.0681
-0.46003 0.17199 0.06539
-0.46058 0.17204 0.06266
-0.46096 0.17194 0.05993
-0.46121 0.17225 0.0572
-0.46097 0.17272 0.05446
-0.46064 0.17337 0.05181
-0.46043 0.17375 0.04909
-0.46077 0.17379 0.04633
-0.46083 0.17355 0.04356
-0.46078 0.17325 0.04081
-0.46067 0.173 0.03806
-0.46064 0.17263 0.03533
-0.46102 0.17241 0.0326
-0.46093 0.17224 0.02982
-0.46046 0.17226 0.02707
-0.4596 0.17203 0.02442
-0.45878 0.17161 0.02182
-0.45794 0.17138 0.01922
-0.45749 0.17127 0.01652
-0.45709 0.17077 0.01381
-0.45656 0.16995 0.0112
-0.45615 0.169 0.00863
-0.45586 0.16801 0.00604
-0.45506 0.16724 0.0035
-0.45402 0.16681 0.001
-0.45294 0.16657 -0.00154
-0.45163 0.16622 -0.00398
-0.45049 0.16593 -0.00647
-0.44947 0.16547 -0.00902
-0.4481 0.16467 -0.01132
-0.44674 0.16418 -0.01364
-0.44561 0.16386 -0.01612
-0.44473 0.16342 -0.01871
-0.44362 0.16321 -0.02127
-0.44229 0.16303 -0.02374
-0.44043 0.16238 -0.02574
-0.43916 0.16205 -0.02814
-0.43803 0.16175 -0.03064
-0.43697 0.16139 -0.03318
-0.4357 0.16089 -0.03564
-0.43396 0.16003 -0.03766
-0.43243 0.15912 -0.03978
-0.43092 0.15854 -0.04201
-0.4296 0.15797 -0.04436
-0.42803 0.15749 -0.04657
-0.42651 0.15721 -0.04885
-0.42516 0.15695 -0.05125
-0.42385 0.15664 -0.05365
-0.42254 0.15635 -0.05605
-0.44123 0.16288 0.11019
-0.44245 0.16316 0.10772
-0.44356 0.16354 0.10521
-0.44447 0.16401 0.10263
-0.44532 0.16448 0.10005
-0.44679 0.16515 0.09785
-0.44843 0.16625 0.09585
-0.44979 0.16698 0.09349
-0.45118 0.16719 0.09106
-0.45256 0.1671 0.08864
-0.45381 0.16718 0.08616
-0.45512 0.16703 0.08373
-0.45641 0.16713 0.08128
-0.45742 0.16748 0.07873
-0.45835 0.16787 0.07616
-0.45967 0.16829 0.07374
-0.46063 0.16856 0.07111
-0.46127 0.16895 0.06845
-0.46201 0.16971 0.0658
-0.46221 0.16949 0.06296
-0.46255 0.16936 0.06024
-0.46269 0.16959 0.0575
-0.46267 0.1702 0.05479
-0.46236 0.17087 0.05213
-0.46219 0.17125 0.04938
-0.46229 0.17112 0.04661
-0.46229 0.17084 0.04385
-0.46232 0.1706 0.04111
-0.46235 0.17043 0.03834
-0.46258 0.17022 0.03558
-0.46264 0.16977 0.03283
-0.46225 0.16946 0.0301
-0.46189 0.16954 0.02734
-0.4613 0.16945 0.0246
-0.46046 0.169 0.02199
-0.45975 0.16886 0.01933
-0.4591 0.16867 0.01664
-0.45847 0.16807 0.01401
-0.45811 0.16733 0.01137
-0.45793 0.16654 0.0087
-0.45757 0.16549 0.0061
-0.45651 0.16458 0.00369
-0.4554 0.16414 0.00121
-0.45424 0.16387 -0.00128
-0.45318 0.16365 -0.00384
-0.45202 0.16333 -0.00634
-0.45091 0.16282 -0.00884
-0.44976 0.16217 -0.01128
-0.4485 0.16176 -0.01368
-0.44743 0.16149 -0.01622
-0.44633 0.16092 -0.01872
-0.44505 0.16059 -0.02117
-0.44355 0.16029 -0.02346
-0.44217 0.15999 -0.02584
-0.44096 0.15973 -0.02832
-0.43977 0.15939 -0.03083
-0.43839 0.15885 -0.0332
-0.43674 0.15822 -0.03534
-0.43551 0.15759 -0.03772
-0.43432 0.15694 -0.04013
-0.43281 0.15636 -0.0424
-0.43122 0.15555 -0.04452
-0.42964 0.15508 -0.0467
-0.42806 0.15477 -0.04895
-0.42648 0.15438 -0.05119
-0.42511 0.15405 -0.05357
-0.42385 0.1538 -0.056
-0.44362 0.16062 0.10822
-0.44481 0.161 0.10574
-0.44579 0.1615 0.10318
-0.44671 0.16204 0.10064
-0.44814 0.16266 0.09842
-0.44994 0.16385 0.09661
-0.45149 0.16471 0.0943
-0.45269 0.16473 0.09169
-0.4538 0.16447 0.08915
-0.45509 0.16459 0.08672
-0.45651 0.16447 0.08434
-0.45794 0.16463 0.08195
-0.45897 0.165 0.07939
-0.45994 0.16543 0.07683
-0.46114 0.16573 0.07432
-0.46202 0.16594 0.07167
-0.46266 0.16632 0.069
-0.46329 0.16695 0.06633
-0.46372 0.16692 0.06355
-0.46408 0.1668 0.0608
-0.46425 0.16703 0.05806
-0.46424 0.16764 0.05536
-0.46415 0.16845 0.05272
-0.46427 0.16905 0.04996
-0.46392 0.16857 0.04719
-0.4639 0.1683 0.04443
-0.46398 0.16808 0.04168
-0.46417 0.168 0.0389
-0.46425 0.16769 0.03614
-0.46426 0.16721 0.03339
-0.46395 0.16695 0.03064
-0.46342 0.16693 0.02792
-0.46278 0.1668 0.0252
-0.46205 0.16641 0.02254
-0.46134 0.16626 0.01987
-0.46083 0.16618 0.01714
-0.46039 0.16571 0.01443
-0.46013 0.16505 0.01175
-0.45989 0.1642 0.00908
-0.45932 0.16303 0.00656
-0.4582 0.1621 0.00419
-0.4571 0.16169 0.00169
-0.45599 0.16145 -0.00083
-0.45489 0.16121 -0.00337
-0.45371 0.16089 -0.00588
-0.45251 0.16033 -0.00833
-0.45143 0.15972 -0.01081
-0.45026 0.15936 -0.01328
-0.44908 0.15901 -0.01577
-0.44805 0.15851 -0.01833
-0.44658 0.15811 -0.02066
-0.4452 0.15789 -0.02302
-0.44398 0.15767 -0.02548
-0.44298 0.15755 -0.02811
-0.4416 0.15709 -0.03054
-0.44003 0.15648 -0.03277
-0.43858 0.156 -0.03506
-0.43743 0.15543 -0.03748
-0.43641 0.15488 -0.04002
-0.43507 0.15442 -0.04251
-0.43314 0.15337 -0.0443
-0.43155 0.15291 -0.04647
-0.42982 0.15249 -0.04859
-0.42816 0.15206 -0.05077
-0.42681 0.15174 -0.05317
-0.4256 0.15155 -0.05563
-0.44582 0.15836 0.1062
-0.44478 0.15808 0.10876
-0.44686 0.15887 0.10368
-0.4479 0.15946 0.10119
-0.44938 0.16009 0.09899
-0.45118 0.16117 0.09714
-0.45268 0.16196 0.09479
-0.4538 0.16203 0.09217
-0.45491 0.16183 0.08964
-0.45624 0.16194 0.0872
-0.45762 0.16177 0.08478
-0.45888 0.16181 0.0823
-0.45996 0.1622 0.07979
-0.46128 0.16283 0.07741
-0.46243 0.16309 0.07485
-0.46324 0.16325 0.07218
-0.46398 0.16368 0.06953
-0.46453 0.16425 0.06685
-0.46521 0.16433 0.06415
-0.46581 0.16436 0.06142
-0.46601 0.16461 0.05866
-0.46602 0.16522 0.05596
-0.46595 0.16602 0.05331
-0.46605 0.16656 0.05054
-0.46582 0.1662 0.04775
-0.46586 0.16599 0.04499
-0.46614 0.16594 0.04222
-0.4662 0.16573 0.03942
-0.46603 0.16522 0.03668
-0.46598 0.16471 0.03394
-0.46565 0.16444 0.0312
-0.46512 0.16443 0.02847
-0.46454 0.16434 0.02574
-0.46393 0.16402 0.02305
-0.4633 0.16395 0.02035
-0.46275 0.16384 0.01762
-0.46235 0.1634 0.01489
-0.46203 0.16268 0.01222
-0.4618 0.16185 0.00954
-0.46122 0.16069 0.00704
-0.46009 0.15975 0.00465
-0.45896 0.15932 0.00216
-0.45784 0.1591 -0.00038
-0.45669 0.15883 -0.0029
-0.45551 0.15852 -0.0054
-0.45426 0.15794 -0.00783
-0.45315 0.15732 -0.0103
-0.45201 0.15697 -0.0128
-0.45079 0.15661 -0.01527
-0.44979 0.15615 -0.01783
-0.44851 0.15591 -0.02031
-0.44708 0.15566 -0.02265
-0.44579 0.15537 -0.02508
-0.4446 0.15511 -0.0276
-0.44319 0.15467 -0.02999
-0.44191 0.15428 -0.03241
-0.44057 0.1539 -0.03481
-0.43931 0.15322 -0.03719
-0.43827 0.15264 -0.03972
-0.43667 0.15197 -0.04192
-0.43509 0.1512 -0.04408
-0.43344 0.1507 -0.04622
-0.43161 0.15023 -0.04826
-0.42991 0.14977 -0.05041
-0.42861 0.1495 -0.05285
-0.42749 0.14941 -0.05538
-0.447 0.15579 0.10651
-0.44605 0.15555 0.10913
-0.44794 0.15623 0.10395
-0.44894 0.15678 0.10142
-0.4503 0.15733 0.09907
-0.45183 0.15826 0.09695
-0.45335 0.15907 0.09475
-0.45484 0.15935 0.0924
-0.45637 0.15936 0.09005
-0.4576 0.15938 0.08753
-0.45881 0.15911 0.08503
-0.46006 0.15915 0.08254
-0.46125 0.15958 0.08009
-0.46279 0.1603 0.07783
-0.46382 0.16048 0.07519
-0.46478 0.16073 0.07257
-0.46552 0.16116 0.06991
-0.46604 0.1617 0.06721
-0.46686 0.16185 0.06455
-0.46742 0.16181 0.06181
-0.46773 0.16212 0.05906
-0.46785 0.1628 0.05636
-0.4678 0.1636 0.05367
-0.46741 0.16379 0.05089
-0.46757 0.16369 0.04811
-0.46788 0.16369 0.04534
-0.4681 0.16358 0.04255
-0.46781 0.16309 0.03979
-0.46777 0.1627 0.03704
-0.46779 0.16224 0.03429
-0.46762 0.16209 0.03152
-0.46733 0.1623 0.02874
-0.4666 0.1621 0.02602
-0.4659 0.16169 0.02336
-0.46532 0.16165 0.02065
-0.46494 0.1617 0.01788
-0.46452 0.16125 0.01511
-0.46411 0.16045 0.01245
-0.46364 0.15944 0.00988
-0.46321 0.15842 0.00734
-0.46255 0.15793 0.00467
-0.46131 0.15739 0.00219
-0.45976 0.15677 -6e-05
-0.45851 0.15645 -0.00252
-0.45734 0.15616 -0.00504
-0.45615 0.15564 -0.00751
-0.45505 0.15504 -0.01
-0.45385 0.15467 -0.01247
-0.45261 0.1543 -0.01493
-0.45162 0.15387 -0.0175
-0.45037 0.15364 -0.01999
-0.44892 0.15337 -0.02236
-0.44764 0.1531 -0.02481
-0.44631 0.15275 -0.02723
-0.44498 0.15237 -0.02966
-0.44378 0.15203 -0.03214
-0.44257 0.15174 -0.03464
-0.44133 0.1511 -0.03704
-0.44047 0.15069 -0.03974
-0.4385 0.14971 -0.04163
-0.43698 0.14898 -0.04386
-0.43531 0.14847 -0.046
-0.43339 0.14795 -0.04796
-0.43183 0.1476 -0.05025
-0.43081 0.14759 -0.05286
-0.42945 0.14729 -0.05528
-0.44744 0.15305 0.10882
-0.44823 0.15322 0.10614
-0.44925 0.1537 0.10361
-0.45034 0.15428 0.10112
-0.4515 0.15475 0.09863
-0.45288 0.15563 0.09638
-0.45465 0.15653 0.09441
-0.45692 0.15727 0.0927
-0.4582 0.15707 0.09006
-0.45916 0.1569 0.08742
-0.46035 0.15662 0.08493
-0.46165 0.15668 0.08246
-0.46297 0.1572 0.08005
-0.46412 0.15765 0.07753
-0.46528 0.1579 0.075
-0.46644 0.15827 0.07247
-0.46728 0.15875 0.06984
-0.46784 0.15929 0.06715
-0.46866 0.15942 0.06447
-0.46926 0.15939 0.06174
-0.4696 0.15971 0.05899
-0.46971 0.16037 0.05627
-0.46949 0.16105 0.05356
-0.46944 0.16149 0.05081
-0.46994 0.16174 0.04807
-0.47029 0.16181 0.04526
-0.47003 0.16116 0.04252
-0.47009 0.16098 0.03971
-0.46982 0.16039 0.03698
-0.46967 0.15979 0.03427
-0.46957 0.15969 0.03149
-0.46949 0.16007 0.02868
-0.46886 0.15996 0.02589
-0.46813 0.15955 0.02324
-0.46743 0.15939 0.02056
-0.46699 0.15936 0.01779
-0.46662 0.15895 0.015
-0.46597 0.15799 0.01242
-0.46552 0.15704 0.00985
-0.46536 0.15626 0.00719
-0.46489 0.15592 0.00439
-0.46358 0.15532 0.00189
-0.46189 0.1546 -0.00024
-0.46051 0.15417 -0.0026
-0.45929 0.15387 -0.0051
-0.45828 0.15351 -0.00768
-0.45709 0.15286 -0.01013
-0.45578 0.1524 -0.01254
-0.45483 0.15236 -0.01516
-0.45391 0.15205 -0.01779
-0.45265 0.15184 -0.02031
-0.45105 0.15136 -0.02259
-0.44938 0.15072 -0.02473
-0.448 0.15034 -0.0271
-0.44672 0.14999 -0.02955
-0.44552 0.14964 -0.03204
-0.4443 0.14934 -0.03453
-0.44317 0.14879 -0.03703
-0.44199 0.14812 -0.03951
-0.44026 0.14738 -0.04161
-0.43863 0.14657 -0.04373
-0.43694 0.14605 -0.04587
-0.43532 0.14577 -0.04812
-0.43371 0.14539 -0.05036
-0.43258 0.14524 -0.05292
-0.43116 0.1449 -0.05534
-0.44845 0.15045 0.10814
-0.44946 0.15071 0.10555
-0.45053 0.15121 0.10302
-0.45156 0.15175 0.10047
-0.45294 0.15231 0.0981
-0.45444 0.15324 0.09592
-0.4565 0.15428 0.09427
-0.45873 0.15484 0.09236
-0.45978 0.15457 0.08962
-0.46059 0.15437 0.08693
-0.46191 0.15416 0.08447
-0.46344 0.15436 0.08214
-0.46478 0.15488 0.07973
-0.46609 0.15546 0.0773
-0.46727 0.1557 0.07474
-0.46829 0.15595 0.07213
-0.4691 0.15638 0.06948
-0.46976 0.15699 0.06681
-0.47059 0.1571 0.06412
-0.47111 0.15701 0.06136
-0.47154 0.15739 0.05863
-0.47155 0.15796 0.05587
-0.47155 0.1588 0.05321
-0.4719 0.15964 0.05058
-0.47291 0.16053 0.04795
-0.47312 0.16029 0.04483
-0.47223 0.15898 0.04235
-0.47209 0.1586 0.03961
-0.47201 0.1582 0.03683
-0.47176 0.15753 0.03412
-0.47164 0.1574 0.03133
-0.47138 0.15763 0.02853
-0.47069 0.15743 0.0258
-0.47006 0.1571 0.02309
-0.46951 0.1571 0.02036
-0.46902 0.15704 0.01757
-0.46832 0.15636 0.01491
-0.46787 0.15558 0.01224
-0.46749 0.15469 0.00962
-0.46736 0.15388 0.00693
-0.46665 0.15331 0.00422
-0.46535 0.15277 0.00172
-0.46364 0.15211 -0.00043
-0.46233 0.15176 -0.00285
-0.46125 0.15158 -0.00543
-0.46005 0.15109 -0.00793
-0.45892 0.15049 -0.01042
-0.4579 0.15033 -0.01298
-0.45734 0.15077 -0.0157
-0.45656 0.15064 -0.01852
-0.45512 0.15017 -0.02103
-0.45329 0.14943 -0.02311
-0.45135 0.14853 -0.02492
-0.44968 0.14792 -0.02705
-0.44836 0.14756 -0.02949
-0.44706 0.14714 -0.03193
-0.4458 0.14681 -0.0344
-0.44478 0.14633 -0.03697
-0.44351 0.14562 -0.03941
-0.44176 0.14487 -0.04148
-0.44026 0.14415 -0.04374
-0.43869 0.14373 -0.04601
-0.43691 0.14332 -0.04814
-0.43538 0.143 -0.05046
-0.43368 0.14254 -0.05265
-0.43215 0.14219 -0.05496
-0.43035 0.14206 -0.05711
-0.44926 0.14774 0.10781
-0.45051 0.14806 0.10532
-0.45188 0.1487 0.10295
-0.45301 0.14928 0.10043
-0.45437 0.14981 0.09804
-0.45595 0.15076 0.09594
-0.45794 0.15168 0.09414
-0.4597 0.152 0.09183
-0.46071 0.15179 0.08915
-0.4618 0.15173 0.08657
-0.4635 0.15168 0.08433
-0.46505 0.15188 0.08201
-0.46651 0.15247 0.07966
-0.46781 0.15303 0.07722
-0.46911 0.15333 0.0747
-0.47008 0.15353 0.07207
-0.4709 0.15397 0.06941
-0.47155 0.15454 0.06671
-0.47217 0.1545 0.06396
-0.47301 0.15465 0.06131
-0.47369 0.15526 0.05863
-0.47359 0.15568 0.05583
-0.47356 0.15648 0.05316
-0.47412 0.15745 0.0506
-0.47526 0.15817 0.04784
-0.47441 0.15722 0.045
-0.47403 0.15646 0.04233
-0.47387 0.15607 0.03956
-0.47385 0.1557 0.03678
-0.47396 0.15536 0.034
-0.47416 0.15561 0.03117
-0.47395 0.15584 0.02825
-0.47262 0.15501 0.02576
-0.47203 0.15472 0.02303
-0.47149 0.15473 0.02028
-0.47103 0.1547 0.01747
-0.47028 0.154 0.01482
-0.46985 0.15323 0.01214
-0.46943 0.15229 0.00949
-0.46874 0.1511 0.00703
-0.46775 0.15041 0.00449
-0.46662 0.14996 0.00195
-0.46524 0.14952 -0.00047
-0.46409 0.14929 -0.00301
-0.46304 0.14913 -0.00561
-0.46202 0.14878 -0.00821
-0.46099 0.14831 -0.01078
-0.45997 0.14816 -0.01333
-0.45964 0.14865 -0.01618
-0.45868 0.14821 -0.01901
-0.45701 0.14758 -0.02134
-0.45506 0.14689 -0.02333
-0.45307 0.14609 -0.02514
-0.45144 0.14557 -0.02733
-0.45003 0.14515 -0.0297
-0.44861 0.14466 -0.03208
-0.44728 0.14428 -0.03452
-0.44622 0.14378 -0.03707
-0.44507 0.14316 -0.03959
-0.44328 0.14238 -0.04165
-0.44179 0.14167 -0.04392
-0.44013 0.14119 -0.04612
-0.43833 0.14077 -0.04824
-0.43658 0.14033 -0.05039
-0.43489 0.1399 -0.0526
-0.43334 0.13956 -0.05492
-0.43182 0.13961 -0.05729
-0.44901 0.14488 0.11016
-0.45032 0.14511 0.10769
-0.45166 0.14545 0.10525
-0.45358 0.14639 0.10333
-0.45466 0.14693 0.1007
-0.45585 0.14733 0.09818
-0.45705 0.14809 0.09576
-0.45857 0.14887 0.09352
-0.46007 0.14913 0.09115
-0.46144 0.149 0.0887
-0.46295 0.14904 0.08633
-0.46461 0.14896 0.08406
-0.46633 0.14922 0.08185
-0.46816 0.14995 0.0798
-0.46963 0.15057 0.07737
-0.47061 0.1507 0.07468
-0.47149 0.15086 0.07201
-0.47257 0.15143 0.06945
-0.47314 0.15195 0.06672
-0.474 0.15206 0.06408
-0.47537 0.15263 0.06169
-0.47606 0.15323 0.0589
-0.47574 0.1535 0.05604
-0.4756 0.15418 0.05333
-0.47577 0.15482 0.0506
-0.47609 0.15499 0.04781
-0.47597 0.15455 0.04502
-0.47592 0.15402 0.04225
-0.47606 0.15391 0.03943
-0.47614 0.15364 0.03663
-0.47665 0.15376 0.03383
-0.4767 0.15375 0.0309
-0.47566 0.15313 0.02827
-0.47465 0.15267 0.02567
-0.47416 0.15246 0.02291
-0.47364 0.15248 0.02014
-0.47305 0.15234 0.01737
-0.47241 0.15174 0.01468
-0.47197 0.15096 0.01196
-0.47114 0.14972 0.00951
-0.47041 0.14854 0.00706
-0.46896 0.1476 0.00479
-0.46792 0.14721 0.00219
-0.46688 0.14696 -0.00042
-0.46585 0.14682 -0.00304
-0.46474 0.14662 -0.00563
-0.46372 0.14626 -0.00822
-0.46275 0.14583 -0.01082
-0.46192 0.14581 -0.0135
-0.46108 0.1458 -0.01629
-0.45922 0.1451 -0.01845
-0.45754 0.14455 -0.02065
-0.45588 0.14398 -0.02285
-0.45444 0.14344 -0.0252
-0.45305 0.1431 -0.02762
-0.45162 0.14268 -0.03001
-0.45011 0.14214 -0.03233
-0.44869 0.14172 -0.03472
-0.44771 0.14128 -0.03732
-0.44665 0.14069 -0.03993
-0.44478 0.13989 -0.04195
-0.44326 0.13916 -0.04418
-0.44179 0.13884 -0.04655
-0.44021 0.13864 -0.04887
-0.43838 0.1381 -0.05094
-0.43628 0.13727 -0.05273
-0.43477 0.13703 -0.05516
-0.43342 0.13726 -0.05765
-0.4501 0.14226 0.11005
-0.45146 0.1425 0.10761
-0.45297 0.14291 0.10529
-0.45477 0.14373 0.10324
-0.45602 0.14437 0.10075
-0.45723 0.14479 0.09822
-0.45828 0.14547 0.0957
-0.45954 0.14616 0.09329
-0.46098 0.14641 0.09088
-0.46251 0.1463 0.08853
-0.46401 0.14632 0.08614
-0.46582 0.14628 0.08399
-0.46771 0.14656 0.08187
-0.46909 0.14708 0.07943
-0.4704 0.14762 0.07697
-0.47156 0.14783 0.0744
-0.47293 0.14819 0.07195
-0.47387 0.14869 0.0693
-0.47464 0.14929 0.06663
-0.4755 0.14939 0.064
-0.47688 0.14984 0.06157
-0.47741 0.15037 0.05878
-0.47753 0.15098 0.05601
-0.47752 0.15177 0.0533
-0.47753 0.15229 0.05053
-0.47766 0.15233 0.04771
-0.47815 0.15234 0.04492
-0.47827 0.15198 0.04212
-0.47862 0.15205 0.0393
-0.47851 0.1516 0.0365
-0.47892 0.15149 0.03367
-0.47841 0.15105 0.03085
-0.47736 0.15054 0.02824
-0.47656 0.15023 0.02556
-0.47604 0.14998 0.0228
-0.47536 0.14987 0.02005
-0.4746 0.14961 0.01735
-0.47402 0.14906 0.01464
-0.4737 0.14835 0.01187
-0.47296 0.14719 0.00933
-0.47198 0.14588 0.00704
-0.47084 0.14516 0.00458
-0.46977 0.14478 0.002
-0.46852 0.14441 -0.0005
-0.46761 0.14435 -0.00318
-0.46641 0.1441 -0.00574
-0.46527 0.14367 -0.00829
-0.46437 0.14327 -0.01093
-0.46319 0.14303 -0.0135
-0.4617 0.14282 -0.01592
-0.46007 0.14226 -0.01817
-0.45847 0.14176 -0.02044
-0.45709 0.14129 -0.02285
-0.45581 0.14084 -0.02532
-0.4544 0.14047 -0.02774
-0.45293 0.14004 -0.03011
-0.45159 0.13962 -0.03257
-0.45011 0.13916 -0.03492
-0.44905 0.13867 -0.0375
-0.44783 0.138 -0.03998
-0.44604 0.13725 -0.04207
-0.44473 0.13666 -0.04449
-0.44368 0.13669 -0.04711
-0.44229 0.13673 -0.04961
-0.44038 0.13613 -0.05165
-0.43848 0.13548 -0.05365
-0.43703 0.13542 -0.05612
-0.451 0.13957 0.10985
-0.45245 0.13983 0.10744
-0.45405 0.14026 0.10516
-0.45581 0.14104 0.10308
-0.45729 0.14177 0.10074
-0.45835 0.14212 0.09812
-0.45933 0.14277 0.09555
-0.46053 0.14344 0.09309
-0.46202 0.1437 0.09071
-0.46356 0.14358 0.08836
-0.46509 0.14361 0.08599
-0.46698 0.14357 0.08385
-0.46838 0.1437 0.08138
-0.46962 0.14421 0.07889
-0.47093 0.14475 0.07644
-0.47237 0.14499 0.07403
-0.47385 0.14534 0.07165
-0.47507 0.14592 0.06912
-0.47575 0.14648 0.0664
-0.4766 0.14656 0.06373
-0.47777 0.1469 0.06119
-0.47851 0.14751 0.05852
-0.47921 0.14839 0.0559
-0.47927 0.14922 0.05316
-0.47932 0.14978 0.0504
-0.47979 0.15005 0.04763
-0.4803 0.15003 0.04479
-0.48016 0.14951 0.04197
-0.48011 0.14924 0.03916
-0.48008 0.14891 0.03635
-0.47999 0.14849 0.03356
-0.48013 0.14843 0.03069
-0.47946 0.14823 0.02789
-0.47844 0.14778 0.02527
-0.47776 0.1474 0.02255
-0.47689 0.14717 0.01987
-0.47615 0.14693 0.01715
-0.47547 0.14633 0.01447
-0.47488 0.14546 0.0118
-0.47405 0.14428 0.00933
-0.47298 0.14297 0.00706
-0.47213 0.14238 0.00445
-0.47119 0.14208 0.00181
-0.47023 0.14192 -0.00085
-0.4691 0.14172 -0.00345
-0.46789 0.14146 -0.006
-0.46675 0.14105 -0.00855
-0.46551 0.14047 -0.01103
-0.46402 0.14012 -0.0134
-0.46257 0.13998 -0.01582
-0.46127 0.13956 -0.01829
-0.45993 0.1392 -0.02077
-0.4585 0.13872 -0.02315
-0.45727 0.1383 -0.02566
-0.45584 0.13791 -0.02807
-0.45457 0.13761 -0.0306
-0.45282 0.13695 -0.03276
-0.45153 0.13661 -0.03525
-0.45014 0.13595 -0.03763
-0.44885 0.13525 -0.04005
-0.44752 0.13476 -0.04249
-0.44649 0.1344 -0.04509
-0.44548 0.13447 -0.04773
-0.44417 0.13457 -0.05028
-0.44238 0.13419 -0.05248
-0.44099 0.13443 -0.05499
-0.43922 0.13388 -0.0573
-0.45201 0.13694 0.10962
-0.45343 0.13717 0.10717
-0.45521 0.13765 0.10503
-0.4569 0.13838 0.10286
-0.45841 0.13912 0.10054
-0.45959 0.13951 0.09796
-0.46041 0.1401 0.09531
-0.46158 0.14076 0.09282
-0.46314 0.14103 0.09047
-0.46472 0.14092 0.08813
-0.46623 0.14092 0.08574
-0.46798 0.14083 0.08348
-0.46927 0.14093 0.08095
-0.47062 0.14148 0.07852
-0.47192 0.14201 0.07606
-0.47343 0.14226 0.07368
-0.47499 0.14261 0.07133
-0.4761 0.14312 0.06875
-0.47686 0.14369 0.06606
-0.47783 0.1438 0.06341
-0.47885 0.14408 0.0608
-0.47977 0.14474 0.05819
-0.48037 0.14555 0.05553
-0.48071 0.14648 0.05286
-0.48094 0.14713 0.0501
-0.48122 0.14728 0.04728
-0.48146 0.14712 0.04445
-0.4816 0.14678 0.04164
-0.48178 0.14665 0.03879
-0.48144 0.14616 0.03599
-0.48133 0.14574 0.0332
-0.48116 0.1455 0.03038
-0.4808 0.14542 0.02755
-0.48007 0.14516 0.0248
-0.47918 0.14466 0.02215
-0.47824 0.14441 0.01949
-0.47729 0.14406 0.01684
-0.47653 0.14344 0.01418
-0.47589 0.14258 0.01153
-0.47488 0.14133 0.00917
-0.47397 0.14008 0.0068
-0.47326 0.13956 0.00411
-0.47252 0.13937 0.00138
-0.47165 0.13926 -0.00132
-0.47055 0.1391 -0.00394
-0.46928 0.13882 -0.00647
-0.46814 0.13842 -0.00904
-0.46697 0.1379 -0.01158
-0.46549 0.13756 -0.01397
-0.46385 0.13731 -0.01626
-0.46266 0.13698 -0.01881
-0.46132 0.13663 -0.02128
-0.46003 0.13627 -0.02379
-0.45866 0.13575 -0.02623
-0.45715 0.13531 -0.02859
-0.45566 0.1349 -0.03097
-0.45404 0.13432 -0.03323
-0.45258 0.13389 -0.03562
-0.45132 0.13331 -0.03809
-0.45023 0.13275 -0.04064
-0.44904 0.13235 -0.04317
-0.44822 0.13213 -0.04587
-0.44706 0.13209 -0.04847
-0.44559 0.13206 -0.05091
-0.44435 0.13218 -0.05345
-0.44315 0.1325 -0.05613
-0.45297 0.13428 0.10981
-0.45436 0.13449 0.10733
-0.45601 0.13491 0.10506
-0.45764 0.13562 0.10284
-0.45905 0.1363 0.10046
-0.46044 0.13675 0.098
-0.46143 0.1374 0.09543
-0.46277 0.13812 0.09305
-0.46437 0.1384 0.09073
-0.46595 0.13827 0.08834
-0.46718 0.13816 0.08577
-0.46868 0.13799 0.08337
-0.47019 0.13814 0.08099
-0.47172 0.13874 0.07867
-0.47295 0.13923 0.07615
-0.4746 0.13954 0.07384
-0.47597 0.1398 0.07136
-0.477 0.14027 0.06874
-0.47788 0.14086 0.0661
-0.47891 0.14098 0.06346
-0.47996 0.14125 0.06084
-0.48077 0.14185 0.05818
-0.48125 0.14261 0.05547
-0.48155 0.14351 0.0528
-0.4819 0.14418 0.05006
-0.48231 0.14439 0.04725
-0.48256 0.14424 0.04442
-0.4829 0.14398 0.04162
-0.48325 0.14394 0.03879
-0.48317 0.14361 0.03594
-0.48294 0.14312 0.03314
-0.48267 0.14283 0.03033
-0.4822 0.14267 0.02752
-0.48138 0.14235 0.02481
-0.48055 0.14189 0.02212
-0.47963 0.14165 0.01945
-0.47872 0.14134 0.01677
-0.47793 0.1407 0.01412
-0.4774 0.1399 0.0114
-0.47636 0.13865 0.00903
-0.47538 0.13737 0.00669
-0.4747 0.13689 0.00398
-0.47388 0.13665 0.00127
-0.47302 0.13656 -0.00144
-0.47199 0.13644 -0.0041
-0.47076 0.13619 -0.00665
-0.4697 0.13585 -0.00927
-0.46834 0.13523 -0.01171
-0.46673 0.13482 -0.01401
-0.46527 0.13468 -0.01643
-0.46412 0.13438 -0.01901
-0.46287 0.13411 -0.02156
-0.46165 0.13378 -0.02412
-0.46009 0.13317 -0.02645
-0.45846 0.13268 -0.02872
-0.45705 0.13232 -0.03115
-0.45561 0.13187 -0.03357
-0.45409 0.1314 -0.03592
-0.45277 0.13079 -0.03836
-0.45159 0.13017 -0.04086
-0.45033 0.12973 -0.04336
-0.4493 0.12938 -0.04598
-0.44845 0.12946 -0.04871
-0.44694 0.12944 -0.05114
-0.44584 0.12954 -0.05376
-0.44471 0.12964 -0.05651
-0.45513 0.13181 0.10802
-0.45675 0.13221 0.10572
-0.45825 0.13287 0.10337
-0.45951 0.1335 0.10088
-0.46083 0.13392 0.09839
-0.46207 0.13462 0.09593
-0.46334 0.13531 0.0935
-0.46487 0.13554 0.09112
-0.46647 0.13541 0.08876
-0.46803 0.13541 0.08636
-0.46934 0.13518 0.08384
-0.47076 0.13528 0.08138
-0.47215 0.13582 0.07897
-0.47359 0.13637 0.07658
-0.47546 0.13674 0.07442
-0.47678 0.13698 0.0719
-0.47823 0.13762 0.0695
-0.47916 0.13822 0.06682
-0.47993 0.13819 0.06406
-0.48074 0.13835 0.06134
-0.48136 0.13889 0.05861
-0.48184 0.13964 0.05591
-0.48207 0.14051 0.05321
-0.48256 0.1412 0.0505
-0.4831 0.14144 0.04772
-0.48341 0.1413 0.04489
-0.48414 0.14121 0.04213
-0.48453 0.14117 0.03931
-0.48511 0.14125 0.03647
-0.48511 0.14092 0.03357
-0.48449 0.14039 0.03081
-0.48384 0.14012 0.02806
-0.4831 0.13984 0.02532
-0.48233 0.13943 0.0226
-0.48127 0.13911 0.01996
-0.48033 0.13877 0.0173
-0.4795 0.13812 0.01466
-0.47872 0.1372 0.01207
-0.47782 0.13602 0.00963
-0.47724 0.13497 0.00705
-0.4764 0.13441 0.00439
-0.47552 0.13414 0.0017
-0.47458 0.13401 -0.00099
-0.47358 0.13391 -0.00366
-0.47238 0.13369 -0.00624
-0.47129 0.13332 -0.00885
-0.4702 0.13286 -0.01148
-0.46843 0.13238 -0.01368
-0.46692 0.13222 -0.01608
-0.46577 0.13191 -0.01867
-0.46448 0.13161 -0.02119
-0.46321 0.13126 -0.02372
-0.46175 0.13073 -0.02615
-0.46011 0.13026 -0.02843
-0.45863 0.12987 -0.03082
-0.45729 0.12947 -0.0333
-0.45577 0.12902 -0.03566
-0.45434 0.12834 -0.03804
-0.45299 0.12764 -0.04043
-0.45166 0.12718 -0.04291
-0.45036 0.12673 -0.0454
-0.44916 0.12668 -0.04795
-0.44769 0.1267 -0.05039
-0.44631 0.12669 -0.05288
-0.44493 0.12668 -0.0554
-0.45711 0.12937 0.10598
-0.45545 0.12898 0.10827
-0.45877 0.13005 0.10375
-0.46015 0.13071 0.10131
-0.46146 0.13112 0.09879
-0.46267 0.13181 0.0963
-0.46403 0.1325 0.0939
-0.46549 0.13271 0.09146
-0.467 0.13254 0.08905
-0.46851 0.13253 0.08663
-0.47009 0.13237 0.08424
-0.47157 0.13248 0.0818
-0.47273 0.13293 0.07922
-0.47434 0.13353 0.07693
-0.47611 0.13385 0.07471
-0.47764 0.13415 0.07233
-0.47895 0.13471 0.06984
-0.48006 0.13535 0.06727
-0.48081 0.13532 0.0645
-0.48157 0.13546 0.06176
-0.4822 0.13598 0.05902
-0.48264 0.13671 0.0563
-0.48269 0.13752 0.05355
-0.48318 0.1382 0.05082
-0.48392 0.13848 0.04808
-0.48492 0.13865 0.0454
-0.48576 0.13864 0.04265
-0.48622 0.13864 0.03982
-0.48676 0.13866 0.03697
-0.48657 0.13822 0.0341
-0.48606 0.13777 0.03131
-0.48573 0.13771 0.02848
-0.4855 0.13788 0.02559
-0.48445 0.13722 0.02294
-0.48312 0.13669 0.02047
-0.48196 0.13622 0.0179
-0.48112 0.13556 0.01525
-0.4803 0.13463 0.01267
-0.47961 0.13357 0.0101
-0.47915 0.13261 0.00745
-0.47833 0.13207 0.00477
-0.4773 0.13171 0.00213
-0.4762 0.13149 -0.00049
-0.47521 0.1314 -0.00317
-0.47407 0.13122 -0.0058
-0.47283 0.13078 -0.00834
-0.47157 0.13023 -0.01086
-0.47009 0.12991 -0.01327
-0.46851 0.12972 -0.01564
-0.46715 0.12931 -0.01811
-0.4658 0.12899 -0.02061
-0.46454 0.12865 -0.02315
-0.46334 0.12823 -0.02574
-0.46161 0.12774 -0.02799
-0.46006 0.12733 -0.03035
-0.45871 0.12693 -0.03283
-0.45708 0.12643 -0.03513
-0.45562 0.12576 -0.0375
-0.45423 0.12505 -0.03989
-0.45297 0.12461 -0.04242
-0.45176 0.1242 -0.04497
-0.45043 0.12411 -0.04748
-0.44877 0.12406 -0.0498
-0.44688 0.124 -0.05192
-0.44486 0.12407 -0.05394
-0.44306 0.12347 -0.05595
-0.4545 0.12596 0.11035
-0.45614 0.12621 0.108
-0.45773 0.12659 0.10564
-0.45917 0.12722 0.10325
-0.46064 0.12789 0.10088
-0.46206 0.1283 0.09841
-0.46328 0.12899 0.09591
-0.46471 0.12967 0.09354
-0.4662 0.12988 0.09112
-0.46771 0.12973 0.08871
-0.46947 0.12975 0.08644
-0.47097 0.12956 0.08398
-0.47232 0.12963 0.08145
-0.47388 0.1302 0.07914
-0.47566 0.13085 0.07701
-0.47766 0.13127 0.07496
-0.47911 0.13153 0.07245
-0.48028 0.13201 0.06985
-0.48114 0.13253 0.06715
-0.48181 0.13246 0.06437
-0.48282 0.13267 0.0617
-0.48347 0.1332 0.05895
-0.48374 0.13386 0.05617
-0.48392 0.13469 0.05343
-0.48461 0.13547 0.05077
-0.48565 0.13593 0.04814
-0.48649 0.13599 0.04538
-0.48712 0.13585 0.04258
-0.48772 0.13592 0.03978
-0.48819 0.13591 0.03693
-0.488 0.13548 0.03408
-0.48772 0.13516 0.03124
-0.48753 0.13518 0.02839
-0.48772 0.13549 0.0254
-0.48687 0.13503 0.02248
-0.48503 0.13422 0.02026
-0.48356 0.13357 0.01791
-0.48263 0.13287 0.01529
-0.4819 0.132 0.01266
-0.48131 0.13101 0.01003
-0.48073 0.12997 0.00743
-0.47988 0.12942 0.00475
-0.47865 0.12897 0.00219
-0.47764 0.12881 -0.00049
-0.4766 0.12871 -0.00315
-0.47554 0.12858 -0.00582
-0.47419 0.12808 -0.00831
-0.47279 0.12748 -0.01072
-0.4713 0.12716 -0.01315
-0.46989 0.12706 -0.01564
-0.46826 0.12653 -0.01794
-0.46691 0.12623 -0.02045
-0.46549 0.12584 -0.02291
-0.46419 0.12539 -0.02542
-0.46258 0.12495 -0.02776
-0.46123 0.12463 -0.03027
-0.45986 0.12423 -0.03275
-0.45826 0.12375 -0.03509
-0.45678 0.12307 -0.03744
-0.45544 0.12239 -0.03988
-0.45406 0.1219 -0.04235
-0.45296 0.12153 -0.04497
-0.45169 0.12148 -0.04754
-0.45001 0.12144 -0.04988
-0.44784 0.12126 -0.05176
-0.44556 0.12124 -0.05349
-0.44385 0.12068 -0.05563
-0.45492 0.12322 0.10966
-0.45662 0.12347 0.10735
-0.45823 0.12384 0.105
-0.45972 0.12448 0.10264
-0.46124 0.12513 0.10028
-0.46251 0.12553 0.09772
-0.46356 0.1262 0.09513
-0.46498 0.12687 0.09274
-0.46668 0.12708 0.09045
-0.4685 0.12695 0.08825
-0.4702 0.12695 0.08592
-0.47167 0.12675 0.08344
-0.47318 0.12685 0.08101
-0.47469 0.12739 0.07863
-0.4766 0.12805 0.07658
-0.47853 0.1284 0.07447
-0.48022 0.12875 0.07216
-0.48167 0.12933 0.06968
-0.48219 0.12971 0.06684
-0.48293 0.12965 0.06408
-0.48363 0.12975 0.0613
-0.48434 0.13027 0.05857
-0.48483 0.13101 0.05584
-0.48529 0.13195 0.05317
-0.48643 0.13295 0.05071
-0.48741 0.13336 0.04801
-0.48793 0.13325 0.04516
-0.48846 0.13307 0.04235
-0.48932 0.13327 0.03961
-0.49009 0.13342 0.03674
-0.48977 0.13291 0.03385
-0.48933 0.13251 0.03103
-0.4891 0.13246 0.02815
-0.48817 0.13226 0.0254
-0.48718 0.13177 0.02275
-0.48594 0.13123 0.02022
-0.48482 0.13076 0.01762
-0.48401 0.13013 0.01494
-0.48323 0.12924 0.01232
-0.48249 0.12818 0.00975
-0.48178 0.12709 0.00719
-0.48075 0.12645 0.00458
-0.47998 0.12625 0.00181
-0.47899 0.12612 -0.00088
-0.47803 0.12607 -0.00358
-0.47705 0.12602 -0.00629
-0.47572 0.12553 -0.0088
-0.47433 0.12495 -0.01124
-0.4726 0.12448 -0.01348
-0.47103 0.12431 -0.01588
-0.4693 0.12373 -0.0181
-0.46766 0.12334 -0.02043
-0.46639 0.12301 -0.02299
-0.46516 0.1226 -0.02555
-0.46375 0.12224 -0.02802
-0.46243 0.12196 -0.03055
-0.46097 0.12152 -0.03298
-0.45947 0.1211 -0.0354
-0.458 0.12043 -0.03777
-0.45662 0.11973 -0.04018
-0.45514 0.11919 -0.04259
-0.45397 0.1188 -0.04518
-0.45261 0.11872 -0.04771
-0.45102 0.11871 -0.05013
-0.44891 0.11857 -0.05209
-0.44674 0.1186 -0.05396
-0.445 0.11806 -0.05605
-0.45544 0.1205 0.10902
-0.45727 0.12075 0.10681
-0.45888 0.12111 0.10445
-0.46034 0.12175 0.10205
-0.46184 0.1224 0.09967
-0.46293 0.12277 0.09701
-0.46406 0.12343 0.09445
-0.46559 0.12411 0.09211
-0.46747 0.12433 0.08995
-0.46918 0.12417 0.08765
-0.4707 0.12414 0.0852
-0.4724 0.12397 0.08288
-0.47413 0.12409 0.08058
-0.4758 0.12466 0.07831
-0.47751 0.12527 0.07608
-0.47931 0.12558 0.07386
-0.48144 0.12604 0.0719
-0.48269 0.12651 0.06926
-0.48293 0.12681 0.06636
-0.48361 0.12672 0.06359
-0.48435 0.12682 0.06082
-0.48528 0.12739 0.05815
-0.48594 0.12818 0.05546
-0.48675 0.12924 0.05293
-0.48792 0.1302 0.05045
-0.48849 0.13044 0.0476
-0.48912 0.1304 0.0448
-0.48991 0.13035 0.04203
-0.49072 0.13051 0.03925
-0.49121 0.13048 0.03635
-0.49094 0.13005 0.03349
-0.4905 0.12966 0.03065
-0.48979 0.12943 0.02786
-0.48891 0.12926 0.02512
-0.4881 0.12883 0.0224
-0.48708 0.12839 0.01975
-0.4858 0.12786 0.01723
-0.48488 0.12718 0.01459
-0.48422 0.12635 0.0119
-0.4835 0.12531 0.0093
-0.48331 0.12451 0.00654
-0.4824 0.12394 0.00385
-0.48135 0.1236 0.0012
-0.48044 0.12353 -0.00153
-0.47971 0.12365 -0.00432
-0.47872 0.1236 -0.00707
-0.47726 0.12304 -0.00952
-0.47575 0.12238 -0.01188
-0.47423 0.12207 -0.01433
-0.4721 0.12153 -0.01623
-0.47028 0.12092 -0.01838
-0.46873 0.12057 -0.02079
-0.46747 0.12027 -0.02337
-0.46629 0.1199 -0.02597
-0.46503 0.11963 -0.02853
-0.46368 0.11935 -0.03105
-0.46235 0.11899 -0.03359
-0.46063 0.11844 -0.03585
-0.45904 0.11772 -0.03813
-0.45769 0.11704 -0.04058
-0.45642 0.1166 -0.04312
-0.45523 0.11619 -0.04573
-0.45348 0.11594 -0.04802
-0.45156 0.11583 -0.05017
-0.44953 0.11573 -0.05221
-0.44757 0.11585 -0.05431
-0.44597 0.11539 -0.05654
-0.45446 0.1176 0.11071
-0.45598 0.11782 0.10827
-0.45785 0.11806 0.10607
-0.45954 0.11842 0.10376
-0.46109 0.11905 0.10142
-0.46266 0.11973 0.09908
-0.46382 0.12009 0.09645
-0.46501 0.12075 0.09391
-0.46653 0.12142 0.09157
-0.46821 0.1216 0.08925
-0.46986 0.12143 0.0869
-0.47149 0.12141 0.08453
-0.4736 0.12132 0.08256
-0.47581 0.12165 0.0807
-0.47743 0.12218 0.07834
-0.47889 0.12265 0.0759
-0.48069 0.12294 0.07368
-0.48309 0.12346 0.07182
-0.48354 0.12366 0.06878
-0.48369 0.12393 0.0659
-0.48437 0.12383 0.06312
-0.48533 0.12396 0.0604
-0.48598 0.12446 0.05764
-0.48685 0.12527 0.05503
-0.48764 0.12632 0.05246
-0.48874 0.12721 0.04992
-0.48937 0.1275 0.04712
-0.49012 0.12749 0.04435
-0.49114 0.12747 0.04163
-0.49169 0.12756 0.03876
-0.4919 0.12747 0.03585
-0.49191 0.12716 0.03298
-0.49156 0.12682 0.03012
-0.49087 0.12658 0.02732
-0.49001 0.12639 0.02458
-0.48927 0.12601 0.02183
-0.48823 0.12557 0.0192
-0.48675 0.12494 0.01678
-0.48594 0.12433 0.01406
-0.48528 0.12351 0.01137
-0.48475 0.12257 0.00869
-0.48463 0.12182 0.00589
-0.48368 0.12124 0.00322
-0.48262 0.12091 0.00056
-0.48179 0.12089 -0.00221
-0.48103 0.12099 -0.00499
-0.48 0.12092 -0.00771
-0.47866 0.12046 -0.01025
-0.4773 0.11992 -0.01275
-0.47536 0.11931 -0.01484
-0.47325 0.11881 -0.01675
-0.47156 0.11829 -0.01903
-0.47008 0.118 -0.02148
-0.46874 0.11766 -0.02402
-0.46744 0.11723 -0.02655
-0.46615 0.11696 -0.02911
-0.46488 0.11674 -0.03169
-0.46352 0.11637 -0.03422
-0.46183 0.11584 -0.03651
-0.46006 0.11502 -0.03864
-0.45856 0.11428 -0.04098
-0.45717 0.11379 -0.04346
-0.45578 0.11329 -0.04595
-0.45389 0.11305 -0.04812
-0.45203 0.11296 -0.05031
-0.45016 0.11292 -0.05251
-0.44838 0.11311 -0.05475
-0.44701 0.11276 -0.05715
-0.45521 0.11491 0.11026
-0.45684 0.11513 0.10788
-0.45863 0.11537 0.10562
-0.46016 0.11569 0.1032
-0.46198 0.11634 0.10105
-0.46361 0.11702 0.09873
-0.46479 0.11739 0.09609
-0.46584 0.11802 0.09348
-0.46733 0.11868 0.09111
-0.4689 0.11882 0.0887
-0.47052 0.11865 0.08633
-0.47249 0.11867 0.08424
-0.47502 0.11869 0.08282
-0.47747 0.11908 0.08115
-0.4792 0.11967 0.0787
-0.48016 0.11994 0.07592
-0.48185 0.12016 0.07363
-0.48381 0.12045 0.07136
-0.48404 0.12071 0.06834
-0.4844 0.12102 0.0655
-0.48514 0.12092 0.06273
-0.48585 0.12099 0.05994
-0.48652 0.12148 0.05718
-0.48754 0.12231 0.05461
-0.48838 0.12335 0.05205
-0.4891 0.12417 0.04938
-0.48985 0.12448 0.04662
-0.49054 0.12446 0.04382
-0.4913 0.1244 0.04104
-0.49225 0.12455 0.03829
-0.49274 0.12453 0.03542
-0.49291 0.12427 0.03255
-0.49307 0.12417 0.02967
-0.49283 0.12424 0.02678
-0.49181 0.12391 0.02409
-0.49093 0.12344 0.02138
-0.48984 0.12297 0.01874
-0.4882 0.12223 0.01645
-0.48712 0.12149 0.01386
-0.48656 0.12072 0.01112
-0.48618 0.11987 0.00838
-0.48581 0.11899 0.00567
-0.48509 0.11856 0.00291
-0.48402 0.11823 0.00024
-0.48318 0.11821 -0.00252
-0.48238 0.1183 -0.0053
-0.48145 0.11828 -0.00805
-0.48002 0.11778 -0.01054
-0.47844 0.1171 -0.01287
-0.47663 0.1166 -0.01506
-0.47478 0.11628 -0.01724
-0.47311 0.11579 -0.01953
-0.47153 0.11544 -0.02192
-0.4701 0.11506 -0.0244
-0.46884 0.11466 -0.02697
-0.46745 0.11435 -0.02948
-0.46608 0.11407 -0.03201
-0.46459 0.11363 -0.03445
-0.46275 0.11305 -0.0366
-0.46097 0.11225 -0.03873
-0.45933 0.11147 -0.04097
-0.45781 0.11094 -0.04336
-0.45601 0.11037 -0.04556
-0.45456 0.11022 -0.04803
-0.453 0.11022 -0.05047
-0.45101 0.11015 -0.05256
-0.44929 0.11036 -0.05485
-0.44794 0.11004 -0.05727
-0.4558 0.11215 0.11022
-0.45766 0.1124 0.10802
-0.45919 0.11258 0.10556
-0.46071 0.11288 0.10312
-0.46232 0.1135 0.10081
-0.46389 0.11415 0.09846
-0.46532 0.11454 0.09597
-0.46657 0.11522 0.09346
-0.46795 0.11585 0.09102
-0.46945 0.11597 0.08857
-0.47112 0.11579 0.08622
-0.47306 0.1158 0.08409
-0.47531 0.11572 0.08229
-0.47777 0.11598 0.0807
-0.47998 0.11657 0.07863
-0.48086 0.117 0.07578
-0.48213 0.11718 0.07321
-0.48364 0.11742 0.07072
-0.48429 0.11774 0.06789
-0.48494 0.11808 0.0651
-0.48564 0.11795 0.06231
-0.48627 0.118 0.0595
-0.48693 0.11849 0.05673
-0.48781 0.11929 0.0541
-0.48872 0.12032 0.05156
-0.48958 0.12116 0.04893
-0.49027 0.12145 0.04615
-0.49096 0.12143 0.04335
-0.49203 0.12143 0.04065
-0.49291 0.12156 0.03789
-0.49345 0.12154 0.03504
-0.49437 0.12154 0.03234
-0.49541 0.12195 0.02956
-0.4956 0.12243 0.02645
-0.4944 0.12208 0.02358
-0.49309 0.12122 0.02102
-0.49132 0.12025 0.01889
-0.48951 0.11945 0.01674
-0.4885 0.11874 0.01409
-0.48796 0.11799 0.01133
-0.48765 0.11719 0.00856
-0.48736 0.11636 0.00581
-0.48669 0.11596 0.00303
-0.48564 0.11566 0.00035
-0.48474 0.11562 -0.00239
-0.48372 0.11559 -0.00509
-0.4828 0.11557 -0.00784
-0.48156 0.11516 -0.01046
-0.47979 0.11442 -0.01265
-0.4781 0.11398 -0.01494
-0.47637 0.11374 -0.01724
-0.47476 0.11329 -0.01959
-0.47328 0.11302 -0.02204
-0.47181 0.11263 -0.0245
-0.47034 0.11211 -0.02693
-0.4689 0.11178 -0.02942
-0.46743 0.11146 -0.03189
-0.46579 0.11096 -0.03422
-0.46402 0.11041 -0.03643
-0.46219 0.10959 -0.0385
-0.46042 0.10876 -0.04063
-0.45866 0.10818 -0.04285
-0.45701 0.10764 -0.04517
-0.45545 0.10748 -0.04757
-0.45383 0.10747 -0.04996
-0.45186 0.10741 -0.05208
-0.45024 0.10766 -0.05445
-0.44886 0.10733 -0.05685
-0.45785 0.10956 0.1081
-0.45613 0.10935 0.11042
-0.45963 0.10978 0.10583
-0.46116 0.11008 0.10339
-0.46261 0.11066 0.10095
-0.46413 0.11129 0.09856
-0.46555 0.11167 0.09608
-0.467 0.11237 0.09369
-0.46834 0.11299 0.09121
-0.46989 0.11311 0.08878
-0.4717 0.11295 0.08652
-0.47335 0.1129 0.08415
-0.47517 0.11281 0.08191
-0.47733 0.1131 0.07999
-0.47965 0.11355 0.07813
-0.48056 0.11405 0.07529
-0.4818 0.11426 0.07268
-0.48309 0.11452 0.07011
-0.48422 0.11477 0.06748
-0.48523 0.11509 0.06478
-0.48588 0.11495 0.06197
-0.48644 0.11498 0.05914
-0.48721 0.11547 0.05639
-0.48812 0.11626 0.05377
-0.48907 0.11729 0.05124
-0.48998 0.11812 0.04862
-0.49062 0.11841 0.04582
-0.4915 0.11841 0.04307
-0.4925 0.11839 0.04035
-0.4933 0.1185 0.03757
-0.49411 0.11853 0.03481
-0.49551 0.11864 0.03225
-0.49685 0.11898 0.02951
-0.49691 0.11926 0.02642
-0.49658 0.11939 0.02326
-0.49523 0.11869 0.02047
-0.49297 0.11763 0.01864
-0.49092 0.1167 0.01672
-0.48993 0.11601 0.01405
-0.48941 0.11529 0.01128
-0.48918 0.11453 0.00848
-0.48882 0.11367 0.00574
-0.48806 0.11324 0.00298
-0.48713 0.11301 0.00025
-0.48628 0.11299 -0.00252
-0.48511 0.1129 -0.00517
-0.48396 0.11277 -0.00783
-0.48261 0.11233 -0.01038
-0.48108 0.1117 -0.01276
-0.47936 0.11127 -0.01504
-0.47768 0.11104 -0.01738
-0.47579 0.11049 -0.01952
-0.47429 0.11023 -0.02198
-0.47323 0.10999 -0.0247
-0.47146 0.10939 -0.02695
-0.4699 0.10901 -0.02935
-0.46851 0.10873 -0.03188
-0.46683 0.10823 -0.03419
-0.46518 0.10774 -0.03651
-0.46349 0.10698 -0.03873
-0.46172 0.10615 -0.04086
-0.45995 0.10556 -0.04307
-0.45798 0.10489 -0.0451
-0.45629 0.1047 -0.04744
-0.45451 0.10466 -0.04971
-0.45264 0.10463 -0.05193
-0.45105 0.1049 -0.05433
-0.44967 0.10458 -0.05675
-0.45802 0.10679 0.10867
-0.45645 0.10662 0.11109
-0.45978 0.10699 0.10638
-0.46135 0.10729 0.10397
-0.46283 0.10786 0.10153
-0.4642 0.10847 0.09904
-0.46563 0.10884 0.09656
-0.46723 0.10956 0.09428
-0.4689 0.11027 0.09204
-0.47061 0.11043 0.08969
-0.47197 0.11011 0.08713
-0.47357 0.11004 0.08472
-0.47552 0.10995 0.08257
-0.47701 0.1102 0.08009
-0.47865 0.11074 0.07778
-0.48009 0.11112 0.07529
-0.4813 0.11132 0.07266
-0.48272 0.11155 0.07015
-0.48409 0.11178 0.06761
-0.48505 0.11208 0.06489
-0.48605 0.11194 0.06219
-0.48675 0.11196 0.05939
-0.4875 0.11244 0.05664
-0.48833 0.11322 0.05398
-0.48922 0.11424 0.05142
-0.49007 0.11505 0.04879
-0.49098 0.11536 0.04608
-0.49175 0.11535 0.04329
-0.49278 0.11533 0.04058
-0.49388 0.11546 0.03789
-0.49471 0.1155 0.03515
-0.4964 0.1156 0.03268
-0.4972 0.11578 0.02973
-0.49715 0.11601 0.02668
-0.4966 0.11597 0.02372
-0.49549 0.11534 0.02104
-0.49401 0.11466 0.01861
-0.49227 0.11395 0.01634
-0.49144 0.11334 0.01362
-0.49062 0.11247 0.01097
-0.49014 0.11161 0.00823
-0.48993 0.11083 0.00545
-0.48919 0.11041 0.00268
-0.48823 0.11018 -4e-05
-0.48704 0.11004 -0.00268
-0.48581 0.10995 -0.0053
-0.48471 0.10983 -0.00799
-0.48336 0.1094 -0.01053
-0.48182 0.10877 -0.01291
-0.48013 0.10835 -0.01523
-0.47811 0.10805 -0.0173
-0.47643 0.10758 -0.01962
-0.47488 0.10731 -0.02205
-0.47325 0.10696 -0.02443
-0.47189 0.10647 -0.02694
-0.47056 0.10614 -0.02949
-0.46906 0.10584 -0.03195
-0.46756 0.10539 -0.03438
-0.46596 0.10492 -0.03674
-0.46433 0.10419 -0.039
-0.46272 0.10344 -0.0413
-0.46081 0.10278 -0.04337
-0.45897 0.10216 -0.04552
-0.45718 0.10195 -0.04778
-0.45533 0.10188 -0.05
-0.45337 0.10182 -0.05214
-0.45165 0.10207 -0.05446
-0.45034 0.10178 -0.05693
-0.458 0.10403 0.10935
-0.45981 0.10423 0.10709
-0.46145 0.10452 0.10472
-0.46293 0.10509 0.10227
-0.46433 0.10569 0.09979
-0.46583 0.10607 0.09735
-0.46725 0.10673 0.09492
-0.46946 0.10758 0.09314
-0.47106 0.1077 0.09066
-0.47248 0.1074 0.08811
-0.47363 0.1072 0.08544
-0.4753 0.10706 0.08307
-0.477 0.10732 0.08073
-0.47832 0.10785 0.0782
-0.47974 0.10821 0.0757
-0.48109 0.10837 0.07314
-0.48248 0.10859 0.07061
-0.48384 0.10882 0.06805
-0.48542 0.10916 0.06563
-0.48668 0.10905 0.06298
-0.48722 0.10903 0.06012
-0.48766 0.10946 0.05729
-0.48838 0.11022 0.05458
-0.48924 0.11122 0.05201
-0.49013 0.11203 0.04938
-0.49102 0.11233 0.04666
-0.49187 0.11232 0.04389
-0.49277 0.11229 0.04113
-0.49391 0.1124 0.03844
-0.49457 0.11243 0.03563
-0.49596 0.11245 0.03307
-0.48397 0.10644 -0.01035
-0.48249 0.10583 -0.01278
-0.48065 0.1054 -0.01498
-0.47868 0.10512 -0.0171
-0.47709 0.10467 -0.01949
-0.47567 0.10444 -0.02202
-0.47395 0.10407 -0.02433
-0.47252 0.10358 -0.02682
-0.47136 0.1033 -0.02947
-0.47 0.10305 -0.03202
-0.46852 0.10262 -0.03447
-0.46684 0.10211 -0.03679
-0.46554 0.10154 -0.03932
-0.46389 0.10078 -0.04158
-0.46196 0.1001 -0.04364
-0.46015 0.09951 -0.04583
-0.45813 0.0992 -0.04786
-0.45631 0.09914 -0.05012
-0.45433 0.09909 -0.05224
-0.45245 0.09929 -0.05444
-0.45114 0.09901 -0.05691
-0.45639 0.10387 0.11176
-0.4582 0.10127 0.10997
-0.46001 0.10146 0.10769
-0.46154 0.10171 0.10523
-0.46297 0.10226 0.10276
-0.46449 0.10287 0.10036
-0.46594 0.10323 0.09787
-0.46746 0.10391 0.0955
-0.46922 0.10462 0.09332
-0.47114 0.10479 0.09112
-0.47268 0.10452 0.08866
-0.47402 0.10437 0.08608
-0.47545 0.10417 0.08356
-0.47686 0.10439 0.08104
-0.47814 0.10491 0.07848
-0.47972 0.10526 0.07608
-0.48142 0.10545 0.07372
-0.48267 0.10564 0.07109
-0.48405 0.10586 0.06855
-0.48571 0.10619 0.06616
-0.47457 0.10117 -0.02423
-0.47329 0.10072 -0.02681
-0.47213 0.10045 -0.02946
-0.47069 0.10019 -0.03197
-0.4693 0.09979 -0.03449
-0.46801 0.09943 -0.03708
-0.46708 0.09908 -0.03988
-0.46522 0.0982 -0.04199
-0.46344 0.09759 -0.04423
-0.46134 0.09681 -0.04613
-0.45888 0.09639 -0.04761
-0.45684 0.0963 -0.04967
-0.45539 0.09635 -0.0522
-0.45342 0.09656 -0.05433
-0.45184 0.09623 -0.05663
-0.46031 0.09862 0.10779
-0.45874 0.0985 0.11025
-0.46178 0.09886 0.10529
-0.46323 0.09941 0.10283
-0.46455 0.09999 0.1003
-0.46634 0.10038 0.09804
-0.46797 0.10108 0.09574
-0.46975 0.10179 0.09356
-0.47157 0.10192 0.09127
-0.47299 0.10162 0.08875
-0.47453 0.10149 0.08628
-0.4758 0.10126 0.08366
-0.47715 0.10147 0.0811
-0.47852 0.10198 0.07859
-0.48007 0.10232 0.07616
-0.45913 0.09356 -0.04695
-0.45712 0.09347 -0.04909
-0.45551 0.09348 -0.05152
-0.45384 0.09373 -0.05388
-0.45231 0.09341 -0.05622
-0.45908 0.09568 0.11027
-0.46064 0.09579 0.10781
-0.4622 0.09604 0.10536
-0.46338 0.09654 0.10273
-0.46493 0.09713 0.10032
-0.46704 0.0976 0.09835
-0.46864 0.09827 0.096
-0.4703 0.09892 0.09371
-0.47177 0.09899 0.0912
-0.47329 0.09871 0.08873
-0.45411 0.09086 -0.05365
-0.45267 0.09055 -0.05606
-0.46088 0.09301 0.10837
-0.45933 0.09291 0.11084
-0.46226 0.09322 0.1058
-0.46368 0.09375 0.1033
-0.46526 0.09434 0.10092
-0.46736 0.09477 0.0989
POLYGONS 8542 34168
3 0 1 2
3 2 3 4
3 3 5 4
3 4 5 6
3 5 7 6
3 6 7 8
3 7 9 8
3 8 9 10
3 11 12 13
3 14 15 16
3 17 18 15
3 19 20 18
3 19 21 20
3 21 22 20
3 21 23 22
3 23 24 22
3 23 25 24
3 25 0 24
3 24 0 26
3 0 2 26
3 26 2 27
3 2 4 27
3 27 4 28
3 4 6 28
3 28 6 29
3 6 8 29
3 29 8 30
3 8 10 30
3 30 10 31
3 13 32 33
3 13 12 32
3 12 34 32
3 12 35 34
3 35 36 34
3 35 37 36
3 37 38 36
3 37 39 38
3 39 40 38
3 39 41 40
3 41 42 40
3 41 43 42
3 43 44 42
3 43 45 44
3 45 46 44
3 45 47 46
3 47 48 46
3 47 49 48
3 49 50 48
3 51 52 50
3 53 54 55
3 56 57 54
3 56 58 57
3 58 59 57
3 58 60 59
3 60 61 59
3 60 62 61
3 62 63 61
3 62 64 63
3 64 65 63
3 64 66 65
3 66 67 65
3 66 68 67
3 68 69 67
3 68 70 69
3 70 71 69
3 70 72 71
3 72 73 71
3 72 74 73
3 74 75 73
3 74 76 75
3 76 77 75
3 76 16 77
3 16 78 77
3 16 15 78
3 15 79 78
3 15 18 79
3 18 80 79
3 18 20 80
3 20 81 80
3 20 22 81
3 22 82 81
3 22 24 82
3 24 26 82
3 82 26 83
3 26 27 83
3 83 27 84
3 27 85 84
3 27 28 85
3 28 86 85
3 28 29 86
3 29 87 86
3 29 30 87
3 30 88 87
3 30 31 88
3 33 89 90
3 33 32 89
3 32 91 89
3 32 34 91
3 34 92 91
3 34 36 92
3 36 93 92
3 36 38 93
3 38 94 93
3 38 40 94
3 40 95 94
3 40 42 95
3 42 96 95
3 42 44 96
3 44 97 96
3 44 46 97
3 46 98 97
3 46 48 98
3 48 99 98
3 48 50 99
3 50 100 99
3 50 52 100
3 52 101 100
3 52 102 101
3 102 103 101
3 102 104 103
3 104 105 103
3 104 106 105
3 106 107 105
3 106 108 107
3 108 109 107
3 108 110 109
3 110 111 109
3 110 112 111
3 112 113 111
3 112 114 113
3 114 115 113
3 114 116 115
3 116 117 115
3 115 117 118
3 117 119 118
3 118 119 120
3 119 121 120
3 119 122 121
3 122 123 121
3 122 124 123
3 124 125 123
3 124 126 125
3 126 127 125
3 126 128 127
3 128 129 127
3 128 130 129
3 130 131 129
3 130 132 131
3 132 133 131
3 132 134 133
3 134 135 133
3 134 136 135
3 136 137 135
3 136 138 137
3 138 139 137
3 138 140 139
3 140 141 139
3 140 142 141
3 142 143 141
3 142 144 143
3 144 145 143
3 144 146 145
3 146 147 145
3 146 148 147
3 148 149 147
3 148 150 149
3 150 151 149
3 150 152 151
3 152 153 151
3 152 154 153
3 154 155 153
3 154 156 155
3 156 157 155
3 156 158 157
3 158 159 157
3 158 160 159
3 160 161 159
3 160 162 161
3 162 163 161
3 162 164 163
3 164 165 163
3 164 166 165
3 166 167 165
3 166 168 167
3 168 169 167
3 168 170 169
3 170 171 169
3 170 172 171
3 172 173 171
3 172 55 173
3 55 174 173
3 55 54 174
3 54 175 174
3 54 57 175
3 57 176 175
3 57 59 176
3 59 177 176
3 59 61 177
3 61 178 177
3 61 63 178
3 63 179 178
3 63 65 179
3 65 180 179
3 65 67 180
3 67 181 180
3 67 69 181
3 69 182 181
3 69 71 182
3 71 183 182
3 71 73 183
3 73 184 183
3 73 75 184
3 75 185 184
3 75 77 185
3 77 186 185
3 77 78 186
3 78 187 186
3 78 79 187
3 79 188 187
3 79 80 188
3 80 189 188
3 80 81 189
3 81 82 189
3 189 82 190
3 82 83 190
3 190 83 191
3 83 84 191
3 191 84 192
3 84 193 192
3 84 85 193
3 85 194 193
3 85 86 194
3 86 195 194
3 86 87 195
3 87 196 195
3 87 88 196
3 90 89 197
3 89 198 197
3 89 91 198
3 91 199 198
3 91 92 199
3 92 200 199
3 92 93 200
3 93 201 200
3 93 94 201
3 94 202 201
3 94 95 202
3 95 203 202
3 95 96 203
3 96 204 203
3 96 97 204
3 97 205 204
3 97 98 205
3 98 206 205
3 98 99 206
3 99 207 206
3 99 100 207
3 100 208 207
3 100 101 208
3 101 209 208
3 101 103 209
3 103 210 209
3 103 105 210
3 105 211 210
3 105 107 211
3 107 109 211
3 211 109 212
3 109 213 212
3 109 111 213
3 111 214 213
3 111 113 214
3 113 215 214
3 113 115 215
3 115 216 215
3 115 118 216
3 118 217 216
3 118 120 217
3 120 218 217
3 120 121 218
3 121 219 218
3 121 123 219
3 123 220 219
3 123 125 220
3 125 221 220
3 125 127 221
3 127 222 221
3 127 129 222
3 129 223 222
3 129 131 223
3 131 224 223
3 131 133 224
3 133 225 224
3 133 135 225
3 135 226 225
3 135 137 226
3 137 227 226
3 137 139 227
3 139 228 227
3 139 141 228
3 141 229 228
3 141 143 229
3 143 230 229
3 143 145 230
3 145 231 230
3 145 147 231
3 147 232 231
3 147 149 232
3 149 233 232
3 149 151 233
3 151 234 233
3 151 153 234
3 153 235 234
3 153 155 235
3 155 236 235
3 155 157 236
3 157 237 236
3 157 159 237
3 159 238 237
3 159 161 238
3 161 239 238
3 161 163 239
3 163 240 239
3 163 165 240
3 165 241 240
3 165 167 241
3 167 242 241
3 167 169 242
3 169 243 242
3 169 171 243
3 171 244 243
3 171 173 244
3 173 245 244
3 173 174 245
3 174 246 245
3 174 175 246
3 175 176 246
3 246 176 247
3 176 177 247
3 247 177 248
3 177 178 248
3 248 178 249
3 178 250 249
3 178 179 250
3 179 251 250
3 179 180 251
3 180 252 251
3 180 181 252
3 181 253 252
3 181 182 253
3 182 254 253
3 182 183 254
3 183 255 254
3 183 184 255
3 184 256 255
3 184 185 256
3 185 257 256
3 185 186 257
3 186 258 257
3 186 187 258
3 187 259 258
3 187 188 259
3 188 189 259
3 259 189 260
3 189 190 260
3 260 190 261
3 190 191 261
3 261 191 262
3 191 192 262
3 262 192 263
3 192 193 263
3 263 193 264
3 193 194 264
3 264 194 265
3 194 195 265
3 265 195 266
3 195 196 266
3 266 196 267
3 197 198 268
3 268 198 269
3 198 199 269
3 269 199 270
3 199 200 270
3 270 200 271
3 200 201 271
3 271 201 272
3 201 202 272
3 272 202 273
3 202 274 273
3 202 203 274
3 203 275 274
3 203 204 275
3 204 276 275
3 204 205 276
3 205 277 276
3 205 206 277
3 206 278 277
3 206 207 278
3 207 279 278
3 207 208 279
3 208 280 279
3 208 209 280
3 209 210 280
3 280 210 281
3 210 211 281
3 281 211 282
3 211 212 282
3 282 212 283
3 212 213 283
3 283 213 284
3 213 285 284
3 213 214 285
3 214 286 285
3 214 215 286
3 215 216 286
3 286 216 287
3 216 217 287
3 287 217 288
3 217 218 288
3 288 218 289
3 218 219 289
3 289 219 290
3 219 220 290
3 290 220 291
3 220 221 291
3 291 221 292
3 221 222 292
3 292 222 293
3 222 223 293
3 293 223 294
3 223 224 294
3 294 224 295
3 224 225 295
3 295 225 296
3 225 226 296
3 296 226 297
3 226 227 297
3 297 227 298
3 227 228 298
3 298 228 299
3 228 229 299
3 299 229 300
3 229 230 300
3 300 230 301
3 230 231 301
3 301 231 302
3 231 232 302
3 302 232 303
3 232 233 303
3 303 233 304
3 233 234 304
3 304 234 305
3 234 235 305
3 305 235 306
3 235 236 306
3 306 236 307
3 236 237 307
3 307 237 308
3 237 238 308
3 308 238 309
3 238 239 309
3 309 239 310
3 239 240 310
3 310 240 311
3 240 241 311
3 311 241 312
3 241 242 312
3 312 242 313
3 242 243 313
3 313 243 314
3 243 244 314
3 314 244 315
3 244 245 315
3 315 245 316
3 245 246 316
3 316 246 317
3 246 247 317
3 317 247 318
3 247 248 318
3 318 248 319
3 248 249 319
3 319 249 320
3 249 250 320
3 320 250 321
3 250 251 321
3 321 251 322
3 251 252 322
3 322 252 323
3 252 253 323
3 323 253 324
3 253 254 324
3 324 254 325
3 254 255 325
3 325 255 326
3 255 256 326
3 326 256 327
3 256 257 327
3 327 257 328
3 257 258 328
3 328 258 329
3 258 259 329
3 329 259 330
3 259 260 330
3 330 260 331
3 260 261 331
3 331 261 332
3 261 262 332
3 332 262 333
3 262 263 333
3 333 263 334
3 263 264 334
3 334 264 335
3 264 265 335
3 335 265 336
3 265 266 336
3 336 266 337
3 266 267 337
3 268 338 339
3 268 269 338
3 269 340 338
3 269 270 340
3 270 271 340
3 340 271 341
3 271 342 341
3 271 272 342
3 272 343 342
3 272 273 343
3 273 274 343
3 343 274 344
3 274 345 344
3 274 275 345
3 275 346 345
3 275 276 346
3 276 347 346
3 276 277 347
3 277 348 347
3 277 278 348
3 278 349 348
3 278 279 349
3 279 350 349
3 279 280 350
3 280 281 350
3 350 281 351
3 281 352 351
3 281 282 352
3 282 283 352
3 352 283 353
3 283 284 353
3 353 284 354
3 284 285 354
3 354 285 355
3 285 286 355
3 355 286 356
3 286 287 356
3 356 287 357
3 287 288 357
3 357 288 358
3 288 289 358
3 358 289 359
3 289 290 359
3 359 290 360
3 290 291 360
3 360 291 361
3 291 292 361
3 361 292 362
3 292 293 362
3 362 293 363
3 293 294 363
3 363 294 364
3 294 295 364
3 364 295 365
3 295 296 365
3 365 296 366
3 296 297 366
3 366 297 367
3 297 298 367
3 367 298 368
3 298 299 368
3 368 299 369
3 299 300 369
3 369 300 370
3 300 301 370
3 370 301 371
3 301 302 371
3 371 302 372
3 302 303 372
3 372 303 373
3 303 304 373
3 373 304 374
3 304 305 374
3 374 305 375
3 305 306 375
3 375 306 376
3 306 307 376
3 376 307 377
3 307 308 377
3 377 308 378
3 308 309 378
3 378 309 379
3 309 310 379
3 379 310 380
3 310 311 380
3 380 311 381
3 311 312 381
3 381 312 382
3 312 313 382
3 382 313 383
3 313 314 383
3 383 314 384
3 314 315 384
3 384 315 385
3 315 316 385
3 385 316 386
3 316 317 386
3 386 317 387
3 317 318 387
3 387 318 388
3 318 319 388
3 388 319 389
3 319 320 389
3 389 320 390
3 320 321 390
3 390 321 391
3 321 322 391
3 391 322 392
3 322 323 392
3 392 323 393
3 323 324 393
3 393 324 394
3 324 325 394
3 394 325 395
3 325 326 395
3 395 326 396
3 326 327 396
3 396 327 397
3 327 328 397
3 397 328 398
3 328 329 398
3 398 329 399
3 329 330 399
3 399 330 400
3 330 331 400
3 400 331 401
3 331 332 401
3 401 332 402
3 332 333 402
3 402 333 403
3 333 334 403
3 403 334 404
3 334 335 404
3 404 335 405
3 335 336 405
3 405 336 406
3 336 337 406
3 406 337 407
3 339 408 409
3 339 338 408
3 338 410 408
3 338 340 410
3 340 411 410
3 340 341 411
3 341 412 411
3 341 342 412
3 342 413 412
3 342 343 413
3 343 414 413
3 343 344 414
3 344 415 414
3 344 345 415
3 345 416 415
3 345 346 416
3 346 417 416
3 346 347 417
3 347 418 417
3 347 348 418
3 348 419 418
3 348 349 419
3 349 420 419
3 349 350 420
3 350 351 420
3 420 351 421
3 351 422 421
3 351 352 422
3 352 353 422
3 422 353 423
3 353 424 423
3 353 354 424
3 354 425 424
3 354 355 425
3 355 426 425
3 355 356 426
3 356 357 426
3 426 357 427
3 357 358 427
3 427 358 428
3 358 359 428
3 428 359 429
3 359 360 429
3 429 360 430
3 360 361 430
3 430 361 431
3 361 362 431
3 431 362 432
3 362 363 432
3 432 363 433
3 363 364 433
3 433 364 434
3 364 365 434
3 434 365 435
3 365 366 435
3 435 366 436
3 366 367 436
3 436 367 437
3 367 438 437
3 367 368 438
3 368 439 438
3 368 369 439
3 369 440 439
3 369 370 440
3 370 441 440
3 370 371 441
3 371 442 441
3 371 372 442
3 372 373 442
3 442 373 443
3 373 444 443
3 373 374 444
3 374 445 444
3 374 375 445
3 375 446 445
3 375 376 446
3 376 447 446
3 376 377 447
3 377 448 447
3 377 378 448
3 378 449 448
3 378 379 449
3 379 450 449
3 379 380 450
3 380 451 450
3 380 381 451
3 381 382 451
3 451 382 452
3 382 383 452
3 452 383 453
3 383 454 453
3 383 384 454
3 384 455 454
3 384 385 455
3 385 456 455
3 385 386 456
3 386 457 456
3 386 387 457
3 387 388 457
3 457 388 458
3 388 389 458
3 458 389 459
3 389 390 459
3 459 390 460
3 390 391 460
3 460 391 461
3 391 392 461
3 461 392 462
3 392 393 462
3 462 393 463
3 393 394 463
3 463 394 464
3 394 395 464
3 464 395 465
3 395 396 465
3 465 396 466
3 396 397 466
3 466 397 467
3 397 398 467
3 467 398 468
3 398 399 468
3 468 399 469
3 399 400 469
3 469 400 470
3 400 401 470
3 470 401 471
3 401 402 471
3 471 402 472
3 402 403 472
3 472 403 473
3 403 404 473
3 473 404 474
3 404 405 474
3 474 405 475
3 405 406 475
3 475 406 476
3 406 407 476
3 476 407 477
3 409 478 479
3 409 408 478
3 408 480 478
3 408 410 480
3 410 481 480
3 410 411 481
3 411 482 481
3 411 412 482
3 412 483 482
3 412 413 483
3 413 484 483
3 413 414 484
3 414 485 484
3 414 415 485
3 415 486 485
3 415 416 486
3 416 487 486
3 416 417 487
3 417 488 487
3 417 418 488
3 418 489 488
3 418 419 489
3 419 420 489
3 489 420 490
3 420 421 490
3 490 421 491
3 421 422 491
3 491 422 492
3 422 423 492
3 492 423 493
3 423 424 493
3 493 424 494
3 424 495 494
3 424 425 495
3 425 496 495
3 425 426 496
3 426 427 496
3 496 427 497
3 427 428 497
3 497 428 498
3 428 429 498
3 498 429 499
3 429 430 499
3 499 430 500
3 430 431 500
3 500 431 501
3 431 502 501
3 431 432 502
3 432 503 502
3 432 433 503
3 433 434 503
3 503 434 504
3 434 505 504
3 434 435 505
3 435 506 505
3 435 436 506
3 436 507 506
3 436 437 507
3 437 508 507
3 437 438 508
3 438 509 508
3 438 439 509
3 439 510 509
3 439 440 510
3 440 511 510
3 440 441 511
3 441 512 511
3 441 442 512
3 442 513 512
3 442 443 513
3 443 514 513
3 443 444 514
3 444 515 514
3 444 445 515
3 445 516 515
3 445 446 516
3 446 517 516
3 446 447 517
3 447 518 517
3 447 448 518
3 448 519 518
3 448 449 519
3 449 520 519
3 449 450 520
3 450 521 520
3 450 451 521
3 451 522 521
3 451 452 522
3 452 523 522
3 452 453 523
3 453 524 523
3 453 454 524
3 454 525 524
3 454 455 525
3 455 526 525
3 455 456 526
3 456 527 526
3 456 457 527
3 457 528 527
3 457 458 528
3 458 529 528
3 458 459 529
3 459 530 529
3 459 460 530
3 460 531 530
3 460 461 531
3 461 532 531
3 461 462 532
3 462 533 532
3 462 463 533
3 463 534 533
3 463 464 534
3 464 535 534
3 464 465 535
3 465 536 535
3 465 466 536
3 466 537 536
3 466 467 537
3 467 538 537
3 467 468 538
3 468 539 538
3 468 469 539
3 469 540 539
3 469 470 540
3 470 471 540
3 540 471 541
3 471 472 541
3 541 472 542
3 472 473 542
3 542 473 543
3 473 474 543
3 543 474 544
3 474 545 544
3 474 475 545
3 475 546 545
3 475 476 546
3 476 547 546
3 476 477 547
3 548 478 549
3 478 480 549
3 549 480 550
3 480 481 550
3 550 481 551
3 481 552 551
3 481 482 552
3 482 553 552
3 482 483 553
3 483 554 553
3 483 484 554
3 484 485 554
3 554 485 555
3 485 556 555
3 485 486 556
3 486 487 556
3 556 487 557
3 487 488 557
3 557 488 558
3 488 489 558
3 558 489 559
3 489 490 559
3 559 490 560
3 490 491 560
3 560 491 561
3 491 492 561
3 561 492 562
3 492 493 562
3 562 493 563
3 493 494 563
3 563 494 564
3 494 495 564
3 564 495 565
3 495 496 565
3 565 496 566
3 496 497 566
3 566 497 567
3 497 498 567
3 567 498 568
3 498 499 568
3 568 499 569
3 499 500 569
3 569 500 570
3 500 501 570
3 570 501 571
3 501 502 571
3 571 502 572
3 502 503 572
3 572 503 573
3 503 504 573
3 573 504 574
3 504 505 574
3 574 505 575
3 505 506 575
3 575 506 576
3 506 577 576
3 506 507 577
3 507 578 577
3 507 508 578
3 508 579 578
3 508 509 579
3 509 580 579
3 509 510 580
3 510 581 580
3 510 511 581
3 511 582 581
3 511 512 582
3 512 583 582
3 512 513 583
3 513 584 583
3 513 514 584
3 514 585 584
3 514 515 585
3 515 586 585
3 515 516 586
3 516 587 586
3 516 517 587
3 517 588 587
3 517 518 588
3 518 589 588
3 518 519 589
3 519 590 589
3 519 520 590
3 520 591 590
3 520 521 591
3 521 592 591
3 521 522 592
3 522 593 592
3 522 523 593
3 523 594 593
3 523 524 594
3 524 595 594
3 524 525 595
3 525 596 595
3 525 526 596
3 526 597 596
3 526 527 597
3 527 598 597
3 527 528 598
3 528 599 598
3 528 529 599
3 529 600 599
3 529 530 600
3 530 601 600
3 530 531 601
3 531 602 601
3 531 532 602
3 532 603 602
3 532 533 603
3 533 604 603
3 533 534 604
3 534 605 604
3 534 535 605
3 535 606 605
3 535 536 606
3 536 607 606
3 536 537 607
3 537 608 607
3 537 538 608
3 538 609 608
3 538 539 609
3 539 610 609
3 539 540 610
3 540 541 610
3 610 541 611
3 541 542 611
3 611 542 612
3 542 543 612
3 612 543 613
3 543 614 613
3 543 544 614
3 544 615 614
3 544 545 615
3 545 616 615
3 545 546 616
3 546 617 616
3 546 547 617
3 548 618 619
3 548 549 618
3 549 550 618
3 618 550 620
3 550 551 620
3 620 551 621
3 551 622 621
3 551 552 622
3 552 623 622
3 552 553 623
3 553 624 623
3 553 554 624
3 554 555 624
3 624 555 625
3 555 626 625
3 555 556 626
3 556 557 626
3 626 557 627
3 557 628 627
3 557 558 628
3 558 629 628
3 558 559 629
3 559 560 629
3 629 560 630
3 560 561 630
3 630 561 631
3 561 562 631
3 631 562 632
3 562 563 632
3 632 563 633
3 563 564 633
3 633 564 634
3 564 565 634
3 634 565 635
3 565 566 635
3 635 566 636
3 566 567 636
3 636 567 637
3 567 568 637
3 637 568 638
3 568 569 638
3 638 569 639
3 569 570 639
3 639 570 640
3 570 571 640
3 640 571 641
3 571 572 641
3 641 572 642
3 572 573 642
3 642 573 643
3 573 574 643
3 643 574 644
3 574 575 644
3 644 575 645
3 575 646 645
3 575 576 646
3 576 647 646
3 576 577 647
3 577 648 647
3 577 578 648
3 578 649 648
3 578 579 649
3 579 650 649
3 579 580 650
3 580 651 650
3 580 581 651
3 581 652 651
3 581 582 652
3 582 653 652
3 582 583 653
3 583 654 653
3 583 584 654
3 584 655 654
3 584 585 655
3 585 656 655
3 585 586 656
3 586 657 656
3 586 587 657
3 587 658 657
3 587 588 658
3 588 659 658
3 588 589 659
3 589 660 659
3 589 590 660
3 590 661 660
3 590 591 661
3 591 662 661
3 591 592 662
3 592 663 662
3 592 593 663
3 593 664 663
3 593 594 664
3 594 665 664
3 594 595 665
3 595 666 665
3 595 596 666
3 596 667 666
3 596 597 667
3 597 668 667
3 597 598 668
3 598 669 668
3 598 599 669
3 599 670 669
3 599 600 670
3 600 671 670
3 600 601 671
3 601 672 671
3 601 602 672
3 602 673 672
3 602 603 673
3 603 674 673
3 603 604 674
3 604 675 674
3 604 605 675
3 605 676 675
3 605 606 676
3 606 677 676
3 606 607 677
3 607 678 677
3 607 608 678
3 608 679 678
3 608 609 679
3 609 680 679
3 609 610 680
3 610 681 680
3 610 611 681
3 611 612 681
3 681 612 682
3 612 613 682
3 682 613 683
3 613 684 683
3 613 614 684
3 614 685 684
3 614 615 685
3 615 686 685
3 615 616 686
3 616 687 686
3 616 617 687
3 688 618 689
3 618 620 689
3 689 620 690
3 620 621 690
3 690 621 691
3 621 622 691
3 691 622 692
3 622 623 692
3 692 623 693
3 623 624 693
3 693 624 694
3 624 625 694
3 694 625 695
3 625 626 695
3 695 626 696
3 626 627 696
3 696 627 697
3 627 628 697
3 697 628 698
3 628 629 698
3 698 629 699
3 629 630 699
3 699 630 700
3 630 631 700
3 700 631 701
3 631 632 701
3 701 632 702
3 632 633 702
3 702 633 703
3 633 634 703
3 703 634 704
3 634 635 704
3 704 635 705
3 635 636 705
3 705 636 706
3 636 637 706
3 706 637 707
3 637 638 707
3 707 638 708
3 638 639 708
3 708 639 709
3 639 640 709
3 709 640 710
3 640 641 710
3 710 641 711
3 641 642 711
3 711 642 712
3 642 643 712
3 712 643 713
3 643 644 713
3 713 644 714
3 644 645 714
3 714 645 715
3 645 646 715
3 715 646 716
3 646 647 716
3 716 647 717
3 647 718 717
3 647 648 718
3 648 719 718
3 648 649 719
3 649 720 719
3 649 650 720
3 650 721 720
3 650 651 721
3 651 722 721
3 651 652 722
3 652 653 722
3 722 653 723
3 653 654 723
3 723 654 724
3 654 725 724
3 654 655 725
3 655 726 725
3 655 656 726
3 656 727 726
3 656 657 727
3 657 728 727
3 657 658 728
3 658 729 728
3 658 659 729
3 659 730 729
3 659 660 730
3 660 731 730
3 660 661 731
3 661 732 731
3 661 662 732
3 662 733 732
3 662 663 733
3 663 734 733
3 663 664 734
3 664 735 734
3 664 665 735
3 665 736 735
3 665 666 736
3 666 737 736
3 666 667 737
3 667 738 737
3 667 668 738
3 668 739 738
3 668 669 739
3 669 740 739
3 669 670 740
3 670 741 740
3 670 671 741
3 671 742 741
3 671 672 742
3 672 743 742
3 672 673 743
3 673 744 743
3 673 674 744
3 674 745 744
3 674 675 745
3 675 746 745
3 675 676 746
3 676 747 746
3 676 677 747
3 677 748 747
3 677 678 748
3 678 749 748
3 678 679 749
3 679 750 749
3 679 680 750
3 680 751 750
3 680 681 751
3 681 752 751
3 681 682 752
3 682 753 752
3 682 683 753
3 683 754 753
3 683 684 754
3 684 755 754
3 684 685 755
3 685 756 755
3 685 686 756
3 686 757 756
3 686 687 757
3 687 758 757
3 688 689 759
3 759 689 760
3 689 690 760
3 760 690 761
3 690 691 761
3 761 691 762
3 691 692 762
3 762 692 763
3 692 693 763
3 763 693 764
3 693 694 764
3 764 694 765
3 694 695 765
3 765 695 766
3 695 696 766
3 766 696 767
3 696 697 767
3 767 697 768
3 697 698 768
3 768 698 769
3 698 699 769
3 769 699 770
3 699 700 770
3 770 700 771
3 700 701 771
3 771 701 772
3 701 702 772
3 772 702 773
3 702 703 773
3 773 703 774
3 703 704 774
3 774 704 775
3 704 705 775
3 775 705 776
3 705 706 776
3 776 706 777
3 706 707 777
3 777 707 778
3 707 708 778
3 778 708 779
3 708 709 779
3 779 709 780
3 709 710 780
3 780 710 781
3 710 711 781
3 781 711 782
3 711 712 782
3 782 712 783
3 712 713 783
3 783 713 784
3 713 714 784
3 784 714 785
3 714 786 785
3 714 715 786
3 715 787 786
3 715 716 787
3 716 788 787
3 716 717 788
3 717 789 788
3 717 718 789
3 718 790 789
3 718 719 790
3 719 791 790
3 719 720 791
3 720 721 791
3 791 721 792
3 721 793 792
3 721 722 793
3 722 794 793
3 722 723 794
3 723 795 794
3 723 724 795
3 724 796 795
3 724 725 796
3 725 797 796
3 725 726 797
3 726 798 797
3 726 727 798
3 727 799 798
3 727 728 799
3 728 800 799
3 728 729 800
3 729 801 800
3 729 730 801
3 730 802 801
3 730 731 802
3 731 803 802
3 731 732 803
3 732 804 803
3 732 733 804
3 733 805 804
3 733 734 805
3 734 806 805
3 734 735 806
3 735 807 806
3 735 736 807
3 736 808 807
3 736 737 808
3 737 809 808
3 737 738 809
3 738 810 809
3 738 739 810
3 739 811 810
3 739 740 811
3 740 812 811
3 740 741 812
3 741 813 812
3 741 742 813
3 742 814 813
3 742 743 814
3 743 815 814
3 743 744 815
3 744 816 815
3 744 745 816
3 745 817 816
3 745 746 817
3 746 818 817
3 746 747 818
3 747 819 818
3 747 748 819
3 748 820 819
3 748 749 820
3 749 821 820
3 749 750 821
3 750 822 821
3 750 751 822
3 751 823 822
3 751 752 823
3 752 824 823
3 752 753 824
3 753 825 824
3 753 754 825
3 754 826 825
3 754 755 826
3 755 827 826
3 755 756 827
3 756 828 827
3 756 757 828
3 757 829 828
3 757 758 829
3 758 830 829
3 759 760 831
3 760 832 831
3 760 761 832
3 761 833 832
3 761 762 833
3 762 834 833
3 762 763 834
3 763 835 834
3 763 764 835
3 764 836 835
3 764 765 836
3 765 837 836
3 765 766 837
3 766 838 837
3 766 767 838
3 767 839 838
3 767 768 839
3 768 840 839
3 768 769 840
3 769 841 840
3 769 770 841
3 770 842 841
3 770 771 842
3 771 772 842
3 842 772 843
3 772 773 843
3 843 773 844
3 773 774 844
3 844 774 845
3 774 775 845
3 845 775 846
3 775 776 846
3 846 776 847
3 776 777 847
3 847 777 848
3 777 778 848
3 848 778 849
3 778 779 849
3 849 779 850
3 779 780 850
3 850 780 851
3 780 852 851
3 780 781 852
3 781 853 852
3 781 782 853
3 782 854 853
3 782 783 854
3 783 855 854
3 783 784 855
3 784 856 855
3 784 785 856
3 785 857 856
3 785 786 857
3 786 858 857
3 786 787 858
3 787 859 858
3 787 788 859
3 788 860 859
3 788 789 860
3 789 861 860
3 789 790 861
3 790 862 861
3 790 791 862
3 791 863 862
3 791 792 863
3 792 864 863
3 792 793 864
3 793 865 864
3 793 794 865
3 794 866 865
3 794 795 866
3 795 867 866
3 795 796 867
3 796 868 867
3 796 797 868
3 797 869 868
3 797 798 869
3 798 870 869
3 798 799 870
3 799 871 870
3 799 800 871
3 800 872 871
3 800 801 872
3 801 873 872
3 801 802 873
3 802 874 873
3 802 803 874
3 803 875 874
3 803 804 875
3 804 876 875
3 804 805 876
3 805 877 876
3 805 806 877
3 806 878 877
3 806 807 878
3 807 879 878
3 807 808 879
3 808 880 879
3 808 809 880
3 809 881 880
3 809 810 881
3 810 882 881
3 810 811 882
3 811 883 882
3 811 812 883
3 812 884 883
3 812 813 884
3 813 885 884
3 813 814 885
3 814 886 885
3 814 815 886
3 815 887 886
3 815 816 887
3 816 888 887
3 816 817 888
3 817 889 888
3 817 818 889
3 818 890 889
3 818 819 890
3 819 891 890
3 819 820 891
3 820 892 891
3 820 821 892
3 821 893 892
3 821 822 893
3 822 894 893
3 822 823 894
3 823 895 894
3 823 824 895
3 824 896 895
3 824 825 896
3 825 897 896
3 825 826 897
3 826 898 897
3 826 827 898
3 827 899 898
3 827 828 899
3 828 900 899
3 828 829 900
3 829 901 900
3 829 830 901
3 830 902 901
3 831 903 904
3 831 832 903
3 832 905 903
3 832 833 905
3 833 906 905
3 833 834 906
3 834 907 906
3 834 835 907
3 835 908 907
3 835 836 908
3 836 909 908
3 836 837 909
3 837 910 909
3 837 838 910
3 838 911 910
3 838 839 911
3 839 912 911
3 839 840 912
3 840 913 912
3 840 841 913
3 841 914 913
3 841 842 914
3 842 915 914
3 842 843 915
3 843 916 915
3 843 844 916
3 844 845 916
3 916 845 917
3 845 846 917
3 917 846 918
3 846 919 918
3 846 847 919
3 847 920 919
3 847 848 920
3 848 849 920
3 920 849 921
3 849 850 921
3 921 850 922
3 850 851 922
3 922 851 923
3 851 924 923
3 851 852 924
3 852 925 924
3 852 853 925
3 853 926 925
3 853 854 926
3 854 927 926
3 854 855 927
3 855 928 927
3 855 856 928
3 856 929 928
3 856 857 929
3 857 930 929
3 857 858 930
3 858 931 930
3 858 859 931
3 859 932 931
3 859 860 932
3 860 933 932
3 860 861 933
3 861 934 933
3 861 862 934
3 862 935 934
3 862 863 935
3 863 936 935
3 863 864 936
3 864 937 936
3 864 865 937
3 865 938 937
3 865 866 938
3 866 939 938
3 866 867 939
3 867 940 939
3 867 868 940
3 868 941 940
3 868 869 941
3 869 942 941
3 869 870 942
3 870 943 942
3 870 871 943
3 871 944 943
3 871 872 944
3 872 945 944
3 872 873 945
3 873 946 945
3 873 874 946
3 874 947 946
3 874 875 947
3 875 948 947
3 875 876 948
3 876 949 948
3 876 877 949
3 877 950 949
3 877 878 950
3 878 951 950
3 878 879 951
3 879 952 951
3 879 880 952
3 880 953 952
3 880 881 953
3 881 954 953
3 881 882 954
3 882 955 954
3 882 883 955
3 883 956 955
3 883 884 956
3 884 957 956
3 884 885 957
3 885 958 957
3 885 886 958
3 886 959 958
3 886 887 959
3 887 960 959
3 887 888 960
3 888 961 960
3 888 889 961
3 889 962 961
3 889 890 962
3 890 963 962
3 890 891 963
3 891 964 963
3 891 892 964
3 892 965 964
3 892 893 965
3 893 966 965
3 893 894 966
3 894 967 966
3 894 895 967
3 895 968 967
3 895 896 968
3 896 969 968
3 896 897 969
3 897 970 969
3 897 898 970
3 898 971 970
3 898 899 971
3 899 972 971
3 899 900 972
3 900 973 972
3 900 901 973
3 901 902 973
3 973 902 974
3 902 975 974
3 974 975 976
3 904 903 977
3 903 978 977
3 903 905 978
3 905 979 978
3 905 906 979
3 906 980 979
3 906 907 980
3 907 981 980
3 907 908 981
3 908 982 981
3 908 909 982
3 909 983 982
3 909 910 983
3 910 984 983
3 910 911 984
3 911 985 984
3 911 912 985
3 912 986 985
3 912 913 986
3 913 987 986
3 913 914 987
3 914 988 987
3 914 915 988
3 915 989 988
3 915 916 989
3 916 990 989
3 916 917 990
3 917 991 990
3 917 918 991
3 918 992 991
3 918 919 992
3 919 993 992
3 919 920 993
3 920 994 993
3 920 921 994
3 921 995 994
3 921 922 995
3 922 996 995
3 922 923 996
3 923 997 996
3 923 924 997
3 924 998 997
3 924 925 998
3 925 999 998
3 925 926 999
3 926 1000 999
3 926 927 1000
3 927 1001 1000
3 927 928 1001
3 928 1002 1001
3 928 929 1002
3 929 1003 1002
3 929 930 1003
3 930 1004 1003
3 930 931 1004
3 931 1005 1004
3 931 932 1005
3 932 1006 1005
3 932 933 1006
3 933 1007 1006
3 933 934 1007
3 934 1008 1007
3 934 935 1008
3 935 1009 1008
3 935 936 1009
3 936 1010 1009
3 936 937 1010
3 937 1011 1010
3 937 938 1011
3 938 1012 1011
3 938 939 1012
3 939 1013 1012
3 939 940 1013
3 940 1014 1013
3 940 941 1014
3 941 1015 1014
3 941 942 1015
3 942 1016 1015
3 942 943 1016
3 943 1017 1016
3 943 944 1017
3 944 1018 1017
3 944 945 1018
3 945 1019 1018
3 945 946 1019
3 946 1020 1019
3 946 947 1020
3 947 1021 1020
3 947 948 1021
3 948 1022 1021
3 948 949 1022
3 949 1023 1022
3 949 950 1023
3 950 1024 1023
3 950 951 1024
3 951 1025 1024
3 951 952 1025
3 952 1026 1025
3 952 953 1026
3 953 1027 1026
3 953 954 1027
3 954 1028 1027
3 954 955 1028
3 955 1029 1028
3 955 956 1029
3 956 1030 1029
3 956 957 1030
3 957 1031 1030
3 957 958 1031
3 958 1032 1031
3 958 959 1032
3 959 1033 1032
3 959 960 1033
3 960 1034 1033
3 960 961 1034
3 961 1035 1034
3 961 962 1035
3 962 1036 1035
3 962 963 1036
3 963 1037 1036
3 963 964 1037
3 964 1038 1037
3 964 965 1038
3 965 1039 1038
3 965 966 1039
3 966 1040 1039
3 966 967 1040
3 967 1041 1040
3 967 968 1041
3 968 1042 1041
3 968 969 1042
3 969 1043 1042
3 969 970 1043
3 970 1044 1043
3 970 971 1044
3 971 1045 1044
3 971 972 1045
3 972 1046 1045
3 972 973 1046
3 973 974 1046
3 1046 974 1047
3 974 976 1047
3 1047 976 1048
3 977 1049 1050
3 977 978 1049
3 978 1051 1049
3 978 979 1051
3 979 1052 1051
3 979 980 1052
3 980 1053 1052
3 980 981 1053
3 981 1054 1053
3 981 982 1054
3 982 1055 1054
3 982 983 1055
3 983 1056 1055
3 983 984 1056
3 984 1057 1056
3 984 985 1057
3 985 1058 1057
3 985 986 1058
3 986 1059 1058
3 986 987 1059
3 987 1060 1059
3 987 988 1060
3 988 1061 1060
3 988 989 1061
3 989 1062 1061
3 989 990 1062
3 990 1063 1062
3 990 991 1063
3 991 1064 1063
3 991 992 1064
3 992 1065 1064
3 992 993 1065
3 993 1066 1065
3 993 994 1066
3 994 1067 1066
3 994 995 1067
3 995 1068 1067
3 995 996 1068
3 996 1069 1068
3 996 997 1069
3 997 1070 1069
3 997 998 1070
3 998 1071 1070
3 998 999 1071
3 999 1072 1071
3 999 1000 1072
3 1000 1073 1072
3 1000 1001 1073
3 1001 1074 1073
3 1001 1002 1074
3 1002 1075 1074
3 1002 1003 1075
3 1003 1076 1075
3 1003 1004 1076
3 1004 1077 1076
3 1004 1005 1077
3 1005 1078 1077
3 1005 1006 1078
3 1006 1079 1078
3 1006 1007 1079
3 1007 1080 1079
3 1007 1008 1080
3 1008 1081 1080
3 1008 1009 1081
3 1009 1082 1081
3 1009 1010 1082
3 1010 1083 1082
3 1010 1011 1083
3 1011 1012 1083
3 1083 1012 1084
3 1012 1013 1084
3 1084 1013 1085
3 1013 1086 1085
3 1013 1014 1086
3 1014 1087 1086
3 1014 1015 1087
3 1015 1016 1087
3 1087 1016 1088
3 1016 1089 1088
3 1016 1017 1089
3 1017 1090 1089
3 1017 1018 1090
3 1018 1091 1090
3 1018 1019 1091
3 1019 1092 1091
3 1019 1020 1092
3 1020 1093 1092
3 1020 1021 1093
3 1021 1094 1093
3 1021 1022 1094
3 1022 1095 1094
3 1022 1023 1095
3 1023 1096 1095
3 1023 1024 1096
3 1024 1097 1096
3 1024 1025 1097
3 1025 1098 1097
3 1025 1026 1098
3 1026 1099 1098
3 1026 1027 1099
3 1027 1100 1099
3 1027 1028 1100
3 1028 1101 1100
3 1028 1029 1101
3 1029 1102 1101
3 1029 1030 1102
3 1030 1103 1102
3 1030 1031 1103
3 1031 1104 1103
3 1031 1032 1104
3 1032 1105 1104
3 1032 1033 1105
3 1033 1106 1105
3 1033 1034 1106
3 1034 1107 1106
3 1034 1035 1107
3 1035 1108 1107
3 1035 1036 1108
3 1036 1109 1108
3 1036 1037 1109
3 1037 1110 1109
3 1037 1038 1110
3 1038 1111 1110
3 1038 1039 1111
3 1039 1112 1111
3 1039 1040 1112
3 1040 1113 1112
3 1040 1041 1113
3 1041 1114 1113
3 1041 1042 1114
3 1042 1115 1114
3 1042 1043 1115
3 1043 1116 1115
3 1043 1044 1116
3 1044 1117 1116
3 1044 1045 1117
3 1045 1118 1117
3 1045 1046 1118
3 1046 1047 1118
3 1118 1047 1119
3 1047 1048 1119
3 1119 1048 1120
3 1050 1049 1121
3 1049 1122 1121
3 1049 1051 1122
3 1051 1123 1122
3 1051 1052 1123
3 1052 1124 1123
3 1052 1053 1124
3 1053 1125 1124
3 1053 1054 1125
3 1054 1126 1125
3 1054 1055 1126
3 1055 1127 1126
3 1055 1056 1127
3 1056 1128 1127
3 1056 1057 1128
3 1057 1129 1128
3 1057 1058 1129
3 1058 1130 1129
3 1058 1059 1130
3 1059 1131 1130
3 1059 1060 1131
3 1060 1132 1131
3 1060 1061 1132
3 1061 1133 1132
3 1061 1062 1133
3 1062 1134 1133
3 1062 1063 1134
3 1063 1135 1134
3 1063 1064 1135
3 1064 1136 1135
3 1064 1065 1136
3 1065 1137 1136
3 1065 1066 1137
3 1066 1138 1137
3 1066 1067 1138
3 1067 1139 1138
3 1067 1068 1139
3 1068 1140 1139
3 1068 1069 1140
3 1069 1141 1140
3 1069 1070 1141
3 1070 1142 1141
3 1070 1071 1142
3 1071 1143 1142
3 1071 1072 1143
3 1072 1144 1143
3 1072 1073 1144
3 1073 1145 1144
3 1073 1074 1145
3 1074 1146 1145
3 1074 1075 1146
3 1075 1147 1146
3 1075 1076 1147
3 1076 1148 1147
3 1076 1077 1148
3 1077 1149 1148
3 1077 1078 1149
3 1078 1150 1149
3 1078 1079 1150
3 1079 1151 1150
3 1079 1080 1151
3 1080 1081 1151
3 1151 1081 1152
3 1081 1153 1152
3 1081 1082 1153
3 1082 1154 1153
3 1082 1083 1154
3 1083 1155 1154
3 1083 1084 1155
3 1084 1085 1155
3 1155 1085 1156
3 1085 1086 1156
3 1156 1086 1157
3 1086 1087 1157
3 1157 1087 1158
3 1087 1088 1158
3 1158 1088 1159
3 1088 1089 1159
3 1159 1089 1160
3 1089 1090 1160
3 1160 1090 1161
3 1090 1162 1161
3 1090 1091 1162
3 1091 1163 1162
3 1091 1092 1163
3 1092 1164 1163
3 1092 1093 1164
3 1093 1165 1164
3 1093 1094 1165
3 1094 1166 1165
3 1094 1095 1166
3 1095 1167 1166
3 1095 1096 1167
3 1096 1168 1167
3 1096 1097 1168
3 1097 1169 1168
3 1097 1098 1169
3 1098 1170 1169
3 1098 1099 1170
3 1099 1171 1170
3 1099 1100 1171
3 1100 1172 1171
3 1100 1101 1172
3 1101 1173 1172
3 1101 1102 1173
3 1102 1174 1173
3 1102 1103 1174
3 1103 1175 1174
3 1103 1104 1175
3 1104 1176 1175
3 1104 1105 1176
3 1105 1177 1176
3 1105 1106 1177
3 1106 1178 1177
3 1106 1107 1178
3 1107 1179 1178
3 1107 1108 1179
3 1108 1180 1179
3 1108 1109 1180
3 1109 1181 1180
3 1109 1110 1181
3 1110 1182 1181
3 1110 1111 1182
3 1111 1183 1182
3 1111 1112 1183
3 1112 1184 1183
3 1112 1113 1184
3 1113 1185 1184
3 1113 1114 1185
3 1114 1186 1185
3 1114 1115 1186
3 1115 1187 1186
3 1115 1116 1187
3 1116 1188 1187
3 1116 1117 1188
3 1117 1118 1188
3 1188 1118 1189
3 1118 1119 1189
3 1189 1119 1190
3 1119 1120 1190
3 1190 1120 1191
3 1121 1192 1193
3 1121 1122 1192
3 1122 1194 1192
3 1122 1123 1194
3 1123 1195 1194
3 1123 1124 1195
3 1124 1196 1195
3 1124 1125 1196
3 1125 1197 1196
3 1125 1126 1197
3 1126 1198 1197
3 1126 1127 1198
3 1127 1199 1198
3 1127 1128 1199
3 1128 1200 1199
3 1128 1129 1200
3 1129 1201 1200
3 1129 1130 1201
3 1130 1202 1201
3 1130 1131 1202
3 1131 1203 1202
3 1131 1132 1203
3 1132 1204 1203
3 1132 1133 1204
3 1133 1205 1204
3 1133 1134 1205
3 1134 1206 1205
3 1134 1135 1206
3 1135 1207 1206
3 1135 1136 1207
3 1136 1208 1207
3 1136 1137 1208
3 1137 1209 1208
3 1137 1138 1209
3 1138 1139 1209
3 1209 1139 1210
3 1139 1211 1210
3 1139 1140 1211
3 1140 1212 1211
3 1140 1141 1212
3 1141 1213 1212
3 1141 1142 1213
3 1142 1214 1213
3 1142 1143 1214
3 1143 1215 1214
3 1143 1144 1215
3 1144 1145 1215
3 1215 1145 1216
3 1145 1217 1216
3 1145 1146 1217
3 1146 1218 1217
3 1146 1147 1218
3 1147 1219 1218
3 1147 1148 1219
3 1148 1149 1219
3 1219 1149 1220
3 1149 1221 1220
3 1149 1150 1221
3 1150 1151 1221
3 1221 1151 1222
3 1151 1152 1222
3 1222 1152 1223
3 1152 1153 1223
3 1223 1153 1224
3 1153 1154 1224
3 1224 1154 1225
3 1154 1226 1225
3 1154 1155 1226
3 1155 1156 1226
3 1226 1156 1227
3 1156 1157 1227
3 1227 1157 1228
3 1157 1158 1228
3 1228 1158 1229
3 1158 1159 1229
3 1229 1159 1230
3 1159 1160 1230
3 1230 1160 1231
3 1160 1161 1231
3 1231 1161 1232
3 1161 1162 1232
3 1232 1162 1233
3 1162 1234 1233
3 1162 1163 1234
3 1163 1235 1234
3 1163 1164 1235
3 1164 1236 1235
3 1164 1165 1236
3 1165 1237 1236
3 1165 1166 1237
3 1166 1238 1237
3 1166 1167 1238
3 1167 1239 1238
3 1167 1168 1239
3 1168 1240 1239
3 1168 1169 1240
3 1169 1241 1240
3 1169 1170 1241
3 1170 1242 1241
3 1170 1171 1242
3 1171 1243 1242
3 1171 1172 1243
3 1172 1244 1243
3 1172 1173 1244
3 1173 1245 1244
3 1173 1174 1245
3 1174 1246 1245
3 1174 1175 1246
3 1175 1247 1246
3 1175 1176 1247
3 1176 1248 1247
3 1176 1177 1248
3 1177 1249 1248
3 1177 1178 1249
3 1178 1250 1249
3 1178 1179 1250
3 1179 1251 1250
3 1179 1180 1251
3 1180 1181 1251
3 1251 1181 1252
3 1181 1182 1252
3 1252 1182 1253
3 1182 1183 1253
3 1253 1183 1254
3 1183 1255 1254
3 1183 1184 1255
3 1184 1256 1255
3 1184 1185 1256
3 1185 1257 1256
3 1185 1186 1257
3 1186 1258 1257
3 1186 1187 1258
3 1187 1188 1258
3 1258 1188 1259
3 1188 1189 1259
3 1259 1189 1260
3 1189 1190 1260
3 1260 1190 1261
3 1190 1191 1261
3 1261 1191 1262
3 1193 1263 1264
3 1193 1192 1263
3 1192 1265 1263
3 1192 1194 1265
3 1194 1266 1265
3 1194 1195 1266
3 1195 1267 1266
3 1195 1196 1267
3 1196 1268 1267
3 1196 1197 1268
3 1197 1269 1268
3 1197 1198 1269
3 1198 1270 1269
3 1198 1199 1270
3 1199 1271 1270
3 1199 1200 1271
3 1200 1272 1271
3 1200 1201 1272
3 1201 1273 1272
3 1201 1202 1273
3 1202 1274 1273
3 1202 1203 1274
3 1203 1204 1274
3 1274 1204 1275
3 1204 1276 1275
3 1204 1205 1276
3 1205 1277 1276
3 1205 1206 1277
3 1206 1278 1277
3 1206 1207 1278
3 1207 1279 1278
3 1207 1208 1279
3 1208 1280 1279
3 1208 1209 1280
3 1209 1281 1280
3 1209 1210 1281
3 1210 1282 1281
3 1210 1211 1282
3 1211 1283 1282
3 1211 1212 1283
3 1212 1284 1283
3 1212 1213 1284
3 1213 1285 1284
3 1213 1214 1285
3 1214 1286 1285
3 1214 1215 1286
3 1215 1287 1286
3 1215 1216 1287
3 1216 1288 1287
3 1216 1217 1288
3 1217 1218 1288
3 1288 1218 1289
3 1218 1219 1289
3 1289 1219 1290
3 1219 1220 1290
3 1290 1220 1291
3 1220 1221 1291
3 1291 1221 1292
3 1221 1222 1292
3 1292 1222 1293
3 1222 1223 1293
3 1293 1223 1294
3 1223 1224 1294
3 1294 1224 1295
3 1224 1225 1295
3 1295 1225 1296
3 1225 1226 1296
3 1296 1226 1297
3 1226 1227 1297
3 1297 1227 1298
3 1227 1299 1298
3 1227 1228 1299
3 1228 1300 1299
3 1228 1229 1300
3 1229 1230 1300
3 1300 1230 1301
3 1230 1231 1301
3 1301 1231 1302
3 1231 1232 1302
3 1302 1232 1303
3 1232 1304 1303
3 1232 1233 1304
3 1233 1305 1304
3 1233 1234 1305
3 1234 1306 1305
3 1234 1235 1306
3 1235 1236 1306
3 1306 1236 1307
3 1236 1237 1307
3 1307 1237 1308
3 1237 1238 1308
3 1308 1238 1309
3 1238 1239 1309
3 1309 1239 1310
3 1239 1240 1310
3 1310 1240 1311
3 1240 1241 1311
3 1311 1241 1312
3 1241 1242 1312
3 1312 1242 1313
3 1242 1243 1313
3 1313 1243 1314
3 1243 1244 1314
3 1314 1244 1315
3 1244 1245 1315
3 1315 1245 1316
3 1245 1246 1316
3 1316 1246 1317
3 1246 1247 1317
3 1317 1247 1318
3 1247 1248 1318
3 1318 1248 1319
3 1248 1249 1319
3 1319 1249 1320
3 1249 1250 1320
3 1320 1250 1321
3 1250 1251 1321
3 1321 1251 1322
3 1251 1252 1322
3 1322 1252 1323
3 1252 1253 1323
3 1323 1253 1324
3 1253 1254 1324
3 1324 1254 1325
3 1254 1326 1325
3 1254 1255 1326
3 1255 1327 1326
3 1255 1256 1327
3 1256 1328 1327
3 1256 1257 1328
3 1257 1258 1328
3 1328 1258 1329
3 1258 1259 1329
3 1329 1259 1330
3 1259 1260 1330
3 1330 1260 1331
3 1260 1261 1331
3 1331 1261 1332
3 1261 1262 1332
3 1332 1262 1333
3 1264 1334 1335
3 1264 1263 1334
3 1263 1336 1334
3 1263 1265 1336
3 1265 1337 1336
3 1265 1266 1337
3 1266 1338 1337
3 1266 1267 1338
3 1267 1339 1338
3 1267 1268 1339
3 1268 1340 1339
3 1268 1269 1340
3 1269 1341 1340
3 1269 1270 1341
3 1270 1342 1341
3 1270 1271 1342
3 1271 1343 1342
3 1271 1272 1343
3 1272 1344 1343
3 1272 1273 1344
3 1273 1345 1344
3 1273 1274 1345
3 1274 1275 1345
3 1345 1275 1346
3 1275 1347 1346
3 1275 1276 1347
3 1276 1348 1347
3 1276 1277 1348
3 1277 1349 1348
3 1277 1278 1349
3 1278 1350 1349
3 1278 1279 1350
3 1279 1351 1350
3 1279 1280 1351
3 1280 1352 1351
3 1280 1281 1352
3 1281 1353 1352
3 1281 1282 1353
3 1282 1354 1353
3 1282 1283 1354
3 1283 1355 1354
3 1283 1284 1355
3 1284 1356 1355
3 1284 1285 1356
3 1285 1357 1356
3 1285 1286 1357
3 1286 1358 1357
3 1286 1287 1358
3 1287 1359 1358
3 1287 1288 1359
3 1288 1289 1359
3 1359 1289 1360
3 1289 1290 1360
3 1360 1290 1361
3 1290 1291 1361
3 1361 1291 1362
3 1291 1292 1362
3 1362 1292 1363
3 1292 1293 1363
3 1363 1293 1364
3 1293 1294 1364
3 1364 1294 1365
3 1294 1295 1365
3 1365 1295 1366
3 1295 1296 1366
3 1366 1296 1367
3 1296 1297 1367
3 1367 1297 1368
3 1297 1298 1368
3 1368 1298 1369
3 1298 1299 1369
3 1369 1299 1370
3 1299 1371 1370
3 1299 1300 1371
3 1300 1372 1371
3 1300 1301 1372
3 1301 1373 1372
3 1301 1302 1373
3 1302 1374 1373
3 1302 1303 1374
3 1303 1375 1374
3 1303 1304 1375
3 1304 1376 1375
3 1304 1305 1376
3 1305 1306 1376
3 1376 1306 1377
3 1306 1307 1377
3 1377 1307 1378
3 1307 1308 1378
3 1378 1308 1379
3 1308 1309 1379
3 1379 1309 1380
3 1309 1310 1380
3 1380 1310 1381
3 1310 1311 1381
3 1381 1311 1382
3 1311 1312 1382
3 1382 1312 1383
3 1312 1313 1383
3 1383 1313 1384
3 1313 1314 1384
3 1384 1314 1385
3 1314 1315 1385
3 1385 1315 1386
3 1315 1316 1386
3 1386 1316 1387
3 1316 1317 1387
3 1387 1317 1388
3 1317 1318 1388
3 1388 1318 1389
3 1318 1319 1389
3 1389 1319 1390
3 1319 1320 1390
3 1390 1320 1391
3 1320 1321 1391
3 1391 1321 1392
3 1321 1322 1392
3 1392 1322 1393
3 1322 1323 1393
3 1393 1323 1394
3 1323 1324 1394
3 1394 1324 1395
3 1324 1325 1395
3 1395 1325 1396
3 1325 1326 1396
3 1396 1326 1397
3 1326 1327 1397
3 1397 1327 1398
3 1327 1328 1398
3 1398 1328 1399
3 1328 1329 1399
3 1399 1329 1400
3 1329 1330 1400
3 1400 1330 1401
3 1330 1331 1401
3 1401 1331 1402
3 1331 1332 1402
3 1402 1332 1403
3 1332 1333 1403
3 1403 1333 1404
3 1335 1334 1405
3 1405 1334 1406
3 1334 1336 1406
3 1406 1336 1407
3 1336 1337 1407
3 1407 1337 1408
3 1337 1338 1408
3 1408 1338 1409
3 1338 1410 1409
3 1338 1339 1410
3 1339 1411 1410
3 1339 1340 1411
3 1340 1412 1411
3 1340 1341 1412
3 1341 1413 1412
3 1341 1342 1413
3 1342 1343 1413
3 1413 1343 1414
3 1343 1344 1414
3 1414 1344 1415
3 1344 1345 1415
3 1415 1345 1416
3 1345 1346 1416
3 1416 1346 1417
3 1346 1347 1417
3 1417 1347 1418
3 1347 1348 1418
3 1418 1348 1419
3 1348 1349 1419
3 1419 1349 1420
3 1349 1350 1420
3 1420 1350 1421
3 1350 1351 1421
3 1421 1351 1422
3 1351 1352 1422
3 1422 1352 1423
3 1352 1353 1423
3 1423 1353 1424
3 1353 1354 1424
3 1424 1354 1425
3 1354 1355 1425
3 1425 1355 1426
3 1355 1356 1426
3 1426 1356 1427
3 1356 1357 1427
3 1427 1357 1428
3 1357 1429 1428
3 1357 1358 1429
3 1358 1359 1429
3 1429 1359 1430
3 1359 1360 1430
3 1430 1360 1431
3 1360 1361 1431
3 1431 1361 1432
3 1361 1362 1432
3 1432 1362 1433
3 1362 1363 1433
3 1433 1363 1434
3 1363 1364 1434
3 1434 1364 1435
3 1364 1365 1435
3 1435 1365 1436
3 1365 1366 1436
3 1436 1366 1437
3 1366 1367 1437
3 1437 1367 1438
3 1367 1368 1438
3 1438 1368 1439
3 1368 1369 1439
3 1439 1369 1440
3 1369 1370 1440
3 1440 1370 1441
3 1370 1442 1441
3 1370 1371 1442
3 1371 1443 1442
3 1371 1372 1443
3 1372 1444 1443
3 1372 1373 1444
3 1373 1445 1444
3 1373 1374 1445
3 1374 1446 1445
3 1374 1375 1446
3 1375 1376 1446
3 1446 1376 1447
3 1376 1377 1447
3 1447 1377 1448
3 1377 1378 1448
3 1448 1378 1449
3 1378 1379 1449
3 1449 1379 1450
3 1379 1380 1450
3 1450 1380 1451
3 1380 1381 1451
3 1451 1381 1452
3 1381 1382 1452
3 1452 1382 1453
3 1382 1383 1453
3 1453 1383 1454
3 1383 1384 1454
3 1454 1384 1455
3 1384 1385 1455
3 1455 1385 1456
3 1385 1386 1456
3 1456 1386 1457
3 1386 1387 1457
3 1457 1387 1458
3 1387 1388 1458
3 1458 1388 1459
3 1388 1389 1459
3 1459 1389 1460
3 1389 1390 1460
3 1460 1390 1461
3 1390 1391 1461
3 1461 1391 1462
3 1391 1392 1462
3 1462 1392 1463
3 1392 1393 1463
3 1463 1393 1464
3 1393 1394 1464
3 1464 1394 1465
3 1394 1395 1465
3 1465 1395 1466
3 1395 1396 1466
3 1466 1396 1467
3 1396 1397 1467
3 1467 1397 1468
3 1397 1398 1468
3 1468 1398 1469
3 1398 1399 1469
3 1469 1399 1470
3 1399 1400 1470
3 1470 1400 1471
3 1400 1401 1471
3 1471 1401 1472
3 1401 1402 1472
3 1472 1402 1473
3 1402 1403 1473
3 1473 1403 1474
3 1403 1404 1474
3 1405 1406 1475
3 1475 1406 1476
3 1406 1407 1476
3 1476 1407 1477
3 1407 1478 1477
3 1407 1408 1478
3 1408 1479 1478
3 1408 1409 1479
3 1409 1480 1479
3 1409 1410 1480
3 1410 1481 1480
3 1410 1411 1481
3 1411 1482 1481
3 1411 1412 1482
3 1412 1483 1482
3 1412 1413 1483
3 1413 1484 1483
3 1413 1414 1484
3 1414 1415 1484
3 1484 1415 1485
3 1415 1416 1485
3 1485 1416 1486
3 1416 1417 1486
3 1486 1417 1487
3 1417 1418 1487
3 1487 1418 1488
3 1418 1419 1488
3 1488 1419 1489
3 1419 1490 1489
3 1419 1420 1490
3 1420 1421 1490
3 1490 1421 1491
3 1421 1422 1491
3 1491 1422 1492
3 1422 1423 1492
3 1492 1423 1493
3 1423 1494 1493
3 1423 1424 1494
3 1424 1425 1494
3 1494 1425 1495
3 1425 1426 1495
3 1495 1426 1496
3 1426 1497 1496
3 1426 1427 1497
3 1427 1498 1497
3 1427 1428 1498
3 1428 1499 1498
3 1428 1429 1499
3 1429 1430 1499
3 1499 1430 1500
3 1430 1431 1500
3 1500 1431 1501
3 1431 1432 1501
3 1501 1432 1502
3 1432 1433 1502
3 1502 1433 1503
3 1433 1434 1503
3 1503 1434 1504
3 1434 1435 1504
3 1504 1435 1505
3 1435 1436 1505
3 1505 1436 1506
3 1436 1437 1506
3 1506 1437 1507
3 1437 1438 1507
3 1507 1438 1508
3 1438 1439 1508
3 1508 1439 1509
3 1439 1440 1509
3 1509 1440 1510
3 1440 1511 1510
3 1440 1441 1511
3 1441 1512 1511
3 1441 1442 1512
3 1442 1513 1512
3 1442 1443 1513
3 1443 1514 1513
3 1443 1444 1514
3 1444 1515 1514
3 1444 1445 1515
3 1445 1446 1515
3 1515 1446 1516
3 1446 1447 1516
3 1516 1447 1517
3 1447 1448 1517
3 1517 1448 1518
3 1448 1449 1518
3 1518 1449 1519
3 1449 1450 1519
3 1519 1450 1520
3 1450 1451 1520
3 1520 1451 1521
3 1451 1452 1521
3 1521 1452 1522
3 1452 1453 1522
3 1522 1453 1523
3 1453 1454 1523
3 1523 1454 1524
3 1454 1455 1524
3 1524 1455 1525
3 1455 1456 1525
3 1525 1456 1526
3 1456 1457 1526
3 1526 1457 1527
3 1457 1458 1527
3 1527 1458 1528
3 1458 1459 1528
3 1528 1459 1529
3 1459 1460 1529
3 1529 1460 1530
3 1460 1461 1530
3 1530 1461 1531
3 1461 1462 1531
3 1531 1462 1532
3 1462 1463 1532
3 1532 1463 1533
3 1463 1464 1533
3 1533 1464 1534
3 1464 1465 1534
3 1534 1465 1535
3 1465 1466 1535
3 1535 1466 1536
3 1466 1467 1536
3 1536 1467 1537
3 1467 1468 1537
3 1537 1468 1538
3 1468 1469 1538
3 1538 1469 1539
3 1469 1470 1539
3 1539 1470 1540
3 1470 1471 1540
3 1540 1471 1541
3 1471 1472 1541
3 1541 1472 1542
3 1472 1473 1542
3 1542 1473 1543
3 1473 1474 1543
3 1543 1474 1544
3 1475 1545 1546
3 1475 1476 1545
3 1476 1547 1545
3 1476 1477 1547
3 1477 1548 1547
3 1477 1478 1548
3 1478 1549 1548
3 1478 1479 1549
3 1479 1550 1549
3 1479 1480 1550
3 1480 1551 1550
3 1480 1481 1551
3 1481 1552 1551
3 1481 1482 1552
3 1482 1553 1552
3 1482 1483 1553
3 1483 1554 1553
3 1483 1484 1554
3 1484 1555 1554
3 1484 1485 1555
3 1485 1556 1555
3 1485 1486 1556
3 1486 1487 1556
3 1556 1487 1557
3 1487 1558 1557
3 1487 1488 1558
3 1488 1559 1558
3 1488 1489 1559
3 1489 1560 1559
3 1489 1490 1560
3 1490 1491 1560
3 1560 1491 1561
3 1491 1492 1561
3 1561 1492 1562
3 1492 1493 1562
3 1562 1493 1563
3 1493 1564 1563
3 1493 1494 1564
3 1494 1565 1564
3 1494 1495 1565
3 1495 1496 1565
3 1565 1496 1566
3 1496 1497 1566
3 1566 1497 1567
3 1497 1568 1567
3 1497 1498 1568
3 1498 1569 1568
3 1498 1499 1569
3 1499 1500 1569
3 1569 1500 1570
3 1500 1501 1570
3 1570 1501 1571
3 1501 1502 1571
3 1571 1502 1572
3 1502 1503 1572
3 1572 1503 1573
3 1503 1504 1573
3 1573 1504 1574
3 1504 1505 1574
3 1574 1505 1575
3 1505 1506 1575
3 1575 1506 1576
3 1506 1507 1576
3 1576 1507 1577
3 1507 1508 1577
3 1577 1508 1578
3 1508 1579 1578
3 1508 1509 1579
3 1509 1580 1579
3 1509 1510 1580
3 1510 1581 1580
3 1510 1511 1581
3 1511 1582 1581
3 1511 1512 1582
3 1512 1583 1582
3 1512 1513 1583
3 1513 1584 1583
3 1513 1514 1584
3 1514 1515 1584
3 1584 1515 1585
3 1515 1516 1585
3 1585 1516 1586
3 1516 1517 1586
3 1586 1517 1587
3 1517 1518 1587
3 1587 1518 1588
3 1518 1519 1588
3 1588 1519 1589
3 1519 1520 1589
3 1589 1520 1590
3 1520 1521 1590
3 1590 1521 1591
3 1521 1522 1591
3 1591 1522 1592
3 1522 1523 1592
3 1592 1523 1593
3 1523 1524 1593
3 1593 1524 1594
3 1524 1525 1594
3 1594 1525 1595
3 1525 1526 1595
3 1595 1526 1596
3 1526 1527 1596
3 1596 1527 1597
3 1527 1528 1597
3 1597 1528 1598
3 1528 1529 1598
3 1598 1529 1599
3 1529 1530 1599
3 1599 1530 1600
3 1530 1531 1600
3 1600 1531 1601
3 1531 1532 1601
3 1601 1532 1602
3 1532 1533 1602
3 1602 1533 1603
3 1533 1534 1603
3 1603 1534 1604
3 1534 1535 1604
3 1604 1535 1605
3 1535 1536 1605
3 1605 1536 1606
3 1536 1537 1606
3 1606 1537 1607
3 1537 1538 1607
3 1607 1538 1608
3 1538 1539 1608
3 1608 1539 1609
3 1539 1540 1609
3 1609 1540 1610
3 1540 1541 1610
3 1610 1541 1611
3 1541 1542 1611
3 1611 1542 1612
3 1542 1543 1612
3 1612 1543 1613
3 1543 1544 1613
3 1546 1614 1615
3 1546 1545 1614
3 1545 1616 1614
3 1545 1547 1616
3 1547 1617 1616
3 1547 1548 1617
3 1548 1618 1617
3 1548 1549 1618
3 1549 1619 1618
3 1549 1550 1619
3 1550 1620 1619
3 1550 1551 1620
3 1551 1621 1620
3 1551 1552 1621
3 1552 1622 1621
3 1552 1553 1622
3 1553 1623 1622
3 1553 1554 1623
3 1554 1555 1623
3 1623 1555 1624
3 1555 1625 1624
3 1555 1556 1625
3 1556 1557 1625
3 1625 1557 1626
3 1557 1558 1626
3 1626 1558 1627
3 1558 1559 1627
3 1627 1559 1628
3 1559 1629 1628
3 1559 1560 1629
3 1560 1561 1629
3 1629 1561 1630
3 1561 1562 1630
3 1630 1562 1631
3 1562 1563 1631
3 1631 1563 1632
3 1563 1564 1632
3 1632 1564 1633
3 1564 1634 1633
3 1564 1565 1634
3 1565 1635 1634
3 1565 1566 1635
3 1566 1636 1635
3 1566 1567 1636
3 1567 1637 1636
3 1567 1568 1637
3 1568 1569 1637
3 1637 1569 1638
3 1569 1570 1638
3 1638 1570 1639
3 1570 1571 1639
3 1639 1571 1640
3 1571 1572 1640
3 1640 1572 1641
3 1572 1573 1641
3 1641 1573 1642
3 1573 1574 1642
3 1642 1574 1643
3 1574 1575 1643
3 1643 1575 1644
3 1575 1576 1644
3 1644 1576 1645
3 1576 1577 1645
3 1645 1577 1646
3 1577 1647 1646
3 1577 1578 1647
3 1578 1648 1647
3 1578 1579 1648
3 1579 1649 1648
3 1579 1580 1649
3 1580 1650 1649
3 1580 1581 1650
3 1581 1651 1650
3 1581 1582 1651
3 1582 1652 1651
3 1582 1583 1652
3 1583 1584 1652
3 1652 1584 1653
3 1584 1585 1653
3 1653 1585 1654
3 1585 1586 1654
3 1654 1586 1655
3 1586 1587 1655
3 1655 1587 1656
3 1587 1588 1656
3 1656 1588 1657
3 1588 1589 1657
3 1657 1589 1658
3 1589 1590 1658
3 1658 1590 1659
3 1590 1591 1659
3 1659 1591 1660
3 1591 1592 1660
3 1660 1592 1661
3 1592 1593 1661
3 1661 1593 1662
3 1593 1594 1662
3 1662 1594 1663
3 1594 1595 1663
3 1663 1595 1664
3 1595 1596 1664
3 1664 1596 1665
3 1596 1597 1665
3 1665 1597 1666
3 1597 1598 1666
3 1666 1598 1667
3 1598 1599 1667
3 1667 1599 1668
3 1599 1600 1668
3 1668 1600 1669
3 1600 1601 1669
3 1669 1601 1670
3 1601 1602 1670
3 1670 1602 1671
3 1602 1603 1671
3 1671 1603 1672
3 1603 1604 1672
3 1672 1604 1673
3 1604 1605 1673
3 1673 1605 1674
3 1605 1606 1674
3 1674 1606 1675
3 1606 1607 1675
3 1675 1607 1676
3 1607 1608 1676
3 1676 1608 1677
3 1608 1609 1677
3 1677 1609 1678
3 1609 1610 1678
3 1678 1610 1679
3 1610 1611 1679
3 1679 1611 1680
3 1611 1612 1680
3 1680 1612 1681
3 1612 1613 1681
3 1681 1613 1682
3 1613 1683 1682
3 1615 1684 1685
3 1615 1614 1684
3 1614 1686 1684
3 1614 1616 1686
3 1616 1687 1686
3 1616 1617 1687
3 1617 1688 1687
3 1617 1618 1688
3 1618 1689 1688
3 1618 1619 1689
3 1619 1690 1689
3 1619 1620 1690
3 1620 1691 1690
3 1620 1621 1691
3 1621 1692 1691
3 1621 1622 1692
3 1622 1693 1692
3 1622 1623 1693
3 1623 1694 1693
3 1623 1624 1694
3 1624 1695 1694
3 1624 1625 1695
3 1625 1626 1695
3 1695 1626 1696
3 1626 1697 1696
3 1626 1627 1697
3 1627 1698 1697
3 1627 1628 1698
3 1628 1699 1698
3 1628 1629 1699
3 1629 1700 1699
3 1629 1630 1700
3 1630 1701 1700
3 1630 1631 1701
3 1631 1632 1701
3 1701 1632 1702
3 1632 1703 1702
3 1632 1633 1703
3 1633 1704 1703
3 1633 1634 1704
3 1634 1705 1704
3 1634 1635 1705
3 1635 1706 1705
3 1635 1636 1706
3 1636 1707 1706
3 1636 1637 1707
3 1637 1708 1707
3 1637 1638 1708
3 1638 1639 1708
3 1708 1639 1709
3 1639 1640 1709
3 1709 1640 1710
3 1640 1641 1710
3 1710 1641 1711
3 1641 1712 1711
3 1641 1642 1712
3 1642 1713 1712
3 1642 1643 1713
3 1643 1714 1713
3 1643 1644 1714
3 1644 1715 1714
3 1644 1645 1715
3 1645 1716 1715
3 1645 1646 1716
3 1646 1717 1716
3 1646 1647 1717
3 1647 1718 1717
3 1647 1648 1718
3 1648 1719 1718
3 1648 1649 1719
3 1649 1720 1719
3 1649 1650 1720
3 1650 1721 1720
3 1650 1651 1721
3 1651 1652 1721
3 1721 1652 1722
3 1652 1653 1722
3 1722 1653 1723
3 1653 1654 1723
3 1723 1654 1724
3 1654 1655 1724
3 1724 1655 1725
3 1655 1656 1725
3 1725 1656 1726
3 1656 1657 1726
3 1726 1657 1727
3 1657 1658 1727
3 1727 1658 1728
3 1658 1659 1728
3 1728 1659 1729
3 1659 1660 1729
3 1729 1660 1730
3 1660 1661 1730
3 1730 1661 1731
3 1661 1662 1731
3 1731 1662 1732
3 1662 1663 1732
3 1732 1663 1733
3 1663 1664 1733
3 1733 1664 1734
3 1664 1665 1734
3 1734 1665 1735
3 1665 1666 1735
3 1735 1666 1736
3 1666 1667 1736
3 1736 1667 1737
3 1667 1668 1737
3 1737 1668 1738
3 1668 1669 1738
3 1738 1669 1739
3 1669 1670 1739
3 1739 1670 1740
3 1670 1671 1740
3 1740 1671 1741
3 1671 1672 1741
3 1741 1672 1742
3 1672 1673 1742
3 1742 1673 1743
3 1673 1674 1743
3 1743 1674 1744
3 1674 1675 1744
3 1744 1675 1745
3 1675 1676 1745
3 1745 1676 1746
3 1676 1677 1746
3 1746 1677 1747
3 1677 1678 1747
3 1747 1678 1748
3 1678 1679 1748
3 1748 1679 1749
3 1679 1680 1749
3 1749 1680 1750
3 1680 1681 1750
3 1750 1681 1751
3 1681 1682 1751
3 1751 1682 1752
3 1685 1753 1754
3 1685 1684 1753
3 1684 1755 1753
3 1684 1686 1755
3 1686 1756 1755
3 1686 1687 1756
3 1687 1757 1756
3 1687 1688 1757
3 1688 1758 1757
3 1688 1689 1758
3 1689 1759 1758
3 1689 1690 1759
3 1690 1760 1759
3 1690 1691 1760
3 1691 1761 1760
3 1691 1692 1761
3 1692 1762 1761
3 1692 1693 1762
3 1693 1763 1762
3 1693 1694 1763
3 1694 1764 1763
3 1694 1695 1764
3 1695 1696 1764
3 1764 1696 1765
3 1696 1766 1765
3 1696 1697 1766
3 1697 1767 1766
3 1697 1698 1767
3 1698 1768 1767
3 1698 1699 1768
3 1699 1769 1768
3 1699 1700 1769
3 1700 1770 1769
3 1700 1701 1770
3 1701 1771 1770
3 1701 1702 1771
3 1702 1772 1771
3 1702 1703 1772
3 1703 1773 1772
3 1703 1704 1773
3 1704 1774 1773
3 1704 1705 1774
3 1705 1775 1774
3 1705 1706 1775
3 1706 1776 1775
3 1706 1707 1776
3 1707 1777 1776
3 1707 1708 1777
3 1708 1778 1777
3 1708 1709 1778
3 1709 1710 1778
3 1778 1710 1779
3 1710 1711 1779
3 1779 1711 1780
3 1711 1781 1780
3 1711 1712 1781
3 1712 1782 1781
3 1712 1713 1782
3 1713 1783 1782
3 1713 1714 1783
3 1714 1784 1783
3 1714 1715 1784
3 1715 1785 1784
3 1715 1716 1785
3 1716 1786 1785
3 1716 1717 1786
3 1717 1787 1786
3 1717 1718 1787
3 1718 1788 1787
3 1718 1719 1788
3 1719 1789 1788
3 1719 1720 1789
3 1720 1721 1789
3 1789 1721 1790
3 1721 1722 1790
3 1790 1722 1791
3 1722 1723 1791
3 1791 1723 1792
3 1723 1724 1792
3 1792 1724 1793
3 1724 1725 1793
3 1793 1725 1794
3 1725 1726 1794
3 1794 1726 1795
3 1726 1727 1795
3 1795 1727 1796
3 1727 1728 1796
3 1796 1728 1797
3 1728 1729 1797
3 1797 1729 1798
3 1729 1730 1798
3 1798 1730 1799
3 1730 1731 1799
3 1799 1731 1800
3 1731 1732 1800
3 1800 1732 1801
3 1732 1733 1801
3 1801 1733 1802
3 1733 1734 1802
3 1802 1734 1803
3 1734 1735 1803
3 1803 1735 1804
3 1735 1736 1804
3 1804 1736 1805
3 1736 1737 1805
3 1805 1737 1806
3 1737 1738 1806
3 1806 1738 1807
3 1738 1739 1807
3 1807 1739 1808
3 1739 1740 1808
3 1808 1740 1809
3 1740 1741 1809
3 1809 1741 1810
3 1741 1742 1810
3 1810 1742 1811
3 1742 1743 1811
3 1811 1743 1812
3 1743 1744 1812
3 1812 1744 1813
3 1744 1745 1813
3 1813 1745 1814
3 1745 1746 1814
3 1814 1746 1815
3 1746 1747 1815
3 1815 1747 1816
3 1747 1748 1816
3 1816 1748 1817
3 1748 1749 1817
3 1817 1749 1818
3 1749 1750 1818
3 1818 1750 1819
3 1750 1751 1819
3 1819 1751 1820
3 1751 1752 1820
3 1820 1752 1821
3 1754 1753 1822
3 1753 1823 1822
3 1753 1755 1823
3 1755 1824 1823
3 1755 1756 1824
3 1756 1825 1824
3 1756 1757 1825
3 1757 1826 1825
3 1757 1758 1826
3 1758 1827 1826
3 1758 1759 1827
3 1759 1828 1827
3 1759 1760 1828
3 1760 1829 1828
3 1760 1761 1829
3 1761 1830 1829
3 1761 1762 1830
3 1762 1831 1830
3 1762 1763 1831
3 1763 1832 1831
3 1763 1764 1832
3 1764 1833 1832
3 1764 1765 1833
3 1765 1834 1833
3 1765 1766 1834
3 1766 1835 1834
3 1766 1767 1835
3 1767 1836 1835
3 1767 1768 1836
3 1768 1837 1836
3 1768 1769 1837
3 1769 1838 1837
3 1769 1770 1838
3 1770 1839 1838
3 1770 1771 1839
3 1771 1840 1839
3 1771 1772 1840
3 1772 1841 1840
3 1772 1773 1841
3 1773 1842 1841
3 1773 1774 1842
3 1774 1843 1842
3 1774 1775 1843
3 1775 1844 1843
3 1775 1776 1844
3 1776 1845 1844
3 1776 1777 1845
3 1777 1846 1845
3 1777 1778 1846
3 1778 1779 1846
3 1846 1779 1847
3 1779 1780 1847
3 1847 1780 1848
3 1780 1849 1848
3 1780 1781 1849
3 1781 1850 1849
3 1781 1782 1850
3 1782 1851 1850
3 1782 1783 1851
3 1783 1852 1851
3 1783 1784 1852
3 1784 1853 1852
3 1784 1785 1853
3 1785 1854 1853
3 1785 1786 1854
3 1786 1855 1854
3 1786 1787 1855
3 1787 1788 1855
3 1855 1788 1856
3 1788 1789 1856
3 1856 1789 1857
3 1789 1790 1857
3 1857 1790 1858
3 1790 1791 1858
3 1858 1791 1859
3 1791 1792 1859
3 1859 1792 1860
3 1792 1793 1860
3 1860 1793 1861
3 1793 1794 1861
3 1861 1794 1862
3 1794 1795 1862
3 1862 1795 1863
3 1795 1796 1863
3 1863 1796 1864
3 1796 1797 1864
3 1864 1797 1865
3 1797 1798 1865
3 1865 1798 1866
3 1798 1799 1866
3 1866 1799 1867
3 1799 1800 1867
3 1867 1800 1868
3 1800 1801 1868
3 1868 1801 1869
3 1801 1802 1869
3 1869 1802 1870
3 1802 1803 1870
3 1870 1803 1871
3 1803 1804 1871
3 1871 1804 1872
3 1804 1805 1872
3 1872 1805 1873
3 1805 1806 1873
3 1873 1806 1874
3 1806 1807 1874
3 1874 1807 1875
3 1807 1808 1875
3 1875 1808 1876
3 1808 1809 1876
3 1876 1809 1877
3 1809 1810 1877
3 1877 1810 1878
3 1810 1811 1878
3 1878 1811 1879
3 1811 1812 1879
3 1879 1812 1880
3 1812 1813 1880
3 1880 1813 1881
3 1813 1814 1881
3 1881 1814 1882
3 1814 1815 1882
3 1882 1815 1883
3 1815 1816 1883
3 1883 1816 1884
3 1816 1817 1884
3 1884 1817 1885
3 1817 1818 1885
3 1885 1818 1886
3 1818 1819 1886
3 1886 1819 1887
3 1819 1820 1887
3 1887 1820 1888
3 1820 1821 1888
3 1889 1822 1890
3 1822 1891 1890
3 1822 1823 1891
3 1823 1892 1891
3 1823 1824 1892
3 1824 1893 1892
3 1824 1825 1893
3 1825 1894 1893
3 1825 1826 1894
3 1826 1895 1894
3 1826 1827 1895
3 1827 1896 1895
3 1827 1828 1896
3 1828 1897 1896
3 1828 1829 1897
3 1829 1898 1897
3 1829 1830 1898
3 1830 1899 1898
3 1830 1831 1899
3 1831 1900 1899
3 1831 1832 1900
3 1832 1901 1900
3 1832 1833 1901
3 1833 1902 1901
3 1833 1834 1902
3 1834 1903 1902
3 1834 1835 1903
3 1835 1904 1903
3 1835 1836 1904
3 1836 1905 1904
3 1836 1837 1905
3 1837 1906 1905
3 1837 1838 1906
3 1838 1907 1906
3 1838 1839 1907
3 1839 1908 1907
3 1839 1840 1908
3 1840 1909 1908
3 1840 1841 1909
3 1841 1910 1909
3 1841 1842 1910
3 1842 1911 1910
3 1842 1843 1911
3 1843 1912 1911
3 1843 1844 1912
3 1844 1913 1912
3 1844 1845 1913
3 1845 1914 1913
3 1845 1846 1914
3 1846 1915 1914
3 1846 1847 1915
3 1847 1916 1915
3 1847 1848 1916
3 1848 1917 1916
3 1848 1849 1917
3 1849 1918 1917
3 1849 1850 1918
3 1850 1919 1918
3 1850 1851 1919
3 1851 1920 1919
3 1851 1852 1920
3 1852 1921 1920
3 1852 1853 1921
3 1853 1922 1921
3 1853 1854 1922
3 1854 1855 1922
3 1922 1855 1923
3 1855 1856 1923
3 1923 1856 1924
3 1856 1857 1924
3 1924 1857 1925
3 1857 1858 1925
3 1925 1858 1926
3 1858 1859 1926
3 1926 1859 1927
3 1859 1860 1927
3 1927 1860 1928
3 1860 1861 1928
3 1928 1861 1929
3 1861 1862 1929
3 1929 1862 1930
3 1862 1863 1930
3 1930 1863 1931
3 1863 1864 1931
3 1931 1864 1932
3 1864 1865 1932
3 1932 1865 1933
3 1865 1866 1933
3 1933 1866 1934
3 1866 1867 1934
3 1934 1867 1935
3 1867 1868 1935
3 1935 1868 1936
3 1868 1869 1936
3 1936 1869 1937
3 1869 1870 1937
3 1937 1870 1938
3 1870 1871 1938
3 1938 1871 1939
3 1871 1872 1939
3 1939 1872 1940
3 1872 1873 1940
3 1940 1873 1941
3 1873 1874 1941
3 1941 1874 1942
3 1874 1875 1942
3 1942 1875 1943
3 1875 1876 1943
3 1943 1876 1944
3 1876 1877 1944
3 1944 1877 1945
3 1877 1878 1945
3 1945 1878 1946
3 1878 1879 1946
3 1946 1879 1947
3 1879 1880 1947
3 1947 1880 1948
3 1880 1881 1948
3 1948 1881 1949
3 1881 1882 1949
3 1949 1882 1950
3 1882 1883 1950
3 1950 1883 1951
3 1883 1884 1951
3 1951 1884 1952
3 1884 1885 1952
3 1952 1885 1953
3 1885 1886 1953
3 1953 1886 1954
3 1886 1887 1954
3 1954 1887 1955
3 1887 1888 1955
3 1955 1888 1956
3 1890 1891 1957
3 1957 1891 1958
3 1891 1892 1958
3 1958 1892 1959
3 1892 1960 1959
3 1892 1893 1960
3 1893 1961 1960
3 1893 1894 1961
3 1894 1962 1961
3 1894 1895 1962
3 1895 1963 1962
3 1895 1896 1963
3 1896 1964 1963
3 1896 1897 1964
3 1897 1898 1964
3 1964 1898 1965
3 1898 1899 1965
3 1965 1899 1966
3 1899 1900 1966
3 1966 1900 1967
3 1900 1901 1967
3 1967 1901 1968
3 1901 1902 1968
3 1968 1902 1969
3 1902 1903 1969
3 1969 1903 1970
3 1903 1904 1970
3 1970 1904 1971
3 1904 1905 1971
3 1971 1905 1972
3 1905 1906 1972
3 1972 1906 1973
3 1906 1907 1973
3 1973 1907 1974
3 1907 1908 1974
3 1974 1908 1975
3 1908 1976 1975
3 1908 1909 1976
3 1909 1977 1976
3 1909 1910 1977
3 1910 1978 1977
3 1910 1911 1978
3 1911 1979 1978
3 1911 1912 1979
3 1912 1980 1979
3 1912 1913 1980
3 1913 1981 1980
3 1913 1914 1981
3 1914 1915 1981
3 1981 1915 1982
3 1915 1916 1982
3 1982 1916 1983
3 1916 1917 1983
3 1983 1917 1984
3 1917 1918 1984
3 1984 1918 1985
3 1918 1919 1985
3 1985 1919 1986
3 1919 1920 1986
3 1986 1920 1987
3 1920 1988 1987
3 1920 1921 1988
3 1921 1922 1988
3 1988 1922 1989
3 1922 1923 1989
3 1989 1923 1990
3 1923 1924 1990
3 1990 1924 1991
3 1924 1925 1991
3 1991 1925 1992
3 1925 1926 1992
3 1992 1926 1993
3 1926 1927 1993
3 1993 1927 1994
3 1927 1928 1994
3 1994 1928 1995
3 1928 1929 1995
3 1995 1929 1996
3 1929 1930 1996
3 1996 1930 1997
3 1930 1931 1997
3 1997 1931 1998
3 1931 1932 1998
3 1998 1932 1999
3 1932 1933 1999
3 1999 1933 2000
3 1933 1934 2000
3 2000 1934 2001
3 1934 1935 2001
3 2001 1935 2002
3 1935 1936 2002
3 2002 1936 2003
3 1936 1937 2003
3 2003 1937 2004
3 1937 1938 2004
3 2004 1938 2005
3 1938 1939 2005
3 2005 1939 2006
3 1939 1940 2006
3 2006 1940 2007
3 1940 1941 2007
3 2007 1941 2008
3 1941 1942 2008
3 2008 1942 2009
3 1942 1943 2009
3 2009 1943 2010
3 1943 1944 2010
3 2010 1944 2011
3 1944 1945 2011
3 2011 1945 2012
3 1945 1946 2012
3 2012 1946 2013
3 1946 1947 2013
3 2013 1947 2014
3 1947 1948 2014
3 2014 1948 2015
3 1948 1949 2015
3 2015 1949 2016
3 1949 1950 2016
3 2016 1950 2017
3 1950 1951 2017
3 2017 1951 2018
3 1951 1952 2018
3 2018 1952 2019
3 1952 1953 2019
3 2019 1953 2020
3 1953 1954 2020
3 2020 1954 2021
3 1954 1955 2021
3 2021 1955 2022
3 1955 1956 2022
3 2022 1956 2023
3 2024 1957 2025
3 1957 1958 2025
3 2025 1958 2026
3 1958 1959 2026
3 2026 1959 2027
3 1959 1960 2027
3 2027 1960 2028
3 1960 1961 2028
3 2028 1961 2029
3 1961 1962 2029
3 2029 1962 2030
3 1962 1963 2030
3 2030 1963 2031
3 1963 1964 2031
3 2031 1964 2032
3 1964 1965 2032
3 2032 1965 2033
3 1965 1966 2033
3 2033 1966 2034
3 1966 1967 2034
3 2034 1967 2035
3 1967 1968 2035
3 2035 1968 2036
3 1968 1969 2036
3 2036 1969 2037
3 1969 1970 2037
3 2037 1970 2038
3 1970 1971 2038
3 2038 1971 2039
3 1971 1972 2039
3 2039 1972 2040
3 1972 1973 2040
3 2040 1973 2041
3 1973 1974 2041
3 2041 1974 2042
3 1974 1975 2042
3 2042 1975 2043
3 1975 1976 2043
3 2043 1976 2044
3 1976 2045 2044
3 1976 1977 2045
3 1977 2046 2045
3 1977 1978 2046
3 1978 2047 2046
3 1978 1979 2047
3 1979 2048 2047
3 1979 1980 2048
3 1980 2049 2048
3 1980 1981 2049
3 1981 1982 2049
3 2049 1982 2050
3 1982 1983 2050
3 2050 1983 2051
3 1983 1984 2051
3 2051 1984 2052
3 1984 1985 2052
3 2052 1985 2053
3 1985 1986 2053
3 2053 1986 2054
3 1986 1987 2054
3 2054 1987 2055
3 1987 1988 2055
3 2055 1988 2056
3 1988 1989 2056
3 2056 1989 2057
3 1989 1990 2057
3 2057 1990 2058
3 1990 1991 2058
3 2058 1991 2059
3 1991 1992 2059
3 2059 1992 2060
3 1992 1993 2060
3 2060 1993 2061
3 1993 1994 2061
3 2061 1994 2062
3 1994 1995 2062
3 2062 1995 2063
3 1995 1996 2063
3 2063 1996 2064
3 1996 1997 2064
3 2064 1997 2065
3 1997 1998 2065
3 2065 1998 2066
3 1998 1999 2066
3 2066 1999 2067
3 1999 2000 2067
3 2067 2000 2068
3 2000 2001 2068
3 2068 2001 2069
3 2001 2002 2069
3 2069 2002 2070
3 2002 2003 2070
3 2070 2003 2071
3 2003 2004 2071
3 2071 2004 2072
3 2004 2005 2072
3 2072 2005 2073
3 2005 2006 2073
3 2073 2006 2074
3 2006 2007 2074
3 2074 2007 2075
3 2007 2008 2075
3 2075 2008 2076
3 2008 2009 2076
3 2076 2009 2077
3 2009 2010 2077
3 2077 2010 2078
3 2010 2011 2078
3 2078 2011 2079
3 2011 2012 2079
3 2079 2012 2080
3 2012 2013 2080
3 2080 2013 2081
3 2013 2014 2081
3 2081 2014 2082
3 2014 2015 2082
3 2082 2015 2083
3 2015 2016 2083
3 2083 2016 2084
3 2016 2017 2084
3 2084 2017 2085
3 2017 2018 2085
3 2085 2018 2086
3 2018 2019 2086
3 2086 2019 2087
3 2019 2020 2087
3 2087 2020 2088
3 2020 2021 2088
3 2088 2021 2089
3 2021 2022 2089
3 2089 2022 2090
3 2022 2023 2090
3 2024 2025 2091
3 2091 2025 2092
3 2025 2026 2092
3 2092 2026 2093
3 2026 2027 2093
3 2093 2027 2094
3 2027 2028 2094
3 2094 2028 2095
3 2028 2029 2095
3 2095 2029 2096
3 2029 2030 2096
3 2096 2030 2097
3 2030 2031 2097
3 2097 2031 2098
3 2031 2032 2098
3 2098 2032 2099
3 2032 2033 2099
3 2099 2033 2100
3 2033 2034 2100
3 2100 2034 2101
3 2034 2035 2101
3 2101 2035 2102
3 2035 2036 2102
3 2102 2036 2103
3 2036 2037 2103
3 2103 2037 2104
3 2037 2038 2104
3 2104 2038 2105
3 2038 2039 2105
3 2105 2039 2106
3 2039 2040 2106
3 2106 2040 2107
3 2040 2041 2107
3 2107 2041 2108
3 2041 2042 2108
3 2108 2042 2109
3 2042 2043 2109
3 2109 2043 2110
3 2043 2111 2110
3 2043 2044 2111
3 2044 2112 2111
3 2044 2045 2112
3 2045 2113 2112
3 2045 2046 2113
3 2046 2114 2113
3 2046 2047 2114
3 2047 2115 2114
3 2047 2048 2115
3 2048 2116 2115
3 2048 2049 2116
3 2049 2117 2116
3 2049 2050 2117
3 2050 2118 2117
3 2050 2051 2118
3 2051 2119 2118
3 2051 2052 2119
3 2052 2120 2119
3 2052 2053 2120
3 2053 2054 2120
3 2120 2054 2121
3 2054 2055 2121
3 2121 2055 2122
3 2055 2123 2122
3 2055 2056 2123
3 2056 2124 2123
3 2056 2057 2124
3 2057 2125 2124
3 2057 2058 2125
3 2058 2126 2125
3 2058 2059 2126
3 2059 2127 2126
3 2059 2060 2127
3 2060 2128 2127
3 2060 2061 2128
3 2061 2062 2128
3 2128 2062 2129
3 2062 2063 2129
3 2129 2063 2130
3 2063 2064 2130
3 2130 2064 2131
3 2064 2065 2131
3 2131 2065 2132
3 2065 2066 2132
3 2132 2066 2133
3 2066 2067 2133
3 2133 2067 2134
3 2067 2068 2134
3 2134 2068 2135
3 2068 2069 2135
3 2135 2069 2136
3 2069 2070 2136
3 2136 2070 2137
3 2070 2138 2137
3 2070 2071 2138
3 2071 2139 2138
3 2071 2072 2139
3 2072 2140 2139
3 2072 2073 2140
3 2073 2074 2140
3 2140 2074 2141
3 2074 2075 2141
3 2141 2075 2142
3 2075 2076 2142
3 2142 2076 2143
3 2076 2077 2143
3 2143 2077 2144
3 2077 2145 2144
3 2077 2078 2145
3 2078 2146 2145
3 2078 2079 2146
3 2079 2147 2146
3 2079 2080 2147
3 2080 2081 2147
3 2147 2081 2148
3 2081 2082 2148
3 2148 2082 2149
3 2082 2083 2149
3 2149 2083 2150
3 2083 2084 2150
3 2150 2084 2151
3 2084 2085 2151
3 2151 2085 2152
3 2085 2086 2152
3 2152 2086 2153
3 2086 2154 2153
3 2086 2087 2154
3 2087 2155 2154
3 2087 2088 2155
3 2088 2089 2155
3 2155 2089 2156
3 2089 2090 2156
3 2156 2090 2157
3 2091 2092 2158
3 2158 2092 2159
3 2092 2093 2159
3 2159 2093 2160
3 2093 2161 2160
3 2093 2094 2161
3 2094 2162 2161
3 2094 2095 2162
3 2095 2163 2162
3 2095 2096 2163
3 2096 2164 2163
3 2096 2097 2164
3 2097 2165 2164
3 2097 2098 2165
3 2098 2166 2165
3 2098 2099 2166
3 2099 2100 2166
3 2166 2100 2167
3 2100 2101 2167
3 2167 2101 2168
3 2101 2102 2168
3 2168 2102 2169
3 2102 2103 2169
3 2169 2103 2170
3 2103 2104 2170
3 2170 2104 2171
3 2104 2172 2171
3 2104 2105 2172
3 2105 2173 2172
3 2105 2106 2173
3 2106 2174 2173
3 2106 2107 2174
3 2107 2175 2174
3 2107 2108 2175
3 2108 2176 2175
3 2108 2109 2176
3 2109 2177 2176
3 2109 2110 2177
3 2110 2178 2177
3 2110 2111 2178
3 2111 2179 2178
3 2111 2112 2179
3 2112 2180 2179
3 2112 2113 2180
3 2113 2181 2180
3 2113 2114 2181
3 2114 2182 2181
3 2114 2115 2182
3 2115 2183 2182
3 2115 2116 2183
3 2116 2184 2183
3 2116 2117 2184
3 2117 2185 2184
3 2117 2118 2185
3 2118 2186 2185
3 2118 2119 2186
3 2119 2187 2186
3 2119 2120 2187
3 2120 2188 2187
3 2120 2121 2188
3 2121 2189 2188
3 2121 2122 2189
3 2122 2190 2189
3 2122 2123 2190
3 2123 2191 2190
3 2123 2124 2191
3 2124 2192 2191
3 2124 2125 2192
3 2125 2193 2192
3 2125 2126 2193
3 2126 2194 2193
3 2126 2127 2194
3 2127 2195 2194
3 2127 2128 2195
3 2128 2196 2195
3 2128 2129 2196
3 2129 2130 2196
3 2196 2130 2197
3 2130 2131 2197
3 2197 2131 2198
3 2131 2132 2198
3 2198 2132 2199
3 2132 2200 2199
3 2132 2133 2200
3 2133 2201 2200
3 2133 2134 2201
3 2134 2202 2201
3 2134 2135 2202
3 2135 2203 2202
3 2135 2136 2203
3 2136 2204 2203
3 2136 2137 2204
3 2137 2205 2204
3 2137 2138 2205
3 2138 2206 2205
3 2138 2139 2206
3 2139 2207 2206
3 2139 2140 2207
3 2140 2208 2207
3 2140 2141 2208
3 2141 2209 2208
3 2141 2142 2209
3 2142 2210 2209
3 2142 2143 2210
3 2143 2211 2210
3 2143 2144 2211
3 2144 2212 2211
3 2144 2145 2212
3 2145 2213 2212
3 2145 2146 2213
3 2146 2214 2213
3 2146 2147 2214
3 2147 2215 2214
3 2147 2148 2215
3 2148 2216 2215
3 2148 2149 2216
3 2149 2217 2216
3 2149 2150 2217
3 2150 2218 2217
3 2150 2151 2218
3 2151 2219 2218
3 2151 2152 2219
3 2152 2220 2219
3 2152 2153 2220
3 2153 2221 2220
3 2153 2154 2221
3 2154 2222 2221
3 2154 2155 2222
3 2155 2223 2222
3 2155 2156 2223
3 2156 2224 2223
3 2156 2157 2224
3 2158 2159 2225
3 2159 2226 2225
3 2159 2160 2226
3 2160 2227 2226
3 2160 2161 2227
3 2161 2228 2227
3 2161 2162 2228
3 2162 2229 2228
3 2162 2163 2229
3 2163 2230 2229
3 2163 2164 2230
3 2164 2231 2230
3 2164 2165 2231
3 2165 2232 2231
3 2165 2166 2232
3 2166 2233 2232
3 2166 2167 2233
3 2167 2234 2233
3 2167 2168 2234
3 2168 2235 2234
3 2168 2169 2235
3 2169 2170 2235
3 2235 2170 2236
3 2170 2237 2236
3 2170 2171 2237
3 2171 2238 2237
3 2171 2172 2238
3 2172 2239 2238
3 2172 2173 2239
3 2173 2240 2239
3 2173 2174 2240
3 2174 2241 2240
3 2174 2175 2241
3 2175 2242 2241
3 2175 2176 2242
3 2176 2243 2242
3 2176 2177 2243
3 2177 2244 2243
3 2177 2178 2244
3 2178 2245 2244
3 2178 2179 2245
3 2179 2246 2245
3 2179 2180 2246
3 2180 2247 2246
3 2180 2181 2247
3 2181 2248 2247
3 2181 2182 2248
3 2182 2249 2248
3 2182 2183 2249
3 2183 2250 2249
3 2183 2184 2250
3 2184 2251 2250
3 2184 2185 2251
3 2185 2252 2251
3 2185 2186 2252
3 2186 2253 2252
3 2186 2187 2253
3 2187 2254 2253
3 2187 2188 2254
3 2188 2255 2254
3 2188 2189 2255
3 2189 2256 2255
3 2189 2190 2256
3 2190 2257 2256
3 2190 2191 2257
3 2191 2258 2257
3 2191 2192 2258
3 2192 2259 2258
3 2192 2193 2259
3 2193 2260 2259
3 2193 2194 2260
3 2194 2261 2260
3 2194 2195 2261
3 2195 2262 2261
3 2195 2196 2262
3 2196 2263 2262
3 2196 2197 2263
3 2197 2198 2263
3 2263 2198 2264
3 2198 2199 2264
3 2264 2199 2265
3 2199 2266 2265
3 2199 2200 2266
3 2200 2267 2266
3 2200 2201 2267
3 2201 2268 2267
3 2201 2202 2268
3 2202 2269 2268
3 2202 2203 2269
3 2203 2270 2269
3 2203 2204 2270
3 2204 2271 2270
3 2204 2205 2271
3 2205 2272 2271
3 2205 2206 2272
3 2206 2273 2272
3 2206 2207 2273
3 2207 2274 2273
3 2207 2208 2274
3 2208 2275 2274
3 2208 2209 2275
3 2209 2276 2275
3 2209 2210 2276
3 2210 2277 2276
3 2210 2211 2277
3 2211 2278 2277
3 2211 2212 2278
3 2212 2279 2278
3 2212 2213 2279
3 2213 2280 2279
3 2213 2214 2280
3 2214 2281 2280
3 2214 2215 2281
3 2215 2282 2281
3 2215 2216 2282
3 2216 2283 2282
3 2216 2217 2283
3 2217 2284 2283
3 2217 2218 2284
3 2218 2285 2284
3 2218 2219 2285
3 2219 2286 2285
3 2219 2220 2286
3 2220 2287 2286
3 2220 2221 2287
3 2221 2288 2287
3 2221 2222 2288
3 2222 2289 2288
3 2222 2223 2289
3 2223 2290 2289
3 2223 2224 2290
3 2224 2291 2290
3 2292 2225 2293
3 2225 2294 2293
3 2225 2226 2294
3 2226 2295 2294
3 2226 2227 2295
3 2227 2296 2295
3 2227 2228 2296
3 2228 2297 2296
3 2228 2229 2297
3 2229 2298 2297
3 2229 2230 2298
3 2230 2299 2298
3 2230 2231 2299
3 2231 2300 2299
3 2231 2232 2300
3 2232 2301 2300
3 2232 2233 2301
3 2233 2302 2301
3 2233 2234 2302
3 2234 2303 2302
3 2234 2235 2303
3 2235 2304 2303
3 2235 2236 2304
3 2236 2305 2304
3 2236 2237 2305
3 2237 2306 2305
3 2237 2238 2306
3 2238 2307 2306
3 2238 2239 2307
3 2239 2308 2307
3 2239 2240 2308
3 2240 2309 2308
3 2240 2241 2309
3 2241 2310 2309
3 2241 2242 2310
3 2242 2311 2310
3 2242 2243 2311
3 2243 2312 2311
3 2243 2244 2312
3 2244 2313 2312
3 2244 2245 2313
3 2245 2314 2313
3 2245 2246 2314
3 2246 2315 2314
3 2246 2247 2315
3 2247 2316 2315
3 2247 2248 2316
3 2248 2317 2316
3 2248 2249 2317
3 2249 2318 2317
3 2249 2250 2318
3 2250 2319 2318
3 2250 2251 2319
3 2251 2320 2319
3 2251 2252 2320
3 2252 2321 2320
3 2252 2253 2321
3 2253 2322 2321
3 2253 2254 2322
3 2254 2255 2322
3 2322 2255 2323
3 2255 2324 2323
3 2255 2256 2324
3 2256 2325 2324
3 2256 2257 2325
3 2257 2326 2325
3 2257 2258 2326
3 2258 2327 2326
3 2258 2259 2327
3 2259 2328 2327
3 2259 2260 2328
3 2260 2329 2328
3 2260 2261 2329
3 2261 2330 2329
3 2261 2262 2330
3 2262 2263 2330
3 2330 2263 2331
3 2263 2264 2331
3 2331 2264 2332
3 2264 2265 2332
3 2332 2265 2333
3 2265 2266 2333
3 2333 2266 2334
3 2266 2335 2334
3 2266 2267 2335
3 2267 2336 2335
3 2267 2268 2336
3 2268 2337 2336
3 2268 2269 2337
3 2269 2338 2337
3 2269 2270 2338
3 2270 2339 2338
3 2270 2271 2339
3 2271 2340 2339
3 2271 2272 2340
3 2272 2341 2340
3 2272 2273 2341
3 2273 2342 2341
3 2273 2274 2342
3 2274 2343 2342
3 2274 2275 2343
3 2275 2344 2343
3 2275 2276 2344
3 2276 2345 2344
3 2276 2277 2345
3 2277 2346 2345
3 2277 2278 2346
3 2278 2347 2346
3 2278 2279 2347
3 2279 2348 2347
3 2279 2280 2348
3 2280 2349 2348
3 2280 2281 2349
3 2281 2350 2349
3 2281 2282 2350
3 2282 2351 2350
3 2282 2283 2351
3 2283 2352 2351
3 2283 2284 2352
3 2284 2353 2352
3 2284 2285 2353
3 2285 2286 2353
3 2353 2286 2354
3 2286 2355 2354
3 2286 2287 2355
3 2287 2356 2355
3 2287 2288 2356
3 2288 2357 2356
3 2288 2289 2357
3 2289 2358 2357
3 2289 2290 2358
3 2290 2359 2358
3 2290 2291 2359
3 2293 2360 2361
3 2293 2294 2360
3 2294 2362 2360
3 2294 2295 2362
3 2295 2363 2362
3 2295 2296 2363
3 2296 2364 2363
3 2296 2297 2364
3 2297 2365 2364
3 2297 2298 2365
3 2298 2366 2365
3 2298 2299 2366
3 2299 2367 2366
3 2299 2300 2367
3 2300 2368 2367
3 2300 2301 2368
3 2301 2369 2368
3 2301 2302 2369
3 2302 2370 2369
3 2302 2303 2370
3 2303 2371 2370
3 2303 2304 2371
3 2304 2372 2371
3 2304 2305 2372
3 2305 2373 2372
3 2305 2306 2373
3 2306 2374 2373
3 2306 2307 2374
3 2307 2375 2374
3 2307 2308 2375
3 2308 2376 2375
3 2308 2309 2376
3 2309 2377 2376
3 2309 2310 2377
3 2310 2378 2377
3 2310 2311 2378
3 2311 2379 2378
3 2311 2312 2379
3 2312 2380 2379
3 2312 2313 2380
3 2313 2381 2380
3 2313 2314 2381
3 2314 2382 2381
3 2314 2315 2382
3 2315 2383 2382
3 2315 2316 2383
3 2316 2384 2383
3 2316 2317 2384
3 2317 2385 2384
3 2317 2318 2385
3 2318 2319 2385
3 2385 2319 2386
3 2319 2387 2386
3 2319 2320 2387
3 2320 2388 2387
3 2320 2321 2388
3 2321 2322 2388
3 2388 2322 2389
3 2322 2323 2389
3 2389 2323 2390
3 2323 2324 2390
3 2390 2324 2391
3 2324 2392 2391
3 2324 2325 2392
3 2325 2393 2392
3 2325 2326 2393
3 2326 2394 2393
3 2326 2327 2394
3 2327 2395 2394
3 2327 2328 2395
3 2328 2396 2395
3 2328 2329 2396
3 2329 2330 2396
3 2396 2330 2397
3 2330 2331 2397
3 2397 2331 2398
3 2331 2332 2398
3 2398 2332 2399
3 2332 2333 2399
3 2399 2333 2400
3 2333 2334 2400
3 2400 2334 2401
3 2334 2335 2401
3 2401 2335 2402
3 2335 2403 2402
3 2335 2336 2403
3 2336 2404 2403
3 2336 2337 2404
3 2337 2405 2404
3 2337 2338 2405
3 2338 2406 2405
3 2338 2339 2406
3 2339 2340 2406
3 2406 2340 2407
3 2340 2408 2407
3 2340 2341 2408
3 2341 2409 2408
3 2341 2342 2409
3 2342 2343 2409
3 2409 2343 2410
3 2343 2411 2410
3 2343 2344 2411
3 2344 2412 2411
3 2344 2345 2412
3 2345 2413 2412
3 2345 2346 2413
3 2346 2414 2413
3 2346 2347 2414
3 2347 2415 2414
3 2347 2348 2415
3 2348 2416 2415
3 2348 2349 2416
3 2349 2417 2416
3 2349 2350 2417
3 2350 2418 2417
3 2350 2351 2418
3 2351 2419 2418
3 2351 2352 2419
3 2352 2420 2419
3 2352 2353 2420
3 2353 2421 2420
3 2353 2354 2421
3 2354 2422 2421
3 2354 2355 2422
3 2355 2423 2422
3 2355 2356 2423
3 2356 2424 2423
3 2356 2357 2424
3 2357 2425 2424
3 2357 2358 2425
3 2358 2426 2425
3 2358 2359 2426
3 2361 2427 2428
3 2361 2360 2427
3 2360 2429 2427
3 2360 2362 2429
3 2362 2430 2429
3 2362 2363 2430
3 2363 2431 2430
3 2363 2364 2431
3 2364 2432 2431
3 2364 2365 2432
3 2365 2433 2432
3 2365 2366 2433
3 2366 2434 2433
3 2366 2367 2434
3 2367 2435 2434
3 2367 2368 2435
3 2368 2436 2435
3 2368 2369 2436
3 2369 2437 2436
3 2369 2370 2437
3 2370 2438 2437
3 2370 2371 2438
3 2371 2439 2438
3 2371 2372 2439
3 2372 2440 2439
3 2372 2373 2440
3 2373 2441 2440
3 2373 2374 2441
3 2374 2442 2441
3 2374 2375 2442
3 2375 2443 2442
3 2375 2376 2443
3 2376 2444 2443
3 2376 2377 2444
3 2377 2445 2444
3 2377 2378 2445
3 2378 2446 2445
3 2378 2379 2446
3 2379 2447 2446
3 2379 2380 2447
3 2380 2448 2447
3 2380 2381 2448
3 2381 2449 2448
3 2381 2382 2449
3 2382 2450 2449
3 2382 2383 2450
3 2383 2451 2450
3 2383 2384 2451
3 2384 2385 2451
3 2451 2385 2452
3 2385 2386 2452
3 2452 2386 2453
3 2386 2387 2453
3 2453 2387 2454
3 2387 2388 2454
3 2454 2388 2455
3 2388 2389 2455
3 2455 2389 2456
3 2389 2390 2456
3 2456 2390 2457
3 2390 2391 2457
3 2457 2391 2458
3 2391 2392 2458
3 2458 2392 2459
3 2392 2460 2459
3 2392 2393 2460
3 2393 2394 2460
3 2460 2394 2461
3 2394 2462 2461
3 2394 2395 2462
3 2395 2396 2462
3 2462 2396 2463
3 2396 2397 2463
3 2463 2397 2464
3 2397 2398 2464
3 2464 2398 2465
3 2398 2399 2465
3 2465 2399 2466
3 2399 2400 2466
3 2466 2400 2467
3 2400 2401 2467
3 2467 2401 2468
3 2401 2402 2468
3 2468 2402 2469
3 2402 2470 2469
3 2402 2403 2470
3 2403 2471 2470
3 2403 2404 2471
3 2404 2405 2471
3 2471 2405 2472
3 2405 2406 2472
3 2472 2406 2473
3 2406 2407 2473
3 2473 2407 2474
3 2407 2408 2474
3 2474 2408 2475
3 2408 2409 2475
3 2475 2409 2476
3 2409 2410 2476
3 2476 2410 2477
3 2410 2411 2477
3 2477 2411 2478
3 2411 2479 2478
3 2411 2412 2479
3 2412 2480 2479
3 2412 2413 2480
3 2413 2481 2480
3 2413 2414 2481
3 2414 2482 2481
3 2414 2415 2482
3 2415 2483 2482
3 2415 2416 2483
3 2416 2484 2483
3 2416 2417 2484
3 2417 2485 2484
3 2417 2418 2485
3 2418 2486 2485
3 2418 2419 2486
3 2419 2487 2486
3 2419 2420 2487
3 2420 2488 2487
3 2420 2421 2488
3 2421 2489 2488
3 2421 2422 2489
3 2422 2490 2489
3 2422 2423 2490
3 2423 2491 2490
3 2423 2424 2491
3 2424 2492 2491
3 2424 2425 2492
3 2425 2493 2492
3 2425 2426 2493
3 2428 2494 2495
3 2428 2427 2494
3 2427 2496 2494
3 2427 2429 2496
3 2429 2497 2496
3 2429 2430 2497
3 2430 2498 2497
3 2430 2431 2498
3 2431 2499 2498
3 2431 2432 2499
3 2432 2500 2499
3 2432 2433 2500
3 2433 2501 2500
3 2433 2434 2501
3 2434 2502 2501
3 2434 2435 2502
3 2435 2436 2502
3 2502 2436 2503
3 2436 2504 2503
3 2436 2437 2504
3 2437 2438 2504
3 2504 2438 2505
3 2438 2506 2505
3 2438 2439 2506
3 2439 2507 2506
3 2439 2440 2507
3 2440 2508 2507
3 2440 2441 2508
3 2441 2509 2508
3 2441 2442 2509
3 2442 2510 2509
3 2442 2443 2510
3 2443 2511 2510
3 2443 2444 2511
3 2444 2512 2511
3 2444 2445 2512
3 2445 2446 2512
3 2512 2446 2513
3 2446 2514 2513
3 2446 2447 2514
3 2447 2515 2514
3 2447 2448 2515
3 2448 2516 2515
3 2448 2449 2516
3 2449 2517 2516
3 2449 2450 2517
3 2450 2518 2517
3 2450 2451 2518
3 2451 2452 2518
3 2518 2452 2519
3 2452 2453 2519
3 2519 2453 2520
3 2453 2454 2520
3 2520 2454 2521
3 2454 2455 2521
3 2521 2455 2522
3 2455 2456 2522
3 2522 2456 2523
3 2456 2457 2523
3 2523 2457 2524
3 2457 2458 2524
3 2524 2458 2525
3 2458 2526 2525
3 2458 2459 2526
3 2459 2527 2526
3 2459 2460 2527
3 2460 2461 2527
3 2527 2461 2528
3 2461 2462 2528
3 2528 2462 2529
3 2462 2463 2529
3 2529 2463 2530
3 2463 2464 2530
3 2530 2464 2531
3 2464 2465 2531
3 2531 2465 2532
3 2465 2466 2532
3 2532 2466 2533
3 2466 2467 2533
3 2533 2467 2534
3 2467 2468 2534
3 2534 2468 2535
3 2468 2469 2535
3 2535 2469 2536
3 2469 2470 2536
3 2536 2470 2537
3 2470 2471 2537
3 2537 2471 2538
3 2471 2472 2538
3 2538 2472 2539
3 2472 2473 2539
3 2539 2473 2540
3 2473 2474 2540
3 2540 2474 2541
3 2474 2475 2541
3 2541 2475 2542
3 2475 2476 2542
3 2542 2476 2543
3 2476 2477 2543
3 2543 2477 2544
3 2477 2478 2544
3 2544 2478 2545
3 2478 2546 2545
3 2478 2479 2546
3 2479 2480 2546
3 2546 2480 2547
3 2480 2481 2547
3 2547 2481 2548
3 2481 2482 2548
3 2548 2482 2549
3 2482 2483 2549
3 2549 2483 2550
3 2483 2484 2550
3 2550 2484 2551
3 2484 2485 2551
3 2551 2485 2552
3 2485 2486 2552
3 2552 2486 2553
3 2486 2554 2553
3 2486 2487 2554
3 2487 2555 2554
3 2487 2488 2555
3 2488 2556 2555
3 2488 2489 2556
3 2489 2557 2556
3 2489 2490 2557
3 2490 2558 2557
3 2490 2491 2558
3 2491 2559 2558
3 2491 2492 2559
3 2492 2560 2559
3 2492 2493 2560
3 2495 2561 2562
3 2495 2494 2561
3 2494 2563 2561
3 2494 2496 2563
3 2496 2564 2563
3 2496 2497 2564
3 2497 2565 2564
3 2497 2498 2565
3 2498 2566 2565
3 2498 2499 2566
3 2499 2567 2566
3 2499 2500 2567
3 2500 2568 2567
3 2500 2501 2568
3 2501 2569 2568
3 2501 2502 2569
3 2502 2570 2569
3 2502 2503 2570
3 2503 2571 2570
3 2503 2504 2571
3 2504 2572 2571
3 2504 2505 2572
3 2505 2573 2572
3 2505 2506 2573
3 2506 2574 2573
3 2506 2507 2574
3 2507 2575 2574
3 2507 2508 2575
3 2508 2576 2575
3 2508 2509 2576
3 2509 2577 2576
3 2509 2510 2577
3 2510 2578 2577
3 2510 2511 2578
3 2511 2579 2578
3 2511 2512 2579
3 2512 2580 2579
3 2512 2513 2580
3 2513 2581 2580
3 2513 2514 2581
3 2514 2582 2581
3 2514 2515 2582
3 2515 2583 2582
3 2515 2516 2583
3 2516 2584 2583
3 2516 2517 2584
3 2517 2585 2584
3 2517 2518 2585
3 2518 2586 2585
3 2518 2519 2586
3 2519 2520 2586
3 2586 2520 2587
3 2520 2521 2587
3 2587 2521 2588
3 2521 2522 2588
3 2588 2522 2589
3 2522 2523 2589
3 2589 2523 2590
3 2523 2524 2590
3 2590 2524 2591
3 2524 2592 2591
3 2524 2525 2592
3 2525 2593 2592
3 2525 2526 2593
3 2526 2594 2593
3 2526 2527 2594
3 2527 2595 2594
3 2527 2528 2595
3 2528 2596 2595
3 2528 2529 2596
3 2529 2597 2596
3 2529 2530 2597
3 2530 2531 2597
3 2597 2531 2598
3 2531 2532 2598
3 2598 2532 2599
3 2532 2533 2599
3 2599 2533 2600
3 2533 2534 2600
3 2600 2534 2601
3 2534 2535 2601
3 2601 2535 2602
3 2535 2536 2602
3 2602 2536 2603
3 2536 2604 2603
3 2536 2537 2604
3 2537 2605 2604
3 2537 2538 2605
3 2538 2606 2605
3 2538 2539 2606
3 2539 2540 2606
3 2606 2540 2607
3 2540 2541 2607
3 2607 2541 2608
3 2541 2609 2608
3 2541 2542 2609
3 2542 2610 2609
3 2542 2543 2610
3 2543 2611 2610
3 2543 2544 2611
3 2544 2612 2611
3 2544 2545 2612
3 2545 2613 2612
3 2545 2546 2613
3 2546 2614 2613
3 2546 2547 2614
3 2547 2615 2614
3 2547 2548 2615
3 2548 2549 2615
3 2615 2549 2616
3 2549 2550 2616
3 2616 2550 2617
3 2550 2551 2617
3 2617 2551 2618
3 2551 2552 2618
3 2618 2552 2619
3 2552 2553 2619
3 2619 2553 2620
3 2553 2554 2620
3 2620 2554 2621
3 2554 2622 2621
3 2554 2555 2622
3 2555 2623 2622
3 2555 2556 2623
3 2556 2624 2623
3 2556 2557 2624
3 2557 2625 2624
3 2557 2558 2625
3 2558 2626 2625
3 2558 2559 2626
3 2559 2627 2626
3 2559 2560 2627
3 2562 2561 2628
3 2561 2629 2628
3 2561 2563 2629
3 2563 2630 2629
3 2563 2564 2630
3 2564 2631 2630
3 2564 2565 2631
3 2565 2632 2631
3 2565 2566 2632
3 2566 2633 2632
3 2566 2567 2633
3 2567 2634 2633
3 2567 2568 2634
3 2568 2569 2634
3 2634 2569 2635
3 2569 2570 2635
3 2635 2570 2636
3 2570 2571 2636
3 2636 2571 2637
3 2571 2572 2637
3 2637 2572 2638
3 2572 2573 2638
3 2638 2573 2639
3 2573 2640 2639
3 2573 2574 2640
3 2574 2641 2640
3 2574 2575 2641
3 2575 2642 2641
3 2575 2576 2642
3 2576 2643 2642
3 2576 2577 2643
3 2577 2644 2643
3 2577 2578 2644
3 2578 2645 2644
3 2578 2579 2645
3 2579 2646 2645
3 2579 2580 2646
3 2580 2581 2646
3 2646 2581 2647
3 2581 2648 2647
3 2581 2582 2648
3 2582 2649 2648
3 2582 2583 2649
3 2583 2650 2649
3 2583 2584 2650
3 2584 2651 2650
3 2584 2585 2651
3 2585 2586 2651
3 2651 2586 2652
3 2586 2587 2652
3 2652 2587 2653
3 2587 2588 2653
3 2653 2588 2654
3 2588 2589 2654
3 2654 2589 2655
3 2589 2590 2655
3 2655 2590 2656
3 2590 2591 2656
3 2656 2591 2657
3 2591 2592 2657
3 2657 2592 2658
3 2592 2593 2658
3 2658 2593 2659
3 2593 2594 2659
3 2659 2594 2660
3 2594 2595 2660
3 2660 2595 2661
3 2595 2662 2661
3 2595 2596 2662
3 2596 2597 2662
3 2662 2597 2663
3 2597 2598 2663
3 2663 2598 2664
3 2598 2599 2664
3 2664 2599 2665
3 2599 2600 2665
3 2665 2600 2666
3 2600 2601 2666
3 2666 2601 2667
3 2601 2602 2667
3 2667 2602 2668
3 2602 2603 2668
3 2668 2603 2669
3 2603 2670 2669
3 2603 2604 2670
3 2604 2671 2670
3 2604 2605 2671
3 2605 2606 2671
3 2671 2606 2672
3 2606 2607 2672
3 2672 2607 2673
3 2607 2608 2673
3 2673 2608 2674
3 2608 2675 2674
3 2608 2609 2675
3 2609 2676 2675
3 2609 2610 2676
3 2610 2677 2676
3 2610 2611 2677
3 2611 2678 2677
3 2611 2612 2678
3 2612 2613 2678
3 2678 2613 2679
3 2613 2614 2679
3 2679 2614 2680
3 2614 2615 2680
3 2680 2615 2681
3 2615 2616 2681
3 2681 2616 2682
3 2616 2617 2682
3 2682 2617 2683
3 2617 2618 2683
3 2683 2618 2684
3 2618 2619 2684
3 2684 2619 2685
3 2619 2620 2685
3 2685 2620 2686
3 2620 2621 2686
3 2686 2621 2687
3 2621 2622 2687
3 2687 2622 2688
3 2622 2689 2688
3 2622 2623 2689
3 2623 2690 2689
3 2623 2624 2690
3 2624 2691 2690
3 2624 2625 2691
3 2625 2692 2691
3 2625 2626 2692
3 2626 2693 2692
3 2626 2627 2693
3 2694 2628 2695
3 2628 2629 2695
3 2695 2629 2696
3 2629 2630 2696
3 2696 2630 2697
3 2630 2631 2697
3 2697 2631 2698
3 2631 2632 2698
3 2698 2632 2699
3 2632 2633 2699
3 2699 2633 2700
3 2633 2634 2700
3 2700 2634 2701
3 2634 2635 2701
3 2701 2635 2702
3 2635 2636 2702
3 2702 2636 2703
3 2636 2637 2703
3 2703 2637 2704
3 2637 2638 2704
3 2704 2638 2705
3 2638 2639 2705
3 2705 2639 2706
3 2639 2640 2706
3 2706 2640 2707
3 2640 2641 2707
3 2707 2641 2708
3 2641 2642 2708
3 2708 2642 2709
3 2642 2643 2709
3 2709 2643 2710
3 2643 2644 2710
3 2710 2644 2711
3 2644 2712 2711
3 2644 2645 2712
3 2645 2646 2712
3 2712 2646 2713
3 2646 2647 2713
3 2713 2647 2714
3 2647 2648 2714
3 2714 2648 2715
3 2648 2716 2715
3 2648 2649 2716
3 2649 2717 2716
3 2649 2650 2717
3 2650 2718 2717
3 2650 2651 2718
3 2651 2652 2718
3 2718 2652 2719
3 2652 2653 2719
3 2719 2653 2720
3 2653 2654 2720
3 2720 2654 2721
3 2654 2655 2721
3 2721 2655 2722
3 2655 2656 2722
3 2722 2656 2723
3 2656 2657 2723
3 2723 2657 2724
3 2657 2658 2724
3 2724 2658 2725
3 2658 2659 2725
3 2725 2659 2726
3 2659 2660 2726
3 2726 2660 2727
3 2660 2661 2727
3 2727 2661 2728
3 2661 2662 2728
3 2728 2662 2729
3 2662 2663 2729
3 2729 2663 2730
3 2663 2664 2730
3 2730 2664 2731
3 2664 2665 2731
3 2731 2665 2732
3 2665 2666 2732
3 2732 2666 2733
3 2666 2667 2733
3 2733 2667 2734
3 2667 2668 2734
3 2734 2668 2735
3 2668 2669 2735
3 2735 2669 2736
3 2669 2670 2736
3 2736 2670 2737
3 2670 2671 2737
3 2737 2671 2738
3 2671 2672 2738
3 2738 2672 2739
3 2672 2673 2739
3 2739 2673 2740
3 2673 2674 2740
3 2740 2674 2741
3 2674 2675 2741
3 2741 2675 2742
3 2675 2743 2742
3 2675 2676 2743
3 2676 2677 2743
3 2743 2677 2744
3 2677 2745 2744
3 2677 2678 2745
3 2678 2746 2745
3 2678 2679 2746
3 2679 2680 2746
3 2746 2680 2747
3 2680 2681 2747
3 2747 2681 2748
3 2681 2682 2748
3 2748 2682 2749
3 2682 2683 2749
3 2749 2683 2750
3 2683 2684 2750
3 2750 2684 2751
3 2684 2685 2751
3 2751 2685 2752
3 2685 2686 2752
3 2752 2686 2753
3 2686 2687 2753
3 2753 2687 2754
3 2687 2688 2754
3 2754 2688 2755
3 2688 2689 2755
3 2755 2689 2756
3 2689 2690 2756
3 2756 2690 2757
3 2690 2691 2757
3 2757 2691 2758
3 2691 2692 2758
3 2758 2692 2759
3 2692 2693 2759
3 2759 2693 2760
3 2761 2695 2762
3 2695 2696 2762
3 2762 2696 2763
3 2696 2697 2763
3 2763 2697 2764
3 2697 2698 2764
3 2764 2698 2765
3 2698 2699 2765
3 2765 2699 2766
3 2699 2767 2766
3 2699 2700 2767
3 2700 2768 2767
3 2700 2701 2768
3 2701 2702 2768
3 2768 2702 2769
3 2702 2703 2769
3 2769 2703 2770
3 2703 2704 2770
3 2770 2704 2771
3 2704 2705 2771
3 2771 2705 2772
3 2705 2706 2772
3 2772 2706 2773
3 2706 2707 2773
3 2773 2707 2774
3 2707 2708 2774
3 2774 2708 2775
3 2708 2709 2775
3 2775 2709 2776
3 2709 2710 2776
3 2776 2710 2777
3 2710 2778 2777
3 2710 2711 2778
3 2711 2779 2778
3 2711 2712 2779
3 2712 2713 2779
3 2779 2713 2780
3 2713 2714 2780
3 2780 2714 2781
3 2714 2782 2781
3 2714 2715 2782
3 2715 2783 2782
3 2715 2716 2783
3 2716 2784 2783
3 2716 2717 2784
3 2717 2785 2784
3 2717 2718 2785
3 2718 2719 2785
3 2785 2719 2786
3 2719 2720 2786
3 2786 2720 2787
3 2720 2721 2787
3 2787 2721 2788
3 2721 2722 2788
3 2788 2722 2789
3 2722 2723 2789
3 2789 2723 2790
3 2723 2724 2790
3 2790 2724 2791
3 2724 2725 2791
3 2791 2725 2792
3 2725 2793 2792
3 2725 2726 2793
3 2726 2794 2793
3 2726 2727 2794
3 2727 2728 2794
3 2794 2728 2795
3 2728 2729 2795
3 2795 2729 2796
3 2729 2730 2796
3 2796 2730 2797
3 2730 2731 2797
3 2797 2731 2798
3 2731 2732 2798
3 2798 2732 2799
3 2732 2733 2799
3 2799 2733 2800
3 2733 2734 2800
3 2800 2734 2801
3 2734 2735 2801
3 2801 2735 2802
3 2735 2736 2802
3 2802 2736 2803
3 2736 2804 2803
3 2736 2737 2804
3 2737 2805 2804
3 2737 2738 2805
3 2738 2739 2805
3 2805 2739 2806
3 2739 2740 2806
3 2806 2740 2807
3 2740 2741 2807
3 2807 2741 2808
3 2741 2742 2808
3 2808 2742 2809
3 2742 2743 2809
3 2809 2743 2810
3 2743 2744 2810
3 2810 2744 2811
3 2744 2745 2811
3 2811 2745 2812
3 2745 2746 2812
3 2812 2746 2813
3 2746 2747 2813
3 2813 2747 2814
3 2747 2748 2814
3 2814 2748 2815
3 2748 2749 2815
3 2815 2749 2816
3 2749 2750 2816
3 2816 2750 2817
3 2750 2751 2817
3 2817 2751 2818
3 2751 2752 2818
3 2818 2752 2819
3 2752 2753 2819
3 2819 2753 2820
3 2753 2754 2820
3 2820 2754 2821
3 2754 2755 2821
3 2821 2755 2822
3 2755 2756 2822
3 2822 2756 2823
3 2756 2757 2823
3 2823 2757 2824
3 2757 2758 2824
3 2824 2758 2825
3 2758 2759 2825
3 2825 2759 2826
3 2759 2760 2826
3 2826 2760 2827
3 2828 2762 2829
3 2762 2830 2829
3 2762 2763 2830
3 2763 2831 2830
3 2763 2764 2831
3 2764 2832 2831
3 2764 2765 2832
3 2765 2833 2832
3 2765 2766 2833
3 2766 2834 2833
3 2766 2767 2834
3 2767 2835 2834
3 2767 2768 2835
3 2768 2769 2835
3 2835 2769 2836
3 2769 2770 2836
3 2836 2770 2837
3 2770 2771 2837
3 2837 2771 2838
3 2771 2772 2838
3 2838 2772 2839
3 2772 2773 2839
3 2839 2773 2840
3 2773 2841 2840
3 2773 2774 2841
3 2774 2842 2841
3 2774 2775 2842
3 2775 2843 2842
3 2775 2776 2843
3 2776 2844 2843
3 2776 2777 2844
3 2777 2845 2844
3 2777 2778 2845
3 2778 2846 2845
3 2778 2779 2846
3 2779 2847 2846
3 2779 2780 2847
3 2780 2781 2847
3 2847 2781 2848
3 2781 2849 2848
3 2781 2782 2849
3 2782 2850 2849
3 2782 2783 2850
3 2783 2851 2850
3 2783 2784 2851
3 2784 2852 2851
3 2784 2785 2852
3 2785 2853 2852
3 2785 2786 2853
3 2786 2787 2853
3 2853 2787 2854
3 2787 2788 2854
3 2854 2788 2855
3 2788 2856 2855
3 2788 2789 2856
3 2789 2790 2856
3 2856 2790 2857
3 2790 2791 2857
3 2857 2791 2858
3 2791 2859 2858
3 2791 2792 2859
3 2792 2860 2859
3 2792 2793 2860
3 2793 2861 2860
3 2793 2794 2861
3 2794 2862 2861
3 2794 2795 2862
3 2795 2863 2862
3 2795 2796 2863
3 2796 2864 2863
3 2796 2797 2864
3 2797 2798 2864
3 2864 2798 2865
3 2798 2799 2865
3 2865 2799 2866
3 2799 2800 2866
3 2866 2800 2867
3 2800 2801 2867
3 2867 2801 2868
3 2801 2802 2868
3 2868 2802 2869
3 2802 2870 2869
3 2802 2803 2870
3 2803 2871 2870
3 2803 2804 2871
3 2804 2872 2871
3 2804 2805 2872
3 2805 2873 2872
3 2805 2806 2873
3 2806 2874 2873
3 2806 2807 2874
3 2807 2808 2874
3 2874 2808 2875
3 2808 2876 2875
3 2808 2809 2876
3 2809 2877 2876
3 2809 2810 2877
3 2810 2811 2877
3 2877 2811 2878
3 2811 2879 2878
3 2811 2812 2879
3 2812 2880 2879
3 2812 2813 2880
3 2813 2881 2880
3 2813 2814 2881
3 2814 2882 2881
3 2814 2815 2882
3 2815 2816 2882
3 2882 2816 2883
3 2816 2817 2883
3 2883 2817 2884
3 2817 2885 2884
3 2817 2818 2885
3 2818 2819 2885
3 2885 2819 2886
3 2819 2820 2886
3 2886 2820 2887
3 2820 2821 2887
3 2887 2821 2888
3 2821 2822 2888
3 2888 2822 2889
3 2822 2890 2889
3 2822 2823 2890
3 2823 2891 2890
3 2823 2824 2891
3 2824 2892 2891
3 2824 2825 2892
3 2825 2893 2892
3 2825 2826 2893
3 2826 2894 2893
3 2826 2827 2894
3 2828 2829 2895
3 2829 2896 2895
3 2829 2830 2896
3 2830 2897 2896
3 2830 2831 2897
3 2831 2898 2897
3 2831 2832 2898
3 2832 2899 2898
3 2832 2833 2899
3 2833 2900 2899
3 2833 2834 2900
3 2834 2901 2900
3 2834 2835 2901
3 2835 2902 2901
3 2835 2836 2902
3 2836 2837 2902
3 2902 2837 2903
3 2837 2904 2903
3 2837 2838 2904
3 2838 2839 2904
3 2904 2839 2905
3 2839 2906 2905
3 2839 2840 2906
3 2840 2907 2906
3 2840 2841 2907
3 2841 2908 2907
3 2841 2842 2908
3 2842 2909 2908
3 2842 2843 2909
3 2843 2910 2909
3 2843 2844 2910
3 2844 2911 2910
3 2844 2845 2911
3 2845 2912 2911
3 2845 2846 2912
3 2846 2913 2912
3 2846 2847 2913
3 2847 2914 2913
3 2847 2848 2914
3 2848 2915 2914
3 2848 2849 2915
3 2849 2916 2915
3 2849 2850 2916
3 2850 2917 2916
3 2850 2851 2917
3 2851 2918 2917
3 2851 2852 2918
3 2852 2919 2918
3 2852 2853 2919
3 2853 2920 2919
3 2853 2854 2920
3 2854 2921 2920
3 2854 2855 2921
3 2855 2922 2921
3 2855 2856 2922
3 2856 2923 2922
3 2856 2857 2923
3 2857 2924 2923
3 2857 2858 2924
3 2858 2925 2924
3 2858 2859 2925
3 2859 2926 2925
3 2859 2860 2926
3 2860 2927 2926
3 2860 2861 2927
3 2861 2928 2927
3 2861 2862 2928
3 2862 2929 2928
3 2862 2863 2929
3 2863 2930 2929
3 2863 2864 2930
3 2864 2931 2930
3 2864 2865 2931
3 2865 2866 2931
3 2931 2866 2932
3 2866 2867 2932
3 2932 2867 2933
3 2867 2868 2933
3 2933 2868 2934
3 2868 2869 2934
3 2934 2869 2935
3 2869 2936 2935
3 2869 2870 2936
3 2870 2937 2936
3 2870 2871 2937
3 2871 2938 2937
3 2871 2872 2938
3 2872 2939 2938
3 2872 2873 2939
3 2873 2940 2939
3 2873 2874 2940
3 2874 2941 2940
3 2874 2875 2941
3 2875 2942 2941
3 2875 2876 2942
3 2876 2943 2942
3 2876 2877 2943
3 2877 2944 2943
3 2877 2878 2944
3 2878 2945 2944
3 2878 2879 2945
3 2879 2946 2945
3 2879 2880 2946
3 2880 2947 2946
3 2880 2881 2947
3 2881 2948 2947
3 2881 2882 2948
3 2882 2949 2948
3 2882 2883 2949
3 2883 2950 2949
3 2883 2884 2950
3 2884 2951 2950
3 2884 2885 2951
3 2885 2952 2951
3 2885 2886 2952
3 2886 2953 2952
3 2886 2887 2953
3 2887 2954 2953
3 2887 2888 2954
3 2888 2889 2954
3 2954 2889 2955
3 2889 2956 2955
3 2889 2890 2956
3 2890 2957 2956
3 2890 2891 2957
3 2891 2958 2957
3 2891 2892 2958
3 2892 2959 2958
3 2892 2893 2959
3 2893 2960 2959
3 2893 2894 2960
3 2895 2961 2962
3 2895 2896 2961
3 2896 2963 2961
3 2896 2897 2963
3 2897 2964 2963
3 2897 2898 2964
3 2898 2965 2964
3 2898 2899 2965
3 2899 2966 2965
3 2899 2900 2966
3 2900 2967 2966
3 2900 2901 2967
3 2901 2968 2967
3 2901 2902 2968
3 2902 2903 2968
3 2968 2903 2969
3 2903 2970 2969
3 2903 2904 2970
3 2904 2905 2970
3 2970 2905 2971
3 2905 2906 2971
3 2971 2906 2972
3 2906 2973 2972
3 2906 2907 2973
3 2907 2974 2973
3 2907 2908 2974
3 2908 2975 2974
3 2908 2909 2975
3 2909 2976 2975
3 2909 2910 2976
3 2910 2977 2976
3 2910 2911 2977
3 2911 2978 2977
3 2911 2912 2978
3 2912 2979 2978
3 2912 2913 2979
3 2913 2980 2979
3 2913 2914 2980
3 2914 2981 2980
3 2914 2915 2981
3 2915 2982 2981
3 2915 2916 2982
3 2916 2983 2982
3 2916 2917 2983
3 2917 2984 2983
3 2917 2918 2984
3 2918 2985 2984
3 2918 2919 2985
3 2919 2986 2985
3 2919 2920 2986
3 2920 2987 2986
3 2920 2921 2987
3 2921 2988 2987
3 2921 2922 2988
3 2922 2989 2988
3 2922 2923 2989
3 2923 2990 2989
3 2923 2924 2990
3 2924 2991 2990
3 2924 2925 2991
3 2925 2992 2991
3 2925 2926 2992
3 2926 2993 2992
3 2926 2927 2993
3 2927 2994 2993
3 2927 2928 2994
3 2928 2995 2994
3 2928 2929 2995
3 2929 2996 2995
3 2929 2930 2996
3 2930 2997 2996
3 2930 2931 2997
3 2931 2932 2997
3 2997 2932 2998
3 2932 2933 2998
3 2998 2933 2999
3 2933 2934 2999
3 2999 2934 3000
3 2934 2935 3000
3 3000 2935 3001
3 2935 3002 3001
3 2935 2936 3002
3 2936 3003 3002
3 2936 2937 3003
3 2937 3004 3003
3 2937 2938 3004
3 2938 3005 3004
3 2938 2939 3005
3 2939 3006 3005
3 2939 2940 3006
3 2940 3007 3006
3 2940 2941 3007
3 2941 3008 3007
3 2941 2942 3008
3 2942 3009 3008
3 2942 2943 3009
3 2943 3010 3009
3 2943 2944 3010
3 2944 3011 3010
3 2944 2945 3011
3 2945 3012 3011
3 2945 2946 3012
3 2946 3013 3012
3 2946 2947 3013
3 2947 3014 3013
3 2947 2948 3014
3 2948 3015 3014
3 2948 2949 3015
3 2949 3016 3015
3 2949 2950 3016
3 2950 3017 3016
3 2950 2951 3017
3 2951 3018 3017
3 2951 2952 3018
3 2952 3019 3018
3 2952 2953 3019
3 2953 3020 3019
3 2953 2954 3020
3 2954 3021 3020
3 2954 2955 3021
3 2955 3022 3021
3 2955 2956 3022
3 2956 3023 3022
3 2956 2957 3023
3 2957 3024 3023
3 2957 2958 3024
3 2958 3025 3024
3 2958 2959 3025
3 2959 3026 3025
3 2959 2960 3026
3 2962 3027 3028
3 2962 2961 3027
3 2961 3029 3027
3 2961 2963 3029
3 2963 3030 3029
3 2963 2964 3030
3 2964 3031 3030
3 2964 2965 3031
3 2965 3032 3031
3 2965 2966 3032
3 2966 3033 3032
3 2966 2967 3033
3 2967 2968 3033
3 3033 2968 3034
3 2968 2969 3034
3 3034 2969 3035
3 2969 2970 3035
3 3035 2970 3036
3 2970 2971 3036
3 3036 2971 3037
3 2971 2972 3037
3 3037 2972 3038
3 2972 3039 3038
3 2972 2973 3039
3 2973 3040 3039
3 2973 2974 3040
3 2974 3041 3040
3 2974 2975 3041
3 2975 3042 3041
3 2975 2976 3042
3 2976 3043 3042
3 2976 2977 3043
3 2977 3044 3043
3 2977 2978 3044
3 2978 3045 3044
3 2978 2979 3045
3 2979 3046 3045
3 2979 2980 3046
3 2980 3047 3046
3 2980 2981 3047
3 2981 3048 3047
3 2981 2982 3048
3 2982 3049 3048
3 2982 2983 3049
3 2983 3050 3049
3 2983 2984 3050
3 2984 3051 3050
3 2984 2985 3051
3 2985 3052 3051
3 2985 2986 3052
3 2986 3053 3052
3 2986 2987 3053
3 2987 2988 3053
3 3053 2988 3054
3 2988 2989 3054
3 3054 2989 3055
3 2989 2990 3055
3 3055 2990 3056
3 2990 3057 3056
3 2990 2991 3057
3 2991 3058 3057
3 2991 2992 3058
3 2992 3059 3058
3 2992 2993 3059
3 2993 3060 3059
3 2993 2994 3060
3 2994 3061 3060
3 2994 2995 3061
3 2995 3062 3061
3 2995 2996 3062
3 2996 2997 3062
3 3062 2997 3063
3 2997 2998 3063
3 3063 2998 3064
3 2998 2999 3064
3 3064 2999 3065
3 2999 3000 3065
3 3065 3000 3066
3 3000 3001 3066
3 3066 3001 3067
3 3001 3002 3067
3 3067 3002 3068
3 3002 3069 3068
3 3002 3003 3069
3 3003 3070 3069
3 3003 3004 3070
3 3004 3071 3070
3 3004 3005 3071
3 3005 3072 3071
3 3005 3006 3072
3 3006 3073 3072
3 3006 3007 3073
3 3007 3074 3073
3 3007 3008 3074
3 3008 3075 3074
3 3008 3009 3075
3 3009 3076 3075
3 3009 3010 3076
3 3010 3077 3076
3 3010 3011 3077
3 3011 3078 3077
3 3011 3012 3078
3 3012 3079 3078
3 3012 3013 3079
3 3013 3080 3079
3 3013 3014 3080
3 3014 3081 3080
3 3014 3015 3081
3 3015 3082 3081
3 3015 3016 3082
3 3016 3083 3082
3 3016 3017 3083
3 3017 3084 3083
3 3017 3018 3084
3 3018 3085 3084
3 3018 3019 3085
3 3019 3086 3085
3 3019 3020 3086
3 3020 3087 3086
3 3020 3021 3087
3 3021 3088 3087
3 3021 3022 3088
3 3022 3089 3088
3 3022 3023 3089
3 3023 3090 3089
3 3023 3024 3090
3 3024 3091 3090
3 3024 3025 3091
3 3025 3092 3091
3 3025 3026 3092
3 3028 3027 3093
3 3093 3027 3094
3 3027 3029 3094
3 3094 3029 3095
3 3029 3030 3095
3 3095 3030 3096
3 3030 3031 3096
3 3096 3031 3097
3 3031 3032 3097
3 3097 3032 3098
3 3032 3033 3098
3 3098 3033 3099
3 3033 3034 3099
3 3099 3034 3100
3 3034 3035 3100
3 3100 3035 3101
3 3035 3036 3101
3 3101 3036 3102
3 3036 3037 3102
3 3102 3037 3103
3 3037 3038 3103
3 3103 3038 3104
3 3038 3039 3104
3 3104 3039 3105
3 3039 3040 3105
3 3105 3040 3106
3 3040 3041 3106
3 3106 3041 3107
3 3041 3042 3107
3 3107 3042 3108
3 3042 3043 3108
3 3108 3043 3109
3 3043 3110 3109
3 3043 3044 3110
3 3044 3045 3110
3 3110 3045 3111
3 3045 3046 3111
3 3111 3046 3112
3 3046 3113 3112
3 3046 3047 3113
3 3047 3114 3113
3 3047 3048 3114
3 3048 3115 3114
3 3048 3049 3115
3 3049 3116 3115
3 3049 3050 3116
3 3050 3051 3116
3 3116 3051 3117
3 3051 3052 3117
3 3117 3052 3118
3 3052 3053 3118
3 3118 3053 3119
3 3053 3054 3119
3 3119 3054 3120
3 3054 3055 3120
3 3120 3055 3121
3 3055 3056 3121
3 3121 3056 3122
3 3056 3057 3122
3 3122 3057 3123
3 3057 3124 3123
3 3057 3058 3124
3 3058 3059 3124
3 3124 3059 3125
3 3059 3060 3125
3 3125 3060 3126
3 3060 3061 3126
3 3126 3061 3127
3 3061 3128 3127
3 3061 3062 3128
3 3062 3063 3128
3 3128 3063 3129
3 3063 3064 3129
3 3129 3064 3130
3 3064 3065 3130
3 3130 3065 3131
3 3065 3066 3131
3 3131 3066 3132
3 3066 3067 3132
3 3132 3067 3133
3 3067 3068 3133
3 3133 3068 3134
3 3068 3069 3134
3 3134 3069 3135
3 3069 3070 3135
3 3135 3070 3136
3 3070 3137 3136
3 3070 3071 3137
3 3071 3072 3137
3 3137 3072 3138
3 3072 3073 3138
3 3138 3073 3139
3 3073 3074 3139
3 3139 3074 3140
3 3074 3141 3140
3 3074 3075 3141
3 3075 3076 3141
3 3141 3076 3142
3 3076 3077 3142
3 3142 3077 3143
3 3077 3078 3143
3 3143 3078 3144
3 3078 3145 3144
3 3078 3079 3145
3 3079 3146 3145
3 3079 3080 3146
3 3080 3147 3146
3 3080 3081 3147
3 3081 3148 3147
3 3081 3082 3148
3 3082 3149 3148
3 3082 3083 3149
3 3083 3084 3149
3 3149 3084 3150
3 3084 3085 3150
3 3150 3085 3151
3 3085 3086 3151
3 3151 3086 3152
3 3086 3087 3152
3 3152 3087 3153
3 3087 3154 3153
3 3087 3088 3154
3 3088 3155 3154
3 3088 3089 3155
3 3089 3156 3155
3 3089 3090 3156
3 3090 3157 3156
3 3090 3091 3157
3 3091 3158 3157
3 3091 3092 3158
3 3093 3094 3159
3 3159 3094 3160
3 3094 3095 3160
3 3160 3095 3161
3 3095 3096 3161
3 3161 3096 3162
3 3096 3097 3162
3 3162 3097 3163
3 3097 3098 3163
3 3163 3098 3164
3 3098 3099 3164
3 3164 3099 3165
3 3099 3100 3165
3 3165 3100 3166
3 3100 3101 3166
3 3166 3101 3167
3 3101 3102 3167
3 3167 3102 3168
3 3102 3103 3168
3 3168 3103 3169
3 3103 3104 3169
3 3169 3104 3170
3 3104 3105 3170
3 3170 3105 3171
3 3105 3106 3171
3 3171 3106 3172
3 3106 3107 3172
3 3172 3107 3173
3 3107 3108 3173
3 3173 3108 3174
3 3108 3109 3174
3 3174 3109 3175
3 3109 3110 3175
3 3175 3110 3176
3 3110 3111 3176
3 3176 3111 3177
3 3111 3112 3177
3 3177 3112 3178
3 3112 3113 3178
3 3178 3113 3179
3 3113 3180 3179
3 3113 3114 3180
3 3114 3181 3180
3 3114 3115 3181
3 3115 3182 3181
3 3115 3116 3182
3 3116 3117 3182
3 3182 3117 3183
3 3117 3118 3183
3 3183 3118 3184
3 3118 3119 3184
3 3184 3119 3185
3 3119 3120 3185
3 3185 3120 3186
3 3120 3121 3186
3 3186 3121 3187
3 3121 3122 3187
3 3187 3122 3188
3 3122 3123 3188
3 3188 3123 3189
3 3123 3190 3189
3 3123 3124 3190
3 3124 3125 3190
3 3190 3125 3191
3 3125 3126 3191
3 3191 3126 3192
3 3126 3127 3192
3 3192 3127 3193
3 3127 3128 3193
3 3193 3128 3194
3 3128 3129 3194
3 3194 3129 3195
3 3129 3130 3195
3 3195 3130 3196
3 3130 3131 3196
3 3196 3131 3197
3 3131 3132 3197
3 3197 3132 3198
3 3132 3133 3198
3 3198 3133 3199
3 3133 3134 3199
3 3199 3134 3200
3 3134 3135 3200
3 3200 3135 3201
3 3135 3136 3201
3 3201 3136 3202
3 3136 3137 3202
3 3202 3137 3203
3 3137 3138 3203
3 3203 3138 3204
3 3138 3139 3204
3 3204 3139 3205
3 3139 3140 3205
3 3205 3140 3206
3 3140 3141 3206
3 3206 3141 3207
3 3141 3142 3207
3 3207 3142 3208
3 3142 3143 3208
3 3208 3143 3209
3 3143 3144 3209
3 3209 3144 3210
3 3144 3145 3210
3 3210 3145 3211
3 3145 3146 3211
3 3211 3146 3212
3 3146 3213 3212
3 3146 3147 3213
3 3147 3214 3213
3 3147 3148 3214
3 3148 3215 3214
3 3148 3149 3215
3 3149 3150 3215
3 3215 3150 3216
3 3150 3151 3216
3 3216 3151 3217
3 3151 3152 3217
3 3217 3152 3218
3 3152 3153 3218
3 3218 3153 3219
3 3153 3220 3219
3 3153 3154 3220
3 3154 3221 3220
3 3154 3155 3221
3 3155 3222 3221
3 3155 3156 3222
3 3156 3223 3222
3 3156 3157 3223
3 3157 3224 3223
3 3157 3158 3224
3 3158 3225 3224
3 3159 3160 3226
3 3226 3160 3227
3 3160 3161 3227
3 3227 3161 3228
3 3161 3229 3228
3 3161 3162 3229
3 3162 3163 3229
3 3229 3163 3230
3 3163 3231 3230
3 3163 3164 3231
3 3164 3232 3231
3 3164 3165 3232
3 3165 3166 3232
3 3232 3166 3233
3 3166 3167 3233
3 3233 3167 3234
3 3167 3168 3234
3 3234 3168 3235
3 3168 3169 3235
3 3235 3169 3236
3 3169 3170 3236
3 3236 3170 3237
3 3170 3171 3237
3 3237 3171 3238
3 3171 3172 3238
3 3238 3172 3239
3 3172 3173 3239
3 3239 3173 3240
3 3173 3174 3240
3 3240 3174 3241
3 3174 3175 3241
3 3241 3175 3242
3 3175 3243 3242
3 3175 3176 3243
3 3176 3177 3243
3 3243 3177 3244
3 3177 3178 3244
3 3244 3178 3245
3 3178 3246 3245
3 3178 3179 3246
3 3179 3247 3246
3 3179 3180 3247
3 3180 3248 3247
3 3180 3181 3248
3 3181 3249 3248
3 3181 3182 3249
3 3182 3250 3249
3 3182 3183 3250
3 3183 3184 3250
3 3250 3184 3251
3 3184 3185 3251
3 3251 3185 3252
3 3185 3186 3252
3 3252 3186 3253
3 3186 3187 3253
3 3253 3187 3254
3 3187 3188 3254
3 3254 3188 3255
3 3188 3189 3255
3 3255 3189 3256
3 3189 3190 3256
3 3256 3190 3257
3 3190 3191 3257
3 3257 3191 3258
3 3191 3192 3258
3 3258 3192 3259
3 3192 3260 3259
3 3192 3193 3260
3 3193 3194 3260
3 3260 3194 3261
3 3194 3195 3261
3 3261 3195 3262
3 3195 3196 3262
3 3262 3196 3263
3 3196 3197 3263
3 3263 3197 3264
3 3197 3198 3264
3 3264 3198 3265
3 3198 3199 3265
3 3265 3199 3266
3 3199 3267 3266
3 3199 3200 3267
3 3200 3268 3267
3 3200 3201 3268
3 3201 3269 3268
3 3201 3202 3269
3 3202 3270 3269
3 3202 3203 3270
3 3203 3204 3270
3 3270 3204 3271
3 3204 3205 3271
3 3271 3205 3272
3 3205 3206 3272
3 3272 3206 3273
3 3206 3274 3273
3 3206 3207 3274
3 3207 3208 3274
3 3274 3208 3275
3 3208 3209 3275
3 3275 3209 3276
3 3209 3210 3276
3 3276 3210 3277
3 3210 3211 3277
3 3277 3211 3278
3 3211 3212 3278
3 3278 3212 3279
3 3212 3213 3279
3 3279 3213 3280
3 3213 3214 3280
3 3280 3214 3281
3 3214 3215 3281
3 3281 3215 3282
3 3215 3216 3282
3 3282 3216 3283
3 3216 3217 3283
3 3283 3217 3284
3 3217 3218 3284
3 3284 3218 3285
3 3218 3219 3285
3 3285 3219 3286
3 3219 3287 3286
3 3219 3220 3287
3 3220 3288 3287
3 3220 3221 3288
3 3221 3289 3288
3 3221 3222 3289
3 3222 3290 3289
3 3222 3223 3290
3 3223 3291 3290
3 3223 3224 3291
3 3224 3292 3291
3 3293 3226 3294
3 3226 3227 3294
3 3294 3227 3295
3 3227 3296 3295
3 3227 3228 3296
3 3228 3297 3296
3 3228 3229 3297
3 3229 3298 3297
3 3229 3230 3298
3 3230 3299 3298
3 3230 3231 3299
3 3231 3232 3299
3 3299 3232 3300
3 3232 3233 3300
3 3300 3233 3301
3 3233 3234 3301
3 3301 3234 3302
3 3234 3235 3302
3 3302 3235 3303
3 3235 3236 3303
3 3303 3236 3304
3 3236 3237 3304
3 3304 3237 3305
3 3237 3306 3305
3 3237 3238 3306
3 3238 3307 3306
3 3238 3239 3307
3 3239 3240 3307
3 3307 3240 3308
3 3240 3241 3308
3 3308 3241 3309
3 3241 3310 3309
3 3241 3242 3310
3 3242 3311 3310
3 3242 3243 3311
3 3243 3244 3311
3 3311 3244 3312
3 3244 3313 3312
3 3244 3245 3313
3 3245 3314 3313
3 3245 3246 3314
3 3246 3315 3314
3 3246 3247 3315
3 3247 3316 3315
3 3247 3248 3316
3 3248 3317 3316
3 3248 3249 3317
3 3249 3318 3317
3 3249 3250 3318
3 3250 3251 3318
3 3318 3251 3319
3 3251 3252 3319
3 3319 3252 3320
3 3252 3253 3320
3 3320 3253 3321
3 3253 3254 3321
3 3321 3254 3322
3 3254 3255 3322
3 3322 3255 3323
3 3255 3256 3323
3 3323 3256 3324
3 3256 3257 3324
3 3324 3257 3325
3 3257 3258 3325
3 3325 3258 3326
3 3258 3259 3326
3 3326 3259 3327
3 3259 3260 3327
3 3327 3260 3328
3 3260 3261 3328
3 3328 3261 3329
3 3261 3262 3329
3 3329 3262 3330
3 3262 3263 3330
3 3330 3263 3331
3 3263 3264 3331
3 3331 3264 3332
3 3264 3265 3332
3 3332 3265 3333
3 3265 3266 3333
3 3333 3266 3334
3 3266 3335 3334
3 3266 3267 3335
3 3267 3336 3335
3 3267 3268 3336
3 3268 3337 3336
3 3268 3269 3337
3 3269 3338 3337
3 3269 3270 3338
3 3270 3271 3338
3 3338 3271 3339
3 3271 3272 3339
3 3339 3272 3340
3 3272 3341 3340
3 3272 3273 3341
3 3273 3342 3341
3 3273 3274 3342
3 3274 3343 3342
3 3274 3275 3343
3 3275 3344 3343
3 3275 3276 3344
3 3276 3345 3344
3 3276 3277 3345
3 3277 3346 3345
3 3277 3278 3346
3 3278 3279 3346
3 3346 3279 3347
3 3279 3280 3347
3 3347 3280 3348
3 3280 3281 3348
3 3348 3281 3349
3 3281 3282 3349
3 3349 3282 3350
3 3282 3283 3350
3 3350 3283 3351
3 3283 3284 3351
3 3351 3284 3352
3 3284 3285 3352
3 3352 3285 3353
3 3285 3286 3353
3 3353 3286 3354
3 3286 3287 3354
3 3354 3287 3355
3 3287 3288 3355
3 3355 3288 3356
3 3288 3289 3356
3 3356 3289 3357
3 3289 3290 3357
3 3357 3290 3358
3 3290 3359 3358
3 3290 3291 3359
3 3291 3360 3359
3 3291 3292 3360
3 3361 3294 3362
3 3294 3295 3362
3 3362 3295 3363
3 3295 3364 3363
3 3295 3296 3364
3 3296 3365 3364
3 3296 3297 3365
3 3297 3298 3365
3 3365 3298 3366
3 3298 3367 3366
3 3298 3299 3367
3 3299 3368 3367
3 3299 3300 3368
3 3300 3301 3368
3 3368 3301 3369
3 3301 3302 3369
3 3369 3302 3370
3 3302 3303 3370
3 3370 3303 3371
3 3303 3304 3371
3 3371 3304 3372
3 3304 3305 3372
3 3372 3305 3373
3 3305 3306 3373
3 3373 3306 3374
3 3306 3307 3374
3 3374 3307 3375
3 3307 3308 3375
3 3375 3308 3376
3 3308 3309 3376
3 3376 3309 3377
3 3309 3378 3377
3 3309 3310 3378
3 3310 3379 3378
3 3310 3311 3379
3 3311 3312 3379
3 3379 3312 3380
3 3312 3313 3380
3 3380 3313 3381
3 3313 3382 3381
3 3313 3314 3382
3 3314 3383 3382
3 3314 3315 3383
3 3315 3384 3383
3 3315 3316 3384
3 3316 3385 3384
3 3316 3317 3385
3 3317 3318 3385
3 3385 3318 3386
3 3318 3319 3386
3 3386 3319 3387
3 3319 3320 3387
3 3387 3320 3388
3 3320 3321 3388
3 3388 3321 3389
3 3321 3322 3389
3 3389 3322 3390
3 3322 3323 3390
3 3390 3323 3391
3 3323 3324 3391
3 3391 3324 3392
3 3324 3325 3392
3 3392 3325 3393
3 3325 3326 3393
3 3393 3326 3394
3 3326 3327 3394
3 3394 3327 3395
3 3327 3396 3395
3 3327 3328 3396
3 3328 3329 3396
3 3396 3329 3397
3 3329 3330 3397
3 3397 3330 3398
3 3330 3331 3398
3 3398 3331 3399
3 3331 3332 3399
3 3399 3332 3400
3 3332 3333 3400
3 3400 3333 3401
3 3333 3334 3401
3 3401 3334 3402
3 3334 3335 3402
3 3402 3335 3403
3 3335 3336 3403
3 3403 3336 3404
3 3336 3405 3404
3 3336 3337 3405
3 3337 3406 3405
3 3337 3338 3406
3 3338 3339 3406
3 3406 3339 3407
3 3339 3340 3407
3 3407 3340 3408
3 3340 3409 3408
3 3340 3341 3409
3 3341 3410 3409
3 3341 3342 3410
3 3342 3411 3410
3 3342 3343 3411
3 3343 3412 3411
3 3343 3344 3412
3 3344 3413 3412
3 3344 3345 3413
3 3345 3346 3413
3 3413 3346 3414
3 3346 3415 3414
3 3346 3347 3415
3 3347 3348 3415
3 3415 3348 3416
3 3348 3349 3416
3 3416 3349 3417
3 3349 3350 3417
3 3417 3350 3418
3 3350 3351 3418
3 3418 3351 3419
3 3351 3352 3419
3 3419 3352 3420
3 3352 3353 3420
3 3420 3353 3421
3 3353 3354 3421
3 3421 3354 3422
3 3354 3355 3422
3 3422 3355 3423
3 3355 3356 3423
3 3423 3356 3424
3 3356 3357 3424
3 3424 3357 3425
3 3357 3358 3425
3 3425 3358 3426
3 3358 3359 3426
3 3426 3359 3427
3 3361 3362 3428
3 3428 3362 3429
3 3362 3363 3429
3 3429 3363 3430
3 3363 3431 3430
3 3363 3364 3431
3 3364 3432 3431
3 3364 3365 3432
3 3365 3366 3432
3 3432 3366 3433
3 3366 3434 3433
3 3366 3367 3434
3 3367 3435 3434
3 3367 3368 3435
3 3368 3369 3435
3 3435 3369 3436
3 3369 3370 3436
3 3436 3370 3437
3 3370 3371 3437
3 3437 3371 3438
3 3371 3372 3438
3 3438 3372 3439
3 3372 3373 3439
3 3439 3373 3440
3 3373 3374 3440
3 3440 3374 3441
3 3374 3375 3441
3 3441 3375 3442
3 3375 3376 3442
3 3442 3376 3443
3 3376 3377 3443
3 3443 3377 3444
3 3377 3378 3444
3 3444 3378 3445
3 3378 3446 3445
3 3378 3379 3446
3 3379 3380 3446
3 3446 3380 3447
3 3380 3381 3447
3 3447 3381 3448
3 3381 3449 3448
3 3381 3382 3449
3 3382 3450 3449
3 3382 3383 3450
3 3383 3451 3450
3 3383 3384 3451
3 3384 3452 3451
3 3384 3385 3452
3 3385 3386 3452
3 3452 3386 3453
3 3386 3387 3453
3 3453 3387 3454
3 3387 3388 3454
3 3454 3388 3455
3 3388 3389 3455
3 3455 3389 3456
3 3389 3390 3456
3 3456 3390 3457
3 3390 3391 3457
3 3457 3391 3458
3 3391 3392 3458
3 3458 3392 3459
3 3392 3393 3459
3 3459 3393 3460
3 3393 3394 3460
3 3460 3394 3461
3 3394 3395 3461
3 3461 3395 3462
3 3395 3396 3462
3 3462 3396 3463
3 3396 3397 3463
3 3463 3397 3464
3 3397 3398 3464
3 3464 3398 3465
3 3398 3399 3465
3 3465 3399 3466
3 3399 3400 3466
3 3466 3400 3467
3 3400 3401 3467
3 3467 3401 3468
3 3401 3402 3468
3 3468 3402 3469
3 3402 3403 3469
3 3469 3403 3470
3 3403 3404 3470
3 3470 3404 3471
3 3404 3405 3471
3 3471 3405 3472
3 3405 3406 3472
3 3472 3406 3473
3 3406 3407 3473
3 3473 3407 3474
3 3407 3408 3474
3 3474 3408 3475
3 3408 3476 3475
3 3408 3409 3476
3 3409 3477 3476
3 3409 3410 3477
3 3410 3411 3477
3 3477 3411 3478
3 3411 3412 3478
3 3478 3412 3479
3 3412 3413 3479
3 3479 3413 3480
3 3413 3414 3480
3 3480 3414 3481
3 3414 3415 3481
3 3481 3415 3482
3 3415 3416 3482
3 3482 3416 3483
3 3416 3417 3483
3 3483 3417 3484
3 3417 3418 3484
3 3484 3418 3485
3 3418 3419 3485
3 3485 3419 3486
3 3419 3420 3486
3 3486 3420 3487
3 3420 3421 3487
3 3487 3421 3488
3 3421 3422 3488
3 3488 3422 3489
3 3422 3423 3489
3 3489 3423 3490
3 3423 3424 3490
3 3490 3424 3491
3 3424 3425 3491
3 3491 3425 3492
3 3425 3426 3492
3 3492 3426 3493
3 3426 3427 3493
3 3493 3427 3494
3 3428 3429 3495
3 3495 3429 3496
3 3429 3430 3496
3 3496 3430 3497
3 3430 3498 3497
3 3430 3431 3498
3 3431 3499 3498
3 3431 3432 3499
3 3432 3433 3499
3 3499 3433 3500
3 3433 3501 3500
3 3433 3434 3501
3 3434 3502 3501
3 3434 3435 3502
3 3435 3436 3502
3 3502 3436 3503
3 3436 3437 3503
3 3503 3437 3504
3 3437 3438 3504
3 3504 3438 3505
3 3438 3439 3505
3 3505 3439 3506
3 3439 3440 3506
3 3506 3440 3507
3 3440 3441 3507
3 3507 3441 3508
3 3441 3442 3508
3 3508 3442 3509
3 3442 3443 3509
3 3509 3443 3510
3 3443 3444 3510
3 3510 3444 3511
3 3444 3445 3511
3 3511 3445 3512
3 3445 3446 3512
3 3512 3446 3513
3 3446 3447 3513
3 3513 3447 3514
3 3447 3448 3514
3 3514 3448 3515
3 3448 3516 3515
3 3448 3449 3516
3 3449 3517 3516
3 3449 3450 3517
3 3450 3518 3517
3 3450 3451 3518
3 3451 3519 3518
3 3451 3452 3519
3 3452 3453 3519
3 3519 3453 3520
3 3453 3454 3520
3 3520 3454 3521
3 3454 3455 3521
3 3521 3455 3522
3 3455 3456 3522
3 3522 3456 3523
3 3456 3457 3523
3 3523 3457 3524
3 3457 3458 3524
3 3524 3458 3525
3 3458 3459 3525
3 3525 3459 3526
3 3459 3460 3526
3 3526 3460 3527
3 3460 3461 3527
3 3527 3461 3528
3 3461 3462 3528
3 3528 3462 3529
3 3462 3463 3529
3 3529 3463 3530
3 3463 3464 3530
3 3530 3464 3531
3 3464 3465 3531
3 3531 3465 3532
3 3465 3466 3532
3 3532 3466 3533
3 3466 3467 3533
3 3533 3467 3534
3 3467 3468 3534
3 3534 3468 3535
3 3468 3469 3535
3 3535 3469 3536
3 3469 3470 3536
3 3536 3470 3537
3 3470 3471 3537
3 3537 3471 3538
3 3471 3472 3538
3 3538 3472 3539
3 3472 3473 3539
3 3539 3473 3540
3 3473 3474 3540
3 3540 3474 3541
3 3474 3475 3541
3 3541 3475 3542
3 3475 3476 3542
3 3542 3476 3543
3 3476 3477 3543
3 3543 3477 3544
3 3477 3478 3544
3 3544 3478 3545
3 3478 3479 3545
3 3545 3479 3546
3 3479 3480 3546
3 3546 3480 3547
3 3480 3481 3547
3 3547 3481 3548
3 3481 3482 3548
3 3548 3482 3549
3 3482 3483 3549
3 3549 3483 3550
3 3483 3484 3550
3 3550 3484 3551
3 3484 3485 3551
3 3551 3485 3552
3 3485 3486 3552
3 3552 3486 3553
3 3486 3487 3553
3 3553 3487 3554
3 3487 3488 3554
3 3554 3488 3555
3 3488 3489 3555
3 3555 3489 3556
3 3489 3490 3556
3 3556 3490 3557
3 3490 3491 3557
3 3557 3491 3558
3 3491 3492 3558
3 3558 3492 3559
3 3492 3493 3559
3 3559 3493 3560
3 3493 3494 3560
3 3495 3496 3561
3 3561 3496 3562
3 3496 3563 3562
3 3496 3497 3563
3 3497 3564 3563
3 3497 3498 3564
3 3498 3565 3564
3 3498 3499 3565
3 3499 3566 3565
3 3499 3500 3566
3 3500 3567 3566
3 3500 3501 3567
3 3501 3568 3567
3 3501 3502 3568
3 3502 3503 3568
3 3568 3503 3569
3 3503 3504 3569
3 3569 3504 3570
3 3504 3505 3570
3 3570 3505 3571
3 3505 3506 3571
3 3571 3506 3572
3 3506 3507 3572
3 3572 3507 3573
3 3507 3574 3573
3 3507 3508 3574
3 3508 3575 3574
3 3508 3509 3575
3 3509 3510 3575
3 3575 3510 3576
3 3510 3511 3576
3 3576 3511 3577
3 3511 3578 3577
3 3511 3512 3578
3 3512 3579 3578
3 3512 3513 3579
3 3513 3514 3579
3 3579 3514 3580
3 3514 3515 3580
3 3580 3515 3581
3 3515 3582 3581
3 3515 3516 3582
3 3516 3583 3582
3 3516 3517 3583
3 3517 3584 3583
3 3517 3518 3584
3 3518 3585 3584
3 3518 3519 3585
3 3519 3586 3585
3 3519 3520 3586
3 3520 3521 3586
3 3586 3521 3587
3 3521 3522 3587
3 3587 3522 3588
3 3522 3523 3588
3 3588 3523 3589
3 3523 3524 3589
3 3589 3524 3590
3 3524 3525 3590
3 3590 3525 3591
3 3525 3526 3591
3 3591 3526 3592
3 3526 3527 3592
3 3592 3527 3593
3 3527 3528 3593
3 3593 3528 3594
3 3528 3529 3594
3 3594 3529 3595
3 3529 3530 3595
3 3595 3530 3596
3 3530 3531 3596
3 3596 3531 3597
3 3531 3532 3597
3 3597 3532 3598
3 3532 3533 3598
3 3598 3533 3599
3 3533 3534 3599
3 3599 3534 3600
3 3534 3535 3600
3 3600 3535 3601
3 3535 3536 3601
3 3601 3536 3602
3 3536 3537 3602
3 3602 3537 3603
3 3537 3604 3603
3 3537 3538 3604
3 3538 3605 3604
3 3538 3539 3605
3 3539 3540 3605
3 3605 3540 3606
3 3540 3541 3606
3 3606 3541 3607
3 3541 3542 3607
3 3607 3542 3608
3 3542 3609 3608
3 3542 3543 3609
3 3543 3610 3609
3 3543 3544 3610
3 3544 3545 3610
3 3610 3545 3611
3 3545 3546 3611
3 3611 3546 3612
3 3546 3547 3612
3 3612 3547 3613
3 3547 3548 3613
3 3613 3548 3614
3 3548 3549 3614
3 3614 3549 3615
3 3549 3550 3615
3 3615 3550 3616
3 3550 3551 3616
3 3616 3551 3617
3 3551 3552 3617
3 3617 3552 3618
3 3552 3553 3618
3 3618 3553 3619
3 3553 3554 3619
3 3619 3554 3620
3 3554 3555 3620
3 3620 3555 3621
3 3555 3556 3621
3 3621 3556 3622
3 3556 3623 3622
3 3556 3557 3623
3 3557 3624 3623
3 3557 3558 3624
3 3558 3625 3624
3 3558 3559 3625
3 3559 3626 3625
3 3559 3560 3626
3 3561 3562 3627
3 3562 3628 3627
3 3562 3563 3628
3 3563 3629 3628
3 3563 3564 3629
3 3564 3630 3629
3 3564 3565 3630
3 3565 3631 3630
3 3565 3566 3631
3 3566 3632 3631
3 3566 3567 3632
3 3567 3633 3632
3 3567 3568 3633
3 3568 3634 3633
3 3568 3569 3634
3 3569 3570 3634
3 3634 3570 3635
3 3570 3636 3635
3 3570 3571 3636
3 3571 3572 3636
3 3636 3572 3637
3 3572 3638 3637
3 3572 3573 3638
3 3573 3639 3638
3 3573 3574 3639
3 3574 3640 3639
3 3574 3575 3640
3 3575 3641 3640
3 3575 3576 3641
3 3576 3642 3641
3 3576 3577 3642
3 3577 3643 3642
3 3577 3578 3643
3 3578 3644 3643
3 3578 3579 3644
3 3579 3645 3644
3 3579 3580 3645
3 3580 3646 3645
3 3580 3581 3646
3 3581 3647 3646
3 3581 3582 3647
3 3582 3648 3647
3 3582 3583 3648
3 3583 3649 3648
3 3583 3584 3649
3 3584 3650 3649
3 3584 3585 3650
3 3585 3651 3650
3 3585 3586 3651
3 3586 3652 3651
3 3586 3587 3652
3 3587 3653 3652
3 3587 3588 3653
3 3588 3654 3653
3 3588 3589 3654
3 3589 3655 3654
3 3589 3590 3655
3 3590 3656 3655
3 3590 3591 3656
3 3591 3657 3656
3 3591 3592 3657
3 3592 3658 3657
3 3592 3593 3658
3 3593 3659 3658
3 3593 3594 3659
3 3594 3660 3659
3 3594 3595 3660
3 3595 3661 3660
3 3595 3596 3661
3 3596 3662 3661
3 3596 3597 3662
3 3597 3663 3662
3 3597 3598 3663
3 3598 3599 3663
3 3663 3599 3664
3 3599 3600 3664
3 3664 3600 3665
3 3600 3601 3665
3 3665 3601 3666
3 3601 3667 3666
3 3601 3602 3667
3 3602 3668 3667
3 3602 3603 3668
3 3603 3669 3668
3 3603 3604 3669
3 3604 3670 3669
3 3604 3605 3670
3 3605 3671 3670
3 3605 3606 3671
3 3606 3672 3671
3 3606 3607 3672
3 3607 3673 3672
3 3607 3608 3673
3 3608 3674 3673
3 3608 3609 3674
3 3609 3675 3674
3 3609 3610 3675
3 3610 3676 3675
3 3610 3611 3676
3 3611 3677 3676
3 3611 3612 3677
3 3612 3678 3677
3 3612 3613 3678
3 3613 3679 3678
3 3613 3614 3679
3 3614 3680 3679
3 3614 3615 3680
3 3615 3681 3680
3 3615 3616 3681
3 3616 3682 3681
3 3616 3617 3682
3 3617 3683 3682
3 3617 3618 3683
3 3618 3684 3683
3 3618 3619 3684
3 3619 3685 3684
3 3619 3620 3685
3 3620 3686 3685
3 3620 3621 3686
3 3621 3687 3686
3 3621 3622 3687
3 3622 3688 3687
3 3622 3623 3688
3 3623 3689 3688
3 3623 3624 3689
3 3624 3690 3689
3 3624 3625 3690
3 3625 3691 3690
3 3625 3626 3691
3 3627 3692 3693
3 3627 3628 3692
3 3628 3694 3692
3 3628 3629 3694
3 3629 3695 3694
3 3629 3630 3695
3 3630 3696 3695
3 3630 3631 3696
3 3631 3697 3696
3 3631 3632 3697
3 3632 3698 3697
3 3632 3633 3698
3 3633 3699 3698
3 3633 3634 3699
3 3634 3635 3699
3 3699 3635 3700
3 3635 3636 3700
3 3700 3636 3701
3 3636 3637 3701
3 3701 3637 3702
3 3637 3703 3702
3 3637 3638 3703
3 3638 3704 3703
3 3638 3639 3704
3 3639 3705 3704
3 3639 3640 3705
3 3640 3706 3705
3 3640 3641 3706
3 3641 3707 3706
3 3641 3642 3707
3 3642 3708 3707
3 3642 3643 3708
3 3643 3709 3708
3 3643 3644 3709
3 3644 3710 3709
3 3644 3645 3710
3 3645 3711 3710
3 3645 3646 3711
3 3646 3712 3711
3 3646 3647 3712
3 3647 3713 3712
3 3647 3648 3713
3 3648 3714 3713
3 3648 3649 3714
3 3649 3715 3714
3 3649 3650 3715
3 3650 3716 3715
3 3650 3651 3716
3 3651 3717 3716
3 3651 3652 3717
3 3652 3718 3717
3 3652 3653 3718
3 3653 3719 3718
3 3653 3654 3719
3 3654 3720 3719
3 3654 3655 3720
3 3655 3721 3720
3 3655 3656 3721
3 3656 3722 3721
3 3656 3657 3722
3 3657 3723 3722
3 3657 3658 3723
3 3658 3724 3723
3 3658 3659 3724
3 3659 3660 3724
3 3724 3660 3725
3 3660 3726 3725
3 3660 3661 3726
3 3661 3727 3726
3 3661 3662 3727
3 3662 3728 3727
3 3662 3663 3728
3 3663 3664 3728
3 3728 3664 3729
3 3664 3665 3729
3 3729 3665 3730
3 3665 3666 3730
3 3730 3666 3731
3 3666 3732 3731
3 3666 3667 3732
3 3667 3733 3732
3 3667 3668 3733
3 3668 3734 3733
3 3668 3669 3734
3 3669 3735 3734
3 3669 3670 3735
3 3670 3736 3735
3 3670 3671 3736
3 3671 3737 3736
3 3671 3672 3737
3 3672 3738 3737
3 3672 3673 3738
3 3673 3739 3738
3 3673 3674 3739
3 3674 3740 3739
3 3674 3675 3740
3 3675 3741 3740
3 3675 3676 3741
3 3676 3742 3741
3 3676 3677 3742
3 3677 3743 3742
3 3677 3678 3743
3 3678 3744 3743
3 3678 3679 3744
3 3679 3745 3744
3 3679 3680 3745
3 3680 3746 3745
3 3680 3681 3746
3 3681 3747 3746
3 3681 3682 3747
3 3682 3748 3747
3 3682 3683 3748
3 3683 3749 3748
3 3683 3684 3749
3 3684 3750 3749
3 3684 3685 3750
3 3685 3751 3750
3 3685 3686 3751
3 3686 3752 3751
3 3686 3687 3752
3 3687 3753 3752
3 3687 3688 3753
3 3688 3754 3753
3 3688 3689 3754
3 3689 3755 3754
3 3689 3690 3755
3 3690 3756 3755
3 3690 3691 3756
3 3691 3757 3756
3 3758 3693 3759
3 3693 3692 3759
3 3759 3692 3760
3 3692 3694 3760
3 3760 3694 3761
3 3694 3695 3761
3 3761 3695 3762
3 3695 3696 3762
3 3762 3696 3763
3 3696 3764 3763
3 3696 3697 3764
3 3697 3698 3764
3 3764 3698 3765
3 3698 3699 3765
3 3765 3699 3766
3 3699 3700 3766
3 3766 3700 3767
3 3700 3701 3767
3 3767 3701 3768
3 3701 3702 3768
3 3768 3702 3769
3 3702 3703 3769
3 3769 3703 3770
3 3703 3704 3770
3 3770 3704 3771
3 3704 3772 3771
3 3704 3705 3772
3 3705 3706 3772
3 3772 3706 3773
3 3706 3707 3773
3 3773 3707 3774
3 3707 3775 3774
3 3707 3708 3775
3 3708 3776 3775
3 3708 3709 3776
3 3709 3710 3776
3 3776 3710 3777
3 3710 3711 3777
3 3777 3711 3778
3 3711 3779 3778
3 3711 3712 3779
3 3712 3780 3779
3 3712 3713 3780
3 3713 3781 3780
3 3713 3714 3781
3 3714 3782 3781
3 3714 3715 3782
3 3715 3783 3782
3 3715 3716 3783
3 3716 3717 3783
3 3783 3717 3784
3 3717 3718 3784
3 3784 3718 3785
3 3718 3719 3785
3 3785 3719 3786
3 3719 3720 3786
3 3786 3720 3787
3 3720 3721 3787
3 3787 3721 3788
3 3721 3722 3788
3 3788 3722 3789
3 3722 3723 3789
3 3789 3723 3790
3 3723 3791 3790
3 3723 3724 3791
3 3724 3725 3791
3 3791 3725 3792
3 3725 3726 3792
3 3792 3726 3793
3 3726 3727 3793
3 3793 3727 3794
3 3727 3728 3794
3 3794 3728 3795
3 3728 3729 3795
3 3795 3729 3796
3 3729 3730 3796
3 3796 3730 3797
3 3730 3731 3797
3 3797 3731 3798
3 3731 3732 3798
3 3798 3732 3799
3 3732 3733 3799
3 3799 3733 3800
3 3733 3801 3800
3 3733 3734 3801
3 3734 3802 3801
3 3734 3735 3802
3 3735 3803 3802
3 3735 3736 3803
3 3736 3737 3803
3 3803 3737 3804
3 3737 3738 3804
3 3804 3738 3805
3 3738 3806 3805
3 3738 3739 3806
3 3739 3807 3806
3 3739 3740 3807
3 3740 3808 3807
3 3740 3741 3808
3 3741 3809 3808
3 3741 3742 3809
3 3742 3810 3809
3 3742 3743 3810
3 3743 3811 3810
3 3743 3744 3811
3 3744 3812 3811
3 3744 3745 3812
3 3745 3813 3812
3 3745 3746 3813
3 3746 3814 3813
3 3746 3747 3814
3 3747 3815 3814
3 3747 3748 3815
3 3748 3749 3815
3 3815 3749 3816
3 3749 3750 3816
3 3816 3750 3817
3 3750 3751 3817
3 3817 3751 3818
3 3751 3752 3818
3 3818 3752 3819
3 3752 3820 3819
3 3752 3753 3820
3 3753 3821 3820
3 3753 3754 3821
3 3754 3822 3821
3 3754 3755 3822
3 3755 3823 3822
3 3755 3756 3823
3 3756 3824 3823
3 3756 3757 3824
3 3825 3759 3826
3 3759 3760 3826
3 3826 3760 3827
3 3760 3761 3827
3 3827 3761 3828
3 3761 3762 3828
3 3828 3762 3829
3 3762 3763 3829
3 3829 3763 3830
3 3763 3764 3830
3 3830 3764 3831
3 3764 3765 3831
3 3831 3765 3832
3 3765 3766 3832
3 3832 3766 3833
3 3766 3767 3833
3 3833 3767 3834
3 3767 3768 3834
3 3834 3768 3835
3 3768 3769 3835
3 3835 3769 3836
3 3769 3770 3836
3 3836 3770 3837
3 3770 3771 3837
3 3837 3771 3838
3 3771 3772 3838
3 3838 3772 3839
3 3772 3773 3839
3 3839 3773 3840
3 3773 3774 3840
3 3840 3774 3841
3 3774 3775 3841
3 3841 3775 3842
3 3775 3776 3842
3 3842 3776 3843
3 3776 3777 3843
3 3843 3777 3844
3 3777 3778 3844
3 3844 3778 3845
3 3778 3779 3845
3 3845 3779 3846
3 3779 3847 3846
3 3779 3780 3847
3 3780 3848 3847
3 3780 3781 3848
3 3781 3849 3848
3 3781 3782 3849
3 3782 3783 3849
3 3849 3783 3850
3 3783 3784 3850
3 3850 3784 3851
3 3784 3785 3851
3 3851 3785 3852
3 3785 3786 3852
3 3852 3786 3853
3 3786 3787 3853
3 3853 3787 3854
3 3787 3788 3854
3 3854 3788 3855
3 3788 3789 3855
3 3855 3789 3856
3 3789 3790 3856
3 3856 3790 3857
3 3790 3858 3857
3 3790 3791 3858
3 3791 3792 3858
3 3858 3792 3859
3 3792 3793 3859
3 3859 3793 3860
3 3793 3794 3860
3 3860 3794 3861
3 3794 3795 3861
3 3861 3795 3862
3 3795 3796 3862
3 3862 3796 3863
3 3796 3797 3863
3 3863 3797 3864
3 3797 3798 3864
3 3864 3798 3865
3 3798 3799 3865
3 3865 3799 3866
3 3799 3800 3866
3 3866 3800 3867
3 3800 3801 3867
3 3867 3801 3868
3 3801 3802 3868
3 3868 3802 3869
3 3802 3803 3869
3 3869 3803 3870
3 3803 3804 3870
3 3870 3804 3871
3 3804 3805 3871
3 3871 3805 3872
3 3805 3806 3872
3 3872 3806 3873
3 3806 3874 3873
3 3806 3807 3874
3 3807 3808 3874
3 3874 3808 3875
3 3808 3876 3875
3 3808 3809 3876
3 3809 3810 3876
3 3876 3810 3877
3 3810 3811 3877
3 3877 3811 3878
3 3811 3812 3878
3 3878 3812 3879
3 3812 3813 3879
3 3879 3813 3880
3 3813 3814 3880
3 3880 3814 3881
3 3814 3815 3881
3 3881 3815 3882
3 3815 3816 3882
3 3882 3816 3883
3 3816 3817 3883
3 3883 3817 3884
3 3817 3818 3884
3 3884 3818 3885
3 3818 3819 3885
3 3885 3819 3886
3 3819 3887 3886
3 3819 3820 3887
3 3820 3888 3887
3 3820 3821 3888
3 3821 3889 3888
3 3821 3822 3889
3 3822 3890 3889
3 3822 3823 3890
3 3823 3824 3890
3 3890 3824 3891
3 3825 3826 3892
3 3892 3826 3893
3 3826 3827 3893
3 3893 3827 3894
3 3827 3828 3894
3 3894 3828 3895
3 3828 3829 3895
3 3895 3829 3896
3 3829 3830 3896
3 3896 3830 3897
3 3830 3831 3897
3 3897 3831 3898
3 3831 3832 3898
3 3898 3832 3899
3 3832 3833 3899
3 3899 3833 3900
3 3833 3834 3900
3 3900 3834 3901
3 3834 3835 3901
3 3901 3835 3902
3 3835 3836 3902
3 3902 3836 3903
3 3836 3837 3903
3 3903 3837 3904
3 3837 3838 3904
3 3904 3838 3905
3 3838 3839 3905
3 3905 3839 3906
3 3839 3840 3906
3 3906 3840 3907
3 3840 3841 3907
3 3907 3841 3908
3 3841 3842 3908
3 3908 3842 3909
3 3842 3843 3909
3 3909 3843 3910
3 3843 3844 3910
3 3910 3844 3911
3 3844 3845 3911
3 3911 3845 3912
3 3845 3846 3912
3 3912 3846 3913
3 3846 3914 3913
3 3846 3847 3914
3 3847 3915 3914
3 3847 3848 3915
3 3848 3916 3915
3 3848 3849 3916
3 3849 3850 3916
3 3916 3850 3917
3 3850 3851 3917
3 3917 3851 3918
3 3851 3852 3918
3 3918 3852 3919
3 3852 3853 3919
3 3919 3853 3920
3 3853 3854 3920
3 3920 3854 3921
3 3854 3855 3921
3 3921 3855 3922
3 3855 3856 3922
3 3922 3856 3923
3 3856 3857 3923
3 3923 3857 3924
3 3857 3858 3924
3 3924 3858 3925
3 3858 3859 3925
3 3925 3859 3926
3 3859 3860 3926
3 3926 3860 3927
3 3860 3861 3927
3 3927 3861 3928
3 3861 3862 3928
3 3928 3862 3929
3 3862 3863 3929
3 3929 3863 3930
3 3863 3864 3930
3 3930 3864 3931
3 3864 3865 3931
3 3931 3865 3932
3 3865 3866 3932
3 3932 3866 3933
3 3866 3867 3933
3 3933 3867 3934
3 3867 3868 3934
3 3934 3868 3935
3 3868 3869 3935
3 3935 3869 3936
3 3869 3870 3936
3 3936 3870 3937
3 3870 3871 3937
3 3937 3871 3938
3 3871 3872 3938
3 3938 3872 3939
3 3872 3873 3939
3 3939 3873 3940
3 3873 3874 3940
3 3940 3874 3941
3 3874 3875 3941
3 3941 3875 3942
3 3875 3876 3942
3 3942 3876 3943
3 3876 3877 3943
3 3943 3877 3944
3 3877 3878 3944
3 3944 3878 3945
3 3878 3879 3945
3 3945 3879 3946
3 3879 3880 3946
3 3946 3880 3947
3 3880 3881 3947
3 3947 3881 3948
3 3881 3882 3948
3 3948 3882 3949
3 3882 3883 3949
3 3949 3883 3950
3 3883 3884 3950
3 3950 3884 3951
3 3884 3885 3951
3 3951 3885 3952
3 3885 3886 3952
3 3952 3886 3953
3 3886 3887 3953
3 3953 3887 3954
3 3887 3955 3954
3 3887 3888 3955
3 3888 3956 3955
3 3888 3889 3956
3 3889 3957 3956
3 3889 3890 3957
3 3890 3891 3957
3 3957 3891 3958
3 3959 3892 3960
3 3892 3893 3960
3 3960 3893 3961
3 3893 3894 3961
3 3961 3894 3962
3 3894 3895 3962
3 3962 3895 3963
3 3895 3896 3963
3 3963 3896 3964
3 3896 3897 3964
3 3964 3897 3965
3 3897 3898 3965
3 3965 3898 3966
3 3898 3899 3966
3 3966 3899 3967
3 3899 3900 3967
3 3967 3900 3968
3 3900 3901 3968
3 3968 3901 3969
3 3901 3902 3969
3 3969 3902 3970
3 3902 3903 3970
3 3970 3903 3971
3 3903 3904 3971
3 3971 3904 3972
3 3904 3973 3972
3 3904 3905 3973
3 3905 3906 3973
3 3973 3906 3974
3 3906 3907 3974
3 3974 3907 3975
3 3907 3908 3975
3 3975 3908 3976
3 3908 3909 3976
3 3976 3909 3977
3 3909 3910 3977
3 3977 3910 3978
3 3910 3911 3978
3 3978 3911 3979
3 3911 3912 3979
3 3979 3912 3980
3 3912 3913 3980
3 3980 3913 3981
3 3913 3982 3981
3 3913 3914 3982
3 3914 3983 3982
3 3914 3915 3983
3 3915 3984 3983
3 3915 3916 3984
3 3916 3917 3984
3 3984 3917 3985
3 3917 3918 3985
3 3985 3918 3986
3 3918 3919 3986
3 3986 3919 3987
3 3919 3920 3987
3 3987 3920 3988
3 3920 3921 3988
3 3988 3921 3989
3 3921 3922 3989
3 3989 3922 3990
3 3922 3923 3990
3 3990 3923 3991
3 3923 3924 3991
3 3991 3924 3992
3 3924 3925 3992
3 3992 3925 3993
3 3925 3926 3993
3 3993 3926 3994
3 3926 3927 3994
3 3994 3927 3995
3 3927 3928 3995
3 3995 3928 3996
3 3928 3929 3996
3 3996 3929 3997
3 3929 3930 3997
3 3997 3930 3998
3 3930 3931 3998
3 3998 3931 3999
3 3931 3932 3999
3 3999 3932 4000
3 3932 3933 4000
3 4000 3933 4001
3 3933 3934 4001
3 4001 3934 4002
3 3934 3935 4002
3 4002 3935 4003
3 3935 3936 4003
3 4003 3936 4004
3 3936 3937 4004
3 4004 3937 4005
3 3937 3938 4005
3 4005 3938 4006
3 3938 3939 4006
3 4006 3939 4007
3 3939 3940 4007
3 4007 3940 4008
3 3940 3941 4008
3 4008 3941 4009
3 3941 3942 4009
3 4009 3942 4010
3 3942 3943 4010
3 4010 3943 4011
3 3943 3944 4011
3 4011 3944 4012
3 3944 3945 4012
3 4012 3945 4013
3 3945 3946 4013
3 4013 3946 4014
3 3946 3947 4014
3 4014 3947 4015
3 3947 3948 4015
3 4015 3948 4016
3 3948 3949 4016
3 4016 3949 4017
3 3949 3950 4017
3 4017 3950 4018
3 3950 3951 4018
3 4018 3951 4019
3 3951 3952 4019
3 4019 3952 4020
3 3952 3953 4020
3 4020 3953 4021
3 3953 4022 4021
3 3953 3954 4022
3 3954 4023 4022
3 3954 3955 4023
3 3955 4024 4023
3 3955 3956 4024
3 3956 4025 4024
3 3956 3957 4025
3 3957 3958 4025
3 4025 3958 4026
3 3959 3960 4027
3 4027 3960 4028
3 3960 3961 4028
3 4028 3961 4029
3 3961 3962 4029
3 4029 3962 4030
3 3962 3963 4030
3 4030 3963 4031
3 3963 3964 4031
3 4031 3964 4032
3 3964 3965 4032
3 4032 3965 4033
3 3965 3966 4033
3 4033 3966 4034
3 3966 3967 4034
3 4034 3967 4035
3 3967 3968 4035
3 4035 3968 4036
3 3968 3969 4036
3 4036 3969 4037
3 3969 3970 4037
3 4037 3970 4038
3 3970 3971 4038
3 4038 3971 4039
3 3971 3972 4039
3 4039 3972 4040
3 3972 4041 4040
3 3972 3973 4041
3 3973 4042 4041
3 3973 3974 4042
3 3974 3975 4042
3 4042 3975 4043
3 3975 3976 4043
3 4043 3976 4044
3 3976 3977 4044
3 4044 3977 4045
3 3977 3978 4045
3 4045 3978 4046
3 3978 3979 4046
3 4046 3979 4047
3 3979 3980 4047
3 4047 3980 4048
3 3980 3981 4048
3 4048 3981 4049
3 3981 4050 4049
3 3981 3982 4050
3 3982 4051 4050
3 3982 3983 4051
3 3983 4052 4051
3 3983 3984 4052
3 3984 3985 4052
3 4052 3985 4053
3 3985 3986 4053
3 4053 3986 4054
3 3986 3987 4054
3 4054 3987 4055
3 3987 3988 4055
3 4055 3988 4056
3 3988 3989 4056
3 4056 3989 4057
3 3989 3990 4057
3 4057 3990 4058
3 3990 3991 4058
3 4058 3991 4059
3 3991 3992 4059
3 4059 3992 4060
3 3992 3993 4060
3 4060 3993 4061
3 3993 3994 4061
3 4061 3994 4062
3 3994 3995 4062
3 4062 3995 4063
3 3995 3996 4063
3 4063 3996 4064
3 3996 3997 4064
3 4064 3997 4065
3 3997 3998 4065
3 4065 3998 4066
3 3998 3999 4066
3 4066 3999 4067
3 3999 4000 4067
3 4067 4000 4068
3 4000 4001 4068
3 4068 4001 4069
3 4001 4002 4069
3 4069 4002 4070
3 4002 4003 4070
3 4070 4003 4071
3 4003 4004 4071
3 4071 4004 4072
3 4004 4005 4072
3 4072 4005 4073
3 4005 4006 4073
3 4073 4006 4074
3 4006 4007 4074
3 4074 4007 4075
3 4007 4008 4075
3 4075 4008 4076
3 4008 4009 4076
3 4076 4009 4077
3 4009 4010 4077
3 4077 4010 4078
3 4010 4011 4078
3 4078 4011 4079
3 4011 4012 4079
3 4079 4012 4080
3 4012 4013 4080
3 4080 4013 4081
3 4013 4014 4081
3 4081 4014 4082
3 4014 4015 4082
3 4082 4015 4083
3 4015 4016 4083
3 4083 4016 4084
3 4016 4017 4084
3 4084 4017 4085
3 4017 4018 4085
3 4085 4018 4086
3 4018 4019 4086
3 4086 4019 4087
3 4019 4020 4087
3 4087 4020 4088
3 4020 4089 4088
3 4020 4021 4089
3 4021 4090 4089
3 4021 4022 4090
3 4022 4091 4090
3 4022 4023 4091
3 4023 4092 4091
3 4023 4024 4092
3 4024 4093 4092
3 4024 4025 4093
3 4025 4026 4093
3 4093 4026 4094
3 4027 4028 4095
3 4095 4028 4096
3 4028 4029 4096
3 4096 4029 4097
3 4029 4030 4097
3 4097 4030 4098
3 4030 4099 4098
3 4030 4031 4099
3 4031 4100 4099
3 4031 4032 4100
3 4032 4033 4100
3 4100 4033 4101
3 4033 4102 4101
3 4033 4034 4102
3 4034 4103 4102
3 4034 4035 4103
3 4035 4036 4103
3 4103 4036 4104
3 4036 4037 4104
3 4104 4037 4105
3 4037 4038 4105
3 4105 4038 4106
3 4038 4039 4106
3 4106 4039 4107
3 4039 4040 4107
3 4107 4040 4108
3 4040 4041 4108
3 4108 4041 4109
3 4041 4110 4109
3 4041 4042 4110
3 4042 4043 4110
3 4110 4043 4111
3 4043 4044 4111
3 4111 4044 4112
3 4044 4045 4112
3 4112 4045 4113
3 4045 4046 4113
3 4113 4046 4114
3 4046 4047 4114
3 4114 4047 4115
3 4047 4048 4115
3 4115 4048 4116
3 4048 4049 4116
3 4116 4049 4117
3 4049 4118 4117
3 4049 4050 4118
3 4050 4119 4118
3 4050 4051 4119
3 4051 4120 4119
3 4051 4052 4120
3 4052 4053 4120
3 4120 4053 4121
3 4053 4054 4121
3 4121 4054 4122
3 4054 4055 4122
3 4122 4055 4123
3 4055 4056 4123
3 4123 4056 4124
3 4056 4057 4124
3 4124 4057 4125
3 4057 4058 4125
3 4125 4058 4126
3 4058 4059 4126
3 4126 4059 4127
3 4059 4060 4127
3 4127 4060 4128
3 4060 4061 4128
3 4128 4061 4129
3 4061 4062 4129
3 4129 4062 4130
3 4062 4063 4130
3 4130 4063 4131
3 4063 4064 4131
3 4131 4064 4132
3 4064 4065 4132
3 4132 4065 4133
3 4065 4066 4133
3 4133 4066 4134
3 4066 4067 4134
3 4134 4067 4135
3 4067 4068 4135
3 4135 4068 4136
3 4068 4069 4136
3 4136 4069 4137
3 4069 4138 4137
3 4069 4070 4138
3 4070 4139 4138
3 4070 4071 4139
3 4071 4140 4139
3 4071 4072 4140
3 4072 4141 4140
3 4072 4073 4141
3 4073 4142 4141
3 4073 4074 4142
3 4074 4075 4142
3 4142 4075 4143
3 4075 4144 4143
3 4075 4076 4144
3 4076 4145 4144
3 4076 4077 4145
3 4077 4078 4145
3 4145 4078 4146
3 4078 4147 4146
3 4078 4079 4147
3 4079 4080 4147
3 4147 4080 4148
3 4080 4081 4148
3 4148 4081 4149
3 4081 4150 4149
3 4081 4082 4150
3 4082 4151 4150
3 4082 4083 4151
3 4083 4152 4151
3 4083 4084 4152
3 4084 4153 4152
3 4084 4085 4153
3 4085 4086 4153
3 4153 4086 4154
3 4086 4087 4154
3 4154 4087 4155
3 4087 4156 4155
3 4087 4088 4156
3 4088 4157 4156
3 4088 4089 4157
3 4089 4158 4157
3 4089 4090 4158
3 4090 4159 4158
3 4090 4091 4159
3 4091 4160 4159
3 4091 4092 4160
3 4092 4161 4160
3 4092 4093 4161
3 4093 4162 4161
3 4093 4094 4162
3 4095 4163 4164
3 4095 4096 4163
3 4096 4165 4163
3 4096 4097 4165
3 4097 4166 4165
3 4097 4098 4166
3 4098 4167 4166
3 4098 4099 4167
3 4099 4168 4167
3 4099 4100 4168
3 4100 4169 4168
3 4100 4101 4169
3 4101 4170 4169
3 4101 4102 4170
3 4102 4171 4170
3 4102 4103 4171
3 4103 4104 4171
3 4171 4104 4172
3 4104 4105 4172
3 4172 4105 4173
3 4105 4106 4173
3 4173 4106 4174
3 4106 4107 4174
3 4174 4107 4175
3 4107 4108 4175
3 4175 4108 4176
3 4108 4109 4176
3 4176 4109 4177
3 4109 4110 4177
3 4177 4110 4178
3 4110 4111 4178
3 4178 4111 4179
3 4111 4112 4179
3 4179 4112 4180
3 4112 4113 4180
3 4180 4113 4181
3 4113 4114 4181
3 4181 4114 4182
3 4114 4115 4182
3 4182 4115 4183
3 4115 4116 4183
3 4183 4116 4184
3 4116 4185 4184
3 4116 4117 4185
3 4117 4186 4185
3 4117 4118 4186
3 4118 4187 4186
3 4118 4119 4187
3 4119 4188 4187
3 4119 4120 4188
3 4120 4121 4188
3 4188 4121 4189
3 4121 4122 4189
3 4189 4122 4190
3 4122 4123 4190
3 4190 4123 4191
3 4123 4124 4191
3 4191 4124 4192
3 4124 4125 4192
3 4192 4125 4193
3 4125 4126 4193
3 4193 4126 4194
3 4126 4127 4194
3 4194 4127 4195
3 4127 4196 4195
3 4127 4128 4196
3 4128 4129 4196
3 4196 4129 4197
3 4129 4130 4197
3 4197 4130 4198
3 4130 4131 4198
3 4198 4131 4199
3 4131 4132 4199
3 4199 4132 4200
3 4132 4133 4200
3 4200 4133 4201
3 4133 4134 4201
3 4201 4134 4202
3 4134 4135 4202
3 4202 4135 4203
3 4135 4136 4203
3 4203 4136 4204
3 4136 4137 4204
3 4204 4137 4205
3 4137 4138 4205
3 4205 4138 4206
3 4138 4207 4206
3 4138 4139 4207
3 4139 4208 4207
3 4139 4140 4208
3 4140 4209 4208
3 4140 4141 4209
3 4141 4142 4209
3 4209 4142 4210
3 4142 4143 4210
3 4210 4143 4211
3 4143 4144 4211
3 4211 4144 4212
3 4144 4213 4212
3 4144 4145 4213
3 4145 4146 4213
3 4213 4146 4214
3 4146 4215 4214
3 4146 4147 4215
3 4147 4148 4215
3 4215 4148 4216
3 4148 4149 4216
3 4216 4149 4217
3 4149 4218 4217
3 4149 4150 4218
3 4150 4219 4218
3 4150 4151 4219
3 4151 4152 4219
3 4219 4152 4220
3 4152 4153 4220
3 4220 4153 4221
3 4153 4154 4221
3 4221 4154 4222
3 4154 4155 4222
3 4222 4155 4223
3 4155 4156 4223
3 4223 4156 4224
3 4156 4157 4224
3 4224 4157 4225
3 4157 4226 4225
3 4157 4158 4226
3 4158 4227 4226
3 4158 4159 4227
3 4159 4228 4227
3 4159 4160 4228
3 4160 4229 4228
3 4160 4161 4229
3 4161 4230 4229
3 4161 4162 4230
3 4164 4231 4232
3 4164 4163 4231
3 4163 4233 4231
3 4163 4165 4233
3 4165 4234 4233
3 4165 4166 4234
3 4166 4235 4234
3 4166 4167 4235
3 4167 4236 4235
3 4167 4168 4236
3 4168 4237 4236
3 4168 4169 4237
3 4169 4238 4237
3 4169 4170 4238
3 4170 4239 4238
3 4170 4171 4239
3 4171 4240 4239
3 4171 4172 4240
3 4172 4241 4240
3 4172 4173 4241
3 4173 4242 4241
3 4173 4174 4242
3 4174 4243 4242
3 4174 4175 4243
3 4175 4244 4243
3 4175 4176 4244
3 4176 4245 4244
3 4176 4177 4245
3 4177 4246 4245
3 4177 4178 4246
3 4178 4247 4246
3 4178 4179 4247
3 4179 4248 4247
3 4179 4180 4248
3 4180 4249 4248
3 4180 4181 4249
3 4181 4250 4249
3 4181 4182 4250
3 4182 4183 4250
3 4250 4183 4251
3 4183 4252 4251
3 4183 4184 4252
3 4184 4253 4252
3 4184 4185 4253
3 4185 4254 4253
3 4185 4186 4254
3 4186 4255 4254
3 4186 4187 4255
3 4187 4256 4255
3 4187 4188 4256
3 4188 4257 4256
3 4188 4189 4257
3 4189 4258 4257
3 4189 4190 4258
3 4190 4191 4258
3 4258 4191 4259
3 4191 4260 4259
3 4191 4192 4260
3 4192 4261 4260
3 4192 4193 4261
3 4193 4262 4261
3 4193 4194 4262
3 4194 4263 4262
3 4194 4195 4263
3 4195 4264 4263
3 4195 4196 4264
3 4196 4265 4264
3 4196 4197 4265
3 4197 4266 4265
3 4197 4198 4266
3 4198 4199 4266
3 4266 4199 4267
3 4199 4200 4267
3 4267 4200 4268
3 4200 4201 4268
3 4268 4201 4269
3 4201 4202 4269
3 4269 4202 4270
3 4202 4203 4270
3 4270 4203 4271
3 4203 4204 4271
3 4271 4204 4272
3 4204 4205 4272
3 4272 4205 4273
3 4205 4206 4273
3 4273 4206 4274
3 4206 4207 4274
3 4274 4207 4275
3 4207 4276 4275
3 4207 4208 4276
3 4208 4277 4276
3 4208 4209 4277
3 4209 4210 4277
3 4277 4210 4278
3 4210 4211 4278
3 4278 4211 4279
3 4211 4212 4279
3 4279 4212 4280
3 4212 4281 4280
3 4212 4213 4281
3 4213 4214 4281
3 4281 4214 4282
3 4214 4283 4282
3 4214 4215 4283
3 4215 4284 4283
3 4215 4216 4284
3 4216 4217 4284
3 4284 4217 4285
3 4217 4218 4285
3 4285 4218 4286
3 4218 4219 4286
3 4286 4219 4287
3 4219 4220 4287
3 4287 4220 4288
3 4220 4221 4288
3 4288 4221 4289
3 4221 4222 4289
3 4289 4222 4290
3 4222 4223 4290
3 4290 4223 4291
3 4223 4224 4291
3 4291 4224 4292
3 4224 4225 4292
3 4292 4225 4293
3 4225 4226 4293
3 4293 4226 4294
3 4226 4295 4294
3 4226 4227 4295
3 4227 4296 4295
3 4227 4228 4296
3 4228 4297 4296
3 4228 4229 4297
3 4229 4230 4297
3 4297 4230 4298
3 4232 4231 4299
3 4231 4300 4299
3 4231 4233 4300
3 4233 4301 4300
3 4233 4234 4301
3 4234 4302 4301
3 4234 4235 4302
3 4235 4303 4302
3 4235 4236 4303
3 4236 4304 4303
3 4236 4237 4304
3 4237 4305 4304
3 4237 4238 4305
3 4238 4306 4305
3 4238 4239 4306
3 4239 4307 4306
3 4239 4240 4307
3 4240 4308 4307
3 4240 4241 4308
3 4241 4309 4308
3 4241 4242 4309
3 4242 4310 4309
3 4242 4243 4310
3 4243 4311 4310
3 4243 4244 4311
3 4244 4312 4311
3 4244 4245 4312
3 4245 4313 4312
3 4245 4246 4313
3 4246 4314 4313
3 4246 4247 4314
3 4247 4315 4314
3 4247 4248 4315
3 4248 4316 4315
3 4248 4249 4316
3 4249 4317 4316
3 4249 4250 4317
3 4250 4318 4317
3 4250 4251 4318
3 4251 4319 4318
3 4251 4252 4319
3 4252 4320 4319
3 4252 4253 4320
3 4253 4321 4320
3 4253 4254 4321
3 4254 4322 4321
3 4254 4255 4322
3 4255 4323 4322
3 4255 4256 4323
3 4256 4324 4323
3 4256 4257 4324
3 4257 4325 4324
3 4257 4258 4325
3 4258 4326 4325
3 4258 4259 4326
3 4259 4327 4326
3 4259 4260 4327
3 4260 4328 4327
3 4260 4261 4328
3 4261 4262 4329
3 4277 4278 4330
3 4278 4279 4330
3 4330 4279 4331
3 4279 4280 4332
3 4280 4333 4332
3 4280 4281 4333
3 4281 4334 4333
3 4281 4282 4334
3 4282 4335 4334
3 4282 4283 4335
3 4283 4336 4335
3 4283 4284 4336
3 4284 4285 4336
3 4336 4285 4337
3 4285 4338 4337
3 4285 4286 4338
3 4286 4339 4338
3 4286 4287 4339
3 4287 4288 4339
3 4339 4288 4340
3 4288 4289 4340
3 4340 4289 4341
3 4289 4290 4341
3 4341 4290 4342
3 4290 4291 4342
3 4342 4291 4343
3 4291 4292 4343
3 4343 4292 4344
3 4292 4293 4344
3 4344 4293 4345
3 4293 4346 4345
3 4293 4294 4346
3 4294 4347 4346
3 4294 4295 4347
3 4295 4348 4347
3 4295 4296 4348
3 4296 4349 4348
3 4296 4297 4349
3 4297 4350 4349
3 4297 4298 4350
3 4351 4299 4352
3 4299 4353 4352
3 4299 4300 4353
3 4300 4354 4353
3 4300 4301 4354
3 4301 4355 4354
3 4301 4302 4355
3 4302 4356 4355
3 4302 4303 4356
3 4303 4357 4356
3 4303 4304 4357
3 4304 4358 4357
3 4304 4305 4358
3 4305 4359 4358
3 4305 4306 4359
3 4306 4360 4359
3 4306 4307 4360
3 4307 4308 4360
3 4360 4308 4361
3 4308 4362 4361
3 4308 4309 4362
3 4309 4363 4362
3 4309 4310 4363
3 4310 4364 4363
3 4310 4311 4364
3 4311 4365 4364
3 4311 4312 4365
3 4312 4366 4365
3 4312 4313 4366
3 4313 4367 4366
3 4313 4314 4367
3 4314 4368 4367
3 4314 4315 4368
3 4315 4369 4368
3 4315 4316 4369
3 4316 4370 4369
3 4316 4317 4370
3 4336 4337 4371
3 4337 4338 4372
3 4372 4338 4373
3 4338 4374 4373
3 4338 4339 4374
3 4339 4340 4374
3 4374 4340 4375
3 4340 4341 4375
3 4375 4341 4376
3 4341 4342 4376
3 4376 4342 4377
3 4342 4343 4377
3 4377 4343 4378
3 4343 4344 4378
3 4378 4344 4379
3 4344 4345 4379
3 4379 4345 4380
3 4345 4381 4380
3 4345 4346 4381
3 4346 4382 4381
3 4346 4347 4382
3 4347 4383 4382
3 4347 4348 4383
3 4348 4384 4383
3 4348 4349 4384
3 4349 4385 4384
3 4349 4350 4385
3 4352 4386 4387
3 4352 4353 4386
3 4353 4388 4386
3 4353 4354 4388
3 4354 4389 4388
3 4354 4355 4389
3 4355 4390 4389
3 4355 4356 4390
3 4356 4391 4390
3 4356 4357 4391
3 4357 4392 4391
3 4357 4358 4392
3 4358 4393 4392
3 4358 4359 4393
3 4359 4360 4393
3 4393 4360 4394
3 4360 4361 4394
3 4394 4361 4395
3 4361 4362 4395
3 4395 4362 4396
3 4362 4363 4396
3 4396 4363 4397
3 4363 4398 4397
3 4363 4364 4398
3 4364 4365 4399
3 4365 4366 4400
3 4380 4381 4401
3 4381 4402 4401
3 4381 4382 4402
3 4382 4403 4402
3 4382 4383 4403
3 4383 4404 4403
3 4383 4384 4404
3 4384 4405 4404
3 4384 4385 4405
3 4387 4386 4406
3 4406 4386 4407
3 4386 4408 4407
3 4386 4388 4408
3 4388 4409 4408
3 4388 4389 4409
3 4389 4410 4409
3 4389 4390 4410
3 4390 4411 4410
3 4390 4391 4411
3 4391 4412 4411
3 4391 4392 4412
3 4392 4413 4412
3 4392 4393 4413
3 4393 4394 4413
3 4413 4394 4414
3 4394 4395 4414
3 4395 4396 4415
3 4403 4404 4416
3 4404 4417 4416
3 4404 4405 4417
3 4406 4418 4419
3 4406 4407 4418
3 4407 4420 4418
3 4407 4408 4420
3 4408 4421 4420
3 4408 4409 4421
3 4409 4422 4421
3 4409 4410 4422
3 4410 4423 4422
3 4410 4411 4423
CELL_DATA 8542
SCALARS brightness_temperature float
LOOKUP_TABLE default
POINT_DATA 4424
CELL_DATA 8542
SCALARS emission_angle float
LOOKUP_TABLE default
POINT_DATA 4424
CELL_DATA 8542
SCALARS incidence_angle float
LOOKUP_TABLE default
POINT_DATA 4424
CELL_DATA 8542
SCALARS phase_angle float
LOOKUP_TABLE default
POINT_DATA 4424
CELL_DATA 8542
SCALARS local_solar_time float
LOOKUP_TABLE default
POINT_DATA 4424
CELL_DATA 8542
SCALARS local_solar_time_normal_vector float
LOOKUP_TABLE default
CELL_DATA 8542
SCALARS pixel_x float
LOOKUP_TABLE default
POINT_DATA 4424
CELL_DATA 8542
SCALARS pixel_y float
LOOKUP_TABLE default
POINT_DATA 4424
CELL_DATA 8542
SCALARS longitude float
LOOKUP_TABLE default
POINT_DATA 4424
CELL_DATA 8542
SCALARS latitude float
LOOKUP_TABLE default
