# vtk DataFile Version 3.0
SHAPE_sfm_50k_v20200323
ASCII
DATASET POLYDATA
POINTS 6999 float
-0.25802 0.24989 0.25953
-0.25731 0.24961 0.26053
-0.25592 0.25004 0.2592
-0.25944 0.24946 0.26078
-0.25855 0.24914 0.26195
-0.26069 0.24903 0.26219
-0.25979 0.24873 0.26339
-0.26195 0.24865 0.26362
-0.26093 0.24827 0.26491
-0.2631 0.24799 0.26505
-0.26212 0.24755 0.26629
-0.26427 0.24704 0.26629
-0.2632 0.2466 0.2676
-0.26537 0.24612 0.2676
-0.26425 0.24564 0.26895
-0.26645 0.24528 0.26899
-0.26524 0.24461 0.2703
-0.26744 0.24415 0.27025
-0.26597 0.24321 0.27149
-0.26819 0.24269 0.27135
-0.26658 0.24151 0.27232
-0.26877 0.24096 0.27208
-0.26705 0.23969 0.27287
-0.26925 0.23914 0.27263
-0.26748 0.23784 0.27333
-0.26967 0.23729 0.27307
-0.26788 0.23598 0.27374
-0.27009 0.23546 0.27359
-0.26824 0.23413 0.27427
-0.27043 0.23353 0.27385
-0.26847 0.23221 0.27464
-0.2705 0.23157 0.27366
-0.26862 0.23024 0.27469
-0.27034 0.22967 0.2732
-0.26868 0.22826 0.2745
-0.27021 0.22778 0.27277
-0.26849 0.22637 0.27393
-0.26998 0.22594 0.27217
-0.26811 0.22458 0.27324
-0.26959 0.22416 0.27148
-0.26768 0.2228 0.27256
-0.26919 0.22237 0.27082
-0.26732 0.22098 0.27196
-0.26896 0.22049 0.27033
-0.26719 0.21904 0.27162
-0.26914 0.21854 0.27036
-0.26746 0.21711 0.27182
-0.26952 0.21666 0.27073
-0.26781 0.21523 0.27218
-0.26981 0.21475 0.27097
-0.26818 0.21334 0.27251
-0.27016 0.21286 0.27127
-0.26865 0.2115 0.27295
-0.27053 0.21099 0.27157
-0.26909 0.20967 0.2734
-0.27103 0.20919 0.27207
-0.26968 0.20796 0.27409
-0.27172 0.20757 0.27284
-0.27041 0.20635 0.27491
-0.27263 0.20619 0.27387
-0.2711 0.20466 0.27569
-0.27346 0.20459 0.2748
-0.27152 0.20277 0.27617
-0.27392 0.20264 0.2753
-0.27169 0.2008 0.27641
-0.27396 0.2006 0.27533
-0.27169 0.19884 0.27643
-0.27382 0.19865 0.27515
-0.27166 0.1969 0.2764
-0.27364 0.19673 0.27492
-0.27173 0.19497 0.27651
-0.27365 0.19482 0.27496
-0.2719 0.19305 0.27676
-0.27383 0.19292 0.2752
-0.27217 0.19117 0.27714
-0.27402 0.191 0.27546
-0.27257 0.18933 0.27762
-0.27439 0.18916 0.27589
-0.27308 0.18757 0.27825
-0.2749 0.18739 0.27649
-0.27354 0.18578 0.27888
-0.27542 0.18565 0.27716
-0.27592 0.18389 0.27784
-0.2739 0.18394 0.27943
-0.27428 0.18211 0.27999
-0.27633 0.18208 0.27842
-0.27464 0.18027 0.28053
-0.27671 0.18025 0.27896
-0.27491 0.17837 0.28096
-0.27705 0.1784 0.27948
-0.27511 0.17646 0.28129
-0.27731 0.17651 0.27986
-0.27537 0.17457 0.28168
-0.2776 0.17463 0.28026
-0.27556 0.17264 0.28196
-0.27785 0.17273 0.28063
-0.27574 0.17071 0.28226
-0.27801 0.17079 0.28085
-0.27578 0.16875 0.2823
-0.27806 0.16885 0.28091
-0.27578 0.1668 0.28225
-0.27814 0.16691 0.28098
-0.27592 0.16488 0.28244
-0.27827 0.16498 0.28113
-0.27613 0.16296 0.28275
-0.27844 0.16306 0.28135
-0.27635 0.16105 0.28304
-0.27868 0.16116 0.28166
-0.27658 0.15914 0.28334
-0.27888 0.15924 0.28187
-0.2768 0.1572 0.28359
-0.27902 0.1573 0.28199
-0.27687 0.15525 0.28363
-0.27915 0.15536 0.28211
-0.27703 0.15332 0.28379
-0.27937 0.15345 0.28235
-0.27722 0.15139 0.28399
-0.27959 0.15153 0.28259
-0.27746 0.14948 0.28427
-0.27979 0.14961 0.28278
-0.27772 0.14758 0.28457
-0.28008 0.14773 0.28312
-0.28045 0.14588 0.28356
-0.27813 0.14575 0.28509
-0.28088 0.14405 0.28408
-0.27862 0.14396 0.28569
-0.28128 0.14221 0.28456
-0.27907 0.14214 0.28625
-0.28169 0.14037 0.28505
-0.27949 0.1403 0.28674
-0.27981 0.1384 0.28711
-0.28197 0.13846 0.28534
-0.28232 0.13659 0.28575
-0.28016 0.13651 0.2875
-0.28031 0.13457 0.28765
-0.28251 0.13466 0.28595
-0.28057 0.13266 0.28792
-0.28275 0.13274 0.28618
-0.28083 0.13074 0.28817
-0.28293 0.13081 0.28634
-0.28099 0.1288 0.28831
-0.28308 0.12888 0.28645
-0.28334 0.12698 0.28672
-0.2812 0.12688 0.28852
-0.28369 0.12511 0.28708
-0.28148 0.12497 0.28881
-0.28403 0.12322 0.28745
-0.28181 0.12309 0.28919
-0.28424 0.12129 0.28765
-0.28208 0.12117 0.28951
-0.28441 0.11936 0.28784
-0.28221 0.11921 0.28962
-0.28463 0.11744 0.28807
-0.28235 0.11728 0.28974
-0.25516 0.24965 0.2606
-0.25378 0.25018 0.25931
-0.25639 0.24923 0.26205
-0.25762 0.24868 0.26347
-0.25875 0.24814 0.26497
-0.25991 0.24746 0.26639
-0.26099 0.2466 0.26778
-0.26203 0.2457 0.26917
-0.26299 0.24464 0.2705
-0.26371 0.24325 0.27172
-0.26432 0.2416 0.27264
-0.26481 0.23978 0.27322
-0.26523 0.23792 0.27365
-0.26563 0.23605 0.27408
-0.26597 0.23419 0.27455
-0.26618 0.2323 0.27503
-0.26637 0.23038 0.27536
-0.26659 0.22843 0.27562
-0.26659 0.22645 0.27535
-0.2663 0.22459 0.27475
-0.26587 0.22281 0.27406
-0.26551 0.22098 0.27346
-0.26536 0.21905 0.27313
-0.26547 0.21709 0.27312
-0.26575 0.21517 0.27338
-0.26614 0.21329 0.27374
-0.26662 0.21146 0.27422
-0.26713 0.20966 0.27479
-0.26768 0.20791 0.27544
-0.26826 0.20613 0.27603
-0.26883 0.20434 0.27656
-0.26924 0.20248 0.27703
-0.26945 0.20056 0.27738
-0.2696 0.19863 0.2777
-0.26972 0.19669 0.27791
-0.26982 0.19475 0.27808
-0.26999 0.19283 0.27835
-0.27032 0.19097 0.27881
-0.27075 0.18916 0.27936
-0.27135 0.18746 0.28013
-0.27177 0.18563 0.28073
-0.27199 0.18371 0.28113
-0.2722 0.18181 0.2815
-0.27248 0.17992 0.28194
-0.2727 0.17802 0.28231
-0.27287 0.17609 0.2826
-0.27312 0.17419 0.283
-0.27322 0.17224 0.28314
-0.27337 0.17031 0.2834
-0.27346 0.16836 0.28356
-0.2735 0.1664 0.28358
-0.27359 0.16446 0.28371
-0.27382 0.16257 0.28409
-0.2741 0.16068 0.28451
-0.27432 0.15875 0.2848
-0.2745 0.15682 0.28502
-0.27467 0.15488 0.28521
-0.27484 0.15295 0.28541
-0.27503 0.15102 0.28564
-0.27532 0.14912 0.28598
-0.27566 0.14725 0.2864
-0.27609 0.14543 0.28695
-0.27662 0.14366 0.28759
-0.27707 0.14184 0.28815
-0.27748 0.13998 0.28863
-0.27775 0.13807 0.28895
-0.27807 0.13618 0.28931
-0.27828 0.13424 0.28953
-0.27851 0.13232 0.28977
-0.27879 0.1304 0.29004
-0.27896 0.12846 0.29019
-0.27924 0.12656 0.29049
-0.2795 0.12464 0.29079
-0.27961 0.12269 0.29093
-0.27978 0.12075 0.29113
-0.28 0.11883 0.29136
-0.28022 0.11689 0.29157
-0.28252 0.11534 0.28988
-0.2804 0.11495 0.29171
-0.25301 0.24971 0.26064
-0.25163 0.25033 0.25935
-0.25423 0.24926 0.2621
-0.25545 0.2488 0.26356
-0.25656 0.24805 0.26499
-0.25771 0.2473 0.26638
-0.25878 0.24634 0.26771
-0.25981 0.24547 0.26914
-0.26075 0.24446 0.27054
-0.26145 0.24309 0.27179
-0.26205 0.24147 0.27276
-0.26254 0.23969 0.27345
-0.26297 0.23783 0.27391
-0.26338 0.23597 0.27435
-0.26371 0.2341 0.27484
-0.26391 0.23223 0.27536
-0.26409 0.2303 0.2757
-0.26428 0.22838 0.27606
-0.26441 0.22641 0.27628
-0.26423 0.22446 0.27588
-0.26388 0.22261 0.2753
-0.26357 0.22076 0.27476
-0.26344 0.21881 0.27448
-0.26358 0.21685 0.27454
-0.26386 0.21493 0.2748
-0.26423 0.21304 0.27513
-0.26466 0.21118 0.27555
-0.26512 0.20934 0.27605
-0.26565 0.20758 0.27671
-0.2662 0.20577 0.27725
-0.2667 0.20393 0.27766
-0.26716 0.20211 0.27823
-0.26738 0.2002 0.27864
-0.26757 0.19829 0.27905
-0.26775 0.19637 0.27938
-0.26795 0.19446 0.27968
-0.2682 0.19256 0.28006
-0.26851 0.19069 0.28051
-0.26892 0.18886 0.28107
-0.26935 0.18705 0.28165
-0.2697 0.1852 0.2822
-0.27005 0.18335 0.28279
-0.2702 0.18141 0.28308
-0.2704 0.1795 0.28342
-0.2706 0.17758 0.28379
-0.2707 0.17563 0.28398
-0.27083 0.17369 0.2842
-0.27093 0.17175 0.28437
-0.27106 0.16981 0.28461
-0.27121 0.16788 0.28491
-0.27137 0.16594 0.28515
-0.27135 0.16397 0.28511
-0.27157 0.16206 0.28547
-0.27184 0.16017 0.2859
-0.27204 0.15825 0.28619
-0.27226 0.15633 0.28649
-0.27256 0.15444 0.2869
-0.27282 0.15253 0.28724
-0.27307 0.15061 0.28755
-0.27336 0.14872 0.28791
-0.27376 0.14688 0.28839
-0.27428 0.14511 0.28903
-0.2749 0.14341 0.28976
-0.27541 0.14158 0.29037
-0.2756 0.13963 0.29065
-0.27576 0.13769 0.29087
-0.27599 0.13576 0.29112
-0.27625 0.13384 0.29139
-0.27651 0.13193 0.29167
-0.27678 0.13 0.29194
-0.27691 0.12805 0.29205
-0.27717 0.12614 0.29234
-0.27746 0.12422 0.29269
-0.27752 0.12226 0.29278
-0.27761 0.12031 0.29289
-0.27778 0.11837 0.29307
-0.278 0.11644 0.29327
-0.27823 0.11451 0.29346
-0.25084 0.24966 0.26087
-0.24959 0.25083 0.25985
-0.25208 0.24893 0.26223
-0.2533 0.24852 0.26374
-0.25439 0.24783 0.26521
-0.25553 0.24701 0.26658
-0.2566 0.24596 0.26784
-0.25763 0.24497 0.26918
-0.25857 0.24392 0.27055
-0.25924 0.24259 0.27185
-0.25983 0.24098 0.27284
-0.26032 0.23921 0.27355
-0.26075 0.23736 0.27407
-0.26116 0.2355 0.27453
-0.26148 0.23364 0.27504
-0.26167 0.23175 0.27554
-0.26184 0.22984 0.27592
-0.26201 0.22792 0.27629
-0.2621 0.22597 0.2766
-0.26202 0.224 0.27654
-0.26179 0.22207 0.27622
-0.26156 0.22016 0.27583
-0.26158 0.21819 0.2758
-0.26178 0.21625 0.27597
-0.26205 0.21432 0.27621
-0.2624 0.21242 0.27653
-0.2628 0.21054 0.2769
-0.26326 0.20871 0.27742
-0.26372 0.20689 0.27798
-0.26425 0.20508 0.27851
-0.26478 0.20326 0.279
-0.26527 0.20147 0.27964
-0.26552 0.19957 0.28011
-0.26564 0.19764 0.28043
-0.26584 0.19573 0.2808
-0.26614 0.19386 0.28127
-0.26651 0.19201 0.28181
-0.26686 0.19015 0.28231
-0.26718 0.18828 0.28279
-0.26748 0.18639 0.28323
-0.26776 0.18451 0.28371
-0.26799 0.18262 0.28416
-0.26813 0.18068 0.28444
-0.26829 0.17875 0.28474
-0.26847 0.17684 0.28509
-0.26861 0.1749 0.28538
-0.26872 0.17295 0.28558
-0.26882 0.17101 0.28578
-0.26891 0.16906 0.28599
-0.26902 0.16712 0.28622
-0.26913 0.16518 0.28642
-0.26932 0.16325 0.28673
-0.26955 0.16135 0.28712
-0.26976 0.15943 0.28746
-0.27001 0.15753 0.28784
-0.27032 0.15564 0.28828
-0.27058 0.15374 0.28866
-0.27083 0.15183 0.28901
-0.2711 0.14993 0.28937
-0.27145 0.14806 0.2898
-0.27191 0.14626 0.29037
-0.27261 0.14463 0.2912
-0.27326 0.14293 0.29196
-0.27367 0.14104 0.29248
-0.27377 0.13908 0.29268
-0.27393 0.13713 0.2929
-0.27408 0.13519 0.29307
-0.27432 0.13327 0.29332
-0.27463 0.13136 0.29365
-0.27477 0.1294 0.29379
-0.27485 0.12744 0.29385
-0.2751 0.12553 0.29414
-0.27529 0.12359 0.29439
-0.2754 0.12164 0.29456
-0.27551 0.11968 0.29468
-0.27566 0.11774 0.29484
-0.27588 0.11581 0.29504
-0.27619 0.11389 0.29532
-0.27839 0.11255 0.29357
-0.24877 0.25032 0.26109
-0.24765 0.2517 0.26019
-0.24989 0.24911 0.2622
-0.25111 0.24826 0.26352
-0.25221 0.2476 0.26501
-0.25334 0.24678 0.26638
-0.25441 0.24572 0.26765
-0.25544 0.24466 0.26893
-0.25637 0.24357 0.27028
-0.25702 0.24222 0.27156
-0.25759 0.24065 0.27262
-0.25807 0.23891 0.27341
-0.25849 0.23708 0.274
-0.2589 0.23523 0.2745
-0.25922 0.23336 0.27502
-0.25939 0.23147 0.27553
-0.25955 0.22957 0.27597
-0.25971 0.22765 0.27636
-0.25978 0.22571 0.27667
-0.25971 0.22376 0.27692
-0.25958 0.2218 0.27698
-0.25951 0.21984 0.27695
-0.25958 0.21788 0.27704
-0.25981 0.21594 0.27726
-0.26004 0.214 0.27745
-0.26038 0.21209 0.27775
-0.26082 0.21023 0.27819
-0.26127 0.20839 0.27872
-0.26172 0.20657 0.27928
-0.26222 0.20474 0.27979
-0.26276 0.20293 0.28033
-0.26322 0.20112 0.28094
-0.26354 0.19927 0.28152
-0.26368 0.19734 0.28189
-0.26392 0.19545 0.28234
-0.26426 0.19359 0.28286
-0.26467 0.19177 0.28347
-0.26504 0.18992 0.28402
-0.2654 0.18806 0.28455
-0.26566 0.18616 0.28499
-0.26577 0.18422 0.28527
-0.26585 0.18227 0.28553
-0.26596 0.18033 0.2858
-0.2661 0.1784 0.28608
-0.26627 0.17648 0.28645
-0.26638 0.17453 0.2867
-0.26651 0.17259 0.28697
-0.26659 0.17063 0.28717
-0.26664 0.16868 0.28731
-0.26674 0.16673 0.28755
-0.26691 0.16481 0.28787
-0.26714 0.1629 0.28826
-0.26744 0.16103 0.28876
-0.26774 0.15914 0.28923
-0.26802 0.15725 0.28967
-0.26829 0.15535 0.29008
-0.26851 0.15342 0.29043
-0.26871 0.1515 0.29074
-0.26898 0.1496 0.29112
-0.26935 0.14774 0.2916
-0.2699 0.146 0.29228
-0.27059 0.14437 0.29311
-0.27138 0.1428 0.29403
-0.27197 0.14097 0.29471
-0.27199 0.13894 0.29483
-0.272 0.13697 0.29492
-0.27206 0.13502 0.29499
-0.27231 0.1331 0.29525
-0.27249 0.13115 0.29545
-0.27266 0.12919 0.29561
-0.27272 0.12723 0.29566
-0.27288 0.12529 0.29584
-0.27311 0.12337 0.29616
-0.27329 0.12143 0.29643
-0.27349 0.11949 0.29668
-0.27356 0.11752 0.29675
-0.27374 0.11557 0.29689
-0.27398 0.11363 0.2971
-0.27632 0.11193 0.29539
-0.2741 0.11167 0.29713
-0.24681 0.25106 0.26169
-0.24577 0.25253 0.26086
-0.24784 0.24972 0.26273
-0.24894 0.24855 0.2639
-0.25004 0.24774 0.26534
-0.25113 0.24666 0.26654
-0.25219 0.2454 0.26759
-0.25326 0.24422 0.26874
-0.2542 0.24307 0.27004
-0.25485 0.24167 0.27125
-0.25539 0.24014 0.27237
-0.25585 0.23842 0.27322
-0.25627 0.23662 0.27388
-0.25667 0.23478 0.27444
-0.25698 0.23291 0.27499
-0.25714 0.23103 0.27553
-0.25728 0.22914 0.27602
-0.25743 0.22722 0.27645
-0.25749 0.22529 0.27681
-0.25741 0.22336 0.27713
-0.2573 0.22142 0.27743
-0.25729 0.21947 0.27767
-0.25743 0.21753 0.27795
-0.25769 0.21561 0.27829
-0.25795 0.21368 0.27854
-0.2583 0.21177 0.27886
-0.25872 0.20989 0.27928
-0.25915 0.20805 0.2798
-0.25963 0.20625 0.28045
-0.26017 0.20446 0.28106
-0.26073 0.20268 0.28165
-0.26121 0.20089 0.2823
-0.26153 0.19904 0.28292
-0.2618 0.19718 0.28348
-0.26205 0.19529 0.28394
-0.26241 0.19345 0.28451
-0.26285 0.19165 0.28517
-0.26325 0.18982 0.28578
-0.26357 0.18794 0.28628
-0.26381 0.18601 0.28673
-0.26373 0.18403 0.2868
-0.2637 0.18207 0.28691
-0.26377 0.18012 0.28714
-0.2639 0.17819 0.28743
-0.26405 0.17626 0.28779
-0.26414 0.17431 0.28804
-0.26425 0.17237 0.28832
-0.26428 0.1704 0.28843
-0.26435 0.16845 0.28864
-0.26452 0.16653 0.28902
-0.26478 0.16464 0.28947
-0.26505 0.16275 0.28994
-0.26539 0.1609 0.2905
-0.26571 0.15903 0.29102
-0.266 0.15714 0.29149
-0.26623 0.15522 0.29188
-0.26636 0.15327 0.29213
-0.26651 0.15133 0.2924
-0.26681 0.14944 0.29282
-0.26722 0.14762 0.29337
-0.26775 0.14585 0.29403
-0.26845 0.14424 0.29489
-0.26914 0.14258 0.29571
-0.26986 0.14091 0.29662
-0.27007 0.13889 0.29693
-0.26987 0.1369 0.29674
-0.26997 0.13495 0.29684
-0.27015 0.133 0.29702
-0.27026 0.13104 0.29713
-0.27043 0.12909 0.29731
-0.27053 0.12713 0.29741
-0.27062 0.12517 0.29749
-0.2708 0.12324 0.29777
-0.27097 0.12131 0.29807
-0.27111 0.11935 0.29826
-0.27123 0.11739 0.29837
-0.2714 0.11544 0.29851
-0.27156 0.11348 0.29857
-0.27177 0.11154 0.29872
-0.27201 0.1096 0.29893
-0.24499 0.25195 0.26243
-0.24428 0.25373 0.26186
-0.24593 0.2505 0.26341
-0.24691 0.24912 0.26446
-0.24793 0.24812 0.26583
-0.24903 0.2471 0.26711
-0.25004 0.24574 0.26812
-0.25102 0.24417 0.26883
-0.25199 0.24274 0.26977
-0.25266 0.24126 0.27088
-0.2532 0.23971 0.27198
-0.25363 0.23806 0.27295
-0.25403 0.23628 0.2737
-0.25442 0.23446 0.27434
-0.25472 0.23262 0.27496
-0.25487 0.23074 0.27554
-0.25499 0.22885 0.27608
-0.25513 0.22696 0.27658
-0.25518 0.22504 0.27701
-0.2551 0.22311 0.27741
-0.25499 0.22119 0.27783
-0.25501 0.21926 0.27822
-0.25518 0.21735 0.27868
-0.25547 0.21546 0.27914
-0.2558 0.21356 0.27955
-0.25619 0.21167 0.27996
-0.25658 0.20978 0.28034
-0.25699 0.20792 0.28084
-0.2575 0.20616 0.28159
-0.2581 0.20443 0.28232
-0.25871 0.2027 0.28302
-0.25919 0.20091 0.28369
-0.25955 0.19909 0.28436
-0.25973 0.19718 0.28483
-0.26003 0.19532 0.28537
-0.2604 0.19349 0.28598
-0.26081 0.19168 0.28662
-0.26125 0.18988 0.28731
-0.26157 0.18798 0.28783
-0.26167 0.18602 0.28812
-0.2616 0.18404 0.28821
-0.2616 0.18208 0.28839
-0.2617 0.18014 0.28868
-0.26183 0.1782 0.28899
-0.26185 0.17624 0.28918
-0.26186 0.17427 0.28933
-0.26194 0.17232 0.28957
-0.26202 0.17037 0.28981
-0.26215 0.16844 0.29013
-0.26235 0.16653 0.29057
-0.26269 0.16468 0.29115
-0.26304 0.16283 0.29173
-0.2634 0.16099 0.29232
-0.26371 0.15911 0.29284
-0.2639 0.15717 0.29322
-0.26401 0.15522 0.29348
-0.26415 0.15328 0.29376
-0.26431 0.15134 0.29404
-0.26463 0.14947 0.29452
-0.26507 0.14766 0.29512
-0.2656 0.1459 0.2958
-0.26617 0.14414 0.29649
-0.26683 0.14245 0.29727
-0.26739 0.14067 0.29797
-0.26762 0.13871 0.29834
-0.26768 0.13673 0.29848
-0.26786 0.13478 0.29867
-0.26796 0.13281 0.29875
-0.26808 0.13084 0.29885
-0.26817 0.12888 0.29894
-0.26822 0.12691 0.29898
-0.26834 0.12496 0.29914
-0.26853 0.12303 0.29943
-0.26867 0.12108 0.2997
-0.26874 0.11911 0.2998
-0.26887 0.11715 0.29995
-0.26908 0.1152 0.30012
-0.26936 0.11327 0.30032
-0.24316 0.25264 0.2633
-0.24251 0.25447 0.26282
-0.24396 0.25101 0.2641
-0.24494 0.24969 0.26521
-0.24579 0.24824 0.26627
-0.24686 0.24715 0.26753
-0.24788 0.24586 0.26863
-0.24886 0.24432 0.26939
-0.24975 0.24267 0.27001
-0.25041 0.241 0.27084
-0.25097 0.23934 0.27174
-0.2514 0.23768 0.27272
-0.25178 0.23597 0.27363
-0.25216 0.23418 0.27437
-0.25246 0.23235 0.27504
-0.25259 0.23049 0.27568
-0.2527 0.22862 0.2763
-0.25284 0.22674 0.27688
-0.25289 0.22484 0.27742
-0.25282 0.22294 0.27793
-0.25273 0.22104 0.27846
-0.25277 0.21913 0.27896
-0.25296 0.21723 0.27948
-0.25327 0.21536 0.28004
-0.25365 0.2135 0.28058
-0.25411 0.21165 0.28111
-0.25449 0.20975 0.28148
-0.25488 0.20787 0.28198
-0.25539 0.20612 0.28275
-0.25602 0.20444 0.28358
-0.25666 0.20273 0.28434
-0.25722 0.20102 0.28514
-0.25747 0.19913 0.28568
-0.25763 0.19721 0.28612
-0.25787 0.19531 0.28659
-0.25823 0.19347 0.2872
-0.2586 0.19163 0.28779
-0.25904 0.18983 0.2885
-0.2594 0.18798 0.28914
-0.25951 0.18602 0.28946
-0.25945 0.18404 0.28958
-0.25947 0.18208 0.28982
-0.25955 0.18013 0.2901
-0.2597 0.1782 0.29047
-0.25978 0.17624 0.29078
-0.25969 0.17426 0.29079
-0.25969 0.17229 0.29094
-0.25976 0.17033 0.29118
-0.25988 0.16839 0.29151
-0.26014 0.16651 0.29206
-0.26054 0.1647 0.29275
-0.26094 0.16288 0.2934
-0.26133 0.16105 0.29405
-0.26167 0.15918 0.29464
-0.26181 0.15722 0.29496
-0.26187 0.15525 0.29517
-0.26193 0.15329 0.29538
-0.26207 0.15135 0.29566
-0.26239 0.14947 0.29615
-0.26285 0.14767 0.29679
-0.26335 0.14587 0.29743
-0.26391 0.14411 0.29812
-0.26445 0.1423 0.29872
-0.24119 0.25335 0.2638
-0.2405 0.25513 0.26315
-0.24189 0.25156 0.26436
-0.24284 0.25017 0.26546
-0.2437 0.24883 0.26665
-0.24466 0.24731 0.26751
-0.24567 0.24602 0.26864
-0.24666 0.24459 0.26959
-0.24756 0.24301 0.27037
-0.24819 0.24128 0.27112
-0.24869 0.23951 0.27183
-0.24911 0.23775 0.27265
-0.2495 0.23605 0.27361
-0.24989 0.23431 0.27446
-0.25018 0.2325 0.2752
-0.25031 0.23066 0.27592
-0.25042 0.22881 0.27662
-0.25055 0.22694 0.27727
-0.25063 0.22507 0.27792
-0.25058 0.2232 0.27857
-0.25051 0.22132 0.27919
-0.25057 0.21942 0.27976
-0.25074 0.21751 0.28027
-0.25107 0.21565 0.28088
-0.25143 0.21376 0.2814
-0.25192 0.21195 0.28201
-0.2524 0.21011 0.28257
-0.25282 0.20825 0.28314
-0.25326 0.20645 0.28383
-0.25382 0.20469 0.28457
-0.25445 0.20298 0.28534
-0.25505 0.20131 0.28626
-0.25534 0.19944 0.28688
-0.25545 0.19749 0.28725
-0.2557 0.19558 0.28774
-0.25602 0.19371 0.28831
-0.25639 0.19186 0.28891
-0.25679 0.19004 0.28959
-0.25711 0.18817 0.29018
-0.25724 0.18623 0.29059
-0.25729 0.18428 0.29092
-0.25734 0.18232 0.29124
-0.25747 0.18038 0.29161
-0.25749 0.1784 0.29181
-0.25743 0.17642 0.29193
-0.2575 0.17446 0.29221
-0.25755 0.1725 0.29246
-0.2576 0.17053 0.2927
-0.25769 0.16857 0.29301
-0.25797 0.1667 0.29361
-0.2584 0.1649 0.29434
-0.25882 0.16309 0.29505
-0.25914 0.16122 0.29564
-0.25941 0.15931 0.29613
-0.25963 0.15739 0.29658
-0.25973 0.15542 0.29687
-0.25976 0.15344 0.29705
-0.25988 0.15149 0.29732
-0.26014 0.14958 0.29775
-0.23909 0.2536 0.26417
-0.23836 0.25525 0.2633
-0.23983 0.25191 0.26491
-0.24069 0.2503 0.26575
-0.24154 0.24898 0.26698
-0.24249 0.2475 0.26792
-0.24345 0.24593 0.26869
-0.24444 0.24458 0.26978
-0.24536 0.24312 0.27076
-0.24601 0.24147 0.27168
-0.24651 0.2397 0.27244
-0.24689 0.23788 0.27314
-0.24725 0.2361 0.27396
-0.24764 0.23436 0.27484
-0.24795 0.23259 0.27568
-0.24809 0.23078 0.27648
-0.2482 0.22894 0.27724
-0.24832 0.22707 0.2779
-0.24839 0.2252 0.27857
-0.24838 0.22336 0.27934
-0.24836 0.22152 0.2801
-0.24844 0.21965 0.28075
-0.24859 0.21773 0.28126
-0.24889 0.21584 0.28183
-0.24932 0.21401 0.28248
-0.24979 0.21217 0.28306
-0.25027 0.21032 0.28364
-0.25075 0.20852 0.28433
-0.25123 0.20675 0.2851
-0.25187 0.20506 0.28596
-0.25236 0.20323 0.28658
-0.2528 0.2014 0.28721
-0.2531 0.19955 0.28788
-0.25332 0.19766 0.28848
-0.25359 0.19577 0.28902
-0.25389 0.19387 0.28956
-0.25425 0.19202 0.29018
-0.25465 0.19019 0.29086
-0.25497 0.18832 0.29148
-0.25505 0.18636 0.29185
-0.25514 0.18442 0.2923
-0.25531 0.18251 0.2928
-0.25557 0.1806 0.29338
-0.25563 0.1786 0.29364
-0.25548 0.1766 0.29365
-0.2554 0.17462 0.29377
-0.25542 0.17264 0.294
-0.25556 0.1707 0.29438
-0.25573 0.16876 0.2948
-0.25597 0.16687 0.29536
-0.25632 0.16503 0.29603
-0.25668 0.16318 0.29668
-0.23699 0.25388 0.26455
-0.23621 0.25529 0.26336
-0.23771 0.25216 0.26526
-0.23858 0.25063 0.26622
-0.23936 0.24909 0.26724
-0.24034 0.24773 0.26834
-0.24126 0.24609 0.26904
-0.24221 0.24457 0.26993
-0.24313 0.24315 0.27099
-0.24377 0.24154 0.27198
-0.24429 0.23982 0.27286
-0.24468 0.23803 0.27366
-0.24508 0.23631 0.27459
-0.24548 0.23458 0.27551
-0.24581 0.23284 0.27643
-0.24595 0.23103 0.27728
-0.24602 0.22917 0.27798
-0.24613 0.22728 0.27863
-0.24619 0.22541 0.27933
-0.24617 0.22357 0.28011
-0.24618 0.22175 0.28095
-0.24632 0.21993 0.28175
-0.24653 0.21805 0.28239
-0.2468 0.21614 0.28293
-0.24721 0.21428 0.28356
-0.24778 0.21251 0.28429
-0.24826 0.21066 0.28488
-0.24872 0.20884 0.28556
-0.24918 0.20705 0.28633
-0.24984 0.20539 0.28726
-0.25043 0.20362 0.28803
-0.25067 0.20166 0.28839
-0.25086 0.19973 0.28889
-0.25111 0.19786 0.28955
-0.25146 0.19602 0.29025
-0.25177 0.19413 0.29082
-0.25215 0.19228 0.29149
-0.25251 0.19043 0.29214
-0.25284 0.18856 0.29283
-0.25288 0.18657 0.29314
-0.25294 0.18462 0.29358
-0.25303 0.18267 0.29401
-0.25323 0.18075 0.29453
-0.2534 0.1788 0.29499
-0.25337 0.1768 0.29518
-0.25327 0.17481 0.29529
-0.2533 0.17283 0.29555
-0.25344 0.17088 0.29596
-0.23488 0.25397 0.26493
-0.23411 0.25542 0.26376
-0.23562 0.25234 0.26581
-0.23647 0.25077 0.26674
-0.23724 0.24926 0.2678
-0.23819 0.24783 0.26883
-0.23915 0.24632 0.26973
-0.24001 0.24461 0.27035
-0.24091 0.24308 0.27128
-0.24154 0.24149 0.27231
-0.24207 0.23984 0.27332
-0.2425 0.23813 0.27427
-0.24292 0.23645 0.27528
-0.24338 0.23482 0.27635
-0.24373 0.23311 0.27732
-0.24386 0.23131 0.27819
-0.2439 0.22943 0.27887
-0.24398 0.22753 0.27949
-0.24403 0.22565 0.28019
-0.24402 0.22382 0.28101
-0.24402 0.222 0.28186
-0.24419 0.2202 0.28273
-0.24448 0.21839 0.28352
-0.24478 0.21651 0.28414
-0.24516 0.21463 0.28474
-0.24568 0.2128 0.28539
-0.24626 0.21103 0.28613
-0.24676 0.20925 0.28689
-0.24717 0.20742 0.28762
-0.24772 0.20566 0.28841
-0.24823 0.20385 0.28908
-0.24857 0.20195 0.28962
-0.2488 0.20004 0.29018
-0.24899 0.19814 0.29079
-0.24933 0.19629 0.29148
-0.24977 0.19448 0.29225
-0.25005 0.19258 0.2928
-0.25027 0.19064 0.29325
-0.25052 0.18873 0.29382
-0.25063 0.18679 0.2943
-0.25065 0.18483 0.2947
-0.25075 0.18288 0.29517
-0.23279 0.25435 0.26528
-0.23203 0.25583 0.26414
-0.23357 0.2528 0.2663
-0.2345 0.25141 0.26742
-0.2353 0.24997 0.26857
-0.23615 0.24839 0.26947
-0.23713 0.24689 0.27042
-0.23802 0.24525 0.27116
-0.23875 0.24348 0.27177
-0.23936 0.24184 0.27278
-0.23991 0.24026 0.27389
-0.24039 0.23863 0.27496
-0.24082 0.23696 0.27598
-0.24126 0.23531 0.27703
-0.2417 0.23371 0.27817
-0.24194 0.23202 0.27925
-0.24196 0.23012 0.27992
-0.24198 0.22819 0.28048
-0.24199 0.22629 0.28115
-0.24195 0.22444 0.28194
-0.24196 0.22263 0.28281
-0.24211 0.22082 0.28368
-0.24237 0.21898 0.28445
-0.24279 0.21719 0.28524
-0.2432 0.21533 0.28589
-0.24369 0.21349 0.28652
-0.24423 0.21168 0.28721
-0.24468 0.20986 0.28792
-0.2451 0.20804 0.28867
-0.24559 0.20625 0.28942
-0.24609 0.20443 0.29011
-0.2465 0.20258 0.29077
-0.2468 0.20071 0.29145
-0.24698 0.1988 0.29205
-0.24727 0.19692 0.29268
-0.24779 0.19519 0.29358
-0.24815 0.19331 0.29424
-0.2483 0.19133 0.29463
-0.23075 0.25472 0.26586
-0.22998 0.25617 0.26468
-0.23151 0.25315 0.26687
-0.23241 0.25172 0.26797
-0.23322 0.25033 0.26918
-0.23414 0.24887 0.27023
-0.23501 0.24723 0.27101
-0.236 0.24574 0.27195
-0.23684 0.24412 0.27278
-0.23734 0.24237 0.27365
-0.23785 0.24074 0.2747
-0.23836 0.23914 0.27582
-0.23881 0.2375 0.2769
-0.23926 0.23585 0.27796
-0.23964 0.23419 0.27902
-0.23991 0.23255 0.28016
-0.24007 0.23076 0.28108
-0.24017 0.22887 0.28178
-0.24014 0.22696 0.28242
-0.24006 0.2251 0.28318
-0.24006 0.22329 0.28407
-0.24022 0.22148 0.28495
-0.24048 0.21965 0.28574
-0.24085 0.21782 0.28649
-0.24128 0.21598 0.28717
-0.24177 0.21413 0.28779
-0.24229 0.2123 0.28846
-0.24267 0.21043 0.28909
-0.243 0.20856 0.28975
-0.2435 0.20677 0.29054
-0.24403 0.20497 0.29128
-0.2445 0.20317 0.29204
-0.24469 0.20125 0.29259
-0.24484 0.19932 0.29314
-0.22869 0.25506 0.26641
-0.22802 0.25669 0.2654
-0.22948 0.25356 0.26751
-0.23037 0.25211 0.26861
-0.23119 0.25077 0.26987
-0.23205 0.24925 0.27087
-0.23299 0.24771 0.27178
-0.23395 0.24618 0.27268
-0.23485 0.24466 0.27365
-0.2354 0.24298 0.27463
-0.23594 0.24138 0.27574
-0.23643 0.23977 0.27685
-0.23684 0.23808 0.27787
-0.23724 0.23637 0.27886
-0.23761 0.2347 0.27993
-0.23787 0.23306 0.28108
-0.2381 0.23134 0.28212
-0.23835 0.22956 0.28304
-0.23843 0.2277 0.28382
-0.2384 0.22586 0.28466
-0.2384 0.22405 0.28556
-0.23853 0.22223 0.28642
-0.23883 0.22042 0.28728
-0.23923 0.21861 0.28807
-0.2396 0.21674 0.2887
-0.23998 0.21483 0.28921
-0.24044 0.21296 0.28982
-0.24079 0.21108 0.29045
-0.241 0.20913 0.29098
-0.24141 0.20727 0.29167
-0.2419 0.20545 0.29238
-0.22675 0.25552 0.26725
-0.22626 0.25734 0.26647
-0.22751 0.25396 0.26832
-0.22844 0.25261 0.2695
-0.22939 0.25148 0.27092
-0.23024 0.24993 0.27193
-0.23109 0.24829 0.27277
-0.23198 0.24667 0.27361
-0.23283 0.24508 0.27452
-0.23352 0.24361 0.27572
-0.23412 0.24208 0.27693
-0.23454 0.24038 0.27796
-0.23489 0.23862 0.27891
-0.23526 0.23687 0.27985
-0.23561 0.23518 0.2809
-0.23591 0.2336 0.28213
-0.23621 0.23196 0.28328
-0.23652 0.23023 0.28429
-0.23668 0.22842 0.28519
-0.23675 0.22663 0.28614
-0.23682 0.22485 0.28709
-0.23697 0.22305 0.288
-0.23727 0.22124 0.28886
-0.23786 0.21954 0.28981
-0.23824 0.21764 0.29045
-0.23835 0.21563 0.29076
-0.23863 0.21367 0.29121
-0.23897 0.21178 0.29184
-0.22501 0.25654 0.26799
-0.2247 0.25847 0.26741
-0.22559 0.2548 0.26886
-0.22648 0.25338 0.27003
-0.22743 0.25229 0.27148
-0.22838 0.25089 0.27264
-0.22922 0.24923 0.27349
-0.23006 0.24756 0.27429
-0.23084 0.2459 0.27515
-0.23142 0.24428 0.27623
-0.23197 0.2427 0.27738
-0.23247 0.24113 0.2786
-0.23284 0.23938 0.27956
-0.2332 0.23761 0.28049
-0.23356 0.23593 0.28157
-0.2339 0.23441 0.28287
-0.23431 0.23291 0.28418
-0.23487 0.2314 0.28544
-0.23523 0.22969 0.28651
-0.23534 0.22791 0.2875
-0.23535 0.2261 0.28844
-0.23531 0.22422 0.2892
-0.23544 0.22231 0.2899
-0.23596 0.22058 0.29083
-0.22328 0.25741 0.26893
-0.223 0.25936 0.2684
-0.22379 0.25562 0.26974
-0.2246 0.25412 0.27085
-0.22546 0.25289 0.27223
-0.22643 0.25155 0.27345
-0.22729 0.24992 0.27435
-0.22808 0.24819 0.27509
-0.22881 0.24647 0.2759
-0.22933 0.24479 0.27692
-0.22981 0.24311 0.27796
-0.23027 0.24146 0.27907
-0.23068 0.23978 0.28014
-0.23109 0.23809 0.2812
-0.23148 0.23645 0.28234
-0.23183 0.23497 0.28369
-0.23232 0.23362 0.28513
-0.23296 0.23224 0.2865
-0.23353 0.23074 0.28779
-0.23369 0.22896 0.28884
-0.2336 0.2271 0.2897
-0.23351 0.22517 0.29039
-0.22143 0.25815 0.26976
-0.22106 0.26004 0.26908
-0.22192 0.25633 0.27055
-0.22275 0.25488 0.27171
-0.22352 0.25351 0.27302
-0.22441 0.25208 0.27418
-0.22531 0.25051 0.27514
-0.22609 0.24878 0.2759
-0.22673 0.24697 0.27659
-0.22721 0.24522 0.27754
-0.22771 0.24359 0.27865
-0.22816 0.24194 0.27977
-0.22858 0.24027 0.28087
-0.22898 0.23855 0.28189
-0.22938 0.23694 0.28307
-0.22968 0.2354 0.28438
-0.23015 0.23403 0.28582
-0.23079 0.23271 0.28724
-0.23134 0.23123 0.28855
-0.23157 0.22956 0.28975
-0.2194 0.25855 0.27037
-0.219 0.26039 0.26958
-0.21998 0.25684 0.27134
-0.22083 0.25544 0.27257
-0.22158 0.25408 0.27391
-0.22242 0.25257 0.27502
-0.22329 0.25096 0.27596
-0.22414 0.24931 0.27684
-0.22473 0.24745 0.27747
-0.22515 0.24565 0.27836
-0.22566 0.24404 0.2795
-0.22619 0.24249 0.28074
-0.2266 0.24081 0.28183
-0.22692 0.239 0.28275
-0.22721 0.23722 0.28372
-0.22748 0.23562 0.28496
-0.22789 0.23414 0.28631
-0.22852 0.23285 0.28778
-0.22906 0.23138 0.28911
-0.21742 0.2592 0.27093
-0.21703 0.26105 0.27009
-0.21802 0.25752 0.27196
-0.21878 0.25596 0.27307
-0.21947 0.2545 0.27433
-0.22027 0.25291 0.27537
-0.2212 0.25147 0.2765
-0.22217 0.25003 0.27762
-0.22284 0.24823 0.2784
-0.22313 0.24632 0.27912
-0.22353 0.24456 0.28009
-0.22411 0.24314 0.28147
-0.22465 0.24161 0.28276
-0.22498 0.23976 0.28368
-0.22511 0.23783 0.28438
-0.22525 0.23602 0.28534
-0.22563 0.23445 0.28661
-0.22621 0.233 0.28795
-0.21555 0.25983 0.27178
-0.21521 0.26173 0.27101
-0.21606 0.25805 0.27269
-0.21672 0.25636 0.27365
-0.21732 0.25472 0.27474
-0.21811 0.25313 0.27579
-0.21903 0.25165 0.2769
-0.22004 0.25042 0.27824
-0.22084 0.2488 0.27928
-0.22117 0.24692 0.28009
-0.22139 0.24496 0.28072
-0.22184 0.24324 0.28176
-0.22237 0.24181 0.28316
-0.2228 0.24016 0.28435
-0.22299 0.23825 0.28514
-0.22305 0.23634 0.28591
-0.22335 0.2346 0.28698
-0.21359 0.2604 0.27248
-0.21324 0.26228 0.27167
-0.21408 0.25859 0.27338
-0.21466 0.25679 0.27421
-0.21519 0.25504 0.27518
-0.21595 0.25337 0.27615
-0.21683 0.25178 0.27714
-0.21781 0.2505 0.27846
-0.21863 0.24906 0.2797
-0.219 0.24726 0.28066
-0.21926 0.24533 0.28138
-0.21958 0.24339 0.28204
-0.22008 0.24168 0.28311
-0.22052 0.24021 0.28451
-0.22076 0.23845 0.28559
-0.22084 0.23659 0.28648
-0.21168 0.26086 0.27335
-0.21133 0.26274 0.27253
-0.21219 0.25909 0.27431
-0.21269 0.25722 0.27505
-0.21315 0.25539 0.2759
-0.2138 0.25357 0.27666
-0.21463 0.25183 0.27748
-0.21559 0.25041 0.27868
-0.2164 0.24898 0.27994
-0.21676 0.24723 0.28099
-0.21704 0.24536 0.28183
-0.21737 0.24345 0.28256
-0.21782 0.24162 0.28348
-0.21826 0.24008 0.28482
-0.21853 0.23848 0.28609
-0.20978 0.26166 0.27393
-0.20949 0.26361 0.27319
-0.21032 0.25994 0.27498
-0.21083 0.25809 0.27577
-0.21121 0.2562 0.27654
-0.21176 0.25427 0.27714
-0.21249 0.25241 0.27776
-0.21336 0.2507 0.27862
-0.21417 0.2492 0.27982
-0.21453 0.24753 0.28099
-0.21481 0.24574 0.28201
-0.21516 0.24389 0.28288
-0.21561 0.24209 0.28386
-0.21605 0.24054 0.2852
-0.20776 0.26213 0.27445
-0.20747 0.26407 0.27368
-0.20828 0.26042 0.27554
-0.20886 0.25867 0.27652
-0.20921 0.25674 0.27725
-0.20976 0.25482 0.27789
-0.21044 0.25294 0.27848
-0.2112 0.25109 0.27914
-0.21192 0.24937 0.28008
-0.21228 0.24771 0.2813
-0.2126 0.24604 0.2825
-0.21301 0.24429 0.28355
-0.21353 0.2426 0.28468
-0.20568 0.26252 0.2748
-0.20537 0.2644 0.27387
-0.20615 0.26072 0.27576
-0.20675 0.25904 0.27688
-0.20716 0.25722 0.27782
-0.20772 0.25534 0.27856
-0.20842 0.25347 0.27921
-0.20918 0.25165 0.27993
-0.20986 0.2499 0.28086
-0.21018 0.24818 0.28202
-0.21052 0.24654 0.28327
-0.21096 0.24482 0.28439
-0.20359 0.26274 0.27525
-0.20324 0.2645 0.27415
-0.20404 0.26092 0.2762
-0.20459 0.25915 0.27718
-0.20501 0.25739 0.27824
-0.20563 0.25562 0.27919
-0.20637 0.25382 0.27998
-0.20716 0.25205 0.28079
-0.20786 0.25033 0.28177
-0.20816 0.24862 0.28295
-0.20845 0.2469 0.28413
-0.20151 0.26313 0.27561
-0.20117 0.26494 0.27455
-0.20196 0.26134 0.27661
-0.20246 0.25948 0.27747
-0.20285 0.25766 0.27848
-0.20349 0.25597 0.27957
-0.20428 0.25428 0.28054
-0.20511 0.25258 0.28146
-0.20582 0.25089 0.2825
-0.1994 0.26336 0.27601
-0.19909 0.26522 0.27504
-0.19984 0.26155 0.27701
-0.20034 0.25973 0.27794
-0.20072 0.2579 0.27895
-0.20136 0.25623 0.28011
-0.20218 0.2546 0.28117
-0.20305 0.25298 0.28219
-0.1973 0.26365 0.27648
-0.19706 0.26559 0.27565
-0.19773 0.26181 0.27745
-0.19823 0.25999 0.27842
-0.19861 0.25818 0.27947
-0.19923 0.25647 0.28059
-0.19528 0.264 0.27717
-0.19508 0.26597 0.27638
-0.19565 0.26209 0.27804
-0.19613 0.26025 0.27898
-0.19647 0.25839 0.27999
-0.19332 0.26471 0.27769
-0.19306 0.2666 0.27671
-0.19367 0.26281 0.27857
-0.19415 0.26098 0.27955
-0.19129 0.26522 0.27823
-0.19104 0.26711 0.27724
-0.19166 0.26335 0.27917
-0.18938 0.26586 0.279
-0.18908 0.26769 0.2779
-0.26006 0.25012 0.25855
-0.25863 0.25061 0.25731
-0.26086 0.25091 0.25641
-0.25942 0.25147 0.2552
-0.26167 0.25191 0.25437
-0.26023 0.25252 0.25318
-0.26261 0.25302 0.25244
-0.26115 0.2536 0.25124
-0.26336 0.25393 0.25031
-0.26187 0.25433 0.24904
-0.26408 0.25387 0.24798
-0.26256 0.25419 0.24671
-0.26459 0.25358 0.24562
-0.26317 0.25428 0.24437
-0.26538 0.25386 0.24333
-0.26398 0.25471 0.24212
-0.26607 0.25437 0.24107
-0.26474 0.25545 0.23995
-0.26691 0.255 0.2389
-0.26563 0.25623 0.23785
-0.26777 0.25567 0.23675
-0.26653 0.25697 0.23574
-0.26873 0.25631 0.23463
-0.26751 0.25767 0.23364
-0.26971 0.25724 0.23262
-0.26858 0.25876 0.23177
-0.2709 0.25836 0.23085
-0.26986 0.26004 0.23017
-0.2722 0.25959 0.22923
-0.27129 0.26143 0.2288
-0.27357 0.26073 0.22761
-0.27259 0.26251 0.22707
-0.27498 0.26195 0.22608
-0.27399 0.26373 0.22553
-0.27645 0.26313 0.22459
-0.27545 0.26491 0.22403
-0.27798 0.26438 0.22321
-0.27698 0.26618 0.22266
-0.27958 0.26561 0.22189
-0.27861 0.26748 0.22145
-0.28117 0.26686 0.22058
-0.28019 0.26873 0.22011
-0.28276 0.26806 0.21921
-0.2817 0.26987 0.21862
-0.28423 0.26917 0.21764
-0.28316 0.27098 0.21705
-0.28559 0.27016 0.2159
-0.28468 0.27212 0.21558
-0.28692 0.27142 0.21434
-0.28609 0.27349 0.21416
-0.28829 0.27263 0.21272
-0.28726 0.27463 0.21236
-0.28915 0.27362 0.21067
-0.28817 0.27563 0.21036
-0.29018 0.27464 0.20876
-0.28925 0.27667 0.20847
-0.29127 0.27572 0.20691
-0.29036 0.27777 0.20664
-0.29229 0.27671 0.20496
-0.29143 0.27879 0.20473
-0.29347 0.27779 0.20318
-0.29247 0.27981 0.20282
-0.29475 0.27887 0.20145
-0.29373 0.28089 0.20107
-0.29616 0.2803 0.2001
-0.29497 0.28222 0.19949
-0.29748 0.28161 0.19856
-0.2962 0.28346 0.19783
-0.29861 0.28268 0.1967
-0.29758 0.28477 0.19636
-0.29997 0.2839 0.19513
-0.2991 0.28611 0.19503
-0.30136 0.28521 0.19365
-0.30026 0.2873 0.19326
-0.30245 0.28628 0.19176
-0.30136 0.28837 0.1914
-0.30367 0.28743 0.19003
-0.30251 0.28949 0.18961
-0.30489 0.28855 0.18828
-0.30363 0.29051 0.18773
-0.30606 0.28975 0.18656
-0.30481 0.29173 0.18602
-0.30738 0.29099 0.18498
-0.30612 0.29296 0.18442
-0.30868 0.29217 0.18333
-0.30748 0.29421 0.18287
-0.31012 0.2934 0.18185
-0.30907 0.29558 0.18171
-0.31174 0.29476 0.18063
-0.31073 0.29701 0.18064
-0.31331 0.29598 0.17906
-0.3124 0.29834 0.17918
-0.3138 0.29653 0.1766
-0.31262 0.29875 0.17663
-0.31369 0.29671 0.17415
-0.31238 0.29881 0.17419
-0.31398 0.29714 0.17181
-0.3125 0.29914 0.17182
-0.31431 0.29758 0.16946
-0.31262 0.29942 0.16943
-0.31448 0.29785 0.16707
-0.31282 0.29973 0.16705
-0.31479 0.2982 0.16471
-0.31319 0.30015 0.16471
-0.31504 0.29853 0.16233
-0.31345 0.30051 0.16234
-0.31538 0.29891 0.15998
-0.31373 0.30085 0.15997
-0.31599 0.29952 0.15773
-0.3143 0.30144 0.1577
-0.31664 0.30012 0.1555
-0.31487 0.30199 0.15543
-0.31737 0.30085 0.15332
-0.31554 0.30268 0.15322
-0.31822 0.30167 0.15122
-0.31637 0.30349 0.15111
-0.31912 0.30251 0.14916
-0.3173 0.30439 0.14908
-0.32022 0.30351 0.14726
-0.31836 0.30536 0.14714
-0.32136 0.30457 0.14542
-0.31947 0.30642 0.14529
-0.32251 0.30562 0.14358
-0.32066 0.30751 0.1435
-0.32373 0.30672 0.14182
-0.3219 0.30862 0.14175
-0.32324 0.30979 0.14013
-0.32505 0.30786 0.14017
-0.32631 0.30903 0.13848
-0.32452 0.31098 0.13847
-0.32581 0.31219 0.13682
-0.32759 0.31021 0.13682
-0.26132 0.2496 0.25995
-0.26213 0.2503 0.25778
-0.26295 0.25125 0.25573
-0.2639 0.25222 0.25373
-0.26467 0.25322 0.25165
-0.26548 0.2535 0.24938
-0.26603 0.25328 0.24703
-0.26674 0.25325 0.24472
-0.26746 0.25375 0.24246
-0.26823 0.25412 0.24021
-0.26899 0.2545 0.23796
-0.2699 0.25505 0.23579
-0.27078 0.25579 0.23367
-0.27191 0.25678 0.23178
-0.27315 0.2579 0.23004
-0.27447 0.25899 0.22834
-0.27583 0.26012 0.2267
-0.27731 0.2613 0.22521
-0.27881 0.26248 0.22374
-0.28036 0.26366 0.22233
-0.28195 0.26488 0.22099
-0.28355 0.26606 0.21963
-0.28512 0.26721 0.21817
-0.28642 0.26815 0.21633
-0.28717 0.26921 0.21428
-0.2883 0.27035 0.21247
-0.28937 0.27138 0.21057
-0.29065 0.27244 0.20882
-0.29186 0.27355 0.20706
-0.29278 0.2745 0.20503
-0.29414 0.27562 0.20338
-0.29558 0.27674 0.20182
-0.29686 0.27806 0.20027
-0.29836 0.27939 0.19888
-0.29945 0.28048 0.197
-0.30064 0.28162 0.19526
-0.30207 0.28293 0.19383
-0.30344 0.28415 0.19227
-0.30479 0.28541 0.19071
-0.30609 0.28662 0.18908
-0.30725 0.2878 0.18733
-0.30854 0.28899 0.18568
-0.3099 0.29024 0.18412
-0.31117 0.29128 0.18235
-0.3124 0.29243 0.18061
-0.31349 0.29351 0.17873
-0.31437 0.29412 0.17655
-0.31505 0.29466 0.17429
-0.31549 0.29518 0.17196
-0.31582 0.29558 0.1696
-0.31601 0.29586 0.16721
-0.3164 0.29626 0.16487
-0.31665 0.29658 0.1625
-0.31708 0.29702 0.16017
-0.31778 0.2977 0.15797
-0.31851 0.29836 0.15577
-0.31938 0.29924 0.1537
-0.32018 0.29998 0.15156
-0.32105 0.30077 0.14946
-0.32214 0.30174 0.14754
-0.32322 0.30271 0.14562
-0.32437 0.30375 0.14378
-0.32559 0.30485 0.14202
-0.32687 0.30595 0.14031
-0.32818 0.30717 0.1387
-0.32948 0.30836 0.13706
-0.26259 0.24917 0.26136
-0.26342 0.24976 0.25917
-0.26426 0.25063 0.25707
-0.26521 0.25152 0.25504
-0.26598 0.25234 0.25289
-0.26683 0.25274 0.25065
-0.26751 0.25286 0.24833
-0.26822 0.25275 0.24602
-0.26895 0.25325 0.24376
-0.26978 0.25374 0.24154
-0.27051 0.25386 0.23923
-0.27113 0.25379 0.23688
-0.27196 0.25441 0.23469
-0.27306 0.25533 0.23274
-0.27424 0.25633 0.23088
-0.27553 0.25734 0.22911
-0.27682 0.25837 0.22734
-0.27822 0.25944 0.22568
-0.27967 0.26056 0.2241
-0.28113 0.26166 0.22253
-0.28265 0.26283 0.22106
-0.28422 0.26398 0.21962
-0.28575 0.26509 0.2181
-0.28709 0.26603 0.21629
-0.28786 0.26711 0.21425
-0.28866 0.26817 0.21221
-0.29009 0.26926 0.21058
-0.29136 0.27032 0.20882
-0.29249 0.2714 0.20696
-0.29356 0.27238 0.20503
-0.2949 0.27348 0.20335
-0.29622 0.27454 0.20163
-0.29741 0.27582 0.19996
-0.29864 0.27708 0.19831
-0.29988 0.27818 0.19655
-0.30137 0.27938 0.19506
-0.30287 0.28069 0.19369
-0.30443 0.28196 0.19236
-0.30599 0.28332 0.19108
-0.30735 0.28456 0.18948
-0.3085 0.28577 0.18773
-0.30982 0.28699 0.18613
-0.31117 0.28822 0.18453
-0.3125 0.28932 0.18281
-0.31353 0.29032 0.18085
-0.3145 0.29135 0.17888
-0.31553 0.29199 0.17678
-0.31656 0.29275 0.1747
-0.31701 0.29325 0.17234
-0.31712 0.29346 0.16992
-0.31771 0.29405 0.16765
-0.31805 0.29438 0.16528
-0.31852 0.29493 0.16297
-0.31899 0.29539 0.16065
-0.31965 0.296 0.15841
-0.32039 0.29663 0.15621
-0.32128 0.29751 0.15413
-0.32199 0.29813 0.15191
-0.32298 0.29904 0.14991
-0.32405 0.29996 0.14795
-0.32515 0.30097 0.14606
-0.32624 0.30191 0.14412
-0.32744 0.30297 0.14231
-0.32882 0.30421 0.14076
-0.3301 0.30539 0.13909
-0.33145 0.30664 0.13752
-0.26378 0.2487 0.26285
-0.26462 0.24928 0.26065
-0.26547 0.25002 0.2585
-0.26646 0.25091 0.25647
-0.26722 0.25157 0.25425
-0.26808 0.25193 0.252
-0.26882 0.25214 0.2497
-0.26959 0.25218 0.2474
-0.27029 0.25248 0.2451
-0.27117 0.253 0.24289
-0.27193 0.25312 0.24056
-0.27241 0.25281 0.23819
-0.27302 0.25304 0.23585
-0.27407 0.25384 0.23381
-0.27526 0.25485 0.23195
-0.27653 0.2558 0.23012
-0.27779 0.25675 0.22828
-0.27905 0.25762 0.22641
-0.28036 0.2586 0.22461
-0.28172 0.25963 0.22289
-0.28312 0.26074 0.22125
-0.28461 0.26185 0.21969
-0.28597 0.26291 0.21798
-0.28737 0.26385 0.21622
-0.28845 0.26499 0.21436
-0.28937 0.26607 0.21239
-0.29067 0.26712 0.21064
-0.2921 0.26823 0.20902
-0.29329 0.26933 0.20721
-0.29447 0.27033 0.20534
-0.29572 0.27137 0.20354
-0.29697 0.27238 0.20173
-0.2982 0.27365 0.20007
-0.29936 0.27487 0.19832
-0.30066 0.27596 0.1966
-0.30217 0.27716 0.19512
-0.3037 0.27847 0.19379
-0.30525 0.27972 0.19239
-0.30668 0.28101 0.19091
-0.30795 0.2822 0.1892
-0.30942 0.28353 0.18781
-0.31097 0.28491 0.18655
-0.31245 0.28625 0.18514
-0.31375 0.28731 0.18334
-0.31483 0.28836 0.18142
-0.31588 0.28948 0.17953
-0.31695 0.29011 0.17742
-0.31791 0.29074 0.17526
-0.31847 0.29132 0.17294
-0.31883 0.29174 0.17057
-0.3193 0.29221 0.16825
-0.31977 0.29263 0.16591
-0.32029 0.29321 0.16361
-0.32085 0.29377 0.16132
-0.32151 0.29436 0.15907
-0.32226 0.29497 0.15685
-0.32293 0.29554 0.15459
-0.32371 0.29623 0.15241
-0.32468 0.29709 0.15036
-0.32585 0.29812 0.14851
-0.32699 0.29916 0.14665
-0.3281 0.30013 0.14472
-0.3293 0.30118 0.1429
-0.3306 0.30228 0.14118
-0.33195 0.30356 0.13962
-0.3333 0.30479 0.13802
-0.26501 0.24793 0.26417
-0.26589 0.24867 0.26203
-0.26675 0.24939 0.25988
-0.26773 0.25004 0.25774
-0.26849 0.25068 0.25552
-0.26936 0.25103 0.25327
-0.27015 0.25132 0.25098
-0.27095 0.2514 0.24868
-0.27168 0.2517 0.24639
-0.27256 0.25214 0.24414
-0.27312 0.25189 0.24176
-0.27373 0.25174 0.23941
-0.27416 0.25174 0.23701
-0.27502 0.25226 0.23478
-0.27624 0.25327 0.23293
-0.27765 0.25446 0.23133
-0.2789 0.25537 0.22943
-0.28005 0.25601 0.22737
-0.28114 0.25673 0.22532
-0.28236 0.25765 0.22342
-0.28368 0.2587 0.22166
-0.28503 0.25975 0.21993
-0.2863 0.26076 0.21812
-0.28761 0.26168 0.21629
-0.28875 0.26281 0.21447
-0.28998 0.26396 0.21272
-0.29137 0.26504 0.21105
-0.29276 0.26612 0.20937
-0.29415 0.26733 0.20778
-0.29546 0.26842 0.20602
-0.29657 0.26934 0.20406
-0.2978 0.2703 0.2022
-0.2989 0.27148 0.20038
-0.30008 0.27268 0.19864
-0.3015 0.2738 0.19703
-0.303 0.27498 0.19552
-0.30445 0.27623 0.19402
-0.30598 0.27746 0.19258
-0.30742 0.27874 0.1911
-0.30872 0.27994 0.18942
-0.3102 0.28127 0.18803
-0.31186 0.28267 0.18694
-0.3135 0.28411 0.18578
-0.31501 0.28534 0.18421
-0.31596 0.2863 0.18213
-0.31706 0.28745 0.18028
-0.31827 0.28818 0.17827
-0.31921 0.2888 0.17608
-0.31982 0.2894 0.17379
-0.32038 0.28999 0.17149
-0.32093 0.29053 0.16918
-0.32151 0.29107 0.16687
-0.32191 0.29148 0.16451
-0.32252 0.29208 0.16225
-0.32327 0.29277 0.16005
-0.32409 0.29345 0.15786
-0.32471 0.29392 0.15555
-0.32549 0.29457 0.15334
-0.32632 0.29523 0.15118
-0.32743 0.29613 0.14921
-0.32861 0.2972 0.14738
-0.32975 0.29822 0.14549
-0.331 0.29933 0.14372
-0.33231 0.30044 0.14201
-0.3336 0.30162 0.14031
-0.33485 0.30269 0.13852
-0.26612 0.24696 0.26547
-0.26703 0.24779 0.26337
-0.26793 0.24855 0.26123
-0.26893 0.24924 0.25911
-0.26969 0.24979 0.25685
-0.27059 0.2502 0.25462
-0.2714 0.2505 0.25233
-0.27226 0.25066 0.25005
-0.27294 0.2508 0.24772
-0.27384 0.25121 0.24546
-0.27443 0.251 0.24308
-0.27476 0.25048 0.24071
-0.27513 0.25041 0.23829
-0.27582 0.25074 0.23597
-0.27694 0.25158 0.23395
-0.27833 0.25269 0.23228
-0.27985 0.25395 0.23077
-0.28102 0.25463 0.22869
-0.28198 0.25515 0.22649
-0.28299 0.25584 0.22438
-0.28413 0.25674 0.22242
-0.28542 0.25773 0.22061
-0.28668 0.25872 0.21877
-0.288 0.25963 0.21693
-0.28917 0.26075 0.21511
-0.29028 0.26183 0.21323
-0.29169 0.26289 0.21155
-0.29325 0.26403 0.21006
-0.29464 0.26522 0.20844
-0.2962 0.26642 0.20694
-0.29732 0.26734 0.20493
-0.29835 0.26818 0.20288
-0.29941 0.26932 0.20101
-0.30058 0.27048 0.19923
-0.30195 0.27156 0.19754
-0.30349 0.27273 0.19606
-0.30502 0.274 0.19465
-0.30642 0.27515 0.193
-0.30787 0.27642 0.1915
-0.30924 0.27764 0.18989
-0.31067 0.27894 0.18843
-0.31222 0.28028 0.18712
-0.31387 0.28166 0.18595
-0.31548 0.28288 0.18454
-0.3169 0.28414 0.18297
-0.31798 0.28529 0.18107
-0.31931 0.28609 0.17916
-0.32034 0.28676 0.17702
-0.32106 0.28747 0.17478
-0.32173 0.28814 0.17253
-0.32245 0.28884 0.1703
-0.32314 0.28951 0.16804
-0.3235 0.28984 0.16563
-0.32412 0.29043 0.16337
-0.32493 0.29116 0.1612
-0.32574 0.2918 0.15899
-0.32659 0.2926 0.15682
-0.32721 0.293 0.15449
-0.32803 0.29359 0.15228
-0.32913 0.29444 0.15029
-0.33028 0.29545 0.1484
-0.33146 0.2965 0.14654
-0.3327 0.2976 0.14476
-0.33399 0.29865 0.14299
-0.33528 0.29982 0.14128
-0.33649 0.30082 0.1394
-0.26724 0.24621 0.26689
-0.26814 0.2469 0.26472
-0.26903 0.24756 0.26254
-0.27006 0.24826 0.26044
-0.27088 0.24895 0.25824
-0.27182 0.24943 0.25602
-0.27266 0.2498 0.25375
-0.27353 0.24993 0.25146
-0.27417 0.24993 0.2491
-0.27499 0.25014 0.2468
-0.27581 0.25026 0.24446
-0.276 0.24952 0.24208
-0.27611 0.24918 0.23966
-0.27656 0.24925 0.23723
-0.2776 0.24996 0.2351
-0.27886 0.25088 0.23321
-0.28023 0.25194 0.23148
-0.28167 0.25284 0.2297
-0.28283 0.25353 0.22764
-0.28378 0.25415 0.22547
-0.28469 0.25485 0.22332
-0.28598 0.25583 0.22148
-0.28723 0.25678 0.21961
-0.28854 0.25768 0.21776
-0.28964 0.25873 0.21584
-0.2907 0.25976 0.2139
-0.29201 0.26076 0.2121
-0.29345 0.26183 0.21046
-0.2948 0.26298 0.20877
-0.29612 0.26407 0.20703
-0.29738 0.26503 0.20517
-0.29869 0.26594 0.20332
-0.29996 0.26715 0.20162
-0.30123 0.26835 0.19991
-0.30254 0.26936 0.19811
-0.30398 0.27045 0.19648
-0.30557 0.27173 0.19514
-0.30714 0.27294 0.19368
-0.3084 0.27411 0.19191
-0.30965 0.27529 0.19018
-0.31102 0.27656 0.18862
-0.31253 0.27789 0.18723
-0.31394 0.27922 0.18574
-0.3155 0.28042 0.1843
-0.31719 0.28165 0.18302
-0.31882 0.28297 0.18169
-0.32013 0.28377 0.1797
-0.32119 0.28446 0.17759
-0.32223 0.28538 0.17558
-0.32313 0.28626 0.17347
-0.32396 0.28706 0.1713
-0.32474 0.28782 0.16908
-0.32522 0.2883 0.16672
-0.32577 0.28878 0.1644
-0.32658 0.28948 0.16222
-0.32741 0.2901 0.16
-0.32822 0.29081 0.15781
-0.32901 0.29146 0.15559
-0.32991 0.2922 0.15346
-0.331 0.29298 0.15143
-0.33211 0.29386 0.14945
-0.33332 0.29497 0.14763
-0.33453 0.29596 0.14575
-0.33577 0.29692 0.14389
-0.33706 0.29807 0.14217
-0.33841 0.29933 0.14053
-0.2683 0.24529 0.26828
-0.26924 0.24604 0.26612
-0.2701 0.24658 0.26389
-0.27109 0.24713 0.26172
-0.27196 0.24785 0.25955
-0.27298 0.24845 0.25739
-0.27387 0.24889 0.25514
-0.27477 0.24905 0.25284
-0.27541 0.24903 0.25046
-0.27619 0.24915 0.24815
-0.27703 0.24923 0.24581
-0.2774 0.2487 0.24341
-0.2772 0.24803 0.24104
-0.27737 0.24781 0.23856
-0.27826 0.24835 0.23628
-0.27947 0.2492 0.23431
-0.28066 0.25006 0.23235
-0.28189 0.25081 0.23037
-0.28325 0.2516 0.22849
-0.28437 0.25231 0.22642
-0.28534 0.25304 0.2243
-0.28655 0.25394 0.22238
-0.28793 0.25499 0.22065
-0.28918 0.25579 0.21869
-0.29018 0.25676 0.21667
-0.29111 0.2577 0.21461
-0.29242 0.25867 0.21279
-0.29377 0.25969 0.21104
-0.29502 0.26079 0.20924
-0.2963 0.26186 0.20744
-0.29757 0.2628 0.20557
-0.29904 0.26374 0.20386
-0.30048 0.26502 0.20235
-0.30181 0.26622 0.20066
-0.30318 0.26723 0.1989
-0.30454 0.26826 0.19715
-0.30595 0.26941 0.19551
-0.30741 0.27055 0.19392
-0.30878 0.27177 0.19228
-0.3101 0.27296 0.19061
-0.31134 0.27419 0.1889
-0.31285 0.27551 0.18748
-0.31423 0.27684 0.18595
-0.31564 0.278 0.18432
-0.31725 0.2792 0.18294
-0.31886 0.28045 0.18158
-0.32043 0.28129 0.17988
-0.32192 0.28212 0.17811
-0.32323 0.28318 0.17631
-0.32433 0.28419 0.17434
-0.32527 0.28508 0.17225
-0.32617 0.28593 0.17011
-0.32675 0.28655 0.16779
-0.3274 0.28714 0.16551
-0.32824 0.28787 0.16335
-0.32913 0.28856 0.16117
-0.32997 0.28931 0.15899
-0.33081 0.29004 0.15682
-0.33174 0.29078 0.15469
-0.33285 0.29159 0.15268
-0.334 0.29251 0.15073
-0.33513 0.2934 0.14875
-0.33633 0.29436 0.14684
-0.33757 0.29532 0.14498
-0.33883 0.29637 0.14316
-0.34007 0.29738 0.14131
-0.2692 0.24415 0.26964
-0.27021 0.24503 0.26752
-0.2711 0.24561 0.26529
-0.27205 0.24602 0.26306
-0.27281 0.24652 0.26078
-0.27386 0.24708 0.25863
-0.27488 0.24764 0.25646
-0.27587 0.24792 0.25421
-0.27662 0.24808 0.25185
-0.27731 0.24802 0.24948
-0.27802 0.24793 0.24713
-0.2787 0.24774 0.24475
-0.27872 0.24731 0.24231
-0.27853 0.2466 0.2399
-0.27911 0.24678 0.23744
-0.2802 0.2475 0.23532
-0.28133 0.24829 0.23328
-0.28246 0.24894 0.2312
-0.28373 0.24965 0.22922
-0.28493 0.25039 0.22721
-0.28597 0.25114 0.22512
-0.28719 0.25203 0.22319
-0.28856 0.25302 0.22141
-0.28986 0.25384 0.21947
-0.29074 0.25473 0.21735
-0.29164 0.25564 0.21526
-0.29262 0.25647 0.21317
-0.29396 0.25747 0.21138
-0.29538 0.25862 0.20974
-0.29662 0.25967 0.20789
-0.29805 0.26066 0.20616
-0.29952 0.26157 0.20443
-0.30099 0.26282 0.2029
-0.30245 0.26406 0.20135
-0.30383 0.26507 0.19958
-0.30514 0.26604 0.19774
-0.30653 0.26716 0.19606
-0.30783 0.26824 0.19428
-0.30914 0.26942 0.19258
-0.31047 0.27061 0.1909
-0.31176 0.27185 0.18922
-0.31305 0.27311 0.18756
-0.31444 0.27443 0.18602
-0.31596 0.2756 0.18451
-0.31757 0.27679 0.1831
-0.31913 0.27803 0.18167
-0.32087 0.27888 0.18016
-0.32254 0.27975 0.17857
-0.32398 0.28083 0.17687
-0.32526 0.28192 0.17505
-0.32637 0.28291 0.17307
-0.32728 0.28377 0.17093
-0.32819 0.28469 0.16884
-0.32904 0.28554 0.16669
-0.32988 0.28625 0.16451
-0.33089 0.28712 0.16244
-0.33175 0.28787 0.16026
-0.33261 0.28861 0.15809
-0.33357 0.2894 0.15599
-0.3347 0.29022 0.15398
-0.33583 0.29108 0.15199
-0.33698 0.29198 0.15001
-0.33816 0.2929 0.14807
-0.33938 0.29379 0.14615
-0.34061 0.29474 0.14425
-0.34183 0.29569 0.14234
-0.343 0.2966 0.14038
-0.26998 0.24274 0.27083
-0.27115 0.24394 0.26891
-0.2721 0.24459 0.26668
-0.27302 0.24492 0.2644
-0.27368 0.24522 0.26204
-0.27449 0.2455 0.25973
-0.27545 0.24595 0.25752
-0.27661 0.24634 0.25538
-0.27761 0.2467 0.25313
-0.27838 0.24675 0.25075
-0.27904 0.24661 0.24837
-0.27974 0.24644 0.24602
-0.28024 0.24658 0.24358
-0.28023 0.24608 0.24113
-0.28035 0.24554 0.23868
-0.28113 0.24589 0.23632
-0.2821 0.24652 0.23414
-0.28319 0.24712 0.23202
-0.28438 0.24775 0.22996
-0.2855 0.24842 0.22787
-0.28663 0.24921 0.22583
-0.28784 0.25006 0.22387
-0.28909 0.25096 0.22194
-0.29031 0.25173 0.21995
-0.29137 0.25269 0.21793
-0.29216 0.25354 0.21575
-0.29309 0.25433 0.21362
-0.29431 0.25529 0.21173
-0.29557 0.25637 0.20991
-0.29712 0.25751 0.20837
-0.2987 0.25856 0.20679
-0.30009 0.25941 0.20493
-0.30137 0.26054 0.20315
-0.30286 0.26176 0.20161
-0.30438 0.2628 0.19997
-0.3058 0.26382 0.19823
-0.30705 0.26486 0.19638
-0.30839 0.26594 0.19462
-0.30978 0.26715 0.19298
-0.31108 0.26832 0.19124
-0.31241 0.26957 0.18958
-0.3135 0.27075 0.1877
-0.31472 0.27202 0.18598
-0.31628 0.2732 0.1845
-0.31792 0.27438 0.1831
-0.31957 0.27562 0.18178
-0.32141 0.27649 0.18039
-0.32318 0.27737 0.17889
-0.32458 0.27839 0.17712
-0.32594 0.27949 0.17536
-0.32719 0.28052 0.1735
-0.32832 0.28151 0.17153
-0.32938 0.28251 0.16954
-0.33045 0.28354 0.16758
-0.3316 0.28465 0.16568
-0.3326 0.28545 0.16355
-0.33345 0.28618 0.16135
-0.33438 0.28705 0.15925
-0.3354 0.28792 0.1572
-0.33656 0.28878 0.15521
-0.3377 0.28961 0.15319
-0.33881 0.29043 0.15116
-0.34004 0.29145 0.14929
-0.3413 0.2924 0.14738
-0.34244 0.29314 0.14531
-0.34355 0.29388 0.14325
-0.34476 0.29483 0.14132
-0.27058 0.24101 0.27169
-0.272 0.24259 0.27021
-0.27311 0.24346 0.26805
-0.27407 0.24383 0.26574
-0.27472 0.2441 0.26334
-0.27523 0.24405 0.26091
-0.27576 0.24419 0.25849
-0.27677 0.24445 0.25624
-0.27793 0.24485 0.25409
-0.27903 0.2451 0.25188
-0.27997 0.24519 0.24958
-0.28084 0.24517 0.24726
-0.2815 0.24545 0.24488
-0.28189 0.24556 0.24239
-0.28195 0.24491 0.23995
-0.28226 0.24457 0.23752
-0.28281 0.24476 0.2351
-0.2838 0.24527 0.23288
-0.28482 0.24579 0.23069
-0.28586 0.2464 0.22853
-0.28701 0.24718 0.22649
-0.28832 0.24805 0.22459
-0.2896 0.24895 0.22266
-0.29079 0.24969 0.22061
-0.2919 0.25064 0.2186
-0.29267 0.25146 0.21638
-0.29341 0.25218 0.21413
-0.29462 0.25312 0.21219
-0.2959 0.25419 0.21037
-0.29742 0.2553 0.20877
-0.29921 0.2564 0.20743
-0.3007 0.25728 0.20561
-0.30183 0.25832 0.20366
-0.30329 0.2595 0.20205
-0.30493 0.26057 0.20053
-0.30647 0.26162 0.19887
-0.30768 0.26264 0.19694
-0.30892 0.26366 0.19507
-0.31031 0.26485 0.19341
-0.31162 0.26602 0.19167
-0.31293 0.26726 0.18997
-0.31412 0.26848 0.18816
-0.31516 0.26967 0.18624
-0.31658 0.27079 0.18455
-0.31824 0.27197 0.18317
-0.32 0.27322 0.18198
-0.32201 0.27412 0.18081
-0.32376 0.27497 0.17922
-0.32517 0.27599 0.17745
-0.3265 0.27705 0.17565
-0.32789 0.27812 0.17389
-0.32918 0.27916 0.17205
-0.33038 0.28023 0.17017
-0.33163 0.28138 0.16838
-0.33285 0.2825 0.16652
-0.33392 0.28336 0.16444
-0.33494 0.28429 0.16238
-0.33597 0.28527 0.16036
-0.33707 0.28623 0.15837
-0.33825 0.28707 0.15636
-0.33942 0.28795 0.15437
-0.34057 0.28885 0.15238
-0.34175 0.28973 0.15039
-0.34303 0.29071 0.14851
-0.34421 0.29153 0.14648
-0.34529 0.2922 0.14434
-0.3464 0.29296 0.14226
-0.27107 0.23915 0.2722
-0.27261 0.2407 0.27087
-0.27391 0.24174 0.26894
-0.27507 0.24232 0.26675
-0.27582 0.24271 0.26435
-0.27626 0.24263 0.26187
-0.27661 0.2426 0.25941
-0.27724 0.24262 0.257
-0.27822 0.24292 0.25472
-0.27964 0.24332 0.25271
-0.28094 0.24364 0.2506
-0.28202 0.2438 0.24834
-0.28277 0.24415 0.24597
-0.28336 0.2444 0.24351
-0.2837 0.24412 0.241
-0.28381 0.24354 0.23858
-0.28393 0.24329 0.23613
-0.28441 0.24342 0.23371
-0.28528 0.24383 0.23143
-0.28624 0.2444 0.22922
-0.2873 0.24512 0.2271
-0.28845 0.24592 0.22506
-0.2899 0.24684 0.22325
-0.29103 0.24757 0.22115
-0.29208 0.24848 0.21908
-0.2929 0.24931 0.21688
-0.29373 0.25004 0.21465
-0.29492 0.25095 0.21266
-0.29624 0.25203 0.21085
-0.29768 0.25309 0.20913
-0.29928 0.25409 0.20752
-0.3009 0.25498 0.20585
-0.30232 0.25611 0.20416
-0.30373 0.25724 0.20246
-0.3053 0.25825 0.20083
-0.30688 0.2593 0.19922
-0.30842 0.26046 0.19762
-0.30967 0.26148 0.1957
-0.31089 0.26257 0.19385
-0.31232 0.2638 0.19224
-0.31367 0.26506 0.19057
-0.31489 0.26629 0.18875
-0.31583 0.2674 0.18673
-0.31714 0.26846 0.18492
-0.31877 0.26962 0.18346
-0.32052 0.27085 0.18221
-0.32247 0.27169 0.18092
-0.32433 0.27257 0.1795
-0.32584 0.27362 0.1778
-0.32724 0.27469 0.17604
-0.32866 0.27576 0.17431
-0.33002 0.2768 0.1725
-0.33127 0.27789 0.17066
-0.33259 0.27905 0.16892
-0.33399 0.28029 0.16727
-0.33531 0.28142 0.16548
-0.33644 0.28249 0.16351
-0.33747 0.28342 0.16144
-0.33859 0.28435 0.15943
-0.3398 0.2852 0.15744
-0.34099 0.2861 0.15546
-0.34222 0.28711 0.15356
-0.34345 0.28806 0.15161
-0.34469 0.28892 0.14962
-0.34589 0.28974 0.14762
-0.34724 0.29079 0.14574
-0.34821 0.29129 0.14342
-0.2715 0.23726 0.27258
-0.27291 0.23871 0.27107
-0.27418 0.23971 0.26916
-0.27558 0.24037 0.26718
-0.27667 0.24095 0.26497
-0.27734 0.24107 0.26253
-0.27783 0.24116 0.26009
-0.27839 0.24107 0.25765
-0.27918 0.24119 0.25528
-0.28046 0.2415 0.25316
-0.28189 0.24187 0.25113
-0.28311 0.2421 0.24895
-0.28404 0.24255 0.24663
-0.28462 0.24273 0.24414
-0.28493 0.2424 0.24163
-0.28529 0.24199 0.23916
-0.28518 0.24158 0.2367
-0.28495 0.24143 0.23423
-0.28567 0.24177 0.23189
-0.28646 0.24229 0.22959
-0.28751 0.243 0.22745
-0.28859 0.24378 0.22534
-0.28987 0.24464 0.22339
-0.29137 0.24544 0.22155
-0.29252 0.24637 0.21953
-0.29349 0.24723 0.21739
-0.29449 0.24802 0.21525
-0.29548 0.24883 0.21311
-0.29675 0.24987 0.21124
-0.29819 0.25092 0.2095
-0.2998 0.25191 0.20788
-0.30132 0.25275 0.20608
-0.30274 0.25383 0.20433
-0.3041 0.25493 0.20256
-0.30561 0.25591 0.20086
-0.30739 0.25699 0.19947
-0.30905 0.25816 0.19797
-0.31044 0.25923 0.19615
-0.31158 0.2603 0.19421
-0.31294 0.26148 0.19252
-0.31443 0.26281 0.19102
-0.3158 0.26412 0.18934
-0.31671 0.26522 0.18725
-0.31798 0.26624 0.18539
-0.31957 0.26737 0.18388
-0.32131 0.26857 0.18259
-0.32328 0.2694 0.18129
-0.32514 0.27025 0.17982
-0.32663 0.27126 0.17807
-0.32802 0.27231 0.17628
-0.32942 0.27335 0.1745
-0.33082 0.2744 0.17273
-0.33214 0.27551 0.17093
-0.33361 0.27674 0.16935
-0.33512 0.27802 0.16784
-0.33668 0.27934 0.1664
-0.33812 0.28074 0.16477
-0.33913 0.28165 0.16258
-0.3401 0.28241 0.16041
-0.34125 0.28317 0.15836
-0.34247 0.28409 0.1564
-0.34378 0.28518 0.15458
-0.34504 0.28613 0.15261
-0.34625 0.28688 0.15053
-0.34731 0.28754 0.14839
-0.34863 0.28846 0.14647
-0.34956 0.28902 0.14415
-0.27195 0.23534 0.27291
-0.27328 0.23678 0.27129
-0.27457 0.23779 0.26939
-0.27597 0.23842 0.26741
-0.2773 0.23907 0.26537
-0.27844 0.23947 0.26315
-0.2792 0.23981 0.26076
-0.27992 0.23989 0.25836
-0.28072 0.23999 0.256
-0.28167 0.23993 0.25371
-0.28281 0.24005 0.2515
-0.28411 0.2403 0.24937
-0.28507 0.24073 0.24704
-0.28568 0.24089 0.24452
-0.28578 0.24042 0.24199
-0.28586 0.23982 0.23953
-0.28552 0.23942 0.23707
-0.2851 0.23934 0.2346
-0.28566 0.23964 0.23218
-0.28665 0.24018 0.22995
-0.28772 0.24088 0.2278
-0.28884 0.24165 0.22571
-0.29015 0.2425 0.22376
-0.29164 0.24328 0.2219
-0.2928 0.2442 0.21988
-0.29399 0.24512 0.21787
-0.2951 0.24593 0.21578
-0.29603 0.24671 0.21359
-0.29719 0.2477 0.2116
-0.29861 0.24872 0.20981
-0.30019 0.24969 0.20813
-0.30172 0.25051 0.20632
-0.30305 0.25154 0.20448
-0.30434 0.25261 0.20261
-0.30593 0.25359 0.20096
-0.30783 0.25466 0.19971
-0.30947 0.25579 0.19815
-0.31099 0.25687 0.19643
-0.3121 0.25795 0.19443
-0.31347 0.25913 0.19273
-0.31499 0.26045 0.19125
-0.31645 0.26176 0.18964
-0.31762 0.263 0.18779
-0.31887 0.26403 0.18592
-0.32042 0.26512 0.18433
-0.32216 0.2663 0.18301
-0.32412 0.26709 0.18166
-0.32592 0.26789 0.18007
-0.32732 0.26886 0.1782
-0.32872 0.2699 0.17642
-0.33025 0.27098 0.17477
-0.33167 0.27202 0.17299
-0.33309 0.27316 0.17129
-0.33456 0.27437 0.16968
-0.33606 0.2756 0.16811
-0.33769 0.27686 0.16668
-0.33912 0.27815 0.16502
-0.34029 0.27924 0.16305
-0.34149 0.28025 0.1611
-0.34276 0.28114 0.15913
-0.34399 0.28204 0.15715
-0.34518 0.28297 0.15516
-0.34644 0.2839 0.15318
-0.34741 0.28447 0.15091
-0.34811 0.28494 0.14854
-0.3493 0.28577 0.14649
-0.35054 0.28652 0.14445
-0.27205 0.23334 0.27272
-0.27351 0.23479 0.27125
-0.27498 0.23585 0.26951
-0.27664 0.23655 0.26774
-0.27796 0.23717 0.26566
-0.27934 0.23764 0.26359
-0.2805 0.23823 0.26138
-0.28132 0.23841 0.25895
-0.2819 0.23835 0.25649
-0.28276 0.23823 0.25414
-0.28384 0.2383 0.2519
-0.28512 0.2385 0.24973
-0.28611 0.23887 0.24736
-0.28645 0.23883 0.24473
-0.28608 0.23827 0.24223
-0.28577 0.23765 0.23981
-0.28536 0.23729 0.23736
-0.28495 0.23725 0.23487
-0.28572 0.23753 0.23248
-0.28681 0.23807 0.23029
-0.28796 0.23877 0.22817
-0.28903 0.23951 0.22602
-0.29028 0.24034 0.22401
-0.29175 0.24109 0.22213
-0.29308 0.24204 0.22022
-0.2943 0.24295 0.21821
-0.29559 0.2438 0.21623
-0.29668 0.24464 0.21413
-0.29774 0.24556 0.21205
-0.2991 0.24655 0.21019
-0.30063 0.24748 0.20843
-0.30212 0.24827 0.20657
-0.30344 0.24928 0.2047
-0.30478 0.25034 0.20285
-0.30635 0.25129 0.20116
-0.30816 0.25233 0.19975
-0.30973 0.25342 0.19809
-0.31121 0.25447 0.19635
-0.31264 0.2556 0.19461
-0.31391 0.25676 0.19279
-0.31548 0.25805 0.19133
-0.31685 0.25934 0.18964
-0.31808 0.26059 0.18784
-0.3196 0.2617 0.18621
-0.32114 0.26278 0.18458
-0.32286 0.26393 0.1832
-0.32479 0.2647 0.18177
-0.32656 0.26549 0.18014
-0.3281 0.2665 0.17842
-0.32957 0.26755 0.1767
-0.33118 0.26864 0.17509
-0.33257 0.26966 0.17324
-0.33381 0.27071 0.17133
-0.33529 0.2719 0.1697
-0.33672 0.27309 0.16801
-0.33812 0.27427 0.16629
-0.3394 0.27552 0.16453
-0.34098 0.27668 0.16296
-0.34268 0.27795 0.16161
-0.34412 0.27898 0.1598
-0.34535 0.27986 0.15779
-0.34648 0.28072 0.15572
-0.34763 0.28155 0.15363
-0.34856 0.28212 0.15136
-0.34949 0.28273 0.14912
-0.35048 0.28342 0.14693
-0.3517 0.28415 0.14486
-0.27189 0.23142 0.27227
-0.27347 0.23283 0.27092
-0.27521 0.23386 0.26942
-0.27699 0.23454 0.26772
-0.27833 0.23516 0.26565
-0.27963 0.23558 0.26352
-0.28101 0.23613 0.26145
-0.28196 0.23637 0.2591
-0.28291 0.23654 0.25677
-0.284 0.23659 0.25449
-0.28495 0.23654 0.25216
-0.28614 0.23661 0.24989
-0.28698 0.2368 0.24735
-0.28656 0.23664 0.2447
-0.28596 0.23614 0.24227
-0.28544 0.23556 0.23988
-0.28495 0.23521 0.23744
-0.28481 0.23513 0.23491
-0.28581 0.2354 0.23259
-0.28704 0.23594 0.23045
-0.28827 0.23665 0.22837
-0.28927 0.23736 0.22616
-0.29048 0.23816 0.2241
-0.29198 0.23892 0.22222
-0.29356 0.23991 0.22052
-0.2948 0.24081 0.2185
-0.29614 0.24167 0.21655
-0.29742 0.24258 0.21457
-0.29856 0.24352 0.21253
-0.29978 0.24442 0.21053
-0.30134 0.24536 0.20878
-0.30288 0.24614 0.20694
-0.30419 0.24712 0.20502
-0.30553 0.24816 0.20317
-0.30704 0.24906 0.20138
-0.30888 0.2501 0.19998
-0.31039 0.25114 0.1982
-0.31162 0.25212 0.19621
-0.31299 0.25323 0.19442
-0.31423 0.25439 0.19255
-0.31555 0.25567 0.19084
-0.31703 0.25695 0.18926
-0.31855 0.25822 0.1877
-0.32011 0.25931 0.18607
-0.32175 0.26041 0.18453
-0.3235 0.26156 0.18315
-0.3255 0.26234 0.18181
-0.32733 0.26313 0.18024
-0.32893 0.26413 0.17854
-0.33027 0.26512 0.17664
-0.33181 0.26616 0.17495
-0.33341 0.26724 0.17331
-0.33472 0.26833 0.17144
-0.33613 0.26949 0.16971
-0.33747 0.27064 0.16791
-0.33868 0.27177 0.16601
-0.34024 0.27306 0.16454
-0.34207 0.27433 0.16337
-0.34393 0.27575 0.16239
-0.34574 0.27719 0.1611
-0.34684 0.2779 0.15877
-0.34779 0.27855 0.15651
-0.34872 0.2792 0.15427
-0.34959 0.27973 0.15196
-0.35055 0.28036 0.14973
-0.3515 0.28103 0.14749
-0.35263 0.28171 0.14536
-0.27172 0.22953 0.27178
-0.27348 0.23088 0.2706
-0.2754 0.23187 0.26927
-0.27712 0.23253 0.26748
-0.27846 0.23315 0.2654
-0.27978 0.23357 0.26328
-0.28113 0.23409 0.2612
-0.28223 0.23433 0.25892
-0.28362 0.23458 0.25683
-0.28504 0.23469 0.25467
-0.28599 0.23463 0.25227
-0.28682 0.23449 0.24978
-0.28698 0.23456 0.24713
-0.28637 0.23452 0.24457
-0.28578 0.23405 0.24215
-0.285 0.2335 0.2398
-0.28431 0.23314 0.23734
-0.2849 0.23299 0.23482
-0.28612 0.23328 0.2326
-0.28735 0.23381 0.23046
-0.28865 0.23453 0.22841
-0.28975 0.23525 0.22625
-0.29095 0.23603 0.22417
-0.29247 0.23678 0.22229
-0.29404 0.23776 0.22057
-0.29553 0.23873 0.21876
-0.29686 0.23957 0.21678
-0.29817 0.24048 0.21481
-0.29941 0.24146 0.21285
-0.30066 0.24237 0.21085
-0.30207 0.24321 0.20893
-0.30354 0.24395 0.20701
-0.30482 0.24489 0.20505
-0.30642 0.24601 0.20345
-0.30801 0.24691 0.20169
-0.30951 0.24779 0.19985
-0.31096 0.24883 0.19806
-0.31226 0.24983 0.19612
-0.31361 0.25094 0.1943
-0.3149 0.2521 0.19247
-0.31622 0.25338 0.19074
-0.31764 0.25465 0.18909
-0.31911 0.25589 0.18745
-0.32074 0.25699 0.18587
-0.32252 0.2581 0.1845
-0.32441 0.25928 0.18331
-0.32636 0.26003 0.18186
-0.3282 0.26079 0.18026
-0.32964 0.26173 0.17836
-0.33091 0.26269 0.1764
-0.33242 0.26372 0.17466
-0.33402 0.26478 0.17303
-0.33563 0.26595 0.17145
-0.33703 0.2671 0.16968
-0.33835 0.26822 0.16784
-0.33967 0.26937 0.16602
-0.34128 0.27067 0.16456
-0.34316 0.27195 0.16348
-0.34508 0.27334 0.16262
-0.34704 0.27478 0.16165
-0.34859 0.27591 0.15965
-0.34901 0.27625 0.15705
-0.34959 0.27671 0.15464
-0.35033 0.27719 0.15228
-0.35147 0.2779 0.15015
-0.35249 0.27861 0.14794
-0.35355 0.27924 0.14575
-0.35497 0.27996 0.14378
-0.27157 0.22765 0.27125
-0.27336 0.22897 0.27007
-0.27527 0.22994 0.26873
-0.27705 0.23057 0.267
-0.27853 0.23118 0.26503
-0.27994 0.23159 0.26296
-0.28133 0.2321 0.2609
-0.2826 0.23234 0.25872
-0.28411 0.23255 0.25667
-0.28538 0.23255 0.25443
-0.28632 0.23246 0.25199
-0.28683 0.23229 0.24939
-0.28662 0.23245 0.24677
-0.2861 0.23243 0.24425
-0.28536 0.232 0.24185
-0.28456 0.23146 0.2395
-0.28433 0.231 0.23694
-0.28551 0.23095 0.23462
-0.28666 0.23123 0.23238
-0.28796 0.23177 0.23028
-0.28937 0.23251 0.2283
-0.29055 0.23324 0.22619
-0.29185 0.23405 0.22417
-0.29343 0.23481 0.22236
-0.29487 0.23573 0.22049
-0.29634 0.23668 0.21866
-0.29774 0.23753 0.21673
-0.29912 0.23845 0.21482
-0.30041 0.23944 0.21287
-0.30163 0.24032 0.21084
-0.30307 0.24118 0.20895
-0.30455 0.2419 0.20702
-0.3058 0.2428 0.20502
-0.30725 0.24383 0.20322
-0.30861 0.24464 0.20124
-0.31017 0.24556 0.19947
-0.31168 0.2466 0.19773
-0.3132 0.24765 0.19599
-0.31455 0.24875 0.19415
-0.31598 0.24996 0.19247
-0.31738 0.25127 0.19083
-0.31882 0.25254 0.18919
-0.32019 0.25373 0.18742
-0.32166 0.25476 0.18564
-0.3234 0.25586 0.18419
-0.32526 0.257 0.18293
-0.32734 0.25776 0.18168
-0.32917 0.25852 0.18002
-0.33034 0.25937 0.1779
-0.33162 0.26033 0.17595
-0.33319 0.26136 0.17426
-0.33495 0.26245 0.17281
-0.33663 0.26363 0.17131
-0.33809 0.26479 0.16958
-0.33945 0.2659 0.16776
-0.34093 0.2671 0.1661
-0.34241 0.26833 0.16448
-0.34426 0.26957 0.1633
-0.34615 0.27092 0.16231
-0.34808 0.27224 0.1612
-0.34976 0.27334 0.1594
-0.35015 0.27385 0.1568
-0.35078 0.27436 0.15441
-0.35166 0.27491 0.15211
-0.35281 0.27563 0.14998
-0.35385 0.27634 0.14779
-0.35498 0.277 0.14562
-0.27129 0.22581 0.27064
-0.27309 0.22712 0.26945
-0.27505 0.22806 0.26815
-0.27688 0.22866 0.26648
-0.27847 0.22922 0.26458
-0.28007 0.2296 0.26264
-0.28147 0.2301 0.26057
-0.28288 0.23031 0.25847
-0.28417 0.23048 0.25628
-0.28534 0.23044 0.25397
-0.28618 0.23029 0.25148
-0.2862 0.23023 0.24883
-0.28588 0.23047 0.24627
-0.28532 0.2305 0.24378
-0.28464 0.23007 0.24138
-0.28424 0.2294 0.23888
-0.28532 0.22909 0.23653
-0.28629 0.22901 0.23419
-0.28745 0.22929 0.23196
-0.28884 0.22985 0.22991
-0.29014 0.23054 0.22785
-0.29149 0.23131 0.22586
-0.29289 0.23214 0.22393
-0.29453 0.23292 0.22218
-0.29612 0.23389 0.22043
-0.29748 0.23477 0.21847
-0.29876 0.23556 0.21643
-0.30017 0.23649 0.21454
-0.30154 0.23751 0.21266
-0.30279 0.23839 0.21064
-0.30426 0.23923 0.20876
-0.30571 0.23993 0.20681
-0.30696 0.24081 0.20478
-0.30823 0.24176 0.20282
-0.30976 0.24262 0.20099
-0.31125 0.24349 0.19914
-0.31276 0.24451 0.1974
-0.31422 0.24553 0.19559
-0.31559 0.24663 0.19375
-0.31695 0.2478 0.19199
-0.31837 0.24911 0.19036
-0.31987 0.2504 0.18877
-0.32123 0.25159 0.18699
-0.32279 0.25265 0.18532
-0.32455 0.25374 0.18388
-0.3264 0.25486 0.18257
-0.32849 0.25561 0.18132
-0.33018 0.25633 0.17951
-0.33128 0.25714 0.17735
-0.33277 0.25815 0.17557
-0.33441 0.25918 0.17395
-0.3362 0.26027 0.17254
-0.33792 0.26147 0.1711
-0.33941 0.26261 0.16938
-0.34077 0.26371 0.16754
-0.34213 0.26484 0.16573
-0.34366 0.26608 0.16415
-0.34547 0.26729 0.16286
-0.34723 0.26861 0.1616
-0.34884 0.26992 0.16011
-0.35018 0.27092 0.15818
-0.35114 0.27155 0.15592
-0.35217 0.27221 0.15371
-0.3533 0.2729 0.15155
-0.35457 0.27371 0.14951
-0.35566 0.27445 0.14734
-0.35677 0.27509 0.14516
-0.2709 0.22401 0.26996
-0.27274 0.22529 0.2688
-0.27481 0.22617 0.26761
-0.27668 0.22675 0.26598
-0.27841 0.22727 0.26418
-0.28006 0.22762 0.26226
-0.28138 0.22811 0.26013
-0.28268 0.22832 0.25796
-0.28384 0.22851 0.25569
-0.28478 0.22846 0.25328
-0.28513 0.2285 0.25073
-0.28518 0.22848 0.24814
-0.28484 0.22874 0.24562
-0.28438 0.22873 0.24311
-0.28408 0.22812 0.24059
-0.28514 0.22751 0.23827
-0.28622 0.22726 0.23597
-0.28729 0.2272 0.23368
-0.28849 0.22749 0.23147
-0.2897 0.22798 0.22929
-0.29102 0.22867 0.22724
-0.29241 0.22944 0.22526
-0.29383 0.23026 0.22333
-0.29549 0.23102 0.22157
-0.29707 0.23196 0.2198
-0.29834 0.23282 0.21777
-0.29979 0.23367 0.21588
-0.30131 0.23462 0.21407
-0.30249 0.23555 0.21201
-0.30387 0.23648 0.21009
-0.3052 0.23726 0.20808
-0.30686 0.238 0.2063
-0.30826 0.23893 0.2044
-0.3096 0.23989 0.20247
-0.31116 0.24075 0.20066
-0.31247 0.24154 0.19863
-0.31395 0.24254 0.19683
-0.31552 0.24359 0.19513
-0.31678 0.24464 0.19318
-0.31811 0.24581 0.19138
-0.31963 0.24715 0.18986
-0.32111 0.24843 0.18824
-0.32255 0.24963 0.18653
-0.32421 0.25072 0.18497
-0.32596 0.2518 0.18351
-0.32784 0.25292 0.18223
-0.32988 0.25364 0.18086
-0.33157 0.25436 0.17907
-0.33287 0.25523 0.17706
-0.33433 0.25622 0.17525
-0.33601 0.25726 0.17367
-0.33786 0.25838 0.17235
-0.3396 0.25957 0.17088
-0.34097 0.26062 0.16898
-0.34226 0.26166 0.16706
-0.34367 0.2628 0.1653
-0.34516 0.26401 0.16366
-0.34689 0.2652 0.16225
-0.34851 0.2665 0.16077
-0.34992 0.26776 0.15907
-0.35135 0.26877 0.15724
-0.35259 0.26947 0.15514
-0.35373 0.2702 0.15299
-0.35503 0.27098 0.15096
-0.35642 0.27187 0.14903
-0.35749 0.27259 0.14684
-0.35865 0.27326 0.14469
-0.27055 0.22218 0.26932
-0.27248 0.22342 0.26823
-0.27464 0.22427 0.26717
-0.27667 0.2248 0.26571
-0.27836 0.22531 0.26385
-0.28002 0.22565 0.26193
-0.28121 0.22615 0.25971
-0.28232 0.22639 0.25743
-0.28322 0.22665 0.25505
-0.28367 0.22683 0.25255
-0.28405 0.22687 0.25003
-0.2841 0.22683 0.24747
-0.28381 0.22704 0.24493
-0.28387 0.22678 0.24235
-0.28483 0.22615 0.24003
-0.28611 0.22569 0.23785
-0.28734 0.2255 0.23563
-0.28836 0.2254 0.23331
-0.28955 0.22567 0.23108
-0.29072 0.22613 0.22887
-0.292 0.2268 0.22678
-0.29337 0.22755 0.22478
-0.29475 0.22835 0.2228
-0.29638 0.2291 0.22099
-0.2977 0.22998 0.21899
-0.29914 0.23086 0.21709
-0.30084 0.23176 0.21541
-0.30227 0.23267 0.2135
-0.30364 0.23366 0.21159
-0.30499 0.23457 0.20964
-0.30642 0.23538 0.2077
-0.30796 0.23606 0.2058
-0.30938 0.23696 0.20389
-0.31076 0.23791 0.20198
-0.31233 0.23876 0.20018
-0.31385 0.23964 0.19834
-0.31533 0.24063 0.19652
-0.31684 0.24164 0.19473
-0.31814 0.2427 0.19282
-0.31954 0.24391 0.19109
-0.32107 0.24526 0.18957
-0.32248 0.2465 0.18783
-0.32387 0.24767 0.18606
-0.32555 0.24875 0.1845
-0.32737 0.24985 0.18312
-0.32924 0.25096 0.18179
-0.33124 0.25165 0.18037
-0.33312 0.25243 0.17882
-0.33454 0.25339 0.17692
-0.33603 0.25438 0.17511
-0.33774 0.25542 0.17357
-0.33959 0.25652 0.17219
-0.34124 0.25762 0.17054
-0.34239 0.25855 0.16843
-0.34363 0.25956 0.16645
-0.34521 0.26076 0.16485
-0.34679 0.26201 0.16331
-0.34846 0.26317 0.16179
-0.35009 0.26447 0.16033
-0.35156 0.26575 0.15866
-0.3529 0.26671 0.15673
-0.35416 0.26741 0.15462
-0.35534 0.26814 0.15249
-0.35675 0.269 0.15055
-0.35817 0.26992 0.14865
-0.35941 0.27077 0.14658
-0.2706 0.22021 0.26914
-0.27246 0.22146 0.26793
-0.27465 0.22232 0.26692
-0.27682 0.22284 0.26562
-0.27856 0.22333 0.26378
-0.28017 0.22367 0.26179
-0.28121 0.22415 0.25947
-0.28195 0.22443 0.25704
-0.28239 0.22484 0.25456
-0.28265 0.22512 0.25204
-0.28296 0.22518 0.2495
-0.28325 0.225 0.24697
-0.28352 0.225 0.24443
-0.28453 0.22476 0.24207
-0.28566 0.22423 0.23984
-0.28704 0.22381 0.23773
-0.28815 0.22355 0.23544
-0.28941 0.22356 0.23323
-0.29053 0.22378 0.23095
-0.29169 0.22423 0.22872
-0.29288 0.22484 0.22655
-0.29414 0.22555 0.22445
-0.29561 0.22636 0.22253
-0.29723 0.2271 0.2207
-0.29864 0.22799 0.21877
-0.3001 0.22887 0.21687
-0.30175 0.22974 0.21513
-0.30333 0.23071 0.21335
-0.3046 0.23165 0.21134
-0.30597 0.23254 0.20939
-0.30741 0.23334 0.20744
-0.3089 0.23398 0.20547
-0.31026 0.23485 0.2035
-0.31176 0.23582 0.2017
-0.31338 0.23668 0.19994
-0.315 0.23757 0.19818
-0.31651 0.23856 0.19636
-0.31801 0.23957 0.19457
-0.31946 0.2407 0.19281
-0.32097 0.24199 0.19122
-0.3224 0.24327 0.18953
-0.32379 0.24449 0.18776
-0.32517 0.24564 0.18596
-0.32683 0.24669 0.18435
-0.32867 0.24779 0.18299
-0.33052 0.24888 0.18161
-0.33253 0.24955 0.18019
-0.33441 0.2503 0.17862
-0.33604 0.25138 0.17698
-0.33762 0.25243 0.17527
-0.33931 0.25343 0.17365
-0.34103 0.25441 0.17203
-0.34249 0.25542 0.17016
-0.3437 0.25638 0.16812
-0.3451 0.25745 0.16628
-0.34666 0.25863 0.16464
-0.34825 0.25987 0.16309
-0.34993 0.26103 0.16156
-0.3516 0.26233 0.16013
-0.35322 0.26369 0.15865
-0.35453 0.26464 0.15665
-0.35574 0.26529 0.15449
-0.35714 0.26619 0.15255
-0.35857 0.26708 0.15064
-0.35996 0.26796 0.14868
-0.36113 0.26875 0.14656
-0.27095 0.2183 0.26941
-0.27273 0.21951 0.26806
-0.27483 0.22036 0.26687
-0.27698 0.22086 0.26554
-0.27876 0.22134 0.26372
-0.28036 0.22166 0.26168
-0.28132 0.22214 0.25929
-0.28157 0.22247 0.25673
-0.28174 0.22292 0.25422
-0.28214 0.22316 0.2517
-0.2824 0.2232 0.24914
-0.28307 0.22293 0.24667
-0.28404 0.22295 0.2443
-0.28519 0.22277 0.24202
-0.2865 0.2223 0.23987
-0.28777 0.22183 0.2377
-0.28909 0.22165 0.23551
-0.29027 0.22162 0.23325
-0.29142 0.22183 0.23097
-0.29259 0.22228 0.22874
-0.29371 0.22285 0.22652
-0.29504 0.22357 0.22445
-0.29653 0.22438 0.22254
-0.29814 0.22511 0.22069
-0.29967 0.22604 0.21887
-0.30111 0.22689 0.21693
-0.3027 0.22773 0.21511
-0.30423 0.22866 0.21327
-0.3056 0.22963 0.21132
-0.30692 0.23049 0.20931
-0.30819 0.23121 0.2072
-0.30972 0.23186 0.20526
-0.31108 0.2327 0.20327
-0.31266 0.23368 0.20153
-0.3144 0.23457 0.19989
-0.31605 0.23548 0.19816
-0.31754 0.23645 0.1963
-0.31898 0.23739 0.19442
-0.32053 0.23855 0.19276
-0.32216 0.23989 0.19131
-0.32366 0.24124 0.18971
-0.32506 0.24246 0.18792
-0.32638 0.24355 0.18603
-0.32797 0.24456 0.18431
-0.32979 0.24563 0.18288
-0.33167 0.24672 0.18152
-0.33365 0.24735 0.18002
-0.33552 0.24808 0.17844
-0.33722 0.24916 0.17687
-0.33893 0.25027 0.17532
-0.34054 0.25121 0.17356
-0.34204 0.25209 0.17168
-0.34353 0.25311 0.16986
-0.34502 0.25419 0.16809
-0.34652 0.2553 0.16634
-0.34802 0.25642 0.16459
-0.34967 0.25768 0.16309
-0.35135 0.25883 0.16153
-0.35288 0.26004 0.15989
-0.35445 0.26136 0.15836
-0.35602 0.26245 0.15666
-0.35746 0.26328 0.15471
-0.35898 0.26434 0.15294
-0.36049 0.26531 0.15111
-0.36169 0.26597 0.14893
-0.3628 0.26668 0.14674
-0.27127 0.21638 0.26967
-0.27306 0.21758 0.2683
-0.27507 0.2184 0.26693
-0.27716 0.2189 0.26551
-0.27899 0.21936 0.26371
-0.28033 0.21965 0.26149
-0.28122 0.22012 0.25908
-0.28142 0.22046 0.25651
-0.28157 0.22088 0.25398
-0.2818 0.22115 0.25143
-0.28233 0.22112 0.2489
-0.28347 0.22088 0.2466
-0.2847 0.22097 0.24435
-0.28599 0.22083 0.24214
-0.28729 0.22036 0.23997
-0.28863 0.21991 0.23783
-0.28992 0.21971 0.23562
-0.29108 0.21965 0.23333
-0.29231 0.2199 0.23108
-0.29347 0.22032 0.22883
-0.29462 0.22089 0.22661
-0.29595 0.2216 0.22453
-0.29742 0.22238 0.22258
-0.29903 0.2231 0.22071
-0.30064 0.22407 0.21895
-0.30206 0.22489 0.21697
-0.30362 0.2257 0.2151
-0.30511 0.22659 0.2132
-0.30649 0.22755 0.21125
-0.30779 0.2284 0.2092
-0.30904 0.22911 0.20707
-0.31064 0.22977 0.20518
-0.31206 0.23061 0.20322
-0.31364 0.23158 0.20147
-0.31552 0.23251 0.20002
-0.31743 0.23359 0.19865
-0.31901 0.23463 0.19683
-0.32027 0.2354 0.1947
-0.32168 0.23646 0.19286
-0.32324 0.23775 0.1913
-0.32488 0.23918 0.18992
-0.32632 0.24042 0.18816
-0.32758 0.24146 0.18617
-0.32913 0.24243 0.18438
-0.33098 0.24351 0.18296
-0.3328 0.24454 0.18148
-0.33481 0.24517 0.18001
-0.33662 0.24586 0.17833
-0.33833 0.24693 0.17674
-0.3401 0.24805 0.17525
-0.34175 0.249 0.17352
-0.34323 0.24985 0.17159
-0.34487 0.25095 0.16995
-0.34644 0.25207 0.16826
-0.34795 0.25317 0.16651
-0.34954 0.25433 0.16487
-0.35116 0.25556 0.16329
-0.3527 0.25659 0.16151
-0.3542 0.25778 0.1598
-0.35584 0.25912 0.15835
-0.35755 0.2603 0.15686
-0.35929 0.26148 0.15537
-0.36082 0.26255 0.15361
-0.36229 0.26346 0.15169
-0.3634 0.26401 0.14943
-0.36442 0.26463 0.14716
-0.27154 0.21445 0.26982
-0.27331 0.21563 0.26838
-0.27537 0.21644 0.26707
-0.27749 0.21693 0.26563
-0.27931 0.21736 0.26375
-0.28027 0.21765 0.26129
-0.28092 0.21813 0.25883
-0.28131 0.21845 0.25629
-0.28146 0.21886 0.25374
-0.28166 0.2191 0.25117
-0.28258 0.21906 0.24873
-0.28412 0.2189 0.24665
-0.28557 0.21908 0.24452
-0.28682 0.21891 0.24227
-0.28817 0.21846 0.24013
-0.28954 0.21802 0.23798
-0.29092 0.21786 0.23581
-0.29215 0.21782 0.23355
-0.29333 0.21803 0.23127
-0.29441 0.21839 0.22895
-0.29561 0.21898 0.22675
-0.29701 0.21971 0.22471
-0.29852 0.22051 0.22278
-0.30013 0.22121 0.2209
-0.30165 0.22211 0.21902
-0.3031 0.22293 0.21705
-0.30465 0.22373 0.21515
-0.30596 0.22453 0.21307
-0.30721 0.22543 0.211
-0.30857 0.22629 0.20899
-0.31005 0.22707 0.20704
-0.31164 0.22772 0.20513
-0.31312 0.22857 0.2032
-0.31466 0.22948 0.20135
-0.31653 0.23038 0.19984
-0.31853 0.23146 0.1986
-0.32024 0.23255 0.19694
-0.32152 0.23336 0.19481
-0.32296 0.23445 0.19298
-0.32452 0.23573 0.19139
-0.32621 0.23717 0.19006
-0.3277 0.23845 0.18835
-0.32896 0.23949 0.18634
-0.33052 0.24046 0.18455
-0.33229 0.24146 0.18297
-0.33419 0.24252 0.18159
-0.33614 0.2431 0.18001
-0.33794 0.24376 0.17829
-0.3397 0.24484 0.17675
-0.34149 0.24596 0.17526
-0.34313 0.24689 0.1735
-0.34481 0.24788 0.17181
-0.34652 0.24903 0.17026
-0.34798 0.25004 0.16837
-0.34951 0.25113 0.16661
-0.35109 0.25225 0.16491
-0.35269 0.25346 0.1633
-0.35436 0.2546 0.16171
-0.35592 0.25581 0.16005
-0.35751 0.2571 0.15849
-0.35931 0.25836 0.15717
-0.3612 0.25974 0.15604
-0.36291 0.26106 0.15449
-0.36407 0.26153 0.15217
-0.36513 0.26204 0.14987
-0.36626 0.26277 0.14767
-0.27184 0.21252 0.26999
-0.27351 0.21367 0.2684
-0.27549 0.21446 0.26696
-0.27762 0.21492 0.2655
-0.27927 0.21534 0.26347
-0.28024 0.21565 0.26104
-0.28082 0.21614 0.25855
-0.28125 0.21644 0.25601
-0.28155 0.21684 0.25347
-0.28189 0.21705 0.25088
-0.2832 0.21708 0.24861
-0.28492 0.21699 0.24667
-0.28652 0.21723 0.24464
-0.28777 0.21706 0.24237
-0.28912 0.21659 0.24021
-0.29058 0.2162 0.23811
-0.29194 0.21601 0.23591
-0.29316 0.21596 0.23364
-0.29434 0.21615 0.23134
-0.29553 0.21656 0.22908
-0.29681 0.21719 0.22693
-0.2982 0.21791 0.22486
-0.2997 0.21868 0.2229
-0.30127 0.21934 0.22096
-0.30271 0.22017 0.21898
-0.30422 0.22102 0.21706
-0.30578 0.22181 0.21515
-0.30709 0.2226 0.21305
-0.30825 0.22345 0.2109
-0.30961 0.2243 0.20888
-0.31116 0.2251 0.20697
-0.31277 0.22574 0.20506
-0.31428 0.22657 0.20314
-0.31598 0.22758 0.20148
-0.3178 0.22842 0.19985
-0.31967 0.22941 0.19835
-0.32129 0.23043 0.19662
-0.32296 0.23147 0.19494
-0.32454 0.23268 0.19328
-0.32603 0.23388 0.19155
-0.32747 0.23513 0.1898
-0.32901 0.23643 0.18818
-0.33051 0.23764 0.18645
-0.33214 0.23866 0.18473
-0.33385 0.23959 0.18303
-0.33565 0.24056 0.18145
-0.33763 0.24113 0.1799
-0.33953 0.24186 0.17833
-0.34128 0.24292 0.17674
-0.34296 0.24394 0.17506
-0.34475 0.24495 0.17349
-0.34655 0.24603 0.17197
-0.34811 0.24703 0.17015
-0.34963 0.24808 0.16835
-0.35124 0.24922 0.16667
-0.35284 0.25034 0.16498
-0.35458 0.25171 0.16364
-0.35633 0.25297 0.16222
-0.3579 0.25416 0.16053
-0.35947 0.25536 0.15886
-0.36124 0.25656 0.15742
-0.36313 0.2579 0.15622
-0.36485 0.25916 0.15456
-0.36576 0.25948 0.15206
-0.36684 0.26 0.14977
-0.3681 0.26084 0.14766
-0.27218 0.21062 0.27027
-0.27371 0.21171 0.2685
-0.27557 0.21249 0.26687
-0.27754 0.21294 0.26522
-0.27902 0.21337 0.26308
-0.27999 0.21368 0.26067
-0.28068 0.21416 0.2582
-0.28122 0.21444 0.25568
-0.28178 0.21483 0.25317
-0.28263 0.21511 0.25073
-0.28419 0.21526 0.24865
-0.28594 0.21518 0.24673
-0.28739 0.21533 0.24458
-0.28879 0.21523 0.24239
-0.29017 0.21478 0.24024
-0.29168 0.21441 0.23815
-0.29299 0.21418 0.23592
-0.29427 0.21414 0.23367
-0.29549 0.21435 0.23139
-0.29682 0.21485 0.22922
-0.29821 0.21556 0.22714
-0.29962 0.21628 0.22509
-0.30103 0.21695 0.22301
-0.3025 0.21753 0.22096
-0.30386 0.21829 0.21889
-0.30544 0.21917 0.21702
-0.3071 0.22001 0.21519
-0.30836 0.22075 0.21302
-0.30965 0.22168 0.21098
-0.31103 0.22253 0.20895
-0.31241 0.2232 0.20686
-0.31409 0.22388 0.20502
-0.31577 0.22483 0.20331
-0.31748 0.22582 0.20163
-0.31934 0.22665 0.20002
-0.32116 0.2276 0.19844
-0.32291 0.22873 0.19689
-0.32469 0.22988 0.19537
-0.32617 0.23092 0.19349
-0.3276 0.23205 0.19164
-0.32889 0.23319 0.1897
-0.33039 0.23445 0.18802
-0.33201 0.23573 0.18644
-0.33368 0.23677 0.18476
-0.33543 0.23775 0.18311
-0.33723 0.2387 0.18151
-0.33927 0.23931 0.18003
-0.34122 0.24005 0.17849
-0.34297 0.2411 0.1769
-0.3448 0.24225 0.17547
-0.34661 0.24325 0.17387
-0.3482 0.2441 0.17198
-0.34978 0.24511 0.17019
-0.35139 0.24623 0.16849
-0.35307 0.24743 0.16692
-0.35477 0.24865 0.16539
-0.35654 0.2501 0.16418
-0.35835 0.25149 0.16292
-0.35995 0.25274 0.16129
-0.3615 0.25381 0.15949
-0.36315 0.25475 0.15773
-0.3647 0.25574 0.15591
-0.3661 0.25679 0.15401
-0.36748 0.25747 0.15192
-0.36877 0.25818 0.14978
-0.27265 0.20881 0.27078
-0.27399 0.20979 0.26879
-0.27564 0.21052 0.26691
-0.27736 0.21098 0.265
-0.2787 0.21142 0.26278
-0.27971 0.21171 0.26039
-0.28059 0.21216 0.25798
-0.28127 0.21242 0.25547
-0.28221 0.21283 0.25307
-0.2835 0.21324 0.25084
-0.28516 0.21344 0.24884
-0.28692 0.21335 0.24691
-0.28835 0.21348 0.24474
-0.28979 0.2134 0.24256
-0.29125 0.21299 0.24045
-0.29269 0.21257 0.23831
-0.29409 0.21238 0.23612
-0.29544 0.21239 0.2339
-0.29671 0.21261 0.23164
-0.29807 0.21312 0.22948
-0.29965 0.21402 0.2276
-0.30108 0.21474 0.22554
-0.30235 0.21523 0.2233
-0.30369 0.21569 0.22112
-0.30507 0.21645 0.21905
-0.3067 0.21734 0.21723
-0.30821 0.21806 0.21521
-0.3095 0.21882 0.21307
-0.31082 0.21974 0.21102
-0.31216 0.22055 0.20894
-0.3136 0.22127 0.20692
-0.31546 0.22207 0.20532
-0.31733 0.22324 0.20395
-0.3191 0.2243 0.20234
-0.321 0.22516 0.20077
-0.3228 0.22602 0.19909
-0.32453 0.22708 0.19746
-0.3263 0.22815 0.19584
-0.32774 0.22912 0.19385
-0.32892 0.23004 0.19171
-0.33021 0.23118 0.18976
-0.33167 0.23241 0.18802
-0.33325 0.23365 0.18637
-0.33504 0.23476 0.18485
-0.33694 0.23587 0.18346
-0.33888 0.23699 0.18211
-0.34092 0.23756 0.18056
-0.34279 0.23818 0.17886
-0.34452 0.23917 0.1772
-0.34634 0.24026 0.17567
-0.34804 0.24114 0.17389
-0.34971 0.24206 0.17212
-0.35135 0.24312 0.17041
-0.35307 0.24433 0.16887
-0.35483 0.24564 0.16748
-0.35663 0.24707 0.16627
-0.35843 0.24864 0.16522
-0.36026 0.25017 0.16412
-0.36193 0.25162 0.16265
-0.36354 0.25264 0.16076
-0.36494 0.25298 0.15855
-0.36635 0.25375 0.15651
-0.36766 0.2547 0.15446
-0.36901 0.25534 0.15233
-0.37044 0.25619 0.15032
-0.37162 0.25696 0.14812
-0.27343 0.20723 0.2716
-0.27452 0.208 0.26935
-0.27581 0.20858 0.26715
-0.2771 0.20901 0.26492
-0.2783 0.20946 0.26264
-0.27952 0.20972 0.26034
-0.28074 0.21017 0.25808
-0.28168 0.21043 0.25564
-0.28293 0.21095 0.2534
-0.28431 0.21139 0.25122
-0.286 0.21159 0.24923
-0.28765 0.21143 0.2472
-0.2892 0.21161 0.2451
-0.2907 0.21156 0.24296
-0.29226 0.2112 0.24088
-0.29357 0.21069 0.23866
-0.29509 0.21056 0.23653
-0.29648 0.21058 0.23432
-0.29785 0.21086 0.23211
-0.29925 0.21139 0.22997
-0.30088 0.21231 0.22813
-0.30263 0.21334 0.22638
-0.30383 0.21372 0.22398
-0.30474 0.21379 0.22151
-0.30598 0.21444 0.21933
-0.30758 0.21528 0.21744
-0.30917 0.21603 0.21547
-0.3103 0.21671 0.21318
-0.31168 0.21765 0.21116
-0.313 0.21845 0.20907
-0.31463 0.21926 0.20722
-0.31658 0.22009 0.20575
-0.31858 0.22131 0.2046
-0.32061 0.22265 0.20349
-0.3226 0.22358 0.20196
-0.32439 0.22441 0.20017
-0.32589 0.2252 0.19813
-0.32754 0.22611 0.1963
-0.32895 0.22707 0.19428
-0.33019 0.22804 0.19218
-0.33133 0.22907 0.19007
-0.33271 0.23025 0.18822
-0.3343 0.23148 0.18656
-0.33617 0.23264 0.18517
-0.33818 0.23386 0.18404
-0.34022 0.23511 0.18292
-0.34233 0.23577 0.18147
-0.34425 0.23641 0.17979
-0.34592 0.23727 0.17796
-0.34752 0.23808 0.17606
-0.34926 0.23898 0.17432
-0.35102 0.23996 0.17264
-0.35272 0.24105 0.17098
-0.35443 0.24223 0.16939
-0.35628 0.24365 0.16822
-0.35815 0.2452 0.16726
-0.35998 0.24686 0.16638
-0.36185 0.24846 0.16539
-0.36357 0.24997 0.16398
-0.36527 0.25112 0.16216
-0.36651 0.2512 0.15974
-0.36766 0.25164 0.15743
-0.36877 0.25239 0.15518
-0.37012 0.25304 0.15303
-0.37165 0.25396 0.15111
-0.37311 0.25497 0.14915
-0.27444 0.20586 0.2726
-0.27546 0.20651 0.27024
-0.27656 0.20692 0.26787
-0.27739 0.20708 0.26537
-0.27834 0.20746 0.26294
-0.27962 0.20774 0.26065
-0.28089 0.20819 0.25839
-0.28222 0.20855 0.25616
-0.28358 0.2091 0.25398
-0.28507 0.20959 0.25187
-0.28667 0.20972 0.24979
-0.28833 0.20954 0.24776
-0.28992 0.20974 0.24568
-0.29142 0.20967 0.24352
-0.29292 0.20927 0.24139
-0.29438 0.20884 0.23925
-0.29584 0.20866 0.23707
-0.29729 0.20869 0.23487
-0.29881 0.20907 0.23276
-0.30032 0.20967 0.23069
-0.3018 0.21041 0.22865
-0.30348 0.21127 0.22679
-0.30485 0.21176 0.2245
-0.30552 0.21177 0.22191
-0.30652 0.21231 0.21956
-0.30807 0.21311 0.2176
-0.30967 0.21384 0.21563
-0.31093 0.21458 0.21343
-0.31229 0.21549 0.21138
-0.31379 0.21636 0.20942
-0.31547 0.21718 0.20759
-0.31731 0.2179 0.20588
-0.31929 0.21903 0.20458
-0.32128 0.22022 0.20332
-0.3232 0.22111 0.20172
-0.3251 0.22199 0.20012
-0.32696 0.223 0.19852
-0.32861 0.22391 0.19662
-0.33001 0.22488 0.19459
-0.33121 0.22585 0.19244
-0.33237 0.22691 0.19034
-0.3337 0.22806 0.18841
-0.33535 0.22932 0.18683
-0.33727 0.23051 0.18553
-0.33935 0.23177 0.18456
-0.34144 0.23309 0.18362
-0.34369 0.23398 0.18253
-0.34571 0.23482 0.18101
-0.34739 0.23567 0.17915
-0.349 0.2364 0.1772
-0.35067 0.23714 0.17531
-0.35235 0.23795 0.17345
-0.35399 0.23895 0.17165
-0.3557 0.24009 0.17
-0.35758 0.24149 0.1688
-0.35949 0.24306 0.16791
-0.36136 0.24472 0.16711
-0.36327 0.24636 0.16625
-0.36505 0.24797 0.16501
-0.36679 0.24916 0.16321
-0.36808 0.24936 0.16082
-0.36892 0.24948 0.1583
-0.36998 0.25019 0.156
-0.37137 0.25085 0.15387
-0.37264 0.25155 0.15168
-0.37397 0.25244 0.14958
-0.27535 0.20421 0.2735
-0.27646 0.20501 0.27114
-0.27755 0.20541 0.26871
-0.27836 0.2055 0.26616
-0.27883 0.20561 0.26355
-0.28006 0.20586 0.26122
-0.28131 0.20629 0.25895
-0.28275 0.20669 0.25678
-0.28417 0.20726 0.25463
-0.28573 0.20777 0.25256
-0.28734 0.20789 0.25047
-0.28903 0.20771 0.24845
-0.29052 0.20783 0.24629
-0.29201 0.20775 0.2441
-0.29357 0.20738 0.24201
-0.29523 0.20706 0.23998
-0.29669 0.20687 0.2378
-0.29814 0.20688 0.23559
-0.29969 0.20725 0.23348
-0.30127 0.20789 0.23146
-0.30256 0.20847 0.22922
-0.30382 0.2091 0.22699
-0.30506 0.20954 0.2247
-0.30604 0.20966 0.22224
-0.3072 0.21025 0.21995
-0.30861 0.21098 0.21784
-0.3102 0.2117 0.21586
-0.31165 0.2125 0.2138
-0.31297 0.21338 0.2117
-0.31456 0.21428 0.20979
-0.3163 0.21511 0.208
-0.31813 0.21581 0.20623
-0.31981 0.21678 0.20445
-0.32155 0.21791 0.20283
-0.32344 0.21879 0.20122
-0.32543 0.21965 0.19971
-0.32733 0.22061 0.19813
-0.32915 0.22153 0.19641
-0.33069 0.22254 0.19448
-0.33201 0.22357 0.19244
-0.33335 0.22472 0.19049
-0.33477 0.22591 0.18862
-0.33647 0.2272 0.1871
-0.33844 0.22841 0.18588
-0.34055 0.22968 0.18498
-0.3427 0.23103 0.18422
-0.34501 0.23201 0.18336
-0.34716 0.23314 0.18223
-0.34895 0.23429 0.18058
-0.35063 0.23518 0.17869
-0.35226 0.23571 0.17666
-0.35381 0.23619 0.17456
-0.35536 0.237 0.17258
-0.35704 0.23807 0.17083
-0.35888 0.23936 0.16944
-0.36078 0.24084 0.16838
-0.36267 0.24247 0.16753
-0.36462 0.24412 0.16679
-0.36648 0.2458 0.16578
-0.36837 0.24718 0.16421
-0.36984 0.24754 0.16182
-0.3704 0.24743 0.15918
-0.37108 0.24787 0.15667
-0.37223 0.24838 0.15435
-0.3735 0.24909 0.15215
-0.37462 0.24988 0.14989
-0.27568 0.20217 0.27388
-0.27718 0.20316 0.2718
-0.27842 0.20363 0.26941
-0.27916 0.20374 0.2668
-0.27941 0.20378 0.26411
-0.28052 0.20397 0.26172
-0.28195 0.20448 0.25955
-0.28347 0.20492 0.25744
-0.28491 0.20547 0.2553
-0.28641 0.20593 0.25317
-0.288 0.20602 0.25106
-0.28972 0.20585 0.24905
-0.29118 0.20594 0.24686
-0.2927 0.20586 0.2447
-0.29442 0.2056 0.24271
-0.29618 0.20535 0.24075
-0.29764 0.20514 0.23855
-0.29908 0.20513 0.23633
-0.30071 0.20554 0.23428
-0.30209 0.20599 0.23207
-0.30335 0.20654 0.2298
-0.30431 0.20702 0.22737
-0.30544 0.20741 0.22502
-0.30676 0.20764 0.22274
-0.30799 0.20827 0.22049
-0.30934 0.20894 0.21832
-0.31092 0.20965 0.21633
-0.31249 0.21052 0.21439
-0.31391 0.21146 0.21237
-0.31554 0.21239 0.21052
-0.31728 0.2132 0.20869
-0.31906 0.21382 0.20682
-0.32049 0.21461 0.20475
-0.32196 0.21562 0.2028
-0.32382 0.21648 0.20113
-0.32564 0.21732 0.19941
-0.32744 0.21826 0.19771
-0.32934 0.21915 0.19609
-0.33105 0.22016 0.19432
-0.3326 0.22123 0.19247
-0.3342 0.22248 0.19078
-0.33569 0.22371 0.18898
-0.33743 0.22502 0.1875
-0.33945 0.22625 0.18637
-0.34152 0.22746 0.1853
-0.34366 0.22876 0.18449
-0.34603 0.22977 0.18389
-0.34827 0.23102 0.18314
-0.35023 0.23254 0.18202
-0.35205 0.23371 0.1803
-0.35365 0.23416 0.17815
-0.35512 0.23453 0.17596
-0.35667 0.23529 0.17396
-0.3583 0.23623 0.17212
-0.35994 0.23716 0.17027
-0.3617 0.23846 0.16881
-0.36354 0.24001 0.16773
-0.36552 0.24161 0.167
-0.36747 0.24327 0.16617
-0.36952 0.24465 0.1648
-0.3709 0.24502 0.16234
-0.37129 0.24497 0.15962
-0.37202 0.24543 0.15712
-0.37305 0.24589 0.15471
-0.37431 0.24658 0.15249
-0.37532 0.24733 0.15016
-0.27571 0.20012 0.27393
-0.27748 0.2011 0.27207
-0.27868 0.20157 0.26965
-0.27942 0.20173 0.26707
-0.28006 0.20193 0.26449
-0.28124 0.20214 0.26212
-0.2827 0.20266 0.25998
-0.28433 0.20315 0.25795
-0.28578 0.2037 0.2558
-0.28725 0.20412 0.25364
-0.28885 0.20419 0.25153
-0.2906 0.20404 0.24955
-0.29206 0.20411 0.24735
-0.29364 0.20408 0.24523
-0.29542 0.20384 0.24328
-0.29729 0.20367 0.24139
-0.29876 0.20346 0.23919
-0.30017 0.20341 0.23696
-0.30159 0.20364 0.23474
-0.30291 0.20405 0.23248
-0.30412 0.20456 0.23018
-0.30525 0.20513 0.22785
-0.30632 0.20547 0.22545
-0.30764 0.20568 0.22317
-0.30882 0.20626 0.22088
-0.3102 0.20694 0.21872
-0.31178 0.20764 0.21673
-0.31347 0.20859 0.21492
-0.31505 0.20967 0.21309
-0.31664 0.21053 0.21116
-0.31852 0.21145 0.20949
-0.32023 0.21197 0.20748
-0.32144 0.21256 0.20519
-0.32282 0.21349 0.20315
-0.32451 0.21426 0.20127
-0.32618 0.21503 0.19936
-0.32787 0.21594 0.19755
-0.32969 0.21681 0.19583
-0.33149 0.21781 0.19417
-0.33325 0.21892 0.19254
-0.335 0.22024 0.19105
-0.33663 0.22155 0.18942
-0.33837 0.22283 0.18791
-0.34035 0.22401 0.18664
-0.34242 0.2252 0.18552
-0.34458 0.22651 0.1848
-0.34698 0.2275 0.18427
-0.34927 0.22874 0.1837
-0.35132 0.23029 0.18284
-0.35339 0.23171 0.18153
-0.355 0.23225 0.17934
-0.35644 0.23265 0.17712
-0.35782 0.23323 0.17493
-0.35938 0.23405 0.17296
-0.36098 0.23494 0.17106
-0.36261 0.23609 0.16934
-0.36424 0.2375 0.16782
-0.3661 0.23903 0.16673
-0.36808 0.24064 0.16586
-0.36993 0.24191 0.1643
-0.37103 0.24231 0.16183
-0.37195 0.24242 0.15934
-0.37301 0.24299 0.15698
-0.37407 0.24345 0.1546
-0.37524 0.24411 0.15232
-0.37627 0.24485 0.15
-0.27552 0.19815 0.27371
-0.27723 0.19907 0.27184
-0.2785 0.19956 0.26954
-0.2797 0.19976 0.26718
-0.2809 0.20014 0.26485
-0.28219 0.20042 0.26255
-0.28363 0.20092 0.26038
-0.28523 0.20137 0.25831
-0.28667 0.20189 0.25615
-0.28818 0.20233 0.25402
-0.2898 0.2024 0.25193
-0.29167 0.20233 0.25004
-0.29324 0.20248 0.2479
-0.29471 0.20234 0.2457
-0.29649 0.2021 0.24376
-0.2984 0.20194 0.24189
-0.29972 0.2016 0.23958
-0.30113 0.20155 0.23734
-0.30252 0.20175 0.23509
-0.30389 0.20218 0.23287
-0.30527 0.2028 0.23067
-0.30637 0.20333 0.22831
-0.3073 0.20355 0.22582
-0.30868 0.2038 0.22358
-0.30989 0.20437 0.22129
-0.31114 0.20495 0.21902
-0.31279 0.20568 0.2171
-0.31463 0.20674 0.2155
-0.3163 0.2079 0.21377
-0.31783 0.20868 0.21172
-0.31966 0.20949 0.20996
-0.32131 0.20996 0.2079
-0.32256 0.21059 0.20564
-0.3239 0.21147 0.20355
-0.32549 0.21215 0.20154
-0.3271 0.21288 0.19957
-0.32873 0.21374 0.19766
-0.3304 0.21455 0.19578
-0.33218 0.21553 0.19409
-0.33404 0.21666 0.19259
-0.33595 0.21805 0.19138
-0.33772 0.21946 0.18999
-0.33945 0.22074 0.18844
-0.34138 0.22185 0.187
-0.34343 0.223 0.18578
-0.3456 0.22429 0.18502
-0.34801 0.22524 0.18444
-0.35033 0.22641 0.18384
-0.35241 0.22789 0.18292
-0.35439 0.22918 0.18152
-0.3562 0.2299 0.17961
-0.3576 0.23036 0.17736
-0.35911 0.23105 0.1753
-0.3607 0.23188 0.17335
-0.36227 0.23273 0.1714
-0.36381 0.23379 0.16953
-0.36533 0.23513 0.16783
-0.36687 0.23658 0.16622
-0.36855 0.23819 0.16494
-0.37008 0.23945 0.16318
-0.37155 0.23984 0.16101
-0.37292 0.24002 0.15876
-0.3741 0.24063 0.15647
-0.37526 0.24113 0.15415
-0.37625 0.24172 0.15176
-0.37713 0.24242 0.14937
-0.27531 0.19623 0.27347
-0.27704 0.19713 0.27167
-0.27875 0.19762 0.26968
-0.2803 0.19792 0.26754
-0.28167 0.19836 0.26531
-0.28306 0.19868 0.26307
-0.28459 0.19924 0.26097
-0.28617 0.19968 0.25889
-0.28759 0.20016 0.2567
-0.28911 0.20058 0.25455
-0.29069 0.2006 0.25242
-0.29258 0.20052 0.25056
-0.29435 0.20079 0.24856
-0.29566 0.20056 0.24624
-0.29747 0.20033 0.24431
-0.2992 0.20002 0.2423
-0.30069 0.1998 0.24011
-0.30211 0.19974 0.23787
-0.30358 0.19998 0.23566
-0.30483 0.2003 0.23334
-0.30615 0.20086 0.2311
-0.30734 0.20143 0.22879
-0.30829 0.20166 0.22631
-0.30964 0.20187 0.22403
-0.31093 0.20249 0.2218
-0.31212 0.20301 0.21948
-0.31363 0.20363 0.2174
-0.31543 0.20463 0.21573
-0.3173 0.20587 0.21425
-0.31888 0.20671 0.21224
-0.32051 0.20736 0.21025
-0.32216 0.20783 0.2082
-0.32358 0.20855 0.20608
-0.32494 0.20943 0.20398
-0.32646 0.21004 0.20188
-0.32808 0.21075 0.19991
-0.32968 0.21158 0.19796
-0.33128 0.21234 0.19598
-0.333 0.21328 0.19419
-0.33488 0.21442 0.19272
-0.33676 0.21577 0.19142
-0.33861 0.21721 0.19017
-0.34053 0.21865 0.18905
-0.34252 0.21984 0.18774
-0.34457 0.22096 0.18648
-0.34667 0.22211 0.18533
-0.34895 0.22294 0.18427
-0.35117 0.22407 0.18333
-0.35316 0.2255 0.18226
-0.35499 0.22676 0.18075
-0.35666 0.22744 0.17877
-0.35859 0.22803 0.17705
-0.36034 0.22882 0.17521
-0.36196 0.22964 0.17328
-0.36355 0.23049 0.17133
-0.36513 0.23156 0.16948
-0.36674 0.23295 0.16789
-0.36818 0.23432 0.16611
-0.36957 0.23584 0.16444
-0.37097 0.23706 0.16255
-0.37251 0.23745 0.16041
-0.37397 0.23764 0.15822
-0.37513 0.23825 0.15592
-0.37621 0.23873 0.15354
-0.3772 0.23932 0.15115
-0.2754 0.1943 0.27359
-0.2772 0.19519 0.27186
-0.27914 0.19575 0.27012
-0.28092 0.19613 0.26815
-0.2823 0.19656 0.2659
-0.2838 0.19694 0.26374
-0.28548 0.19763 0.2618
-0.28717 0.19818 0.25981
-0.28855 0.19858 0.25755
-0.28996 0.19888 0.25531
-0.29157 0.1989 0.25319
-0.29336 0.19872 0.25123
-0.29493 0.19883 0.24909
-0.29645 0.19873 0.24691
-0.29825 0.1985 0.24497
-0.30002 0.19823 0.243
-0.30159 0.19804 0.24085
-0.30308 0.19801 0.23865
-0.30445 0.19815 0.23637
-0.30564 0.19843 0.234
-0.30691 0.19894 0.23172
-0.30798 0.19941 0.22932
-0.30917 0.19977 0.22697
-0.31042 0.1999 0.22462
-0.31164 0.20046 0.22233
-0.31299 0.20107 0.22011
-0.31431 0.20155 0.21786
-0.31596 0.20246 0.21597
-0.31781 0.20365 0.21445
-0.31954 0.20456 0.21262
-0.32121 0.20524 0.21065
-0.32289 0.2057 0.20864
-0.32443 0.20646 0.20661
-0.32589 0.20738 0.20458
-0.32747 0.20801 0.20253
-0.32903 0.20867 0.20048
-0.33064 0.20949 0.19851
-0.3322 0.21019 0.19647
-0.33388 0.2111 0.19462
-0.3357 0.21218 0.19302
-0.33744 0.21346 0.19147
-0.33934 0.21491 0.19032
-0.34137 0.21639 0.18943
-0.34349 0.21769 0.18846
-0.34561 0.21889 0.18735
-0.34768 0.21996 0.18601
-0.34975 0.22062 0.18446
-0.35162 0.22166 0.18288
-0.35342 0.2231 0.18156
-0.35518 0.22432 0.17998
-0.35738 0.22502 0.17863
-0.35955 0.22568 0.17721
-0.36118 0.22641 0.17523
-0.36286 0.22724 0.17334
-0.36461 0.22816 0.17155
-0.36627 0.22926 0.16979
-0.36784 0.23059 0.1681
-0.36934 0.23198 0.16638
-0.37051 0.2334 0.16444
-0.37183 0.23457 0.16246
-0.37336 0.23495 0.16031
-0.37481 0.23513 0.15809
-0.37607 0.23577 0.15584
-0.3771 0.23624 0.15343
-0.37799 0.23679 0.15099
-0.27554 0.19236 0.27377
-0.27744 0.19327 0.27217
-0.27951 0.19384 0.27058
-0.28147 0.19431 0.26879
-0.28299 0.19483 0.26664
-0.28458 0.19529 0.26456
-0.28625 0.19594 0.2626
-0.28816 0.19666 0.26083
-0.28953 0.19706 0.25853
-0.29084 0.19726 0.2562
-0.29241 0.19722 0.25405
-0.29408 0.19693 0.25199
-0.29549 0.19693 0.24974
-0.29713 0.1969 0.24765
-0.29901 0.19671 0.24577
-0.30087 0.19649 0.24385
-0.30233 0.1962 0.24162
-0.30367 0.19607 0.23933
-0.3051 0.19623 0.23709
-0.3065 0.19664 0.23486
-0.30767 0.19708 0.23248
-0.30865 0.19748 0.23004
-0.30988 0.19784 0.2277
-0.31115 0.19797 0.22536
-0.3124 0.19853 0.22308
-0.31362 0.19904 0.22077
-0.31501 0.19955 0.21855
-0.31658 0.20039 0.21658
-0.3183 0.20151 0.21488
-0.32011 0.20245 0.21315
-0.32177 0.20309 0.21115
-0.32355 0.20359 0.20923
-0.32511 0.20433 0.2072
-0.32664 0.20526 0.20523
-0.32829 0.20593 0.20324
-0.32993 0.20662 0.20126
-0.33149 0.20739 0.19924
-0.33308 0.2081 0.19721
-0.3347 0.20893 0.19526
-0.33645 0.20998 0.19355
-0.33817 0.21122 0.19195
-0.34 0.21262 0.19062
-0.34199 0.21405 0.1896
-0.34413 0.21532 0.18863
-0.34627 0.21649 0.18753
-0.34845 0.21762 0.18644
-0.3506 0.21832 0.18494
-0.35223 0.21926 0.18302
-0.35383 0.22064 0.18141
-0.35579 0.22187 0.1801
-0.35812 0.22261 0.17901
-0.36021 0.22323 0.17743
-0.36185 0.22396 0.17543
-0.36367 0.22484 0.17369
-0.36559 0.22584 0.17214
-0.36715 0.22685 0.17022
-0.36855 0.22809 0.16831
-0.36996 0.22943 0.16648
-0.37118 0.23086 0.16459
-0.37252 0.23203 0.16261
-0.37409 0.23241 0.16049
-0.37554 0.23259 0.15827
-0.37684 0.23324 0.15604
-0.37786 0.2337 0.15361
-0.37863 0.23422 0.15112
-0.27578 0.19044 0.27404
-0.27765 0.19132 0.27238
-0.27972 0.19188 0.2708
-0.28178 0.19236 0.26915
-0.2837 0.19312 0.26743
-0.2854 0.19366 0.26542
-0.28695 0.19418 0.26331
-0.2887 0.19473 0.26138
-0.29033 0.19535 0.25935
-0.2919 0.19581 0.25721
-0.29342 0.1957 0.255
-0.29487 0.19519 0.25281
-0.2962 0.19512 0.2505
-0.29793 0.19515 0.24847
-0.29988 0.19502 0.24664
-0.30155 0.19462 0.24457
-0.30287 0.19425 0.24227
-0.30418 0.1941 0.23995
-0.30554 0.19421 0.23765
-0.30708 0.19467 0.23552
-0.30845 0.19522 0.23328
-0.30953 0.19568 0.23088
-0.31062 0.19593 0.22845
-0.31191 0.19605 0.22611
-0.31304 0.19652 0.22374
-0.3143 0.19703 0.22144
-0.31573 0.19756 0.21926
-0.31728 0.19838 0.21725
-0.31889 0.1994 0.21539
-0.32076 0.20037 0.21374
-0.32259 0.20111 0.21192
-0.32433 0.20156 0.20994
-0.3259 0.20228 0.20791
-0.3275 0.20324 0.206
-0.32914 0.20386 0.20398
-0.3308 0.20455 0.202
-0.33236 0.2053 0.19997
-0.334 0.20604 0.19799
-0.33566 0.20689 0.19607
-0.33737 0.20789 0.19429
-0.33905 0.20909 0.1926
-0.34074 0.21035 0.19097
-0.34264 0.21173 0.1897
-0.34471 0.21296 0.18855
-0.34683 0.21411 0.18742
-0.34903 0.21521 0.18636
-0.35124 0.2159 0.18496
-0.35298 0.21689 0.18317
-0.35454 0.21825 0.1815
-0.35647 0.21945 0.18013
-0.35865 0.22014 0.17875
-0.36075 0.22075 0.17721
-0.36268 0.22155 0.17555
-0.36463 0.22249 0.17398
-0.36656 0.22347 0.17241
-0.36823 0.22453 0.17062
-0.36957 0.22571 0.16863
-0.37074 0.22694 0.16655
-0.3719 0.22834 0.1646
-0.37329 0.2295 0.16265
-0.37487 0.22988 0.16053
-0.37636 0.23007 0.15833
-0.3776 0.2307 0.15605
-0.37846 0.23112 0.15355
-0.37933 0.23166 0.15109
-0.27619 0.1886 0.27451
-0.27799 0.18943 0.27274
-0.28005 0.18997 0.27112
-0.2822 0.19048 0.26962
-0.28424 0.19127 0.26804
-0.28618 0.19197 0.26627
-0.28757 0.19237 0.26397
-0.28911 0.19278 0.26182
-0.29092 0.19347 0.25997
-0.29293 0.19427 0.25829
-0.29457 0.19423 0.25606
-0.2957 0.19349 0.25369
-0.29697 0.19337 0.25135
-0.2988 0.19349 0.2494
-0.30074 0.19331 0.24752
-0.30214 0.19273 0.24528
-0.30343 0.19234 0.24296
-0.30479 0.19219 0.24066
-0.30601 0.19222 0.23827
-0.30757 0.19267 0.23613
-0.30921 0.19338 0.23411
-0.31034 0.19385 0.23172
-0.31148 0.19411 0.2293
-0.3128 0.19425 0.22698
-0.31376 0.19458 0.2245
-0.31503 0.19508 0.2222
-0.31652 0.19563 0.22005
-0.31804 0.19641 0.218
-0.31963 0.1974 0.21608
-0.32143 0.19829 0.21432
-0.32337 0.1991 0.21264
-0.32518 0.19958 0.21072
-0.32683 0.20034 0.20876
-0.32844 0.20128 0.20683
-0.33019 0.20195 0.2049
-0.33172 0.20251 0.20278
-0.33338 0.20334 0.20085
-0.33506 0.2041 0.1989
-0.33672 0.20494 0.19697
-0.33841 0.2059 0.19514
-0.34004 0.20703 0.19335
-0.34165 0.2082 0.19156
-0.34347 0.2095 0.19009
-0.34545 0.21066 0.18873
-0.34754 0.21179 0.18749
-0.34965 0.21284 0.18621
-0.35171 0.21348 0.18462
-0.35358 0.21448 0.18298
-0.35527 0.21586 0.18145
-0.35714 0.21703 0.17995
-0.35933 0.21772 0.17856
-0.36164 0.21839 0.17739
-0.36368 0.21923 0.17586
-0.3656 0.22013 0.17423
-0.3675 0.22107 0.17259
-0.36926 0.22216 0.17089
-0.37063 0.22335 0.16891
-0.37171 0.22451 0.16674
-0.37285 0.22589 0.16474
-0.37413 0.227 0.16269
-0.3757 0.22736 0.16056
-0.37724 0.22757 0.15838
-0.37826 0.22812 0.15597
-0.37924 0.22858 0.15352
-0.38017 0.22914 0.15107
-0.27671 0.18683 0.27515
-0.27845 0.1876 0.27328
-0.28049 0.18811 0.27162
-0.28266 0.18861 0.27011
-0.28466 0.18934 0.26846
-0.28659 0.18998 0.26667
-0.28824 0.19057 0.26461
-0.28975 0.19095 0.26242
-0.29148 0.19156 0.26046
-0.29341 0.19221 0.25869
-0.29497 0.19215 0.25646
-0.29635 0.19159 0.25422
-0.29792 0.19165 0.25205
-0.2998 0.19178 0.25012
-0.30148 0.1914 0.24804
-0.30283 0.19081 0.24578
-0.30418 0.19044 0.24349
-0.30558 0.1903 0.2412
-0.30692 0.19037 0.23887
-0.30849 0.19082 0.23674
-0.31023 0.1916 0.23479
-0.31128 0.19199 0.23232
-0.31264 0.19241 0.23003
-0.31403 0.19259 0.22772
-0.31482 0.19276 0.22514
-0.31609 0.19325 0.22282
-0.31762 0.19381 0.2207
-0.31913 0.19457 0.21861
-0.32066 0.19547 0.2166
-0.32244 0.19633 0.21478
-0.32435 0.19709 0.21305
-0.32625 0.19762 0.21122
-0.32789 0.19832 0.2092
-0.32957 0.19929 0.20734
-0.33117 0.19983 0.20524
-0.33287 0.20051 0.20328
-0.33465 0.20145 0.2015
-0.33636 0.20222 0.19957
-0.33805 0.20308 0.19767
-0.33974 0.20402 0.19581
-0.34135 0.20512 0.19397
-0.34297 0.20628 0.19217
-0.34469 0.20746 0.19048
-0.34655 0.20852 0.18886
-0.34856 0.20959 0.18744
-0.35061 0.2106 0.18602
-0.3527 0.21123 0.18448
-0.35461 0.21223 0.18288
-0.35628 0.21359 0.18127
-0.35824 0.21478 0.17989
-0.36058 0.21553 0.1788
-0.36296 0.21625 0.17773
-0.36497 0.21705 0.17612
-0.36687 0.21792 0.17442
-0.36874 0.21882 0.17272
-0.37047 0.21987 0.17095
-0.37193 0.22111 0.16908
-0.37303 0.22225 0.1669
-0.37401 0.22353 0.16475
-0.3752 0.22458 0.16259
-0.37679 0.22495 0.16047
-0.3783 0.22515 0.15826
-0.37922 0.22566 0.15579
-0.38019 0.22611 0.15333
-0.38109 0.22666 0.15086
-0.27726 0.18508 0.27584
-0.279 0.18584 0.27396
-0.28103 0.18632 0.27225
-0.28314 0.18676 0.27063
-0.28497 0.18738 0.26874
-0.28681 0.18798 0.26686
-0.2887 0.18864 0.26505
-0.29047 0.18916 0.26306
-0.29202 0.18965 0.26091
-0.29358 0.19014 0.25877
-0.29523 0.19009 0.25665
-0.29714 0.18975 0.25478
-0.29888 0.18993 0.25273
-0.30064 0.18994 0.25068
-0.30225 0.18952 0.24855
-0.30367 0.18896 0.24632
-0.30505 0.18859 0.24403
-0.30649 0.18846 0.24175
-0.30796 0.18861 0.2395
-0.30941 0.18895 0.23725
-0.31104 0.18962 0.23519
-0.31231 0.19015 0.23286
-0.31367 0.19055 0.23056
-0.31511 0.19076 0.22829
-0.31619 0.19119 0.22586
-0.31742 0.19161 0.22349
-0.31896 0.19216 0.22135
-0.32044 0.19285 0.2192
-0.32201 0.1938 0.21724
-0.32376 0.1946 0.21535
-0.32562 0.19528 0.21351
-0.32747 0.19573 0.2116
-0.32909 0.19638 0.20955
-0.33071 0.19727 0.20758
-0.33246 0.19791 0.20564
-0.33426 0.19867 0.20378
-0.33615 0.19973 0.20217
-0.33793 0.20058 0.20031
-0.33965 0.20147 0.19844
-0.34131 0.20236 0.1965
-0.34288 0.20337 0.19456
-0.34445 0.20445 0.19265
-0.34611 0.20554 0.19083
-0.34793 0.20653 0.1891
-0.34985 0.20752 0.18748
-0.35188 0.20852 0.18603
-0.35404 0.20917 0.18456
-0.35596 0.21015 0.18294
-0.35767 0.21151 0.18138
-0.35968 0.21273 0.18007
-0.36204 0.21348 0.17901
-0.36437 0.21412 0.17778
-0.36638 0.21493 0.17616
-0.36835 0.21584 0.17455
-0.37033 0.21681 0.173
-0.37217 0.21794 0.17136
-0.37352 0.21905 0.16927
-0.37458 0.22015 0.16704
-0.37549 0.22136 0.16481
-0.37657 0.22233 0.16254
-0.37809 0.22265 0.16034
-0.37949 0.22279 0.15805
-0.3803 0.22325 0.15552
-0.38114 0.22364 0.15298
-0.38209 0.22422 0.15053
-0.27779 0.18333 0.27654
-0.27956 0.18409 0.27466
-0.28162 0.18459 0.27298
-0.28367 0.18496 0.27126
-0.28542 0.18551 0.26925
-0.28715 0.18603 0.26724
-0.28913 0.18673 0.26552
-0.29106 0.18733 0.26371
-0.2926 0.18779 0.26152
-0.29398 0.18817 0.25923
-0.29577 0.18817 0.2572
-0.29785 0.18793 0.25549
-0.29968 0.18816 0.25351
-0.30137 0.18811 0.25139
-0.30301 0.1877 0.24927
-0.30451 0.18718 0.24708
-0.30589 0.1868 0.24478
-0.30737 0.18669 0.24252
-0.3088 0.18678 0.24022
-0.31026 0.18711 0.23797
-0.31172 0.18765 0.23576
-0.31316 0.18828 0.23355
-0.31455 0.18868 0.23127
-0.31623 0.1891 0.22919
-0.31756 0.18983 0.22694
-0.31892 0.19041 0.22466
-0.32023 0.1906 0.2223
-0.32165 0.19118 0.22008
-0.32323 0.19211 0.21809
-0.32499 0.19289 0.21619
-0.32679 0.19348 0.21426
-0.32859 0.19384 0.21226
-0.33024 0.1945 0.21024
-0.33191 0.19541 0.20831
-0.33372 0.1961 0.20642
-0.33556 0.19686 0.20459
-0.33745 0.1979 0.20296
-0.33933 0.19889 0.20128
-0.34116 0.20002 0.19962
-0.34282 0.2009 0.19766
-0.34434 0.20178 0.1956
-0.34585 0.2027 0.19355
-0.3474 0.2036 0.19153
-0.3492 0.20456 0.18974
-0.35108 0.20548 0.18802
-0.35312 0.20647 0.18655
-0.3553 0.20713 0.18511
-0.35722 0.20809 0.18347
-0.35886 0.20935 0.18174
-0.36088 0.21054 0.1804
-0.36318 0.21123 0.17915
-0.36543 0.21181 0.17777
-0.36753 0.21266 0.17629
-0.36955 0.21359 0.17475
-0.37164 0.21461 0.17336
-0.37357 0.21575 0.17178
-0.37487 0.21683 0.16962
-0.37589 0.21791 0.16734
-0.3768 0.2191 0.16509
-0.37784 0.22002 0.16277
-0.37924 0.22027 0.16048
-0.38053 0.22036 0.15812
-0.38141 0.22083 0.15561
-0.38232 0.22125 0.1531
-0.38311 0.22176 0.15056
-0.27831 0.18158 0.27724
-0.28011 0.18234 0.27538
-0.28217 0.18282 0.27368
-0.28427 0.18324 0.27203
-0.28605 0.1838 0.27005
-0.28775 0.18427 0.268
-0.28966 0.18491 0.26618
-0.29162 0.18551 0.2644
-0.29325 0.18602 0.26227
-0.29465 0.18638 0.25998
-0.29649 0.1864 0.258
-0.29853 0.18612 0.25625
-0.30036 0.18633 0.25428
-0.30202 0.18626 0.25213
-0.30375 0.18591 0.25007
-0.30529 0.18541 0.24789
-0.30673 0.18506 0.24563
-0.30826 0.18496 0.24339
-0.30978 0.18512 0.24116
-0.31122 0.18541 0.23888
-0.31261 0.18587 0.2366
-0.31405 0.18649 0.23439
-0.31542 0.18684 0.23208
-0.31714 0.18728 0.23004
-0.31884 0.18835 0.22813
-0.32005 0.18872 0.22568
-0.32138 0.18898 0.22334
-0.32279 0.18955 0.2211
-0.32428 0.19033 0.21898
-0.32601 0.19106 0.21703
-0.32783 0.19165 0.21512
-0.32976 0.19216 0.21328
-0.33142 0.19277 0.21123
-0.33302 0.19357 0.2092
-0.33492 0.19434 0.20742
-0.3368 0.19515 0.20565
-0.33863 0.19604 0.20386
-0.34052 0.19702 0.20218
-0.34244 0.19833 0.20078
-0.34427 0.19975 0.19928
-0.34578 0.20057 0.1971
-0.34726 0.20137 0.19498
-0.34875 0.20202 0.1928
-0.35044 0.20277 0.19081
-0.35227 0.20359 0.189
-0.35423 0.20444 0.18733
-0.35646 0.20513 0.18597
-0.35841 0.2061 0.18436
-0.35996 0.20723 0.18244
-0.36188 0.2083 0.18088
-0.36414 0.20893 0.17952
-0.36633 0.20946 0.17802
-0.36847 0.21032 0.17661
-0.37055 0.21127 0.17516
-0.37258 0.21222 0.17363
-0.37439 0.21326 0.17188
-0.37584 0.21442 0.16988
-0.37693 0.21553 0.16765
-0.37794 0.21677 0.16546
-0.379 0.21768 0.16314
-0.38035 0.21789 0.16082
-0.38162 0.21796 0.15844
-0.38254 0.21845 0.15594
-0.38347 0.21888 0.15344
-0.38425 0.21937 0.15089
-0.27875 0.17976 0.27788
-0.28063 0.18058 0.27611
-0.2827 0.18106 0.27444
-0.28484 0.18149 0.27282
-0.28669 0.18211 0.27092
-0.28844 0.18262 0.26892
-0.29029 0.18318 0.26701
-0.29219 0.18372 0.26515
-0.29386 0.18423 0.26306
-0.29542 0.1847 0.2609
-0.29719 0.18466 0.25886
-0.2992 0.18433 0.25707
-0.30098 0.18449 0.25505
-0.30288 0.1846 0.25309
-0.30453 0.18418 0.25096
-0.30607 0.18366 0.24878
-0.30759 0.18337 0.24657
-0.30913 0.18327 0.24434
-0.31073 0.18348 0.24215
-0.31223 0.18382 0.23992
-0.31351 0.18415 0.23755
-0.31486 0.18467 0.23526
-0.31621 0.18499 0.23292
-0.31785 0.18533 0.23079
-0.31943 0.18623 0.22877
-0.32072 0.18671 0.22641
-0.32232 0.18719 0.22429
-0.32404 0.18815 0.2224
-0.32541 0.18874 0.22011
-0.32706 0.18933 0.21804
-0.32889 0.18991 0.21613
-0.33089 0.19048 0.21438
-0.33254 0.19104 0.21229
-0.33412 0.19178 0.21023
-0.33615 0.19279 0.20873
-0.33815 0.19383 0.20717
-0.33986 0.19442 0.2051
-0.34167 0.19521 0.20324
-0.34351 0.19632 0.20161
-0.34544 0.19789 0.20047
-0.34711 0.19935 0.19881
-0.34864 0.20036 0.19672
-0.35016 0.20103 0.19454
-0.35171 0.20134 0.19232
-0.35341 0.20187 0.19028
-0.35524 0.20246 0.18837
-0.35744 0.20308 0.18693
-0.35945 0.20411 0.18542
-0.36098 0.20518 0.18343
-0.36278 0.2061 0.18165
-0.36495 0.20662 0.18011
-0.36714 0.20713 0.17861
-0.3693 0.208 0.17721
-0.37134 0.20889 0.17565
-0.37326 0.20976 0.17395
-0.37502 0.21076 0.17216
-0.37657 0.21195 0.17027
-0.37786 0.21315 0.16819
-0.37885 0.21435 0.16595
-0.37999 0.2153 0.16369
-0.3814 0.21553 0.1614
-0.38273 0.21562 0.15905
-0.38372 0.21616 0.15659
-0.38462 0.21657 0.15406
-0.3855 0.21712 0.15156
-0.27907 0.17788 0.27834
-0.28103 0.17873 0.27669
-0.28314 0.17922 0.27504
-0.28528 0.17964 0.27344
-0.28728 0.18037 0.27174
-0.28914 0.18097 0.26985
-0.29093 0.18147 0.26787
-0.29278 0.18196 0.26595
-0.29447 0.18248 0.26389
-0.29612 0.183 0.26181
-0.29797 0.183 0.25983
-0.29987 0.18256 0.25794
-0.30163 0.1827 0.2559
-0.30339 0.18269 0.25383
-0.30508 0.1823 0.25174
-0.30682 0.18192 0.2497
-0.30839 0.18165 0.24751
-0.30999 0.18159 0.24532
-0.31156 0.18176 0.24311
-0.31308 0.1821 0.24089
-0.31436 0.18241 0.23851
-0.31565 0.18287 0.23618
-0.31696 0.18314 0.23381
-0.31838 0.18332 0.23151
-0.3199 0.18416 0.22943
-0.32156 0.18491 0.22741
-0.32321 0.18542 0.22532
-0.32495 0.18637 0.22344
-0.32641 0.18706 0.22124
-0.32797 0.18753 0.21908
-0.3298 0.18809 0.21716
-0.33175 0.18855 0.21532
-0.33346 0.18918 0.21332
-0.33508 0.18993 0.21127
-0.33712 0.19089 0.20977
-0.33916 0.19195 0.2083
-0.34105 0.19284 0.2065
-0.34265 0.19332 0.20433
-0.34442 0.19429 0.20254
-0.34626 0.19566 0.20113
-0.34809 0.19733 0.19999
-0.34987 0.19892 0.19847
-0.35143 0.19977 0.19628
-0.35303 0.20019 0.19408
-0.35458 0.2004 0.19185
-0.35616 0.20058 0.18965
-0.35829 0.20105 0.18804
-0.3602 0.20193 0.18636
-0.36185 0.20313 0.18456
-0.36363 0.204 0.18271
-0.3657 0.20439 0.181
-0.36792 0.2049 0.17954
-0.37007 0.20576 0.17812
-0.37199 0.20652 0.17636
-0.37387 0.20735 0.1746
-0.3756 0.20831 0.17276
-0.37717 0.20949 0.17089
-0.37851 0.2107 0.16885
-0.37968 0.212 0.16677
-0.38093 0.21299 0.16457
-0.38236 0.21322 0.16229
-0.38381 0.21341 0.16003
-0.38483 0.21396 0.15758
-0.38576 0.21439 0.15508
-0.38657 0.21489 0.15254
-0.38732 0.21548 0.14999
-0.27932 0.17596 0.27866
-0.28142 0.17687 0.27722
-0.28357 0.17739 0.27564
-0.28573 0.17781 0.27406
-0.28771 0.17849 0.27233
-0.28969 0.17916 0.2706
-0.29154 0.17971 0.26867
-0.29345 0.18025 0.26683
-0.29523 0.18084 0.26486
-0.29681 0.18128 0.26269
-0.29863 0.18122 0.26068
-0.30049 0.18076 0.25877
-0.30227 0.18089 0.25674
-0.30394 0.18082 0.2546
-0.30564 0.18043 0.25251
-0.30744 0.18009 0.25052
-0.30913 0.17988 0.24841
-0.31076 0.17983 0.24624
-0.31232 0.17999 0.24403
-0.31382 0.18029 0.24179
-0.31517 0.18064 0.23946
-0.31636 0.18101 0.23705
-0.31765 0.18124 0.23467
-0.31902 0.18134 0.2323
-0.3206 0.18224 0.23026
-0.32237 0.18309 0.22838
-0.32414 0.18371 0.22641
-0.32575 0.18448 0.22437
-0.32715 0.18511 0.22212
-0.32881 0.18565 0.22003
-0.33068 0.18626 0.21816
-0.33255 0.1866 0.21622
-0.33434 0.18728 0.2143
-0.3359 0.18793 0.21217
-0.33791 0.1888 0.21055
-0.34005 0.18995 0.20929
-0.342 0.19089 0.20757
-0.34365 0.19144 0.20544
-0.34524 0.1922 0.20339
-0.34692 0.19339 0.20167
-0.34873 0.19496 0.20041
-0.35064 0.19655 0.19922
-0.35258 0.19787 0.19764
-0.35415 0.19833 0.19535
-0.35571 0.19863 0.19314
-0.35733 0.19889 0.19098
-0.35942 0.19928 0.18931
-0.36133 0.20009 0.18757
-0.36286 0.20109 0.18558
-0.36468 0.20197 0.18376
-0.36671 0.2023 0.182
-0.36897 0.20286 0.18062
-0.37113 0.20371 0.17918
-0.37296 0.20433 0.17725
-0.37479 0.20509 0.17541
-0.37648 0.20599 0.17351
-0.37799 0.20711 0.17154
-0.37946 0.2084 0.16965
-0.38068 0.20972 0.16761
-0.382 0.21076 0.16548
-0.38351 0.21103 0.16326
-0.38495 0.21121 0.16099
-0.38598 0.21176 0.15855
-0.38691 0.2122 0.15605
-0.38771 0.21269 0.15351
-0.38841 0.21323 0.15094
-0.27962 0.17407 0.27908
-0.28173 0.17497 0.27766
-0.284 0.17557 0.2763
-0.28624 0.17604 0.27482
-0.28816 0.17666 0.27298
-0.29007 0.17726 0.27116
-0.29198 0.17784 0.26932
-0.29401 0.17844 0.26763
-0.29587 0.17906 0.26572
-0.29743 0.17949 0.26353
-0.2992 0.1794 0.26147
-0.301 0.17888 0.25951
-0.30286 0.17906 0.25755
-0.3045 0.17897 0.25539
-0.30625 0.1786 0.25335
-0.30809 0.17828 0.25138
-0.30984 0.17811 0.24932
-0.31149 0.17807 0.24717
-0.31309 0.17824 0.24499
-0.31462 0.17855 0.24277
-0.31596 0.17889 0.24043
-0.31718 0.17925 0.23804
-0.31855 0.17954 0.23571
-0.32 0.17968 0.23341
-0.32151 0.18051 0.2313
-0.32325 0.1813 0.22936
-0.3251 0.18202 0.22751
-0.32671 0.18276 0.22545
-0.32821 0.18349 0.22331
-0.32994 0.18415 0.22132
-0.33168 0.18453 0.21927
-0.3335 0.1848 0.21728
-0.33525 0.18539 0.21529
-0.33685 0.18606 0.21321
-0.33878 0.1868 0.21144
-0.34081 0.18778 0.20993
-0.3428 0.18873 0.20831
-0.34453 0.18937 0.20629
-0.34612 0.19014 0.20423
-0.34752 0.19111 0.20212
-0.34912 0.19257 0.20051
-0.351 0.19409 0.19927
-0.35309 0.19536 0.19798
-0.35486 0.19603 0.19599
-0.35678 0.19669 0.19421
-0.35868 0.19742 0.19243
-0.36089 0.1981 0.19095
-0.36268 0.19853 0.18892
-0.36398 0.19912 0.18662
-0.36566 0.19982 0.18463
-0.36776 0.2002 0.18295
-0.37004 0.20079 0.18162
-0.37217 0.20157 0.18012
-0.37405 0.20226 0.17828
-0.3759 0.20302 0.17644
-0.37756 0.20385 0.17448
-0.37909 0.20497 0.17254
-0.38046 0.20613 0.17049
-0.3817 0.20746 0.16847
-0.38315 0.2086 0.16648
-0.3847 0.20889 0.16428
-0.38624 0.20916 0.16209
-0.38721 0.20967 0.15962
-0.38811 0.21007 0.1571
-0.38899 0.21062 0.1546
-0.38966 0.21113 0.15201
-0.27989 0.17216 0.27947
-0.282 0.17306 0.27806
-0.28435 0.17367 0.27684
-0.28663 0.17415 0.27542
-0.28856 0.17478 0.27358
-0.29047 0.17538 0.27176
-0.29232 0.17592 0.26984
-0.29433 0.17648 0.26811
-0.29622 0.1771 0.26625
-0.2979 0.17759 0.26418
-0.29975 0.17753 0.2622
-0.3016 0.17705 0.26028
-0.30347 0.17723 0.25833
-0.30514 0.17714 0.25619
-0.30695 0.17681 0.2542
-0.3088 0.1765 0.25225
-0.31056 0.17633 0.25019
-0.31229 0.17633 0.2481
-0.31389 0.17649 0.24592
-0.31543 0.17679 0.24371
-0.31685 0.17719 0.24143
-0.3181 0.17756 0.23905
-0.31961 0.17799 0.23683
-0.32118 0.17827 0.23464
-0.32256 0.1789 0.2324
-0.32429 0.17965 0.23043
-0.32603 0.18021 0.22843
-0.3276 0.18089 0.22632
-0.32914 0.18165 0.22422
-0.33102 0.18247 0.22242
-0.33278 0.18289 0.2204
-0.33459 0.18311 0.21839
-0.33632 0.18365 0.21637
-0.3379 0.18425 0.21425
-0.3398 0.18492 0.21242
-0.34165 0.18567 0.21059
-0.34362 0.18659 0.20894
-0.34543 0.18728 0.20704
-0.34712 0.18814 0.20508
-0.34845 0.18902 0.20289
-0.34975 0.19026 0.20085
-0.35151 0.19174 0.19939
-0.35348 0.19295 0.19796
-0.35541 0.19364 0.19617
-0.35772 0.19458 0.19509
-0.35991 0.19583 0.194
-0.36224 0.19659 0.1926
-0.36403 0.19698 0.19044
-0.36509 0.19731 0.18793
-0.36649 0.19768 0.18564
-0.36856 0.19802 0.18393
-0.37085 0.19857 0.18258
-0.37302 0.1994 0.18118
-0.37505 0.20027 0.17958
-0.37693 0.20105 0.17777
-0.37844 0.20168 0.17559
-0.37995 0.20274 0.1736
-0.3815 0.20412 0.17181
-0.38266 0.20531 0.16964
-0.38412 0.20644 0.16765
-0.38592 0.207 0.1657
-0.38735 0.20716 0.16343
-0.38829 0.20763 0.16093
-0.38931 0.20814 0.15847
-0.39012 0.20862 0.15594
-0.39087 0.20919 0.15338
-0.28005 0.17021 0.27969
-0.28224 0.17111 0.2784
-0.28454 0.17169 0.27708
-0.28689 0.17217 0.27578
-0.28889 0.17284 0.27402
-0.29087 0.17346 0.27227
-0.29272 0.17401 0.27037
-0.29467 0.17453 0.26856
-0.29659 0.17515 0.26674
-0.29831 0.17564 0.26471
-0.30023 0.17561 0.26279
-0.30226 0.17523 0.26104
-0.30403 0.17532 0.259
-0.30576 0.17527 0.25691
-0.30769 0.17503 0.25502
-0.30956 0.17472 0.25308
-0.31132 0.17454 0.25102
-0.31311 0.17459 0.24899
-0.31482 0.17483 0.2469
-0.31632 0.17508 0.24465
-0.3178 0.17552 0.24242
-0.31908 0.17591 0.24006
-0.32059 0.17632 0.23784
-0.32236 0.17687 0.23585
-0.32369 0.17739 0.23354
-0.3253 0.17795 0.23143
-0.32705 0.17849 0.22943
-0.32858 0.17912 0.22728
-0.33006 0.17979 0.2251
-0.33186 0.18051 0.2232
-0.33374 0.18103 0.22131
-0.33561 0.1813 0.21937
-0.33741 0.1819 0.21743
-0.33903 0.18251 0.21534
-0.34087 0.18309 0.21344
-0.34273 0.18382 0.2116
-0.34454 0.18454 0.20971
-0.34643 0.18529 0.2079
-0.34812 0.18614 0.20595
-0.3496 0.18719 0.20394
-0.35087 0.18838 0.20187
-0.35233 0.18954 0.1999
-0.35411 0.19063 0.19816
-0.35625 0.19142 0.19669
-0.3586 0.19239 0.19574
-0.36085 0.19358 0.19475
-0.3632 0.19429 0.19342
-0.3651 0.19488 0.19145
-0.36636 0.19547 0.18906
-0.3677 0.19577 0.18673
-0.36966 0.19596 0.18489
-0.37178 0.19628 0.18322
-0.37393 0.19706 0.18174
-0.37603 0.19802 0.18033
-0.37802 0.19892 0.17872
-0.37957 0.19954 0.17656
-0.38107 0.20057 0.17454
-0.38255 0.20188 0.17267
-0.38383 0.20319 0.17067
-0.38526 0.20427 0.16863
-0.38713 0.20488 0.16675
-0.38866 0.20514 0.16453
-0.38961 0.20562 0.16203
-0.39063 0.20613 0.15958
-0.39147 0.20663 0.15705
-0.39225 0.20721 0.15451
-0.39335 0.2078 0.15209
-0.28011 0.16825 0.2797
-0.2823 0.16913 0.27838
-0.2846 0.1697 0.27706
-0.28692 0.17015 0.27572
-0.28908 0.17084 0.27419
-0.29107 0.17146 0.27245
-0.29312 0.17207 0.27077
-0.29514 0.17261 0.26904
-0.29711 0.17325 0.26727
-0.2989 0.17377 0.26529
-0.30086 0.17374 0.26342
-0.30293 0.17337 0.2617
-0.30462 0.1734 0.25958
-0.30644 0.17341 0.25757
-0.30846 0.17323 0.25576
-0.3104 0.17297 0.25388
-0.31214 0.17275 0.2518
-0.31398 0.17282 0.2498
-0.31579 0.17315 0.2478
-0.31737 0.17346 0.24561
-0.31887 0.17393 0.2434
-0.32017 0.1743 0.24104
-0.32169 0.17469 0.23881
-0.3235 0.17527 0.23686
-0.32489 0.17586 0.2346
-0.32638 0.17625 0.23236
-0.32809 0.17673 0.2303
-0.32962 0.17733 0.22814
-0.33125 0.17818 0.22615
-0.33305 0.17889 0.22424
-0.33484 0.17926 0.22223
-0.33679 0.17961 0.22037
-0.33859 0.18017 0.21841
-0.34023 0.18078 0.21633
-0.34207 0.18132 0.21441
-0.34387 0.18193 0.21247
-0.34564 0.18258 0.21052
-0.34754 0.18333 0.20871
-0.34926 0.1842 0.20679
-0.35075 0.18526 0.20479
-0.35208 0.18651 0.20277
-0.3534 0.1875 0.20061
-0.3552 0.18859 0.19889
-0.35731 0.18934 0.19735
-0.35958 0.19019 0.19613
-0.36178 0.19129 0.19497
-0.36409 0.19193 0.19364
-0.36616 0.1926 0.19194
-0.36774 0.19349 0.18986
-0.36924 0.19399 0.18765
-0.37112 0.19406 0.1857
-0.37333 0.1945 0.18419
-0.37553 0.19543 0.18289
-0.37764 0.19638 0.18147
-0.37956 0.19712 0.17967
-0.38128 0.19796 0.17774
-0.38271 0.19884 0.17561
-0.38397 0.19979 0.17339
-0.38521 0.20106 0.17133
-0.38659 0.20208 0.16923
-0.38815 0.20245 0.16704
-0.38971 0.20272 0.16485
-0.39098 0.20342 0.16255
-0.39209 0.204 0.16014
-0.39304 0.20459 0.15767
-0.39398 0.20533 0.15524
-0.3951 0.20594 0.15284
-0.2802 0.1663 0.27976
-0.28241 0.16717 0.27846
-0.28471 0.16773 0.27712
-0.28699 0.16817 0.27569
-0.28916 0.16884 0.27419
-0.29129 0.16946 0.27262
-0.29344 0.17009 0.27107
-0.29557 0.17067 0.26947
-0.29755 0.17129 0.2677
-0.29953 0.17192 0.26595
-0.30163 0.17197 0.2642
-0.30348 0.17144 0.26226
-0.30513 0.17144 0.2601
-0.3071 0.17153 0.25822
-0.30919 0.1714 0.25648
-0.31117 0.17115 0.25463
-0.31305 0.17105 0.25267
-0.31487 0.17108 0.25064
-0.3167 0.17141 0.24866
-0.31847 0.17193 0.24665
-0.31996 0.17235 0.24441
-0.32131 0.17278 0.24209
-0.32284 0.17316 0.23986
-0.32455 0.17358 0.23779
-0.32601 0.17424 0.23559
-0.32746 0.17455 0.2333
-0.32912 0.17494 0.23118
-0.33066 0.17555 0.22902
-0.33233 0.17642 0.22706
-0.33427 0.17729 0.22532
-0.33597 0.17753 0.22317
-0.33811 0.17816 0.22161
-0.33999 0.17881 0.21972
-0.34145 0.17912 0.21742
-0.34323 0.17953 0.2154
-0.34504 0.18012 0.21346
-0.3468 0.18072 0.21146
-0.34873 0.18151 0.20969
-0.35046 0.18238 0.20778
-0.35191 0.18337 0.20572
-0.35316 0.18451 0.20358
-0.35454 0.18555 0.20148
-0.35629 0.18657 0.19965
-0.35847 0.1874 0.19824
-0.36071 0.18819 0.19691
-0.36269 0.18903 0.19524
-0.36479 0.18953 0.19359
-0.36682 0.19016 0.1919
-0.36871 0.19117 0.19021
-0.37053 0.19192 0.18832
-0.37254 0.19214 0.18652
-0.37492 0.19285 0.1854
-0.3771 0.1937 0.18402
-0.37922 0.1946 0.18254
-0.38121 0.19551 0.18091
-0.383 0.19652 0.17909
-0.38449 0.19745 0.17697
-0.38556 0.19801 0.17449
-0.38658 0.19897 0.17215
-0.38779 0.19982 0.16987
-0.38912 0.20003 0.16751
-0.39067 0.20029 0.16528
-0.39204 0.20104 0.16305
-0.39321 0.20165 0.16067
-0.39439 0.20242 0.15834
-0.39566 0.20348 0.15617
-0.39666 0.20396 0.15368
-0.28036 0.16436 0.27994
-0.28256 0.16521 0.27859
-0.28488 0.16577 0.27728
-0.28712 0.1662 0.27579
-0.2893 0.16685 0.27428
-0.2915 0.16748 0.27281
-0.2937 0.1681 0.27132
-0.29588 0.16869 0.2698
-0.29792 0.16932 0.26809
-0.29999 0.16996 0.26645
-0.30214 0.17002 0.26476
-0.304 0.1695 0.26282
-0.30574 0.16955 0.26073
-0.30771 0.16963 0.25884
-0.30986 0.16953 0.25717
-0.31197 0.16939 0.25546
-0.31388 0.16929 0.25351
-0.31575 0.16937 0.25154
-0.31756 0.16965 0.2495
-0.3194 0.17024 0.24759
-0.32097 0.17074 0.24541
-0.3224 0.17122 0.24315
-0.32394 0.17159 0.24093
-0.32556 0.17188 0.23876
-0.32698 0.17248 0.23652
-0.32851 0.17286 0.23429
-0.33014 0.1732 0.23213
-0.33167 0.17379 0.22996
-0.33325 0.17453 0.22787
-0.33519 0.17535 0.22612
-0.33698 0.17571 0.22408
-0.33913 0.17629 0.2225
-0.34119 0.17713 0.22086
-0.34261 0.1774 0.2185
-0.34434 0.17771 0.21641
-0.34622 0.17838 0.21455
-0.34806 0.17908 0.21266
-0.34996 0.17983 0.21086
-0.35175 0.18078 0.20903
-0.35323 0.18183 0.207
-0.35432 0.18267 0.20463
-0.35571 0.18371 0.20251
-0.35742 0.18465 0.20061
-0.35956 0.1854 0.19908
-0.36184 0.18621 0.19781
-0.36377 0.18696 0.19601
-0.36569 0.18728 0.1941
-0.36766 0.18786 0.19232
-0.36965 0.18893 0.19078
-0.37152 0.18968 0.18894
-0.37366 0.19001 0.18729
-0.3759 0.1905 0.18584
-0.37807 0.19132 0.1844
-0.38019 0.19221 0.18295
-0.38232 0.19324 0.1816
-0.38436 0.1945 0.18022
-0.38596 0.19555 0.17817
-0.38711 0.19624 0.17573
-0.38781 0.19687 0.17315
-0.38872 0.19747 0.17065
-0.38986 0.19758 0.16817
-0.39148 0.19786 0.16599
-0.39289 0.19863 0.16379
-0.39421 0.19934 0.16151
-0.39548 0.20018 0.15926
-0.39674 0.20122 0.15708
-0.39783 0.20177 0.15464
-0.28054 0.16242 0.28013
-0.28271 0.16326 0.27874
-0.28497 0.16379 0.27731
-0.28725 0.16421 0.27587
-0.2895 0.16487 0.27449
-0.29174 0.1655 0.27307
-0.29398 0.16613 0.27165
-0.29615 0.1667 0.27009
-0.29824 0.16733 0.26845
-0.30026 0.16794 0.26674
-0.30236 0.16796 0.26501
-0.30447 0.16755 0.26335
-0.30638 0.16768 0.26141
-0.30831 0.16773 0.25949
-0.31049 0.16765 0.25785
-0.31274 0.16762 0.2563
-0.31468 0.16754 0.25439
-0.31659 0.16765 0.25245
-0.31845 0.16797 0.25048
-0.32027 0.16851 0.24852
-0.32187 0.16903 0.24638
-0.32335 0.16955 0.24415
-0.32508 0.17016 0.24212
-0.32671 0.17044 0.23996
-0.32805 0.17089 0.23764
-0.32959 0.17128 0.23542
-0.33116 0.17154 0.23321
-0.33259 0.17199 0.23093
-0.33409 0.17263 0.22874
-0.33588 0.17328 0.22679
-0.33788 0.17384 0.22501
-0.33999 0.17434 0.22336
-0.34193 0.17503 0.22158
-0.34363 0.17556 0.2195
-0.3454 0.1759 0.21745
-0.34731 0.17657 0.21562
-0.34929 0.17749 0.21398
-0.3512 0.17826 0.21219
-0.35298 0.17919 0.21034
-0.35454 0.18041 0.20844
-0.35561 0.18118 0.20603
-0.35681 0.18189 0.20366
-0.35853 0.18284 0.20176
-0.36054 0.18338 0.19999
-0.36263 0.18395 0.19834
-0.36464 0.18477 0.1967
-0.3666 0.1851 0.19482
-0.36857 0.18565 0.19303
-0.37045 0.18662 0.19131
-0.37244 0.18745 0.18964
-0.3745 0.1877 0.18786
-0.3767 0.18814 0.18632
-0.37876 0.18887 0.18468
-0.38097 0.18982 0.18339
-0.38316 0.19084 0.18213
-0.38518 0.19198 0.18066
-0.3869 0.19305 0.17875
-0.3881 0.19379 0.17634
-0.38873 0.19448 0.17374
-0.38946 0.19499 0.17116
-0.39075 0.19515 0.16875
-0.39243 0.19547 0.16663
-0.39396 0.19633 0.16454
-0.39535 0.19709 0.16232
-0.39672 0.198 0.16015
-0.39781 0.1989 0.15781
-0.39883 0.19942 0.15534
-0.28077 0.16049 0.28038
-0.28288 0.16131 0.27889
-0.28513 0.16183 0.27745
-0.28736 0.16223 0.27595
-0.28963 0.16287 0.27459
-0.29196 0.16352 0.27335
-0.29423 0.16415 0.27197
-0.29646 0.16473 0.27051
-0.2985 0.16534 0.2688
-0.30048 0.16592 0.26703
-0.30263 0.16594 0.26536
-0.30485 0.16556 0.26385
-0.30693 0.16579 0.26212
-0.3089 0.16586 0.26023
-0.31109 0.16579 0.25861
-0.31337 0.16579 0.25713
-0.31544 0.16582 0.25536
-0.3174 0.16597 0.25348
-0.31927 0.16629 0.25153
-0.32102 0.16675 0.24949
-0.32269 0.16732 0.24742
-0.32423 0.1679 0.24525
-0.326 0.16854 0.24327
-0.32797 0.16938 0.24153
-0.32933 0.16988 0.23918
-0.3306 0.1698 0.23673
-0.33217 0.17004 0.23452
-0.33349 0.17034 0.23216
-0.33488 0.17084 0.22987
-0.33663 0.17144 0.22787
-0.33863 0.17199 0.2261
-0.34073 0.17246 0.22444
-0.34269 0.17314 0.22267
-0.34446 0.1737 0.22066
-0.34627 0.17406 0.21865
-0.3481 0.17463 0.21672
-0.34994 0.17532 0.21482
-0.35202 0.17631 0.21334
-0.35399 0.1776 0.21191
-0.35551 0.17874 0.20992
-0.35669 0.17973 0.20764
-0.35768 0.18017 0.2051
-0.35917 0.18079 0.20288
-0.36113 0.18127 0.20103
-0.36314 0.18174 0.19926
-0.36518 0.18256 0.19762
-0.36719 0.18293 0.19584
-0.36918 0.18348 0.19408
-0.37099 0.18436 0.19223
-0.37291 0.18511 0.19045
-0.375 0.18536 0.18872
-0.37711 0.18572 0.18705
-0.3791 0.18641 0.18532
-0.38122 0.18731 0.18384
-0.38336 0.18828 0.18247
-0.38532 0.18937 0.18092
-0.38684 0.19039 0.17888
-0.38794 0.19112 0.17649
-0.38894 0.19187 0.17408
-0.39001 0.19246 0.17163
-0.3915 0.19268 0.16932
-0.39341 0.19314 0.16743
-0.39502 0.19405 0.16542
-0.39622 0.1947 0.16306
-0.39748 0.19554 0.1608
-0.3985 0.1964 0.15842
-0.39974 0.19702 0.15607
-0.28102 0.15858 0.28069
-0.28313 0.15937 0.27917
-0.28528 0.15986 0.27758
-0.28751 0.16025 0.27609
-0.28975 0.16088 0.2747
-0.29213 0.16153 0.27355
-0.29443 0.16216 0.27223
-0.29667 0.16272 0.27078
-0.29876 0.16334 0.26914
-0.30078 0.16392 0.26742
-0.30294 0.16394 0.26579
-0.3052 0.16357 0.26434
-0.30745 0.1639 0.26286
-0.30956 0.16409 0.26115
-0.31169 0.16396 0.25946
-0.31394 0.16393 0.25793
-0.31611 0.16406 0.25631
-0.3182 0.16432 0.25458
-0.31996 0.16453 0.25251
-0.32173 0.16499 0.2505
-0.32337 0.16553 0.2484
-0.325 0.16619 0.24633
-0.32673 0.16675 0.24429
-0.32862 0.16742 0.24246
-0.33027 0.16831 0.24046
-0.33155 0.16827 0.23802
-0.33304 0.16839 0.23576
-0.3343 0.16863 0.23336
-0.33569 0.16912 0.23107
-0.3374 0.16964 0.22901
-0.33934 0.1701 0.22715
-0.3414 0.17049 0.22543
-0.34335 0.17114 0.22366
-0.34517 0.17175 0.22173
-0.34705 0.17218 0.21981
-0.34884 0.17266 0.21781
-0.35065 0.17331 0.21588
-0.35261 0.17412 0.21415
-0.35457 0.17536 0.21271
-0.35628 0.17672 0.21107
-0.35765 0.17795 0.209
-0.35858 0.17838 0.20643
-0.35996 0.17887 0.20413
-0.3618 0.1792 0.20213
-0.3638 0.17965 0.20033
-0.36574 0.18037 0.19856
-0.36785 0.1808 0.19691
-0.36985 0.18135 0.19516
-0.37171 0.18228 0.19342
-0.37358 0.18294 0.19155
-0.37574 0.18324 0.18992
-0.37784 0.18358 0.18826
-0.37969 0.18413 0.18636
-0.38145 0.18479 0.18438
-0.38331 0.18569 0.18261
-0.38512 0.18676 0.18091
-0.38684 0.18779 0.17909
-0.38817 0.18854 0.17684
-0.38915 0.18926 0.1744
-0.3905 0.18991 0.1721
-0.39224 0.19024 0.17002
-0.39412 0.19068 0.16811
-0.39568 0.19154 0.16604
-0.39679 0.19218 0.16362
-0.39812 0.19304 0.16142
-0.39937 0.19401 0.15921
-0.40065 0.19466 0.15689
-0.40208 0.19511 0.15462
-0.28122 0.15664 0.28089
-0.28341 0.15746 0.27952
-0.28547 0.15791 0.27779
-0.28772 0.15829 0.27633
-0.29005 0.15895 0.2751
-0.29237 0.15957 0.27384
-0.29462 0.16016 0.27243
-0.29683 0.1607 0.27094
-0.29902 0.16134 0.26947
-0.30108 0.16192 0.2678
-0.30329 0.16195 0.26624
-0.30553 0.16157 0.26477
-0.3078 0.16188 0.26333
-0.31009 0.1622 0.2619
-0.31234 0.16217 0.26036
-0.3145 0.16206 0.25871
-0.31671 0.1622 0.25714
-0.31875 0.1624 0.25536
-0.32057 0.16265 0.25335
-0.32236 0.16312 0.25136
-0.3241 0.16374 0.24937
-0.32569 0.16434 0.24724
-0.32757 0.16507 0.24541
-0.32945 0.1657 0.24356
-0.33104 0.16651 0.24154
-0.33249 0.16667 0.23927
-0.33406 0.1669 0.23706
-0.33528 0.16706 0.23463
-0.33649 0.16735 0.2322
-0.33821 0.16787 0.23016
-0.34017 0.16832 0.22832
-0.3422 0.16865 0.22654
-0.34414 0.16925 0.22474
-0.34597 0.16984 0.22283
-0.34786 0.17026 0.22093
-0.34961 0.17069 0.21889
-0.35146 0.17136 0.217
-0.35338 0.17212 0.21522
-0.35516 0.17314 0.21344
-0.35677 0.17442 0.21167
-0.35824 0.17571 0.20977
-0.35949 0.17641 0.20746
-0.36086 0.17687 0.20514
-0.36274 0.17723 0.2032
-0.36466 0.17758 0.2013
-0.36654 0.17822 0.19945
-0.36868 0.17866 0.19783
-0.37073 0.17924 0.19615
-0.37258 0.18015 0.19439
-0.37459 0.18097 0.19276
-0.37687 0.18145 0.19134
-0.37899 0.18177 0.18967
-0.38063 0.18205 0.18751
-0.38212 0.18247 0.18527
-0.3837 0.18319 0.18319
-0.3852 0.18416 0.18115
-0.38682 0.18517 0.17923
-0.38838 0.18595 0.17717
-0.38959 0.18671 0.17485
-0.39107 0.18739 0.17266
-0.39283 0.18774 0.17062
-0.39436 0.18803 0.16841
-0.39583 0.18886 0.16628
-0.39742 0.18968 0.16422
-0.39881 0.19057 0.16208
-0.39998 0.19151 0.15981
-0.40137 0.19221 0.15759
-0.40266 0.19259 0.15524
-0.28138 0.15469 0.28102
-0.28365 0.15552 0.27979
-0.28581 0.156 0.2782
-0.28802 0.15635 0.27666
-0.29042 0.15705 0.27557
-0.29282 0.15772 0.27447
-0.29501 0.15825 0.27291
-0.2971 0.15872 0.27124
-0.29933 0.15935 0.26982
-0.30144 0.15994 0.26822
-0.30361 0.15994 0.26658
-0.30584 0.15954 0.2651
-0.30813 0.15985 0.26369
-0.31046 0.16018 0.26233
-0.31275 0.16016 0.26086
-0.31496 0.16009 0.25929
-0.31707 0.16016 0.25758
-0.31911 0.16035 0.25579
-0.32105 0.16065 0.25391
-0.32295 0.16117 0.25205
-0.32477 0.16184 0.25014
-0.32649 0.16254 0.24815
-0.32842 0.16332 0.2464
-0.33049 0.1643 0.24492
-0.33225 0.16542 0.2431
-0.33382 0.16567 0.24082
-0.33504 0.16539 0.23838
-0.33633 0.16559 0.23599
-0.33729 0.16564 0.23343
-0.33886 0.16598 0.23121
-0.34093 0.16655 0.22952
-0.34304 0.16698 0.22787
-0.34498 0.16753 0.22605
-0.34681 0.16808 0.22412
-0.34867 0.16842 0.22217
-0.35047 0.16889 0.22019
-0.35222 0.16943 0.21818
-0.35407 0.17008 0.21627
-0.35578 0.17101 0.21437
-0.35729 0.17221 0.21247
-0.35877 0.1735 0.21059
-0.36025 0.17438 0.20849
-0.36169 0.1749 0.20624
-0.36346 0.17515 0.20419
-0.36539 0.17548 0.20228
-0.3673 0.17611 0.20044
-0.3694 0.17649 0.19877
-0.37144 0.17705 0.19707
-0.37331 0.17796 0.19533
-0.37531 0.17875 0.19367
-0.37769 0.17927 0.19243
-0.37999 0.17966 0.1909
-0.3814 0.17983 0.1885
-0.38269 0.18013 0.18611
-0.38417 0.18076 0.18393
-0.38554 0.18164 0.18176
-0.38699 0.18259 0.17967
-0.38859 0.18338 0.17763
-0.39 0.18419 0.17545
-0.39164 0.18492 0.1734
-0.39328 0.18522 0.17126
-0.39501 0.18557 0.16921
-0.39636 0.18635 0.16698
-0.39795 0.18717 0.16493
-0.39937 0.18807 0.1628
-0.40062 0.18904 0.16058
-0.40193 0.18971 0.15829
-0.40298 0.19002 0.15579
-0.28162 0.15276 0.28126
-0.28388 0.15358 0.28001
-0.2862 0.15412 0.27868
-0.2885 0.15452 0.27728
-0.29087 0.15518 0.27611
-0.29325 0.15581 0.27493
-0.29551 0.15638 0.27349
-0.29752 0.15678 0.27168
-0.29976 0.1574 0.27024
-0.30185 0.15796 0.26859
-0.30391 0.1579 0.26679
-0.30619 0.1575 0.26537
-0.30859 0.15786 0.26412
-0.31089 0.15816 0.26269
-0.31315 0.15812 0.26117
-0.31538 0.15806 0.25961
-0.31746 0.1581 0.25784
-0.31955 0.15829 0.2561
-0.32157 0.15861 0.25431
-0.32358 0.15918 0.25255
-0.32545 0.15987 0.2507
-0.32742 0.16079 0.24905
-0.32937 0.16159 0.24733
-0.33144 0.1625 0.2458
-0.33338 0.16375 0.24423
-0.33518 0.16418 0.24202
-0.33607 0.16367 0.23939
-0.33699 0.16359 0.23683
-0.33827 0.16389 0.23444
-0.33977 0.16414 0.23216
-0.34183 0.16468 0.23044
-0.34408 0.16528 0.22903
-0.34619 0.1661 0.22748
-0.34807 0.16671 0.22558
-0.34986 0.16689 0.22351
-0.35156 0.16717 0.2214
-0.35325 0.16759 0.21929
-0.35513 0.16827 0.21743
-0.35675 0.16905 0.21538
-0.35809 0.17009 0.21325
-0.35947 0.1713 0.21124
-0.36117 0.17232 0.20936
-0.36258 0.17282 0.20706
-0.36427 0.173 0.20493
-0.36618 0.17332 0.203
-0.36813 0.17395 0.2012
-0.3703 0.17436 0.1996
-0.37228 0.17484 0.1978
-0.37403 0.17563 0.19587
-0.37596 0.17637 0.19409
-0.3783 0.1768 0.19273
-0.3803 0.17706 0.19087
-0.38183 0.1773 0.18861
-0.38353 0.17773 0.18653
-0.38514 0.17842 0.18445
-0.38637 0.1792 0.18216
-0.3878 0.18013 0.18004
-0.38916 0.18083 0.1778
-0.39047 0.18161 0.17553
-0.39202 0.18232 0.17338
-0.39381 0.18264 0.17136
-0.39542 0.18295 0.1692
-0.39681 0.18374 0.16699
-0.39846 0.18457 0.16497
-0.39981 0.18545 0.16279
-0.40103 0.18642 0.16057
-0.40209 0.18704 0.15814
-0.40343 0.1874 0.15577
-0.28186 0.15083 0.28148
-0.28414 0.15164 0.28024
-0.28657 0.15223 0.27915
-0.28904 0.15278 0.27811
-0.29141 0.15341 0.27686
-0.29375 0.15396 0.27554
-0.29587 0.15442 0.27384
-0.298 0.15488 0.2722
-0.30009 0.1554 0.27052
-0.30229 0.15599 0.269
-0.30439 0.15593 0.26724
-0.30671 0.15554 0.26585
-0.30905 0.15585 0.26448
-0.31132 0.15613 0.26298
-0.31352 0.15607 0.26135
-0.31573 0.15598 0.25975
-0.31795 0.15607 0.25815
-0.32004 0.15624 0.2564
-0.32218 0.15661 0.25473
-0.32423 0.15718 0.253
-0.32612 0.15788 0.25115
-0.32818 0.15883 0.24962
-0.33032 0.15976 0.24816
-0.33226 0.16051 0.24637
-0.33411 0.16158 0.24463
-0.33578 0.16193 0.24239
-0.33674 0.16156 0.2398
-0.33791 0.16162 0.23732
-0.33939 0.16203 0.23504
-0.34102 0.16239 0.23287
-0.34306 0.16289 0.23112
-0.34526 0.16337 0.22958
-0.34748 0.16426 0.22823
-0.34957 0.16509 0.22657
-0.3513 0.16521 0.22438
-0.35291 0.16539 0.22217
-0.35463 0.16583 0.22009
-0.35646 0.16642 0.21815
-0.35818 0.16727 0.21618
-0.3593 0.16809 0.21381
-0.36041 0.16912 0.21153
-0.36194 0.17002 0.20944
-0.36363 0.17068 0.2074
-0.36529 0.17083 0.20522
-0.36719 0.17113 0.20327
-0.36925 0.17182 0.20161
-0.37144 0.1722 0.20002
-0.3733 0.1726 0.19805
-0.37507 0.17338 0.19612
-0.37677 0.174 0.19406
-0.37882 0.17433 0.19228
-0.3808 0.17456 0.1904
-0.38296 0.17499 0.18876
-0.38505 0.17572 0.18714
-0.38651 0.17628 0.18489
-0.38759 0.17692 0.18247
-0.38871 0.17769 0.1801
-0.39008 0.17838 0.17784
-0.39125 0.17909 0.17547
-0.39262 0.17974 0.17315
-0.3945 0.18009 0.17116
-0.39616 0.1804 0.16905
-0.3976 0.1812 0.16685
-0.3995 0.18212 0.16505
-0.40072 0.18295 0.16275
-0.40153 0.18382 0.16028
-0.40266 0.18445 0.15785
-0.40418 0.18485 0.1556
-0.28209 0.1489 0.28167
-0.28438 0.14969 0.28041
-0.28689 0.15031 0.27949
-0.28944 0.15089 0.27866
-0.29189 0.15158 0.27757
-0.29419 0.15208 0.2761
-0.29625 0.1525 0.27432
-0.29829 0.15289 0.27252
-0.3004 0.1534 0.27084
-0.30255 0.15397 0.26926
-0.30491 0.15402 0.26786
-0.30732 0.15369 0.26661
-0.30949 0.15387 0.26494
-0.31172 0.1541 0.26335
-0.31389 0.15403 0.26168
-0.3161 0.15393 0.26006
-0.31836 0.15402 0.25851
-0.32049 0.1542 0.25677
-0.3226 0.15453 0.25505
-0.32463 0.15508 0.25329
-0.32663 0.15582 0.25155
-0.32862 0.15672 0.2499
-0.33078 0.1576 0.24842
-0.33266 0.15833 0.24654
-0.33438 0.15935 0.24467
-0.33617 0.15973 0.24259
-0.33757 0.15953 0.24022
-0.33898 0.15972 0.23788
-0.34045 0.16012 0.23558
-0.34218 0.16056 0.23349
-0.34418 0.16098 0.23165
-0.34627 0.16132 0.22989
-0.34838 0.16206 0.22829
-0.35045 0.16284 0.22666
-0.35237 0.16313 0.22472
-0.35418 0.16347 0.22269
-0.35593 0.16392 0.22062
-0.35754 0.1643 0.21843
-0.35916 0.16507 0.21635
-0.36028 0.16592 0.21401
-0.36125 0.16686 0.21161
-0.36272 0.16773 0.20941
-0.36452 0.16843 0.20747
-0.3662 0.1686 0.20531
-0.36804 0.16885 0.20325
-0.37013 0.16953 0.20157
-0.37227 0.16987 0.19992
-0.37432 0.17034 0.19817
-0.37613 0.17113 0.19628
-0.37778 0.17168 0.19415
-0.37984 0.17199 0.19234
-0.38195 0.17226 0.19059
-0.38648 0.17362 0.1877
-0.38968 0.1753 0.18028
-0.39092 0.17591 0.17789
-0.39217 0.17662 0.17555
-0.39352 0.17722 0.17322
-0.39532 0.17755 0.17115
-0.40218 0.18125 0.16007
-0.40333 0.18188 0.15765
-0.28247 0.14705 0.28213
-0.28473 0.1478 0.2808
-0.28721 0.14837 0.27976
-0.28978 0.14893 0.27897
-0.2923 0.14962 0.27802
-0.2947 0.15019 0.27672
-0.29677 0.15062 0.27488
-0.29866 0.15093 0.2729
-0.30065 0.15139 0.27106
-0.3029 0.15197 0.26961
-0.30535 0.15205 0.26838
-0.30787 0.15175 0.26728
-0.31003 0.15192 0.26556
-0.31201 0.15205 0.26364
-0.31417 0.15196 0.26195
-0.31637 0.15186 0.2603
-0.31865 0.15195 0.25878
-0.32084 0.15213 0.25712
-0.32281 0.15241 0.25522
-0.32487 0.15295 0.25347
-0.327 0.15372 0.25191
-0.32894 0.15459 0.25018
-0.33084 0.1554 0.24837
-0.33269 0.15612 0.24648
-0.33453 0.15715 0.24472
-0.33644 0.15753 0.24278
-0.33814 0.15741 0.24062
-0.33982 0.15773 0.23846
-0.34148 0.15827 0.23634
-0.34331 0.15879 0.23436
-0.34532 0.15921 0.23253
-0.34732 0.15942 0.23066
-0.34926 0.15997 0.22878
-0.35128 0.16069 0.22706
-0.35325 0.16099 0.22517
-0.35523 0.16144 0.22332
-0.35701 0.1619 0.22128
-0.35858 0.16224 0.21905
-0.36 0.16286 0.21677
-0.36115 0.16371 0.21444
-0.36211 0.16464 0.21203
-0.36352 0.16546 0.20978
-0.36523 0.16613 0.20773
-0.36696 0.16631 0.20561
-0.36873 0.16651 0.20348
-0.37074 0.16715 0.20167
-0.37296 0.1675 0.20008
-0.37509 0.168 0.19844
-0.37694 0.16878 0.19657
-0.3788 0.16943 0.19466
-0.28287 0.14519 0.28261
-0.28514 0.14593 0.28128
-0.28757 0.14647 0.28014
-0.29006 0.14695 0.27911
-0.29252 0.14758 0.27803
-0.29491 0.14813 0.27676
-0.29714 0.14862 0.27517
-0.29903 0.14895 0.27317
-0.30098 0.14938 0.27129
-0.30323 0.14995 0.26984
-0.30568 0.15001 0.2686
-0.30803 0.14964 0.26725
-0.31024 0.14982 0.26562
-0.31234 0.15 0.26387
-0.31454 0.14992 0.26224
-0.3168 0.14983 0.26068
-0.31906 0.1499 0.25913
-0.32113 0.15003 0.25732
-0.32311 0.1503 0.25543
-0.3252 0.15084 0.25373
-0.32731 0.1516 0.25215
-0.32933 0.15248 0.25052
-0.33122 0.15326 0.24868
-0.33301 0.15396 0.24672
-0.3348 0.15496 0.24491
-0.33683 0.15537 0.24311
-0.33875 0.15533 0.24115
-0.34048 0.15566 0.23904
-0.34232 0.15633 0.2371
-0.34425 0.15694 0.23525
-0.34626 0.15733 0.23343
-0.34828 0.15755 0.23159
-0.35017 0.158 0.22965
-0.3521 0.15862 0.2278
-0.35412 0.15892 0.22595
-0.35616 0.15944 0.22419
-0.35795 0.15989 0.22217
-0.3595 0.16019 0.21993
-0.36193 0.16157 0.21521
-0.36297 0.16253 0.21286
-0.36423 0.16325 0.21051
-0.3659 0.16389 0.20841
-0.36758 0.16403 0.20626
-0.36934 0.1642 0.20411
-0.28328 0.14333 0.28309
-0.28552 0.14404 0.28171
-0.2879 0.14453 0.28046
-0.29028 0.14497 0.27917
-0.29256 0.14558 0.27779
-0.29494 0.14611 0.27655
-0.29726 0.14659 0.27516
-0.29942 0.14699 0.2735
-0.30137 0.14741 0.27162
-0.30362 0.14796 0.27016
-0.306 0.14798 0.26881
-0.30828 0.14758 0.26735
-0.3105 0.14776 0.26577
-0.31273 0.14796 0.26419
-0.31498 0.1479 0.26263
-0.31708 0.14775 0.26087
-0.3193 0.1478 0.25927
-0.32152 0.14798 0.25768
-0.32362 0.14827 0.25594
-0.32567 0.14879 0.2542
-0.32772 0.14951 0.25253
-0.32961 0.15034 0.25072
-0.3315 0.15111 0.2489
-0.33339 0.15182 0.24706
-0.33519 0.15282 0.24527
-0.33724 0.15322 0.24349
-0.33943 0.15331 0.24185
-0.3413 0.15375 0.23989
-0.34309 0.15437 0.23791
-0.34514 0.15511 0.23624
-0.34731 0.15573 0.23467
-0.34935 0.15594 0.23285
-0.35117 0.15625 0.23081
-0.28359 0.14141 0.28339
-0.28579 0.14209 0.28194
-0.28812 0.14256 0.28058
-0.2904 0.14298 0.27914
-0.29251 0.1436 0.27748
-0.29494 0.14411 0.27634
-0.29738 0.14458 0.27521
-0.29982 0.14506 0.274
-0.30178 0.14546 0.27209
-0.30385 0.14593 0.27038
-0.30622 0.14593 0.26902
-0.30847 0.14552 0.26753
-0.31074 0.1457 0.26602
-0.31301 0.14591 0.26451
-0.31526 0.14585 0.26294
-0.31737 0.14569 0.2612
-0.31958 0.14572 0.2596
-0.32188 0.14593 0.25812
-0.32405 0.14625 0.25648
-0.3261 0.14676 0.25474
-0.32809 0.14744 0.25298
-0.32986 0.1482 0.25104
-0.33175 0.14896 0.24921
-0.3337 0.14968 0.24742
-0.33552 0.15067 0.24566
-0.33761 0.15108 0.24394
-0.33988 0.1512 0.24242
-0.34193 0.15176 0.2407
-0.34388 0.15251 0.23893
-0.34584 0.15315 0.23713
-0.2839 0.13951 0.28372
-0.28606 0.14016 0.2822
-0.28834 0.14061 0.28076
-0.29063 0.14104 0.27932
-0.29272 0.14161 0.27763
-0.29506 0.14212 0.27633
-0.29755 0.14257 0.27528
-0.3001 0.14303 0.27429
-0.30222 0.14351 0.27255
-0.30416 0.14392 0.27067
-0.30643 0.14389 0.26916
-0.30881 0.14351 0.26789
-0.31109 0.14369 0.26638
-0.3133 0.14386 0.26478
-0.31559 0.14381 0.26328
-0.31785 0.14371 0.26174
-0.32014 0.14378 0.26024
-0.32233 0.1439 0.2586
-0.32441 0.14417 0.25683
-0.32648 0.14468 0.25513
-0.32847 0.14534 0.25335
-0.33028 0.14611 0.25145
-0.33214 0.14684 0.24958
-0.33403 0.14752 0.24771
-0.33591 0.14853 0.24601
-0.33812 0.14898 0.24446
-0.28421 0.13761 0.28405
-0.28633 0.13822 0.28244
-0.28862 0.13867 0.28102
-0.29097 0.1391 0.27968
-0.29318 0.13973 0.27818
-0.29541 0.14017 0.27666
-0.29778 0.14057 0.27533
-0.30019 0.14099 0.27409
-0.30241 0.14146 0.27253
-0.30459 0.14193 0.27095
-0.30688 0.1419 0.26945
-0.30934 0.14156 0.26831
-0.31162 0.14172 0.2668
-0.31386 0.1419 0.26522
-0.31613 0.14183 0.26368
-0.31841 0.14173 0.26216
-0.3207 0.14175 0.26063
-0.32274 0.14181 0.2588
-0.32481 0.14207 0.25702
-0.32695 0.14259 0.25539
-0.28451 0.13569 0.28437
-0.28658 0.13629 0.28268
-0.28881 0.1367 0.28114
-0.29113 0.1371 0.27974
-0.29342 0.13772 0.27835
-0.2957 0.13819 0.2769
-0.29803 0.13858 0.27549
-0.30038 0.13898 0.27413
-0.30258 0.13942 0.27252
-0.30491 0.1399 0.27117
-0.3074 0.13997 0.27002
-0.3099 0.13965 0.26892
-0.31213 0.13976 0.2673
-0.3144 0.13994 0.26576
-0.31668 0.13987 0.26422
-0.31888 0.13969 0.26255
-0.32084 0.13962 0.26062
-0.28465 0.13373 0.28447
-0.28686 0.13435 0.28296
-0.28906 0.13475 0.28136
-0.29135 0.13514 0.2799
-0.29357 0.13573 0.27838
-0.29594 0.1362 0.27707
-0.29829 0.13658 0.27568
-0.3006 0.13697 0.27423
-0.30279 0.13739 0.2726
-0.30519 0.13787 0.27138
-0.30779 0.13795 0.27044
-0.31038 0.13761 0.26946
-0.31263 0.13773 0.26781
-0.31478 0.13788 0.26609
-0.31718 0.13779 0.26467
-0.28489 0.1318 0.28468
-0.28707 0.1324 0.28312
-0.28929 0.13279 0.28154
-0.29155 0.13316 0.28001
-0.29392 0.13378 0.27874
-0.29619 0.13421 0.27724
-0.29852 0.13457 0.27579
-0.30082 0.13495 0.27433
-0.30307 0.13538 0.27278
-0.30547 0.13584 0.27152
-0.30802 0.13584 0.27045
-0.3104 0.13547 0.26909
-0.31269 0.1356 0.26754
-0.28511 0.12987 0.28488
-0.28733 0.13047 0.28335
-0.2895 0.13083 0.28168
-0.29172 0.13118 0.28008
-0.29404 0.13176 0.27871
-0.29643 0.13221 0.2774
-0.29869 0.13256 0.27584
-0.30102 0.13293 0.2744
-0.30332 0.13336 0.27294
-0.30567 0.13379 0.27155
-0.308 0.13379 0.27006
-0.31022 0.13347 0.26846
-0.28536 0.12794 0.28509
-0.28756 0.12851 0.28352
-0.28974 0.12888 0.28185
-0.29193 0.12921 0.28019
-0.29419 0.12977 0.27871
-0.29651 0.1302 0.27726
-0.29883 0.13054 0.27579
-0.30114 0.1309 0.27431
-0.30356 0.13132 0.27303
-0.30593 0.13174 0.27163
-0.3081 0.13174 0.2699
-0.28565 0.12603 0.28535
-0.28777 0.12656 0.28366
-0.28998 0.12693 0.28202
-0.2922 0.12725 0.28039
-0.29439 0.12779 0.27877
-0.29667 0.1282 0.27726
-0.29902 0.12854 0.27583
-0.30134 0.12888 0.27434
-0.3037 0.12928 0.27293
-0.28599 0.12413 0.2857
-0.28803 0.12463 0.28389
-0.29027 0.12499 0.28228
-0.29248 0.1253 0.28063
-0.29461 0.12581 0.27893
-0.29692 0.12622 0.27744
-0.29925 0.12654 0.27596
-0.30159 0.12688 0.2745
-0.28624 0.1222 0.28594
-0.28836 0.12273 0.28423
-0.29052 0.12304 0.28249
-0.29268 0.12332 0.28076
-0.29482 0.12382 0.27905
-0.29716 0.12423 0.27761
-0.2865 0.12028 0.28621
-0.28868 0.1208 0.28454
-0.29078 0.12109 0.28271
-0.29293 0.12136 0.28096
-0.28678 0.11836 0.28651
-0.28888 0.11884 0.28471
-0.18354 0.27203 0.27591
-0.18306 0.27414 0.27486
-0.18507 0.27367 0.27427
-0.18406 0.27008 0.27702
-0.18561 0.27167 0.27541
-0.18712 0.27327 0.27373
-0.18617 0.27552 0.27257
-0.18821 0.27511 0.27203
-0.18622 0.26999 0.27685
-0.18773 0.27143 0.27511
-0.1892 0.27291 0.27331
-0.19026 0.27468 0.27153
-0.18867 0.27711 0.27021
-0.19072 0.27668 0.26973
-0.18832 0.2697 0.27666
-0.18982 0.27106 0.27487
-0.19128 0.27245 0.27299
-0.1923 0.27415 0.27115
-0.19269 0.27603 0.26921
-0.19139 0.2785 0.26779
-0.19332 0.27776 0.26719
-0.19034 0.26929 0.2761
-0.19187 0.27068 0.27436
-0.19337 0.27214 0.2726
-0.19435 0.27372 0.27064
-0.19465 0.27542 0.26854
-0.19525 0.27712 0.26649
-0.19436 0.27951 0.26537
-0.19626 0.27882 0.26461
-0.19235 0.26877 0.27553
-0.19396 0.2703 0.27401
-0.19546 0.27178 0.27228
-0.19645 0.27335 0.27032
-0.19667 0.27485 0.26807
-0.19718 0.27638 0.26588
-0.19815 0.27803 0.26393
-0.19762 0.28021 0.26272
-0.19949 0.2794 0.26202
-0.19875 0.28171 0.26076
-0.20064 0.28091 0.26009
-0.19444 0.26837 0.27519
-0.19601 0.26985 0.2736
-0.19749 0.27126 0.2718
-0.19857 0.27305 0.27006
-0.19877 0.27447 0.26774
-0.19918 0.27574 0.26537
-0.19999 0.27718 0.2632
-0.20126 0.27847 0.26118
-0.20244 0.28003 0.2593
-0.2018 0.28246 0.25818
-0.20343 0.2814 0.25719
-0.19645 0.26773 0.27484
-0.19794 0.26909 0.27306
-0.19944 0.27054 0.27129
-0.20059 0.27238 0.26966
-0.20082 0.27391 0.26742
-0.20107 0.27489 0.26486
-0.20184 0.27624 0.2626
-0.20304 0.27747 0.2605
-0.20392 0.27878 0.25831
-0.20483 0.28009 0.2561
-0.20428 0.28251 0.25485
-0.206 0.28142 0.25402
-0.20549 0.28388 0.25282
-0.20726 0.28282 0.25206
-0.19842 0.26733 0.27409
-0.19992 0.26867 0.2723
-0.20145 0.27017 0.2706
-0.20253 0.27193 0.26885
-0.20261 0.27322 0.26645
-0.20288 0.27425 0.26393
-0.20366 0.27559 0.26168
-0.20467 0.2766 0.25937
-0.20558 0.27791 0.25716
-0.20665 0.27934 0.2551
-0.2078 0.28066 0.25301
-0.20913 0.28209 0.25112
-0.2083 0.28455 0.25025
-0.21021 0.28385 0.24936
-0.20926 0.28644 0.24855
-0.20048 0.267 0.27354
-0.20202 0.26839 0.27184
-0.2035 0.26976 0.27002
-0.20436 0.27119 0.26795
-0.20436 0.27231 0.2655
-0.20475 0.27355 0.26311
-0.20545 0.27479 0.26079
-0.20647 0.27578 0.25848
-0.20737 0.27708 0.25626
-0.20841 0.27847 0.25415
-0.20969 0.27987 0.2522
-0.21104 0.28132 0.25036
-0.21208 0.28302 0.24852
-0.21119 0.28574 0.24768
-0.21303 0.28487 0.24678
-0.21201 0.28768 0.24598
-0.21392 0.28684 0.24515
-0.20257 0.26672 0.27308
-0.20418 0.26829 0.27163
-0.20568 0.26968 0.26986
-0.2065 0.2708 0.2676
-0.20647 0.27178 0.2651
-0.2067 0.27277 0.26258
-0.20728 0.27383 0.26015
-0.20823 0.27474 0.25777
-0.20908 0.27597 0.25548
-0.21022 0.27745 0.25347
-0.2116 0.27892 0.25165
-0.21291 0.28029 0.24973
-0.21398 0.28202 0.24794
-0.21492 0.28382 0.24614
-0.21581 0.2858 0.24452
-0.21482 0.28872 0.24344
-0.21676 0.28768 0.24285
-0.2047 0.26644 0.27294
-0.20632 0.26835 0.27192
-0.20779 0.26999 0.2703
-0.20864 0.27112 0.26799
-0.20863 0.27154 0.26531
-0.20867 0.27183 0.26261
-0.20911 0.27267 0.26004
-0.21002 0.2735 0.25762
-0.21081 0.27463 0.25525
-0.21198 0.27612 0.25326
-0.21341 0.27767 0.25158
-0.21478 0.27907 0.24974
-0.21585 0.28079 0.24795
-0.21679 0.28256 0.24614
-0.21769 0.28451 0.24448
-0.21872 0.28653 0.24303
-0.21987 0.28848 0.24158
-0.20685 0.26643 0.2729
-0.20852 0.26842 0.27209
-0.21011 0.27033 0.27059
-0.21092 0.2713 0.26796
-0.21079 0.27139 0.26517
-0.21074 0.27127 0.26246
-0.211 0.27166 0.25979
-0.21182 0.27232 0.25727
-0.21273 0.27359 0.25501
-0.21393 0.27513 0.25311
-0.21542 0.27679 0.25159
-0.21687 0.27834 0.24997
-0.21789 0.2799 0.24805
-0.21881 0.28157 0.24614
-0.2197 0.28352 0.2445
-0.22075 0.2856 0.24314
-0.22195 0.28763 0.24186
-0.2212 0.29005 0.23985
-0.22325 0.28913 0.24006
-0.22263 0.29142 0.238
-0.2247 0.29052 0.23828
-0.20898 0.26608 0.27274
-0.21065 0.26788 0.27164
-0.21225 0.26947 0.26986
-0.21281 0.27022 0.26717
-0.21259 0.27044 0.26446
-0.21249 0.27034 0.26177
-0.21283 0.27077 0.2591
-0.21381 0.27165 0.25671
-0.21479 0.27302 0.25459
-0.21601 0.27461 0.25277
-0.21751 0.27632 0.25134
-0.21898 0.27791 0.24981
-0.22004 0.27947 0.24797
-0.22098 0.28113 0.2461
-0.22183 0.28293 0.24431
-0.22284 0.28491 0.24282
-0.22395 0.28676 0.24128
-0.22537 0.28844 0.23978
-0.22689 0.29 0.23824
-0.22613 0.29216 0.23669
-0.22831 0.29158 0.23661
-0.22754 0.2939 0.23522
-0.22975 0.29336 0.23525
-0.21094 0.26551 0.27204
-0.21244 0.26715 0.27056
-0.21362 0.26838 0.26841
-0.214 0.26897 0.2658
-0.21387 0.26929 0.26315
-0.21403 0.2695 0.26049
-0.21465 0.2703 0.25796
-0.21584 0.27152 0.25587
-0.21689 0.27306 0.25396
-0.21811 0.27464 0.2522
-0.21955 0.27618 0.25056
-0.22103 0.27773 0.24904
-0.22221 0.27957 0.24755
-0.22313 0.28103 0.24553
-0.224 0.28278 0.24372
-0.22501 0.28471 0.24218
-0.22617 0.28662 0.24076
-0.2276 0.28835 0.23935
-0.22909 0.28978 0.23767
-0.23056 0.29148 0.23627
-0.23203 0.2933 0.23499
-0.23109 0.2951 0.23374
-0.23335 0.2949 0.23335
-0.21261 0.26454 0.27108
-0.21385 0.26605 0.26934
-0.21474 0.26711 0.26706
-0.21513 0.26764 0.26452
-0.21527 0.26815 0.26194
-0.2158 0.2688 0.2594
-0.21668 0.27005 0.25718
-0.21794 0.2715 0.25535
-0.219 0.27303 0.25348
-0.22017 0.27442 0.25155
-0.22164 0.27595 0.24994
-0.22316 0.27752 0.24849
-0.22435 0.27931 0.247
-0.22535 0.28094 0.24522
-0.22624 0.28268 0.24344
-0.22725 0.2846 0.24193
-0.22837 0.28637 0.24033
-0.22972 0.28788 0.23864
-0.23133 0.28956 0.23736
-0.23278 0.29118 0.23589
-0.23422 0.29286 0.23445
-0.2356 0.29459 0.23303
-0.23457 0.29658 0.23169
-0.23685 0.29627 0.23144
-0.2144 0.26397 0.27005
-0.21536 0.26527 0.26803
-0.21613 0.26619 0.26571
-0.21675 0.2669 0.26329
-0.21706 0.26762 0.26078
-0.21774 0.26861 0.25842
-0.21872 0.27014 0.25648
-0.21993 0.27141 0.25455
-0.22094 0.2728 0.25255
-0.22223 0.27437 0.25086
-0.22378 0.27597 0.24945
-0.22533 0.27752 0.24803
-0.22655 0.2795 0.24681
-0.22757 0.28123 0.24515
-0.22848 0.28287 0.24333
-0.22947 0.28456 0.24159
-0.23056 0.28613 0.2398
-0.23196 0.28771 0.23822
-0.23356 0.28935 0.23695
-0.23501 0.29091 0.23544
-0.23645 0.29259 0.23403
-0.2379 0.29443 0.23281
-0.23906 0.29585 0.23093
-0.23809 0.29792 0.2298
-0.24022 0.29734 0.22912
-0.23931 0.29976 0.22838
-0.21631 0.26336 0.26929
-0.21732 0.26475 0.26735
-0.21814 0.26568 0.26506
-0.2188 0.26644 0.26268
-0.21912 0.26722 0.2602
-0.2198 0.26829 0.25788
-0.22073 0.26969 0.25586
-0.22193 0.2709 0.25388
-0.22303 0.27244 0.25205
-0.22435 0.27407 0.25046
-0.22595 0.2758 0.24929
-0.22753 0.27746 0.24808
-0.22874 0.27931 0.24671
-0.22979 0.28116 0.24521
-0.2307 0.28265 0.24327
-0.23166 0.28414 0.24136
-0.23278 0.28575 0.23964
-0.23419 0.28732 0.23809
-0.23581 0.28902 0.23694
-0.23726 0.29054 0.2354
-0.23865 0.29203 0.23378
-0.24009 0.29377 0.23243
-0.24119 0.29511 0.23046
-0.2423 0.2965 0.22857
-0.24142 0.29913 0.22762
-0.24329 0.29806 0.22672
-0.24245 0.30072 0.22582
-0.24431 0.29961 0.22489
-0.21831 0.26288 0.26873
-0.21944 0.26458 0.2671
-0.22031 0.26582 0.26494
-0.22097 0.2666 0.26254
-0.22126 0.26701 0.25998
-0.22187 0.26777 0.25752
-0.22279 0.26915 0.25547
-0.22402 0.27044 0.25357
-0.22514 0.27202 0.25181
-0.22646 0.27364 0.25025
-0.22806 0.27533 0.24906
-0.22965 0.277 0.2479
-0.23088 0.27883 0.24653
-0.23185 0.28046 0.24477
-0.2327 0.28183 0.24271
-0.23381 0.28355 0.24109
-0.23494 0.28516 0.23939
-0.23634 0.28672 0.23785
-0.23797 0.2884 0.2367
-0.2394 0.28983 0.23508
-0.24068 0.29115 0.23324
-0.24196 0.29267 0.23157
-0.24322 0.29417 0.22987
-0.24415 0.29538 0.22774
-0.24512 0.2969 0.22587
-0.24626 0.29852 0.22418
-0.2455 0.30119 0.22321
-0.24748 0.3001 0.22253
-0.24669 0.30252 0.22132
-0.24876 0.30147 0.22074
-0.22038 0.26234 0.26852
-0.22165 0.26431 0.26724
-0.2226 0.266 0.26528
-0.22322 0.26684 0.26276
-0.2234 0.26687 0.26007
-0.22392 0.26717 0.25749
-0.22484 0.2685 0.25538
-0.22601 0.26967 0.25338
-0.22707 0.27112 0.25147
-0.22841 0.27275 0.24991
-0.23005 0.27447 0.24878
-0.23167 0.27616 0.24772
-0.23287 0.27792 0.2463
-0.23377 0.27939 0.24438
-0.23474 0.28091 0.2425
-0.23581 0.28256 0.24081
-0.23696 0.2842 0.23918
-0.23838 0.28578 0.23769
-0.23989 0.28727 0.23621
-0.24121 0.2886 0.23443
-0.24244 0.28987 0.23254
-0.2437 0.29136 0.23084
-0.24478 0.2927 0.22892
-0.24591 0.29404 0.22703
-0.24699 0.29562 0.22527
-0.24816 0.29724 0.22363
-0.24938 0.2988 0.22197
-0.25077 0.30026 0.22035
-0.25008 0.30269 0.21888
-0.25215 0.30153 0.21859
-0.25139 0.30381 0.21694
-0.25352 0.3027 0.21674
-0.25268 0.30502 0.21504
-0.25477 0.30381 0.21478
-0.22245 0.26191 0.26794
-0.2237 0.26372 0.2665
-0.22472 0.26529 0.26454
-0.22535 0.26625 0.2621
-0.22527 0.26614 0.25934
-0.22594 0.26687 0.25692
-0.22686 0.26808 0.25479
-0.22802 0.26913 0.25273
-0.22913 0.27064 0.25089
-0.23054 0.27237 0.24952
-0.23218 0.27407 0.24847
-0.23379 0.27572 0.24737
-0.23494 0.27735 0.24577
-0.23585 0.27879 0.24385
-0.23685 0.28033 0.24203
-0.23798 0.28204 0.24047
-0.2391 0.28359 0.23876
-0.24042 0.28501 0.23708
-0.24171 0.28629 0.23526
-0.24298 0.28756 0.23342
-0.24432 0.28889 0.23167
-0.24553 0.29031 0.22992
-0.24659 0.2916 0.22795
-0.2479 0.29306 0.22627
-0.24915 0.2948 0.22483
-0.2503 0.29637 0.22316
-0.25145 0.29781 0.22137
-0.2528 0.2992 0.21969
-0.25428 0.30056 0.21809
-0.25566 0.3017 0.21625
-0.25692 0.30278 0.2143
-0.256 0.30511 0.21292
-0.25805 0.30392 0.2123
-0.25658 0.30671 0.21099
-0.25868 0.30555 0.21044
-0.22426 0.26111 0.267
-0.22541 0.2628 0.2654
-0.22626 0.26415 0.26332
-0.22688 0.26505 0.26097
-0.22699 0.26538 0.25832
-0.2279 0.26646 0.25614
-0.22886 0.26768 0.25408
-0.2301 0.26886 0.25214
-0.23127 0.2705 0.25052
-0.23267 0.27218 0.24916
-0.23431 0.27384 0.24808
-0.23591 0.27538 0.2468
-0.23692 0.27683 0.24493
-0.23794 0.27839 0.24319
-0.239 0.27998 0.2415
-0.24005 0.28153 0.23977
-0.2411 0.28297 0.23793
-0.24226 0.28422 0.23602
-0.2435 0.28542 0.23412
-0.24493 0.28679 0.23249
-0.24628 0.28811 0.23076
-0.24739 0.28943 0.22887
-0.24868 0.29089 0.2272
-0.25009 0.29244 0.22574
-0.25126 0.29407 0.22416
-0.25236 0.29555 0.22238
-0.25357 0.29702 0.22068
-0.255 0.29845 0.21912
-0.25648 0.29979 0.21753
-0.25779 0.3008 0.21558
-0.25901 0.3018 0.21357
-0.26018 0.30293 0.2116
-0.26086 0.30461 0.20981
-0.25909 0.30715 0.20849
-0.26128 0.3062 0.20786
-0.22581 0.26015 0.26583
-0.22669 0.2617 0.264
-0.22752 0.26301 0.26197
-0.22811 0.26382 0.25961
-0.2289 0.26492 0.25743
-0.22986 0.26608 0.25536
-0.23088 0.26738 0.2534
-0.23218 0.26868 0.25161
-0.23334 0.27027 0.24996
-0.23475 0.27195 0.24864
-0.23633 0.27348 0.24733
-0.23748 0.27468 0.24541
-0.23848 0.27612 0.24355
-0.23971 0.27776 0.24201
-0.24092 0.27943 0.24051
-0.24193 0.28091 0.23871
-0.24287 0.28225 0.23674
-0.24411 0.28353 0.2349
-0.24556 0.28489 0.23331
-0.24693 0.28618 0.23159
-0.24817 0.28738 0.22971
-0.24939 0.28877 0.22794
-0.25079 0.2903 0.22647
-0.25217 0.2918 0.22494
-0.25318 0.29327 0.22311
-0.25432 0.29476 0.22135
-0.25577 0.29643 0.22007
-0.25725 0.2979 0.21861
-0.25849 0.2989 0.21661
-0.2599 0.29998 0.21477
-0.26116 0.30098 0.2128
-0.26235 0.30211 0.21086
-0.26296 0.30367 0.20895
-0.26335 0.3052 0.20697
-0.26181 0.30748 0.2057
-0.26394 0.30655 0.2049
-0.26277 0.3088 0.20371
-0.26484 0.30775 0.20283
-0.2272 0.25894 0.26472
-0.22803 0.26046 0.26288
-0.22887 0.26175 0.26085
-0.22986 0.26285 0.25879
-0.23085 0.26421 0.25686
-0.23185 0.26543 0.25486
-0.23289 0.26677 0.25294
-0.23424 0.26818 0.2513
-0.23538 0.26972 0.24962
-0.23656 0.27111 0.24786
-0.23772 0.27242 0.24602
-0.23876 0.27359 0.24402
-0.23989 0.27507 0.24225
-0.24111 0.27669 0.2407
-0.24232 0.27832 0.23917
-0.24349 0.27983 0.2375
-0.24466 0.28129 0.23577
-0.24612 0.2827 0.23422
-0.24742 0.28396 0.23243
-0.2486 0.28511 0.23048
-0.24994 0.28636 0.22871
-0.25132 0.28784 0.22716
-0.25255 0.28925 0.22543
-0.25384 0.29067 0.22376
-0.2551 0.29229 0.22224
-0.25647 0.29395 0.22087
-0.25806 0.2957 0.21978
-0.2591 0.29678 0.21765
-0.26046 0.29786 0.21579
-0.262 0.29903 0.21413
-0.26325 0.29999 0.21213
-0.26449 0.30115 0.21025
-0.26507 0.30265 0.20829
-0.26544 0.30412 0.20626
-0.26601 0.30542 0.20417
-0.26689 0.30657 0.20206
-0.26566 0.30893 0.20071
-0.26779 0.30778 0.19999
-0.26657 0.31021 0.19868
-0.26878 0.30913 0.19804
-0.22893 0.25827 0.26363
-0.22977 0.25978 0.26179
-0.23065 0.2611 0.2598
-0.23177 0.26236 0.2579
-0.23279 0.26378 0.25605
-0.23383 0.26507 0.25413
-0.23493 0.26651 0.25233
-0.23628 0.26788 0.25068
-0.23712 0.26906 0.24859
-0.23813 0.2703 0.24662
-0.2391 0.27149 0.24458
-0.24029 0.27271 0.24269
-0.24138 0.27416 0.24089
-0.24256 0.27576 0.23929
-0.24391 0.27741 0.23789
-0.24522 0.27895 0.23636
-0.24643 0.28041 0.23468
-0.24769 0.28171 0.23289
-0.24892 0.28294 0.23105
-0.25021 0.28413 0.22921
-0.25161 0.28539 0.22749
-0.25288 0.2868 0.2258
-0.25428 0.28826 0.22425
-0.25578 0.28976 0.22285
-0.25722 0.29148 0.22164
-0.25843 0.29301 0.22001
-0.25957 0.29444 0.21826
-0.26094 0.29571 0.21655
-0.26254 0.29696 0.21501
-0.26399 0.29801 0.21322
-0.26531 0.29901 0.21131
-0.26646 0.30002 0.2093
-0.26708 0.30154 0.20737
-0.26758 0.30315 0.20549
-0.26828 0.30457 0.20352
-0.26915 0.30567 0.2014
-0.27011 0.30698 0.19943
-0.27108 0.3083 0.19748
-0.26987 0.31051 0.1962
-0.27211 0.30958 0.19553
-0.27105 0.31165 0.19424
-0.27338 0.31082 0.19371
-0.2309 0.25775 0.26292
-0.23171 0.25923 0.26104
-0.23254 0.26045 0.25898
-0.23366 0.26174 0.2571
-0.23473 0.26322 0.25534
-0.23581 0.26456 0.25349
-0.23684 0.26587 0.25159
-0.23774 0.26685 0.24943
-0.23869 0.26813 0.24745
-0.2398 0.26939 0.24555
-0.2408 0.27056 0.24353
-0.24186 0.27169 0.24152
-0.24292 0.2731 0.23968
-0.2441 0.27468 0.23806
-0.24537 0.2763 0.23657
-0.24672 0.27784 0.23508
-0.24798 0.2793 0.23345
-0.24925 0.28059 0.23168
-0.25053 0.28183 0.22988
-0.25175 0.28297 0.22796
-0.25317 0.28422 0.22624
-0.25466 0.28569 0.22481
-0.25615 0.28716 0.22338
-0.25771 0.28869 0.22209
-0.25909 0.29036 0.22079
-0.26035 0.29188 0.21922
-0.26157 0.29331 0.21753
-0.26305 0.29469 0.216
-0.26461 0.2959 0.21442
-0.26608 0.29691 0.21264
-0.26739 0.29784 0.21069
-0.26869 0.299 0.20886
-0.26934 0.30053 0.20695
-0.26987 0.3022 0.20513
-0.27059 0.30368 0.20323
-0.27148 0.30483 0.20117
-0.27239 0.30605 0.19913
-0.27333 0.30729 0.19713
-0.27438 0.30855 0.19519
-0.27558 0.30967 0.19326
-0.27457 0.31206 0.19185
-0.27665 0.31072 0.19122
-0.27563 0.31299 0.18973
-0.27785 0.31177 0.18924
-0.27692 0.31402 0.18776
-0.27921 0.31289 0.18738
-0.27825 0.31533 0.18598
-0.28056 0.31422 0.18564
-0.23292 0.25732 0.26231
-0.23365 0.25865 0.2603
-0.23452 0.25993 0.2583
-0.23562 0.26118 0.25641
-0.23662 0.26257 0.25456
-0.23762 0.26383 0.25263
-0.23838 0.26486 0.25045
-0.23941 0.26593 0.2484
-0.24039 0.2672 0.24644
-0.2414 0.26839 0.24446
-0.24242 0.26955 0.24247
-0.24354 0.27068 0.2405
-0.24459 0.27207 0.23864
-0.24579 0.27363 0.23703
-0.24708 0.27523 0.23557
-0.24831 0.27671 0.23393
-0.24963 0.27818 0.23237
-0.25088 0.27944 0.23059
-0.25205 0.28061 0.22867
-0.25347 0.28182 0.22695
-0.25502 0.28311 0.22539
-0.2566 0.28461 0.2241
-0.2582 0.28616 0.22291
-0.25978 0.28769 0.22167
-0.26111 0.28929 0.22026
-0.26243 0.29085 0.21879
-0.26371 0.29232 0.21719
-0.26513 0.2936 0.21555
-0.26668 0.29476 0.21393
-0.26828 0.29591 0.21236
-0.26971 0.29702 0.21063
-0.27101 0.29815 0.20878
-0.27174 0.29987 0.20708
-0.27224 0.30145 0.20519
-0.27296 0.30292 0.20328
-0.27379 0.30392 0.20112
-0.27455 0.30486 0.19889
-0.27541 0.30594 0.19675
-0.27655 0.30728 0.19491
-0.27783 0.30848 0.19311
-0.27898 0.30961 0.19118
-0.28022 0.31074 0.1893
-0.28156 0.31178 0.1874
-0.28291 0.31311 0.18568
-0.282 0.31575 0.18422
-0.28431 0.31458 0.18419
-0.28352 0.31703 0.18268
-0.28578 0.31573 0.18251
-0.28485 0.31833 0.18101
-0.28714 0.31705 0.18085
-0.23493 0.25674 0.2618
-0.23566 0.25806 0.2598
-0.23654 0.25936 0.25784
-0.23762 0.26056 0.25592
-0.2385 0.26178 0.25391
-0.23933 0.26283 0.25179
-0.24012 0.26386 0.24963
-0.24119 0.26495 0.24763
-0.24204 0.2661 0.24555
-0.24307 0.26729 0.24359
-0.24414 0.26846 0.24164
-0.24526 0.26959 0.23968
-0.24632 0.27095 0.23784
-0.24751 0.27248 0.23622
-0.24876 0.27403 0.23468
-0.25002 0.2755 0.23309
-0.2514 0.27699 0.2316
-0.25259 0.27819 0.22973
-0.25384 0.27939 0.2279
-0.25535 0.28064 0.22631
-0.25696 0.28197 0.22487
-0.25861 0.28351 0.22375
-0.26019 0.28504 0.22254
-0.26175 0.28652 0.22124
-0.26315 0.28819 0.21999
-0.26447 0.28973 0.21851
-0.26577 0.29118 0.21692
-0.26729 0.29258 0.21549
-0.26887 0.29372 0.2139
-0.27049 0.29492 0.21241
-0.27195 0.29606 0.21073
-0.2733 0.29732 0.20903
-0.27402 0.29898 0.2073
-0.27447 0.30042 0.2053
-0.27501 0.30155 0.20313
-0.27581 0.30252 0.20096
-0.27655 0.3034 0.1987
-0.27754 0.3046 0.19668
-0.27878 0.30609 0.19505
-0.28011 0.3074 0.19337
-0.28134 0.30876 0.19167
-0.28258 0.30987 0.1898
-0.28393 0.31083 0.18789
-0.28527 0.31209 0.18616
-0.28662 0.31339 0.18449
-0.28813 0.31449 0.1828
-0.28951 0.31583 0.18118
-0.2906 0.31744 0.17959
-0.28828 0.31867 0.17929
-0.29139 0.31916 0.17796
-0.23706 0.25665 0.26145
-0.23776 0.25782 0.25936
-0.23857 0.25895 0.25728
-0.23956 0.25996 0.25522
-0.24035 0.26103 0.2531
-0.24116 0.26204 0.25096
-0.24195 0.26305 0.24881
-0.2429 0.264 0.24669
-0.2438 0.26518 0.24466
-0.24482 0.26634 0.24269
-0.24587 0.26749 0.24073
-0.24685 0.26849 0.23865
-0.24782 0.2698 0.23671
-0.2491 0.27133 0.23516
-0.25035 0.27286 0.23362
-0.25175 0.27437 0.23218
-0.25309 0.2758 0.23064
-0.25439 0.27706 0.22891
-0.25576 0.27832 0.22722
-0.2574 0.27969 0.22589
-0.25904 0.28104 0.22456
-0.26066 0.28254 0.22337
-0.26221 0.284 0.22205
-0.2638 0.2855 0.22085
-0.26512 0.28706 0.2194
-0.26644 0.28858 0.21792
-0.26789 0.29017 0.21663
-0.26948 0.29163 0.21535
-0.27115 0.29298 0.21409
-0.27278 0.29415 0.21261
-0.27425 0.29524 0.21092
-0.27555 0.29634 0.20912
-0.27612 0.29769 0.20711
-0.2765 0.29902 0.20504
-0.27701 0.3001 0.20285
-0.27773 0.30095 0.2006
-0.27864 0.30203 0.19849
-0.27976 0.30343 0.1967
-0.28104 0.305 0.1952
-0.28249 0.30663 0.19394
-0.28367 0.30791 0.19212
-0.28495 0.30912 0.19034
-0.28635 0.31034 0.18866
-0.28769 0.31159 0.18696
-0.28905 0.31274 0.1852
-0.29059 0.31397 0.18365
-0.29195 0.31545 0.18218
-0.29301 0.31656 0.1802
-0.29373 0.31808 0.17833
-0.29465 0.3194 0.17644
-0.29231 0.3205 0.17606
-0.29562 0.32038 0.17436
-0.23921 0.25666 0.26141
-0.23984 0.25742 0.25911
-0.2405 0.25818 0.25681
-0.24144 0.25911 0.25468
-0.24224 0.26018 0.25257
-0.243 0.2611 0.25038
-0.24373 0.26201 0.24816
-0.24473 0.26301 0.2461
-0.24555 0.2641 0.24399
-0.24649 0.26516 0.24193
-0.24749 0.26626 0.23993
-0.24832 0.26714 0.23772
-0.24934 0.26846 0.2358
-0.25072 0.27002 0.23437
-0.25202 0.27155 0.23287
-0.25349 0.27308 0.23154
-0.25488 0.27453 0.23006
-0.25633 0.27591 0.22857
-0.25771 0.27718 0.22691
-0.25926 0.27845 0.2254
-0.26094 0.27982 0.22414
-0.26259 0.28133 0.22304
-0.26425 0.2829 0.22201
-0.26585 0.2844 0.2208
-0.26709 0.28583 0.21915
-0.2684 0.28732 0.21762
-0.2699 0.28895 0.21643
-0.27159 0.29055 0.21551
-0.27334 0.29215 0.21468
-0.27502 0.29358 0.21346
-0.27648 0.29459 0.21169
-0.27778 0.29555 0.20979
-0.27826 0.29654 0.20755
-0.27851 0.29761 0.20531
-0.27906 0.29873 0.20315
-0.2798 0.29959 0.20092
-0.28064 0.30057 0.19875
-0.28177 0.30197 0.19697
-0.28302 0.30349 0.19542
-0.28442 0.30498 0.19398
-0.28572 0.30648 0.19246
-0.28708 0.30788 0.1909
-0.28853 0.30938 0.18953
-0.28989 0.31074 0.18794
-0.29126 0.31208 0.18635
-0.2928 0.31341 0.18491
-0.29423 0.31482 0.1834
-0.2953 0.31583 0.18134
-0.29583 0.31673 0.17905
-0.29663 0.3178 0.17694
-0.29742 0.31852 0.17469
-0.2982 0.31901 0.17237
-0.29652 0.321 0.17212
-0.29871 0.31966 0.17001
-0.29709 0.32172 0.16978
-0.29913 0.32061 0.16774
-0.2976 0.32273 0.16755
-0.29978 0.32144 0.16547
-0.24134 0.25641 0.26114
-0.24179 0.25671 0.25868
-0.24237 0.2573 0.25631
-0.24329 0.25818 0.25415
-0.24404 0.25919 0.252
-0.24482 0.26011 0.24982
-0.24561 0.26108 0.24766
-0.24652 0.26196 0.24551
-0.24725 0.26292 0.24332
-0.24826 0.26404 0.24132
-0.24911 0.26498 0.23918
-0.25001 0.26588 0.23701
-0.25106 0.2672 0.23512
-0.25238 0.26873 0.23361
-0.25382 0.27032 0.23232
-0.25527 0.27182 0.23096
-0.25669 0.27329 0.22953
-0.25827 0.27476 0.22825
-0.25955 0.27594 0.22645
-0.26107 0.27717 0.22488
-0.2628 0.27855 0.22369
-0.26449 0.28008 0.22267
-0.26617 0.28165 0.22172
-0.2678 0.28316 0.22058
-0.26907 0.28462 0.219
-0.2704 0.28609 0.21749
-0.27193 0.28774 0.21639
-0.27364 0.28933 0.21551
-0.27539 0.29085 0.21458
-0.27707 0.29223 0.21334
-0.27869 0.29356 0.21197
-0.28013 0.29488 0.21034
-0.28063 0.29594 0.20808
-0.28071 0.29653 0.20563
-0.28117 0.29747 0.20336
-0.28188 0.29827 0.2011
-0.28272 0.29923 0.19893
-0.28383 0.30058 0.19712
-0.28506 0.30202 0.19549
-0.28633 0.30335 0.1938
-0.2876 0.30482 0.19223
-0.28909 0.30635 0.19094
-0.29063 0.30787 0.18966
-0.292 0.30925 0.18811
-0.29354 0.31082 0.18692
-0.29517 0.3122 0.18556
-0.29641 0.31326 0.18359
-0.29743 0.31424 0.18151
-0.29784 0.31509 0.17917
-0.29838 0.31587 0.17686
-0.29909 0.31652 0.17456
-0.29992 0.31703 0.17227
-0.30043 0.31767 0.16992
-0.30072 0.31851 0.1676
-0.30108 0.31916 0.16522
-0.30151 0.31981 0.16282
-0.30039 0.32219 0.16316
-0.3023 0.32069 0.16059
-0.30119 0.32307 0.16094
-0.30235 0.32409 0.15895
-0.30342 0.32169 0.15857
-0.30368 0.32517 0.15712
-0.30487 0.32277 0.15683
-0.30491 0.3262 0.15522
-0.30639 0.32387 0.15515
-0.2433 0.2556 0.26073
-0.24362 0.25573 0.25823
-0.24422 0.25631 0.25585
-0.24513 0.25718 0.25369
-0.24588 0.25818 0.25154
-0.24665 0.25909 0.24936
-0.24741 0.26001 0.24717
-0.24825 0.26078 0.24496
-0.24907 0.26184 0.24285
-0.25002 0.26288 0.24079
-0.25093 0.26385 0.23869
-0.25188 0.26478 0.23657
-0.25292 0.26606 0.23467
-0.25411 0.26748 0.23297
-0.25555 0.26907 0.23165
-0.25706 0.27058 0.23038
-0.25854 0.27208 0.22905
-0.26001 0.27346 0.2276
-0.26131 0.27464 0.2258
-0.26307 0.27606 0.22468
-0.26481 0.27744 0.22356
-0.26648 0.27893 0.22247
-0.26815 0.28048 0.22147
-0.26975 0.28194 0.22024
-0.27098 0.28335 0.21859
-0.27236 0.28485 0.21715
-0.27389 0.28646 0.21602
-0.27549 0.28797 0.21486
-0.27718 0.28945 0.21378
-0.27894 0.29082 0.21268
-0.28071 0.29218 0.21153
-0.28238 0.29362 0.21018
-0.28302 0.29491 0.20796
-0.28281 0.2953 0.20539
-0.28315 0.29604 0.20303
-0.28386 0.29683 0.20075
-0.28485 0.29799 0.19874
-0.28603 0.2994 0.19705
-0.28726 0.30081 0.1954
-0.28841 0.30198 0.19352
-0.28954 0.3033 0.19173
-0.29089 0.30473 0.19019
-0.29212 0.30608 0.18849
-0.29362 0.30751 0.18709
-0.29523 0.30902 0.18594
-0.29686 0.31033 0.18456
-0.29817 0.31146 0.18277
-0.29919 0.31245 0.18072
-0.29956 0.31328 0.17839
-0.30018 0.31412 0.17613
-0.30098 0.31484 0.17388
-0.30183 0.31535 0.17161
-0.30239 0.31603 0.16929
-0.30245 0.31666 0.16689
-0.30244 0.31705 0.16442
-0.30286 0.31768 0.16202
-0.30356 0.3185 0.15976
-0.30445 0.31943 0.15761
-0.30573 0.32047 0.15573
-0.30695 0.32152 0.15383
-0.30731 0.32498 0.15307
-0.30791 0.32262 0.15183
-0.30785 0.32606 0.15087
-0.3087 0.32375 0.14975
-0.30874 0.3273 0.14889
-0.30995 0.32504 0.14799
-0.24475 0.25451 0.25956
-0.24528 0.25488 0.25715
-0.24613 0.25581 0.25499
-0.24705 0.25667 0.25286
-0.24768 0.2575 0.25062
-0.24839 0.2583 0.24838
-0.2492 0.25926 0.24624
-0.25009 0.26007 0.24407
-0.25092 0.2611 0.24197
-0.25186 0.26211 0.23992
-0.25278 0.26306 0.23781
-0.25385 0.26411 0.23583
-0.25489 0.26536 0.23395
-0.25609 0.26675 0.23226
-0.25748 0.26826 0.23085
-0.25897 0.26975 0.22955
-0.26038 0.27117 0.2281
-0.26179 0.27249 0.22653
-0.2634 0.27388 0.22524
-0.26522 0.27535 0.22439
-0.26703 0.27684 0.22357
-0.26872 0.27833 0.22252
-0.2703 0.27967 0.22116
-0.2717 0.28091 0.21953
-0.27291 0.28228 0.21786
-0.27434 0.28379 0.21651
-0.27582 0.28533 0.21526
-0.27729 0.28677 0.21388
-0.27887 0.2882 0.21262
-0.28056 0.28954 0.2114
-0.28226 0.29083 0.21017
-0.28381 0.29214 0.2087
-0.28415 0.29315 0.20643
-0.28446 0.294 0.20412
-0.285 0.29488 0.20186
-0.28598 0.29595 0.19982
-0.28711 0.29726 0.19803
-0.28832 0.29867 0.19638
-0.28946 0.29993 0.19458
-0.29051 0.30098 0.19259
-0.29163 0.30228 0.1908
-0.2927 0.3035 0.18892
-0.29397 0.30485 0.18724
-0.29551 0.30627 0.18591
-0.29702 0.30774 0.18462
-0.29856 0.30899 0.18315
-0.29998 0.31011 0.1815
-0.30109 0.31114 0.17955
-0.30159 0.31205 0.17731
-0.30214 0.31281 0.17502
-0.3029 0.31348 0.17276
-0.30403 0.31422 0.17065
-0.30449 0.31478 0.16824
-0.30409 0.31493 0.16576
-0.30392 0.31518 0.16331
-0.30401 0.31562 0.16085
-0.30449 0.31635 0.15851
-0.30534 0.31726 0.15633
-0.30655 0.31829 0.15441
-0.30768 0.31932 0.15246
-0.30861 0.32041 0.15044
-0.30957 0.32155 0.14845
-0.31082 0.32282 0.1467
-0.31134 0.3264 0.14644
-0.31216 0.32415 0.1451
-0.31262 0.32779 0.14481
-0.31359 0.3255 0.1436
-0.31353 0.329 0.1428
-0.31499 0.32681 0.14202
-0.24639 0.25344 0.25865
-0.24722 0.25421 0.25646
-0.24812 0.25526 0.2544
-0.2489 0.25587 0.25215
-0.24948 0.25659 0.24986
-0.25023 0.25743 0.24766
-0.25103 0.25835 0.24551
-0.25198 0.25922 0.2434
-0.25281 0.26024 0.24132
-0.25377 0.26125 0.23928
-0.25472 0.26223 0.23722
-0.25582 0.26329 0.23528
-0.25685 0.2645 0.23338
-0.25803 0.26583 0.23164
-0.25935 0.26726 0.23012
-0.26077 0.26868 0.22869
-0.2622 0.2701 0.22727
-0.26379 0.27153 0.226
-0.26553 0.27303 0.22509
-0.26735 0.27452 0.22436
-0.26919 0.276 0.22361
-0.27081 0.27734 0.22228
-0.27216 0.27844 0.22052
-0.27345 0.27959 0.21876
-0.27478 0.28102 0.21726
-0.27615 0.28247 0.21581
-0.27751 0.28394 0.21437
-0.279 0.28536 0.21301
-0.28052 0.28675 0.21166
-0.28221 0.28807 0.21044
-0.28401 0.28937 0.20935
-0.28505 0.29047 0.20741
-0.28561 0.29154 0.20527
-0.28634 0.29268 0.20321
-0.2871 0.29379 0.20114
-0.28817 0.29497 0.19925
-0.28932 0.29628 0.19749
-0.2904 0.29751 0.19565
-0.2914 0.29862 0.19369
-0.29257 0.29976 0.19185
-0.29365 0.30099 0.19
-0.29468 0.30216 0.18809
-0.29597 0.30349 0.18644
-0.29751 0.30489 0.18512
-0.29901 0.30634 0.1838
-0.30057 0.30758 0.18236
-0.30221 0.30888 0.18106
-0.3034 0.31001 0.17915
-0.30364 0.31058 0.17673
-0.30399 0.31112 0.17435
-0.30461 0.31167 0.17204
-0.30578 0.31231 0.1699
-0.30621 0.3128 0.16741
-0.30541 0.3128 0.16497
-0.30493 0.31288 0.16253
-0.30515 0.31336 0.16009
-0.30568 0.31408 0.15776
-0.30643 0.31493 0.15555
-0.30739 0.31591 0.15349
-0.30824 0.31689 0.15139
-0.30925 0.31798 0.14941
-0.31041 0.31912 0.14754
-0.31153 0.32036 0.14571
-0.31283 0.32168 0.14406
-0.31426 0.32302 0.14255
-0.3157 0.32432 0.14104
-0.31622 0.32809 0.14028
-0.31691 0.32557 0.13931
-0.31708 0.32926 0.13827
-0.31812 0.32679 0.13756
-0.31785 0.33041 0.13621
-0.3193 0.32806 0.1358
-0.24833 0.25271 0.25806
-0.24917 0.25351 0.2559
-0.24994 0.25434 0.25373
-0.25073 0.25496 0.25149
-0.25143 0.25584 0.24931
-0.25219 0.25668 0.24713
-0.25296 0.25752 0.24495
-0.25394 0.25842 0.24288
-0.2548 0.25948 0.24084
-0.25573 0.26043 0.23877
-0.25676 0.26152 0.23682
-0.25784 0.26252 0.23486
-0.25882 0.26362 0.23289
-0.25996 0.26487 0.23108
-0.26129 0.26628 0.22955
-0.26271 0.26767 0.2281
-0.2642 0.26912 0.22679
-0.26581 0.27057 0.22563
-0.26755 0.27206 0.22474
-0.26936 0.27351 0.22391
-0.27104 0.27488 0.22277
-0.2725 0.27613 0.22123
-0.27389 0.27725 0.21955
-0.27534 0.27847 0.218
-0.27674 0.27994 0.21662
-0.278 0.28128 0.21499
-0.27931 0.2827 0.21348
-0.2809 0.28414 0.21227
-0.2825 0.28553 0.21105
-0.28421 0.28683 0.20984
-0.28595 0.2881 0.20861
-0.28703 0.28921 0.20667
-0.2878 0.29048 0.20471
-0.28854 0.29165 0.20268
-0.28929 0.29275 0.20063
-0.29027 0.29381 0.19864
-0.2914 0.29507 0.19687
-0.2923 0.29611 0.19483
-0.29327 0.29718 0.19285
-0.29443 0.2983 0.19099
-0.29542 0.29946 0.18906
-0.29662 0.30071 0.18733
-0.29798 0.30206 0.18579
-0.29947 0.30342 0.18441
-0.30103 0.30487 0.18321
-0.30277 0.30623 0.18214
-0.30455 0.30765 0.18103
-0.30571 0.30871 0.17888
-0.30545 0.30876 0.17627
-0.30542 0.309 0.17382
-0.30564 0.30937 0.1714
-0.30611 0.30979 0.16903
-0.30643 0.31022 0.16663
-0.30602 0.31035 0.16418
-0.30615 0.31069 0.16172
-0.30647 0.31119 0.15932
-0.30703 0.3119 0.15701
-0.30777 0.31273 0.15482
-0.30847 0.3136 0.15262
-0.30937 0.31458 0.15053
-0.31051 0.31569 0.14865
-0.31169 0.31683 0.14682
-0.31288 0.31805 0.14505
-0.31416 0.31934 0.14338
-0.31566 0.3207 0.14198
-0.31704 0.32198 0.14042
-0.31813 0.32319 0.13857
-0.31938 0.32441 0.13684
-0.32069 0.3257 0.13521
-0.25025 0.25181 0.25771
-0.25107 0.25259 0.25555
-0.25182 0.25336 0.25336
-0.25268 0.25408 0.25119
-0.2534 0.255 0.24904
-0.25418 0.25586 0.24689
-0.25499 0.25677 0.24477
-0.256 0.25775 0.24276
-0.25683 0.25871 0.24067
-0.25778 0.25968 0.23864
-0.25877 0.26067 0.23664
-0.25984 0.26164 0.23467
-0.26078 0.26264 0.23264
-0.26193 0.26384 0.23082
-0.26326 0.26523 0.2293
-0.26466 0.26657 0.22782
-0.26612 0.26798 0.22645
-0.26774 0.26942 0.22529
-0.26941 0.27085 0.22423
-0.27106 0.27223 0.22307
-0.27267 0.27357 0.22183
-0.27436 0.27491 0.22067
-0.27585 0.27611 0.21914
-0.27735 0.27736 0.21766
-0.2786 0.27866 0.21601
-0.2799 0.28001 0.21444
-0.28122 0.28141 0.21294
-0.28273 0.28278 0.21159
-0.28424 0.28411 0.21021
-0.2859 0.28536 0.20891
-0.28746 0.28656 0.20744
-0.28878 0.28773 0.20569
-0.28967 0.28904 0.20381
-0.29012 0.29009 0.2016
-0.29099 0.29125 0.19963
-0.29222 0.29247 0.19789
-0.29323 0.29363 0.19599
-0.29402 0.29458 0.19387
-0.29507 0.29568 0.19195
-0.29614 0.29672 0.19002
-0.29725 0.29794 0.18821
-0.29849 0.2992 0.18652
-0.29989 0.30055 0.18504
-0.30143 0.30192 0.18374
-0.30309 0.30339 0.18272
-0.30494 0.30476 0.18184
-0.30672 0.30611 0.18053
-0.30756 0.3069 0.1781
-0.30727 0.30702 0.17554
-0.30686 0.30695 0.17312
-0.30672 0.3071 0.17067
-0.3068 0.30737 0.16824
-0.30702 0.30777 0.16583
-0.30732 0.30816 0.16344
-0.30755 0.30855 0.16104
-0.30795 0.30908 0.15867
-0.30858 0.30981 0.15641
-0.30911 0.31051 0.15412
-0.30977 0.31133 0.15189
-0.31076 0.31233 0.14987
-0.31191 0.31346 0.14801
-0.31319 0.31463 0.14628
-0.3145 0.31588 0.14464
-0.31579 0.31715 0.14299
-0.31718 0.31846 0.14147
-0.3184 0.31968 0.13973
-0.31961 0.32091 0.138
-0.32101 0.32218 0.13644
-0.32253 0.32358 0.13512
-0.25223 0.25114 0.25714
-0.25304 0.2519 0.25498
-0.25381 0.25267 0.2528
-0.25474 0.25352 0.25072
-0.25547 0.25451 0.24863
-0.25624 0.25534 0.24648
-0.25709 0.25634 0.24443
-0.25806 0.25723 0.24239
-0.25887 0.25811 0.24027
-0.2598 0.25901 0.23821
-0.26082 0.26001 0.23624
-0.26187 0.26091 0.23424
-0.2628 0.26185 0.23219
-0.26397 0.26306 0.23043
-0.26528 0.26437 0.22885
-0.26669 0.26569 0.22737
-0.26817 0.2671 0.22605
-0.26978 0.26851 0.22489
-0.27145 0.26992 0.2238
-0.27301 0.2712 0.22244
-0.2746 0.27252 0.22117
-0.27635 0.27388 0.22014
-0.27791 0.27512 0.21874
-0.2793 0.27623 0.21707
-0.28052 0.2775 0.21539
-0.28189 0.27886 0.21391
-0.2831 0.28015 0.21224
-0.28439 0.28139 0.21059
-0.28576 0.28267 0.20905
-0.28718 0.28387 0.20748
-0.2886 0.28504 0.20589
-0.28992 0.28616 0.20415
-0.29057 0.28738 0.20211
-0.29154 0.2886 0.20024
-0.29278 0.28989 0.1986
-0.294 0.29109 0.19686
-0.2949 0.29215 0.19487
-0.29585 0.29318 0.19288
-0.29684 0.29422 0.19091
-0.29801 0.29531 0.18908
-0.29921 0.29658 0.18739
-0.30052 0.29786 0.18579
-0.30195 0.29921 0.18436
-0.3034 0.30051 0.18291
-0.30503 0.30194 0.18182
-0.3068 0.30327 0.18074
-0.30831 0.30448 0.17909
-0.30896 0.30512 0.17665
-0.30847 0.30514 0.17416
-0.30801 0.30505 0.17176
-0.30799 0.30524 0.16932
-0.30821 0.30557 0.16692
-0.30846 0.30597 0.16453
-0.30878 0.30637 0.16215
-0.30908 0.3068 0.15977
-0.30962 0.30739 0.15747
-0.31011 0.30801 0.15516
-0.31081 0.30878 0.15295
-0.31166 0.30969 0.15085
-0.31262 0.31065 0.14882
-0.31382 0.31179 0.14703
-0.31508 0.31294 0.1453
-0.31626 0.31412 0.14352
-0.3176 0.31538 0.14193
-0.31891 0.31663 0.14031
-0.32022 0.31788 0.13869
-0.32151 0.31912 0.13704
-0.32305 0.32045 0.1357
-0.25437 0.25076 0.25703
-0.25517 0.25145 0.25484
-0.25598 0.2524 0.25275
-0.25692 0.25344 0.25079
-0.25763 0.25437 0.24868
-0.25836 0.25488 0.24642
-0.25913 0.2557 0.24427
-0.26005 0.25644 0.24215
-0.26087 0.25732 0.24004
-0.2618 0.25819 0.23798
-0.26286 0.25925 0.23608
-0.26383 0.25998 0.23397
-0.2648 0.26096 0.23198
-0.26599 0.26215 0.23023
-0.26731 0.26345 0.22867
-0.26873 0.26474 0.22719
-0.27016 0.26607 0.22576
-0.27174 0.26742 0.22451
-0.27333 0.26876 0.22328
-0.2749 0.27003 0.22194
-0.27649 0.27132 0.22065
-0.27815 0.27261 0.21946
-0.2797 0.27383 0.21804
-0.28117 0.27498 0.2165
-0.28246 0.27629 0.21491
-0.28366 0.2775 0.2132
-0.28479 0.27871 0.21143
-0.28604 0.27991 0.20974
-0.28741 0.28117 0.20817
-0.28843 0.28222 0.20623
-0.28971 0.28337 0.20453
-0.2909 0.28445 0.20271
-0.2918 0.28568 0.20082
-0.29303 0.28695 0.19917
-0.29445 0.28829 0.19772
-0.29565 0.28947 0.19597
-0.29663 0.29057 0.19404
-0.29769 0.29165 0.19216
-0.29879 0.29275 0.1903
-0.30004 0.2939 0.18857
-0.30124 0.29515 0.18688
-0.30257 0.29643 0.18532
-0.30389 0.29768 0.18373
-0.30521 0.29889 0.18209
-0.30682 0.30032 0.18097
-0.30847 0.30163 0.17968
-0.30956 0.30269 0.17767
-0.30974 0.30305 0.17521
-0.30938 0.30312 0.17278
-0.3093 0.30326 0.17036
-0.30953 0.30361 0.16797
-0.30986 0.30401 0.16561
-0.31004 0.30433 0.16321
-0.31032 0.30469 0.16083
-0.31075 0.30519 0.1585
-0.31133 0.30579 0.15622
-0.31193 0.30645 0.15396
-0.31274 0.30728 0.15183
-0.31355 0.30814 0.14972
-0.31463 0.30916 0.1478
-0.31578 0.31026 0.14597
-0.31696 0.31135 0.14416
-0.31822 0.31254 0.14247
-0.31979 0.31388 0.14119
-0.32124 0.31521 0.13975
-0.3225 0.31642 0.13805
-0.32363 0.31754 0.13622
-0.25653 0.25072 0.25697
-0.25732 0.2515 0.25481
-0.25813 0.25253 0.25278
-0.25905 0.25372 0.25088
-0.25977 0.25451 0.24871
-0.26049 0.25461 0.2464
-0.26117 0.25504 0.24411
-0.26203 0.25562 0.24191
-0.26286 0.25651 0.23982
-0.26378 0.25734 0.23775
-0.26474 0.25821 0.23571
-0.26574 0.25896 0.23364
-0.26678 0.26002 0.23173
-0.26802 0.26126 0.23007
-0.2694 0.26263 0.22863
-0.2708 0.26386 0.2271
-0.27218 0.26508 0.22554
-0.27369 0.26633 0.22412
-0.27523 0.26761 0.22278
-0.27683 0.26889 0.22149
-0.27844 0.27019 0.22024
-0.28 0.27139 0.21884
-0.28149 0.27255 0.21734
-0.28308 0.27376 0.21597
-0.28436 0.27505 0.21437
-0.28551 0.27619 0.21257
-0.28653 0.2773 0.21068
-0.28775 0.27846 0.20895
-0.28887 0.27958 0.20712
-0.29004 0.28067 0.20531
-0.29111 0.28172 0.20342
-0.29218 0.28273 0.2015
-0.29333 0.28402 0.19982
-0.29458 0.28529 0.19818
-0.29597 0.28661 0.19671
-0.29733 0.28785 0.19515
-0.29842 0.28899 0.19332
-0.29968 0.29021 0.19165
-0.3008 0.29131 0.18981
-0.30197 0.29239 0.18799
-0.30316 0.29362 0.1863
-0.30443 0.29483 0.18464
-0.30576 0.29608 0.18306
-0.30724 0.29738 0.18167
-0.30887 0.29882 0.1806
-0.31052 0.30017 0.17921
-0.31095 0.30074 0.17676
-0.31079 0.30086 0.17432
-0.31087 0.30116 0.17193
-0.31097 0.30143 0.16953
-0.31119 0.30177 0.16715
-0.31148 0.30212 0.16478
-0.31175 0.3025 0.16242
-0.31204 0.30286 0.16004
-0.31259 0.30344 0.15776
-0.31314 0.304 0.15548
-0.31381 0.3047 0.15327
-0.31455 0.30545 0.1511
-0.31551 0.30639 0.1491
-0.3166 0.30741 0.1472
-0.31773 0.30849 0.14536
-0.31887 0.30954 0.1435
-0.32013 0.3107 0.14181
-0.32163 0.31199 0.14042
-0.32309 0.3133 0.13899
-0.32439 0.31452 0.13735
-0.32559 0.31568 0.1356
POLYGONS 13609 54436
3 0 1 2
3 0 3 1
3 3 4 1
3 3 5 4
3 5 6 4
3 5 7 6
3 7 8 6
3 7 9 8
3 9 10 8
3 9 11 10
3 11 12 10
3 11 13 12
3 13 14 12
3 13 15 14
3 15 16 14
3 15 17 16
3 17 18 16
3 17 19 18
3 19 20 18
3 19 21 20
3 21 22 20
3 21 23 22
3 23 24 22
3 23 25 24
3 25 26 24
3 25 27 26
3 27 28 26
3 27 29 28
3 29 30 28
3 29 31 30
3 31 32 30
3 31 33 32
3 33 34 32
3 33 35 34
3 35 36 34
3 35 37 36
3 37 38 36
3 37 39 38
3 39 40 38
3 39 41 40
3 41 42 40
3 41 43 42
3 43 44 42
3 43 45 44
3 45 46 44
3 45 47 46
3 47 48 46
3 47 49 48
3 49 50 48
3 49 51 50
3 51 52 50
3 51 53 52
3 53 54 52
3 53 55 54
3 55 56 54
3 55 57 56
3 57 58 56
3 57 59 58
3 59 60 58
3 59 61 60
3 61 62 60
3 61 63 62
3 63 64 62
3 63 65 64
3 65 66 64
3 65 67 66
3 67 68 66
3 67 69 68
3 69 70 68
3 69 71 70
3 71 72 70
3 71 73 72
3 73 74 72
3 73 75 74
3 75 76 74
3 75 77 76
3 77 78 76
3 77 79 78
3 79 80 78
3 79 81 80
3 81 82 80
3 80 82 83
3 82 84 83
3 82 85 84
3 85 86 84
3 85 87 86
3 87 88 86
3 87 89 88
3 89 90 88
3 89 91 90
3 91 92 90
3 91 93 92
3 93 94 92
3 93 95 94
3 95 96 94
3 95 97 96
3 97 98 96
3 97 99 98
3 99 100 98
3 99 101 100
3 101 102 100
3 101 103 102
3 103 104 102
3 103 105 104
3 105 106 104
3 105 107 106
3 107 108 106
3 107 109 108
3 109 110 108
3 109 111 110
3 111 112 110
3 111 113 112
3 113 114 112
3 113 115 114
3 115 116 114
3 115 117 116
3 117 118 116
3 117 119 118
3 119 120 118
3 119 121 120
3 121 122 120
3 120 122 123
3 122 124 123
3 123 124 125
3 124 126 125
3 125 126 127
3 126 128 127
3 127 128 129
3 128 130 129
3 128 131 130
3 131 132 130
3 130 132 133
3 132 134 133
3 132 135 134
3 135 136 134
3 135 137 136
3 137 138 136
3 137 139 138
3 139 140 138
3 139 141 140
3 141 142 140
3 140 142 143
3 142 144 143
3 143 144 145
3 144 146 145
3 145 146 147
3 146 148 147
3 147 148 149
3 148 150 149
3 149 150 151
3 150 152 151
3 151 152 153
3 2 154 155
3 2 1 154
3 1 156 154
3 1 4 156
3 4 157 156
3 4 6 157
3 6 158 157
3 6 8 158
3 8 159 158
3 8 10 159
3 10 160 159
3 10 12 160
3 12 161 160
3 12 14 161
3 14 162 161
3 14 16 162
3 16 163 162
3 16 18 163
3 18 164 163
3 18 20 164
3 20 165 164
3 20 22 165
3 22 166 165
3 22 24 166
3 24 167 166
3 24 26 167
3 26 168 167
3 26 28 168
3 28 169 168
3 28 30 169
3 30 170 169
3 30 32 170
3 32 171 170
3 32 34 171
3 34 172 171
3 34 36 172
3 36 173 172
3 36 38 173
3 38 174 173
3 38 40 174
3 40 175 174
3 40 42 175
3 42 176 175
3 42 44 176
3 44 177 176
3 44 46 177
3 46 178 177
3 46 48 178
3 48 179 178
3 48 50 179
3 50 180 179
3 50 52 180
3 52 181 180
3 52 54 181
3 54 182 181
3 54 56 182
3 56 183 182
3 56 58 183
3 58 184 183
3 58 60 184
3 60 185 184
3 60 62 185
3 62 186 185
3 62 64 186
3 64 187 186
3 64 66 187
3 66 68 187
3 187 68 188
3 68 70 188
3 188 70 189
3 70 72 189
3 189 72 190
3 72 74 190
3 190 74 191
3 74 76 191
3 191 76 192
3 76 78 192
3 192 78 193
3 78 80 193
3 193 80 194
3 80 83 194
3 194 83 195
3 83 84 195
3 195 84 196
3 84 86 196
3 196 86 197
3 86 88 197
3 197 88 198
3 88 90 198
3 198 90 199
3 90 92 199
3 199 92 200
3 92 94 200
3 200 94 201
3 94 96 201
3 201 96 202
3 96 98 202
3 202 98 203
3 98 100 203
3 203 100 204
3 100 102 204
3 204 102 205
3 102 104 205
3 205 104 206
3 104 106 206
3 206 106 207
3 106 108 207
3 207 108 208
3 108 110 208
3 208 110 209
3 110 112 209
3 209 112 210
3 112 114 210
3 210 114 211
3 114 116 211
3 211 116 212
3 116 118 212
3 212 118 213
3 118 120 213
3 213 120 214
3 120 123 214
3 214 123 215
3 123 125 215
3 215 125 216
3 125 127 216
3 216 127 217
3 127 129 217
3 217 129 218
3 129 130 218
3 218 130 219
3 130 133 219
3 219 133 220
3 133 134 220
3 220 134 221
3 134 136 221
3 221 136 222
3 136 138 222
3 222 138 223
3 138 140 223
3 223 140 224
3 140 143 224
3 224 143 225
3 143 145 225
3 225 145 226
3 145 147 226
3 226 147 227
3 147 149 227
3 227 149 228
3 149 151 228
3 228 151 229
3 151 153 229
3 229 153 230
3 153 231 230
3 230 231 232
3 155 233 234
3 155 154 233
3 154 235 233
3 154 156 235
3 156 236 235
3 156 157 236
3 157 237 236
3 157 158 237
3 158 238 237
3 158 159 238
3 159 239 238
3 159 160 239
3 160 240 239
3 160 161 240
3 161 241 240
3 161 162 241
3 162 242 241
3 162 163 242
3 163 243 242
3 163 164 243
3 164 244 243
3 164 165 244
3 165 245 244
3 165 166 245
3 166 246 245
3 166 167 246
3 167 247 246
3 167 168 247
3 168 248 247
3 168 169 248
3 169 249 248
3 169 170 249
3 170 250 249
3 170 171 250
3 171 251 250
3 171 172 251
3 172 252 251
3 172 173 252
3 173 253 252
3 173 174 253
3 174 254 253
3 174 175 254
3 175 255 254
3 175 176 255
3 176 256 255
3 176 177 256
3 177 178 256
3 256 178 257
3 178 179 257
3 257 179 258
3 179 180 258
3 258 180 259
3 180 181 259
3 259 181 260
3 181 182 260
3 260 182 261
3 182 183 261
3 261 183 262
3 183 263 262
3 183 184 263
3 184 185 263
3 263 185 264
3 185 186 264
3 264 186 265
3 186 187 265
3 265 187 266
3 187 188 266
3 266 188 267
3 188 189 267
3 267 189 268
3 189 190 268
3 268 190 269
3 190 191 269
3 269 191 270
3 191 192 270
3 270 192 271
3 192 193 271
3 271 193 272
3 193 194 272
3 272 194 273
3 194 195 273
3 273 195 274
3 195 196 274
3 274 196 275
3 196 197 275
3 275 197 276
3 197 198 276
3 276 198 277
3 198 199 277
3 277 199 278
3 199 200 278
3 278 200 279
3 200 201 279
3 279 201 280
3 201 202 280
3 280 202 281
3 202 203 281
3 281 203 282
3 203 204 282
3 282 204 283
3 204 205 283
3 283 205 284
3 205 206 284
3 284 206 285
3 206 207 285
3 285 207 286
3 207 208 286
3 286 208 287
3 208 209 287
3 287 209 288
3 209 210 288
3 288 210 289
3 210 211 289
3 289 211 290
3 211 212 290
3 290 212 291
3 212 213 291
3 291 213 292
3 213 214 292
3 292 214 293
3 214 215 293
3 293 215 294
3 215 216 294
3 294 216 295
3 216 217 295
3 295 217 296
3 217 218 296
3 296 218 297
3 218 219 297
3 297 219 298
3 219 220 298
3 298 220 299
3 220 221 299
3 299 221 300
3 221 222 300
3 300 222 301
3 222 223 301
3 301 223 302
3 223 224 302
3 302 224 303
3 224 225 303
3 303 225 304
3 225 226 304
3 304 226 305
3 226 227 305
3 305 227 306
3 227 228 306
3 306 228 307
3 228 229 307
3 307 229 308
3 229 230 308
3 308 230 309
3 230 232 309
3 309 232 310
3 234 311 312
3 234 233 311
3 233 313 311
3 233 235 313
3 235 314 313
3 235 236 314
3 236 315 314
3 236 237 315
3 237 316 315
3 237 238 316
3 238 317 316
3 238 239 317
3 239 318 317
3 239 240 318
3 240 319 318
3 240 241 319
3 241 320 319
3 241 242 320
3 242 321 320
3 242 243 321
3 243 322 321
3 243 244 322
3 244 323 322
3 244 245 323
3 245 324 323
3 245 246 324
3 246 325 324
3 246 247 325
3 247 326 325
3 247 248 326
3 248 327 326
3 248 249 327
3 249 328 327
3 249 250 328
3 250 329 328
3 250 251 329
3 251 330 329
3 251 252 330
3 252 331 330
3 252 253 331
3 253 332 331
3 253 254 332
3 254 255 332
3 332 255 333
3 255 256 333
3 333 256 334
3 256 257 334
3 334 257 335
3 257 258 335
3 335 258 336
3 258 259 336
3 336 259 337
3 259 260 337
3 337 260 338
3 260 261 338
3 338 261 339
3 261 262 339
3 339 262 340
3 262 263 340
3 340 263 341
3 263 264 341
3 341 264 342
3 264 265 342
3 342 265 343
3 265 266 343
3 343 266 344
3 266 267 344
3 344 267 345
3 267 268 345
3 345 268 346
3 268 269 346
3 346 269 347
3 269 270 347
3 347 270 348
3 270 271 348
3 348 271 349
3 271 272 349
3 349 272 350
3 272 273 350
3 350 273 351
3 273 274 351
3 351 274 352
3 274 275 352
3 352 275 353
3 275 276 353
3 353 276 354
3 276 277 354
3 354 277 355
3 277 278 355
3 355 278 356
3 278 279 356
3 356 279 357
3 279 280 357
3 357 280 358
3 280 281 358
3 358 281 359
3 281 282 359
3 359 282 360
3 282 283 360
3 360 283 361
3 283 284 361
3 361 284 362
3 284 285 362
3 362 285 363
3 285 286 363
3 363 286 364
3 286 287 364
3 364 287 365
3 287 288 365
3 365 288 366
3 288 289 366
3 366 289 367
3 289 290 367
3 367 290 368
3 290 291 368
3 368 291 369
3 291 292 369
3 369 292 370
3 292 293 370
3 370 293 371
3 293 294 371
3 371 294 372
3 294 295 372
3 372 295 373
3 295 296 373
3 373 296 374
3 296 297 374
3 374 297 375
3 297 298 375
3 375 298 376
3 298 299 376
3 376 299 377
3 299 300 377
3 377 300 378
3 300 301 378
3 378 301 379
3 301 302 379
3 379 302 380
3 302 303 380
3 380 303 381
3 303 304 381
3 381 304 382
3 304 305 382
3 382 305 383
3 305 306 383
3 383 306 384
3 306 307 384
3 384 307 385
3 307 308 385
3 385 308 386
3 308 309 386
3 386 309 387
3 309 310 387
3 387 310 388
3 310 389 388
3 312 390 391
3 312 311 390
3 311 392 390
3 311 313 392
3 313 393 392
3 313 314 393
3 314 394 393
3 314 315 394
3 315 395 394
3 315 316 395
3 316 396 395
3 316 317 396
3 317 397 396
3 317 318 397
3 318 398 397
3 318 319 398
3 319 399 398
3 319 320 399
3 320 400 399
3 320 321 400
3 321 401 400
3 321 322 401
3 322 402 401
3 322 323 402
3 323 403 402
3 323 324 403
3 324 404 403
3 324 325 404
3 325 405 404
3 325 326 405
3 326 406 405
3 326 327 406
3 327 407 406
3 327 328 407
3 328 408 407
3 328 329 408
3 329 409 408
3 329 330 409
3 330 410 409
3 330 331 410
3 331 411 410
3 331 332 411
3 332 412 411
3 332 333 412
3 333 334 412
3 412 334 413
3 334 335 413
3 413 335 414
3 335 415 414
3 335 336 415
3 336 337 415
3 415 337 416
3 337 338 416
3 416 338 417
3 338 339 417
3 417 339 418
3 339 340 418
3 418 340 419
3 340 341 419
3 419 341 420
3 341 342 420
3 420 342 421
3 342 343 421
3 421 343 422
3 343 344 422
3 422 344 423
3 344 345 423
3 423 345 424
3 345 346 424
3 424 346 425
3 346 347 425
3 425 347 426
3 347 348 426
3 426 348 427
3 348 349 427
3 427 349 428
3 349 350 428
3 428 350 429
3 350 351 429
3 429 351 430
3 351 352 430
3 430 352 431
3 352 353 431
3 431 353 432
3 353 354 432
3 432 354 433
3 354 355 433
3 433 355 434
3 355 356 434
3 434 356 435
3 356 357 435
3 435 357 436
3 357 358 436
3 436 358 437
3 358 359 437
3 437 359 438
3 359 360 438
3 438 360 439
3 360 361 439
3 439 361 440
3 361 362 440
3 440 362 441
3 362 363 441
3 441 363 442
3 363 364 442
3 442 364 443
3 364 365 443
3 443 365 444
3 365 366 444
3 444 366 445
3 366 367 445
3 445 367 446
3 367 368 446
3 446 368 447
3 368 369 447
3 447 369 448
3 369 370 448
3 448 370 449
3 370 371 449
3 449 371 450
3 371 372 450
3 450 372 451
3 372 373 451
3 451 373 452
3 373 374 452
3 452 374 453
3 374 375 453
3 453 375 454
3 375 376 454
3 454 376 455
3 376 377 455
3 455 377 456
3 377 378 456
3 456 378 457
3 378 379 457
3 457 379 458
3 379 380 458
3 458 380 459
3 380 381 459
3 459 381 460
3 381 382 460
3 460 382 461
3 382 383 461
3 461 383 462
3 383 384 462
3 462 384 463
3 384 385 463
3 463 385 464
3 385 386 464
3 464 386 465
3 386 387 465
3 465 387 466
3 387 388 466
3 466 388 467
3 388 468 467
3 467 468 469
3 391 470 471
3 391 390 470
3 390 472 470
3 390 392 472
3 392 473 472
3 392 393 473
3 393 474 473
3 393 394 474
3 394 475 474
3 394 395 475
3 395 476 475
3 395 396 476
3 396 477 476
3 396 397 477
3 397 478 477
3 397 398 478
3 398 479 478
3 398 399 479
3 399 480 479
3 399 400 480
3 400 481 480
3 400 401 481
3 401 482 481
3 401 402 482
3 402 483 482
3 402 403 483
3 403 484 483
3 403 404 484
3 404 485 484
3 404 405 485
3 405 486 485
3 405 406 486
3 406 487 486
3 406 407 487
3 407 488 487
3 407 408 488
3 408 489 488
3 408 409 489
3 409 490 489
3 409 410 490
3 410 491 490
3 410 411 491
3 411 492 491
3 411 412 492
3 412 493 492
3 412 413 493
3 413 494 493
3 413 414 494
3 414 495 494
3 414 415 495
3 415 496 495
3 415 416 496
3 416 417 496
3 496 417 497
3 417 418 497
3 497 418 498
3 418 419 498
3 498 419 499
3 419 420 499
3 499 420 500
3 420 421 500
3 500 421 501
3 421 422 501
3 501 422 502
3 422 423 502
3 502 423 503
3 423 424 503
3 503 424 504
3 424 425 504
3 504 425 505
3 425 426 505
3 505 426 506
3 426 427 506
3 506 427 507
3 427 428 507
3 507 428 508
3 428 429 508
3 508 429 509
3 429 430 509
3 509 430 510
3 430 431 510
3 510 431 511
3 431 432 511
3 511 432 512
3 432 433 512
3 512 433 513
3 433 434 513
3 513 434 514
3 434 435 514
3 514 435 515
3 435 436 515
3 515 436 516
3 436 437 516
3 516 437 517
3 437 438 517
3 517 438 518
3 438 439 518
3 518 439 519
3 439 440 519
3 519 440 520
3 440 441 520
3 520 441 521
3 441 442 521
3 521 442 522
3 442 443 522
3 522 443 523
3 443 444 523
3 523 444 524
3 444 445 524
3 524 445 525
3 445 446 525
3 525 446 526
3 446 447 526
3 526 447 527
3 447 448 527
3 527 448 528
3 448 449 528
3 528 449 529
3 449 450 529
3 529 450 530
3 450 451 530
3 530 451 531
3 451 452 531
3 531 452 532
3 452 453 532
3 532 453 533
3 453 454 533
3 533 454 534
3 454 455 534
3 534 455 535
3 455 456 535
3 535 456 536
3 456 457 536
3 536 457 537
3 457 458 537
3 537 458 538
3 458 459 538
3 538 459 539
3 459 460 539
3 539 460 540
3 460 461 540
3 540 461 541
3 461 462 541
3 541 462 542
3 462 463 542
3 542 463 543
3 463 464 543
3 543 464 544
3 464 465 544
3 544 465 545
3 465 546 545
3 465 466 546
3 466 547 546
3 466 467 547
3 467 548 547
3 467 469 548
3 469 549 548
3 471 550 551
3 471 470 550
3 470 552 550
3 470 472 552
3 472 553 552
3 472 473 553
3 473 554 553
3 473 474 554
3 474 555 554
3 474 475 555
3 475 556 555
3 475 476 556
3 476 557 556
3 476 477 557
3 477 558 557
3 477 478 558
3 478 559 558
3 478 479 559
3 479 560 559
3 479 480 560
3 480 561 560
3 480 481 561
3 481 562 561
3 481 482 562
3 482 563 562
3 482 483 563
3 483 564 563
3 483 484 564
3 484 565 564
3 484 485 565
3 485 566 565
3 485 486 566
3 486 567 566
3 486 487 567
3 487 568 567
3 487 488 568
3 488 569 568
3 488 489 569
3 489 570 569
3 489 490 570
3 490 571 570
3 490 491 571
3 491 572 571
3 491 492 572
3 492 573 572
3 492 493 573
3 493 574 573
3 493 494 574
3 494 575 574
3 494 495 575
3 495 576 575
3 495 496 576
3 496 577 576
3 496 497 577
3 497 578 577
3 497 498 578
3 498 579 578
3 498 499 579
3 499 580 579
3 499 500 580
3 500 581 580
3 500 501 581
3 501 502 581
3 581 502 582
3 502 503 582
3 582 503 583
3 503 584 583
3 503 504 584
3 504 505 584
3 584 505 585
3 505 586 585
3 505 506 586
3 506 507 586
3 586 507 587
3 507 508 587
3 587 508 588
3 508 509 588
3 588 509 589
3 509 590 589
3 509 510 590
3 510 591 590
3 510 511 591
3 511 512 591
3 591 512 592
3 512 513 592
3 592 513 593
3 513 514 593
3 593 514 594
3 514 595 594
3 514 515 595
3 515 596 595
3 515 516 596
3 516 597 596
3 516 517 597
3 517 598 597
3 517 518 598
3 518 519 598
3 598 519 599
3 519 520 599
3 599 520 600
3 520 521 600
3 600 521 601
3 521 522 601
3 601 522 602
3 522 523 602
3 602 523 603
3 523 524 603
3 603 524 604
3 524 525 604
3 604 525 605
3 525 526 605
3 605 526 606
3 526 607 606
3 526 527 607
3 527 528 607
3 607 528 608
3 528 529 608
3 608 529 609
3 529 610 609
3 529 530 610
3 530 531 610
3 610 531 611
3 531 532 611
3 611 532 612
3 532 533 612
3 612 533 613
3 533 534 613
3 613 534 614
3 534 535 614
3 614 535 615
3 535 536 615
3 615 536 616
3 536 537 616
3 616 537 617
3 537 538 617
3 617 538 618
3 538 539 618
3 618 539 619
3 539 540 619
3 619 540 620
3 540 541 620
3 620 541 621
3 541 542 621
3 621 542 622
3 542 543 622
3 622 543 623
3 543 544 623
3 544 545 624
3 545 546 625
3 546 547 626
3 547 548 627
3 551 628 629
3 551 550 628
3 550 630 628
3 550 552 630
3 552 631 630
3 552 553 631
3 553 632 631
3 553 554 632
3 554 633 632
3 554 555 633
3 555 634 633
3 555 556 634
3 556 635 634
3 556 557 635
3 557 636 635
3 557 558 636
3 558 637 636
3 558 559 637
3 559 638 637
3 559 560 638
3 560 639 638
3 560 561 639
3 561 640 639
3 561 562 640
3 562 641 640
3 562 563 641
3 563 642 641
3 563 564 642
3 564 643 642
3 564 565 643
3 565 644 643
3 565 566 644
3 566 645 644
3 566 567 645
3 567 646 645
3 567 568 646
3 568 647 646
3 568 569 647
3 569 570 647
3 647 570 648
3 570 649 648
3 570 571 649
3 571 650 649
3 571 572 650
3 572 651 650
3 572 573 651
3 573 652 651
3 573 574 652
3 574 653 652
3 574 575 653
3 575 654 653
3 575 576 654
3 576 655 654
3 576 577 655
3 577 656 655
3 577 578 656
3 578 657 656
3 578 579 657
3 579 658 657
3 579 580 658
3 580 659 658
3 580 581 659
3 581 582 659
3 659 582 660
3 582 661 660
3 582 583 661
3 583 662 661
3 583 584 662
3 584 663 662
3 584 585 663
3 585 664 663
3 585 586 664
3 586 665 664
3 586 587 665
3 587 666 665
3 587 588 666
3 588 667 666
3 588 589 667
3 589 668 667
3 589 590 668
3 590 591 668
3 668 591 669
3 591 592 669
3 669 592 670
3 592 593 670
3 670 593 671
3 593 594 671
3 671 594 672
3 594 595 672
3 672 595 673
3 595 674 673
3 595 596 674
3 596 675 674
3 596 597 675
3 597 598 675
3 675 598 676
3 598 599 676
3 676 599 677
3 599 600 677
3 677 600 678
3 600 601 678
3 678 601 679
3 601 602 679
3 679 602 680
3 602 603 680
3 680 603 681
3 603 604 681
3 681 604 682
3 604 605 682
3 682 605 683
3 605 606 683
3 683 606 684
3 606 685 684
3 606 607 685
3 607 608 685
3 685 608 686
3 608 609 686
3 686 609 687
3 609 688 687
3 609 610 688
3 610 689 688
3 610 611 689
3 611 690 689
3 611 612 690
3 629 691 692
3 629 628 691
3 628 693 691
3 628 630 693
3 630 694 693
3 630 631 694
3 631 695 694
3 631 632 695
3 632 696 695
3 632 633 696
3 633 697 696
3 633 634 697
3 634 698 697
3 634 635 698
3 635 699 698
3 635 636 699
3 636 700 699
3 636 637 700
3 637 701 700
3 637 638 701
3 638 702 701
3 638 639 702
3 639 703 702
3 639 640 703
3 640 704 703
3 640 641 704
3 641 705 704
3 641 642 705
3 642 706 705
3 642 643 706
3 643 707 706
3 643 644 707
3 644 708 707
3 644 645 708
3 645 709 708
3 645 646 709
3 646 710 709
3 646 647 710
3 647 711 710
3 647 648 711
3 648 712 711
3 648 649 712
3 649 713 712
3 649 650 713
3 650 714 713
3 650 651 714
3 651 715 714
3 651 652 715
3 652 716 715
3 652 653 716
3 653 717 716
3 653 654 717
3 654 718 717
3 654 655 718
3 655 719 718
3 655 656 719
3 656 720 719
3 656 657 720
3 657 721 720
3 657 658 721
3 658 722 721
3 658 659 722
3 659 723 722
3 659 660 723
3 660 724 723
3 660 661 724
3 661 725 724
3 661 662 725
3 662 726 725
3 662 663 726
3 663 727 726
3 663 664 727
3 664 728 727
3 664 665 728
3 665 729 728
3 665 666 729
3 666 730 729
3 666 667 730
3 667 731 730
3 667 668 731
3 668 732 731
3 668 669 732
3 669 733 732
3 669 670 733
3 670 734 733
3 670 671 734
3 671 735 734
3 671 672 735
3 672 736 735
3 672 673 736
3 673 737 736
3 673 674 737
3 674 738 737
3 674 675 738
3 675 739 738
3 675 676 739
3 676 740 739
3 676 677 740
3 677 741 740
3 677 678 741
3 678 742 741
3 678 679 742
3 679 743 742
3 679 680 743
3 680 744 743
3 680 681 744
3 681 745 744
3 681 682 745
3 682 746 745
3 682 683 746
3 683 747 746
3 683 684 747
3 684 748 747
3 684 685 748
3 685 749 748
3 685 686 749
3 692 750 751
3 692 691 750
3 691 752 750
3 691 693 752
3 693 753 752
3 693 694 753
3 694 754 753
3 694 695 754
3 695 755 754
3 695 696 755
3 696 756 755
3 696 697 756
3 697 757 756
3 697 698 757
3 698 758 757
3 698 699 758
3 699 759 758
3 699 700 759
3 700 760 759
3 700 701 760
3 701 761 760
3 701 702 761
3 702 762 761
3 702 703 762
3 703 763 762
3 703 704 763
3 704 764 763
3 704 705 764
3 705 765 764
3 705 706 765
3 706 766 765
3 706 707 766
3 707 767 766
3 707 708 767
3 708 768 767
3 708 709 768
3 709 769 768
3 709 710 769
3 710 711 769
3 769 711 770
3 711 771 770
3 711 712 771
3 712 772 771
3 712 713 772
3 713 773 772
3 713 714 773
3 714 774 773
3 714 715 774
3 715 775 774
3 715 716 775
3 716 776 775
3 716 717 776
3 717 777 776
3 717 718 777
3 718 778 777
3 718 719 778
3 719 779 778
3 719 720 779
3 720 780 779
3 720 721 780
3 721 781 780
3 721 722 781
3 722 782 781
3 722 723 782
3 723 783 782
3 723 724 783
3 724 784 783
3 724 725 784
3 725 785 784
3 725 726 785
3 726 786 785
3 726 727 786
3 727 787 786
3 727 728 787
3 728 788 787
3 728 729 788
3 729 789 788
3 729 730 789
3 730 790 789
3 730 731 790
3 731 791 790
3 731 732 791
3 732 733 791
3 791 733 792
3 733 734 792
3 792 734 793
3 734 735 793
3 793 735 794
3 735 795 794
3 735 736 795
3 736 796 795
3 736 737 796
3 737 797 796
3 737 738 797
3 738 739 797
3 797 739 798
3 739 740 798
3 798 740 799
3 740 741 799
3 799 741 800
3 741 742 800
3 800 742 801
3 742 743 801
3 751 802 803
3 751 750 802
3 750 804 802
3 750 752 804
3 752 805 804
3 752 753 805
3 753 806 805
3 753 754 806
3 754 807 806
3 754 755 807
3 755 808 807
3 755 756 808
3 756 809 808
3 756 757 809
3 757 810 809
3 757 758 810
3 758 811 810
3 758 759 811
3 759 812 811
3 759 760 812
3 760 813 812
3 760 761 813
3 761 814 813
3 761 762 814
3 762 815 814
3 762 763 815
3 763 816 815
3 763 764 816
3 764 817 816
3 764 765 817
3 765 818 817
3 765 766 818
3 766 819 818
3 766 767 819
3 767 820 819
3 767 768 820
3 768 821 820
3 768 769 821
3 769 822 821
3 769 770 822
3 770 823 822
3 770 771 823
3 771 824 823
3 771 772 824
3 772 825 824
3 772 773 825
3 773 826 825
3 773 774 826
3 774 827 826
3 774 775 827
3 775 828 827
3 775 776 828
3 776 829 828
3 776 777 829
3 777 830 829
3 777 778 830
3 778 831 830
3 778 779 831
3 779 832 831
3 779 780 832
3 780 833 832
3 780 781 833
3 781 834 833
3 781 782 834
3 782 835 834
3 782 783 835
3 783 836 835
3 783 784 836
3 784 837 836
3 784 785 837
3 785 838 837
3 785 786 838
3 786 839 838
3 786 787 839
3 787 840 839
3 787 788 840
3 788 841 840
3 788 789 841
3 789 842 841
3 789 790 842
3 790 843 842
3 790 791 843
3 791 844 843
3 791 792 844
3 792 845 844
3 792 793 845
3 793 846 845
3 793 794 846
3 794 847 846
3 794 795 847
3 795 848 847
3 795 796 848
3 796 797 849
3 803 850 851
3 803 802 850
3 802 852 850
3 802 804 852
3 804 853 852
3 804 805 853
3 805 854 853
3 805 806 854
3 806 855 854
3 806 807 855
3 807 856 855
3 807 808 856
3 808 857 856
3 808 809 857
3 809 858 857
3 809 810 858
3 810 859 858
3 810 811 859
3 811 860 859
3 811 812 860
3 812 861 860
3 812 813 861
3 813 862 861
3 813 814 862
3 814 863 862
3 814 815 863
3 815 864 863
3 815 816 864
3 816 865 864
3 816 817 865
3 817 866 865
3 817 818 866
3 818 867 866
3 818 819 867
3 819 868 867
3 819 820 868
3 820 821 868
3 868 821 869
3 821 822 869
3 869 822 870
3 822 871 870
3 822 823 871
3 823 872 871
3 823 824 872
3 824 873 872
3 824 825 873
3 825 874 873
3 825 826 874
3 826 875 874
3 826 827 875
3 827 876 875
3 827 828 876
3 828 877 876
3 828 829 877
3 829 878 877
3 829 830 878
3 830 879 878
3 830 831 879
3 831 880 879
3 831 832 880
3 832 881 880
3 832 833 881
3 833 882 881
3 833 834 882
3 834 883 882
3 834 835 883
3 835 884 883
3 835 836 884
3 836 885 884
3 836 837 885
3 837 886 885
3 837 838 886
3 838 887 886
3 838 839 887
3 839 888 887
3 839 840 888
3 840 889 888
3 840 841 889
3 841 890 889
3 841 842 890
3 842 843 891
3 851 892 893
3 851 850 892
3 850 894 892
3 850 852 894
3 852 895 894
3 852 853 895
3 853 896 895
3 853 854 896
3 854 897 896
3 854 855 897
3 855 898 897
3 855 856 898
3 856 899 898
3 856 857 899
3 857 900 899
3 857 858 900
3 858 901 900
3 858 859 901
3 859 902 901
3 859 860 902
3 860 903 902
3 860 861 903
3 861 904 903
3 861 862 904
3 862 905 904
3 862 863 905
3 863 906 905
3 863 864 906
3 864 907 906
3 864 865 907
3 865 908 907
3 865 866 908
3 866 909 908
3 866 867 909
3 867 910 909
3 867 868 910
3 868 911 910
3 868 869 911
3 869 912 911
3 869 870 912
3 870 913 912
3 870 871 913
3 871 914 913
3 871 872 914
3 872 915 914
3 872 873 915
3 873 916 915
3 873 874 916
3 874 917 916
3 874 875 917
3 875 918 917
3 875 876 918
3 876 919 918
3 876 877 919
3 877 920 919
3 877 878 920
3 878 921 920
3 878 879 921
3 879 922 921
3 879 880 922
3 880 923 922
3 880 881 923
3 881 924 923
3 881 882 924
3 882 925 924
3 882 883 925
3 883 926 925
3 883 884 926
3 884 927 926
3 884 885 927
3 885 928 927
3 885 886 928
3 886 887 929
3 893 930 931
3 893 892 930
3 892 932 930
3 892 894 932
3 894 933 932
3 894 895 933
3 895 934 933
3 895 896 934
3 896 935 934
3 896 897 935
3 897 936 935
3 897 898 936
3 898 937 936
3 898 899 937
3 899 938 937
3 899 900 938
3 900 939 938
3 900 901 939
3 901 940 939
3 901 902 940
3 902 941 940
3 902 903 941
3 903 942 941
3 903 904 942
3 904 943 942
3 904 905 943
3 905 944 943
3 905 906 944
3 906 945 944
3 906 907 945
3 907 946 945
3 907 908 946
3 908 947 946
3 908 909 947
3 909 948 947
3 909 910 948
3 910 949 948
3 910 911 949
3 911 950 949
3 911 912 950
3 912 951 950
3 912 913 951
3 913 952 951
3 913 914 952
3 914 953 952
3 914 915 953
3 915 954 953
3 915 916 954
3 916 955 954
3 916 917 955
3 917 956 955
3 917 918 956
3 918 957 956
3 918 919 957
3 919 958 957
3 919 920 958
3 920 959 958
3 920 921 959
3 921 960 959
3 921 922 960
3 922 961 960
3 922 923 961
3 923 962 961
3 923 924 962
3 924 963 962
3 924 925 963
3 931 964 965
3 931 930 964
3 930 966 964
3 930 932 966
3 932 967 966
3 932 933 967
3 933 968 967
3 933 934 968
3 934 969 968
3 934 935 969
3 935 970 969
3 935 936 970
3 936 971 970
3 936 937 971
3 937 972 971
3 937 938 972
3 938 973 972
3 938 939 973
3 939 974 973
3 939 940 974
3 940 975 974
3 940 941 975
3 941 976 975
3 941 942 976
3 942 977 976
3 942 943 977
3 943 978 977
3 943 944 978
3 944 979 978
3 944 945 979
3 945 980 979
3 945 946 980
3 946 981 980
3 946 947 981
3 947 982 981
3 947 948 982
3 948 949 982
3 982 949 983
3 949 950 983
3 983 950 984
3 950 985 984
3 950 951 985
3 951 986 985
3 951 952 986
3 952 987 986
3 952 953 987
3 953 988 987
3 953 954 988
3 954 989 988
3 954 955 989
3 955 990 989
3 955 956 990
3 956 991 990
3 956 957 991
3 957 992 991
3 957 958 992
3 958 993 992
3 958 959 993
3 959 994 993
3 959 960 994
3 965 995 996
3 965 964 995
3 964 997 995
3 964 966 997
3 966 998 997
3 966 967 998
3 967 999 998
3 967 968 999
3 968 1000 999
3 968 969 1000
3 969 1001 1000
3 969 970 1001
3 970 1002 1001
3 970 971 1002
3 971 1003 1002
3 971 972 1003
3 972 1004 1003
3 972 973 1004
3 973 1005 1004
3 973 974 1005
3 974 1006 1005
3 974 975 1006
3 975 1007 1006
3 975 976 1007
3 976 1008 1007
3 976 977 1008
3 977 1009 1008
3 977 978 1009
3 978 1010 1009
3 978 979 1010
3 979 1011 1010
3 979 980 1011
3 980 1012 1011
3 980 981 1012
3 981 1013 1012
3 981 982 1013
3 982 983 1013
3 1013 983 1014
3 983 984 1014
3 1014 984 1015
3 984 1016 1015
3 984 985 1016
3 985 1017 1016
3 985 986 1017
3 986 1018 1017
3 986 987 1018
3 987 1019 1018
3 987 988 1019
3 988 1020 1019
3 988 989 1020
3 989 1021 1020
3 989 990 1021
3 990 1022 1021
3 990 991 1022
3 996 1023 1024
3 996 995 1023
3 995 1025 1023
3 995 997 1025
3 997 1026 1025
3 997 998 1026
3 998 1027 1026
3 998 999 1027
3 999 1028 1027
3 999 1000 1028
3 1000 1029 1028
3 1000 1001 1029
3 1001 1030 1029
3 1001 1002 1030
3 1002 1031 1030
3 1002 1003 1031
3 1003 1032 1031
3 1003 1004 1032
3 1004 1033 1032
3 1004 1005 1033
3 1005 1034 1033
3 1005 1006 1034
3 1006 1035 1034
3 1006 1007 1035
3 1007 1036 1035
3 1007 1008 1036
3 1008 1037 1036
3 1008 1009 1037
3 1009 1038 1037
3 1009 1010 1038
3 1010 1039 1038
3 1010 1011 1039
3 1011 1040 1039
3 1011 1012 1040
3 1012 1041 1040
3 1012 1013 1041
3 1013 1042 1041
3 1013 1014 1042
3 1014 1043 1042
3 1014 1015 1043
3 1015 1044 1043
3 1015 1016 1044
3 1016 1045 1044
3 1016 1017 1045
3 1017 1046 1045
3 1017 1018 1046
3 1024 1047 1048
3 1024 1023 1047
3 1023 1049 1047
3 1023 1025 1049
3 1025 1050 1049
3 1025 1026 1050
3 1026 1051 1050
3 1026 1027 1051
3 1027 1052 1051
3 1027 1028 1052
3 1028 1053 1052
3 1028 1029 1053
3 1029 1054 1053
3 1029 1030 1054
3 1030 1055 1054
3 1030 1031 1055
3 1031 1056 1055
3 1031 1032 1056
3 1032 1057 1056
3 1032 1033 1057
3 1033 1058 1057
3 1033 1034 1058
3 1034 1059 1058
3 1034 1035 1059
3 1035 1060 1059
3 1035 1036 1060
3 1036 1061 1060
3 1036 1037 1061
3 1037 1062 1061
3 1037 1038 1062
3 1038 1063 1062
3 1038 1039 1063
3 1039 1064 1063
3 1039 1040 1064
3 1040 1065 1064
3 1040 1041 1065
3 1041 1066 1065
3 1041 1042 1066
3 1042 1067 1066
3 1042 1043 1067
3 1043 1068 1067
3 1043 1044 1068
3 1048 1069 1070
3 1048 1047 1069
3 1047 1071 1069
3 1047 1049 1071
3 1049 1072 1071
3 1049 1050 1072
3 1050 1073 1072
3 1050 1051 1073
3 1051 1074 1073
3 1051 1052 1074
3 1052 1075 1074
3 1052 1053 1075
3 1053 1076 1075
3 1053 1054 1076
3 1054 1077 1076
3 1054 1055 1077
3 1055 1078 1077
3 1055 1056 1078
3 1056 1079 1078
3 1056 1057 1079
3 1057 1080 1079
3 1057 1058 1080
3 1058 1081 1080
3 1058 1059 1081
3 1059 1082 1081
3 1059 1060 1082
3 1060 1083 1082
3 1060 1061 1083
3 1061 1084 1083
3 1061 1062 1084
3 1062 1085 1084
3 1062 1063 1085
3 1063 1086 1085
3 1063 1064 1086
3 1064 1087 1086
3 1064 1065 1087
3 1065 1088 1087
3 1065 1066 1088
3 1070 1089 1090
3 1070 1069 1089
3 1069 1091 1089
3 1069 1071 1091
3 1071 1092 1091
3 1071 1072 1092
3 1072 1093 1092
3 1072 1073 1093
3 1073 1094 1093
3 1073 1074 1094
3 1074 1095 1094
3 1074 1075 1095
3 1075 1096 1095
3 1075 1076 1096
3 1076 1097 1096
3 1076 1077 1097
3 1077 1098 1097
3 1077 1078 1098
3 1078 1099 1098
3 1078 1079 1099
3 1079 1100 1099
3 1079 1080 1100
3 1080 1101 1100
3 1080 1081 1101
3 1081 1102 1101
3 1081 1082 1102
3 1082 1103 1102
3 1082 1083 1103
3 1083 1104 1103
3 1083 1084 1104
3 1084 1105 1104
3 1084 1085 1105
3 1085 1106 1105
3 1085 1086 1106
3 1086 1107 1106
3 1086 1087 1107
3 1090 1108 1109
3 1090 1089 1108
3 1089 1110 1108
3 1089 1091 1110
3 1091 1111 1110
3 1091 1092 1111
3 1092 1112 1111
3 1092 1093 1112
3 1093 1113 1112
3 1093 1094 1113
3 1094 1114 1113
3 1094 1095 1114
3 1095 1115 1114
3 1095 1096 1115
3 1096 1116 1115
3 1096 1097 1116
3 1097 1117 1116
3 1097 1098 1117
3 1098 1118 1117
3 1098 1099 1118
3 1099 1119 1118
3 1099 1100 1119
3 1100 1120 1119
3 1100 1101 1120
3 1101 1121 1120
3 1101 1102 1121
3 1102 1122 1121
3 1102 1103 1122
3 1103 1123 1122
3 1103 1104 1123
3 1104 1124 1123
3 1104 1105 1124
3 1105 1125 1124
3 1105 1106 1125
3 1109 1126 1127
3 1109 1108 1126
3 1108 1128 1126
3 1108 1110 1128
3 1110 1129 1128
3 1110 1111 1129
3 1111 1130 1129
3 1111 1112 1130
3 1112 1131 1130
3 1112 1113 1131
3 1113 1132 1131
3 1113 1114 1132
3 1114 1133 1132
3 1114 1115 1133
3 1115 1134 1133
3 1115 1116 1134
3 1116 1135 1134
3 1116 1117 1135
3 1117 1136 1135
3 1117 1118 1136
3 1118 1137 1136
3 1118 1119 1137
3 1119 1138 1137
3 1119 1120 1138
3 1120 1139 1138
3 1120 1121 1139
3 1121 1140 1139
3 1121 1122 1140
3 1122 1141 1140
3 1122 1123 1141
3 1123 1142 1141
3 1123 1124 1142
3 1127 1143 1144
3 1127 1126 1143
3 1126 1145 1143
3 1126 1128 1145
3 1128 1146 1145
3 1128 1129 1146
3 1129 1147 1146
3 1129 1130 1147
3 1130 1148 1147
3 1130 1131 1148
3 1131 1149 1148
3 1131 1132 1149
3 1132 1150 1149
3 1132 1133 1150
3 1133 1151 1150
3 1133 1134 1151
3 1134 1152 1151
3 1134 1135 1152
3 1135 1153 1152
3 1135 1136 1153
3 1136 1154 1153
3 1136 1137 1154
3 1137 1155 1154
3 1137 1138 1155
3 1138 1156 1155
3 1138 1139 1156
3 1139 1157 1156
3 1139 1140 1157
3 1140 1158 1157
3 1140 1141 1158
3 1144 1159 1160
3 1144 1143 1159
3 1143 1161 1159
3 1143 1145 1161
3 1145 1162 1161
3 1145 1146 1162
3 1146 1163 1162
3 1146 1147 1163
3 1147 1164 1163
3 1147 1148 1164
3 1148 1165 1164
3 1148 1149 1165
3 1149 1166 1165
3 1149 1150 1166
3 1150 1167 1166
3 1150 1151 1167
3 1151 1168 1167
3 1151 1152 1168
3 1152 1169 1168
3 1152 1153 1169
3 1153 1170 1169
3 1153 1154 1170
3 1154 1171 1170
3 1154 1155 1171
3 1155 1172 1171
3 1155 1156 1172
3 1156 1173 1172
3 1156 1157 1173
3 1160 1174 1175
3 1160 1159 1174
3 1159 1176 1174
3 1159 1161 1176
3 1161 1177 1176
3 1161 1162 1177
3 1162 1178 1177
3 1162 1163 1178
3 1163 1179 1178
3 1163 1164 1179
3 1164 1180 1179
3 1164 1165 1180
3 1165 1181 1180
3 1165 1166 1181
3 1166 1182 1181
3 1166 1167 1182
3 1167 1183 1182
3 1167 1168 1183
3 1168 1184 1183
3 1168 1169 1184
3 1169 1185 1184
3 1169 1170 1185
3 1170 1186 1185
3 1170 1171 1186
3 1171 1187 1186
3 1171 1172 1187
3 1175 1188 1189
3 1175 1174 1188
3 1174 1190 1188
3 1174 1176 1190
3 1176 1191 1190
3 1176 1177 1191
3 1177 1192 1191
3 1177 1178 1192
3 1178 1193 1192
3 1178 1179 1193
3 1179 1194 1193
3 1179 1180 1194
3 1180 1195 1194
3 1180 1181 1195
3 1181 1196 1195
3 1181 1182 1196
3 1182 1197 1196
3 1182 1183 1197
3 1183 1198 1197
3 1183 1184 1198
3 1184 1199 1198
3 1184 1185 1199
3 1185 1200 1199
3 1185 1186 1200
3 1189 1201 1202
3 1189 1188 1201
3 1188 1203 1201
3 1188 1190 1203
3 1190 1204 1203
3 1190 1191 1204
3 1191 1205 1204
3 1191 1192 1205
3 1192 1206 1205
3 1192 1193 1206
3 1193 1207 1206
3 1193 1194 1207
3 1194 1208 1207
3 1194 1195 1208
3 1195 1209 1208
3 1195 1196 1209
3 1196 1210 1209
3 1196 1197 1210
3 1197 1211 1210
3 1197 1198 1211
3 1198 1212 1211
3 1198 1199 1212
3 1202 1213 1214
3 1202 1201 1213
3 1201 1215 1213
3 1201 1203 1215
3 1203 1216 1215
3 1203 1204 1216
3 1204 1217 1216
3 1204 1205 1217
3 1205 1218 1217
3 1205 1206 1218
3 1206 1219 1218
3 1206 1207 1219
3 1207 1220 1219
3 1207 1208 1220
3 1208 1221 1220
3 1208 1209 1221
3 1209 1222 1221
3 1209 1210 1222
3 1210 1211 1223
3 1214 1224 1225
3 1214 1213 1224
3 1213 1226 1224
3 1213 1215 1226
3 1215 1227 1226
3 1215 1216 1227
3 1216 1228 1227
3 1216 1217 1228
3 1217 1229 1228
3 1217 1218 1229
3 1218 1230 1229
3 1218 1219 1230
3 1219 1231 1230
3 1219 1220 1231
3 1220 1232 1231
3 1220 1221 1232
3 1225 1233 1234
3 1225 1224 1233
3 1224 1235 1233
3 1224 1226 1235
3 1226 1236 1235
3 1226 1227 1236
3 1227 1237 1236
3 1227 1228 1237
3 1228 1238 1237
3 1228 1229 1238
3 1229 1239 1238
3 1229 1230 1239
3 1230 1231 1240
3 1234 1241 1242
3 1234 1233 1241
3 1233 1243 1241
3 1233 1235 1243
3 1235 1244 1243
3 1235 1236 1244
3 1236 1245 1244
3 1236 1237 1245
3 1237 1246 1245
3 1237 1238 1246
3 1242 1247 1248
3 1242 1241 1247
3 1241 1249 1247
3 1241 1243 1249
3 1243 1250 1249
3 1243 1244 1250
3 1244 1251 1250
3 1244 1245 1251
3 1248 1252 1253
3 1248 1247 1252
3 1247 1254 1252
3 1247 1249 1254
3 1249 1255 1254
3 1249 1250 1255
3 1253 1256 1257
3 1253 1252 1256
3 1252 1258 1256
3 1252 1254 1258
3 1257 1259 1260
3 0 1261 3
3 0 1262 1261
3 1262 1263 1261
3 1262 1264 1263
3 1264 1265 1263
3 1264 1266 1265
3 1266 1267 1265
3 1266 1268 1267
3 1268 1269 1267
3 1268 1270 1269
3 1270 1271 1269
3 1270 1272 1271
3 1272 1273 1271
3 1272 1274 1273
3 1274 1275 1273
3 1274 1276 1275
3 1276 1277 1275
3 1276 1278 1277
3 1278 1279 1277
3 1278 1280 1279
3 1280 1281 1279
3 1280 1282 1281
3 1282 1283 1281
3 1282 1284 1283
3 1284 1285 1283
3 1284 1286 1285
3 1286 1287 1285
3 1286 1288 1287
3 1288 1289 1287
3 1288 1290 1289
3 1290 1291 1289
3 1290 1292 1291
3 1292 1293 1291
3 1292 1294 1293
3 1294 1295 1293
3 1294 1296 1295
3 1296 1297 1295
3 1296 1298 1297
3 1298 1299 1297
3 1298 1300 1299
3 1300 1301 1299
3 1300 1302 1301
3 1302 1303 1301
3 1302 1304 1303
3 1304 1305 1303
3 1304 1306 1305
3 1306 1307 1305
3 1306 1308 1307
3 1308 1309 1307
3 1308 1310 1309
3 1310 1311 1309
3 1310 1312 1311
3 1312 1313 1311
3 1312 1314 1313
3 1314 1315 1313
3 1314 1316 1315
3 1316 1317 1315
3 1316 1318 1317
3 1318 1319 1317
3 1318 1320 1319
3 1320 1321 1319
3 1320 1322 1321
3 1322 1323 1321
3 1322 1324 1323
3 1324 1325 1323
3 1324 1326 1325
3 1326 1327 1325
3 1326 1328 1327
3 1328 1329 1327
3 1328 1330 1329
3 1330 1331 1329
3 1330 1332 1331
3 1332 1333 1331
3 1332 1334 1333
3 1334 1335 1333
3 1334 1336 1335
3 1336 1337 1335
3 1336 1338 1337
3 1338 1339 1337
3 1338 1340 1339
3 1340 1341 1339
3 1340 1342 1341
3 1342 1343 1341
3 1342 1344 1343
3 1344 1345 1343
3 1344 1346 1345
3 1346 1347 1345
3 1346 1348 1347
3 1348 1349 1347
3 1348 1350 1349
3 1350 1351 1349
3 1350 1352 1351
3 1352 1353 1351
3 1352 1354 1353
3 1354 1355 1353
3 1354 1356 1355
3 1356 1357 1355
3 1356 1358 1357
3 1358 1359 1357
3 1358 1360 1359
3 1360 1361 1359
3 1360 1362 1361
3 1362 1363 1361
3 1362 1364 1363
3 1364 1365 1363
3 1364 1366 1365
3 1366 1367 1365
3 1366 1368 1367
3 1368 1369 1367
3 1368 1370 1369
3 1370 1371 1369
3 1370 1372 1371
3 1372 1373 1371
3 1372 1374 1373
3 1374 1375 1373
3 1374 1376 1375
3 1376 1377 1375
3 1376 1378 1377
3 1378 1379 1377
3 1378 1380 1379
3 1380 1381 1379
3 1380 1382 1381
3 1382 1383 1381
3 1382 1384 1383
3 1384 1385 1383
3 1384 1386 1385
3 1386 1387 1385
3 1385 1387 1388
3 1387 1389 1388
3 1387 1390 1389
3 1390 1391 1389
3 1389 1391 1392
3 3 1393 5
3 3 1261 1393
3 1261 1394 1393
3 1261 1263 1394
3 1263 1395 1394
3 1263 1265 1395
3 1265 1396 1395
3 1265 1267 1396
3 1267 1397 1396
3 1267 1269 1397
3 1269 1398 1397
3 1269 1271 1398
3 1271 1399 1398
3 1271 1273 1399
3 1273 1400 1399
3 1273 1275 1400
3 1275 1401 1400
3 1275 1277 1401
3 1277 1402 1401
3 1277 1279 1402
3 1279 1403 1402
3 1279 1281 1403
3 1281 1404 1403
3 1281 1283 1404
3 1283 1405 1404
3 1283 1285 1405
3 1285 1406 1405
3 1285 1287 1406
3 1287 1407 1406
3 1287 1289 1407
3 1289 1408 1407
3 1289 1291 1408
3 1291 1409 1408
3 1291 1293 1409
3 1293 1410 1409
3 1293 1295 1410
3 1295 1411 1410
3 1295 1297 1411
3 1297 1412 1411
3 1297 1299 1412
3 1299 1413 1412
3 1299 1301 1413
3 1301 1414 1413
3 1301 1303 1414
3 1303 1415 1414
3 1303 1305 1415
3 1305 1416 1415
3 1305 1307 1416
3 1307 1417 1416
3 1307 1309 1417
3 1309 1418 1417
3 1309 1311 1418
3 1311 1419 1418
3 1311 1313 1419
3 1313 1420 1419
3 1313 1315 1420
3 1315 1421 1420
3 1315 1317 1421
3 1317 1422 1421
3 1317 1319 1422
3 1319 1423 1422
3 1319 1321 1423
3 1321 1424 1423
3 1321 1323 1424
3 1323 1425 1424
3 1323 1325 1425
3 1325 1426 1425
3 1325 1327 1426
3 1327 1427 1426
3 1327 1329 1427
3 1329 1428 1427
3 1329 1331 1428
3 1331 1429 1428
3 1331 1333 1429
3 1333 1430 1429
3 1333 1335 1430
3 1335 1431 1430
3 1335 1337 1431
3 1337 1432 1431
3 1337 1339 1432
3 1339 1433 1432
3 1339 1341 1433
3 1341 1434 1433
3 1341 1343 1434
3 1343 1435 1434
3 1343 1345 1435
3 1345 1436 1435
3 1345 1347 1436
3 1347 1437 1436
3 1347 1349 1437
3 1349 1438 1437
3 1349 1351 1438
3 1351 1439 1438
3 1351 1353 1439
3 1353 1440 1439
3 1353 1355 1440
3 1355 1441 1440
3 1355 1357 1441
3 1357 1442 1441
3 1357 1359 1442
3 1359 1443 1442
3 1359 1361 1443
3 1361 1444 1443
3 1361 1363 1444
3 1363 1445 1444
3 1363 1365 1445
3 1365 1446 1445
3 1365 1367 1446
3 1367 1447 1446
3 1367 1369 1447
3 1369 1448 1447
3 1369 1371 1448
3 1371 1449 1448
3 1371 1373 1449
3 1373 1450 1449
3 1373 1375 1450
3 1375 1451 1450
3 1375 1377 1451
3 1377 1452 1451
3 1377 1379 1452
3 1379 1453 1452
3 1379 1381 1453
3 1381 1454 1453
3 1381 1383 1454
3 1383 1455 1454
3 1383 1385 1455
3 1385 1456 1455
3 1385 1388 1456
3 1388 1457 1456
3 1388 1389 1457
3 1389 1458 1457
3 1389 1392 1458
3 5 1459 7
3 5 1393 1459
3 1393 1460 1459
3 1393 1394 1460
3 1394 1461 1460
3 1394 1395 1461
3 1395 1462 1461
3 1395 1396 1462
3 1396 1463 1462
3 1396 1397 1463
3 1397 1464 1463
3 1397 1398 1464
3 1398 1465 1464
3 1398 1399 1465
3 1399 1466 1465
3 1399 1400 1466
3 1400 1467 1466
3 1400 1401 1467
3 1401 1468 1467
3 1401 1402 1468
3 1402 1469 1468
3 1402 1403 1469
3 1403 1470 1469
3 1403 1404 1470
3 1404 1471 1470
3 1404 1405 1471
3 1405 1472 1471
3 1405 1406 1472
3 1406 1473 1472
3 1406 1407 1473
3 1407 1474 1473
3 1407 1408 1474
3 1408 1475 1474
3 1408 1409 1475
3 1409 1476 1475
3 1409 1410 1476
3 1410 1477 1476
3 1410 1411 1477
3 1411 1478 1477
3 1411 1412 1478
3 1412 1479 1478
3 1412 1413 1479
3 1413 1480 1479
3 1413 1414 1480
3 1414 1481 1480
3 1414 1415 1481
3 1415 1482 1481
3 1415 1416 1482
3 1416 1483 1482
3 1416 1417 1483
3 1417 1484 1483
3 1417 1418 1484
3 1418 1485 1484
3 1418 1419 1485
3 1419 1486 1485
3 1419 1420 1486
3 1420 1487 1486
3 1420 1421 1487
3 1421 1488 1487
3 1421 1422 1488
3 1422 1489 1488
3 1422 1423 1489
3 1423 1490 1489
3 1423 1424 1490
3 1424 1491 1490
3 1424 1425 1491
3 1425 1492 1491
3 1425 1426 1492
3 1426 1493 1492
3 1426 1427 1493
3 1427 1494 1493
3 1427 1428 1494
3 1428 1495 1494
3 1428 1429 1495
3 1429 1496 1495
3 1429 1430 1496
3 1430 1497 1496
3 1430 1431 1497
3 1431 1498 1497
3 1431 1432 1498
3 1432 1499 1498
3 1432 1433 1499
3 1433 1500 1499
3 1433 1434 1500
3 1434 1501 1500
3 1434 1435 1501
3 1435 1502 1501
3 1435 1436 1502
3 1436 1503 1502
3 1436 1437 1503
3 1437 1504 1503
3 1437 1438 1504
3 1438 1505 1504
3 1438 1439 1505
3 1439 1506 1505
3 1439 1440 1506
3 1440 1507 1506
3 1440 1441 1507
3 1441 1508 1507
3 1441 1442 1508
3 1442 1509 1508
3 1442 1443 1509
3 1443 1510 1509
3 1443 1444 1510
3 1444 1511 1510
3 1444 1445 1511
3 1445 1512 1511
3 1445 1446 1512
3 1446 1513 1512
3 1446 1447 1513
3 1447 1514 1513
3 1447 1448 1514
3 1448 1515 1514
3 1448 1449 1515
3 1449 1516 1515
3 1449 1450 1516
3 1450 1517 1516
3 1450 1451 1517
3 1451 1518 1517
3 1451 1452 1518
3 1452 1519 1518
3 1452 1453 1519
3 1453 1520 1519
3 1453 1454 1520
3 1454 1521 1520
3 1454 1455 1521
3 1455 1522 1521
3 1455 1456 1522
3 1456 1523 1522
3 1456 1457 1523
3 1457 1524 1523
3 1457 1458 1524
3 7 1525 9
3 7 1459 1525
3 1459 1526 1525
3 1459 1460 1526
3 1460 1527 1526
3 1460 1461 1527
3 1461 1528 1527
3 1461 1462 1528
3 1462 1529 1528
3 1462 1463 1529
3 1463 1530 1529
3 1463 1464 1530
3 1464 1531 1530
3 1464 1465 1531
3 1465 1532 1531
3 1465 1466 1532
3 1466 1533 1532
3 1466 1467 1533
3 1467 1534 1533
3 1467 1468 1534
3 1468 1535 1534
3 1468 1469 1535
3 1469 1536 1535
3 1469 1470 1536
3 1470 1537 1536
3 1470 1471 1537
3 1471 1538 1537
3 1471 1472 1538
3 1472 1539 1538
3 1472 1473 1539
3 1473 1540 1539
3 1473 1474 1540
3 1474 1541 1540
3 1474 1475 1541
3 1475 1542 1541
3 1475 1476 1542
3 1476 1543 1542
3 1476 1477 1543
3 1477 1544 1543
3 1477 1478 1544
3 1478 1545 1544
3 1478 1479 1545
3 1479 1546 1545
3 1479 1480 1546
3 1480 1547 1546
3 1480 1481 1547
3 1481 1548 1547
3 1481 1482 1548
3 1482 1549 1548
3 1482 1483 1549
3 1483 1550 1549
3 1483 1484 1550
3 1484 1551 1550
3 1484 1485 1551
3 1485 1552 1551
3 1485 1486 1552
3 1486 1553 1552
3 1486 1487 1553
3 1487 1554 1553
3 1487 1488 1554
3 1488 1555 1554
3 1488 1489 1555
3 1489 1556 1555
3 1489 1490 1556
3 1490 1557 1556
3 1490 1491 1557
3 1491 1558 1557
3 1491 1492 1558
3 1492 1559 1558
3 1492 1493 1559
3 1493 1560 1559
3 1493 1494 1560
3 1494 1561 1560
3 1494 1495 1561
3 1495 1562 1561
3 1495 1496 1562
3 1496 1563 1562
3 1496 1497 1563
3 1497 1564 1563
3 1497 1498 1564
3 1498 1565 1564
3 1498 1499 1565
3 1499 1566 1565
3 1499 1500 1566
3 1500 1567 1566
3 1500 1501 1567
3 1501 1568 1567
3 1501 1502 1568
3 1502 1569 1568
3 1502 1503 1569
3 1503 1570 1569
3 1503 1504 1570
3 1504 1571 1570
3 1504 1505 1571
3 1505 1572 1571
3 1505 1506 1572
3 1506 1573 1572
3 1506 1507 1573
3 1507 1574 1573
3 1507 1508 1574
3 1508 1575 1574
3 1508 1509 1575
3 1509 1576 1575
3 1509 1510 1576
3 1510 1577 1576
3 1510 1511 1577
3 1511 1578 1577
3 1511 1512 1578
3 1512 1579 1578
3 1512 1513 1579
3 1513 1580 1579
3 1513 1514 1580
3 1514 1581 1580
3 1514 1515 1581
3 1515 1582 1581
3 1515 1516 1582
3 1516 1583 1582
3 1516 1517 1583
3 1517 1584 1583
3 1517 1518 1584
3 1518 1585 1584
3 1518 1519 1585
3 1519 1586 1585
3 1519 1520 1586
3 1520 1587 1586
3 1520 1521 1587
3 1521 1588 1587
3 1521 1522 1588
3 1522 1589 1588
3 1522 1523 1589
3 1523 1590 1589
3 1523 1524 1590
3 9 1591 11
3 9 1525 1591
3 1525 1592 1591
3 1525 1526 1592
3 1526 1593 1592
3 1526 1527 1593
3 1527 1594 1593
3 1527 1528 1594
3 1528 1595 1594
3 1528 1529 1595
3 1529 1596 1595
3 1529 1530 1596
3 1530 1597 1596
3 1530 1531 1597
3 1531 1598 1597
3 1531 1532 1598
3 1532 1599 1598
3 1532 1533 1599
3 1533 1600 1599
3 1533 1534 1600
3 1534 1601 1600
3 1534 1535 1601
3 1535 1602 1601
3 1535 1536 1602
3 1536 1603 1602
3 1536 1537 1603
3 1537 1604 1603
3 1537 1538 1604
3 1538 1605 1604
3 1538 1539 1605
3 1539 1606 1605
3 1539 1540 1606
3 1540 1607 1606
3 1540 1541 1607
3 1541 1608 1607
3 1541 1542 1608
3 1542 1609 1608
3 1542 1543 1609
3 1543 1610 1609
3 1543 1544 1610
3 1544 1611 1610
3 1544 1545 1611
3 1545 1612 1611
3 1545 1546 1612
3 1546 1613 1612
3 1546 1547 1613
3 1547 1614 1613
3 1547 1548 1614
3 1548 1615 1614
3 1548 1549 1615
3 1549 1616 1615
3 1549 1550 1616
3 1550 1617 1616
3 1550 1551 1617
3 1551 1618 1617
3 1551 1552 1618
3 1552 1619 1618
3 1552 1553 1619
3 1553 1620 1619
3 1553 1554 1620
3 1554 1621 1620
3 1554 1555 1621
3 1555 1622 1621
3 1555 1556 1622
3 1556 1623 1622
3 1556 1557 1623
3 1557 1624 1623
3 1557 1558 1624
3 1558 1625 1624
3 1558 1559 1625
3 1559 1626 1625
3 1559 1560 1626
3 1560 1627 1626
3 1560 1561 1627
3 1561 1628 1627
3 1561 1562 1628
3 1562 1629 1628
3 1562 1563 1629
3 1563 1630 1629
3 1563 1564 1630
3 1564 1631 1630
3 1564 1565 1631
3 1565 1632 1631
3 1565 1566 1632
3 1566 1633 1632
3 1566 1567 1633
3 1567 1634 1633
3 1567 1568 1634
3 1568 1635 1634
3 1568 1569 1635
3 1569 1636 1635
3 1569 1570 1636
3 1570 1637 1636
3 1570 1571 1637
3 1571 1638 1637
3 1571 1572 1638
3 1572 1639 1638
3 1572 1573 1639
3 1573 1640 1639
3 1573 1574 1640
3 1574 1641 1640
3 1574 1575 1641
3 1575 1642 1641
3 1575 1576 1642
3 1576 1643 1642
3 1576 1577 1643
3 1577 1644 1643
3 1577 1578 1644
3 1578 1645 1644
3 1578 1579 1645
3 1579 1646 1645
3 1579 1580 1646
3 1580 1647 1646
3 1580 1581 1647
3 1581 1648 1647
3 1581 1582 1648
3 1582 1649 1648
3 1582 1583 1649
3 1583 1650 1649
3 1583 1584 1650
3 1584 1651 1650
3 1584 1585 1651
3 1585 1652 1651
3 1585 1586 1652
3 1586 1653 1652
3 1586 1587 1653
3 1587 1654 1653
3 1587 1588 1654
3 1588 1655 1654
3 1588 1589 1655
3 1589 1656 1655
3 1589 1590 1656
3 11 1657 13
3 11 1591 1657
3 1591 1658 1657
3 1591 1592 1658
3 1592 1659 1658
3 1592 1593 1659
3 1593 1660 1659
3 1593 1594 1660
3 1594 1661 1660
3 1594 1595 1661
3 1595 1662 1661
3 1595 1596 1662
3 1596 1663 1662
3 1596 1597 1663
3 1597 1664 1663
3 1597 1598 1664
3 1598 1665 1664
3 1598 1599 1665
3 1599 1666 1665
3 1599 1600 1666
3 1600 1667 1666
3 1600 1601 1667
3 1601 1668 1667
3 1601 1602 1668
3 1602 1669 1668
3 1602 1603 1669
3 1603 1670 1669
3 1603 1604 1670
3 1604 1671 1670
3 1604 1605 1671
3 1605 1672 1671
3 1605 1606 1672
3 1606 1673 1672
3 1606 1607 1673
3 1607 1674 1673
3 1607 1608 1674
3 1608 1675 1674
3 1608 1609 1675
3 1609 1676 1675
3 1609 1610 1676
3 1610 1677 1676
3 1610 1611 1677
3 1611 1678 1677
3 1611 1612 1678
3 1612 1679 1678
3 1612 1613 1679
3 1613 1680 1679
3 1613 1614 1680
3 1614 1681 1680
3 1614 1615 1681
3 1615 1682 1681
3 1615 1616 1682
3 1616 1683 1682
3 1616 1617 1683
3 1617 1684 1683
3 1617 1618 1684
3 1618 1685 1684
3 1618 1619 1685
3 1619 1686 1685
3 1619 1620 1686
3 1620 1687 1686
3 1620 1621 1687
3 1621 1688 1687
3 1621 1622 1688
3 1622 1689 1688
3 1622 1623 1689
3 1623 1690 1689
3 1623 1624 1690
3 1624 1691 1690
3 1624 1625 1691
3 1625 1692 1691
3 1625 1626 1692
3 1626 1693 1692
3 1626 1627 1693
3 1627 1694 1693
3 1627 1628 1694
3 1628 1695 1694
3 1628 1629 1695
3 1629 1696 1695
3 1629 1630 1696
3 1630 1697 1696
3 1630 1631 1697
3 1631 1698 1697
3 1631 1632 1698
3 1632 1699 1698
3 1632 1633 1699
3 1633 1700 1699
3 1633 1634 1700
3 1634 1701 1700
3 1634 1635 1701
3 1635 1702 1701
3 1635 1636 1702
3 1636 1703 1702
3 1636 1637 1703
3 1637 1704 1703
3 1637 1638 1704
3 1638 1705 1704
3 1638 1639 1705
3 1639 1706 1705
3 1639 1640 1706
3 1640 1707 1706
3 1640 1641 1707
3 1641 1708 1707
3 1641 1642 1708
3 1642 1709 1708
3 1642 1643 1709
3 1643 1710 1709
3 1643 1644 1710
3 1644 1711 1710
3 1644 1645 1711
3 1645 1712 1711
3 1645 1646 1712
3 1646 1713 1712
3 1646 1647 1713
3 1647 1714 1713
3 1647 1648 1714
3 1648 1715 1714
3 1648 1649 1715
3 1649 1716 1715
3 1649 1650 1716
3 1650 1717 1716
3 1650 1651 1717
3 1651 1718 1717
3 1651 1652 1718
3 1652 1719 1718
3 1652 1653 1719
3 1653 1720 1719
3 1653 1654 1720
3 1654 1721 1720
3 1654 1655 1721
3 1655 1722 1721
3 1655 1656 1722
3 13 1723 15
3 13 1657 1723
3 1657 1724 1723
3 1657 1658 1724
3 1658 1725 1724
3 1658 1659 1725
3 1659 1726 1725
3 1659 1660 1726
3 1660 1727 1726
3 1660 1661 1727
3 1661 1728 1727
3 1661 1662 1728
3 1662 1729 1728
3 1662 1663 1729
3 1663 1730 1729
3 1663 1664 1730
3 1664 1731 1730
3 1664 1665 1731
3 1665 1732 1731
3 1665 1666 1732
3 1666 1733 1732
3 1666 1667 1733
3 1667 1734 1733
3 1667 1668 1734
3 1668 1735 1734
3 1668 1669 1735
3 1669 1736 1735
3 1669 1670 1736
3 1670 1737 1736
3 1670 1671 1737
3 1671 1738 1737
3 1671 1672 1738
3 1672 1739 1738
3 1672 1673 1739
3 1673 1740 1739
3 1673 1674 1740
3 1674 1741 1740
3 1674 1675 1741
3 1675 1742 1741
3 1675 1676 1742
3 1676 1743 1742
3 1676 1677 1743
3 1677 1744 1743
3 1677 1678 1744
3 1678 1745 1744
3 1678 1679 1745
3 1679 1746 1745
3 1679 1680 1746
3 1680 1747 1746
3 1680 1681 1747
3 1681 1748 1747
3 1681 1682 1748
3 1682 1749 1748
3 1682 1683 1749
3 1683 1750 1749
3 1683 1684 1750
3 1684 1751 1750
3 1684 1685 1751
3 1685 1752 1751
3 1685 1686 1752
3 1686 1753 1752
3 1686 1687 1753
3 1687 1754 1753
3 1687 1688 1754
3 1688 1755 1754
3 1688 1689 1755
3 1689 1756 1755
3 1689 1690 1756
3 1690 1757 1756
3 1690 1691 1757
3 1691 1758 1757
3 1691 1692 1758
3 1692 1759 1758
3 1692 1693 1759
3 1693 1760 1759
3 1693 1694 1760
3 1694 1761 1760
3 1694 1695 1761
3 1695 1762 1761
3 1695 1696 1762
3 1696 1763 1762
3 1696 1697 1763
3 1697 1764 1763
3 1697 1698 1764
3 1698 1765 1764
3 1698 1699 1765
3 1699 1766 1765
3 1699 1700 1766
3 1700 1767 1766
3 1700 1701 1767
3 1701 1768 1767
3 1701 1702 1768
3 1702 1769 1768
3 1702 1703 1769
3 1703 1770 1769
3 1703 1704 1770
3 1704 1771 1770
3 1704 1705 1771
3 1705 1772 1771
3 1705 1706 1772
3 1706 1773 1772
3 1706 1707 1773
3 1707 1774 1773
3 1707 1708 1774
3 1708 1775 1774
3 1708 1709 1775
3 1709 1776 1775
3 1709 1710 1776
3 1710 1777 1776
3 1710 1711 1777
3 1711 1778 1777
3 1711 1712 1778
3 1712 1779 1778
3 1712 1713 1779
3 1713 1780 1779
3 1713 1714 1780
3 1714 1781 1780
3 1714 1715 1781
3 1715 1782 1781
3 1715 1716 1782
3 1716 1783 1782
3 1716 1717 1783
3 1717 1784 1783
3 1717 1718 1784
3 1718 1785 1784
3 1718 1719 1785
3 1719 1786 1785
3 1719 1720 1786
3 1720 1787 1786
3 1720 1721 1787
3 1721 1788 1787
3 1721 1722 1788
3 15 1789 17
3 15 1723 1789
3 1723 1790 1789
3 1723 1724 1790
3 1724 1791 1790
3 1724 1725 1791
3 1725 1792 1791
3 1725 1726 1792
3 1726 1793 1792
3 1726 1727 1793
3 1727 1794 1793
3 1727 1728 1794
3 1728 1795 1794
3 1728 1729 1795
3 1729 1796 1795
3 1729 1730 1796
3 1730 1797 1796
3 1730 1731 1797
3 1731 1798 1797
3 1731 1732 1798
3 1732 1799 1798
3 1732 1733 1799
3 1733 1800 1799
3 1733 1734 1800
3 1734 1801 1800
3 1734 1735 1801
3 1735 1802 1801
3 1735 1736 1802
3 1736 1803 1802
3 1736 1737 1803
3 1737 1804 1803
3 1737 1738 1804
3 1738 1805 1804
3 1738 1739 1805
3 1739 1806 1805
3 1739 1740 1806
3 1740 1807 1806
3 1740 1741 1807
3 1741 1808 1807
3 1741 1742 1808
3 1742 1809 1808
3 1742 1743 1809
3 1743 1810 1809
3 1743 1744 1810
3 1744 1811 1810
3 1744 1745 1811
3 1745 1812 1811
3 1745 1746 1812
3 1746 1813 1812
3 1746 1747 1813
3 1747 1814 1813
3 1747 1748 1814
3 1748 1815 1814
3 1748 1749 1815
3 1749 1816 1815
3 1749 1750 1816
3 1750 1817 1816
3 1750 1751 1817
3 1751 1818 1817
3 1751 1752 1818
3 1752 1819 1818
3 1752 1753 1819
3 1753 1820 1819
3 1753 1754 1820
3 1754 1821 1820
3 1754 1755 1821
3 1755 1822 1821
3 1755 1756 1822
3 1756 1823 1822
3 1756 1757 1823
3 1757 1824 1823
3 1757 1758 1824
3 1758 1825 1824
3 1758 1759 1825
3 1759 1826 1825
3 1759 1760 1826
3 1760 1827 1826
3 1760 1761 1827
3 1761 1828 1827
3 1761 1762 1828
3 1762 1829 1828
3 1762 1763 1829
3 1763 1830 1829
3 1763 1764 1830
3 1764 1831 1830
3 1764 1765 1831
3 1765 1832 1831
3 1765 1766 1832
3 1766 1833 1832
3 1766 1767 1833
3 1767 1834 1833
3 1767 1768 1834
3 1768 1835 1834
3 1768 1769 1835
3 1769 1836 1835
3 1769 1770 1836
3 1770 1837 1836
3 1770 1771 1837
3 1771 1838 1837
3 1771 1772 1838
3 1772 1839 1838
3 1772 1773 1839
3 1773 1840 1839
3 1773 1774 1840
3 1774 1841 1840
3 1774 1775 1841
3 1775 1842 1841
3 1775 1776 1842
3 1776 1843 1842
3 1776 1777 1843
3 1777 1844 1843
3 1777 1778 1844
3 1778 1845 1844
3 1778 1779 1845
3 1779 1846 1845
3 1779 1780 1846
3 1780 1847 1846
3 1780 1781 1847
3 1781 1848 1847
3 1781 1782 1848
3 1782 1849 1848
3 1782 1783 1849
3 1783 1850 1849
3 1783 1784 1850
3 1784 1851 1850
3 1784 1785 1851
3 1785 1852 1851
3 1785 1786 1852
3 1786 1853 1852
3 1786 1787 1853
3 1787 1854 1853
3 1787 1788 1854
3 17 1855 19
3 17 1789 1855
3 1789 1856 1855
3 1789 1790 1856
3 1790 1857 1856
3 1790 1791 1857
3 1791 1858 1857
3 1791 1792 1858
3 1792 1859 1858
3 1792 1793 1859
3 1793 1860 1859
3 1793 1794 1860
3 1794 1861 1860
3 1794 1795 1861
3 1795 1862 1861
3 1795 1796 1862
3 1796 1863 1862
3 1796 1797 1863
3 1797 1864 1863
3 1797 1798 1864
3 1798 1865 1864
3 1798 1799 1865
3 1799 1866 1865
3 1799 1800 1866
3 1800 1867 1866
3 1800 1801 1867
3 1801 1868 1867
3 1801 1802 1868
3 1802 1869 1868
3 1802 1803 1869
3 1803 1870 1869
3 1803 1804 1870
3 1804 1871 1870
3 1804 1805 1871
3 1805 1872 1871
3 1805 1806 1872
3 1806 1873 1872
3 1806 1807 1873
3 1807 1874 1873
3 1807 1808 1874
3 1808 1875 1874
3 1808 1809 1875
3 1809 1876 1875
3 1809 1810 1876
3 1810 1877 1876
3 1810 1811 1877
3 1811 1878 1877
3 1811 1812 1878
3 1812 1879 1878
3 1812 1813 1879
3 1813 1880 1879
3 1813 1814 1880
3 1814 1881 1880
3 1814 1815 1881
3 1815 1882 1881
3 1815 1816 1882
3 1816 1883 1882
3 1816 1817 1883
3 1817 1884 1883
3 1817 1818 1884
3 1818 1885 1884
3 1818 1819 1885
3 1819 1886 1885
3 1819 1820 1886
3 1820 1887 1886
3 1820 1821 1887
3 1821 1888 1887
3 1821 1822 1888
3 1822 1889 1888
3 1822 1823 1889
3 1823 1890 1889
3 1823 1824 1890
3 1824 1891 1890
3 1824 1825 1891
3 1825 1892 1891
3 1825 1826 1892
3 1826 1893 1892
3 1826 1827 1893
3 1827 1894 1893
3 1827 1828 1894
3 1828 1895 1894
3 1828 1829 1895
3 1829 1896 1895
3 1829 1830 1896
3 1830 1897 1896
3 1830 1831 1897
3 1831 1898 1897
3 1831 1832 1898
3 1832 1899 1898
3 1832 1833 1899
3 1833 1900 1899
3 1833 1834 1900
3 1834 1901 1900
3 1834 1835 1901
3 1835 1902 1901
3 1835 1836 1902
3 1836 1903 1902
3 1836 1837 1903
3 1837 1904 1903
3 1837 1838 1904
3 1838 1905 1904
3 1838 1839 1905
3 1839 1906 1905
3 1839 1840 1906
3 1840 1907 1906
3 1840 1841 1907
3 1841 1908 1907
3 1841 1842 1908
3 1842 1909 1908
3 1842 1843 1909
3 1843 1910 1909
3 1843 1844 1910
3 1844 1911 1910
3 1844 1845 1911
3 1845 1912 1911
3 1845 1846 1912
3 1846 1913 1912
3 1846 1847 1913
3 1847 1914 1913
3 1847 1848 1914
3 1848 1915 1914
3 1848 1849 1915
3 1849 1916 1915
3 1849 1850 1916
3 1850 1917 1916
3 1850 1851 1917
3 1851 1918 1917
3 1851 1852 1918
3 1852 1919 1918
3 1852 1853 1919
3 1853 1920 1919
3 1853 1854 1920
3 1854 1921 1920
3 19 1922 21
3 19 1855 1922
3 1855 1923 1922
3 1855 1856 1923
3 1856 1924 1923
3 1856 1857 1924
3 1857 1925 1924
3 1857 1858 1925
3 1858 1926 1925
3 1858 1859 1926
3 1859 1927 1926
3 1859 1860 1927
3 1860 1928 1927
3 1860 1861 1928
3 1861 1929 1928
3 1861 1862 1929
3 1862 1930 1929
3 1862 1863 1930
3 1863 1931 1930
3 1863 1864 1931
3 1864 1932 1931
3 1864 1865 1932
3 1865 1933 1932
3 1865 1866 1933
3 1866 1934 1933
3 1866 1867 1934
3 1867 1935 1934
3 1867 1868 1935
3 1868 1936 1935
3 1868 1869 1936
3 1869 1937 1936
3 1869 1870 1937
3 1870 1938 1937
3 1870 1871 1938
3 1871 1939 1938
3 1871 1872 1939
3 1872 1940 1939
3 1872 1873 1940
3 1873 1941 1940
3 1873 1874 1941
3 1874 1942 1941
3 1874 1875 1942
3 1875 1943 1942
3 1875 1876 1943
3 1876 1944 1943
3 1876 1877 1944
3 1877 1945 1944
3 1877 1878 1945
3 1878 1946 1945
3 1878 1879 1946
3 1879 1947 1946
3 1879 1880 1947
3 1880 1948 1947
3 1880 1881 1948
3 1881 1949 1948
3 1881 1882 1949
3 1882 1950 1949
3 1882 1883 1950
3 1883 1951 1950
3 1883 1884 1951
3 1884 1952 1951
3 1884 1885 1952
3 1885 1953 1952
3 1885 1886 1953
3 1886 1954 1953
3 1886 1887 1954
3 1887 1955 1954
3 1887 1888 1955
3 1888 1956 1955
3 1888 1889 1956
3 1889 1957 1956
3 1889 1890 1957
3 1890 1958 1957
3 1890 1891 1958
3 1891 1959 1958
3 1891 1892 1959
3 1892 1960 1959
3 1892 1893 1960
3 1893 1961 1960
3 1893 1894 1961
3 1894 1962 1961
3 1894 1895 1962
3 1895 1963 1962
3 1895 1896 1963
3 1896 1964 1963
3 1896 1897 1964
3 1897 1965 1964
3 1897 1898 1965
3 1898 1966 1965
3 1898 1899 1966
3 1899 1967 1966
3 1899 1900 1967
3 1900 1968 1967
3 1900 1901 1968
3 1901 1969 1968
3 1901 1902 1969
3 1902 1970 1969
3 1902 1903 1970
3 1903 1971 1970
3 1903 1904 1971
3 1904 1972 1971
3 1904 1905 1972
3 1905 1973 1972
3 1905 1906 1973
3 1906 1974 1973
3 1906 1907 1974
3 1907 1975 1974
3 1907 1908 1975
3 1908 1976 1975
3 1908 1909 1976
3 1909 1977 1976
3 1909 1910 1977
3 1910 1978 1977
3 1910 1911 1978
3 1911 1979 1978
3 1911 1912 1979
3 1912 1980 1979
3 1912 1913 1980
3 1913 1981 1980
3 1913 1914 1981
3 1914 1982 1981
3 1914 1915 1982
3 1915 1983 1982
3 1915 1916 1983
3 1916 1984 1983
3 1916 1917 1984
3 1917 1985 1984
3 1917 1918 1985
3 1918 1986 1985
3 1918 1919 1986
3 1919 1987 1986
3 1919 1920 1987
3 1920 1988 1987
3 21 1989 23
3 21 1922 1989
3 1922 1990 1989
3 1922 1923 1990
3 1923 1991 1990
3 1923 1924 1991
3 1924 1992 1991
3 1924 1925 1992
3 1925 1993 1992
3 1925 1926 1993
3 1926 1994 1993
3 1926 1927 1994
3 1927 1995 1994
3 1927 1928 1995
3 1928 1996 1995
3 1928 1929 1996
3 1929 1997 1996
3 1929 1930 1997
3 1930 1998 1997
3 1930 1931 1998
3 1931 1999 1998
3 1931 1932 1999
3 1932 2000 1999
3 1932 1933 2000
3 1933 2001 2000
3 1933 1934 2001
3 1934 2002 2001
3 1934 1935 2002
3 1935 2003 2002
3 1935 1936 2003
3 1936 2004 2003
3 1936 1937 2004
3 1937 2005 2004
3 1937 1938 2005
3 1938 2006 2005
3 1938 1939 2006
3 1939 2007 2006
3 1939 1940 2007
3 1940 2008 2007
3 1940 1941 2008
3 1941 2009 2008
3 1941 1942 2009
3 1942 2010 2009
3 1942 1943 2010
3 1943 2011 2010
3 1943 1944 2011
3 1944 2012 2011
3 1944 1945 2012
3 1945 2013 2012
3 1945 1946 2013
3 1946 2014 2013
3 1946 1947 2014
3 1947 2015 2014
3 1947 1948 2015
3 1948 2016 2015
3 1948 1949 2016
3 1949 2017 2016
3 1949 1950 2017
3 1950 2018 2017
3 1950 1951 2018
3 1951 2019 2018
3 1951 1952 2019
3 1952 2020 2019
3 1952 1953 2020
3 1953 2021 2020
3 1953 1954 2021
3 1954 2022 2021
3 1954 1955 2022
3 1955 2023 2022
3 1955 1956 2023
3 1956 2024 2023
3 1956 1957 2024
3 1957 2025 2024
3 1957 1958 2025
3 1958 2026 2025
3 1958 1959 2026
3 1959 2027 2026
3 1959 1960 2027
3 1960 2028 2027
3 1960 1961 2028
3 1961 2029 2028
3 1961 1962 2029
3 1962 2030 2029
3 1962 1963 2030
3 1963 2031 2030
3 1963 1964 2031
3 1964 2032 2031
3 1964 1965 2032
3 1965 2033 2032
3 1965 1966 2033
3 1966 2034 2033
3 1966 1967 2034
3 1967 2035 2034
3 1967 1968 2035
3 1968 2036 2035
3 1968 1969 2036
3 1969 2037 2036
3 1969 1970 2037
3 1970 2038 2037
3 1970 1971 2038
3 1971 2039 2038
3 1971 1972 2039
3 1972 2040 2039
3 1972 1973 2040
3 1973 2041 2040
3 1973 1974 2041
3 1974 2042 2041
3 1974 1975 2042
3 1975 2043 2042
3 1975 1976 2043
3 1976 2044 2043
3 1976 1977 2044
3 1977 2045 2044
3 1977 1978 2045
3 1978 2046 2045
3 1978 1979 2046
3 1979 2047 2046
3 1979 1980 2047
3 1980 2048 2047
3 1980 1981 2048
3 1981 2049 2048
3 1981 1982 2049
3 1982 2050 2049
3 1982 1983 2050
3 1983 2051 2050
3 1983 1984 2051
3 1984 2052 2051
3 1984 1985 2052
3 1985 2053 2052
3 1985 1986 2053
3 1986 2054 2053
3 1986 1987 2054
3 1987 2055 2054
3 1987 1988 2055
3 23 2056 25
3 23 1989 2056
3 1989 2057 2056
3 1989 1990 2057
3 1990 2058 2057
3 1990 1991 2058
3 1991 2059 2058
3 1991 1992 2059
3 1992 2060 2059
3 1992 1993 2060
3 1993 2061 2060
3 1993 1994 2061
3 1994 2062 2061
3 1994 1995 2062
3 1995 2063 2062
3 1995 1996 2063
3 1996 2064 2063
3 1996 1997 2064
3 1997 2065 2064
3 1997 1998 2065
3 1998 2066 2065
3 1998 1999 2066
3 1999 2067 2066
3 1999 2000 2067
3 2000 2068 2067
3 2000 2001 2068
3 2001 2069 2068
3 2001 2002 2069
3 2002 2070 2069
3 2002 2003 2070
3 2003 2071 2070
3 2003 2004 2071
3 2004 2072 2071
3 2004 2005 2072
3 2005 2073 2072
3 2005 2006 2073
3 2006 2074 2073
3 2006 2007 2074
3 2007 2075 2074
3 2007 2008 2075
3 2008 2076 2075
3 2008 2009 2076
3 2009 2077 2076
3 2009 2010 2077
3 2010 2078 2077
3 2010 2011 2078
3 2011 2079 2078
3 2011 2012 2079
3 2012 2080 2079
3 2012 2013 2080
3 2013 2081 2080
3 2013 2014 2081
3 2014 2082 2081
3 2014 2015 2082
3 2015 2083 2082
3 2015 2016 2083
3 2016 2084 2083
3 2016 2017 2084
3 2017 2085 2084
3 2017 2018 2085
3 2018 2086 2085
3 2018 2019 2086
3 2019 2087 2086
3 2019 2020 2087
3 2020 2088 2087
3 2020 2021 2088
3 2021 2089 2088
3 2021 2022 2089
3 2022 2090 2089
3 2022 2023 2090
3 2023 2091 2090
3 2023 2024 2091
3 2024 2092 2091
3 2024 2025 2092
3 2025 2093 2092
3 2025 2026 2093
3 2026 2094 2093
3 2026 2027 2094
3 2027 2095 2094
3 2027 2028 2095
3 2028 2096 2095
3 2028 2029 2096
3 2029 2097 2096
3 2029 2030 2097
3 2030 2098 2097
3 2030 2031 2098
3 2031 2099 2098
3 2031 2032 2099
3 2032 2100 2099
3 2032 2033 2100
3 2033 2101 2100
3 2033 2034 2101
3 2034 2035 2101
3 2101 2035 2102
3 2035 2103 2102
3 2035 2036 2103
3 2036 2104 2103
3 2036 2037 2104
3 2037 2105 2104
3 2037 2038 2105
3 2038 2106 2105
3 2038 2039 2106
3 2039 2107 2106
3 2039 2040 2107
3 2040 2108 2107
3 2040 2041 2108
3 2041 2109 2108
3 2041 2042 2109
3 2042 2110 2109
3 2042 2043 2110
3 2043 2111 2110
3 2043 2044 2111
3 2044 2112 2111
3 2044 2045 2112
3 2045 2113 2112
3 2045 2046 2113
3 2046 2114 2113
3 2046 2047 2114
3 2047 2115 2114
3 2047 2048 2115
3 2048 2116 2115
3 2048 2049 2116
3 2049 2117 2116
3 2049 2050 2117
3 2050 2118 2117
3 2050 2051 2118
3 2051 2119 2118
3 2051 2052 2119
3 2052 2120 2119
3 2052 2053 2120
3 2053 2121 2120
3 2053 2054 2121
3 2054 2122 2121
3 2054 2055 2122
3 25 2123 27
3 25 2056 2123
3 2056 2124 2123
3 2056 2057 2124
3 2057 2125 2124
3 2057 2058 2125
3 2058 2126 2125
3 2058 2059 2126
3 2059 2127 2126
3 2059 2060 2127
3 2060 2128 2127
3 2060 2061 2128
3 2061 2129 2128
3 2061 2062 2129
3 2062 2130 2129
3 2062 2063 2130
3 2063 2131 2130
3 2063 2064 2131
3 2064 2132 2131
3 2064 2065 2132
3 2065 2133 2132
3 2065 2066 2133
3 2066 2134 2133
3 2066 2067 2134
3 2067 2135 2134
3 2067 2068 2135
3 2068 2136 2135
3 2068 2069 2136
3 2069 2137 2136
3 2069 2070 2137
3 2070 2071 2137
3 2137 2071 2138
3 2071 2139 2138
3 2071 2072 2139
3 2072 2140 2139
3 2072 2073 2140
3 2073 2141 2140
3 2073 2074 2141
3 2074 2142 2141
3 2074 2075 2142
3 2075 2143 2142
3 2075 2076 2143
3 2076 2144 2143
3 2076 2077 2144
3 2077 2145 2144
3 2077 2078 2145
3 2078 2146 2145
3 2078 2079 2146
3 2079 2147 2146
3 2079 2080 2147
3 2080 2148 2147
3 2080 2081 2148
3 2081 2149 2148
3 2081 2082 2149
3 2082 2150 2149
3 2082 2083 2150
3 2083 2151 2150
3 2083 2084 2151
3 2084 2152 2151
3 2084 2085 2152
3 2085 2153 2152
3 2085 2086 2153
3 2086 2154 2153
3 2086 2087 2154
3 2087 2155 2154
3 2087 2088 2155
3 2088 2156 2155
3 2088 2089 2156
3 2089 2157 2156
3 2089 2090 2157
3 2090 2158 2157
3 2090 2091 2158
3 2091 2159 2158
3 2091 2092 2159
3 2092 2160 2159
3 2092 2093 2160
3 2093 2161 2160
3 2093 2094 2161
3 2094 2162 2161
3 2094 2095 2162
3 2095 2163 2162
3 2095 2096 2163
3 2096 2164 2163
3 2096 2097 2164
3 2097 2165 2164
3 2097 2098 2165
3 2098 2166 2165
3 2098 2099 2166
3 2099 2167 2166
3 2099 2100 2167
3 2100 2168 2167
3 2100 2101 2168
3 2101 2102 2168
3 2168 2102 2169
3 2102 2170 2169
3 2102 2103 2170
3 2103 2171 2170
3 2103 2104 2171
3 2104 2172 2171
3 2104 2105 2172
3 2105 2173 2172
3 2105 2106 2173
3 2106 2174 2173
3 2106 2107 2174
3 2107 2175 2174
3 2107 2108 2175
3 2108 2176 2175
3 2108 2109 2176
3 2109 2177 2176
3 2109 2110 2177
3 2110 2178 2177
3 2110 2111 2178
3 2111 2179 2178
3 2111 2112 2179
3 2112 2180 2179
3 2112 2113 2180
3 2113 2181 2180
3 2113 2114 2181
3 2114 2182 2181
3 2114 2115 2182
3 2115 2183 2182
3 2115 2116 2183
3 2116 2184 2183
3 2116 2117 2184
3 2117 2185 2184
3 2117 2118 2185
3 2118 2186 2185
3 2118 2119 2186
3 2119 2187 2186
3 2119 2120 2187
3 2120 2188 2187
3 2120 2121 2188
3 2121 2189 2188
3 2121 2122 2189
3 27 2190 29
3 27 2123 2190
3 2123 2191 2190
3 2123 2124 2191
3 2124 2192 2191
3 2124 2125 2192
3 2125 2193 2192
3 2125 2126 2193
3 2126 2194 2193
3 2126 2127 2194
3 2127 2195 2194
3 2127 2128 2195
3 2128 2196 2195
3 2128 2129 2196
3 2129 2197 2196
3 2129 2130 2197
3 2130 2198 2197
3 2130 2131 2198
3 2131 2132 2198
3 2198 2132 2199
3 2132 2200 2199
3 2132 2133 2200
3 2133 2201 2200
3 2133 2134 2201
3 2134 2202 2201
3 2134 2135 2202
3 2135 2203 2202
3 2135 2136 2203
3 2136 2204 2203
3 2136 2137 2204
3 2137 2205 2204
3 2137 2138 2205
3 2138 2206 2205
3 2138 2139 2206
3 2139 2207 2206
3 2139 2140 2207
3 2140 2208 2207
3 2140 2141 2208
3 2141 2209 2208
3 2141 2142 2209
3 2142 2210 2209
3 2142 2143 2210
3 2143 2211 2210
3 2143 2144 2211
3 2144 2212 2211
3 2144 2145 2212
3 2145 2213 2212
3 2145 2146 2213
3 2146 2214 2213
3 2146 2147 2214
3 2147 2215 2214
3 2147 2148 2215
3 2148 2216 2215
3 2148 2149 2216
3 2149 2217 2216
3 2149 2150 2217
3 2150 2218 2217
3 2150 2151 2218
3 2151 2219 2218
3 2151 2152 2219
3 2152 2220 2219
3 2152 2153 2220
3 2153 2221 2220
3 2153 2154 2221
3 2154 2222 2221
3 2154 2155 2222
3 2155 2223 2222
3 2155 2156 2223
3 2156 2224 2223
3 2156 2157 2224
3 2157 2225 2224
3 2157 2158 2225
3 2158 2226 2225
3 2158 2159 2226
3 2159 2227 2226
3 2159 2160 2227
3 2160 2228 2227
3 2160 2161 2228
3 2161 2229 2228
3 2161 2162 2229
3 2162 2230 2229
3 2162 2163 2230
3 2163 2231 2230
3 2163 2164 2231
3 2164 2232 2231
3 2164 2165 2232
3 2165 2233 2232
3 2165 2166 2233
3 2166 2234 2233
3 2166 2167 2234
3 2167 2235 2234
3 2167 2168 2235
3 2168 2169 2235
3 2235 2169 2236
3 2169 2237 2236
3 2169 2170 2237
3 2170 2238 2237
3 2170 2171 2238
3 2171 2239 2238
3 2171 2172 2239
3 2172 2240 2239
3 2172 2173 2240
3 2173 2241 2240
3 2173 2174 2241
3 2174 2242 2241
3 2174 2175 2242
3 2175 2243 2242
3 2175 2176 2243
3 2176 2244 2243
3 2176 2177 2244
3 2177 2245 2244
3 2177 2178 2245
3 2178 2246 2245
3 2178 2179 2246
3 2179 2247 2246
3 2179 2180 2247
3 2180 2248 2247
3 2180 2181 2248
3 2181 2249 2248
3 2181 2182 2249
3 2182 2250 2249
3 2182 2183 2250
3 2183 2251 2250
3 2183 2184 2251
3 2184 2252 2251
3 2184 2185 2252
3 2185 2253 2252
3 2185 2186 2253
3 2186 2254 2253
3 2186 2187 2254
3 2187 2255 2254
3 2187 2188 2255
3 2188 2256 2255
3 2188 2189 2256
3 29 2257 31
3 29 2190 2257
3 2190 2258 2257
3 2190 2191 2258
3 2191 2259 2258
3 2191 2192 2259
3 2192 2260 2259
3 2192 2193 2260
3 2193 2261 2260
3 2193 2194 2261
3 2194 2262 2261
3 2194 2195 2262
3 2195 2263 2262
3 2195 2196 2263
3 2196 2264 2263
3 2196 2197 2264
3 2197 2265 2264
3 2197 2198 2265
3 2198 2199 2265
3 2265 2199 2266
3 2199 2200 2266
3 2266 2200 2267
3 2200 2201 2267
3 2267 2201 2268
3 2201 2269 2268
3 2201 2202 2269
3 2202 2270 2269
3 2202 2203 2270
3 2203 2271 2270
3 2203 2204 2271
3 2204 2272 2271
3 2204 2205 2272
3 2205 2273 2272
3 2205 2206 2273
3 2206 2274 2273
3 2206 2207 2274
3 2207 2275 2274
3 2207 2208 2275
3 2208 2276 2275
3 2208 2209 2276
3 2209 2277 2276
3 2209 2210 2277
3 2210 2278 2277
3 2210 2211 2278
3 2211 2279 2278
3 2211 2212 2279
3 2212 2280 2279
3 2212 2213 2280
3 2213 2281 2280
3 2213 2214 2281
3 2214 2282 2281
3 2214 2215 2282
3 2215 2283 2282
3 2215 2216 2283
3 2216 2284 2283
3 2216 2217 2284
3 2217 2285 2284
3 2217 2218 2285
3 2218 2286 2285
3 2218 2219 2286
3 2219 2287 2286
3 2219 2220 2287
3 2220 2288 2287
3 2220 2221 2288
3 2221 2289 2288
3 2221 2222 2289
3 2222 2290 2289
3 2222 2223 2290
3 2223 2291 2290
3 2223 2224 2291
3 2224 2292 2291
3 2224 2225 2292
3 2225 2293 2292
3 2225 2226 2293
3 2226 2294 2293
3 2226 2227 2294
3 2227 2295 2294
3 2227 2228 2295
3 2228 2296 2295
3 2228 2229 2296
3 2229 2297 2296
3 2229 2230 2297
3 2230 2298 2297
3 2230 2231 2298
3 2231 2299 2298
3 2231 2232 2299
3 2232 2300 2299
3 2232 2233 2300
3 2233 2301 2300
3 2233 2234 2301
3 2234 2302 2301
3 2234 2235 2302
3 2235 2236 2302
3 2302 2236 2303
3 2236 2237 2303
3 2303 2237 2304
3 2237 2305 2304
3 2237 2238 2305
3 2238 2306 2305
3 2238 2239 2306
3 2239 2307 2306
3 2239 2240 2307
3 2240 2308 2307
3 2240 2241 2308
3 2241 2309 2308
3 2241 2242 2309
3 2242 2310 2309
3 2242 2243 2310
3 2243 2311 2310
3 2243 2244 2311
3 2244 2312 2311
3 2244 2245 2312
3 2245 2313 2312
3 2245 2246 2313
3 2246 2314 2313
3 2246 2247 2314
3 2247 2315 2314
3 2247 2248 2315
3 2248 2316 2315
3 2248 2249 2316
3 2249 2317 2316
3 2249 2250 2317
3 2250 2318 2317
3 2250 2251 2318
3 2251 2319 2318
3 2251 2252 2319
3 2252 2320 2319
3 2252 2253 2320
3 2253 2321 2320
3 2253 2254 2321
3 2254 2322 2321
3 2254 2255 2322
3 2255 2323 2322
3 2255 2256 2323
3 31 2324 33
3 31 2257 2324
3 2257 2325 2324
3 2257 2258 2325
3 2258 2326 2325
3 2258 2259 2326
3 2259 2327 2326
3 2259 2260 2327
3 2260 2328 2327
3 2260 2261 2328
3 2261 2329 2328
3 2261 2262 2329
3 2262 2330 2329
3 2262 2263 2330
3 2263 2331 2330
3 2263 2264 2331
3 2264 2332 2331
3 2264 2265 2332
3 2265 2266 2332
3 2332 2266 2333
3 2266 2267 2333
3 2333 2267 2334
3 2267 2268 2334
3 2334 2268 2335
3 2268 2336 2335
3 2268 2269 2336
3 2269 2337 2336
3 2269 2270 2337
3 2270 2338 2337
3 2270 2271 2338
3 2271 2339 2338
3 2271 2272 2339
3 2272 2340 2339
3 2272 2273 2340
3 2273 2341 2340
3 2273 2274 2341
3 2274 2342 2341
3 2274 2275 2342
3 2275 2343 2342
3 2275 2276 2343
3 2276 2344 2343
3 2276 2277 2344
3 2277 2345 2344
3 2277 2278 2345
3 2278 2346 2345
3 2278 2279 2346
3 2279 2347 2346
3 2279 2280 2347
3 2280 2348 2347
3 2280 2281 2348
3 2281 2349 2348
3 2281 2282 2349
3 2282 2350 2349
3 2282 2283 2350
3 2283 2351 2350
3 2283 2284 2351
3 2284 2352 2351
3 2284 2285 2352
3 2285 2353 2352
3 2285 2286 2353
3 2286 2354 2353
3 2286 2287 2354
3 2287 2355 2354
3 2287 2288 2355
3 2288 2356 2355
3 2288 2289 2356
3 2289 2357 2356
3 2289 2290 2357
3 2290 2358 2357
3 2290 2291 2358
3 2291 2359 2358
3 2291 2292 2359
3 2292 2360 2359
3 2292 2293 2360
3 2293 2361 2360
3 2293 2294 2361
3 2294 2362 2361
3 2294 2295 2362
3 2295 2363 2362
3 2295 2296 2363
3 2296 2364 2363
3 2296 2297 2364
3 2297 2365 2364
3 2297 2298 2365
3 2298 2366 2365
3 2298 2299 2366
3 2299 2367 2366
3 2299 2300 2367
3 2300 2368 2367
3 2300 2301 2368
3 2301 2369 2368
3 2301 2302 2369
3 2302 2303 2369
3 2369 2303 2370
3 2303 2304 2370
3 2370 2304 2371
3 2304 2372 2371
3 2304 2305 2372
3 2305 2373 2372
3 2305 2306 2373
3 2306 2374 2373
3 2306 2307 2374
3 2307 2375 2374
3 2307 2308 2375
3 2308 2376 2375
3 2308 2309 2376
3 2309 2377 2376
3 2309 2310 2377
3 2310 2378 2377
3 2310 2311 2378
3 2311 2379 2378
3 2311 2312 2379
3 2312 2380 2379
3 2312 2313 2380
3 2313 2381 2380
3 2313 2314 2381
3 2314 2382 2381
3 2314 2315 2382
3 2315 2383 2382
3 2315 2316 2383
3 2316 2384 2383
3 2316 2317 2384
3 2317 2385 2384
3 2317 2318 2385
3 2318 2386 2385
3 2318 2319 2386
3 2319 2387 2386
3 2319 2320 2387
3 2320 2388 2387
3 2320 2321 2388
3 2321 2389 2388
3 2321 2322 2389
3 2322 2390 2389
3 2322 2323 2390
3 33 2391 35
3 33 2324 2391
3 2324 2392 2391
3 2324 2325 2392
3 2325 2393 2392
3 2325 2326 2393
3 2326 2394 2393
3 2326 2327 2394
3 2327 2395 2394
3 2327 2328 2395
3 2328 2396 2395
3 2328 2329 2396
3 2329 2397 2396
3 2329 2330 2397
3 2330 2398 2397
3 2330 2331 2398
3 2331 2399 2398
3 2331 2332 2399
3 2332 2333 2399
3 2399 2333 2400
3 2333 2334 2400
3 2400 2334 2401
3 2334 2335 2401
3 2401 2335 2402
3 2335 2403 2402
3 2335 2336 2403
3 2336 2404 2403
3 2336 2337 2404
3 2337 2405 2404
3 2337 2338 2405
3 2338 2406 2405
3 2338 2339 2406
3 2339 2407 2406
3 2339 2340 2407
3 2340 2408 2407
3 2340 2341 2408
3 2341 2409 2408
3 2341 2342 2409
3 2342 2410 2409
3 2342 2343 2410
3 2343 2411 2410
3 2343 2344 2411
3 2344 2412 2411
3 2344 2345 2412
3 2345 2413 2412
3 2345 2346 2413
3 2346 2414 2413
3 2346 2347 2414
3 2347 2415 2414
3 2347 2348 2415
3 2348 2416 2415
3 2348 2349 2416
3 2349 2417 2416
3 2349 2350 2417
3 2350 2418 2417
3 2350 2351 2418
3 2351 2419 2418
3 2351 2352 2419
3 2352 2420 2419
3 2352 2353 2420
3 2353 2421 2420
3 2353 2354 2421
3 2354 2422 2421
3 2354 2355 2422
3 2355 2423 2422
3 2355 2356 2423
3 2356 2424 2423
3 2356 2357 2424
3 2357 2425 2424
3 2357 2358 2425
3 2358 2426 2425
3 2358 2359 2426
3 2359 2427 2426
3 2359 2360 2427
3 2360 2428 2427
3 2360 2361 2428
3 2361 2429 2428
3 2361 2362 2429
3 2362 2430 2429
3 2362 2363 2430
3 2363 2431 2430
3 2363 2364 2431
3 2364 2432 2431
3 2364 2365 2432
3 2365 2433 2432
3 2365 2366 2433
3 2366 2434 2433
3 2366 2367 2434
3 2367 2435 2434
3 2367 2368 2435
3 2368 2436 2435
3 2368 2369 2436
3 2369 2370 2436
3 2436 2370 2437
3 2370 2371 2437
3 2437 2371 2438
3 2371 2439 2438
3 2371 2372 2439
3 2372 2440 2439
3 2372 2373 2440
3 2373 2441 2440
3 2373 2374 2441
3 2374 2375 2441
3 2441 2375 2442
3 2375 2443 2442
3 2375 2376 2443
3 2376 2444 2443
3 2376 2377 2444
3 2377 2445 2444
3 2377 2378 2445
3 2378 2446 2445
3 2378 2379 2446
3 2379 2447 2446
3 2379 2380 2447
3 2380 2448 2447
3 2380 2381 2448
3 2381 2449 2448
3 2381 2382 2449
3 2382 2450 2449
3 2382 2383 2450
3 2383 2451 2450
3 2383 2384 2451
3 2384 2452 2451
3 2384 2385 2452
3 2385 2453 2452
3 2385 2386 2453
3 2386 2454 2453
3 2386 2387 2454
3 2387 2455 2454
3 2387 2388 2455
3 2388 2456 2455
3 2388 2389 2456
3 2389 2457 2456
3 2389 2390 2457
3 2390 2458 2457
3 35 2459 37
3 35 2391 2459
3 2391 2460 2459
3 2391 2392 2460
3 2392 2461 2460
3 2392 2393 2461
3 2393 2462 2461
3 2393 2394 2462
3 2394 2463 2462
3 2394 2395 2463
3 2395 2464 2463
3 2395 2396 2464
3 2396 2465 2464
3 2396 2397 2465
3 2397 2466 2465
3 2397 2398 2466
3 2398 2399 2466
3 2466 2399 2467
3 2399 2400 2467
3 2467 2400 2468
3 2400 2401 2468
3 2468 2401 2469
3 2401 2470 2469
3 2401 2402 2470
3 2402 2471 2470
3 2402 2403 2471
3 2403 2472 2471
3 2403 2404 2472
3 2404 2473 2472
3 2404 2405 2473
3 2405 2474 2473
3 2405 2406 2474
3 2406 2475 2474
3 2406 2407 2475
3 2407 2408 2475
3 2475 2408 2476
3 2408 2409 2476
3 2476 2409 2477
3 2409 2410 2477
3 2477 2410 2478
3 2410 2479 2478
3 2410 2411 2479
3 2411 2480 2479
3 2411 2412 2480
3 2412 2481 2480
3 2412 2413 2481
3 2413 2414 2481
3 2481 2414 2482
3 2414 2483 2482
3 2414 2415 2483
3 2415 2484 2483
3 2415 2416 2484
3 2416 2485 2484
3 2416 2417 2485
3 2417 2486 2485
3 2417 2418 2486
3 2418 2487 2486
3 2418 2419 2487
3 2419 2488 2487
3 2419 2420 2488
3 2420 2489 2488
3 2420 2421 2489
3 2421 2422 2489
3 2489 2422 2490
3 2422 2491 2490
3 2422 2423 2491
3 2423 2492 2491
3 2423 2424 2492
3 2424 2425 2492
3 2492 2425 2493
3 2425 2426 2493
3 2493 2426 2494
3 2426 2427 2494
3 2494 2427 2495
3 2427 2496 2495
3 2427 2428 2496
3 2428 2497 2496
3 2428 2429 2497
3 2429 2498 2497
3 2429 2430 2498
3 2430 2499 2498
3 2430 2431 2499
3 2431 2500 2499
3 2431 2432 2500
3 2432 2501 2500
3 2432 2433 2501
3 2433 2434 2501
3 2501 2434 2502
3 2434 2435 2502
3 2502 2435 2503
3 2435 2436 2503
3 2503 2436 2504
3 2436 2437 2504
3 2504 2437 2505
3 2437 2438 2505
3 2505 2438 2506
3 2438 2439 2506
3 2506 2439 2507
3 2439 2440 2507
3 2507 2440 2508
3 2440 2441 2508
3 2508 2441 2509
3 2441 2442 2509
3 2509 2442 2510
3 2442 2443 2510
3 2510 2443 2511
3 2443 2512 2511
3 2443 2444 2512
3 2444 2513 2512
3 2444 2445 2513
3 2445 2514 2513
3 2445 2446 2514
3 2446 2515 2514
3 2446 2447 2515
3 2447 2448 2515
3 2515 2448 2516
3 2448 2449 2516
3 2516 2449 2517
3 2449 2450 2517
3 2517 2450 2518
3 2450 2451 2518
3 2518 2451 2519
3 2451 2520 2519
3 2451 2452 2520
3 2452 2453 2520
3 2520 2453 2521
3 2453 2454 2521
3 2521 2454 2522
3 2454 2455 2522
3 2522 2455 2523
3 2455 2456 2523
3 2523 2456 2524
3 2456 2457 2524
3 2524 2457 2525
3 2457 2458 2525
3 37 2526 39
3 37 2459 2526
3 2459 2527 2526
3 2459 2460 2527
3 2460 2528 2527
3 2460 2461 2528
3 2461 2462 2528
3 2528 2462 2529
3 2462 2530 2529
3 2462 2463 2530
3 2463 2531 2530
3 2463 2464 2531
3 2464 2532 2531
3 2464 2465 2532
3 2465 2466 2532
3 2532 2466 2533
3 2466 2467 2533
3 2533 2467 2534
3 2467 2468 2534
3 2534 2468 2535
3 2468 2469 2535
3 2535 2469 2536
3 2469 2537 2536
3 2469 2470 2537
3 2470 2538 2537
3 2470 2471 2538
3 2471 2539 2538
3 2471 2472 2539
3 2472 2540 2539
3 2472 2473 2540
3 2473 2541 2540
3 2473 2474 2541
3 2474 2475 2541
3 2541 2475 2542
3 2475 2476 2542
3 2542 2476 2543
3 2476 2477 2543
3 2543 2477 2544
3 2477 2478 2544
3 2544 2478 2545
3 2478 2479 2545
3 2545 2479 2546
3 2479 2480 2546
3 2546 2480 2547
3 2480 2481 2547
3 2547 2481 2548
3 2481 2482 2548
3 2548 2482 2549
3 2482 2483 2549
3 2549 2483 2550
3 2483 2484 2550
3 2550 2484 2551
3 2484 2485 2551
3 2551 2485 2552
3 2485 2486 2552
3 2552 2486 2553
3 2486 2487 2553
3 2553 2487 2554
3 2487 2488 2554
3 2554 2488 2555
3 2488 2489 2555
3 2555 2489 2556
3 2489 2490 2556
3 2556 2490 2557
3 2490 2491 2557
3 2557 2491 2558
3 2491 2492 2558
3 2558 2492 2559
3 2492 2493 2559
3 2559 2493 2560
3 2493 2494 2560
3 2560 2494 2561
3 2494 2495 2561
3 2561 2495 2562
3 2495 2496 2562
3 2562 2496 2563
3 2496 2497 2563
3 2563 2497 2564
3 2497 2498 2564
3 2564 2498 2565
3 2498 2499 2565
3 2565 2499 2566
3 2499 2500 2566
3 2566 2500 2567
3 2500 2501 2567
3 2567 2501 2568
3 2501 2502 2568
3 2568 2502 2569
3 2502 2503 2569
3 2569 2503 2570
3 2503 2504 2570
3 2570 2504 2571
3 2504 2505 2571
3 2571 2505 2572
3 2505 2506 2572
3 2572 2506 2573
3 2506 2507 2573
3 2573 2507 2574
3 2507 2508 2574
3 2574 2508 2575
3 2508 2509 2575
3 2575 2509 2576
3 2509 2510 2576
3 2576 2510 2577
3 2510 2511 2577
3 2577 2511 2578
3 2511 2512 2578
3 2578 2512 2579
3 2512 2513 2579
3 2579 2513 2580
3 2513 2514 2580
3 2580 2514 2581
3 2514 2515 2581
3 2581 2515 2582
3 2515 2516 2582
3 2582 2516 2583
3 2516 2517 2583
3 2583 2517 2584
3 2517 2518 2584
3 2584 2518 2585
3 2518 2519 2585
3 2585 2519 2586
3 2519 2520 2586
3 2586 2520 2587
3 2520 2521 2587
3 2587 2521 2588
3 2521 2522 2588
3 2588 2522 2589
3 2522 2523 2589
3 2589 2523 2590
3 2523 2524 2590
3 2590 2524 2591
3 2524 2525 2591
3 2591 2525 2592
3 39 2593 41
3 39 2526 2593
3 2526 2594 2593
3 2526 2527 2594
3 2527 2595 2594
3 2527 2528 2595
3 2528 2596 2595
3 2528 2529 2596
3 2529 2597 2596
3 2529 2530 2597
3 2530 2531 2597
3 2597 2531 2598
3 2531 2599 2598
3 2531 2532 2599
3 2532 2533 2599
3 2599 2533 2600
3 2533 2601 2600
3 2533 2534 2601
3 2534 2602 2601
3 2534 2535 2602
3 2535 2603 2602
3 2535 2536 2603
3 2536 2604 2603
3 2536 2537 2604
3 2537 2605 2604
3 2537 2538 2605
3 2538 2606 2605
3 2538 2539 2606
3 2539 2607 2606
3 2539 2540 2607
3 2540 2541 2607
3 2607 2541 2608
3 2541 2542 2608
3 2608 2542 2609
3 2542 2543 2609
3 2609 2543 2610
3 2543 2544 2610
3 2610 2544 2611
3 2544 2545 2611
3 2611 2545 2612
3 2545 2546 2612
3 2612 2546 2613
3 2546 2547 2613
3 2613 2547 2614
3 2547 2548 2614
3 2614 2548 2615
3 2548 2549 2615
3 2615 2549 2616
3 2549 2550 2616
3 2616 2550 2617
3 2550 2551 2617
3 2617 2551 2618
3 2551 2552 2618
3 2618 2552 2619
3 2552 2553 2619
3 2619 2553 2620
3 2553 2554 2620
3 2620 2554 2621
3 2554 2555 2621
3 2621 2555 2622
3 2555 2556 2622
3 2622 2556 2623
3 2556 2557 2623
3 2623 2557 2624
3 2557 2558 2624
3 2624 2558 2625
3 2558 2559 2625
3 2625 2559 2626
3 2559 2560 2626
3 2626 2560 2627
3 2560 2561 2627
3 2627 2561 2628
3 2561 2562 2628
3 2628 2562 2629
3 2562 2563 2629
3 2629 2563 2630
3 2563 2564 2630
3 2630 2564 2631
3 2564 2565 2631
3 2631 2565 2632
3 2565 2566 2632
3 2632 2566 2633
3 2566 2567 2633
3 2633 2567 2634
3 2567 2568 2634
3 2634 2568 2635
3 2568 2569 2635
3 2635 2569 2636
3 2569 2570 2636
3 2636 2570 2637
3 2570 2571 2637
3 2637 2571 2638
3 2571 2572 2638
3 2638 2572 2639
3 2572 2573 2639
3 2639 2573 2640
3 2573 2574 2640
3 2640 2574 2641
3 2574 2575 2641
3 2641 2575 2642
3 2575 2576 2642
3 2642 2576 2643
3 2576 2577 2643
3 2643 2577 2644
3 2577 2578 2644
3 2644 2578 2645
3 2578 2579 2645
3 2645 2579 2646
3 2579 2580 2646
3 2646 2580 2647
3 2580 2581 2647
3 2647 2581 2648
3 2581 2582 2648
3 2648 2582 2649
3 2582 2583 2649
3 2649 2583 2650
3 2583 2584 2650
3 2650 2584 2651
3 2584 2585 2651
3 2651 2585 2652
3 2585 2586 2652
3 2652 2586 2653
3 2586 2587 2653
3 2653 2587 2654
3 2587 2588 2654
3 2654 2588 2655
3 2588 2589 2655
3 2655 2589 2656
3 2589 2590 2656
3 2656 2590 2657
3 2590 2591 2657
3 2657 2591 2658
3 2591 2592 2658
3 2658 2592 2659
3 41 2660 43
3 41 2593 2660
3 2593 2661 2660
3 2593 2594 2661
3 2594 2662 2661
3 2594 2595 2662
3 2595 2596 2662
3 2662 2596 2663
3 2596 2664 2663
3 2596 2597 2664
3 2597 2665 2664
3 2597 2598 2665
3 2598 2666 2665
3 2598 2599 2666
3 2599 2667 2666
3 2599 2600 2667
3 2600 2668 2667
3 2600 2601 2668
3 2601 2669 2668
3 2601 2602 2669
3 2602 2670 2669
3 2602 2603 2670
3 2603 2671 2670
3 2603 2604 2671
3 2604 2672 2671
3 2604 2605 2672
3 2605 2673 2672
3 2605 2606 2673
3 2606 2607 2673
3 2673 2607 2674
3 2607 2608 2674
3 2674 2608 2675
3 2608 2609 2675
3 2675 2609 2676
3 2609 2610 2676
3 2676 2610 2677
3 2610 2611 2677
3 2677 2611 2678
3 2611 2612 2678
3 2678 2612 2679
3 2612 2613 2679
3 2679 2613 2680
3 2613 2614 2680
3 2680 2614 2681
3 2614 2615 2681
3 2681 2615 2682
3 2615 2616 2682
3 2682 2616 2683
3 2616 2617 2683
3 2683 2617 2684
3 2617 2618 2684
3 2684 2618 2685
3 2618 2619 2685
3 2685 2619 2686
3 2619 2620 2686
3 2686 2620 2687
3 2620 2621 2687
3 2687 2621 2688
3 2621 2622 2688
3 2688 2622 2689
3 2622 2623 2689
3 2689 2623 2690
3 2623 2624 2690
3 2690 2624 2691
3 2624 2625 2691
3 2691 2625 2692
3 2625 2626 2692
3 2692 2626 2693
3 2626 2627 2693
3 2693 2627 2694
3 2627 2628 2694
3 2694 2628 2695
3 2628 2629 2695
3 2695 2629 2696
3 2629 2630 2696
3 2696 2630 2697
3 2630 2631 2697
3 2697 2631 2698
3 2631 2632 2698
3 2698 2632 2699
3 2632 2633 2699
3 2699 2633 2700
3 2633 2634 2700
3 2700 2634 2701
3 2634 2635 2701
3 2701 2635 2702
3 2635 2636 2702
3 2702 2636 2703
3 2636 2637 2703
3 2703 2637 2704
3 2637 2638 2704
3 2704 2638 2705
3 2638 2639 2705
3 2705 2639 2706
3 2639 2640 2706
3 2706 2640 2707
3 2640 2641 2707
3 2707 2641 2708
3 2641 2642 2708
3 2708 2642 2709
3 2642 2643 2709
3 2709 2643 2710
3 2643 2644 2710
3 2710 2644 2711
3 2644 2645 2711
3 2711 2645 2712
3 2645 2646 2712
3 2712 2646 2713
3 2646 2647 2713
3 2713 2647 2714
3 2647 2648 2714
3 2714 2648 2715
3 2648 2649 2715
3 2715 2649 2716
3 2649 2650 2716
3 2716 2650 2717
3 2650 2651 2717
3 2717 2651 2718
3 2651 2652 2718
3 2718 2652 2719
3 2652 2653 2719
3 2719 2653 2720
3 2653 2654 2720
3 2720 2654 2721
3 2654 2655 2721
3 2721 2655 2722
3 2655 2656 2722
3 2722 2656 2723
3 2656 2657 2723
3 2723 2657 2724
3 2657 2658 2724
3 2724 2658 2725
3 2658 2659 2725
3 43 2726 45
3 43 2660 2726
3 2660 2727 2726
3 2660 2661 2727
3 2661 2728 2727
3 2661 2662 2728
3 2662 2663 2728
3 2728 2663 2729
3 2663 2730 2729
3 2663 2664 2730
3 2664 2731 2730
3 2664 2665 2731
3 2665 2732 2731
3 2665 2666 2732
3 2666 2733 2732
3 2666 2667 2733
3 2667 2734 2733
3 2667 2668 2734
3 2668 2735 2734
3 2668 2669 2735
3 2669 2736 2735
3 2669 2670 2736
3 2670 2737 2736
3 2670 2671 2737
3 2671 2738 2737
3 2671 2672 2738
3 2672 2673 2738
3 2738 2673 2739
3 2673 2674 2739
3 2739 2674 2740
3 2674 2675 2740
3 2740 2675 2741
3 2675 2676 2741
3 2741 2676 2742
3 2676 2677 2742
3 2742 2677 2743
3 2677 2678 2743
3 2743 2678 2744
3 2678 2679 2744
3 2744 2679 2745
3 2679 2680 2745
3 2745 2680 2746
3 2680 2681 2746
3 2746 2681 2747
3 2681 2682 2747
3 2747 2682 2748
3 2682 2683 2748
3 2748 2683 2749
3 2683 2684 2749
3 2749 2684 2750
3 2684 2685 2750
3 2750 2685 2751
3 2685 2686 2751
3 2751 2686 2752
3 2686 2687 2752
3 2752 2687 2753
3 2687 2688 2753
3 2753 2688 2754
3 2688 2689 2754
3 2754 2689 2755
3 2689 2690 2755
3 2755 2690 2756
3 2690 2691 2756
3 2756 2691 2757
3 2691 2692 2757
3 2757 2692 2758
3 2692 2693 2758
3 2758 2693 2759
3 2693 2694 2759
3 2759 2694 2760
3 2694 2695 2760
3 2760 2695 2761
3 2695 2696 2761
3 2761 2696 2762
3 2696 2697 2762
3 2762 2697 2763
3 2697 2764 2763
3 2697 2698 2764
3 2698 2765 2764
3 2698 2699 2765
3 2699 2766 2765
3 2699 2700 2766
3 2700 2767 2766
3 2700 2701 2767
3 2701 2768 2767
3 2701 2702 2768
3 2702 2703 2768
3 2768 2703 2769
3 2703 2704 2769
3 2769 2704 2770
3 2704 2705 2770
3 2770 2705 2771
3 2705 2706 2771
3 2771 2706 2772
3 2706 2707 2772
3 2772 2707 2773
3 2707 2708 2773
3 2773 2708 2774
3 2708 2709 2774
3 2774 2709 2775
3 2709 2710 2775
3 2775 2710 2776
3 2710 2711 2776
3 2776 2711 2777
3 2711 2712 2777
3 2777 2712 2778
3 2712 2713 2778
3 2778 2713 2779
3 2713 2714 2779
3 2779 2714 2780
3 2714 2715 2780
3 2780 2715 2781
3 2715 2716 2781
3 2781 2716 2782
3 2716 2717 2782
3 2782 2717 2783
3 2717 2718 2783
3 2783 2718 2784
3 2718 2785 2784
3 2718 2719 2785
3 2719 2720 2785
3 2785 2720 2786
3 2720 2721 2786
3 2786 2721 2787
3 2721 2722 2787
3 2787 2722 2788
3 2722 2723 2788
3 2788 2723 2789
3 2723 2724 2789
3 2789 2724 2790
3 2724 2725 2790
3 2790 2725 2791
3 45 2792 47
3 45 2726 2792
3 2726 2793 2792
3 2726 2727 2793
3 2727 2794 2793
3 2727 2728 2794
3 2728 2729 2794
3 2794 2729 2795
3 2729 2796 2795
3 2729 2730 2796
3 2730 2797 2796
3 2730 2731 2797
3 2731 2798 2797
3 2731 2732 2798
3 2732 2799 2798
3 2732 2733 2799
3 2733 2800 2799
3 2733 2734 2800
3 2734 2801 2800
3 2734 2735 2801
3 2735 2802 2801
3 2735 2736 2802
3 2736 2803 2802
3 2736 2737 2803
3 2737 2804 2803
3 2737 2738 2804
3 2738 2739 2804
3 2804 2739 2805
3 2739 2740 2805
3 2805 2740 2806
3 2740 2741 2806
3 2806 2741 2807
3 2741 2742 2807
3 2807 2742 2808
3 2742 2743 2808
3 2808 2743 2809
3 2743 2744 2809
3 2809 2744 2810
3 2744 2745 2810
3 2810 2745 2811
3 2745 2812 2811
3 2745 2746 2812
3 2746 2813 2812
3 2746 2747 2813
3 2747 2814 2813
3 2747 2748 2814
3 2748 2749 2814
3 2814 2749 2815
3 2749 2816 2815
3 2749 2750 2816
3 2750 2817 2816
3 2750 2751 2817
3 2751 2752 2817
3 2817 2752 2818
3 2752 2819 2818
3 2752 2753 2819
3 2753 2820 2819
3 2753 2754 2820
3 2754 2821 2820
3 2754 2755 2821
3 2755 2756 2821
3 2821 2756 2822
3 2756 2757 2822
3 2822 2757 2823
3 2757 2758 2823
3 2823 2758 2824
3 2758 2759 2824
3 2824 2759 2825
3 2759 2760 2825
3 2825 2760 2826
3 2760 2761 2826
3 2826 2761 2827
3 2761 2828 2827
3 2761 2762 2828
3 2762 2829 2828
3 2762 2763 2829
3 2763 2830 2829
3 2763 2764 2830
3 2764 2831 2830
3 2764 2765 2831
3 2765 2832 2831
3 2765 2766 2832
3 2766 2833 2832
3 2766 2767 2833
3 2767 2834 2833
3 2767 2768 2834
3 2768 2769 2834
3 2834 2769 2835
3 2769 2770 2835
3 2835 2770 2836
3 2770 2771 2836
3 2836 2771 2837
3 2771 2772 2837
3 2837 2772 2838
3 2772 2773 2838
3 2838 2773 2839
3 2773 2774 2839
3 2839 2774 2840
3 2774 2775 2840
3 2840 2775 2841
3 2775 2776 2841
3 2841 2776 2842
3 2776 2777 2842
3 2842 2777 2843
3 2777 2778 2843
3 2843 2778 2844
3 2778 2845 2844
3 2778 2779 2845
3 2779 2846 2845
3 2779 2780 2846
3 2780 2847 2846
3 2780 2781 2847
3 2781 2848 2847
3 2781 2782 2848
3 2782 2783 2848
3 2848 2783 2849
3 2783 2850 2849
3 2783 2784 2850
3 2784 2851 2850
3 2784 2785 2851
3 2785 2786 2851
3 2851 2786 2852
3 2786 2787 2852
3 2852 2787 2853
3 2787 2854 2853
3 2787 2788 2854
3 2788 2855 2854
3 2788 2789 2855
3 2789 2856 2855
3 2789 2790 2856
3 2790 2857 2856
3 2790 2791 2857
3 47 2858 49
3 47 2792 2858
3 2792 2859 2858
3 2792 2793 2859
3 2793 2860 2859
3 2793 2794 2860
3 2794 2795 2860
3 2860 2795 2861
3 2795 2862 2861
3 2795 2796 2862
3 2796 2863 2862
3 2796 2797 2863
3 2797 2864 2863
3 2797 2798 2864
3 2798 2865 2864
3 2798 2799 2865
3 2799 2866 2865
3 2799 2800 2866
3 2800 2867 2866
3 2800 2801 2867
3 2801 2868 2867
3 2801 2802 2868
3 2802 2803 2868
3 2868 2803 2869
3 2803 2804 2869
3 2869 2804 2870
3 2804 2805 2870
3 2870 2805 2871
3 2805 2806 2871
3 2871 2806 2872
3 2806 2807 2872
3 2872 2807 2873
3 2807 2808 2873
3 2873 2808 2874
3 2808 2809 2874
3 2874 2809 2875
3 2809 2810 2875
3 2875 2810 2876
3 2810 2877 2876
3 2810 2811 2877
3 2811 2878 2877
3 2811 2812 2878
3 2812 2879 2878
3 2812 2813 2879
3 2813 2880 2879
3 2813 2814 2880
3 2814 2815 2880
3 2880 2815 2881
3 2815 2882 2881
3 2815 2816 2882
3 2816 2883 2882
3 2816 2817 2883
3 2817 2818 2883
3 2883 2818 2884
3 2818 2885 2884
3 2818 2819 2885
3 2819 2886 2885
3 2819 2820 2886
3 2820 2887 2886
3 2820 2821 2887
3 2821 2888 2887
3 2821 2822 2888
3 2822 2823 2888
3 2888 2823 2889
3 2823 2890 2889
3 2823 2824 2890
3 2824 2891 2890
3 2824 2825 2891
3 2825 2826 2891
3 2891 2826 2892
3 2826 2893 2892
3 2826 2827 2893
3 2827 2894 2893
3 2827 2828 2894
3 2828 2895 2894
3 2828 2829 2895
3 2829 2896 2895
3 2829 2830 2896
3 2830 2897 2896
3 2830 2831 2897
3 2831 2898 2897
3 2831 2832 2898
3 2832 2899 2898
3 2832 2833 2899
3 2833 2900 2899
3 2833 2834 2900
3 2834 2901 2900
3 2834 2835 2901
3 2835 2836 2901
3 2901 2836 2902
3 2836 2837 2902
3 2902 2837 2903
3 2837 2838 2903
3 2903 2838 2904
3 2838 2839 2904
3 2904 2839 2905
3 2839 2840 2905
3 2905 2840 2906
3 2840 2841 2906
3 2906 2841 2907
3 2841 2842 2907
3 2907 2842 2908
3 2842 2843 2908
3 2908 2843 2909
3 2843 2910 2909
3 2843 2844 2910
3 2844 2911 2910
3 2844 2845 2911
3 2845 2912 2911
3 2845 2846 2912
3 2846 2913 2912
3 2846 2847 2913
3 2847 2914 2913
3 2847 2848 2914
3 2848 2915 2914
3 2848 2849 2915
3 2849 2916 2915
3 2849 2850 2916
3 2850 2917 2916
3 2850 2851 2917
3 2851 2918 2917
3 2851 2852 2918
3 2852 2919 2918
3 2852 2853 2919
3 2853 2920 2919
3 2853 2854 2920
3 2854 2921 2920
3 2854 2855 2921
3 2855 2922 2921
3 2855 2856 2922
3 2856 2923 2922
3 2856 2857 2923
3 49 2924 51
3 49 2858 2924
3 2858 2925 2924
3 2858 2859 2925
3 2859 2926 2925
3 2859 2860 2926
3 2860 2927 2926
3 2860 2861 2927
3 2861 2928 2927
3 2861 2862 2928
3 2862 2929 2928
3 2862 2863 2929
3 2863 2930 2929
3 2863 2864 2930
3 2864 2931 2930
3 2864 2865 2931
3 2865 2932 2931
3 2865 2866 2932
3 2866 2933 2932
3 2866 2867 2933
3 2867 2934 2933
3 2867 2868 2934
3 2868 2869 2934
3 2934 2869 2935
3 2869 2870 2935
3 2935 2870 2936
3 2870 2871 2936
3 2936 2871 2937
3 2871 2872 2937
3 2937 2872 2938
3 2872 2873 2938
3 2938 2873 2939
3 2873 2874 2939
3 2939 2874 2940
3 2874 2875 2940
3 2940 2875 2941
3 2875 2876 2941
3 2941 2876 2942
3 2876 2943 2942
3 2876 2877 2943
3 2877 2944 2943
3 2877 2878 2944
3 2878 2945 2944
3 2878 2879 2945
3 2879 2946 2945
3 2879 2880 2946
3 2880 2881 2946
3 2946 2881 2947
3 2881 2948 2947
3 2881 2882 2948
3 2882 2949 2948
3 2882 2883 2949
3 2883 2884 2949
3 2949 2884 2950
3 2884 2951 2950
3 2884 2885 2951
3 2885 2952 2951
3 2885 2886 2952
3 2886 2953 2952
3 2886 2887 2953
3 2887 2888 2953
3 2953 2888 2954
3 2888 2889 2954
3 2954 2889 2955
3 2889 2890 2955
3 2955 2890 2956
3 2890 2891 2956
3 2956 2891 2957
3 2891 2892 2957
3 2957 2892 2958
3 2892 2893 2958
3 2958 2893 2959
3 2893 2960 2959
3 2893 2894 2960
3 2894 2961 2960
3 2894 2895 2961
3 2895 2962 2961
3 2895 2896 2962
3 2896 2963 2962
3 2896 2897 2963
3 2897 2964 2963
3 2897 2898 2964
3 2898 2965 2964
3 2898 2899 2965
3 2899 2966 2965
3 2899 2900 2966
3 2900 2967 2966
3 2900 2901 2967
3 2901 2902 2967
3 2967 2902 2968
3 2902 2903 2968
3 2968 2903 2969
3 2903 2904 2969
3 2969 2904 2970
3 2904 2905 2970
3 2970 2905 2971
3 2905 2906 2971
3 2971 2906 2972
3 2906 2907 2972
3 2972 2907 2973
3 2907 2908 2973
3 2973 2908 2974
3 2908 2909 2974
3 2974 2909 2975
3 2909 2976 2975
3 2909 2910 2976
3 2910 2977 2976
3 2910 2911 2977
3 2911 2978 2977
3 2911 2912 2978
3 2912 2979 2978
3 2912 2913 2979
3 2913 2980 2979
3 2913 2914 2980
3 2914 2915 2980
3 2980 2915 2981
3 2915 2982 2981
3 2915 2916 2982
3 2916 2983 2982
3 2916 2917 2983
3 2917 2984 2983
3 2917 2918 2984
3 2918 2985 2984
3 2918 2919 2985
3 2919 2986 2985
3 2919 2920 2986
3 2920 2987 2986
3 2920 2921 2987
3 2921 2988 2987
3 2921 2922 2988
3 2922 2989 2988
3 2922 2923 2989
3 51 2990 53
3 51 2924 2990
3 2924 2991 2990
3 2924 2925 2991
3 2925 2992 2991
3 2925 2926 2992
3 2926 2927 2992
3 2992 2927 2993
3 2927 2994 2993
3 2927 2928 2994
3 2928 2995 2994
3 2928 2929 2995
3 2929 2996 2995
3 2929 2930 2996
3 2930 2997 2996
3 2930 2931 2997
3 2931 2998 2997
3 2931 2932 2998
3 2932 2999 2998
3 2932 2933 2999
3 2933 2934 2999
3 2999 2934 3000
3 2934 2935 3000
3 3000 2935 3001
3 2935 2936 3001
3 3001 2936 3002
3 2936 2937 3002
3 3002 2937 3003
3 2937 2938 3003
3 3003 2938 3004
3 2938 2939 3004
3 3004 2939 3005
3 2939 2940 3005
3 3005 2940 3006
3 2940 2941 3006
3 3006 2941 3007
3 2941 2942 3007
3 3007 2942 3008
3 2942 2943 3008
3 3008 2943 3009
3 2943 3010 3009
3 2943 2944 3010
3 2944 2945 3010
3 3010 2945 3011
3 2945 2946 3011
3 3011 2946 3012
3 2946 2947 3012
3 3012 2947 3013
3 2947 2948 3013
3 3013 2948 3014
3 2948 2949 3014
3 3014 2949 3015
3 2949 2950 3015
3 3015 2950 3016
3 2950 2951 3016
3 3016 2951 3017
3 2951 3018 3017
3 2951 2952 3018
3 2952 2953 3018
3 3018 2953 3019
3 2953 2954 3019
3 3019 2954 3020
3 2954 2955 3020
3 3020 2955 3021
3 2955 2956 3021
3 3021 2956 3022
3 2956 2957 3022
3 3022 2957 3023
3 2957 2958 3023
3 3023 2958 3024
3 2958 2959 3024
3 3024 2959 3025
3 2959 2960 3025
3 3025 2960 3026
3 2960 2961 3026
3 3026 2961 3027
3 2961 3028 3027
3 2961 2962 3028
3 2962 3029 3028
3 2962 2963 3029
3 2963 3030 3029
3 2963 2964 3030
3 2964 3031 3030
3 2964 2965 3031
3 2965 3032 3031
3 2965 2966 3032
3 2966 2967 3032
3 3032 2967 3033
3 2967 2968 3033
3 3033 2968 3034
3 2968 2969 3034
3 3034 2969 3035
3 2969 2970 3035
3 3035 2970 3036
3 2970 2971 3036
3 3036 2971 3037
3 2971 2972 3037
3 3037 2972 3038
3 2972 2973 3038
3 3038 2973 3039
3 2973 2974 3039
3 3039 2974 3040
3 2974 2975 3040
3 3040 2975 3041
3 2975 2976 3041
3 3041 2976 3042
3 2976 2977 3042
3 3042 2977 3043
3 2977 2978 3043
3 3043 2978 3044
3 2978 2979 3044
3 3044 2979 3045
3 2979 3046 3045
3 2979 2980 3046
3 2980 3047 3046
3 2980 2981 3047
3 2981 3048 3047
3 2981 2982 3048
3 2982 3049 3048
3 2982 2983 3049
3 2983 3050 3049
3 2983 2984 3050
3 2984 3051 3050
3 2984 2985 3051
3 2985 3052 3051
3 2985 2986 3052
3 2986 2987 3052
3 3052 2987 3053
3 2987 2988 3053
3 3053 2988 3054
3 2988 2989 3054
3 3054 2989 3055
3 53 3056 55
3 53 2990 3056
3 2990 3057 3056
3 2990 2991 3057
3 2991 3058 3057
3 2991 2992 3058
3 2992 3059 3058
3 2992 2993 3059
3 2993 3060 3059
3 2993 2994 3060
3 2994 3061 3060
3 2994 2995 3061
3 2995 3062 3061
3 2995 2996 3062
3 2996 3063 3062
3 2996 2997 3063
3 2997 3064 3063
3 2997 2998 3064
3 2998 3065 3064
3 2998 2999 3065
3 2999 3000 3065
3 3065 3000 3066
3 3000 3001 3066
3 3066 3001 3067
3 3001 3002 3067
3 3067 3002 3068
3 3002 3003 3068
3 3068 3003 3069
3 3003 3004 3069
3 3069 3004 3070
3 3004 3005 3070
3 3070 3005 3071
3 3005 3006 3071
3 3071 3006 3072
3 3006 3007 3072
3 3072 3007 3073
3 3007 3008 3073
3 3073 3008 3074
3 3008 3009 3074
3 3074 3009 3075
3 3009 3010 3075
3 3075 3010 3076
3 3010 3011 3076
3 3076 3011 3077
3 3011 3012 3077
3 3077 3012 3078
3 3012 3013 3078
3 3078 3013 3079
3 3013 3014 3079
3 3079 3014 3080
3 3014 3015 3080
3 3080 3015 3081
3 3015 3016 3081
3 3081 3016 3082
3 3016 3017 3082
3 3082 3017 3083
3 3017 3084 3083
3 3017 3018 3084
3 3018 3019 3084
3 3084 3019 3085
3 3019 3020 3085
3 3085 3020 3086
3 3020 3021 3086
3 3086 3021 3087
3 3021 3022 3087
3 3087 3022 3088
3 3022 3023 3088
3 3088 3023 3089
3 3023 3024 3089
3 3089 3024 3090
3 3024 3025 3090
3 3090 3025 3091
3 3025 3026 3091
3 3091 3026 3092
3 3026 3093 3092
3 3026 3027 3093
3 3027 3094 3093
3 3027 3028 3094
3 3028 3095 3094
3 3028 3029 3095
3 3029 3096 3095
3 3029 3030 3096
3 3030 3097 3096
3 3030 3031 3097
3 3031 3098 3097
3 3031 3032 3098
3 3032 3033 3098
3 3098 3033 3099
3 3033 3034 3099
3 3099 3034 3100
3 3034 3035 3100
3 3100 3035 3101
3 3035 3036 3101
3 3101 3036 3102
3 3036 3037 3102
3 3102 3037 3103
3 3037 3038 3103
3 3103 3038 3104
3 3038 3039 3104
3 3104 3039 3105
3 3039 3040 3105
3 3105 3040 3106
3 3040 3041 3106
3 3106 3041 3107
3 3041 3042 3107
3 3107 3042 3108
3 3042 3043 3108
3 3108 3043 3109
3 3043 3110 3109
3 3043 3044 3110
3 3044 3111 3110
3 3044 3045 3111
3 3045 3112 3111
3 3045 3046 3112
3 3046 3113 3112
3 3046 3047 3113
3 3047 3114 3113
3 3047 3048 3114
3 3048 3115 3114
3 3048 3049 3115
3 3049 3116 3115
3 3049 3050 3116
3 3050 3051 3116
3 3116 3051 3117
3 3051 3052 3117
3 3117 3052 3118
3 3052 3053 3118
3 3118 3053 3119
3 3053 3054 3119
3 3119 3054 3120
3 3054 3055 3120
3 55 3121 57
3 55 3056 3121
3 3056 3122 3121
3 3056 3057 3122
3 3057 3123 3122
3 3057 3058 3123
3 3058 3124 3123
3 3058 3059 3124
3 3059 3125 3124
3 3059 3060 3125
3 3060 3126 3125
3 3060 3061 3126
3 3061 3127 3126
3 3061 3062 3127
3 3062 3128 3127
3 3062 3063 3128
3 3063 3129 3128
3 3063 3064 3129
3 3064 3130 3129
3 3064 3065 3130
3 3065 3066 3130
3 3130 3066 3131
3 3066 3067 3131
3 3131 3067 3132
3 3067 3068 3132
3 3132 3068 3133
3 3068 3069 3133
3 3133 3069 3134
3 3069 3070 3134
3 3134 3070 3135
3 3070 3071 3135
3 3135 3071 3136
3 3071 3072 3136
3 3136 3072 3137
3 3072 3073 3137
3 3137 3073 3138
3 3073 3074 3138
3 3138 3074 3139
3 3074 3075 3139
3 3139 3075 3140
3 3075 3141 3140
3 3075 3076 3141
3 3076 3142 3141
3 3076 3077 3142
3 3077 3078 3142
3 3142 3078 3143
3 3078 3079 3143
3 3143 3079 3144
3 3079 3145 3144
3 3079 3080 3145
3 3080 3146 3145
3 3080 3081 3146
3 3081 3082 3146
3 3146 3082 3147
3 3082 3148 3147
3 3082 3083 3148
3 3083 3149 3148
3 3083 3084 3149
3 3084 3150 3149
3 3084 3085 3150
3 3085 3086 3150
3 3150 3086 3151
3 3086 3087 3151
3 3151 3087 3152
3 3087 3153 3152
3 3087 3088 3153
3 3088 3154 3153
3 3088 3089 3154
3 3089 3155 3154
3 3089 3090 3155
3 3090 3156 3155
3 3090 3091 3156
3 3091 3157 3156
3 3091 3092 3157
3 3092 3158 3157
3 3092 3093 3158
3 3093 3159 3158
3 3093 3094 3159
3 3094 3160 3159
3 3094 3095 3160
3 3095 3161 3160
3 3095 3096 3161
3 3096 3162 3161
3 3096 3097 3162
3 3097 3163 3162
3 3097 3098 3163
3 3098 3099 3163
3 3163 3099 3164
3 3099 3100 3164
3 3164 3100 3165
3 3100 3166 3165
3 3100 3101 3166
3 3101 3102 3166
3 3166 3102 3167
3 3102 3103 3167
3 3167 3103 3168
3 3103 3169 3168
3 3103 3104 3169
3 3104 3170 3169
3 3104 3105 3170
3 3105 3106 3170
3 3170 3106 3171
3 3106 3107 3171
3 3171 3107 3172
3 3107 3173 3172
3 3107 3108 3173
3 3108 3174 3173
3 3108 3109 3174
3 3109 3175 3174
3 3109 3110 3175
3 3110 3176 3175
3 3110 3111 3176
3 3111 3177 3176
3 3111 3112 3177
3 3112 3178 3177
3 3112 3113 3178
3 3113 3179 3178
3 3113 3114 3179
3 3114 3180 3179
3 3114 3115 3180
3 3115 3181 3180
3 3115 3116 3181
3 3116 3182 3181
3 3116 3117 3182
3 3117 3183 3182
3 3117 3118 3183
3 3118 3184 3183
3 3118 3119 3184
3 3119 3185 3184
3 3119 3120 3185
3 3120 3186 3185
3 57 3187 59
3 57 3121 3187
3 3121 3188 3187
3 3121 3122 3188
3 3122 3189 3188
3 3122 3123 3189
3 3123 3190 3189
3 3123 3124 3190
3 3124 3191 3190
3 3124 3125 3191
3 3125 3192 3191
3 3125 3126 3192
3 3126 3193 3192
3 3126 3127 3193
3 3127 3194 3193
3 3127 3128 3194
3 3128 3195 3194
3 3128 3129 3195
3 3129 3196 3195
3 3129 3130 3196
3 3130 3131 3196
3 3196 3131 3197
3 3131 3132 3197
3 3197 3132 3198
3 3132 3133 3198
3 3198 3133 3199
3 3133 3134 3199
3 3199 3134 3200
3 3134 3135 3200
3 3200 3135 3201
3 3135 3136 3201
3 3201 3136 3202
3 3136 3137 3202
3 3202 3137 3203
3 3137 3138 3203
3 3203 3138 3204
3 3138 3139 3204
3 3204 3139 3205
3 3139 3206 3205
3 3139 3140 3206
3 3140 3207 3206
3 3140 3141 3207
3 3141 3208 3207
3 3141 3142 3208
3 3142 3209 3208
3 3142 3143 3209
3 3143 3210 3209
3 3143 3144 3210
3 3144 3211 3210
3 3144 3145 3211
3 3145 3212 3211
3 3145 3146 3212
3 3146 3213 3212
3 3146 3147 3213
3 3147 3214 3213
3 3147 3148 3214
3 3148 3215 3214
3 3148 3149 3215
3 3149 3216 3215
3 3149 3150 3216
3 3150 3217 3216
3 3150 3151 3217
3 3151 3218 3217
3 3151 3152 3218
3 3152 3219 3218
3 3152 3153 3219
3 3153 3220 3219
3 3153 3154 3220
3 3154 3221 3220
3 3154 3155 3221
3 3155 3222 3221
3 3155 3156 3222
3 3156 3223 3222
3 3156 3157 3223
3 3157 3224 3223
3 3157 3158 3224
3 3158 3225 3224
3 3158 3159 3225
3 3159 3226 3225
3 3159 3160 3226
3 3160 3227 3226
3 3160 3161 3227
3 3161 3228 3227
3 3161 3162 3228
3 3162 3229 3228
3 3162 3163 3229
3 3163 3230 3229
3 3163 3164 3230
3 3164 3231 3230
3 3164 3165 3231
3 3165 3232 3231
3 3165 3166 3232
3 3166 3233 3232
3 3166 3167 3233
3 3167 3234 3233
3 3167 3168 3234
3 3168 3235 3234
3 3168 3169 3235
3 3169 3236 3235
3 3169 3170 3236
3 3170 3237 3236
3 3170 3171 3237
3 3171 3238 3237
3 3171 3172 3238
3 3172 3239 3238
3 3172 3173 3239
3 3173 3240 3239
3 3173 3174 3240
3 3174 3241 3240
3 3174 3175 3241
3 3175 3242 3241
3 3175 3176 3242
3 3176 3243 3242
3 3176 3177 3243
3 3177 3244 3243
3 3177 3178 3244
3 3178 3245 3244
3 3178 3179 3245
3 3179 3246 3245
3 3179 3180 3246
3 3180 3247 3246
3 3180 3181 3247
3 3181 3248 3247
3 3181 3182 3248
3 3182 3249 3248
3 3182 3183 3249
3 3183 3250 3249
3 3183 3184 3250
3 3184 3251 3250
3 3184 3185 3251
3 3185 3252 3251
3 59 3253 61
3 59 3187 3253
3 3187 3254 3253
3 3187 3188 3254
3 3188 3255 3254
3 3188 3189 3255
3 3189 3256 3255
3 3189 3190 3256
3 3190 3257 3256
3 3190 3191 3257
3 3191 3258 3257
3 3191 3192 3258
3 3192 3259 3258
3 3192 3193 3259
3 3193 3260 3259
3 3193 3194 3260
3 3194 3261 3260
3 3194 3195 3261
3 3195 3262 3261
3 3195 3196 3262
3 3196 3263 3262
3 3196 3197 3263
3 3197 3198 3263
3 3263 3198 3264
3 3198 3265 3264
3 3198 3199 3265
3 3199 3266 3265
3 3199 3200 3266
3 3200 3201 3266
3 3266 3201 3267
3 3201 3202 3267
3 3267 3202 3268
3 3202 3203 3268
3 3268 3203 3269
3 3203 3270 3269
3 3203 3204 3270
3 3204 3271 3270
3 3204 3205 3271
3 3205 3272 3271
3 3205 3206 3272
3 3206 3273 3272
3 3206 3207 3273
3 3207 3274 3273
3 3207 3208 3274
3 3208 3275 3274
3 3208 3209 3275
3 3209 3276 3275
3 3209 3210 3276
3 3210 3277 3276
3 3210 3211 3277
3 3211 3278 3277
3 3211 3212 3278
3 3212 3279 3278
3 3212 3213 3279
3 3213 3280 3279
3 3213 3214 3280
3 3214 3281 3280
3 3214 3215 3281
3 3215 3282 3281
3 3215 3216 3282
3 3216 3283 3282
3 3216 3217 3283
3 3217 3284 3283
3 3217 3218 3284
3 3218 3285 3284
3 3218 3219 3285
3 3219 3286 3285
3 3219 3220 3286
3 3220 3221 3286
3 3286 3221 3287
3 3221 3222 3287
3 3287 3222 3288
3 3222 3289 3288
3 3222 3223 3289
3 3223 3290 3289
3 3223 3224 3290
3 3224 3291 3290
3 3224 3225 3291
3 3225 3292 3291
3 3225 3226 3292
3 3226 3293 3292
3 3226 3227 3293
3 3227 3294 3293
3 3227 3228 3294
3 3228 3295 3294
3 3228 3229 3295
3 3229 3296 3295
3 3229 3230 3296
3 3230 3297 3296
3 3230 3231 3297
3 3231 3298 3297
3 3231 3232 3298
3 3232 3299 3298
3 3232 3233 3299
3 3233 3300 3299
3 3233 3234 3300
3 3234 3301 3300
3 3234 3235 3301
3 3235 3302 3301
3 3235 3236 3302
3 3236 3303 3302
3 3236 3237 3303
3 3237 3304 3303
3 3237 3238 3304
3 3238 3305 3304
3 3238 3239 3305
3 3239 3306 3305
3 3239 3240 3306
3 3240 3307 3306
3 3240 3241 3307
3 3241 3308 3307
3 3241 3242 3308
3 3242 3309 3308
3 3242 3243 3309
3 3243 3310 3309
3 3243 3244 3310
3 3244 3311 3310
3 3244 3245 3311
3 3245 3312 3311
3 3245 3246 3312
3 3246 3313 3312
3 3246 3247 3313
3 3247 3314 3313
3 3247 3248 3314
3 3248 3315 3314
3 3248 3249 3315
3 3249 3316 3315
3 3249 3250 3316
3 3250 3317 3316
3 3250 3251 3317
3 3251 3318 3317
3 3251 3252 3318
3 61 3319 63
3 61 3253 3319
3 3253 3320 3319
3 3253 3254 3320
3 3254 3321 3320
3 3254 3255 3321
3 3255 3322 3321
3 3255 3256 3322
3 3256 3323 3322
3 3256 3257 3323
3 3257 3324 3323
3 3257 3258 3324
3 3258 3325 3324
3 3258 3259 3325
3 3259 3326 3325
3 3259 3260 3326
3 3260 3327 3326
3 3260 3261 3327
3 3261 3328 3327
3 3261 3262 3328
3 3262 3329 3328
3 3262 3263 3329
3 3263 3264 3329
3 3329 3264 3330
3 3264 3331 3330
3 3264 3265 3331
3 3265 3332 3331
3 3265 3266 3332
3 3266 3267 3332
3 3332 3267 3333
3 3267 3268 3333
3 3333 3268 3334
3 3268 3269 3334
3 3334 3269 3335
3 3269 3336 3335
3 3269 3270 3336
3 3270 3337 3336
3 3270 3271 3337
3 3271 3338 3337
3 3271 3272 3338
3 3272 3339 3338
3 3272 3273 3339
3 3273 3340 3339
3 3273 3274 3340
3 3274 3341 3340
3 3274 3275 3341
3 3275 3342 3341
3 3275 3276 3342
3 3276 3343 3342
3 3276 3277 3343
3 3277 3344 3343
3 3277 3278 3344
3 3278 3345 3344
3 3278 3279 3345
3 3279 3346 3345
3 3279 3280 3346
3 3280 3347 3346
3 3280 3281 3347
3 3281 3348 3347
3 3281 3282 3348
3 3282 3349 3348
3 3282 3283 3349
3 3283 3350 3349
3 3283 3284 3350
3 3284 3351 3350
3 3284 3285 3351
3 3285 3352 3351
3 3285 3286 3352
3 3286 3287 3352
3 3352 3287 3353
3 3287 3288 3353
3 3353 3288 3354
3 3288 3289 3354
3 3354 3289 3355
3 3289 3290 3355
3 3355 3290 3356
3 3290 3357 3356
3 3290 3291 3357
3 3291 3358 3357
3 3291 3292 3358
3 3292 3359 3358
3 3292 3293 3359
3 3293 3360 3359
3 3293 3294 3360
3 3294 3361 3360
3 3294 3295 3361
3 3295 3362 3361
3 3295 3296 3362
3 3296 3363 3362
3 3296 3297 3363
3 3297 3364 3363
3 3297 3298 3364
3 3298 3365 3364
3 3298 3299 3365
3 3299 3366 3365
3 3299 3300 3366
3 3300 3367 3366
3 3300 3301 3367
3 3301 3368 3367
3 3301 3302 3368
3 3302 3369 3368
3 3302 3303 3369
3 3303 3370 3369
3 3303 3304 3370
3 3304 3371 3370
3 3304 3305 3371
3 3305 3372 3371
3 3305 3306 3372
3 3306 3373 3372
3 3306 3307 3373
3 3307 3374 3373
3 3307 3308 3374
3 3308 3375 3374
3 3308 3309 3375
3 3309 3376 3375
3 3309 3310 3376
3 3310 3377 3376
3 3310 3311 3377
3 3311 3378 3377
3 3311 3312 3378
3 3312 3379 3378
3 3312 3313 3379
3 3313 3380 3379
3 3313 3314 3380
3 3314 3381 3380
3 3314 3315 3381
3 3315 3382 3381
3 3315 3316 3382
3 3316 3383 3382
3 3316 3317 3383
3 3317 3384 3383
3 3317 3318 3384
3 63 3385 65
3 63 3319 3385
3 3319 3386 3385
3 3319 3320 3386
3 3320 3387 3386
3 3320 3321 3387
3 3321 3388 3387
3 3321 3322 3388
3 3322 3389 3388
3 3322 3323 3389
3 3323 3390 3389
3 3323 3324 3390
3 3324 3391 3390
3 3324 3325 3391
3 3325 3392 3391
3 3325 3326 3392
3 3326 3393 3392
3 3326 3327 3393
3 3327 3394 3393
3 3327 3328 3394
3 3328 3395 3394
3 3328 3329 3395
3 3329 3330 3395
3 3395 3330 3396
3 3330 3397 3396
3 3330 3331 3397
3 3331 3398 3397
3 3331 3332 3398
3 3332 3333 3398
3 3398 3333 3399
3 3333 3334 3399
3 3399 3334 3400
3 3334 3335 3400
3 3400 3335 3401
3 3335 3402 3401
3 3335 3336 3402
3 3336 3403 3402
3 3336 3337 3403
3 3337 3404 3403
3 3337 3338 3404
3 3338 3405 3404
3 3338 3339 3405
3 3339 3406 3405
3 3339 3340 3406
3 3340 3407 3406
3 3340 3341 3407
3 3341 3408 3407
3 3341 3342 3408
3 3342 3409 3408
3 3342 3343 3409
3 3343 3410 3409
3 3343 3344 3410
3 3344 3411 3410
3 3344 3345 3411
3 3345 3412 3411
3 3345 3346 3412
3 3346 3413 3412
3 3346 3347 3413
3 3347 3414 3413
3 3347 3348 3414
3 3348 3415 3414
3 3348 3349 3415
3 3349 3416 3415
3 3349 3350 3416
3 3350 3417 3416
3 3350 3351 3417
3 3351 3418 3417
3 3351 3352 3418
3 3352 3419 3418
3 3352 3353 3419
3 3353 3354 3419
3 3419 3354 3420
3 3354 3421 3420
3 3354 3355 3421
3 3355 3356 3421
3 3421 3356 3422
3 3356 3423 3422
3 3356 3357 3423
3 3357 3424 3423
3 3357 3358 3424
3 3358 3425 3424
3 3358 3359 3425
3 3359 3426 3425
3 3359 3360 3426
3 3360 3427 3426
3 3360 3361 3427
3 3361 3428 3427
3 3361 3362 3428
3 3362 3429 3428
3 3362 3363 3429
3 3363 3430 3429
3 3363 3364 3430
3 3364 3365 3430
3 3430 3365 3431
3 3365 3432 3431
3 3365 3366 3432
3 3366 3433 3432
3 3366 3367 3433
3 3367 3434 3433
3 3367 3368 3434
3 3368 3435 3434
3 3368 3369 3435
3 3369 3436 3435
3 3369 3370 3436
3 3370 3437 3436
3 3370 3371 3437
3 3371 3438 3437
3 3371 3372 3438
3 3372 3439 3438
3 3372 3373 3439
3 3373 3440 3439
3 3373 3374 3440
3 3374 3441 3440
3 3374 3375 3441
3 3375 3442 3441
3 3375 3376 3442
3 3376 3443 3442
3 3376 3377 3443
3 3377 3444 3443
3 3377 3378 3444
3 3378 3445 3444
3 3378 3379 3445
3 3379 3446 3445
3 3379 3380 3446
3 3380 3447 3446
3 3380 3381 3447
3 3381 3448 3447
3 3381 3382 3448
3 3382 3449 3448
3 3382 3383 3449
3 3383 3450 3449
3 3383 3384 3450
3 65 3451 67
3 65 3385 3451
3 3385 3452 3451
3 3385 3386 3452
3 3386 3453 3452
3 3386 3387 3453
3 3387 3454 3453
3 3387 3388 3454
3 3388 3455 3454
3 3388 3389 3455
3 3389 3456 3455
3 3389 3390 3456
3 3390 3457 3456
3 3390 3391 3457
3 3391 3458 3457
3 3391 3392 3458
3 3392 3459 3458
3 3392 3393 3459
3 3393 3460 3459
3 3393 3394 3460
3 3394 3395 3460
3 3460 3395 3461
3 3395 3396 3461
3 3461 3396 3462
3 3396 3397 3462
3 3462 3397 3463
3 3397 3398 3463
3 3463 3398 3464
3 3398 3399 3464
3 3464 3399 3465
3 3399 3400 3465
3 3465 3400 3466
3 3400 3401 3466
3 3466 3401 3467
3 3401 3402 3467
3 3467 3402 3468
3 3402 3469 3468
3 3402 3403 3469
3 3403 3470 3469
3 3403 3404 3470
3 3404 3471 3470
3 3404 3405 3471
3 3405 3472 3471
3 3405 3406 3472
3 3406 3473 3472
3 3406 3407 3473
3 3407 3474 3473
3 3407 3408 3474
3 3408 3475 3474
3 3408 3409 3475
3 3409 3476 3475
3 3409 3410 3476
3 3410 3477 3476
3 3410 3411 3477
3 3411 3478 3477
3 3411 3412 3478
3 3412 3479 3478
3 3412 3413 3479
3 3413 3480 3479
3 3413 3414 3480
3 3414 3481 3480
3 3414 3415 3481
3 3415 3482 3481
3 3415 3416 3482
3 3416 3483 3482
3 3416 3417 3483
3 3417 3484 3483
3 3417 3418 3484
3 3418 3485 3484
3 3418 3419 3485
3 3419 3486 3485
3 3419 3420 3486
3 3420 3487 3486
3 3420 3421 3487
3 3421 3422 3487
3 3487 3422 3488
3 3422 3489 3488
3 3422 3423 3489
3 3423 3490 3489
3 3423 3424 3490
3 3424 3491 3490
3 3424 3425 3491
3 3425 3492 3491
3 3425 3426 3492
3 3426 3493 3492
3 3426 3427 3493
3 3427 3494 3493
3 3427 3428 3494
3 3428 3495 3494
3 3428 3429 3495
3 3429 3496 3495
3 3429 3430 3496
3 3430 3431 3496
3 3496 3431 3497
3 3431 3498 3497
3 3431 3432 3498
3 3432 3499 3498
3 3432 3433 3499
3 3433 3500 3499
3 3433 3434 3500
3 3434 3501 3500
3 3434 3435 3501
3 3435 3502 3501
3 3435 3436 3502
3 3436 3503 3502
3 3436 3437 3503
3 3437 3504 3503
3 3437 3438 3504
3 3438 3505 3504
3 3438 3439 3505
3 3439 3506 3505
3 3439 3440 3506
3 3440 3507 3506
3 3440 3441 3507
3 3441 3508 3507
3 3441 3442 3508
3 3442 3509 3508
3 3442 3443 3509
3 3443 3510 3509
3 3443 3444 3510
3 3444 3445 3510
3 3510 3445 3511
3 3445 3446 3511
3 3511 3446 3512
3 3446 3447 3512
3 3512 3447 3513
3 3447 3448 3513
3 3513 3448 3514
3 3448 3449 3514
3 3514 3449 3515
3 3449 3516 3515
3 3449 3450 3516
3 67 3517 69
3 67 3451 3517
3 3451 3518 3517
3 3451 3452 3518
3 3452 3519 3518
3 3452 3453 3519
3 3453 3520 3519
3 3453 3454 3520
3 3454 3521 3520
3 3454 3455 3521
3 3455 3522 3521
3 3455 3456 3522
3 3456 3523 3522
3 3456 3457 3523
3 3457 3524 3523
3 3457 3458 3524
3 3458 3525 3524
3 3458 3459 3525
3 3459 3526 3525
3 3459 3460 3526
3 3460 3461 3526
3 3526 3461 3527
3 3461 3462 3527
3 3527 3462 3528
3 3462 3463 3528
3 3528 3463 3529
3 3463 3464 3529
3 3529 3464 3530
3 3464 3465 3530
3 3530 3465 3531
3 3465 3466 3531
3 3531 3466 3532
3 3466 3467 3532
3 3532 3467 3533
3 3467 3468 3533
3 3533 3468 3534
3 3468 3469 3534
3 3534 3469 3535
3 3469 3536 3535
3 3469 3470 3536
3 3470 3537 3536
3 3470 3471 3537
3 3471 3538 3537
3 3471 3472 3538
3 3472 3539 3538
3 3472 3473 3539
3 3473 3474 3539
3 3539 3474 3540
3 3474 3541 3540
3 3474 3475 3541
3 3475 3542 3541
3 3475 3476 3542
3 3476 3543 3542
3 3476 3477 3543
3 3477 3544 3543
3 3477 3478 3544
3 3478 3545 3544
3 3478 3479 3545
3 3479 3546 3545
3 3479 3480 3546
3 3480 3547 3546
3 3480 3481 3547
3 3481 3548 3547
3 3481 3482 3548
3 3482 3549 3548
3 3482 3483 3549
3 3483 3550 3549
3 3483 3484 3550
3 3484 3551 3550
3 3484 3485 3551
3 3485 3552 3551
3 3485 3486 3552
3 3486 3553 3552
3 3486 3487 3553
3 3487 3554 3553
3 3487 3488 3554
3 3488 3555 3554
3 3488 3489 3555
3 3489 3556 3555
3 3489 3490 3556
3 3490 3557 3556
3 3490 3491 3557
3 3491 3558 3557
3 3491 3492 3558
3 3492 3559 3558
3 3492 3493 3559
3 3493 3560 3559
3 3493 3494 3560
3 3494 3561 3560
3 3494 3495 3561
3 3495 3562 3561
3 3495 3496 3562
3 3496 3497 3562
3 3562 3497 3563
3 3497 3498 3563
3 3563 3498 3564
3 3498 3565 3564
3 3498 3499 3565
3 3499 3566 3565
3 3499 3500 3566
3 3500 3501 3566
3 3566 3501 3567
3 3501 3502 3567
3 3567 3502 3568
3 3502 3569 3568
3 3502 3503 3569
3 3503 3570 3569
3 3503 3504 3570
3 3504 3571 3570
3 3504 3505 3571
3 3505 3572 3571
3 3505 3506 3572
3 3506 3573 3572
3 3506 3507 3573
3 3507 3574 3573
3 3507 3508 3574
3 3508 3575 3574
3 3508 3509 3575
3 3509 3510 3575
3 3575 3510 3576
3 3510 3511 3576
3 3576 3511 3577
3 3511 3512 3577
3 3577 3512 3578
3 3512 3513 3578
3 3578 3513 3579
3 3513 3514 3579
3 3579 3514 3580
3 3514 3515 3580
3 3580 3515 3581
3 3515 3516 3581
3 3581 3516 3582
3 69 3583 71
3 69 3517 3583
3 3517 3584 3583
3 3517 3518 3584
3 3518 3585 3584
3 3518 3519 3585
3 3519 3586 3585
3 3519 3520 3586
3 3520 3587 3586
3 3520 3521 3587
3 3521 3588 3587
3 3521 3522 3588
3 3522 3589 3588
3 3522 3523 3589
3 3523 3590 3589
3 3523 3524 3590
3 3524 3591 3590
3 3524 3525 3591
3 3525 3592 3591
3 3525 3526 3592
3 3526 3527 3592
3 3592 3527 3593
3 3527 3528 3593
3 3593 3528 3594
3 3528 3529 3594
3 3594 3529 3595
3 3529 3530 3595
3 3595 3530 3596
3 3530 3531 3596
3 3596 3531 3597
3 3531 3532 3597
3 3597 3532 3598
3 3532 3533 3598
3 3598 3533 3599
3 3533 3534 3599
3 3599 3534 3600
3 3534 3601 3600
3 3534 3535 3601
3 3535 3602 3601
3 3535 3536 3602
3 3536 3603 3602
3 3536 3537 3603
3 3537 3604 3603
3 3537 3538 3604
3 3538 3605 3604
3 3538 3539 3605
3 3539 3606 3605
3 3539 3540 3606
3 3540 3607 3606
3 3540 3541 3607
3 3541 3608 3607
3 3541 3542 3608
3 3542 3609 3608
3 3542 3543 3609
3 3543 3610 3609
3 3543 3544 3610
3 3544 3611 3610
3 3544 3545 3611
3 3545 3612 3611
3 3545 3546 3612
3 3546 3613 3612
3 3546 3547 3613
3 3547 3614 3613
3 3547 3548 3614
3 3548 3615 3614
3 3548 3549 3615
3 3549 3616 3615
3 3549 3550 3616
3 3550 3617 3616
3 3550 3551 3617
3 3551 3618 3617
3 3551 3552 3618
3 3552 3619 3618
3 3552 3553 3619
3 3553 3620 3619
3 3553 3554 3620
3 3554 3621 3620
3 3554 3555 3621
3 3555 3622 3621
3 3555 3556 3622
3 3556 3623 3622
3 3556 3557 3623
3 3557 3624 3623
3 3557 3558 3624
3 3558 3625 3624
3 3558 3559 3625
3 3559 3626 3625
3 3559 3560 3626
3 3560 3627 3626
3 3560 3561 3627
3 3561 3628 3627
3 3561 3562 3628
3 3562 3563 3628
3 3628 3563 3629
3 3563 3564 3629
3 3629 3564 3630
3 3564 3565 3630
3 3630 3565 3631
3 3565 3566 3631
3 3631 3566 3632
3 3566 3567 3632
3 3632 3567 3633
3 3567 3568 3633
3 3633 3568 3634
3 3568 3569 3634
3 3634 3569 3635
3 3569 3570 3635
3 3635 3570 3636
3 3570 3571 3636
3 3636 3571 3637
3 3571 3638 3637
3 3571 3572 3638
3 3572 3639 3638
3 3572 3573 3639
3 3573 3640 3639
3 3573 3574 3640
3 3574 3641 3640
3 3574 3575 3641
3 3575 3576 3641
3 3641 3576 3642
3 3576 3577 3642
3 3642 3577 3643
3 3577 3578 3643
3 3643 3578 3644
3 3578 3579 3644
3 3644 3579 3645
3 3579 3580 3645
3 3645 3580 3646
3 3580 3581 3646
3 3646 3581 3647
3 3581 3582 3647
3 71 3648 73
3 71 3583 3648
3 3583 3649 3648
3 3583 3584 3649
3 3584 3650 3649
3 3584 3585 3650
3 3585 3651 3650
3 3585 3586 3651
3 3586 3652 3651
3 3586 3587 3652
3 3587 3653 3652
3 3587 3588 3653
3 3588 3654 3653
3 3588 3589 3654
3 3589 3655 3654
3 3589 3590 3655
3 3590 3656 3655
3 3590 3591 3656
3 3591 3657 3656
3 3591 3592 3657
3 3592 3658 3657
3 3592 3593 3658
3 3593 3594 3658
3 3658 3594 3659
3 3594 3660 3659
3 3594 3595 3660
3 3595 3661 3660
3 3595 3596 3661
3 3596 3597 3661
3 3661 3597 3662
3 3597 3598 3662
3 3662 3598 3663
3 3598 3599 3663
3 3663 3599 3664
3 3599 3665 3664
3 3599 3600 3665
3 3600 3666 3665
3 3600 3601 3666
3 3601 3667 3666
3 3601 3602 3667
3 3602 3668 3667
3 3602 3603 3668
3 3603 3669 3668
3 3603 3604 3669
3 3604 3670 3669
3 3604 3605 3670
3 3605 3671 3670
3 3605 3606 3671
3 3606 3672 3671
3 3606 3607 3672
3 3607 3673 3672
3 3607 3608 3673
3 3608 3674 3673
3 3608 3609 3674
3 3609 3675 3674
3 3609 3610 3675
3 3610 3676 3675
3 3610 3611 3676
3 3611 3677 3676
3 3611 3612 3677
3 3612 3678 3677
3 3612 3613 3678
3 3613 3679 3678
3 3613 3614 3679
3 3614 3680 3679
3 3614 3615 3680
3 3615 3681 3680
3 3615 3616 3681
3 3616 3682 3681
3 3616 3617 3682
3 3617 3683 3682
3 3617 3618 3683
3 3618 3684 3683
3 3618 3619 3684
3 3619 3685 3684
3 3619 3620 3685
3 3620 3686 3685
3 3620 3621 3686
3 3621 3687 3686
3 3621 3622 3687
3 3622 3688 3687
3 3622 3623 3688
3 3623 3689 3688
3 3623 3624 3689
3 3624 3690 3689
3 3624 3625 3690
3 3625 3691 3690
3 3625 3626 3691
3 3626 3692 3691
3 3626 3627 3692
3 3627 3693 3692
3 3627 3628 3693
3 3628 3629 3693
3 3693 3629 3694
3 3629 3630 3694
3 3694 3630 3695
3 3630 3696 3695
3 3630 3631 3696
3 3631 3632 3696
3 3696 3632 3697
3 3632 3633 3697
3 3697 3633 3698
3 3633 3634 3698
3 3698 3634 3699
3 3634 3700 3699
3 3634 3635 3700
3 3635 3701 3700
3 3635 3636 3701
3 3636 3702 3701
3 3636 3637 3702
3 3637 3703 3702
3 3637 3638 3703
3 3638 3704 3703
3 3638 3639 3704
3 3639 3705 3704
3 3639 3640 3705
3 3640 3706 3705
3 3640 3641 3706
3 3641 3707 3706
3 3641 3642 3707
3 3642 3643 3707
3 3707 3643 3708
3 3643 3644 3708
3 3708 3644 3709
3 3644 3645 3709
3 3709 3645 3710
3 3645 3646 3710
3 3710 3646 3711
3 3646 3712 3711
3 3646 3647 3712
3 73 3713 75
3 73 3648 3713
3 3648 3714 3713
3 3648 3649 3714
3 3649 3715 3714
3 3649 3650 3715
3 3650 3716 3715
3 3650 3651 3716
3 3651 3717 3716
3 3651 3652 3717
3 3652 3718 3717
3 3652 3653 3718
3 3653 3719 3718
3 3653 3654 3719
3 3654 3720 3719
3 3654 3655 3720
3 3655 3721 3720
3 3655 3656 3721
3 3656 3722 3721
3 3656 3657 3722
3 3657 3723 3722
3 3657 3658 3723
3 3658 3659 3723
3 3723 3659 3724
3 3659 3725 3724
3 3659 3660 3725
3 3660 3726 3725
3 3660 3661 3726
3 3661 3662 3726
3 3726 3662 3727
3 3662 3663 3727
3 3727 3663 3728
3 3663 3729 3728
3 3663 3664 3729
3 3664 3730 3729
3 3664 3665 3730
3 3665 3731 3730
3 3665 3666 3731
3 3666 3732 3731
3 3666 3667 3732
3 3667 3733 3732
3 3667 3668 3733
3 3668 3734 3733
3 3668 3669 3734
3 3669 3735 3734
3 3669 3670 3735
3 3670 3736 3735
3 3670 3671 3736
3 3671 3737 3736
3 3671 3672 3737
3 3672 3738 3737
3 3672 3673 3738
3 3673 3739 3738
3 3673 3674 3739
3 3674 3740 3739
3 3674 3675 3740
3 3675 3741 3740
3 3675 3676 3741
3 3676 3742 3741
3 3676 3677 3742
3 3677 3743 3742
3 3677 3678 3743
3 3678 3744 3743
3 3678 3679 3744
3 3679 3745 3744
3 3679 3680 3745
3 3680 3746 3745
3 3680 3681 3746
3 3681 3747 3746
3 3681 3682 3747
3 3682 3748 3747
3 3682 3683 3748
3 3683 3749 3748
3 3683 3684 3749
3 3684 3750 3749
3 3684 3685 3750
3 3685 3751 3750
3 3685 3686 3751
3 3686 3752 3751
3 3686 3687 3752
3 3687 3753 3752
3 3687 3688 3753
3 3688 3754 3753
3 3688 3689 3754
3 3689 3755 3754
3 3689 3690 3755
3 3690 3756 3755
3 3690 3691 3756
3 3691 3757 3756
3 3691 3692 3757
3 3692 3758 3757
3 3692 3693 3758
3 3693 3759 3758
3 3693 3694 3759
3 3694 3760 3759
3 3694 3695 3760
3 3695 3761 3760
3 3695 3696 3761
3 3696 3762 3761
3 3696 3697 3762
3 3697 3698 3762
3 3762 3698 3763
3 3698 3699 3763
3 3763 3699 3764
3 3699 3765 3764
3 3699 3700 3765
3 3700 3766 3765
3 3700 3701 3766
3 3701 3767 3766
3 3701 3702 3767
3 3702 3768 3767
3 3702 3703 3768
3 3703 3769 3768
3 3703 3704 3769
3 3704 3770 3769
3 3704 3705 3770
3 3705 3771 3770
3 3705 3706 3771
3 3706 3772 3771
3 3706 3707 3772
3 3707 3708 3772
3 3772 3708 3773
3 3708 3709 3773
3 3773 3709 3774
3 3709 3775 3774
3 3709 3710 3775
3 3710 3776 3775
3 3710 3711 3776
3 3711 3777 3776
3 3711 3712 3777
3 75 3778 77
3 75 3713 3778
3 3713 3779 3778
3 3713 3714 3779
3 3714 3780 3779
3 3714 3715 3780
3 3715 3781 3780
3 3715 3716 3781
3 3716 3782 3781
3 3716 3717 3782
3 3717 3783 3782
3 3717 3718 3783
3 3718 3784 3783
3 3718 3719 3784
3 3719 3785 3784
3 3719 3720 3785
3 3720 3786 3785
3 3720 3721 3786
3 3721 3787 3786
3 3721 3722 3787
3 3722 3788 3787
3 3722 3723 3788
3 3723 3724 3788
3 3788 3724 3789
3 3724 3790 3789
3 3724 3725 3790
3 3725 3791 3790
3 3725 3726 3791
3 3726 3727 3791
3 3791 3727 3792
3 3727 3728 3792
3 3792 3728 3793
3 3728 3794 3793
3 3728 3729 3794
3 3729 3795 3794
3 3729 3730 3795
3 3730 3796 3795
3 3730 3731 3796
3 3731 3797 3796
3 3731 3732 3797
3 3732 3798 3797
3 3732 3733 3798
3 3733 3799 3798
3 3733 3734 3799
3 3734 3800 3799
3 3734 3735 3800
3 3735 3801 3800
3 3735 3736 3801
3 3736 3802 3801
3 3736 3737 3802
3 3737 3803 3802
3 3737 3738 3803
3 3738 3804 3803
3 3738 3739 3804
3 3739 3805 3804
3 3739 3740 3805
3 3740 3806 3805
3 3740 3741 3806
3 3741 3807 3806
3 3741 3742 3807
3 3742 3808 3807
3 3742 3743 3808
3 3743 3809 3808
3 3743 3744 3809
3 3744 3810 3809
3 3744 3745 3810
3 3745 3811 3810
3 3745 3746 3811
3 3746 3812 3811
3 3746 3747 3812
3 3747 3813 3812
3 3747 3748 3813
3 3748 3814 3813
3 3748 3749 3814
3 3749 3815 3814
3 3749 3750 3815
3 3750 3816 3815
3 3750 3751 3816
3 3751 3817 3816
3 3751 3752 3817
3 3752 3818 3817
3 3752 3753 3818
3 3753 3819 3818
3 3753 3754 3819
3 3754 3820 3819
3 3754 3755 3820
3 3755 3821 3820
3 3755 3756 3821
3 3756 3822 3821
3 3756 3757 3822
3 3757 3758 3822
3 3822 3758 3823
3 3758 3759 3823
3 3823 3759 3824
3 3759 3825 3824
3 3759 3760 3825
3 3760 3826 3825
3 3760 3761 3826
3 3761 3827 3826
3 3761 3762 3827
3 3762 3763 3827
3 3827 3763 3828
3 3763 3764 3828
3 3828 3764 3829
3 3764 3765 3829
3 3829 3765 3830
3 3765 3831 3830
3 3765 3766 3831
3 3766 3832 3831
3 3766 3767 3832
3 3767 3833 3832
3 3767 3768 3833
3 3768 3834 3833
3 3768 3769 3834
3 3769 3835 3834
3 3769 3770 3835
3 3770 3836 3835
3 3770 3771 3836
3 3771 3837 3836
3 3771 3772 3837
3 3772 3773 3837
3 3837 3773 3838
3 3773 3774 3838
3 3838 3774 3839
3 3774 3840 3839
3 3774 3775 3840
3 3775 3841 3840
3 3775 3776 3841
3 3776 3842 3841
3 3776 3777 3842
3 77 3843 79
3 77 3778 3843
3 3778 3844 3843
3 3778 3779 3844
3 3779 3845 3844
3 3779 3780 3845
3 3780 3846 3845
3 3780 3781 3846
3 3781 3847 3846
3 3781 3782 3847
3 3782 3848 3847
3 3782 3783 3848
3 3783 3849 3848
3 3783 3784 3849
3 3784 3850 3849
3 3784 3785 3850
3 3785 3851 3850
3 3785 3786 3851
3 3786 3852 3851
3 3786 3787 3852
3 3787 3853 3852
3 3787 3788 3853
3 3788 3789 3853
3 3853 3789 3854
3 3789 3855 3854
3 3789 3790 3855
3 3790 3856 3855
3 3790 3791 3856
3 3791 3792 3856
3 3856 3792 3857
3 3792 3793 3857
3 3857 3793 3858
3 3793 3859 3858
3 3793 3794 3859
3 3794 3860 3859
3 3794 3795 3860
3 3795 3861 3860
3 3795 3796 3861
3 3796 3862 3861
3 3796 3797 3862
3 3797 3863 3862
3 3797 3798 3863
3 3798 3864 3863
3 3798 3799 3864
3 3799 3865 3864
3 3799 3800 3865
3 3800 3866 3865
3 3800 3801 3866
3 3801 3867 3866
3 3801 3802 3867
3 3802 3868 3867
3 3802 3803 3868
3 3803 3869 3868
3 3803 3804 3869
3 3804 3870 3869
3 3804 3805 3870
3 3805 3871 3870
3 3805 3806 3871
3 3806 3872 3871
3 3806 3807 3872
3 3807 3873 3872
3 3807 3808 3873
3 3808 3874 3873
3 3808 3809 3874
3 3809 3875 3874
3 3809 3810 3875
3 3810 3876 3875
3 3810 3811 3876
3 3811 3877 3876
3 3811 3812 3877
3 3812 3878 3877
3 3812 3813 3878
3 3813 3879 3878
3 3813 3814 3879
3 3814 3880 3879
3 3814 3815 3880
3 3815 3881 3880
3 3815 3816 3881
3 3816 3882 3881
3 3816 3817 3882
3 3817 3883 3882
3 3817 3818 3883
3 3818 3884 3883
3 3818 3819 3884
3 3819 3885 3884
3 3819 3820 3885
3 3820 3886 3885
3 3820 3821 3886
3 3821 3887 3886
3 3821 3822 3887
3 3822 3823 3887
3 3887 3823 3888
3 3823 3824 3888
3 3888 3824 3889
3 3824 3825 3889
3 3889 3825 3890
3 3825 3891 3890
3 3825 3826 3891
3 3826 3892 3891
3 3826 3827 3892
3 3827 3828 3892
3 3892 3828 3893
3 3828 3829 3893
3 3893 3829 3894
3 3829 3895 3894
3 3829 3830 3895
3 3830 3896 3895
3 3830 3831 3896
3 3831 3897 3896
3 3831 3832 3897
3 3832 3898 3897
3 3832 3833 3898
3 3833 3899 3898
3 3833 3834 3899
3 3834 3900 3899
3 3834 3835 3900
3 3835 3901 3900
3 3835 3836 3901
3 3836 3902 3901
3 3836 3837 3902
3 3837 3838 3902
3 3902 3838 3903
3 3838 3839 3903
3 3903 3839 3904
3 3839 3905 3904
3 3839 3840 3905
3 3840 3906 3905
3 3840 3841 3906
3 3841 3907 3906
3 3841 3842 3907
3 79 3908 81
3 79 3843 3908
3 3843 3909 3908
3 3843 3844 3909
3 3844 3910 3909
3 3844 3845 3910
3 3845 3911 3910
3 3845 3846 3911
3 3846 3912 3911
3 3846 3847 3912
3 3847 3913 3912
3 3847 3848 3913
3 3848 3914 3913
3 3848 3849 3914
3 3849 3915 3914
3 3849 3850 3915
3 3850 3916 3915
3 3850 3851 3916
3 3851 3917 3916
3 3851 3852 3917
3 3852 3918 3917
3 3852 3853 3918
3 3853 3854 3918
3 3918 3854 3919
3 3854 3920 3919
3 3854 3855 3920
3 3855 3856 3920
3 3920 3856 3921
3 3856 3857 3921
3 3921 3857 3922
3 3857 3858 3922
3 3922 3858 3923
3 3858 3859 3923
3 3923 3859 3924
3 3859 3860 3924
3 3924 3860 3925
3 3860 3926 3925
3 3860 3861 3926
3 3861 3927 3926
3 3861 3862 3927
3 3862 3928 3927
3 3862 3863 3928
3 3863 3929 3928
3 3863 3864 3929
3 3864 3930 3929
3 3864 3865 3930
3 3865 3931 3930
3 3865 3866 3931
3 3866 3932 3931
3 3866 3867 3932
3 3867 3933 3932
3 3867 3868 3933
3 3868 3934 3933
3 3868 3869 3934
3 3869 3935 3934
3 3869 3870 3935
3 3870 3936 3935
3 3870 3871 3936
3 3871 3937 3936
3 3871 3872 3937
3 3872 3938 3937
3 3872 3873 3938
3 3873 3939 3938
3 3873 3874 3939
3 3874 3940 3939
3 3874 3875 3940
3 3875 3941 3940
3 3875 3876 3941
3 3876 3942 3941
3 3876 3877 3942
3 3877 3943 3942
3 3877 3878 3943
3 3878 3944 3943
3 3878 3879 3944
3 3879 3945 3944
3 3879 3880 3945
3 3880 3946 3945
3 3880 3881 3946
3 3881 3947 3946
3 3881 3882 3947
3 3882 3948 3947
3 3882 3883 3948
3 3883 3949 3948
3 3883 3884 3949
3 3884 3950 3949
3 3884 3885 3950
3 3885 3951 3950
3 3885 3886 3951
3 3886 3887 3951
3 3951 3887 3952
3 3887 3888 3952
3 3952 3888 3953
3 3888 3889 3953
3 3953 3889 3954
3 3889 3890 3954
3 3954 3890 3955
3 3890 3956 3955
3 3890 3891 3956
3 3891 3957 3956
3 3891 3892 3957
3 3892 3893 3957
3 3957 3893 3958
3 3893 3894 3958
3 3958 3894 3959
3 3894 3895 3959
3 3959 3895 3960
3 3895 3896 3960
3 3960 3896 3961
3 3896 3897 3961
3 3961 3897 3962
3 3897 3963 3962
3 3897 3898 3963
3 3898 3964 3963
3 3898 3899 3964
3 3899 3965 3964
3 3899 3900 3965
3 3900 3966 3965
3 3900 3901 3966
3 3901 3967 3966
3 3901 3902 3967
3 3902 3903 3967
3 3967 3903 3968
3 3903 3904 3968
3 3968 3904 3969
3 3904 3905 3969
3 3969 3905 3970
3 3905 3906 3970
3 3970 3906 3971
3 3906 3907 3971
3 3971 3907 3972
3 81 3973 82
3 81 3908 3973
3 3908 3974 3973
3 3908 3909 3974
3 3909 3975 3974
3 3909 3910 3975
3 3910 3976 3975
3 3910 3911 3976
3 3911 3977 3976
3 3911 3912 3977
3 3912 3978 3977
3 3912 3913 3978
3 3913 3979 3978
3 3913 3914 3979
3 3914 3980 3979
3 3914 3915 3980
3 3915 3981 3980
3 3915 3916 3981
3 3916 3982 3981
3 3916 3917 3982
3 3917 3918 3982
3 3982 3918 3983
3 3918 3919 3983
3 3983 3919 3984
3 3919 3985 3984
3 3919 3920 3985
3 3920 3921 3985
3 3985 3921 3986
3 3921 3922 3986
3 3986 3922 3987
3 3922 3923 3987
3 3987 3923 3988
3 3923 3924 3988
3 3988 3924 3989
3 3924 3925 3989
3 3989 3925 3990
3 3925 3991 3990
3 3925 3926 3991
3 3926 3992 3991
3 3926 3927 3992
3 3927 3993 3992
3 3927 3928 3993
3 3928 3994 3993
3 3928 3929 3994
3 3929 3995 3994
3 3929 3930 3995
3 3930 3996 3995
3 3930 3931 3996
3 3931 3997 3996
3 3931 3932 3997
3 3932 3998 3997
3 3932 3933 3998
3 3933 3999 3998
3 3933 3934 3999
3 3934 4000 3999
3 3934 3935 4000
3 3935 4001 4000
3 3935 3936 4001
3 3936 4002 4001
3 3936 3937 4002
3 3937 4003 4002
3 3937 3938 4003
3 3938 3939 4003
3 4003 3939 4004
3 3939 4005 4004
3 3939 3940 4005
3 3940 4006 4005
3 3940 3941 4006
3 3941 3942 4006
3 4006 3942 4007
3 3942 4008 4007
3 3942 3943 4008
3 3943 4009 4008
3 3943 3944 4009
3 3944 4010 4009
3 3944 3945 4010
3 3945 4011 4010
3 3945 3946 4011
3 3946 4012 4011
3 3946 3947 4012
3 3947 4013 4012
3 3947 3948 4013
3 3948 4014 4013
3 3948 3949 4014
3 3949 4015 4014
3 3949 3950 4015
3 3950 4016 4015
3 3950 3951 4016
3 3951 3952 4016
3 4016 3952 4017
3 3952 3953 4017
3 4017 3953 4018
3 3953 3954 4018
3 4018 3954 4019
3 3954 3955 4019
3 4019 3955 4020
3 3955 4021 4020
3 3955 3956 4021
3 3956 4022 4021
3 3956 3957 4022
3 3957 3958 4022
3 4022 3958 4023
3 3958 3959 4023
3 4023 3959 4024
3 3959 3960 4024
3 4024 3960 4025
3 3960 3961 4025
3 4025 3961 4026
3 3961 3962 4026
3 4026 3962 4027
3 3962 4028 4027
3 3962 3963 4028
3 3963 4029 4028
3 3963 3964 4029
3 3964 4030 4029
3 3964 3965 4030
3 3965 4031 4030
3 3965 3966 4031
3 3966 4032 4031
3 3966 3967 4032
3 3967 3968 4032
3 4032 3968 4033
3 3968 3969 4033
3 4033 3969 4034
3 3969 3970 4034
3 4034 3970 4035
3 3970 3971 4035
3 4035 3971 4036
3 3971 3972 4036
3 4036 3972 4037
3 82 4038 85
3 82 3973 4038
3 3973 4039 4038
3 3973 3974 4039
3 3974 4040 4039
3 3974 3975 4040
3 3975 4041 4040
3 3975 3976 4041
3 3976 4042 4041
3 3976 3977 4042
3 3977 4043 4042
3 3977 3978 4043
3 3978 4044 4043
3 3978 3979 4044
3 3979 4045 4044
3 3979 3980 4045
3 3980 4046 4045
3 3980 3981 4046
3 3981 4047 4046
3 3981 3982 4047
3 3982 4048 4047
3 3982 3983 4048
3 3983 3984 4048
3 4048 3984 4049
3 3984 4050 4049
3 3984 3985 4050
3 3985 4051 4050
3 3985 3986 4051
3 3986 3987 4051
3 4051 3987 4052
3 3987 3988 4052
3 4052 3988 4053
3 3988 3989 4053
3 4053 3989 4054
3 3989 4055 4054
3 3989 3990 4055
3 3990 4056 4055
3 3990 3991 4056
3 3991 4057 4056
3 3991 3992 4057
3 3992 4058 4057
3 3992 3993 4058
3 3993 4059 4058
3 3993 3994 4059
3 3994 4060 4059
3 3994 3995 4060
3 3995 4061 4060
3 3995 3996 4061
3 3996 4062 4061
3 3996 3997 4062
3 3997 4063 4062
3 3997 3998 4063
3 3998 4064 4063
3 3998 3999 4064
3 3999 4065 4064
3 3999 4000 4065
3 4000 4066 4065
3 4000 4001 4066
3 4001 4067 4066
3 4001 4002 4067
3 4002 4068 4067
3 4002 4003 4068
3 4003 4069 4068
3 4003 4004 4069
3 4004 4070 4069
3 4004 4005 4070
3 4005 4071 4070
3 4005 4006 4071
3 4006 4072 4071
3 4006 4007 4072
3 4007 4073 4072
3 4007 4008 4073
3 4008 4074 4073
3 4008 4009 4074
3 4009 4075 4074
3 4009 4010 4075
3 4010 4076 4075
3 4010 4011 4076
3 4011 4077 4076
3 4011 4012 4077
3 4012 4078 4077
3 4012 4013 4078
3 4013 4079 4078
3 4013 4014 4079
3 4014 4080 4079
3 4014 4015 4080
3 4015 4081 4080
3 4015 4016 4081
3 4016 4082 4081
3 4016 4017 4082
3 4017 4083 4082
3 4017 4018 4083
3 4018 4019 4083
3 4083 4019 4084
3 4019 4085 4084
3 4019 4020 4085
3 4020 4086 4085
3 4020 4021 4086
3 4021 4087 4086
3 4021 4022 4087
3 4022 4023 4087
3 4087 4023 4088
3 4023 4024 4088
3 4088 4024 4089
3 4024 4025 4089
3 4089 4025 4090
3 4025 4026 4090
3 4090 4026 4091
3 4026 4092 4091
3 4026 4027 4092
3 4027 4093 4092
3 4027 4028 4093
3 4028 4094 4093
3 4028 4029 4094
3 4029 4095 4094
3 4029 4030 4095
3 4030 4096 4095
3 4030 4031 4096
3 4031 4097 4096
3 4031 4032 4097
3 4032 4033 4097
3 4097 4033 4098
3 4033 4034 4098
3 4098 4034 4099
3 4034 4100 4099
3 4034 4035 4100
3 4035 4101 4100
3 4035 4036 4101
3 4036 4102 4101
3 4036 4037 4102
3 85 4103 87
3 85 4038 4103
3 4038 4104 4103
3 4038 4039 4104
3 4039 4105 4104
3 4039 4040 4105
3 4040 4106 4105
3 4040 4041 4106
3 4041 4107 4106
3 4041 4042 4107
3 4042 4108 4107
3 4042 4043 4108
3 4043 4109 4108
3 4043 4044 4109
3 4044 4110 4109
3 4044 4045 4110
3 4045 4111 4110
3 4045 4046 4111
3 4046 4112 4111
3 4046 4047 4112
3 4047 4113 4112
3 4047 4048 4113
3 4048 4049 4113
3 4113 4049 4114
3 4049 4115 4114
3 4049 4050 4115
3 4050 4116 4115
3 4050 4051 4116
3 4051 4052 4116
3 4116 4052 4117
3 4052 4053 4117
3 4117 4053 4118
3 4053 4054 4118
3 4118 4054 4119
3 4054 4120 4119
3 4054 4055 4120
3 4055 4121 4120
3 4055 4056 4121
3 4056 4122 4121
3 4056 4057 4122
3 4057 4123 4122
3 4057 4058 4123
3 4058 4124 4123
3 4058 4059 4124
3 4059 4125 4124
3 4059 4060 4125
3 4060 4126 4125
3 4060 4061 4126
3 4061 4127 4126
3 4061 4062 4127
3 4062 4128 4127
3 4062 4063 4128
3 4063 4129 4128
3 4063 4064 4129
3 4064 4130 4129
3 4064 4065 4130
3 4065 4131 4130
3 4065 4066 4131
3 4066 4132 4131
3 4066 4067 4132
3 4067 4133 4132
3 4067 4068 4133
3 4068 4134 4133
3 4068 4069 4134
3 4069 4135 4134
3 4069 4070 4135
3 4070 4136 4135
3 4070 4071 4136
3 4071 4137 4136
3 4071 4072 4137
3 4072 4138 4137
3 4072 4073 4138
3 4073 4139 4138
3 4073 4074 4139
3 4074 4140 4139
3 4074 4075 4140
3 4075 4141 4140
3 4075 4076 4141
3 4076 4142 4141
3 4076 4077 4142
3 4077 4143 4142
3 4077 4078 4143
3 4078 4144 4143
3 4078 4079 4144
3 4079 4145 4144
3 4079 4080 4145
3 4080 4146 4145
3 4080 4081 4146
3 4081 4147 4146
3 4081 4082 4147
3 4082 4148 4147
3 4082 4083 4148
3 4083 4149 4148
3 4083 4084 4149
3 4084 4150 4149
3 4084 4085 4150
3 4085 4151 4150
3 4085 4086 4151
3 4086 4152 4151
3 4086 4087 4152
3 4087 4088 4152
3 4152 4088 4153
3 4088 4089 4153
3 4153 4089 4154
3 4089 4155 4154
3 4089 4090 4155
3 4090 4156 4155
3 4090 4091 4156
3 4091 4157 4156
3 4091 4092 4157
3 4092 4158 4157
3 4092 4093 4158
3 4093 4159 4158
3 4093 4094 4159
3 4094 4160 4159
3 4094 4095 4160
3 4095 4161 4160
3 4095 4096 4161
3 4096 4162 4161
3 4096 4097 4162
3 4097 4098 4162
3 4162 4098 4163
3 4098 4099 4163
3 4163 4099 4164
3 4099 4165 4164
3 4099 4100 4165
3 4100 4166 4165
3 4100 4101 4166
3 4101 4167 4166
3 4101 4102 4167
3 87 4168 89
3 87 4103 4168
3 4103 4169 4168
3 4103 4104 4169
3 4104 4170 4169
3 4104 4105 4170
3 4105 4171 4170
3 4105 4106 4171
3 4106 4172 4171
3 4106 4107 4172
3 4107 4173 4172
3 4107 4108 4173
3 4108 4174 4173
3 4108 4109 4174
3 4109 4175 4174
3 4109 4110 4175
3 4110 4176 4175
3 4110 4111 4176
3 4111 4177 4176
3 4111 4112 4177
3 4112 4178 4177
3 4112 4113 4178
3 4113 4114 4178
3 4178 4114 4179
3 4114 4180 4179
3 4114 4115 4180
3 4115 4181 4180
3 4115 4116 4181
3 4116 4117 4181
3 4181 4117 4182
3 4117 4118 4182
3 4182 4118 4183
3 4118 4184 4183
3 4118 4119 4184
3 4119 4185 4184
3 4119 4120 4185
3 4120 4186 4185
3 4120 4121 4186
3 4121 4187 4186
3 4121 4122 4187
3 4122 4188 4187
3 4122 4123 4188
3 4123 4189 4188
3 4123 4124 4189
3 4124 4190 4189
3 4124 4125 4190
3 4125 4191 4190
3 4125 4126 4191
3 4126 4192 4191
3 4126 4127 4192
3 4127 4193 4192
3 4127 4128 4193
3 4128 4194 4193
3 4128 4129 4194
3 4129 4195 4194
3 4129 4130 4195
3 4130 4196 4195
3 4130 4131 4196
3 4131 4197 4196
3 4131 4132 4197
3 4132 4198 4197
3 4132 4133 4198
3 4133 4199 4198
3 4133 4134 4199
3 4134 4200 4199
3 4134 4135 4200
3 4135 4201 4200
3 4135 4136 4201
3 4136 4202 4201
3 4136 4137 4202
3 4137 4203 4202
3 4137 4138 4203
3 4138 4204 4203
3 4138 4139 4204
3 4139 4205 4204
3 4139 4140 4205
3 4140 4206 4205
3 4140 4141 4206
3 4141 4207 4206
3 4141 4142 4207
3 4142 4208 4207
3 4142 4143 4208
3 4143 4209 4208
3 4143 4144 4209
3 4144 4210 4209
3 4144 4145 4210
3 4145 4211 4210
3 4145 4146 4211
3 4146 4212 4211
3 4146 4147 4212
3 4147 4213 4212
3 4147 4148 4213
3 4148 4214 4213
3 4148 4149 4214
3 4149 4215 4214
3 4149 4150 4215
3 4150 4216 4215
3 4150 4151 4216
3 4151 4217 4216
3 4151 4152 4217
3 4152 4218 4217
3 4152 4153 4218
3 4153 4219 4218
3 4153 4154 4219
3 4154 4220 4219
3 4154 4155 4220
3 4155 4221 4220
3 4155 4156 4221
3 4156 4222 4221
3 4156 4157 4222
3 4157 4223 4222
3 4157 4158 4223
3 4158 4224 4223
3 4158 4159 4224
3 4159 4225 4224
3 4159 4160 4225
3 4160 4226 4225
3 4160 4161 4226
3 4161 4227 4226
3 4161 4162 4227
3 4162 4228 4227
3 4162 4163 4228
3 4163 4229 4228
3 4163 4164 4229
3 4164 4230 4229
3 4164 4165 4230
3 4165 4231 4230
3 4165 4166 4231
3 4166 4232 4231
3 4166 4167 4232
3 89 4233 91
3 89 4168 4233
3 4168 4234 4233
3 4168 4169 4234
3 4169 4235 4234
3 4169 4170 4235
3 4170 4236 4235
3 4170 4171 4236
3 4171 4237 4236
3 4171 4172 4237
3 4172 4238 4237
3 4172 4173 4238
3 4173 4239 4238
3 4173 4174 4239
3 4174 4240 4239
3 4174 4175 4240
3 4175 4241 4240
3 4175 4176 4241
3 4176 4242 4241
3 4176 4177 4242
3 4177 4243 4242
3 4177 4178 4243
3 4178 4179 4243
3 4243 4179 4244
3 4179 4245 4244
3 4179 4180 4245
3 4180 4246 4245
3 4180 4181 4246
3 4181 4182 4246
3 4246 4182 4247
3 4182 4183 4247
3 4247 4183 4248
3 4183 4249 4248
3 4183 4184 4249
3 4184 4250 4249
3 4184 4185 4250
3 4185 4251 4250
3 4185 4186 4251
3 4186 4252 4251
3 4186 4187 4252
3 4187 4253 4252
3 4187 4188 4253
3 4188 4254 4253
3 4188 4189 4254
3 4189 4255 4254
3 4189 4190 4255
3 4190 4256 4255
3 4190 4191 4256
3 4191 4257 4256
3 4191 4192 4257
3 4192 4258 4257
3 4192 4193 4258
3 4193 4259 4258
3 4193 4194 4259
3 4194 4260 4259
3 4194 4195 4260
3 4195 4261 4260
3 4195 4196 4261
3 4196 4262 4261
3 4196 4197 4262
3 4197 4263 4262
3 4197 4198 4263
3 4198 4264 4263
3 4198 4199 4264
3 4199 4265 4264
3 4199 4200 4265
3 4200 4266 4265
3 4200 4201 4266
3 4201 4267 4266
3 4201 4202 4267
3 4202 4268 4267
3 4202 4203 4268
3 4203 4269 4268
3 4203 4204 4269
3 4204 4270 4269
3 4204 4205 4270
3 4205 4271 4270
3 4205 4206 4271
3 4206 4272 4271
3 4206 4207 4272
3 4207 4273 4272
3 4207 4208 4273
3 4208 4274 4273
3 4208 4209 4274
3 4209 4275 4274
3 4209 4210 4275
3 4210 4276 4275
3 4210 4211 4276
3 4211 4277 4276
3 4211 4212 4277
3 4212 4278 4277
3 4212 4213 4278
3 4213 4279 4278
3 4213 4214 4279
3 4214 4280 4279
3 4214 4215 4280
3 4215 4281 4280
3 4215 4216 4281
3 4216 4282 4281
3 4216 4217 4282
3 4217 4283 4282
3 4217 4218 4283
3 4218 4284 4283
3 4218 4219 4284
3 4219 4285 4284
3 4219 4220 4285
3 4220 4286 4285
3 4220 4221 4286
3 4221 4287 4286
3 4221 4222 4287
3 4222 4288 4287
3 4222 4223 4288
3 4223 4289 4288
3 4223 4224 4289
3 4224 4290 4289
3 4224 4225 4290
3 4225 4291 4290
3 4225 4226 4291
3 4226 4292 4291
3 4226 4227 4292
3 4227 4293 4292
3 4227 4228 4293
3 4228 4294 4293
3 4228 4229 4294
3 4229 4295 4294
3 4229 4230 4295
3 4230 4296 4295
3 4230 4231 4296
3 4231 4297 4296
3 4231 4232 4297
3 4232 4298 4297
3 91 4299 93
3 91 4233 4299
3 4233 4300 4299
3 4233 4234 4300
3 4234 4301 4300
3 4234 4235 4301
3 4235 4302 4301
3 4235 4236 4302
3 4236 4303 4302
3 4236 4237 4303
3 4237 4304 4303
3 4237 4238 4304
3 4238 4305 4304
3 4238 4239 4305
3 4239 4306 4305
3 4239 4240 4306
3 4240 4307 4306
3 4240 4241 4307
3 4241 4308 4307
3 4241 4242 4308
3 4242 4309 4308
3 4242 4243 4309
3 4243 4244 4309
3 4309 4244 4310
3 4244 4311 4310
3 4244 4245 4311
3 4245 4312 4311
3 4245 4246 4312
3 4246 4247 4312
3 4312 4247 4313
3 4247 4248 4313
3 4313 4248 4314
3 4248 4315 4314
3 4248 4249 4315
3 4249 4316 4315
3 4249 4250 4316
3 4250 4317 4316
3 4250 4251 4317
3 4251 4318 4317
3 4251 4252 4318
3 4252 4319 4318
3 4252 4253 4319
3 4253 4320 4319
3 4253 4254 4320
3 4254 4321 4320
3 4254 4255 4321
3 4255 4322 4321
3 4255 4256 4322
3 4256 4323 4322
3 4256 4257 4323
3 4257 4324 4323
3 4257 4258 4324
3 4258 4325 4324
3 4258 4259 4325
3 4259 4326 4325
3 4259 4260 4326
3 4260 4327 4326
3 4260 4261 4327
3 4261 4328 4327
3 4261 4262 4328
3 4262 4329 4328
3 4262 4263 4329
3 4263 4330 4329
3 4263 4264 4330
3 4264 4331 4330
3 4264 4265 4331
3 4265 4332 4331
3 4265 4266 4332
3 4266 4333 4332
3 4266 4267 4333
3 4267 4334 4333
3 4267 4268 4334
3 4268 4335 4334
3 4268 4269 4335
3 4269 4336 4335
3 4269 4270 4336
3 4270 4337 4336
3 4270 4271 4337
3 4271 4338 4337
3 4271 4272 4338
3 4272 4339 4338
3 4272 4273 4339
3 4273 4340 4339
3 4273 4274 4340
3 4274 4341 4340
3 4274 4275 4341
3 4275 4342 4341
3 4275 4276 4342
3 4276 4343 4342
3 4276 4277 4343
3 4277 4344 4343
3 4277 4278 4344
3 4278 4345 4344
3 4278 4279 4345
3 4279 4346 4345
3 4279 4280 4346
3 4280 4347 4346
3 4280 4281 4347
3 4281 4348 4347
3 4281 4282 4348
3 4282 4349 4348
3 4282 4283 4349
3 4283 4350 4349
3 4283 4284 4350
3 4284 4351 4350
3 4284 4285 4351
3 4285 4352 4351
3 4285 4286 4352
3 4286 4353 4352
3 4286 4287 4353
3 4287 4354 4353
3 4287 4288 4354
3 4288 4355 4354
3 4288 4289 4355
3 4289 4356 4355
3 4289 4290 4356
3 4290 4357 4356
3 4290 4291 4357
3 4291 4358 4357
3 4291 4292 4358
3 4292 4359 4358
3 4292 4293 4359
3 4293 4360 4359
3 4293 4294 4360
3 4294 4361 4360
3 4294 4295 4361
3 4295 4362 4361
3 4295 4296 4362
3 4296 4363 4362
3 4296 4297 4363
3 4297 4364 4363
3 93 4365 95
3 93 4299 4365
3 4299 4366 4365
3 4299 4300 4366
3 4300 4367 4366
3 4300 4301 4367
3 4301 4368 4367
3 4301 4302 4368
3 4302 4369 4368
3 4302 4303 4369
3 4303 4370 4369
3 4303 4304 4370
3 4304 4371 4370
3 4304 4305 4371
3 4305 4372 4371
3 4305 4306 4372
3 4306 4373 4372
3 4306 4307 4373
3 4307 4374 4373
3 4307 4308 4374
3 4308 4375 4374
3 4308 4309 4375
3 4309 4310 4375
3 4375 4310 4376
3 4310 4377 4376
3 4310 4311 4377
3 4311 4378 4377
3 4311 4312 4378
3 4312 4313 4378
3 4378 4313 4379
3 4313 4314 4379
3 4379 4314 4380
3 4314 4381 4380
3 4314 4315 4381
3 4315 4382 4381
3 4315 4316 4382
3 4316 4383 4382
3 4316 4317 4383
3 4317 4384 4383
3 4317 4318 4384
3 4318 4385 4384
3 4318 4319 4385
3 4319 4386 4385
3 4319 4320 4386
3 4320 4387 4386
3 4320 4321 4387
3 4321 4388 4387
3 4321 4322 4388
3 4322 4389 4388
3 4322 4323 4389
3 4323 4390 4389
3 4323 4324 4390
3 4324 4391 4390
3 4324 4325 4391
3 4325 4392 4391
3 4325 4326 4392
3 4326 4393 4392
3 4326 4327 4393
3 4327 4394 4393
3 4327 4328 4394
3 4328 4395 4394
3 4328 4329 4395
3 4329 4396 4395
3 4329 4330 4396
3 4330 4397 4396
3 4330 4331 4397
3 4331 4398 4397
3 4331 4332 4398
3 4332 4399 4398
3 4332 4333 4399
3 4333 4400 4399
3 4333 4334 4400
3 4334 4401 4400
3 4334 4335 4401
3 4335 4402 4401
3 4335 4336 4402
3 4336 4403 4402
3 4336 4337 4403
3 4337 4404 4403
3 4337 4338 4404
3 4338 4405 4404
3 4338 4339 4405
3 4339 4406 4405
3 4339 4340 4406
3 4340 4407 4406
3 4340 4341 4407
3 4341 4408 4407
3 4341 4342 4408
3 4342 4409 4408
3 4342 4343 4409
3 4343 4410 4409
3 4343 4344 4410
3 4344 4411 4410
3 4344 4345 4411
3 4345 4412 4411
3 4345 4346 4412
3 4346 4413 4412
3 4346 4347 4413
3 4347 4414 4413
3 4347 4348 4414
3 4348 4415 4414
3 4348 4349 4415
3 4349 4416 4415
3 4349 4350 4416
3 4350 4417 4416
3 4350 4351 4417
3 4351 4418 4417
3 4351 4352 4418
3 4352 4419 4418
3 4352 4353 4419
3 4353 4420 4419
3 4353 4354 4420
3 4354 4421 4420
3 4354 4355 4421
3 4355 4422 4421
3 4355 4356 4422
3 4356 4423 4422
3 4356 4357 4423
3 4357 4424 4423
3 4357 4358 4424
3 4358 4425 4424
3 4358 4359 4425
3 4359 4426 4425
3 4359 4360 4426
3 4360 4427 4426
3 4360 4361 4427
3 4361 4428 4427
3 4361 4362 4428
3 4362 4429 4428
3 4362 4363 4429
3 4363 4430 4429
3 4363 4364 4430
3 95 4431 97
3 95 4365 4431
3 4365 4432 4431
3 4365 4366 4432
3 4366 4433 4432
3 4366 4367 4433
3 4367 4434 4433
3 4367 4368 4434
3 4368 4435 4434
3 4368 4369 4435
3 4369 4436 4435
3 4369 4370 4436
3 4370 4437 4436
3 4370 4371 4437
3 4371 4438 4437
3 4371 4372 4438
3 4372 4439 4438
3 4372 4373 4439
3 4373 4440 4439
3 4373 4374 4440
3 4374 4441 4440
3 4374 4375 4441
3 4375 4376 4441
3 4441 4376 4442
3 4376 4443 4442
3 4376 4377 4443
3 4377 4444 4443
3 4377 4378 4444
3 4378 4379 4444
3 4444 4379 4445
3 4379 4380 4445
3 4445 4380 4446
3 4380 4447 4446
3 4380 4381 4447
3 4381 4448 4447
3 4381 4382 4448
3 4382 4449 4448
3 4382 4383 4449
3 4383 4450 4449
3 4383 4384 4450
3 4384 4451 4450
3 4384 4385 4451
3 4385 4452 4451
3 4385 4386 4452
3 4386 4453 4452
3 4386 4387 4453
3 4387 4454 4453
3 4387 4388 4454
3 4388 4455 4454
3 4388 4389 4455
3 4389 4456 4455
3 4389 4390 4456
3 4390 4457 4456
3 4390 4391 4457
3 4391 4458 4457
3 4391 4392 4458
3 4392 4459 4458
3 4392 4393 4459
3 4393 4460 4459
3 4393 4394 4460
3 4394 4461 4460
3 4394 4395 4461
3 4395 4462 4461
3 4395 4396 4462
3 4396 4463 4462
3 4396 4397 4463
3 4397 4464 4463
3 4397 4398 4464
3 4398 4465 4464
3 4398 4399 4465
3 4399 4466 4465
3 4399 4400 4466
3 4400 4467 4466
3 4400 4401 4467
3 4401 4468 4467
3 4401 4402 4468
3 4402 4469 4468
3 4402 4403 4469
3 4403 4470 4469
3 4403 4404 4470
3 4404 4471 4470
3 4404 4405 4471
3 4405 4472 4471
3 4405 4406 4472
3 4406 4473 4472
3 4406 4407 4473
3 4407 4474 4473
3 4407 4408 4474
3 4408 4475 4474
3 4408 4409 4475
3 4409 4476 4475
3 4409 4410 4476
3 4410 4477 4476
3 4410 4411 4477
3 4411 4478 4477
3 4411 4412 4478
3 4412 4479 4478
3 4412 4413 4479
3 4413 4480 4479
3 4413 4414 4480
3 4414 4481 4480
3 4414 4415 4481
3 4415 4482 4481
3 4415 4416 4482
3 4416 4483 4482
3 4416 4417 4483
3 4417 4484 4483
3 4417 4418 4484
3 4418 4485 4484
3 4418 4419 4485
3 4419 4486 4485
3 4419 4420 4486
3 4420 4487 4486
3 4420 4421 4487
3 4421 4488 4487
3 4421 4422 4488
3 4422 4489 4488
3 4422 4423 4489
3 4423 4490 4489
3 4423 4424 4490
3 4424 4491 4490
3 4424 4425 4491
3 4425 4492 4491
3 4425 4426 4492
3 4426 4493 4492
3 4426 4427 4493
3 4427 4494 4493
3 4427 4428 4494
3 4428 4495 4494
3 4428 4429 4495
3 4429 4496 4495
3 4429 4430 4496
3 97 4497 99
3 97 4431 4497
3 4431 4498 4497
3 4431 4432 4498
3 4432 4499 4498
3 4432 4433 4499
3 4433 4500 4499
3 4433 4434 4500
3 4434 4501 4500
3 4434 4435 4501
3 4435 4502 4501
3 4435 4436 4502
3 4436 4503 4502
3 4436 4437 4503
3 4437 4504 4503
3 4437 4438 4504
3 4438 4505 4504
3 4438 4439 4505
3 4439 4506 4505
3 4439 4440 4506
3 4440 4507 4506
3 4440 4441 4507
3 4441 4442 4507
3 4507 4442 4508
3 4442 4509 4508
3 4442 4443 4509
3 4443 4510 4509
3 4443 4444 4510
3 4444 4445 4510
3 4510 4445 4511
3 4445 4446 4511
3 4511 4446 4512
3 4446 4513 4512
3 4446 4447 4513
3 4447 4514 4513
3 4447 4448 4514
3 4448 4515 4514
3 4448 4449 4515
3 4449 4516 4515
3 4449 4450 4516
3 4450 4517 4516
3 4450 4451 4517
3 4451 4518 4517
3 4451 4452 4518
3 4452 4519 4518
3 4452 4453 4519
3 4453 4520 4519
3 4453 4454 4520
3 4454 4521 4520
3 4454 4455 4521
3 4455 4522 4521
3 4455 4456 4522
3 4456 4523 4522
3 4456 4457 4523
3 4457 4524 4523
3 4457 4458 4524
3 4458 4525 4524
3 4458 4459 4525
3 4459 4526 4525
3 4459 4460 4526
3 4460 4527 4526
3 4460 4461 4527
3 4461 4528 4527
3 4461 4462 4528
3 4462 4529 4528
3 4462 4463 4529
3 4463 4530 4529
3 4463 4464 4530
3 4464 4531 4530
3 4464 4465 4531
3 4465 4532 4531
3 4465 4466 4532
3 4466 4533 4532
3 4466 4467 4533
3 4467 4534 4533
3 4467 4468 4534
3 4468 4535 4534
3 4468 4469 4535
3 4469 4536 4535
3 4469 4470 4536
3 4470 4537 4536
3 4470 4471 4537
3 4471 4538 4537
3 4471 4472 4538
3 4472 4539 4538
3 4472 4473 4539
3 4473 4540 4539
3 4473 4474 4540
3 4474 4541 4540
3 4474 4475 4541
3 4475 4542 4541
3 4475 4476 4542
3 4476 4543 4542
3 4476 4477 4543
3 4477 4544 4543
3 4477 4478 4544
3 4478 4545 4544
3 4478 4479 4545
3 4479 4546 4545
3 4479 4480 4546
3 4480 4547 4546
3 4480 4481 4547
3 4481 4548 4547
3 4481 4482 4548
3 4482 4549 4548
3 4482 4483 4549
3 4483 4550 4549
3 4483 4484 4550
3 4484 4551 4550
3 4484 4485 4551
3 4485 4552 4551
3 4485 4486 4552
3 4486 4553 4552
3 4486 4487 4553
3 4487 4554 4553
3 4487 4488 4554
3 4488 4555 4554
3 4488 4489 4555
3 4489 4556 4555
3 4489 4490 4556
3 4490 4557 4556
3 4490 4491 4557
3 4491 4558 4557
3 4491 4492 4558
3 4492 4559 4558
3 4492 4493 4559
3 4493 4560 4559
3 4493 4494 4560
3 4494 4561 4560
3 4494 4495 4561
3 4495 4562 4561
3 4495 4496 4562
3 4496 4563 4562
3 99 4564 101
3 99 4497 4564
3 4497 4565 4564
3 4497 4498 4565
3 4498 4566 4565
3 4498 4499 4566
3 4499 4567 4566
3 4499 4500 4567
3 4500 4568 4567
3 4500 4501 4568
3 4501 4569 4568
3 4501 4502 4569
3 4502 4570 4569
3 4502 4503 4570
3 4503 4571 4570
3 4503 4504 4571
3 4504 4572 4571
3 4504 4505 4572
3 4505 4573 4572
3 4505 4506 4573
3 4506 4507 4573
3 4573 4507 4574
3 4507 4508 4574
3 4574 4508 4575
3 4508 4576 4575
3 4508 4509 4576
3 4509 4577 4576
3 4509 4510 4577
3 4510 4511 4577
3 4577 4511 4578
3 4511 4512 4578
3 4578 4512 4579
3 4512 4513 4579
3 4579 4513 4580
3 4513 4581 4580
3 4513 4514 4581
3 4514 4582 4581
3 4514 4515 4582
3 4515 4583 4582
3 4515 4516 4583
3 4516 4584 4583
3 4516 4517 4584
3 4517 4585 4584
3 4517 4518 4585
3 4518 4586 4585
3 4518 4519 4586
3 4519 4587 4586
3 4519 4520 4587
3 4520 4588 4587
3 4520 4521 4588
3 4521 4589 4588
3 4521 4522 4589
3 4522 4590 4589
3 4522 4523 4590
3 4523 4591 4590
3 4523 4524 4591
3 4524 4592 4591
3 4524 4525 4592
3 4525 4593 4592
3 4525 4526 4593
3 4526 4594 4593
3 4526 4527 4594
3 4527 4595 4594
3 4527 4528 4595
3 4528 4596 4595
3 4528 4529 4596
3 4529 4597 4596
3 4529 4530 4597
3 4530 4598 4597
3 4530 4531 4598
3 4531 4599 4598
3 4531 4532 4599
3 4532 4600 4599
3 4532 4533 4600
3 4533 4601 4600
3 4533 4534 4601
3 4534 4602 4601
3 4534 4535 4602
3 4535 4603 4602
3 4535 4536 4603
3 4536 4604 4603
3 4536 4537 4604
3 4537 4605 4604
3 4537 4538 4605
3 4538 4606 4605
3 4538 4539 4606
3 4539 4607 4606
3 4539 4540 4607
3 4540 4608 4607
3 4540 4541 4608
3 4541 4609 4608
3 4541 4542 4609
3 4542 4543 4609
3 4609 4543 4610
3 4543 4611 4610
3 4543 4544 4611
3 4544 4612 4611
3 4544 4545 4612
3 4545 4613 4612
3 4545 4546 4613
3 4546 4547 4613
3 4613 4547 4614
3 4547 4548 4614
3 4614 4548 4615
3 4548 4616 4615
3 4548 4549 4616
3 4549 4617 4616
3 4549 4550 4617
3 4550 4618 4617
3 4550 4551 4618
3 4551 4619 4618
3 4551 4552 4619
3 4552 4620 4619
3 4552 4553 4620
3 4553 4621 4620
3 4553 4554 4621
3 4554 4622 4621
3 4554 4555 4622
3 4555 4623 4622
3 4555 4556 4623
3 4556 4624 4623
3 4556 4557 4624
3 4557 4558 4624
3 4624 4558 4625
3 4558 4626 4625
3 4558 4559 4626
3 4559 4627 4626
3 4559 4560 4627
3 4560 4628 4627
3 4560 4561 4628
3 4561 4629 4628
3 4561 4562 4629
3 4562 4630 4629
3 4562 4563 4630
3 101 4631 103
3 101 4564 4631
3 4564 4632 4631
3 4564 4565 4632
3 4565 4633 4632
3 4565 4566 4633
3 4566 4634 4633
3 4566 4567 4634
3 4567 4635 4634
3 4567 4568 4635
3 4568 4636 4635
3 4568 4569 4636
3 4569 4637 4636
3 4569 4570 4637
3 4570 4638 4637
3 4570 4571 4638
3 4571 4639 4638
3 4571 4572 4639
3 4572 4640 4639
3 4572 4573 4640
3 4573 4574 4640
3 4640 4574 4641
3 4574 4575 4641
3 4641 4575 4642
3 4575 4643 4642
3 4575 4576 4643
3 4576 4644 4643
3 4576 4577 4644
3 4577 4578 4644
3 4644 4578 4645
3 4578 4579 4645
3 4645 4579 4646
3 4579 4580 4646
3 4646 4580 4647
3 4580 4648 4647
3 4580 4581 4648
3 4581 4649 4648
3 4581 4582 4649
3 4582 4650 4649
3 4582 4583 4650
3 4583 4651 4650
3 4583 4584 4651
3 4584 4652 4651
3 4584 4585 4652
3 4585 4653 4652
3 4585 4586 4653
3 4586 4654 4653
3 4586 4587 4654
3 4587 4655 4654
3 4587 4588 4655
3 4588 4656 4655
3 4588 4589 4656
3 4589 4657 4656
3 4589 4590 4657
3 4590 4658 4657
3 4590 4591 4658
3 4591 4659 4658
3 4591 4592 4659
3 4592 4660 4659
3 4592 4593 4660
3 4593 4661 4660
3 4593 4594 4661
3 4594 4662 4661
3 4594 4595 4662
3 4595 4663 4662
3 4595 4596 4663
3 4596 4664 4663
3 4596 4597 4664
3 4597 4665 4664
3 4597 4598 4665
3 4598 4666 4665
3 4598 4599 4666
3 4599 4667 4666
3 4599 4600 4667
3 4600 4668 4667
3 4600 4601 4668
3 4601 4669 4668
3 4601 4602 4669
3 4602 4670 4669
3 4602 4603 4670
3 4603 4671 4670
3 4603 4604 4671
3 4604 4672 4671
3 4604 4605 4672
3 4605 4673 4672
3 4605 4606 4673
3 4606 4674 4673
3 4606 4607 4674
3 4607 4675 4674
3 4607 4608 4675
3 4608 4676 4675
3 4608 4609 4676
3 4609 4610 4676
3 4676 4610 4677
3 4610 4611 4677
3 4677 4611 4678
3 4611 4679 4678
3 4611 4612 4679
3 4612 4680 4679
3 4612 4613 4680
3 4613 4614 4680
3 4680 4614 4681
3 4614 4682 4681
3 4614 4615 4682
3 4615 4683 4682
3 4615 4616 4683
3 4616 4684 4683
3 4616 4617 4684
3 4617 4685 4684
3 4617 4618 4685
3 4618 4686 4685
3 4618 4619 4686
3 4619 4687 4686
3 4619 4620 4687
3 4620 4688 4687
3 4620 4621 4688
3 4621 4689 4688
3 4621 4622 4689
3 4622 4690 4689
3 4622 4623 4690
3 4623 4691 4690
3 4623 4624 4691
3 4624 4692 4691
3 4624 4625 4692
3 4625 4693 4692
3 4625 4626 4693
3 4626 4694 4693
3 4626 4627 4694
3 4627 4695 4694
3 4627 4628 4695
3 4628 4696 4695
3 4628 4629 4696
3 4629 4697 4696
3 4629 4630 4697
3 103 4698 105
3 103 4631 4698
3 4631 4699 4698
3 4631 4632 4699
3 4632 4700 4699
3 4632 4633 4700
3 4633 4701 4700
3 4633 4634 4701
3 4634 4702 4701
3 4634 4635 4702
3 4635 4703 4702
3 4635 4636 4703
3 4636 4704 4703
3 4636 4637 4704
3 4637 4705 4704
3 4637 4638 4705
3 4638 4706 4705
3 4638 4639 4706
3 4639 4707 4706
3 4639 4640 4707
3 4640 4641 4707
3 4707 4641 4708
3 4641 4642 4708
3 4708 4642 4709
3 4642 4710 4709
3 4642 4643 4710
3 4643 4711 4710
3 4643 4644 4711
3 4644 4645 4711
3 4711 4645 4712
3 4645 4646 4712
3 4712 4646 4713
3 4646 4647 4713
3 4713 4647 4714
3 4647 4715 4714
3 4647 4648 4715
3 4648 4716 4715
3 4648 4649 4716
3 4649 4717 4716
3 4649 4650 4717
3 4650 4718 4717
3 4650 4651 4718
3 4651 4719 4718
3 4651 4652 4719
3 4652 4720 4719
3 4652 4653 4720
3 4653 4721 4720
3 4653 4654 4721
3 4654 4722 4721
3 4654 4655 4722
3 4655 4723 4722
3 4655 4656 4723
3 4656 4724 4723
3 4656 4657 4724
3 4657 4725 4724
3 4657 4658 4725
3 4658 4726 4725
3 4658 4659 4726
3 4659 4727 4726
3 4659 4660 4727
3 4660 4728 4727
3 4660 4661 4728
3 4661 4729 4728
3 4661 4662 4729
3 4662 4730 4729
3 4662 4663 4730
3 4663 4731 4730
3 4663 4664 4731
3 4664 4732 4731
3 4664 4665 4732
3 4665 4733 4732
3 4665 4666 4733
3 4666 4734 4733
3 4666 4667 4734
3 4667 4735 4734
3 4667 4668 4735
3 4668 4736 4735
3 4668 4669 4736
3 4669 4737 4736
3 4669 4670 4737
3 4670 4738 4737
3 4670 4671 4738
3 4671 4739 4738
3 4671 4672 4739
3 4672 4740 4739
3 4672 4673 4740
3 4673 4741 4740
3 4673 4674 4741
3 4674 4742 4741
3 4674 4675 4742
3 4675 4743 4742
3 4675 4676 4743
3 4676 4744 4743
3 4676 4677 4744
3 4677 4745 4744
3 4677 4678 4745
3 4678 4746 4745
3 4678 4679 4746
3 4679 4747 4746
3 4679 4680 4747
3 4680 4681 4747
3 4747 4681 4748
3 4681 4682 4748
3 4748 4682 4749
3 4682 4750 4749
3 4682 4683 4750
3 4683 4751 4750
3 4683 4684 4751
3 4684 4752 4751
3 4684 4685 4752
3 4685 4753 4752
3 4685 4686 4753
3 4686 4754 4753
3 4686 4687 4754
3 4687 4755 4754
3 4687 4688 4755
3 4688 4756 4755
3 4688 4689 4756
3 4689 4757 4756
3 4689 4690 4757
3 4690 4758 4757
3 4690 4691 4758
3 4691 4759 4758
3 4691 4692 4759
3 4692 4760 4759
3 4692 4693 4760
3 4693 4761 4760
3 4693 4694 4761
3 4694 4762 4761
3 4694 4695 4762
3 4695 4763 4762
3 4695 4696 4763
3 4696 4764 4763
3 4696 4697 4764
3 105 4765 107
3 105 4698 4765
3 4698 4766 4765
3 4698 4699 4766
3 4699 4767 4766
3 4699 4700 4767
3 4700 4768 4767
3 4700 4701 4768
3 4701 4769 4768
3 4701 4702 4769
3 4702 4770 4769
3 4702 4703 4770
3 4703 4771 4770
3 4703 4704 4771
3 4704 4772 4771
3 4704 4705 4772
3 4705 4773 4772
3 4705 4706 4773
3 4706 4774 4773
3 4706 4707 4774
3 4707 4708 4774
3 4774 4708 4775
3 4708 4709 4775
3 4775 4709 4776
3 4709 4777 4776
3 4709 4710 4777
3 4710 4778 4777
3 4710 4711 4778
3 4711 4712 4778
3 4778 4712 4779
3 4712 4713 4779
3 4779 4713 4780
3 4713 4781 4780
3 4713 4714 4781
3 4714 4782 4781
3 4714 4715 4782
3 4715 4783 4782
3 4715 4716 4783
3 4716 4784 4783
3 4716 4717 4784
3 4717 4785 4784
3 4717 4718 4785
3 4718 4786 4785
3 4718 4719 4786
3 4719 4787 4786
3 4719 4720 4787
3 4720 4788 4787
3 4720 4721 4788
3 4721 4789 4788
3 4721 4722 4789
3 4722 4790 4789
3 4722 4723 4790
3 4723 4791 4790
3 4723 4724 4791
3 4724 4792 4791
3 4724 4725 4792
3 4725 4793 4792
3 4725 4726 4793
3 4726 4794 4793
3 4726 4727 4794
3 4727 4795 4794
3 4727 4728 4795
3 4728 4796 4795
3 4728 4729 4796
3 4729 4797 4796
3 4729 4730 4797
3 4730 4798 4797
3 4730 4731 4798
3 4731 4799 4798
3 4731 4732 4799
3 4732 4800 4799
3 4732 4733 4800
3 4733 4801 4800
3 4733 4734 4801
3 4734 4802 4801
3 4734 4735 4802
3 4735 4803 4802
3 4735 4736 4803
3 4736 4804 4803
3 4736 4737 4804
3 4737 4805 4804
3 4737 4738 4805
3 4738 4806 4805
3 4738 4739 4806
3 4739 4807 4806
3 4739 4740 4807
3 4740 4808 4807
3 4740 4741 4808
3 4741 4809 4808
3 4741 4742 4809
3 4742 4810 4809
3 4742 4743 4810
3 4743 4811 4810
3 4743 4744 4811
3 4744 4812 4811
3 4744 4745 4812
3 4745 4813 4812
3 4745 4746 4813
3 4746 4814 4813
3 4746 4747 4814
3 4747 4748 4814
3 4814 4748 4815
3 4748 4749 4815
3 4815 4749 4816
3 4749 4817 4816
3 4749 4750 4817
3 4750 4818 4817
3 4750 4751 4818
3 4751 4819 4818
3 4751 4752 4819
3 4752 4820 4819
3 4752 4753 4820
3 4753 4821 4820
3 4753 4754 4821
3 4754 4822 4821
3 4754 4755 4822
3 4755 4823 4822
3 4755 4756 4823
3 4756 4824 4823
3 4756 4757 4824
3 4757 4825 4824
3 4757 4758 4825
3 4758 4826 4825
3 4758 4759 4826
3 4759 4827 4826
3 4759 4760 4827
3 4760 4828 4827
3 4760 4761 4828
3 4761 4829 4828
3 4761 4762 4829
3 4762 4830 4829
3 4762 4763 4830
3 4763 4831 4830
3 4763 4764 4831
3 107 4832 109
3 107 4765 4832
3 4765 4833 4832
3 4765 4766 4833
3 4766 4834 4833
3 4766 4767 4834
3 4767 4835 4834
3 4767 4768 4835
3 4768 4836 4835
3 4768 4769 4836
3 4769 4837 4836
3 4769 4770 4837
3 4770 4838 4837
3 4770 4771 4838
3 4771 4839 4838
3 4771 4772 4839
3 4772 4840 4839
3 4772 4773 4840
3 4773 4841 4840
3 4773 4774 4841
3 4774 4775 4841
3 4841 4775 4842
3 4775 4776 4842
3 4842 4776 4843
3 4776 4844 4843
3 4776 4777 4844
3 4777 4845 4844
3 4777 4778 4845
3 4778 4779 4845
3 4845 4779 4846
3 4779 4780 4846
3 4846 4780 4847
3 4780 4848 4847
3 4780 4781 4848
3 4781 4849 4848
3 4781 4782 4849
3 4782 4850 4849
3 4782 4783 4850
3 4783 4851 4850
3 4783 4784 4851
3 4784 4852 4851
3 4784 4785 4852
3 4785 4853 4852
3 4785 4786 4853
3 4786 4854 4853
3 4786 4787 4854
3 4787 4855 4854
3 4787 4788 4855
3 4788 4856 4855
3 4788 4789 4856
3 4789 4857 4856
3 4789 4790 4857
3 4790 4858 4857
3 4790 4791 4858
3 4791 4859 4858
3 4791 4792 4859
3 4792 4860 4859
3 4792 4793 4860
3 4793 4861 4860
3 4793 4794 4861
3 4794 4862 4861
3 4794 4795 4862
3 4795 4863 4862
3 4795 4796 4863
3 4796 4864 4863
3 4796 4797 4864
3 4797 4865 4864
3 4797 4798 4865
3 4798 4866 4865
3 4798 4799 4866
3 4799 4867 4866
3 4799 4800 4867
3 4800 4868 4867
3 4800 4801 4868
3 4801 4869 4868
3 4801 4802 4869
3 4802 4870 4869
3 4802 4803 4870
3 4803 4871 4870
3 4803 4804 4871
3 4804 4872 4871
3 4804 4805 4872
3 4805 4873 4872
3 4805 4806 4873
3 4806 4874 4873
3 4806 4807 4874
3 4807 4875 4874
3 4807 4808 4875
3 4808 4876 4875
3 4808 4809 4876
3 4809 4877 4876
3 4809 4810 4877
3 4810 4878 4877
3 4810 4811 4878
3 4811 4879 4878
3 4811 4812 4879
3 4812 4880 4879
3 4812 4813 4880
3 4813 4881 4880
3 4813 4814 4881
3 4814 4882 4881
3 4814 4815 4882
3 4815 4883 4882
3 4815 4816 4883
3 4816 4884 4883
3 4816 4817 4884
3 4817 4885 4884
3 4817 4818 4885
3 4818 4886 4885
3 4818 4819 4886
3 4819 4887 4886
3 4819 4820 4887
3 4820 4888 4887
3 4820 4821 4888
3 4821 4889 4888
3 4821 4822 4889
3 4822 4890 4889
3 4822 4823 4890
3 4823 4891 4890
3 4823 4824 4891
3 4824 4892 4891
3 4824 4825 4892
3 4825 4893 4892
3 4825 4826 4893
3 4826 4894 4893
3 4826 4827 4894
3 4827 4895 4894
3 4827 4828 4895
3 4828 4896 4895
3 4828 4829 4896
3 4829 4897 4896
3 4829 4830 4897
3 4830 4898 4897
3 4830 4831 4898
3 109 4899 111
3 109 4832 4899
3 4832 4900 4899
3 4832 4833 4900
3 4833 4901 4900
3 4833 4834 4901
3 4834 4902 4901
3 4834 4835 4902
3 4835 4903 4902
3 4835 4836 4903
3 4836 4904 4903
3 4836 4837 4904
3 4837 4905 4904
3 4837 4838 4905
3 4838 4906 4905
3 4838 4839 4906
3 4839 4907 4906
3 4839 4840 4907
3 4840 4908 4907
3 4840 4841 4908
3 4841 4842 4908
3 4908 4842 4909
3 4842 4843 4909
3 4909 4843 4910
3 4843 4911 4910
3 4843 4844 4911
3 4844 4912 4911
3 4844 4845 4912
3 4845 4913 4912
3 4845 4846 4913
3 4846 4914 4913
3 4846 4847 4914
3 4847 4915 4914
3 4847 4848 4915
3 4848 4916 4915
3 4848 4849 4916
3 4849 4917 4916
3 4849 4850 4917
3 4850 4918 4917
3 4850 4851 4918
3 4851 4919 4918
3 4851 4852 4919
3 4852 4920 4919
3 4852 4853 4920
3 4853 4921 4920
3 4853 4854 4921
3 4854 4922 4921
3 4854 4855 4922
3 4855 4923 4922
3 4855 4856 4923
3 4856 4924 4923
3 4856 4857 4924
3 4857 4925 4924
3 4857 4858 4925
3 4858 4926 4925
3 4858 4859 4926
3 4859 4927 4926
3 4859 4860 4927
3 4860 4928 4927
3 4860 4861 4928
3 4861 4929 4928
3 4861 4862 4929
3 4862 4930 4929
3 4862 4863 4930
3 4863 4931 4930
3 4863 4864 4931
3 4864 4932 4931
3 4864 4865 4932
3 4865 4933 4932
3 4865 4866 4933
3 4866 4934 4933
3 4866 4867 4934
3 4867 4935 4934
3 4867 4868 4935
3 4868 4936 4935
3 4868 4869 4936
3 4869 4937 4936
3 4869 4870 4937
3 4870 4938 4937
3 4870 4871 4938
3 4871 4939 4938
3 4871 4872 4939
3 4872 4940 4939
3 4872 4873 4940
3 4873 4941 4940
3 4873 4874 4941
3 4874 4942 4941
3 4874 4875 4942
3 4875 4943 4942
3 4875 4876 4943
3 4876 4944 4943
3 4876 4877 4944
3 4877 4945 4944
3 4877 4878 4945
3 4878 4946 4945
3 4878 4879 4946
3 4879 4947 4946
3 4879 4880 4947
3 4880 4948 4947
3 4880 4881 4948
3 4881 4949 4948
3 4881 4882 4949
3 4882 4950 4949
3 4882 4883 4950
3 4883 4951 4950
3 4883 4884 4951
3 4884 4952 4951
3 4884 4885 4952
3 4885 4953 4952
3 4885 4886 4953
3 4886 4954 4953
3 4886 4887 4954
3 4887 4955 4954
3 4887 4888 4955
3 4888 4956 4955
3 4888 4889 4956
3 4889 4957 4956
3 4889 4890 4957
3 4890 4958 4957
3 4890 4891 4958
3 4891 4959 4958
3 4891 4892 4959
3 4892 4960 4959
3 4892 4893 4960
3 4893 4961 4960
3 4893 4894 4961
3 4894 4962 4961
3 4894 4895 4962
3 4895 4963 4962
3 4895 4896 4963
3 4896 4964 4963
3 4896 4897 4964
3 4897 4965 4964
3 4897 4898 4965
3 4898 4966 4965
3 111 4967 113
3 111 4899 4967
3 4899 4968 4967
3 4899 4900 4968
3 4900 4969 4968
3 4900 4901 4969
3 4901 4970 4969
3 4901 4902 4970
3 4902 4971 4970
3 4902 4903 4971
3 4903 4972 4971
3 4903 4904 4972
3 4904 4973 4972
3 4904 4905 4973
3 4905 4974 4973
3 4905 4906 4974
3 4906 4975 4974
3 4906 4907 4975
3 4907 4976 4975
3 4907 4908 4976
3 4908 4909 4976
3 4976 4909 4977
3 4909 4910 4977
3 4977 4910 4978
3 4910 4979 4978
3 4910 4911 4979
3 4911 4980 4979
3 4911 4912 4980
3 4912 4981 4980
3 4912 4913 4981
3 4913 4982 4981
3 4913 4914 4982
3 4914 4983 4982
3 4914 4915 4983
3 4915 4984 4983
3 4915 4916 4984
3 4916 4985 4984
3 4916 4917 4985
3 4917 4986 4985
3 4917 4918 4986
3 4918 4987 4986
3 4918 4919 4987
3 4919 4988 4987
3 4919 4920 4988
3 4920 4989 4988
3 4920 4921 4989
3 4921 4990 4989
3 4921 4922 4990
3 4922 4991 4990
3 4922 4923 4991
3 4923 4992 4991
3 4923 4924 4992
3 4924 4993 4992
3 4924 4925 4993
3 4925 4994 4993
3 4925 4926 4994
3 4926 4995 4994
3 4926 4927 4995
3 4927 4996 4995
3 4927 4928 4996
3 4928 4997 4996
3 4928 4929 4997
3 4929 4998 4997
3 4929 4930 4998
3 4930 4999 4998
3 4930 4931 4999
3 4931 5000 4999
3 4931 4932 5000
3 4932 5001 5000
3 4932 4933 5001
3 4933 5002 5001
3 4933 4934 5002
3 4934 5003 5002
3 4934 4935 5003
3 4935 5004 5003
3 4935 4936 5004
3 4936 5005 5004
3 4936 4937 5005
3 4937 5006 5005
3 4937 4938 5006
3 4938 5007 5006
3 4938 4939 5007
3 4939 5008 5007
3 4939 4940 5008
3 4940 5009 5008
3 4940 4941 5009
3 4941 5010 5009
3 4941 4942 5010
3 4942 5011 5010
3 4942 4943 5011
3 4943 5012 5011
3 4943 4944 5012
3 4944 5013 5012
3 4944 4945 5013
3 4945 5014 5013
3 4945 4946 5014
3 4946 5015 5014
3 4946 4947 5015
3 4947 5016 5015
3 4947 4948 5016
3 4948 5017 5016
3 4948 4949 5017
3 4949 5018 5017
3 4949 4950 5018
3 4950 5019 5018
3 4950 4951 5019
3 4951 5020 5019
3 4951 4952 5020
3 4952 5021 5020
3 4952 4953 5021
3 4953 5022 5021
3 4953 4954 5022
3 4954 5023 5022
3 4954 4955 5023
3 4955 5024 5023
3 4955 4956 5024
3 4956 5025 5024
3 4956 4957 5025
3 4957 5026 5025
3 4957 4958 5026
3 4958 5027 5026
3 4958 4959 5027
3 4959 5028 5027
3 4959 4960 5028
3 4960 5029 5028
3 4960 4961 5029
3 4961 5030 5029
3 4961 4962 5030
3 4962 5031 5030
3 4962 4963 5031
3 4963 5032 5031
3 4963 4964 5032
3 4964 5033 5032
3 4964 4965 5033
3 4965 5034 5033
3 4965 4966 5034
3 113 5035 115
3 113 4967 5035
3 4967 5036 5035
3 4967 4968 5036
3 4968 5037 5036
3 4968 4969 5037
3 4969 5038 5037
3 4969 4970 5038
3 4970 5039 5038
3 4970 4971 5039
3 4971 5040 5039
3 4971 4972 5040
3 4972 5041 5040
3 4972 4973 5041
3 4973 5042 5041
3 4973 4974 5042
3 4974 5043 5042
3 4974 4975 5043
3 4975 5044 5043
3 4975 4976 5044
3 4976 4977 5044
3 5044 4977 5045
3 4977 4978 5045
3 5045 4978 5046
3 4978 5047 5046
3 4978 4979 5047
3 4979 5048 5047
3 4979 4980 5048
3 4980 4981 5048
3 5048 4981 5049
3 4981 4982 5049
3 5049 4982 5050
3 4982 5051 5050
3 4982 4983 5051
3 4983 5052 5051
3 4983 4984 5052
3 4984 5053 5052
3 4984 4985 5053
3 4985 5054 5053
3 4985 4986 5054
3 4986 5055 5054
3 4986 4987 5055
3 4987 5056 5055
3 4987 4988 5056
3 4988 5057 5056
3 4988 4989 5057
3 4989 5058 5057
3 4989 4990 5058
3 4990 5059 5058
3 4990 4991 5059
3 4991 5060 5059
3 4991 4992 5060
3 4992 5061 5060
3 4992 4993 5061
3 4993 5062 5061
3 4993 4994 5062
3 4994 5063 5062
3 4994 4995 5063
3 4995 5064 5063
3 4995 4996 5064
3 4996 5065 5064
3 4996 4997 5065
3 4997 5066 5065
3 4997 4998 5066
3 4998 5067 5066
3 4998 4999 5067
3 4999 5068 5067
3 4999 5000 5068
3 5000 5069 5068
3 5000 5001 5069
3 5001 5070 5069
3 5001 5002 5070
3 5002 5071 5070
3 5002 5003 5071
3 5003 5072 5071
3 5003 5004 5072
3 5004 5073 5072
3 5004 5005 5073
3 5005 5074 5073
3 5005 5006 5074
3 5006 5075 5074
3 5006 5007 5075
3 5007 5076 5075
3 5007 5008 5076
3 5008 5077 5076
3 5008 5009 5077
3 5009 5078 5077
3 5009 5010 5078
3 5010 5079 5078
3 5010 5011 5079
3 5011 5080 5079
3 5011 5012 5080
3 5012 5081 5080
3 5012 5013 5081
3 5013 5082 5081
3 5013 5014 5082
3 5014 5083 5082
3 5014 5015 5083
3 5015 5084 5083
3 5015 5016 5084
3 5016 5085 5084
3 5016 5017 5085
3 5017 5086 5085
3 5017 5018 5086
3 5018 5087 5086
3 5018 5019 5087
3 5019 5088 5087
3 5019 5020 5088
3 5020 5089 5088
3 5020 5021 5089
3 5021 5090 5089
3 5021 5022 5090
3 5022 5091 5090
3 5022 5023 5091
3 5023 5092 5091
3 5023 5024 5092
3 5024 5093 5092
3 5024 5025 5093
3 5025 5094 5093
3 5025 5026 5094
3 5026 5095 5094
3 5026 5027 5095
3 5027 5096 5095
3 5027 5028 5096
3 5028 5097 5096
3 5028 5029 5097
3 5029 5098 5097
3 5029 5030 5098
3 5030 5099 5098
3 5030 5031 5099
3 5031 5100 5099
3 5031 5032 5100
3 5032 5101 5100
3 5032 5033 5101
3 5033 5102 5101
3 5033 5034 5102
3 115 5103 117
3 115 5035 5103
3 5035 5104 5103
3 5035 5036 5104
3 5036 5105 5104
3 5036 5037 5105
3 5037 5106 5105
3 5037 5038 5106
3 5038 5107 5106
3 5038 5039 5107
3 5039 5108 5107
3 5039 5040 5108
3 5040 5109 5108
3 5040 5041 5109
3 5041 5110 5109
3 5041 5042 5110
3 5042 5111 5110
3 5042 5043 5111
3 5043 5112 5111
3 5043 5044 5112
3 5044 5045 5112
3 5112 5045 5113
3 5045 5046 5113
3 5113 5046 5114
3 5046 5047 5114
3 5114 5047 5115
3 5047 5048 5115
3 5115 5048 5116
3 5048 5049 5116
3 5116 5049 5117
3 5049 5050 5117
3 5117 5050 5118
3 5050 5051 5118
3 5118 5051 5119
3 5051 5052 5119
3 5119 5052 5120
3 5052 5121 5120
3 5052 5053 5121
3 5053 5122 5121
3 5053 5054 5122
3 5054 5123 5122
3 5054 5055 5123
3 5055 5124 5123
3 5055 5056 5124
3 5056 5125 5124
3 5056 5057 5125
3 5057 5126 5125
3 5057 5058 5126
3 5058 5127 5126
3 5058 5059 5127
3 5059 5128 5127
3 5059 5060 5128
3 5060 5129 5128
3 5060 5061 5129
3 5061 5130 5129
3 5061 5062 5130
3 5062 5131 5130
3 5062 5063 5131
3 5063 5132 5131
3 5063 5064 5132
3 5064 5133 5132
3 5064 5065 5133
3 5065 5134 5133
3 5065 5066 5134
3 5066 5135 5134
3 5066 5067 5135
3 5067 5136 5135
3 5067 5068 5136
3 5068 5137 5136
3 5068 5069 5137
3 5069 5138 5137
3 5069 5070 5138
3 5070 5139 5138
3 5070 5071 5139
3 5071 5140 5139
3 5071 5072 5140
3 5072 5141 5140
3 5072 5073 5141
3 5073 5142 5141
3 5073 5074 5142
3 5074 5143 5142
3 5074 5075 5143
3 5075 5144 5143
3 5075 5076 5144
3 5076 5145 5144
3 5076 5077 5145
3 5077 5146 5145
3 5077 5078 5146
3 5078 5147 5146
3 5078 5079 5147
3 5079 5148 5147
3 5079 5080 5148
3 5080 5149 5148
3 5080 5081 5149
3 5081 5150 5149
3 5081 5082 5150
3 5082 5151 5150
3 5082 5083 5151
3 5083 5152 5151
3 5083 5084 5152
3 5084 5085 5152
3 5152 5085 5153
3 5085 5086 5153
3 5153 5086 5154
3 5086 5087 5154
3 5154 5087 5155
3 5087 5156 5155
3 5087 5088 5156
3 5088 5157 5156
3 5088 5089 5157
3 5089 5158 5157
3 5089 5090 5158
3 5090 5159 5158
3 5090 5091 5159
3 5091 5160 5159
3 5091 5092 5160
3 5092 5161 5160
3 5092 5093 5161
3 5093 5162 5161
3 5093 5094 5162
3 5094 5095 5162
3 5162 5095 5163
3 5095 5096 5163
3 5163 5096 5164
3 5096 5165 5164
3 5096 5097 5165
3 5097 5166 5165
3 5097 5098 5166
3 5098 5167 5166
3 5098 5099 5167
3 5099 5168 5167
3 5099 5100 5168
3 5100 5169 5168
3 5100 5101 5169
3 5101 5170 5169
3 5101 5102 5170
3 117 5171 119
3 117 5103 5171
3 5103 5172 5171
3 5103 5104 5172
3 5104 5173 5172
3 5104 5105 5173
3 5105 5174 5173
3 5105 5106 5174
3 5106 5175 5174
3 5106 5107 5175
3 5107 5176 5175
3 5107 5108 5176
3 5108 5177 5176
3 5108 5109 5177
3 5109 5178 5177
3 5109 5110 5178
3 5110 5179 5178
3 5110 5111 5179
3 5111 5180 5179
3 5111 5112 5180
3 5112 5113 5180
3 5180 5113 5181
3 5113 5114 5181
3 5181 5114 5182
3 5114 5115 5182
3 5182 5115 5183
3 5115 5116 5183
3 5183 5116 5184
3 5116 5117 5184
3 5184 5117 5185
3 5117 5118 5185
3 5185 5118 5186
3 5118 5119 5186
3 5186 5119 5187
3 5119 5120 5187
3 5187 5120 5188
3 5120 5189 5188
3 5120 5121 5189
3 5121 5190 5189
3 5121 5122 5190
3 5122 5191 5190
3 5122 5123 5191
3 5123 5192 5191
3 5123 5124 5192
3 5124 5193 5192
3 5124 5125 5193
3 5125 5194 5193
3 5125 5126 5194
3 5126 5195 5194
3 5126 5127 5195
3 5127 5196 5195
3 5127 5128 5196
3 5128 5129 5196
3 5196 5129 5197
3 5129 5198 5197
3 5129 5130 5198
3 5130 5199 5198
3 5130 5131 5199
3 5131 5200 5199
3 5131 5132 5200
3 5132 5201 5200
3 5132 5133 5201
3 5133 5134 5201
3 5201 5134 5202
3 5134 5203 5202
3 5134 5135 5203
3 5135 5204 5203
3 5135 5136 5204
3 5136 5205 5204
3 5136 5137 5205
3 5137 5206 5205
3 5137 5138 5206
3 5138 5207 5206
3 5138 5139 5207
3 5139 5208 5207
3 5139 5140 5208
3 5140 5209 5208
3 5140 5141 5209
3 5141 5210 5209
3 5141 5142 5210
3 5142 5211 5210
3 5142 5143 5211
3 5143 5212 5211
3 5143 5144 5212
3 5144 5213 5212
3 5144 5145 5213
3 5145 5146 5213
3 5213 5146 5214
3 5146 5147 5214
3 5214 5147 5215
3 5147 5216 5215
3 5147 5148 5216
3 5148 5149 5216
3 5216 5149 5217
3 5149 5150 5217
3 5217 5150 5218
3 5150 5219 5218
3 5150 5151 5219
3 5151 5220 5219
3 5151 5152 5220
3 5152 5153 5220
3 5220 5153 5221
3 5153 5154 5221
3 5221 5154 5222
3 5154 5155 5222
3 5222 5155 5223
3 5155 5156 5223
3 5223 5156 5224
3 5156 5225 5224
3 5156 5157 5225
3 5157 5226 5225
3 5157 5158 5226
3 5158 5227 5226
3 5158 5159 5227
3 5159 5228 5227
3 5159 5160 5228
3 5160 5229 5228
3 5160 5161 5229
3 5161 5230 5229
3 5161 5162 5230
3 5162 5163 5230
3 5230 5163 5231
3 5163 5164 5231
3 5231 5164 5232
3 5164 5233 5232
3 5164 5165 5233
3 5165 5234 5233
3 5165 5166 5234
3 5166 5235 5234
3 5166 5167 5235
3 5167 5236 5235
3 5167 5168 5236
3 5168 5237 5236
3 5168 5169 5237
3 5169 5170 5237
3 5237 5170 5238
3 119 5239 121
3 119 5171 5239
3 5171 5240 5239
3 5171 5172 5240
3 5172 5241 5240
3 5172 5173 5241
3 5173 5242 5241
3 5173 5174 5242
3 5174 5243 5242
3 5174 5175 5243
3 5175 5244 5243
3 5175 5176 5244
3 5176 5245 5244
3 5176 5177 5245
3 5177 5246 5245
3 5177 5178 5246
3 5178 5247 5246
3 5178 5179 5247
3 5179 5248 5247
3 5179 5180 5248
3 5180 5181 5248
3 5248 5181 5249
3 5181 5182 5249
3 5249 5182 5250
3 5182 5251 5250
3 5182 5183 5251
3 5183 5252 5251
3 5183 5184 5252
3 5184 5185 5252
3 5252 5185 5253
3 5185 5186 5253
3 5253 5186 5254
3 5186 5187 5254
3 5254 5187 5255
3 5187 5188 5255
3 5255 5188 5256
3 5188 5257 5256
3 5188 5189 5257
3 5189 5258 5257
3 5189 5190 5258
3 5190 5259 5258
3 5190 5191 5259
3 5191 5260 5259
3 5191 5192 5260
3 5192 5261 5260
3 5192 5193 5261
3 5193 5262 5261
3 5193 5194 5262
3 5194 5263 5262
3 5194 5195 5263
3 5195 5264 5263
3 5195 5196 5264
3 5196 5197 5264
3 5264 5197 5265
3 5197 5266 5265
3 5197 5198 5266
3 5198 5267 5266
3 5198 5199 5267
3 5199 5268 5267
3 5199 5200 5268
3 5200 5201 5268
3 5268 5201 5269
3 5201 5202 5269
3 5269 5202 5270
3 5202 5271 5270
3 5202 5203 5271
3 5203 5204 5271
3 5271 5204 5272
3 5204 5205 5272
3 5272 5205 5273
3 5205 5206 5273
3 5273 5206 5274
3 5206 5275 5274
3 5206 5207 5275
3 5207 5208 5275
3 5275 5208 5276
3 5208 5277 5276
3 5208 5209 5277
3 5209 5278 5277
3 5209 5210 5278
3 5210 5279 5278
3 5210 5211 5279
3 5211 5280 5279
3 5211 5212 5280
3 5212 5213 5280
3 5280 5213 5281
3 5213 5214 5281
3 5281 5214 5282
3 5214 5215 5282
3 5282 5215 5283
3 5215 5216 5283
3 5283 5216 5284
3 5216 5217 5284
3 5284 5217 5285
3 5217 5218 5285
3 5285 5218 5286
3 5218 5287 5286
3 5218 5219 5287
3 5219 5220 5287
3 5287 5220 5288
3 5220 5221 5288
3 5288 5221 5289
3 5221 5222 5289
3 5289 5222 5290
3 5222 5223 5290
3 5223 5224 5291
3 5226 5227 5292
3 5227 5228 5293
3 5228 5294 5293
3 5228 5229 5294
3 5229 5295 5294
3 5229 5230 5295
3 5230 5231 5295
3 5295 5231 5296
3 5231 5232 5296
3 5235 5236 5297
3 5236 5298 5297
3 5236 5237 5298
3 5237 5238 5298
3 121 5299 122
3 121 5239 5299
3 5239 5300 5299
3 5239 5240 5300
3 5240 5301 5300
3 5240 5241 5301
3 5241 5302 5301
3 5241 5242 5302
3 5242 5303 5302
3 5242 5243 5303
3 5243 5304 5303
3 5243 5244 5304
3 5244 5305 5304
3 5244 5245 5305
3 5245 5306 5305
3 5245 5246 5306
3 5246 5307 5306
3 5246 5247 5307
3 5247 5308 5307
3 5247 5248 5308
3 5248 5249 5308
3 5308 5249 5309
3 5249 5250 5309
3 5309 5250 5310
3 5250 5311 5310
3 5250 5251 5311
3 5251 5312 5311
3 5251 5252 5312
3 5252 5253 5312
3 5312 5253 5313
3 5253 5254 5313
3 5313 5254 5314
3 5254 5255 5314
3 5314 5255 5315
3 5255 5316 5315
3 5255 5256 5316
3 5256 5317 5316
3 5256 5257 5317
3 5257 5318 5317
3 5257 5258 5318
3 5258 5319 5318
3 5258 5259 5319
3 5259 5320 5319
3 5259 5260 5320
3 5260 5321 5320
3 5260 5261 5321
3 5261 5322 5321
3 5261 5262 5322
3 5262 5323 5322
3 5262 5263 5323
3 5263 5324 5323
3 5263 5264 5324
3 5264 5265 5324
3 5324 5265 5325
3 5265 5326 5325
3 5265 5266 5326
3 5266 5327 5326
3 5266 5267 5327
3 5267 5328 5327
3 5267 5268 5328
3 5268 5329 5328
3 5268 5269 5329
3 5269 5330 5329
3 5269 5270 5330
3 5270 5331 5330
3 5270 5271 5331
3 5271 5332 5331
3 5271 5272 5332
3 5272 5273 5332
3 5332 5273 5333
3 5273 5334 5333
3 5273 5274 5334
3 5274 5335 5334
3 5274 5275 5335
3 5275 5336 5335
3 5275 5276 5336
3 5276 5337 5336
3 5276 5277 5337
3 5277 5338 5337
3 5277 5278 5338
3 5278 5339 5338
3 5278 5279 5339
3 5279 5340 5339
3 5279 5280 5340
3 5280 5341 5340
3 5280 5281 5341
3 5281 5282 5341
3 5341 5282 5342
3 5282 5283 5342
3 5342 5283 5343
3 5283 5344 5343
3 5283 5284 5344
3 5284 5285 5344
3 5344 5285 5345
3 5285 5286 5345
3 5345 5286 5346
3 5286 5287 5347
3 5287 5288 5348
3 122 5349 124
3 122 5299 5349
3 5299 5350 5349
3 5299 5300 5350
3 5300 5351 5350
3 5300 5301 5351
3 5301 5352 5351
3 5301 5302 5352
3 5302 5353 5352
3 5302 5303 5353
3 5303 5354 5353
3 5303 5304 5354
3 5304 5355 5354
3 5304 5305 5355
3 5305 5356 5355
3 5305 5306 5356
3 5306 5357 5356
3 5306 5307 5357
3 5307 5358 5357
3 5307 5308 5358
3 5308 5309 5358
3 5358 5309 5359
3 5309 5310 5359
3 5359 5310 5360
3 5310 5311 5360
3 5360 5311 5361
3 5311 5312 5361
3 5361 5312 5362
3 5312 5313 5362
3 5362 5313 5363
3 5313 5314 5363
3 5363 5314 5364
3 5314 5315 5364
3 5364 5315 5365
3 5315 5316 5365
3 5365 5316 5366
3 5316 5367 5366
3 5316 5317 5367
3 5317 5368 5367
3 5317 5318 5368
3 5318 5369 5368
3 5318 5319 5369
3 5319 5370 5369
3 5319 5320 5370
3 5320 5371 5370
3 5320 5321 5371
3 5321 5372 5371
3 5321 5322 5372
3 5322 5373 5372
3 5322 5323 5373
3 5323 5374 5373
3 5323 5324 5374
3 5324 5325 5374
3 5374 5325 5375
3 5325 5376 5375
3 5325 5326 5376
3 5326 5377 5376
3 5326 5327 5377
3 5327 5378 5377
3 5327 5328 5378
3 5328 5379 5378
3 5328 5329 5379
3 5329 5380 5379
3 5329 5330 5380
3 5330 5381 5380
3 5330 5331 5381
3 5331 5382 5381
3 5331 5332 5382
3 5332 5383 5382
3 5332 5333 5383
3 5333 5384 5383
3 5333 5334 5384
3 5334 5385 5384
3 5334 5335 5385
3 5335 5336 5386
3 5337 5338 5387
3 5338 5388 5387
3 5338 5339 5388
3 5339 5389 5388
3 5339 5340 5389
3 5340 5390 5389
3 5340 5341 5390
3 5341 5391 5390
3 5341 5342 5391
3 5342 5392 5391
3 5342 5343 5392
3 124 5393 126
3 124 5349 5393
3 5349 5394 5393
3 5349 5350 5394
3 5350 5395 5394
3 5350 5351 5395
3 5351 5396 5395
3 5351 5352 5396
3 5352 5397 5396
3 5352 5353 5397
3 5353 5354 5397
3 5397 5354 5398
3 5354 5399 5398
3 5354 5355 5399
3 5355 5400 5399
3 5355 5356 5400
3 5356 5401 5400
3 5356 5357 5401
3 5357 5402 5401
3 5357 5358 5402
3 5358 5359 5402
3 5402 5359 5403
3 5359 5360 5403
3 5403 5360 5404
3 5360 5361 5404
3 5404 5361 5405
3 5361 5362 5405
3 5405 5362 5406
3 5362 5363 5406
3 5406 5363 5407
3 5363 5364 5407
3 5407 5364 5408
3 5364 5365 5408
3 5408 5365 5409
3 5365 5366 5409
3 5409 5366 5410
3 5366 5411 5410
3 5366 5367 5411
3 5367 5412 5411
3 5367 5368 5412
3 5368 5413 5412
3 5368 5369 5413
3 5369 5414 5413
3 5369 5370 5414
3 5370 5415 5414
3 5370 5371 5415
3 5371 5416 5415
3 5371 5372 5416
3 5372 5417 5416
3 5372 5373 5417
3 5373 5418 5417
3 5373 5374 5418
3 5374 5375 5418
3 5418 5375 5419
3 5375 5420 5419
3 5375 5376 5420
3 5376 5421 5420
3 5376 5377 5421
3 5377 5422 5421
3 5377 5378 5422
3 5378 5423 5422
3 5378 5379 5423
3 5379 5424 5423
3 5379 5380 5424
3 5380 5425 5424
3 5380 5381 5425
3 126 5426 128
3 126 5393 5426
3 5393 5427 5426
3 5393 5394 5427
3 5394 5428 5427
3 5394 5395 5428
3 5395 5429 5428
3 5395 5396 5429
3 5396 5430 5429
3 5396 5397 5430
3 5397 5398 5430
3 5430 5398 5431
3 5398 5432 5431
3 5398 5399 5432
3 5399 5433 5432
3 5399 5400 5433
3 5400 5434 5433
3 5400 5401 5434
3 5401 5435 5434
3 5401 5402 5435
3 5402 5403 5435
3 5435 5403 5436
3 5403 5404 5436
3 5436 5404 5437
3 5404 5405 5437
3 5437 5405 5438
3 5405 5439 5438
3 5405 5406 5439
3 5406 5407 5439
3 5439 5407 5440
3 5407 5408 5440
3 5440 5408 5441
3 5408 5409 5441
3 5441 5409 5442
3 5409 5443 5442
3 5409 5410 5443
3 5410 5444 5443
3 5410 5411 5444
3 5411 5445 5444
3 5411 5412 5445
3 5412 5446 5445
3 5412 5413 5446
3 5413 5447 5446
3 5413 5414 5447
3 5414 5448 5447
3 5414 5415 5448
3 5415 5449 5448
3 5415 5416 5449
3 5416 5450 5449
3 5416 5417 5450
3 5417 5451 5450
3 5417 5418 5451
3 5418 5419 5451
3 5451 5419 5452
3 5419 5453 5452
3 5419 5420 5453
3 5420 5454 5453
3 5420 5421 5454
3 5421 5422 5455
3 128 5456 131
3 128 5426 5456
3 5426 5457 5456
3 5426 5427 5457
3 5427 5458 5457
3 5427 5428 5458
3 5428 5459 5458
3 5428 5429 5459
3 5429 5460 5459
3 5429 5430 5460
3 5430 5461 5460
3 5430 5431 5461
3 5431 5432 5461
3 5461 5432 5462
3 5432 5463 5462
3 5432 5433 5463
3 5433 5464 5463
3 5433 5434 5464
3 5434 5465 5464
3 5434 5435 5465
3 5435 5436 5465
3 5465 5436 5466
3 5436 5437 5466
3 5466 5437 5467
3 5437 5438 5467
3 5467 5438 5468
3 5438 5439 5468
3 5468 5439 5469
3 5439 5440 5469
3 5469 5440 5470
3 5440 5441 5470
3 5470 5441 5471
3 5441 5442 5471
3 5471 5442 5472
3 5442 5473 5472
3 5442 5443 5473
3 5443 5474 5473
3 5443 5444 5474
3 5444 5475 5474
3 5444 5445 5475
3 5445 5476 5475
3 5445 5446 5476
3 5446 5477 5476
3 5446 5447 5477
3 5447 5478 5477
3 5447 5448 5478
3 5448 5479 5478
3 5448 5449 5479
3 5449 5480 5479
3 5449 5450 5480
3 5450 5481 5480
3 5450 5451 5481
3 131 5482 132
3 131 5456 5482
3 5456 5483 5482
3 5456 5457 5483
3 5457 5484 5483
3 5457 5458 5484
3 5458 5485 5484
3 5458 5459 5485
3 5459 5486 5485
3 5459 5460 5486
3 5460 5487 5486
3 5460 5461 5487
3 5461 5488 5487
3 5461 5462 5488
3 5462 5463 5488
3 5488 5463 5489
3 5463 5490 5489
3 5463 5464 5490
3 5464 5491 5490
3 5464 5465 5491
3 5465 5466 5491
3 5491 5466 5492
3 5466 5467 5492
3 5492 5467 5493
3 5467 5468 5493
3 5493 5468 5494
3 5468 5469 5494
3 5494 5469 5495
3 5469 5470 5495
3 5495 5470 5496
3 5470 5471 5496
3 5496 5471 5497
3 5471 5472 5497
3 5497 5472 5498
3 5472 5473 5498
3 5498 5473 5499
3 5473 5474 5499
3 5499 5474 5500
3 5474 5475 5501
3 132 5502 135
3 132 5482 5502
3 5482 5503 5502
3 5482 5483 5503
3 5483 5504 5503
3 5483 5484 5504
3 5484 5505 5504
3 5484 5485 5505
3 5485 5506 5505
3 5485 5486 5506
3 5486 5507 5506
3 5486 5487 5507
3 5487 5508 5507
3 5487 5488 5508
3 5488 5509 5508
3 5488 5489 5509
3 5489 5510 5509
3 5489 5490 5510
3 5490 5511 5510
3 5490 5491 5511
3 5491 5492 5511
3 5511 5492 5512
3 5492 5493 5512
3 5512 5493 5513
3 5493 5494 5513
3 5513 5494 5514
3 5494 5515 5514
3 5494 5495 5515
3 5495 5496 5515
3 5515 5496 5516
3 5496 5497 5516
3 5516 5497 5517
3 5497 5498 5517
3 5517 5498 5518
3 5498 5499 5518
3 135 5519 137
3 135 5502 5519
3 5502 5520 5519
3 5502 5503 5520
3 5503 5521 5520
3 5503 5504 5521
3 5504 5522 5521
3 5504 5505 5522
3 5505 5523 5522
3 5505 5506 5523
3 5506 5524 5523
3 5506 5507 5524
3 5507 5525 5524
3 5507 5508 5525
3 5508 5526 5525
3 5508 5509 5526
3 5509 5527 5526
3 5509 5510 5527
3 5510 5528 5527
3 5510 5511 5528
3 5511 5512 5528
3 5528 5512 5529
3 5512 5513 5529
3 5529 5513 5530
3 5513 5531 5530
3 5513 5514 5531
3 5514 5532 5531
3 5514 5515 5532
3 5515 5516 5532
3 5532 5516 5533
3 5516 5517 5533
3 137 5534 139
3 137 5519 5534
3 5519 5535 5534
3 5519 5520 5535
3 5520 5536 5535
3 5520 5521 5536
3 5521 5537 5536
3 5521 5522 5537
3 5522 5538 5537
3 5522 5523 5538
3 5523 5539 5538
3 5523 5524 5539
3 5524 5540 5539
3 5524 5525 5540
3 5525 5541 5540
3 5525 5526 5541
3 5526 5542 5541
3 5526 5527 5542
3 5527 5543 5542
3 5527 5528 5543
3 5528 5529 5543
3 5543 5529 5544
3 5529 5530 5544
3 5544 5530 5545
3 5530 5531 5545
3 5545 5531 5546
3 5531 5532 5546
3 139 5547 141
3 139 5534 5547
3 5534 5548 5547
3 5534 5535 5548
3 5535 5549 5548
3 5535 5536 5549
3 5536 5550 5549
3 5536 5537 5550
3 5537 5551 5550
3 5537 5538 5551
3 5538 5552 5551
3 5538 5539 5552
3 5539 5553 5552
3 5539 5540 5553
3 5540 5554 5553
3 5540 5541 5554
3 5541 5555 5554
3 5541 5542 5555
3 5542 5556 5555
3 5542 5543 5556
3 5543 5544 5556
3 5556 5544 5557
3 5544 5545 5557
3 5557 5545 5558
3 5545 5546 5558
3 141 5559 142
3 141 5547 5559
3 5547 5560 5559
3 5547 5548 5560
3 5548 5561 5560
3 5548 5549 5561
3 5549 5562 5561
3 5549 5550 5562
3 5550 5563 5562
3 5550 5551 5563
3 5551 5564 5563
3 5551 5552 5564
3 5552 5553 5564
3 5564 5553 5565
3 5553 5554 5565
3 5565 5554 5566
3 5554 5555 5566
3 5566 5555 5567
3 5555 5568 5567
3 5555 5556 5568
3 5556 5557 5568
3 5568 5557 5569
3 5557 5558 5569
3 142 5570 144
3 142 5559 5570
3 5559 5571 5570
3 5559 5560 5571
3 5560 5572 5571
3 5560 5561 5572
3 5561 5573 5572
3 5561 5562 5573
3 5562 5574 5573
3 5562 5563 5574
3 5563 5575 5574
3 5563 5564 5575
3 5564 5565 5575
3 5575 5565 5576
3 5565 5566 5576
3 5576 5566 5577
3 5566 5567 5577
3 5577 5567 5578
3 5567 5568 5578
3 144 5579 146
3 144 5570 5579
3 5570 5580 5579
3 5570 5571 5580
3 5571 5581 5580
3 5571 5572 5581
3 5572 5582 5581
3 5572 5573 5582
3 5573 5583 5582
3 5573 5574 5583
3 5574 5584 5583
3 5574 5575 5584
3 5575 5585 5584
3 5575 5576 5585
3 5576 5586 5585
3 5576 5577 5586
3 146 5587 148
3 146 5579 5587
3 5579 5588 5587
3 5579 5580 5588
3 5580 5589 5588
3 5580 5581 5589
3 5581 5590 5589
3 5581 5582 5590
3 5582 5591 5590
3 5582 5583 5591
3 5583 5592 5591
3 5583 5584 5592
3 148 5593 150
3 148 5587 5593
3 5587 5594 5593
3 5587 5588 5594
3 5588 5595 5594
3 5588 5589 5595
3 5589 5596 5595
3 5589 5590 5596
3 150 5597 152
3 150 5593 5597
3 5593 5598 5597
3 5593 5594 5598
3 5599 5600 5601
3 5602 5599 5603
3 5599 5601 5603
3 5603 5601 5604
3 5601 5605 5604
3 5604 5605 5606
3 5602 5603 5607
3 5607 5603 5608
3 5603 5604 5608
3 5608 5604 5609
3 5604 5606 5609
3 5609 5606 5610
3 5606 5611 5610
3 5610 5611 5612
3 5607 5608 5613
3 5613 5608 5614
3 5608 5609 5614
3 5614 5609 5615
3 5609 5610 5615
3 5615 5610 5616
3 5610 5612 5616
3 5616 5612 5617
3 5612 5618 5617
3 5617 5618 5619
3 1260 5613 5620
3 5613 5614 5620
3 5620 5614 5621
3 5614 5615 5621
3 5621 5615 5622
3 5615 5616 5622
3 5622 5616 5623
3 5616 5617 5623
3 5623 5617 5624
3 5617 5619 5624
3 5624 5619 5625
3 5619 5626 5625
3 5625 5626 5627
3 1260 5620 1257
3 1257 5620 5628
3 5620 5621 5628
3 5628 5621 5629
3 5621 5622 5629
3 5629 5622 5630
3 5622 5623 5630
3 5630 5623 5631
3 5623 5624 5631
3 5631 5624 5632
3 5624 5625 5632
3 5632 5625 5633
3 5625 5627 5633
3 5633 5627 5634
3 5627 5635 5634
3 5634 5635 5636
3 5635 5637 5636
3 5636 5637 5638
3 1257 5628 1253
3 1253 5628 5639
3 5628 5629 5639
3 5639 5629 5640
3 5629 5630 5640
3 5640 5630 5641
3 5630 5631 5641
3 5641 5631 5642
3 5631 5632 5642
3 5642 5632 5643
3 5632 5633 5643
3 5643 5633 5644
3 5633 5634 5644
3 5644 5634 5645
3 5634 5636 5645
3 5645 5636 5646
3 5636 5638 5646
3 5646 5638 5647
3 5638 5648 5647
3 5647 5648 5649
3 1253 5639 1248
3 1248 5639 5650
3 5639 5640 5650
3 5650 5640 5651
3 5640 5641 5651
3 5651 5641 5652
3 5641 5642 5652
3 5652 5642 5653
3 5642 5643 5653
3 5653 5643 5654
3 5643 5644 5654
3 5654 5644 5655
3 5644 5645 5655
3 5655 5645 5656
3 5645 5646 5656
3 5656 5646 5657
3 5646 5647 5657
3 5657 5647 5658
3 5647 5649 5658
3 5658 5649 5659
3 5649 5660 5659
3 5659 5660 5661
3 5660 5662 5661
3 5661 5662 5663
3 1248 5650 1242
3 1242 5650 5664
3 5650 5651 5664
3 5664 5651 5665
3 5651 5652 5665
3 5665 5652 5666
3 5652 5653 5666
3 5666 5653 5667
3 5653 5654 5667
3 5667 5654 5668
3 5654 5655 5668
3 5668 5655 5669
3 5655 5656 5669
3 5669 5656 5670
3 5656 5657 5670
3 5670 5657 5671
3 5657 5658 5671
3 5671 5658 5672
3 5658 5659 5672
3 5672 5659 5673
3 5659 5661 5673
3 5673 5661 5674
3 5661 5663 5674
3 5674 5663 5675
3 5663 5676 5675
3 5675 5676 5677
3 5676 5678 5677
3 1242 5664 1234
3 1234 5664 5679
3 5664 5665 5679
3 5679 5665 5680
3 5665 5666 5680
3 5680 5666 5681
3 5666 5667 5681
3 5681 5667 5682
3 5667 5668 5682
3 5682 5668 5683
3 5668 5669 5683
3 5683 5669 5684
3 5669 5670 5684
3 5684 5670 5685
3 5670 5671 5685
3 5685 5671 5686
3 5671 5672 5686
3 5686 5672 5687
3 5672 5673 5687
3 5687 5673 5688
3 5673 5674 5688
3 5688 5674 5689
3 5674 5675 5689
3 5689 5675 5690
3 5675 5677 5690
3 5690 5677 5691
3 5677 5692 5691
3 5691 5692 5693
3 5693 5694 5695
3 1234 5679 1225
3 1225 5679 5696
3 5679 5680 5696
3 5696 5680 5697
3 5680 5681 5697
3 5697 5681 5698
3 5681 5682 5698
3 5698 5682 5699
3 5682 5683 5699
3 5699 5683 5700
3 5683 5684 5700
3 5700 5684 5701
3 5684 5685 5701
3 5701 5685 5702
3 5685 5686 5702
3 5702 5686 5703
3 5686 5687 5703
3 5703 5687 5704
3 5687 5688 5704
3 5704 5688 5705
3 5688 5689 5705
3 5705 5689 5706
3 5689 5690 5706
3 5706 5690 5707
3 5690 5691 5707
3 5707 5691 5708
3 5691 5693 5708
3 5708 5693 5709
3 5693 5695 5709
3 5709 5695 5710
3 5695 5711 5710
3 5710 5711 5712
3 1225 5696 1214
3 1214 5696 5713
3 5696 5697 5713
3 5713 5697 5714
3 5697 5698 5714
3 5714 5698 5715
3 5698 5699 5715
3 5715 5699 5716
3 5699 5700 5716
3 5716 5700 5717
3 5700 5701 5717
3 5717 5701 5718
3 5701 5702 5718
3 5718 5702 5719
3 5702 5703 5719
3 5719 5703 5720
3 5703 5704 5720
3 5720 5704 5721
3 5704 5705 5721
3 5721 5705 5722
3 5705 5706 5722
3 5722 5706 5723
3 5706 5707 5723
3 5723 5707 5724
3 5707 5725 5724
3 5707 5708 5725
3 5708 5726 5725
3 5708 5709 5726
3 5709 5727 5726
3 5709 5710 5727
3 5710 5728 5727
3 5710 5712 5728
3 5712 5729 5728
3 1214 5713 1202
3 1202 5713 5730
3 5713 5714 5730
3 5730 5714 5731
3 5714 5715 5731
3 5731 5715 5732
3 5715 5716 5732
3 5732 5716 5733
3 5716 5717 5733
3 5733 5717 5734
3 5717 5718 5734
3 5734 5718 5735
3 5718 5719 5735
3 5735 5719 5736
3 5719 5720 5736
3 5736 5720 5737
3 5720 5721 5737
3 5737 5721 5738
3 5721 5722 5738
3 5738 5722 5739
3 5722 5723 5739
3 5739 5723 5740
3 5723 5724 5740
3 5740 5724 5741
3 5724 5725 5741
3 5741 5725 5742
3 5725 5743 5742
3 5725 5726 5743
3 5726 5744 5743
3 5726 5727 5744
3 5727 5745 5744
3 5727 5728 5745
3 5728 5746 5745
3 5728 5729 5746
3 5729 5747 5746
3 5746 5747 5748
3 5747 5749 5748
3 5748 5749 5750
3 1202 5730 1189
3 1189 5730 5751
3 5730 5731 5751
3 5751 5731 5752
3 5731 5732 5752
3 5752 5732 5753
3 5732 5733 5753
3 5753 5733 5754
3 5733 5734 5754
3 5754 5734 5755
3 5734 5735 5755
3 5755 5735 5756
3 5735 5736 5756
3 5756 5736 5757
3 5736 5737 5757
3 5757 5737 5758
3 5737 5738 5758
3 5758 5738 5759
3 5738 5739 5759
3 5759 5739 5760
3 5739 5740 5760
3 5760 5740 5761
3 5740 5741 5761
3 5761 5741 5762
3 5741 5742 5762
3 5762 5742 5763
3 5742 5743 5763
3 5763 5743 5764
3 5743 5744 5764
3 5764 5744 5765
3 5744 5745 5765
3 5765 5745 5766
3 5745 5746 5766
3 5766 5746 5767
3 5746 5748 5767
3 5767 5748 5768
3 5748 5750 5768
3 5768 5750 5769
3 5750 5770 5769
3 5769 5770 5771
3 5770 5772 5771
3 5771 5772 5773
3 1189 5751 1175
3 1175 5751 5774
3 5751 5752 5774
3 5774 5752 5775
3 5752 5753 5775
3 5775 5753 5776
3 5753 5754 5776
3 5776 5754 5777
3 5754 5755 5777
3 5777 5755 5778
3 5755 5756 5778
3 5778 5756 5779
3 5756 5757 5779
3 5779 5757 5780
3 5757 5758 5780
3 5780 5758 5781
3 5758 5759 5781
3 5781 5759 5782
3 5759 5760 5782
3 5782 5760 5783
3 5760 5761 5783
3 5783 5761 5784
3 5761 5762 5784
3 5784 5762 5785
3 5762 5763 5785
3 5785 5763 5786
3 5763 5764 5786
3 5786 5764 5787
3 5764 5765 5787
3 5787 5765 5788
3 5765 5766 5788
3 5788 5766 5789
3 5766 5767 5789
3 5789 5767 5790
3 5767 5768 5790
3 5790 5768 5791
3 5768 5769 5791
3 5791 5769 5792
3 5769 5771 5792
3 5792 5771 5793
3 5771 5773 5793
3 5793 5773 5794
3 5773 5795 5794
3 5794 5795 5796
3 1175 5774 1160
3 1160 5774 5797
3 5774 5775 5797
3 5797 5775 5798
3 5775 5776 5798
3 5798 5776 5799
3 5776 5777 5799
3 5799 5777 5800
3 5777 5778 5800
3 5800 5778 5801
3 5778 5779 5801
3 5801 5779 5802
3 5779 5780 5802
3 5802 5780 5803
3 5780 5781 5803
3 5803 5781 5804
3 5781 5782 5804
3 5804 5782 5805
3 5782 5783 5805
3 5805 5783 5806
3 5783 5784 5806
3 5806 5784 5807
3 5784 5785 5807
3 5807 5785 5808
3 5785 5786 5808
3 5808 5786 5809
3 5786 5787 5809
3 5809 5787 5810
3 5787 5788 5810
3 5810 5788 5811
3 5788 5789 5811
3 5811 5789 5812
3 5789 5790 5812
3 5812 5790 5813
3 5790 5791 5813
3 5813 5791 5814
3 5791 5792 5814
3 5814 5792 5815
3 5792 5793 5815
3 5815 5793 5816
3 5793 5794 5816
3 5816 5794 5817
3 5794 5796 5817
3 5817 5796 5818
3 5796 5819 5818
3 5818 5819 5820
3 1160 5797 1144
3 1144 5797 5821
3 5797 5798 5821
3 5821 5798 5822
3 5798 5799 5822
3 5822 5799 5823
3 5799 5800 5823
3 5823 5800 5824
3 5800 5801 5824
3 5824 5801 5825
3 5801 5802 5825
3 5825 5802 5826
3 5802 5803 5826
3 5826 5803 5827
3 5803 5804 5827
3 5827 5804 5828
3 5804 5805 5828
3 5828 5805 5829
3 5805 5806 5829
3 5829 5806 5830
3 5806 5807 5830
3 5830 5807 5831
3 5807 5808 5831
3 5831 5808 5832
3 5808 5809 5832
3 5832 5809 5833
3 5809 5810 5833
3 5833 5810 5834
3 5810 5811 5834
3 5834 5811 5835
3 5811 5812 5835
3 5835 5812 5836
3 5812 5813 5836
3 5836 5813 5837
3 5813 5814 5837
3 5837 5814 5838
3 5814 5815 5838
3 5838 5815 5839
3 5815 5816 5839
3 5839 5816 5840
3 5816 5817 5840
3 5840 5817 5841
3 5817 5818 5841
3 5841 5818 5842
3 5818 5820 5842
3 5842 5820 5843
3 5820 5844 5843
3 5843 5844 5845
3 5844 5846 5845
3 1144 5821 1127
3 1127 5821 5847
3 5821 5822 5847
3 5847 5822 5848
3 5822 5823 5848
3 5848 5823 5849
3 5823 5824 5849
3 5849 5824 5850
3 5824 5825 5850
3 5850 5825 5851
3 5825 5826 5851
3 5851 5826 5852
3 5826 5827 5852
3 5852 5827 5853
3 5827 5828 5853
3 5853 5828 5854
3 5828 5829 5854
3 5854 5829 5855
3 5829 5830 5855
3 5855 5830 5856
3 5830 5831 5856
3 5856 5831 5857
3 5831 5832 5857
3 5857 5832 5858
3 5832 5833 5858
3 5858 5833 5859
3 5833 5834 5859
3 5859 5834 5860
3 5834 5835 5860
3 5860 5835 5861
3 5835 5836 5861
3 5861 5836 5862
3 5836 5837 5862
3 5862 5837 5863
3 5837 5838 5863
3 5863 5838 5864
3 5838 5839 5864
3 5864 5839 5865
3 5839 5840 5865
3 5865 5840 5866
3 5840 5841 5866
3 5866 5841 5867
3 5841 5842 5867
3 5867 5842 5868
3 5842 5843 5868
3 5868 5843 5869
3 5843 5845 5869
3 5869 5845 5870
3 5845 5871 5870
3 5870 5871 5872
3 5871 5873 5872
3 5872 5873 5874
3 1127 5847 1109
3 1109 5847 5875
3 5847 5848 5875
3 5875 5848 5876
3 5848 5849 5876
3 5876 5849 5877
3 5849 5850 5877
3 5877 5850 5878
3 5850 5851 5878
3 5878 5851 5879
3 5851 5852 5879
3 5879 5852 5880
3 5852 5853 5880
3 5880 5853 5881
3 5853 5854 5881
3 5881 5854 5882
3 5854 5855 5882
3 5882 5855 5883
3 5855 5856 5883
3 5883 5856 5884
3 5856 5857 5884
3 5884 5857 5885
3 5857 5858 5885
3 5885 5858 5886
3 5858 5859 5886
3 5886 5859 5887
3 5859 5860 5887
3 5887 5860 5888
3 5860 5861 5888
3 5888 5861 5889
3 5861 5862 5889
3 5889 5862 5890
3 5862 5863 5890
3 5890 5863 5891
3 5863 5864 5891
3 5891 5864 5892
3 5864 5865 5892
3 5892 5865 5893
3 5865 5866 5893
3 5893 5866 5894
3 5866 5867 5894
3 5894 5867 5895
3 5867 5868 5895
3 5895 5868 5896
3 5868 5869 5896
3 5896 5869 5897
3 5869 5870 5897
3 5897 5870 5898
3 5870 5872 5898
3 5898 5872 5899
3 5872 5874 5899
3 5899 5874 5900
3 5874 5901 5900
3 5900 5901 5902
3 5902 5903 5904
3 1109 5875 1090
3 1090 5875 5905
3 5875 5876 5905
3 5905 5876 5906
3 5876 5877 5906
3 5906 5877 5907
3 5877 5878 5907
3 5907 5878 5908
3 5878 5879 5908
3 5908 5879 5909
3 5879 5880 5909
3 5909 5880 5910
3 5880 5881 5910
3 5910 5881 5911
3 5881 5882 5911
3 5911 5882 5912
3 5882 5883 5912
3 5912 5883 5913
3 5883 5884 5913
3 5913 5884 5914
3 5884 5885 5914
3 5914 5885 5915
3 5885 5886 5915
3 5915 5886 5916
3 5886 5887 5916
3 5916 5887 5917
3 5887 5888 5917
3 5917 5888 5918
3 5888 5889 5918
3 5918 5889 5919
3 5889 5890 5919
3 5919 5890 5920
3 5890 5891 5920
3 5920 5891 5921
3 5891 5892 5921
3 5921 5892 5922
3 5892 5893 5922
3 5922 5893 5923
3 5893 5894 5923
3 5923 5894 5924
3 5894 5895 5924
3 5924 5895 5925
3 5895 5896 5925
3 5925 5896 5926
3 5896 5897 5926
3 5926 5897 5927
3 5897 5898 5927
3 5927 5898 5928
3 5898 5899 5928
3 5928 5899 5929
3 5899 5900 5929
3 5929 5900 5930
3 5900 5902 5930
3 5930 5902 5931
3 5902 5904 5931
3 5931 5904 5932
3 5904 5933 5932
3 5932 5933 5934
3 5933 5935 5934
3 5934 5935 5936
3 5935 5937 5936
3 5936 5937 5938
3 1090 5905 1070
3 1070 5905 5939
3 5905 5906 5939
3 5939 5906 5940
3 5906 5907 5940
3 5940 5907 5941
3 5907 5908 5941
3 5941 5908 5942
3 5908 5909 5942
3 5942 5909 5943
3 5909 5910 5943
3 5943 5910 5944
3 5910 5911 5944
3 5944 5911 5945
3 5911 5912 5945
3 5945 5912 5946
3 5912 5913 5946
3 5946 5913 5947
3 5913 5914 5947
3 5947 5914 5948
3 5914 5915 5948
3 5948 5915 5949
3 5915 5916 5949
3 5949 5916 5950
3 5916 5917 5950
3 5950 5917 5951
3 5917 5918 5951
3 5951 5918 5952
3 5918 5919 5952
3 5952 5919 5953
3 5919 5920 5953
3 5953 5920 5954
3 5920 5921 5954
3 5954 5921 5955
3 5921 5922 5955
3 5955 5922 5956
3 5922 5923 5956
3 5956 5923 5957
3 5923 5924 5957
3 5957 5924 5958
3 5924 5925 5958
3 5958 5925 5959
3 5925 5926 5959
3 5959 5926 5960
3 5926 5927 5960
3 5960 5927 5961
3 5927 5928 5961
3 5961 5928 5962
3 5928 5929 5962
3 5962 5929 5963
3 5929 5930 5963
3 5963 5930 5964
3 5930 5931 5964
3 5964 5931 5965
3 5931 5932 5965
3 5965 5932 5966
3 5932 5934 5966
3 5966 5934 5967
3 5934 5936 5967
3 5967 5936 5968
3 5936 5938 5968
3 5968 5938 5969
3 5938 5970 5969
3 5969 5970 5971
3 5970 5972 5971
3 5971 5972 5973
3 1070 5939 1048
3 1048 5939 5974
3 5939 5940 5974
3 5974 5940 5975
3 5940 5941 5975
3 5975 5941 5976
3 5941 5942 5976
3 5976 5942 5977
3 5942 5943 5977
3 5977 5943 5978
3 5943 5944 5978
3 5978 5944 5979
3 5944 5945 5979
3 5979 5945 5980
3 5945 5946 5980
3 5980 5946 5981
3 5946 5947 5981
3 5981 5947 5982
3 5947 5948 5982
3 5982 5948 5983
3 5948 5949 5983
3 5983 5949 5984
3 5949 5950 5984
3 5984 5950 5985
3 5950 5951 5985
3 5985 5951 5986
3 5951 5952 5986
3 5986 5952 5987
3 5952 5953 5987
3 5987 5953 5988
3 5953 5954 5988
3 5988 5954 5989
3 5954 5955 5989
3 5989 5955 5990
3 5955 5956 5990
3 5990 5956 5991
3 5956 5957 5991
3 5991 5957 5992
3 5957 5958 5992
3 5992 5958 5993
3 5958 5959 5993
3 5993 5959 5994
3 5959 5960 5994
3 5994 5960 5995
3 5960 5961 5995
3 5995 5961 5996
3 5961 5962 5996
3 5996 5962 5997
3 5962 5963 5997
3 5997 5963 5998
3 5963 5964 5998
3 5998 5964 5999
3 5964 5965 5999
3 5999 5965 6000
3 5965 5966 6000
3 6000 5966 6001
3 5966 5967 6001
3 6001 5967 6002
3 5967 5968 6002
3 6002 5968 6003
3 5968 5969 6003
3 6003 5969 6004
3 5969 5971 6004
3 6004 5971 6005
3 5971 5973 6005
3 6005 5973 6006
3 5973 6007 6006
3 6006 6007 6008
3 1048 5974 1024
3 1024 5974 6009
3 5974 5975 6009
3 6009 5975 6010
3 5975 5976 6010
3 6010 5976 6011
3 5976 5977 6011
3 6011 5977 6012
3 5977 5978 6012
3 6012 5978 6013
3 5978 5979 6013
3 6013 5979 6014
3 5979 5980 6014
3 6014 5980 6015
3 5980 5981 6015
3 6015 5981 6016
3 5981 5982 6016
3 6016 5982 6017
3 5982 5983 6017
3 6017 5983 6018
3 5983 5984 6018
3 6018 5984 6019
3 5984 5985 6019
3 6019 5985 6020
3 5985 5986 6020
3 6020 5986 6021
3 5986 5987 6021
3 6021 5987 6022
3 5987 5988 6022
3 6022 5988 6023
3 5988 5989 6023
3 6023 5989 6024
3 5989 5990 6024
3 6024 5990 6025
3 5990 5991 6025
3 6025 5991 6026
3 5991 5992 6026
3 6026 5992 6027
3 5992 5993 6027
3 6027 5993 6028
3 5993 5994 6028
3 6028 5994 6029
3 5994 5995 6029
3 6029 5995 6030
3 5995 5996 6030
3 6030 5996 6031
3 5996 5997 6031
3 6031 5997 6032
3 5997 5998 6032
3 6032 5998 6033
3 5998 5999 6033
3 6033 5999 6034
3 5999 6000 6034
3 6034 6000 6035
3 6000 6001 6035
3 6035 6001 6036
3 6001 6002 6036
3 6036 6002 6037
3 6002 6003 6037
3 6037 6003 6038
3 6003 6004 6038
3 6038 6004 6039
3 6004 6005 6039
3 6039 6005 6040
3 6005 6006 6040
3 6040 6006 6041
3 6006 6008 6041
3 6041 6008 6042
3 6008 6043 6042
3 6042 6043 6044
3 6043 6045 6044
3 6044 6045 6046
3 1024 6009 996
3 996 6009 6047
3 6009 6010 6047
3 6047 6010 6048
3 6010 6011 6048
3 6048 6011 6049
3 6011 6012 6049
3 6049 6012 6050
3 6012 6013 6050
3 6050 6013 6051
3 6013 6014 6051
3 6051 6014 6052
3 6014 6015 6052
3 6052 6015 6053
3 6015 6016 6053
3 6053 6016 6054
3 6016 6017 6054
3 6054 6017 6055
3 6017 6018 6055
3 6055 6018 6056
3 6018 6019 6056
3 6056 6019 6057
3 6019 6020 6057
3 6057 6020 6058
3 6020 6021 6058
3 6058 6021 6059
3 6021 6022 6059
3 6059 6022 6060
3 6022 6023 6060
3 6060 6023 6061
3 6023 6024 6061
3 6061 6024 6062
3 6024 6025 6062
3 6062 6025 6063
3 6025 6026 6063
3 6063 6026 6064
3 6026 6027 6064
3 6064 6027 6065
3 6027 6028 6065
3 6065 6028 6066
3 6028 6029 6066
3 6066 6029 6067
3 6029 6030 6067
3 6067 6030 6068
3 6030 6031 6068
3 6068 6031 6069
3 6031 6032 6069
3 6069 6032 6070
3 6032 6033 6070
3 6070 6033 6071
3 6033 6034 6071
3 6071 6034 6072
3 6034 6035 6072
3 6072 6035 6073
3 6035 6036 6073
3 6073 6036 6074
3 6036 6037 6074
3 6074 6037 6075
3 6037 6038 6075
3 6075 6038 6076
3 6038 6039 6076
3 6076 6039 6077
3 6039 6040 6077
3 6077 6040 6078
3 6040 6041 6078
3 6078 6041 6079
3 6041 6042 6079
3 6079 6042 6080
3 6042 6044 6080
3 6080 6044 6081
3 6044 6046 6081
3 6081 6046 6082
3 6046 6083 6082
3 6082 6083 6084
3 6083 6085 6084
3 6084 6085 6086
3 996 6047 965
3 965 6047 6087
3 6047 6048 6087
3 6087 6048 6088
3 6048 6049 6088
3 6088 6049 6089
3 6049 6050 6089
3 6089 6050 6090
3 6050 6051 6090
3 6090 6051 6091
3 6051 6052 6091
3 6091 6052 6092
3 6052 6053 6092
3 6092 6053 6093
3 6053 6054 6093
3 6093 6054 6094
3 6054 6055 6094
3 6094 6055 6095
3 6055 6056 6095
3 6095 6056 6096
3 6056 6057 6096
3 6096 6057 6097
3 6057 6058 6097
3 6097 6058 6098
3 6058 6059 6098
3 6098 6059 6099
3 6059 6060 6099
3 6099 6060 6100
3 6060 6061 6100
3 6100 6061 6101
3 6061 6062 6101
3 6101 6062 6102
3 6062 6063 6102
3 6102 6063 6103
3 6063 6064 6103
3 6103 6064 6104
3 6064 6065 6104
3 6104 6065 6105
3 6065 6066 6105
3 6105 6066 6106
3 6066 6067 6106
3 6106 6067 6107
3 6067 6068 6107
3 6107 6068 6108
3 6068 6069 6108
3 6108 6069 6109
3 6069 6070 6109
3 6109 6070 6110
3 6070 6071 6110
3 6110 6071 6111
3 6071 6072 6111
3 6111 6072 6112
3 6072 6073 6112
3 6112 6073 6113
3 6073 6074 6113
3 6113 6074 6114
3 6074 6075 6114
3 6114 6075 6115
3 6075 6076 6115
3 6115 6076 6116
3 6076 6077 6116
3 6116 6077 6117
3 6077 6078 6117
3 6117 6078 6118
3 6078 6079 6118
3 6118 6079 6119
3 6079 6080 6119
3 6119 6080 6120
3 6080 6081 6120
3 6120 6081 6121
3 6081 6082 6121
3 6121 6082 6122
3 6082 6084 6122
3 6122 6084 6123
3 6084 6086 6123
3 6123 6086 6124
3 6086 6125 6124
3 6124 6125 6126
3 6125 6127 6126
3 6126 6127 6128
3 965 6087 931
3 931 6087 6129
3 6087 6088 6129
3 6129 6088 6130
3 6088 6089 6130
3 6130 6089 6131
3 6089 6090 6131
3 6131 6090 6132
3 6090 6091 6132
3 6132 6091 6133
3 6091 6092 6133
3 6133 6092 6134
3 6092 6093 6134
3 6134 6093 6135
3 6093 6094 6135
3 6135 6094 6136
3 6094 6095 6136
3 6136 6095 6137
3 6095 6096 6137
3 6137 6096 6138
3 6096 6097 6138
3 6138 6097 6139
3 6097 6098 6139
3 6139 6098 6140
3 6098 6099 6140
3 6140 6099 6141
3 6099 6100 6141
3 6141 6100 6142
3 6100 6101 6142
3 6142 6101 6143
3 6101 6102 6143
3 6143 6102 6144
3 6102 6103 6144
3 6144 6103 6145
3 6103 6104 6145
3 6145 6104 6146
3 6104 6105 6146
3 6146 6105 6147
3 6105 6106 6147
3 6147 6106 6148
3 6106 6107 6148
3 6148 6107 6149
3 6107 6108 6149
3 6149 6108 6150
3 6108 6109 6150
3 6150 6109 6151
3 6109 6110 6151
3 6151 6110 6152
3 6110 6111 6152
3 6152 6111 6153
3 6111 6112 6153
3 6153 6112 6154
3 6112 6113 6154
3 6154 6113 6155
3 6113 6114 6155
3 6155 6114 6156
3 6114 6115 6156
3 6156 6115 6157
3 6115 6116 6157
3 6157 6116 6158
3 6116 6117 6158
3 6158 6117 6159
3 6117 6118 6159
3 6159 6118 6160
3 6118 6119 6160
3 6160 6119 6161
3 6119 6162 6161
3 6119 6120 6162
3 6120 6121 6162
3 6162 6121 6163
3 6121 6122 6163
3 6163 6122 6164
3 6122 6123 6164
3 6164 6123 6165
3 6123 6124 6165
3 6165 6124 6166
3 6124 6126 6166
3 6166 6126 6167
3 6126 6128 6167
3 6167 6128 6168
3 6128 6169 6168
3 6168 6169 6170
3 6169 6171 6170
3 6170 6171 6172
3 6171 6173 6172
3 6172 6173 6174
3 6174 6175 6176
3 931 6129 893
3 893 6129 6177
3 6129 6130 6177
3 6177 6130 6178
3 6130 6131 6178
3 6178 6131 6179
3 6131 6132 6179
3 6179 6132 6180
3 6132 6133 6180
3 6180 6133 6181
3 6133 6134 6181
3 6181 6134 6182
3 6134 6135 6182
3 6182 6135 6183
3 6135 6136 6183
3 6183 6136 6184
3 6136 6137 6184
3 6184 6137 6185
3 6137 6138 6185
3 6185 6138 6186
3 6138 6139 6186
3 6186 6139 6187
3 6139 6140 6187
3 6187 6140 6188
3 6140 6141 6188
3 6188 6141 6189
3 6141 6142 6189
3 6189 6142 6190
3 6142 6143 6190
3 6190 6143 6191
3 6143 6144 6191
3 6191 6144 6192
3 6144 6145 6192
3 6192 6145 6193
3 6145 6146 6193
3 6193 6146 6194
3 6146 6147 6194
3 6194 6147 6195
3 6147 6148 6195
3 6195 6148 6196
3 6148 6149 6196
3 6196 6149 6197
3 6149 6150 6197
3 6197 6150 6198
3 6150 6151 6198
3 6198 6151 6199
3 6151 6152 6199
3 6199 6152 6200
3 6152 6153 6200
3 6200 6153 6201
3 6153 6154 6201
3 6201 6154 6202
3 6154 6155 6202
3 6202 6155 6203
3 6155 6156 6203
3 6203 6156 6204
3 6156 6157 6204
3 6204 6157 6205
3 6157 6158 6205
3 6205 6158 6206
3 6158 6159 6206
3 6206 6159 6207
3 6159 6160 6207
3 6207 6160 6208
3 6160 6209 6208
3 6160 6161 6209
3 6161 6210 6209
3 6161 6162 6210
3 6162 6211 6210
3 6162 6163 6211
3 6163 6164 6211
3 6211 6164 6212
3 6164 6165 6212
3 6212 6165 6213
3 6165 6166 6213
3 6213 6166 6214
3 6166 6167 6214
3 6214 6167 6215
3 6167 6168 6215
3 6215 6168 6216
3 6168 6170 6216
3 6216 6170 6217
3 6170 6172 6217
3 6217 6172 6218
3 6172 6174 6218
3 6218 6174 6219
3 6174 6176 6219
3 6219 6176 6220
3 6176 6221 6220
3 6220 6221 6222
3 6221 6223 6222
3 6222 6223 6224
3 6223 6225 6224
3 6224 6225 6226
3 893 6177 851
3 851 6177 6227
3 6177 6178 6227
3 6227 6178 6228
3 6178 6179 6228
3 6228 6179 6229
3 6179 6180 6229
3 6229 6180 6230
3 6180 6181 6230
3 6230 6181 6231
3 6181 6182 6231
3 6231 6182 6232
3 6182 6183 6232
3 6232 6183 6233
3 6183 6184 6233
3 6233 6184 6234
3 6184 6185 6234
3 6234 6185 6235
3 6185 6186 6235
3 6235 6186 6236
3 6186 6187 6236
3 6236 6187 6237
3 6187 6188 6237
3 6237 6188 6238
3 6188 6189 6238
3 6238 6189 6239
3 6189 6190 6239
3 6239 6190 6240
3 6190 6191 6240
3 6240 6191 6241
3 6191 6192 6241
3 6241 6192 6242
3 6192 6193 6242
3 6242 6193 6243
3 6193 6194 6243
3 6243 6194 6244
3 6194 6195 6244
3 6244 6195 6245
3 6195 6196 6245
3 6245 6196 6246
3 6196 6197 6246
3 6246 6197 6247
3 6197 6198 6247
3 6247 6198 6248
3 6198 6199 6248
3 6248 6199 6249
3 6199 6200 6249
3 6249 6200 6250
3 6200 6201 6250
3 6250 6201 6251
3 6201 6202 6251
3 6251 6202 6252
3 6202 6203 6252
3 6252 6203 6253
3 6203 6204 6253
3 6253 6204 6254
3 6204 6205 6254
3 6254 6205 6255
3 6205 6206 6255
3 6255 6206 6256
3 6206 6207 6256
3 6256 6207 6257
3 6207 6208 6257
3 6257 6208 6258
3 6208 6259 6258
3 6208 6209 6259
3 6209 6260 6259
3 6209 6210 6260
3 6210 6261 6260
3 6210 6211 6261
3 6211 6212 6261
3 6261 6212 6262
3 6212 6213 6262
3 6262 6213 6263
3 6213 6214 6263
3 6263 6214 6264
3 6214 6215 6264
3 6264 6215 6265
3 6215 6216 6265
3 6265 6216 6266
3 6216 6217 6266
3 6266 6217 6267
3 6217 6218 6267
3 6267 6218 6268
3 6218 6219 6268
3 6268 6219 6269
3 6219 6220 6269
3 6269 6220 6270
3 6220 6222 6270
3 6270 6222 6271
3 6222 6224 6271
3 6271 6224 6272
3 6224 6226 6272
3 6272 6226 6273
3 6226 6274 6273
3 6226 6275 6274
3 6275 6276 6274
3 851 6227 803
3 803 6227 6277
3 6227 6228 6277
3 6277 6228 6278
3 6228 6229 6278
3 6278 6229 6279
3 6229 6230 6279
3 6279 6230 6280
3 6230 6231 6280
3 6280 6231 6281
3 6231 6232 6281
3 6281 6232 6282
3 6232 6233 6282
3 6282 6233 6283
3 6233 6234 6283
3 6283 6234 6284
3 6234 6235 6284
3 6284 6235 6285
3 6235 6236 6285
3 6285 6236 6286
3 6236 6237 6286
3 6286 6237 6287
3 6237 6238 6287
3 6287 6238 6288
3 6238 6239 6288
3 6288 6239 6289
3 6239 6240 6289
3 6289 6240 6290
3 6240 6241 6290
3 6290 6241 6291
3 6241 6242 6291
3 6291 6242 6292
3 6242 6243 6292
3 6292 6243 6293
3 6243 6244 6293
3 6293 6244 6294
3 6244 6245 6294
3 6294 6245 6295
3 6245 6246 6295
3 6295 6246 6296
3 6246 6247 6296
3 6296 6247 6297
3 6247 6248 6297
3 6297 6248 6298
3 6248 6249 6298
3 6298 6249 6299
3 6249 6250 6299
3 6299 6250 6300
3 6250 6251 6300
3 6300 6251 6301
3 6251 6252 6301
3 6301 6252 6302
3 6252 6253 6302
3 6302 6253 6303
3 6253 6254 6303
3 6303 6254 6304
3 6254 6255 6304
3 6304 6255 6305
3 6255 6256 6305
3 6305 6256 6306
3 6256 6257 6306
3 6306 6257 6307
3 6257 6258 6307
3 6307 6258 6308
3 6258 6309 6308
3 6258 6259 6309
3 6259 6310 6309
3 6259 6260 6310
3 6260 6261 6310
3 6310 6261 6311
3 6261 6262 6311
3 6311 6262 6312
3 6262 6263 6312
3 6312 6263 6313
3 6263 6264 6313
3 6313 6264 6314
3 6264 6265 6314
3 6314 6265 6315
3 6265 6266 6315
3 6315 6266 6316
3 6266 6317 6316
3 6266 6267 6317
3 6267 6268 6317
3 6317 6268 6318
3 6268 6269 6318
3 6318 6269 6319
3 6269 6320 6319
3 6269 6270 6320
3 6270 6321 6320
3 6270 6271 6321
3 6271 6272 6321
3 6321 6272 6322
3 6272 6323 6322
3 6272 6273 6323
3 6273 6324 6323
3 6273 6274 6324
3 6274 6325 6324
3 6274 6276 6325
3 6276 6326 6325
3 6276 6327 6326
3 6327 6328 6326
3 803 6277 751
3 751 6277 6329
3 6277 6278 6329
3 6329 6278 6330
3 6278 6279 6330
3 6330 6279 6331
3 6279 6280 6331
3 6331 6280 6332
3 6280 6281 6332
3 6332 6281 6333
3 6281 6282 6333
3 6333 6282 6334
3 6282 6283 6334
3 6334 6283 6335
3 6283 6284 6335
3 6335 6284 6336
3 6284 6285 6336
3 6336 6285 6337
3 6285 6286 6337
3 6337 6286 6338
3 6286 6287 6338
3 6338 6287 6339
3 6287 6288 6339
3 6339 6288 6340
3 6288 6289 6340
3 6340 6289 6341
3 6289 6290 6341
3 6341 6290 6342
3 6290 6291 6342
3 6342 6291 6343
3 6291 6292 6343
3 6343 6292 6344
3 6292 6293 6344
3 6344 6293 6345
3 6293 6294 6345
3 6345 6294 6346
3 6294 6295 6346
3 6346 6295 6347
3 6295 6296 6347
3 6347 6296 6348
3 6296 6297 6348
3 6348 6297 6349
3 6297 6298 6349
3 6349 6298 6350
3 6298 6299 6350
3 6350 6299 6351
3 6299 6300 6351
3 6351 6300 6352
3 6300 6301 6352
3 6352 6301 6353
3 6301 6302 6353
3 6353 6302 6354
3 6302 6303 6354
3 6354 6303 6355
3 6303 6304 6355
3 6355 6304 6356
3 6304 6305 6356
3 6356 6305 6357
3 6305 6306 6357
3 6357 6306 6358
3 6306 6307 6358
3 6358 6307 6359
3 6307 6308 6359
3 6359 6308 6360
3 6308 6361 6360
3 6308 6309 6361
3 6309 6362 6361
3 6309 6310 6362
3 6310 6363 6362
3 6310 6311 6363
3 6311 6364 6363
3 6311 6312 6364
3 6312 6365 6364
3 6312 6313 6365
3 6313 6366 6365
3 6313 6314 6366
3 6314 6367 6366
3 6314 6315 6367
3 6315 6368 6367
3 6315 6316 6368
3 6316 6369 6368
3 6316 6317 6369
3 6317 6370 6369
3 6317 6318 6370
3 6318 6371 6370
3 6318 6319 6371
3 6319 6372 6371
3 6319 6320 6372
3 6320 6373 6372
3 6320 6321 6373
3 6321 6374 6373
3 6321 6322 6374
3 6322 6375 6374
3 6322 6323 6375
3 6323 6376 6375
3 6323 6324 6376
3 6324 6377 6376
3 6324 6325 6377
3 6325 6378 6377
3 6325 6326 6378
3 6326 6379 6378
3 6326 6328 6379
3 6328 6380 6379
3 6328 6381 6380
3 6381 6382 6380
3 6381 6383 6382
3 6383 6384 6382
3 6383 6385 6384
3 6385 6386 6384
3 751 6329 692
3 692 6329 6387
3 6329 6330 6387
3 6387 6330 6388
3 6330 6331 6388
3 6388 6331 6389
3 6331 6332 6389
3 6389 6332 6390
3 6332 6333 6390
3 6390 6333 6391
3 6333 6334 6391
3 6391 6334 6392
3 6334 6335 6392
3 6392 6335 6393
3 6335 6336 6393
3 6393 6336 6394
3 6336 6337 6394
3 6394 6337 6395
3 6337 6338 6395
3 6395 6338 6396
3 6338 6339 6396
3 6396 6339 6397
3 6339 6340 6397
3 6397 6340 6398
3 6340 6341 6398
3 6398 6341 6399
3 6341 6342 6399
3 6399 6342 6400
3 6342 6343 6400
3 6400 6343 6401
3 6343 6344 6401
3 6401 6344 6402
3 6344 6345 6402
3 6402 6345 6403
3 6345 6346 6403
3 6403 6346 6404
3 6346 6347 6404
3 6404 6347 6405
3 6347 6348 6405
3 6405 6348 6406
3 6348 6349 6406
3 6406 6349 6407
3 6349 6350 6407
3 6407 6350 6408
3 6350 6351 6408
3 6408 6351 6409
3 6351 6352 6409
3 6409 6352 6410
3 6352 6353 6410
3 6410 6353 6411
3 6353 6354 6411
3 6411 6354 6412
3 6354 6355 6412
3 6412 6355 6413
3 6355 6356 6413
3 6413 6356 6414
3 6356 6357 6414
3 6414 6357 6415
3 6357 6358 6415
3 6415 6358 6416
3 6358 6359 6416
3 6416 6359 6417
3 6359 6360 6417
3 6417 6360 6418
3 6360 6419 6418
3 6360 6361 6419
3 6361 6420 6419
3 6361 6362 6420
3 6362 6421 6420
3 6362 6363 6421
3 6363 6364 6421
3 6421 6364 6422
3 6364 6423 6422
3 6364 6365 6423
3 6365 6424 6423
3 6365 6366 6424
3 6366 6425 6424
3 6366 6367 6425
3 6367 6368 6425
3 6425 6368 6426
3 6368 6369 6426
3 6426 6369 6427
3 6369 6370 6427
3 6427 6370 6428
3 6370 6371 6428
3 6428 6371 6429
3 6371 6372 6429
3 6429 6372 6430
3 6372 6431 6430
3 6372 6373 6431
3 6373 6432 6431
3 6373 6374 6432
3 6374 6433 6432
3 6374 6375 6433
3 6375 6376 6433
3 6433 6376 6434
3 6376 6435 6434
3 6376 6377 6435
3 6377 6436 6435
3 6377 6378 6436
3 6378 6379 6436
3 6436 6379 6437
3 6379 6380 6437
3 6437 6380 6438
3 6380 6439 6438
3 6380 6382 6439
3 6382 6440 6439
3 6382 6384 6440
3 6384 6441 6440
3 6384 6386 6441
3 6386 6442 6441
3 6386 6443 6442
3 6443 6444 6442
3 6443 6445 6444
3 6445 6446 6444
3 6444 6446 6447
3 6446 6448 6447
3 6447 6448 6449
3 6449 6450 6451
3 692 6387 629
3 629 6387 6452
3 6387 6388 6452
3 6452 6388 6453
3 6388 6389 6453
3 6453 6389 6454
3 6389 6390 6454
3 6454 6390 6455
3 6390 6391 6455
3 6455 6391 6456
3 6391 6392 6456
3 6456 6392 6457
3 6392 6393 6457
3 6457 6393 6458
3 6393 6394 6458
3 6458 6394 6459
3 6394 6395 6459
3 6459 6395 6460
3 6395 6396 6460
3 6460 6396 6461
3 6396 6397 6461
3 6461 6397 6462
3 6397 6398 6462
3 6462 6398 6463
3 6398 6399 6463
3 6463 6399 6464
3 6399 6400 6464
3 6464 6400 6465
3 6400 6401 6465
3 6465 6401 6466
3 6401 6402 6466
3 6466 6402 6467
3 6402 6403 6467
3 6467 6403 6468
3 6403 6404 6468
3 6468 6404 6469
3 6404 6405 6469
3 6469 6405 6470
3 6405 6406 6470
3 6470 6406 6471
3 6406 6407 6471
3 6471 6407 6472
3 6407 6408 6472
3 6472 6408 6473
3 6408 6409 6473
3 6473 6409 6474
3 6409 6410 6474
3 6474 6410 6475
3 6410 6411 6475
3 6475 6411 6476
3 6411 6412 6476
3 6476 6412 6477
3 6412 6413 6477
3 6477 6413 6478
3 6413 6414 6478
3 6478 6414 6479
3 6414 6415 6479
3 6479 6415 6480
3 6415 6416 6480
3 6480 6416 6481
3 6416 6417 6481
3 6481 6417 6482
3 6417 6418 6482
3 6482 6418 6483
3 6418 6419 6483
3 6483 6419 6484
3 6419 6420 6484
3 6484 6420 6485
3 6420 6421 6485
3 6485 6421 6486
3 6421 6422 6486
3 6486 6422 6487
3 6422 6423 6487
3 6487 6423 6488
3 6423 6424 6488
3 6488 6424 6489
3 6424 6425 6489
3 6489 6425 6490
3 6425 6426 6490
3 6490 6426 6491
3 6426 6427 6491
3 6491 6427 6492
3 6427 6428 6492
3 6492 6428 6493
3 6428 6429 6493
3 6493 6429 6494
3 6429 6430 6494
3 6494 6430 6495
3 6430 6431 6495
3 6495 6431 6496
3 6431 6432 6496
3 6496 6432 6497
3 6432 6433 6497
3 6497 6433 6498
3 6433 6434 6498
3 6498 6434 6499
3 6434 6435 6499
3 6499 6435 6500
3 6435 6436 6500
3 6500 6436 6501
3 6436 6437 6501
3 6501 6437 6502
3 6437 6438 6502
3 6502 6438 6503
3 6438 6439 6503
3 6503 6439 6504
3 6439 6440 6504
3 6504 6440 6505
3 6440 6441 6505
3 6505 6441 6506
3 6441 6442 6506
3 6506 6442 6507
3 6442 6444 6507
3 6507 6444 6508
3 6444 6447 6508
3 6508 6447 6509
3 6447 6449 6509
3 6509 6449 6510
3 6449 6451 6510
3 6510 6451 6511
3 6451 6512 6511
3 6511 6512 6513
3 6512 6514 6513
3 6513 6514 6515
3 6515 6516 6517
3 629 6452 551
3 551 6452 6518
3 6452 6453 6518
3 6518 6453 6519
3 6453 6454 6519
3 6519 6454 6520
3 6454 6455 6520
3 6520 6455 6521
3 6455 6456 6521
3 6521 6456 6522
3 6456 6457 6522
3 6522 6457 6523
3 6457 6458 6523
3 6523 6458 6524
3 6458 6459 6524
3 6524 6459 6525
3 6459 6460 6525
3 6525 6460 6526
3 6460 6461 6526
3 6526 6461 6527
3 6461 6462 6527
3 6527 6462 6528
3 6462 6463 6528
3 6528 6463 6529
3 6463 6464 6529
3 6529 6464 6530
3 6464 6465 6530
3 6530 6465 6531
3 6465 6466 6531
3 6531 6466 6532
3 6466 6467 6532
3 6532 6467 6533
3 6467 6468 6533
3 6533 6468 6534
3 6468 6469 6534
3 6534 6469 6535
3 6469 6470 6535
3 6535 6470 6536
3 6470 6471 6536
3 6536 6471 6537
3 6471 6472 6537
3 6537 6472 6538
3 6472 6473 6538
3 6538 6473 6539
3 6473 6474 6539
3 6539 6474 6540
3 6474 6475 6540
3 6540 6475 6541
3 6475 6476 6541
3 6541 6476 6542
3 6476 6477 6542
3 6542 6477 6543
3 6477 6478 6543
3 6543 6478 6544
3 6478 6479 6544
3 6544 6479 6545
3 6479 6480 6545
3 6545 6480 6546
3 6480 6481 6546
3 6546 6481 6547
3 6481 6482 6547
3 6547 6482 6548
3 6482 6483 6548
3 6548 6483 6549
3 6483 6484 6549
3 6549 6484 6550
3 6484 6485 6550
3 6550 6485 6551
3 6485 6486 6551
3 6551 6486 6552
3 6486 6487 6552
3 6552 6487 6553
3 6487 6488 6553
3 6553 6488 6554
3 6488 6489 6554
3 6554 6489 6555
3 6489 6490 6555
3 6555 6490 6556
3 6490 6491 6556
3 6556 6491 6557
3 6491 6492 6557
3 6557 6492 6558
3 6492 6493 6558
3 6558 6493 6559
3 6493 6494 6559
3 6559 6494 6560
3 6494 6495 6560
3 6560 6495 6561
3 6495 6496 6561
3 6561 6496 6562
3 6496 6497 6562
3 6562 6497 6563
3 6497 6498 6563
3 6563 6498 6564
3 6498 6499 6564
3 6564 6499 6565
3 6499 6500 6565
3 6565 6500 6566
3 6500 6501 6566
3 6566 6501 6567
3 6501 6502 6567
3 6567 6502 6568
3 6502 6503 6568
3 6568 6503 6569
3 6503 6504 6569
3 6569 6504 6570
3 6504 6505 6570
3 6570 6505 6571
3 6505 6506 6571
3 6571 6506 6572
3 6506 6507 6572
3 6572 6507 6573
3 6507 6508 6573
3 6573 6508 6574
3 6508 6509 6574
3 6574 6509 6575
3 6509 6510 6575
3 6575 6510 6576
3 6510 6511 6576
3 6576 6511 6577
3 6511 6513 6577
3 6577 6513 6578
3 6513 6515 6578
3 6578 6515 6579
3 6515 6517 6579
3 6579 6517 6580
3 6517 6581 6580
3 6580 6581 6582
3 6581 6583 6582
3 6582 6583 6584
3 6583 6585 6584
3 6584 6585 6586
3 551 6518 471
3 471 6518 6587
3 6518 6519 6587
3 6587 6519 6588
3 6519 6520 6588
3 6588 6520 6589
3 6520 6521 6589
3 6589 6521 6590
3 6521 6522 6590
3 6590 6522 6591
3 6522 6523 6591
3 6591 6523 6592
3 6523 6524 6592
3 6592 6524 6593
3 6524 6525 6593
3 6593 6525 6594
3 6525 6526 6594
3 6594 6526 6595
3 6526 6527 6595
3 6595 6527 6596
3 6527 6528 6596
3 6596 6528 6597
3 6528 6529 6597
3 6597 6529 6598
3 6529 6530 6598
3 6598 6530 6599
3 6530 6531 6599
3 6599 6531 6600
3 6531 6532 6600
3 6600 6532 6601
3 6532 6533 6601
3 6601 6533 6602
3 6533 6534 6602
3 6602 6534 6603
3 6534 6535 6603
3 6603 6535 6604
3 6535 6536 6604
3 6604 6536 6605
3 6536 6537 6605
3 6605 6537 6606
3 6537 6538 6606
3 6606 6538 6607
3 6538 6539 6607
3 6607 6539 6608
3 6539 6540 6608
3 6608 6540 6609
3 6540 6541 6609
3 6609 6541 6610
3 6541 6542 6610
3 6610 6542 6611
3 6542 6543 6611
3 6611 6543 6612
3 6543 6544 6612
3 6612 6544 6613
3 6544 6545 6613
3 6613 6545 6614
3 6545 6546 6614
3 6614 6546 6615
3 6546 6547 6615
3 6615 6547 6616
3 6547 6548 6616
3 6616 6548 6617
3 6548 6549 6617
3 6617 6549 6618
3 6549 6550 6618
3 6618 6550 6619
3 6550 6551 6619
3 6619 6551 6620
3 6551 6552 6620
3 6620 6552 6621
3 6552 6553 6621
3 6621 6553 6622
3 6553 6554 6622
3 6622 6554 6623
3 6554 6555 6623
3 6623 6555 6624
3 6555 6556 6624
3 6624 6556 6625
3 6556 6557 6625
3 6625 6557 6626
3 6557 6558 6626
3 6626 6558 6627
3 6558 6559 6627
3 6627 6559 6628
3 6559 6560 6628
3 6628 6560 6629
3 6560 6561 6629
3 6629 6561 6630
3 6561 6562 6630
3 6630 6562 6631
3 6562 6563 6631
3 6631 6563 6632
3 6563 6564 6632
3 6632 6564 6633
3 6564 6565 6633
3 6633 6565 6634
3 6565 6566 6634
3 6634 6566 6635
3 6566 6567 6635
3 6635 6567 6636
3 6567 6568 6636
3 6636 6568 6637
3 6568 6569 6637
3 6637 6569 6638
3 6569 6570 6638
3 6638 6570 6639
3 6570 6571 6639
3 6639 6571 6640
3 6571 6572 6640
3 6640 6572 6641
3 6572 6573 6641
3 6641 6573 6642
3 6573 6574 6642
3 6642 6574 6643
3 6574 6575 6643
3 6643 6575 6644
3 6575 6576 6644
3 6644 6576 6645
3 6576 6577 6645
3 6645 6577 6646
3 6577 6578 6646
3 6646 6578 6647
3 6578 6579 6647
3 6647 6579 6648
3 6579 6580 6648
3 6648 6580 6649
3 6580 6582 6649
3 6649 6582 6650
3 6582 6584 6650
3 6650 6584 6651
3 6584 6586 6651
3 6651 6586 6652
3 6586 6653 6652
3 6652 6653 6654
3 6653 6655 6654
3 6654 6655 6656
3 6655 6657 6656
3 6656 6657 6658
3 471 6587 391
3 391 6587 6659
3 6587 6588 6659
3 6659 6588 6660
3 6588 6589 6660
3 6660 6589 6661
3 6589 6590 6661
3 6661 6590 6662
3 6590 6591 6662
3 6662 6591 6663
3 6591 6592 6663
3 6663 6592 6664
3 6592 6593 6664
3 6664 6593 6665
3 6593 6594 6665
3 6665 6594 6666
3 6594 6595 6666
3 6666 6595 6667
3 6595 6596 6667
3 6667 6596 6668
3 6596 6597 6668
3 6668 6597 6669
3 6597 6598 6669
3 6669 6598 6670
3 6598 6599 6670
3 6670 6599 6671
3 6599 6600 6671
3 6671 6600 6672
3 6600 6601 6672
3 6672 6601 6673
3 6601 6602 6673
3 6673 6602 6674
3 6602 6603 6674
3 6674 6603 6675
3 6603 6604 6675
3 6675 6604 6676
3 6604 6605 6676
3 6676 6605 6677
3 6605 6606 6677
3 6677 6606 6678
3 6606 6607 6678
3 6678 6607 6679
3 6607 6608 6679
3 6679 6608 6680
3 6608 6609 6680
3 6680 6609 6681
3 6609 6610 6681
3 6681 6610 6682
3 6610 6611 6682
3 6682 6611 6683
3 6611 6612 6683
3 6683 6612 6684
3 6612 6613 6684
3 6684 6613 6685
3 6613 6614 6685
3 6685 6614 6686
3 6614 6615 6686
3 6686 6615 6687
3 6615 6616 6687
3 6687 6616 6688
3 6616 6617 6688
3 6688 6617 6689
3 6617 6618 6689
3 6689 6618 6690
3 6618 6619 6690
3 6690 6619 6691
3 6619 6620 6691
3 6691 6620 6692
3 6620 6621 6692
3 6692 6621 6693
3 6621 6622 6693
3 6693 6622 6694
3 6622 6623 6694
3 6694 6623 6695
3 6623 6624 6695
3 6695 6624 6696
3 6624 6625 6696
3 6696 6625 6697
3 6625 6626 6697
3 6697 6626 6698
3 6626 6627 6698
3 6698 6627 6699
3 6627 6628 6699
3 6699 6628 6700
3 6628 6629 6700
3 6700 6629 6701
3 6629 6630 6701
3 6701 6630 6702
3 6630 6631 6702
3 6702 6631 6703
3 6631 6632 6703
3 6703 6632 6704
3 6632 6633 6704
3 6704 6633 6705
3 6633 6634 6705
3 6705 6634 6706
3 6634 6635 6706
3 6706 6635 6707
3 6635 6636 6707
3 6707 6636 6708
3 6636 6637 6708
3 6708 6637 6709
3 6637 6638 6709
3 6709 6638 6710
3 6638 6639 6710
3 6710 6639 6711
3 6639 6712 6711
3 6639 6640 6712
3 6640 6641 6712
3 6712 6641 6713
3 6641 6642 6713
3 6713 6642 6714
3 6642 6643 6714
3 6714 6643 6715
3 6643 6644 6715
3 6715 6644 6716
3 6644 6645 6716
3 6716 6645 6717
3 6645 6646 6717
3 6717 6646 6718
3 6646 6647 6718
3 6718 6647 6719
3 6647 6648 6719
3 6719 6648 6720
3 6648 6649 6720
3 6720 6649 6721
3 6649 6650 6721
3 6721 6650 6722
3 6650 6651 6722
3 6722 6651 6723
3 6651 6652 6723
3 6723 6652 6724
3 6652 6654 6724
3 6724 6654 6725
3 6654 6656 6725
3 6725 6656 6726
3 6656 6658 6726
3 6726 6658 6727
3 391 6659 312
3 312 6659 6728
3 6659 6660 6728
3 6728 6660 6729
3 6660 6661 6729
3 6729 6661 6730
3 6661 6662 6730
3 6730 6662 6731
3 6662 6663 6731
3 6731 6663 6732
3 6663 6664 6732
3 6732 6664 6733
3 6664 6665 6733
3 6733 6665 6734
3 6665 6666 6734
3 6734 6666 6735
3 6666 6667 6735
3 6735 6667 6736
3 6667 6668 6736
3 6736 6668 6737
3 6668 6669 6737
3 6737 6669 6738
3 6669 6670 6738
3 6738 6670 6739
3 6670 6671 6739
3 6739 6671 6740
3 6671 6672 6740
3 6740 6672 6741
3 6672 6673 6741
3 6741 6673 6742
3 6673 6674 6742
3 6742 6674 6743
3 6674 6675 6743
3 6743 6675 6744
3 6675 6676 6744
3 6744 6676 6745
3 6676 6677 6745
3 6745 6677 6746
3 6677 6678 6746
3 6746 6678 6747
3 6678 6679 6747
3 6747 6679 6748
3 6679 6680 6748
3 6748 6680 6749
3 6680 6681 6749
3 6749 6681 6750
3 6681 6682 6750
3 6750 6682 6751
3 6682 6683 6751
3 6751 6683 6752
3 6683 6684 6752
3 6752 6684 6753
3 6684 6685 6753
3 6753 6685 6754
3 6685 6686 6754
3 6754 6686 6755
3 6686 6687 6755
3 6755 6687 6756
3 6687 6688 6756
3 6756 6688 6757
3 6688 6689 6757
3 6757 6689 6758
3 6689 6690 6758
3 6758 6690 6759
3 6690 6691 6759
3 6759 6691 6760
3 6691 6692 6760
3 6760 6692 6761
3 6692 6693 6761
3 6761 6693 6762
3 6693 6694 6762
3 6762 6694 6763
3 6694 6695 6763
3 6763 6695 6764
3 6695 6696 6764
3 6764 6696 6765
3 6696 6697 6765
3 6765 6697 6766
3 6697 6698 6766
3 6766 6698 6767
3 6698 6699 6767
3 6767 6699 6768
3 6699 6700 6768
3 6768 6700 6769
3 6700 6701 6769
3 6769 6701 6770
3 6701 6702 6770
3 6770 6702 6771
3 6702 6703 6771
3 6771 6703 6772
3 6703 6704 6772
3 6772 6704 6773
3 6704 6705 6773
3 6773 6705 6774
3 6705 6706 6774
3 6774 6706 6775
3 6706 6707 6775
3 6775 6707 6776
3 6707 6708 6776
3 6776 6708 6777
3 6708 6709 6777
3 6777 6709 6778
3 6709 6710 6778
3 6778 6710 6779
3 6710 6711 6779
3 6779 6711 6780
3 6711 6712 6780
3 6780 6712 6781
3 6712 6713 6781
3 6781 6713 6782
3 6713 6714 6782
3 6782 6714 6783
3 6714 6715 6783
3 6783 6715 6784
3 6715 6716 6784
3 6784 6716 6785
3 6716 6717 6785
3 6785 6717 6786
3 6717 6718 6786
3 6786 6718 6787
3 6718 6719 6787
3 6787 6719 6788
3 6719 6720 6788
3 6788 6720 6789
3 6720 6721 6789
3 6789 6721 6790
3 6721 6722 6790
3 6790 6722 6791
3 6722 6723 6791
3 6791 6723 6792
3 6723 6724 6792
3 6792 6724 6793
3 6724 6725 6793
3 6793 6725 6794
3 6725 6726 6794
3 6794 6726 6795
3 6726 6727 6795
3 6795 6727 6796
3 312 6728 234
3 234 6728 6797
3 6728 6729 6797
3 6797 6729 6798
3 6729 6730 6798
3 6798 6730 6799
3 6730 6731 6799
3 6799 6731 6800
3 6731 6732 6800
3 6800 6732 6801
3 6732 6733 6801
3 6801 6733 6802
3 6733 6734 6802
3 6802 6734 6803
3 6734 6735 6803
3 6803 6735 6804
3 6735 6736 6804
3 6804 6736 6805
3 6736 6737 6805
3 6805 6737 6806
3 6737 6738 6806
3 6806 6738 6807
3 6738 6739 6807
3 6807 6739 6808
3 6739 6740 6808
3 6808 6740 6809
3 6740 6741 6809
3 6809 6741 6810
3 6741 6742 6810
3 6810 6742 6811
3 6742 6743 6811
3 6811 6743 6812
3 6743 6744 6812
3 6812 6744 6813
3 6744 6745 6813
3 6813 6745 6814
3 6745 6746 6814
3 6814 6746 6815
3 6746 6747 6815
3 6815 6747 6816
3 6747 6748 6816
3 6816 6748 6817
3 6748 6749 6817
3 6817 6749 6818
3 6749 6750 6818
3 6818 6750 6819
3 6750 6751 6819
3 6819 6751 6820
3 6751 6752 6820
3 6820 6752 6821
3 6752 6753 6821
3 6821 6753 6822
3 6753 6754 6822
3 6822 6754 6823
3 6754 6755 6823
3 6823 6755 6824
3 6755 6756 6824
3 6824 6756 6825
3 6756 6757 6825
3 6825 6757 6826
3 6757 6758 6826
3 6826 6758 6827
3 6758 6759 6827
3 6827 6759 6828
3 6759 6760 6828
3 6828 6760 6829
3 6760 6761 6829
3 6829 6761 6830
3 6761 6762 6830
3 6830 6762 6831
3 6762 6763 6831
3 6831 6763 6832
3 6763 6764 6832
3 6832 6764 6833
3 6764 6765 6833
3 6833 6765 6834
3 6765 6766 6834
3 6834 6766 6835
3 6766 6767 6835
3 6835 6767 6836
3 6767 6768 6836
3 6836 6768 6837
3 6768 6769 6837
3 6837 6769 6838
3 6769 6770 6838
3 6838 6770 6839
3 6770 6771 6839
3 6839 6771 6840
3 6771 6772 6840
3 6840 6772 6841
3 6772 6773 6841
3 6841 6773 6842
3 6773 6774 6842
3 6842 6774 6843
3 6774 6775 6843
3 6843 6775 6844
3 6775 6776 6844
3 6844 6776 6845
3 6776 6777 6845
3 6845 6777 6846
3 6777 6778 6846
3 6846 6778 6847
3 6778 6779 6847
3 6847 6779 6848
3 6779 6780 6848
3 6848 6780 6849
3 6780 6781 6849
3 6849 6781 6850
3 6781 6782 6850
3 6850 6782 6851
3 6782 6783 6851
3 6851 6783 6852
3 6783 6784 6852
3 6852 6784 6853
3 6784 6785 6853
3 6853 6785 6854
3 6785 6786 6854
3 6854 6786 6855
3 6786 6787 6855
3 6855 6787 6856
3 6787 6788 6856
3 6856 6788 6857
3 6788 6789 6857
3 6857 6789 6858
3 6789 6790 6858
3 6858 6790 6859
3 6790 6791 6859
3 6859 6791 6860
3 6791 6792 6860
3 6860 6792 6861
3 6792 6793 6861
3 6861 6793 6862
3 6793 6794 6862
3 6862 6794 6863
3 6794 6795 6863
3 6863 6795 6864
3 6795 6796 6864
3 234 6797 155
3 155 6797 6865
3 6797 6798 6865
3 6865 6798 6866
3 6798 6799 6866
3 6866 6799 6867
3 6799 6800 6867
3 6867 6800 6868
3 6800 6801 6868
3 6868 6801 6869
3 6801 6802 6869
3 6869 6802 6870
3 6802 6803 6870
3 6870 6803 6871
3 6803 6804 6871
3 6871 6804 6872
3 6804 6805 6872
3 6872 6805 6873
3 6805 6806 6873
3 6873 6806 6874
3 6806 6807 6874
3 6874 6807 6875
3 6807 6808 6875
3 6875 6808 6876
3 6808 6809 6876
3 6876 6809 6877
3 6809 6810 6877
3 6877 6810 6878
3 6810 6811 6878
3 6878 6811 6879
3 6811 6812 6879
3 6879 6812 6880
3 6812 6813 6880
3 6880 6813 6881
3 6813 6814 6881
3 6881 6814 6882
3 6814 6815 6882
3 6882 6815 6883
3 6815 6816 6883
3 6883 6816 6884
3 6816 6817 6884
3 6884 6817 6885
3 6817 6818 6885
3 6885 6818 6886
3 6818 6819 6886
3 6886 6819 6887
3 6819 6820 6887
3 6887 6820 6888
3 6820 6821 6888
3 6888 6821 6889
3 6821 6822 6889
3 6889 6822 6890
3 6822 6823 6890
3 6890 6823 6891
3 6823 6824 6891
3 6891 6824 6892
3 6824 6825 6892
3 6892 6825 6893
3 6825 6826 6893
3 6893 6826 6894
3 6826 6827 6894
3 6894 6827 6895
3 6827 6828 6895
3 6895 6828 6896
3 6828 6829 6896
3 6896 6829 6897
3 6829 6830 6897
3 6897 6830 6898
3 6830 6831 6898
3 6898 6831 6899
3 6831 6832 6899
3 6899 6832 6900
3 6832 6833 6900
3 6900 6833 6901
3 6833 6834 6901
3 6901 6834 6902
3 6834 6835 6902
3 6902 6835 6903
3 6835 6836 6903
3 6903 6836 6904
3 6836 6837 6904
3 6904 6837 6905
3 6837 6838 6905
3 6905 6838 6906
3 6838 6839 6906
3 6906 6839 6907
3 6839 6840 6907
3 6907 6840 6908
3 6840 6841 6908
3 6908 6841 6909
3 6841 6842 6909
3 6909 6842 6910
3 6842 6843 6910
3 6910 6843 6911
3 6843 6844 6911
3 6911 6844 6912
3 6844 6845 6912
3 6912 6845 6913
3 6845 6846 6913
3 6913 6846 6914
3 6846 6847 6914
3 6914 6847 6915
3 6847 6848 6915
3 6915 6848 6916
3 6848 6849 6916
3 6916 6849 6917
3 6849 6850 6917
3 6917 6850 6918
3 6850 6851 6918
3 6918 6851 6919
3 6851 6852 6919
3 6919 6852 6920
3 6852 6853 6920
3 6920 6853 6921
3 6853 6854 6921
3 6921 6854 6922
3 6854 6855 6922
3 6922 6855 6923
3 6855 6856 6923
3 6923 6856 6924
3 6856 6857 6924
3 6924 6857 6925
3 6857 6858 6925
3 6925 6858 6926
3 6858 6859 6926
3 6926 6859 6927
3 6859 6860 6927
3 6927 6860 6928
3 6860 6861 6928
3 6928 6861 6929
3 6861 6862 6929
3 6929 6862 6930
3 6862 6863 6930
3 6930 6863 6931
3 6863 6864 6931
3 155 6865 2
3 2 6865 6932
3 6865 6866 6932
3 6932 6866 6933
3 6866 6867 6933
3 6933 6867 6934
3 6867 6868 6934
3 6934 6868 6935
3 6868 6869 6935
3 6935 6869 6936
3 6869 6870 6936
3 6936 6870 6937
3 6870 6871 6937
3 6937 6871 6938
3 6871 6872 6938
3 6938 6872 6939
3 6872 6873 6939
3 6939 6873 6940
3 6873 6874 6940
3 6940 6874 6941
3 6874 6875 6941
3 6941 6875 6942
3 6875 6876 6942
3 6942 6876 6943
3 6876 6877 6943
3 6943 6877 6944
3 6877 6878 6944
3 6944 6878 6945
3 6878 6879 6945
3 6945 6879 6946
3 6879 6880 6946
3 6946 6880 6947
3 6880 6881 6947
3 6947 6881 6948
3 6881 6882 6948
3 6948 6882 6949
3 6882 6883 6949
3 6949 6883 6950
3 6883 6884 6950
3 6950 6884 6951
3 6884 6885 6951
3 6951 6885 6952
3 6885 6886 6952
3 6952 6886 6953
3 6886 6887 6953
3 6953 6887 6954
3 6887 6888 6954
3 6954 6888 6955
3 6888 6889 6955
3 6955 6889 6956
3 6889 6890 6956
3 6956 6890 6957
3 6890 6891 6957
3 6957 6891 6958
3 6891 6892 6958
3 6958 6892 6959
3 6892 6893 6959
3 6959 6893 6960
3 6893 6894 6960
3 6960 6894 6961
3 6894 6895 6961
3 6961 6895 6962
3 6895 6896 6962
3 6962 6896 6963
3 6896 6897 6963
3 6963 6897 6964
3 6897 6898 6964
3 6964 6898 6965
3 6898 6899 6965
3 6965 6899 6966
3 6899 6900 6966
3 6966 6900 6967
3 6900 6901 6967
3 6967 6901 6968
3 6901 6902 6968
3 6968 6902 6969
3 6902 6903 6969
3 6969 6903 6970
3 6903 6904 6970
3 6970 6904 6971
3 6904 6905 6971
3 6971 6905 6972
3 6905 6906 6972
3 6972 6906 6973
3 6906 6907 6973
3 6973 6907 6974
3 6907 6908 6974
3 6974 6908 6975
3 6908 6909 6975
3 6975 6909 6976
3 6909 6910 6976
3 6976 6910 6977
3 6910 6911 6977
3 6977 6911 6978
3 6911 6912 6978
3 6978 6912 6979
3 6912 6913 6979
3 6979 6913 6980
3 6913 6914 6980
3 6980 6914 6981
3 6914 6915 6981
3 6981 6915 6982
3 6915 6916 6982
3 6982 6916 6983
3 6916 6917 6983
3 6983 6917 6984
3 6917 6918 6984
3 6984 6918 6985
3 6918 6919 6985
3 6985 6919 6986
3 6919 6920 6986
3 6986 6920 6987
3 6920 6921 6987
3 6987 6921 6988
3 6921 6922 6988
3 6988 6922 6989
3 6922 6923 6989
3 6989 6923 6990
3 6923 6924 6990
3 6990 6924 6991
3 6924 6925 6991
3 6991 6925 6992
3 6925 6926 6992
3 6992 6926 6993
3 6926 6927 6993
3 6993 6927 6994
3 6927 6928 6994
3 6994 6928 6995
3 6928 6929 6995
3 6995 6929 6996
3 6929 6930 6996
3 6996 6930 6997
3 6930 6931 6997
3 6997 6931 6998
3 2 6932 0
3 0 6932 1262
3 6932 6933 1262
3 1262 6933 1264
3 6933 6934 1264
3 1264 6934 1266
3 6934 6935 1266
3 1266 6935 1268
3 6935 6936 1268
3 1268 6936 1270
3 6936 6937 1270
3 1270 6937 1272
3 6937 6938 1272
3 1272 6938 1274
3 6938 6939 1274
3 1274 6939 1276
3 6939 6940 1276
3 1276 6940 1278
3 6940 6941 1278
3 1278 6941 1280
3 6941 6942 1280
3 1280 6942 1282
3 6942 6943 1282
3 1282 6943 1284
3 6943 6944 1284
3 1284 6944 1286
3 6944 6945 1286
3 1286 6945 1288
3 6945 6946 1288
3 1288 6946 1290
3 6946 6947 1290
3 1290 6947 1292
3 6947 6948 1292
3 1292 6948 1294
3 6948 6949 1294
3 1294 6949 1296
3 6949 6950 1296
3 1296 6950 1298
3 6950 6951 1298
3 1298 6951 1300
3 6951 6952 1300
3 1300 6952 1302
3 6952 6953 1302
3 1302 6953 1304
3 6953 6954 1304
3 1304 6954 1306
3 6954 6955 1306
3 1306 6955 1308
3 6955 6956 1308
3 1308 6956 1310
3 6956 6957 1310
3 1310 6957 1312
3 6957 6958 1312
3 1312 6958 1314
3 6958 6959 1314
3 1314 6959 1316
3 6959 6960 1316
3 1316 6960 1318
3 6960 6961 1318
3 1318 6961 1320
3 6961 6962 1320
3 1320 6962 1322
3 6962 6963 1322
3 1322 6963 1324
3 6963 6964 1324
3 1324 6964 1326
3 6964 6965 1326
3 1326 6965 1328
3 6965 6966 1328
3 1328 6966 1330
3 6966 6967 1330
3 1330 6967 1332
3 6967 6968 1332
3 1332 6968 1334
3 6968 6969 1334
3 1334 6969 1336
3 6969 6970 1336
3 1336 6970 1338
3 6970 6971 1338
3 1338 6971 1340
3 6971 6972 1340
3 1340 6972 1342
3 6972 6973 1342
3 1342 6973 1344
3 6973 6974 1344
3 1344 6974 1346
3 6974 6975 1346
3 1346 6975 1348
3 6975 6976 1348
3 1348 6976 1350
3 6976 6977 1350
3 1350 6977 1352
3 6977 1354 1352
3 6977 6978 1354
3 6978 1356 1354
3 6978 6979 1356
3 6979 1358 1356
3 6979 6980 1358
3 6980 1360 1358
3 6980 6981 1360
3 6981 1362 1360
3 6981 6982 1362
3 6982 1364 1362
3 6982 6983 1364
3 6983 1366 1364
3 6983 6984 1366
3 6984 1368 1366
3 6984 6985 1368
3 6985 1370 1368
3 6985 6986 1370
3 6986 1372 1370
3 6986 6987 1372
3 6987 1374 1372
3 6987 6988 1374
3 6988 1376 1374
3 6988 6989 1376
3 6989 1378 1376
3 6989 6990 1378
3 6990 6991 1378
3 1378 6991 1380
3 6991 6992 1380
3 1380 6992 1382
3 6992 6993 1382
3 1382 6993 1384
3 6993 6994 1384
3 1384 6994 1386
3 6994 6995 1386
3 1386 6995 1387
3 6995 6996 1387
3 1387 6996 1390
3 6996 6997 1390
3 1390 6997 1391
3 6997 6998 1391
CELL_DATA 13609
SCALARS brightness_temperature float
LOOKUP_TABLE default
POINT_DATA 6999
CELL_DATA 13609
SCALARS emission_angle float
LOOKUP_TABLE default
POINT_DATA 6999
CELL_DATA 13609
SCALARS incidence_angle float
LOOKUP_TABLE default
POINT_DATA 6999
CELL_DATA 13609
SCALARS phase_angle float
LOOKUP_TABLE default
POINT_DATA 6999
CELL_DATA 13609
SCALARS local_solar_time float
LOOKUP_TABLE default
POINT_DATA 6999
CELL_DATA 13609
SCALARS local_solar_time_normal_vector float
LOOKUP_TABLE default
CELL_DATA 13609
SCALARS pixel_x float
LOOKUP_TABLE default
POINT_DATA 6999
CELL_DATA 13609
SCALARS pixel_y float
LOOKUP_TABLE default
POINT_DATA 6999
CELL_DATA 13609
SCALARS longitude float
LOOKUP_TABLE default
POINT_DATA 6999
CELL_DATA 13609
SCALARS latitude float
LOOKUP_TABLE default
